chr5	181892717	181897344	ENSG00000237094[6,7,2]	0	+	181897344	181897344	0	2	243,233,	0,4394,	chr5	181892418	181895209	retro_human_9324|AC138035.3-1|processed_pseudogene	0	-	CICP15	2492
chr1	146488	151124	ENSG00000230021[8,12,3]	0	-	146488	146488	0	2	227,257,	0,4379,	chr1	138270	151217	CICP18-202|transcribed_processed_pseudogene	0	-	SEPTIN14P14,LOC127239154,CICP3	4636
chr1	208423	208637	ENSG00000285268[1,1,1]	0	+	208423	208423	0	1	214,	0,	chr1	208473	208587	AL669831.6-201|transcribed_processed_pseudogene	0	+	LINC01409	114
chr1	389323	394480	ENSG00000187961[1,6,1]	0	+	389483	393903	255	12	267,260,122,222,186,214,145,168,89,74,182,803,	0,759,1095,1292,1752,2170,2575,2803,3386,3573,3815,4354,	chr1	393097	393858	retro_human_6823	0	+	KLHL17	761
chr1	389323	394480	ENSG00000187961[1,8,1]	0	+	393165	393903	255	2	3997,803,	0,4354,	chr1	393097	393858	retro_human_6823	0	+	KLHL17	761
chr1	389323	394480	ENSG00000187961[1,1,1]	0	+	389483	393903	0	12	267,260,122,222,117,214,145,168,89,74,182,803,	0,759,1095,1292,1821,2170,2575,2803,3386,3573,3815,4354,	chr1	393097	393858	retro_human_6823	0	+	KLHL17	761
chr1	425828	430377	ENSG00000188290[1,4,2]	0	-	429216	429726	0	2	3759,697,	0,3852,	chr1	429427	430128	retro_human_4464	0	-	HES4	701
chr1	425828	430377	ENSG00000188290[1,1,2]	0	-	429216	430128	0	4	3759,88,96,357,	0,3852,4018,4192,	chr1	429427	430128	retro_human_4464	0	-	HES4	701
chr1	429066	430377	ENSG00000188290[1,5,1]	0	-	429216	429726	255	3	521,262,357,	0,614,954,	chr1	429427	430128	retro_human_4464	0	-	HES4	701
chr1	429066	430377	ENSG00000188290[1,6,1]	0	-	429518	430128	255	4	521,81,96,357,	0,621,780,954,	chr1	429427	430128	retro_human_4464	0	-	HES4	701
chr1	429066	430377	ENSG00000188290[1,3,1]	0	-	429216	430128	0	3	521,88,357,	0,614,954,	chr1	429427	430128	retro_human_4464	0	-	HES4	701
chr1	429066	430377	ENSG00000188290[1,4,1]	0	-	429216	429726	0	2	521,697,	0,614,	chr1	429427	430128	retro_human_4464	0	-	HES4	701
chr1	429066	430377	ENSG00000188290[1,2,1]	0	-	429216	430128	0	3	521,88,531,	0,614,780,	chr1	429427	430128	retro_human_4464	0	-	HES4	701
chr1	429066	430377	ENSG00000188290[1,1,1]	0	-	429216	430128	0	4	521,88,96,357,	0,614,780,954,	chr1	429427	430128	retro_human_4464	0	-	HES4	701
chr1	1106379	1107901	ENSG00000269737[1,1,1]	0	+	1106379	1106379	0	1	1522,	0,	chr1	1106429	1107851	AL691432.1-201|transcribed_processed_pseudogene	0	+	LOC100288379	1422
chr1	1106379	1107901	ENSG00000269737[1,1,1]	0	+	1106379	1106379	0	1	1522,	0,	chr1	1107714	1108837	retro_human_6554|AL691432.1-202|transcribed_processed_pseudogene	0	+	LOC100288379	187
chr1	1106548	1108482	ENSG00000269737[3,1,3]	0	+	1106548	1106548	0	1	1934,	0,	chr1	1106429	1107851	AL691432.1-201|transcribed_processed_pseudogene	0	+	LOC100288379	1303
chr1	1106548	1108482	ENSG00000269737[3,1,3]	0	+	1106548	1106548	0	1	1934,	0,	chr1	1107714	1108837	retro_human_6554|AL691432.1-202|transcribed_processed_pseudogene	0	+	LOC100288379	768
chr1	1159155	1180410	ENSG00000215790[2,3,1]	0	-	1159784	1173931	0	7	635,146,128,136,469,418,319,	0,9911,13539,14140,14454,19463,20936,	chr1	1166926	1170356	AL031282.1-203|transcribed_processed_pseudogene	0	+	LOC100129381,SLC35E2A	3430
chr1	1159155	1180410	ENSG00000215790[2,3,1]	0	-	1159784	1173931	0	7	635,146,128,136,469,418,319,	0,9911,13539,14140,14454,19463,20936,	chr1	1158879	1170354	AL031282.1-201|transcribed_processed_pseudogene	0	+	LOC100129381,SLC35E2A	11199
chr1	1159155	1180410	ENSG00000215790[2,3,1]	0	-	1159784	1173931	0	7	635,146,128,136,469,418,319,	0,9911,13539,14140,14454,19463,20936,	chr1	1158982	1166277	AL031282.1-202|transcribed_processed_pseudogene	0	+	SLC35E2A	7122
chr1	1161702	1180410	ENSG00000215790[2,5,5]	0	-	1164020	1173931	255	6	2345,146,128,136,469,319,	0,7364,10992,11593,11907,18389,	chr1	1166926	1170356	AL031282.1-203|transcribed_processed_pseudogene	0	+	LOC100129381,SLC35E2A	3430
chr1	1161702	1180410	ENSG00000215790[2,5,5]	0	-	1164020	1173931	255	6	2345,146,128,136,469,319,	0,7364,10992,11593,11907,18389,	chr1	1158879	1170354	AL031282.1-201|transcribed_processed_pseudogene	0	+	LOC100129381,SLC35E2A	8652
chr1	1161702	1180410	ENSG00000215790[2,5,5]	0	-	1164020	1173931	255	6	2345,146,128,136,469,319,	0,7364,10992,11593,11907,18389,	chr1	1158982	1166277	AL031282.1-202|transcribed_processed_pseudogene	0	+	SLC35E2A	4575
chr1	1161702	1180410	ENSG00000215790[2,6,5]	0	-	1164020	1173931	255	7	2345,146,128,136,469,418,319,	0,7364,10992,11593,11907,16916,18389,	chr1	1166926	1170356	AL031282.1-203|transcribed_processed_pseudogene	0	+	LOC100129381,SLC35E2A	3430
chr1	1161702	1180410	ENSG00000215790[2,6,5]	0	-	1164020	1173931	255	7	2345,146,128,136,469,418,319,	0,7364,10992,11593,11907,16916,18389,	chr1	1158879	1170354	AL031282.1-201|transcribed_processed_pseudogene	0	+	LOC100129381,SLC35E2A	8652
chr1	1161702	1180410	ENSG00000215790[2,6,5]	0	-	1164020	1173931	255	7	2345,146,128,136,469,418,319,	0,7364,10992,11593,11907,16916,18389,	chr1	1158982	1166277	AL031282.1-202|transcribed_processed_pseudogene	0	+	SLC35E2A	4575
chr1	1161702	1180410	ENSG00000215790[2,2,5]	0	-	1166830	1173931	0	6	5194,146,128,136,469,319,	0,7364,10992,11593,11907,18389,	chr1	1166926	1170356	AL031282.1-203|transcribed_processed_pseudogene	0	+	LOC100129381,SLC35E2A	3430
chr1	1161702	1180410	ENSG00000215790[2,2,5]	0	-	1166830	1173931	0	6	5194,146,128,136,469,319,	0,7364,10992,11593,11907,18389,	chr1	1158879	1170354	AL031282.1-201|transcribed_processed_pseudogene	0	+	LOC100129381,SLC35E2A	8652
chr1	1161702	1180410	ENSG00000215790[2,2,5]	0	-	1166830	1173931	0	6	5194,146,128,136,469,319,	0,7364,10992,11593,11907,18389,	chr1	1158982	1166277	AL031282.1-202|transcribed_processed_pseudogene	0	+	SLC35E2A	4575
chr1	1166150	1170051	ENSG00000215790[3,4,4]	0	-	1166830	1169591	0	3	746,146,467,	0,2916,3434,	chr1	1166926	1170356	AL031282.1-203|transcribed_processed_pseudogene	0	+	LOC100129381,SLC35E2A	3125
chr1	1166150	1170051	ENSG00000215790[3,4,4]	0	-	1166830	1169591	0	3	746,146,467,	0,2916,3434,	chr1	1158879	1170354	AL031282.1-201|transcribed_processed_pseudogene	0	+	LOC100129381,SLC35E2A	3901
chr1	1789620	1790392	ENSG00000269896[3,1,1]	0	-	1790162	1790348	0	1	772,	0,	chr1	1789670	1792078	AL513477.1-201|transcribed_processed_pseudogene	0	-	LOC100129534	722
chr1	1789620	1792128	ENSG00000269896[2,1,1]	0	-	1790613	1791237	0	1	2508,	0,	chr1	1789670	1792078	AL513477.1-201|transcribed_processed_pseudogene	0	-	LOC100129534	2408
chr1	1790062	1790392	ENSG00000269896[3,1,3]	0	-	1790162	1790348	0	1	330,	0,	chr1	1789670	1792078	AL513477.1-201|transcribed_processed_pseudogene	0	-	LOC100129534	330
chr1	1790851	1791165	ENSG00000269896[1,1,2]	0	-	1790851	1790851	0	1	314,	0,	chr1	1789670	1792078	AL513477.1-201|transcribed_processed_pseudogene	0	-	LOC100129534	314
chr1	1790851	1791165	ENSG00000269896[1,1,2]	0	-	1790851	1790851	0	1	314,	0,	chr1	1790901	1791115	AL513477.1-202|transcribed_processed_pseudogene	0	-	LOC100129534	214
chr1	2028636	2030440	ENSG00000157870[3,12,3]	0	+	2030084	2030414	0	3	304,52,406,	0,749,1398,	chr1	2028748	2028972	retro_human_6557	0	+	PRXL2B	224
chr1	6361957	6362343	ENSG00000227950[1,1,1]	0	-	6361957	6361957	0	1	386,	0,	chr1	6362007	6362293	retro_human_10364|AL590128.1-201|processed_pseudogene	0	-	RPL37P9,LOC124903832	286
chr1	9112715	9113374	ENSG00000231181[1,1,1]	0	+	9112765	9113167	0	1	659,	0,	chr1	9112765	9113324	retro_human_7186|AL954705.1-201|processed_pseudogene	0	+	RPL9P11	559
chr1	9597448	9597885	ENSG00000224340[1,1,1]	0	-	9597448	9597448	0	1	437,	0,	chr1	9597498	9597835	AL590639.1-201|processed_pseudogene	0	-	RPL21P21	337
chr1	12722218	12726458	ENSG00000182330[2,3,1]	0	-	12722607	12725325	0	4	948,576,312,128,	0,1862,2820,4112,	chr1	12722650	12723258	retro_human_5702	0	-	PRAMEF8	608
chr1	16698915	16700204	ENSG00000238142[1,6,3]	0	-	16698915	16698915	0	2	298,228,	0,1061,	chr1	16699523	16700031	BX284668.4-201|processed_pseudogene	0	+	LOC105376805,LOC107985101	508
chr1	16698915	16700204	ENSG00000238142[1,4,3]	0	-	16698915	16698915	0	2	298,560,	0,729,	chr1	16699523	16700031	BX284668.4-201|processed_pseudogene	0	+	LOC105376805,LOC107985101	508
chr1	16698915	16700204	ENSG00000238142[1,7,3]	0	-	16698915	16698915	0	2	295,228,	0,1061,	chr1	16699523	16700031	BX284668.4-201|processed_pseudogene	0	+	LOC105376805,LOC107985101	508
chr1	19431507	19432062	ENSG00000226396[1,1,1]	0	+	19431795	19431927	0	1	555,	0,	chr1	19431557	19432012	retro_human_8925|AL031727.1-201|processed_pseudogene	0	+	RPS14P3	455
chr1	21731860	21732443	ENSG00000232037[1,1,1]	0	+	21731860	21731860	0	1	583,	0,	chr1	21731910	21732393	retro_human_8920|AL590556.1-201|processed_pseudogene	0	+	RPL21P29	483
chr1	21854269	21854591	ENSG00000285794[1,1,1]	0	+	21854269	21854269	0	1	322,	0,	chr1	21854319	21854541	AL031281.1-201|transcribed_processed_pseudogene	0	+	LINC00339	222
chr1	21892052	21892640	ENSG00000271428[1,1,1]	0	-	21892052	21892052	0	1	588,	0,	chr1	21892102	21892590	retro_human_5044|MPHOSPH6P1-201|processed_pseudogene	0	-	LOC124903873	488
chr1	25234957	25235535	ENSG00000238084[1,1,1]	0	+	25234957	25234957	0	1	578,	0,	chr1	25235007	25235485	retro_human_9504|AL031284.1-201|processed_pseudogene	0	+	SDHDP7	478
chr1	26100466	26100924	ENSG00000270733[1,1,1]	0	-	26100466	26100466	0	1	458,	0,	chr1	26100516	26100874	retro_human_5481|AL355877.1-201|processed_pseudogene	0	-	MRPS6P1	358
chr1	26292625	26293260	ENSG00000223583[1,1,1]	0	-	26292625	26292625	0	1	635,	0,	chr1	26292675	26293210	retro_human_5482|AL513365.1-201|processed_pseudogene	0	-	RPL17P9	535
chr1	27490679	27490971	ENSG00000235912[1,1,1]	0	+	27490679	27490679	0	1	292,	0,	chr1	27490729	27490921	AL031729.1-201|processed_pseudogene	0	+	LOC729973	192
chr1	28434113	28437463	ENSG00000188060[1,2,1]	0	+	28435763	28436078	0	2	250,1806,	0,1544,	chr1	28434497	28436063	retro_human_10757	0	+	RAB42	1566
chr1	28434408	28437463	ENSG00000188060[2,1,1]	0	+	28434475	28436078	0	2	300,1806,	0,1249,	chr1	28434497	28436063	retro_human_10757	0	+	RAB42	1566
chr1	28434408	28436314	ENSG00000188060[2,1,2]	0	+	28434475	28436078	0	2	300,657,	0,1249,	chr1	28434497	28436063	retro_human_10757	0	+	RAB42	1566
chr1	28434608	28437463	ENSG00000188060[3,1,1]	0	+	28435763	28436078	0	2	100,1806,	0,1049,	chr1	28434497	28436063	retro_human_10757	0	+	RAB42	1455
chr1	28824182	28824613	ENSG00000225616[1,1,1]	0	-	28824182	28824182	0	1	431,	0,	chr1	28824232	28824563	retro_human_11001|AL138785.1-201|processed_pseudogene	0	-	RPL27P4	331
chr1	33141899	33143617	ENSG00000160094[3,5,4]	0	+	33143220	33143406	0	2	158,437,	0,1281,	chr1	33143179	33143514	retro_human_82	0	+	ZNF362	335
chr1	35942889	35946952	ENSG00000232862[2,2,1]	0	-	35942889	35942889	0	3	1496,177,101,	0,2210,3962,	chr1	35943193	35944091	retro_human_2325|AL138787.1-202|transcribed_processed_pseudogene	0	-	LOC100128093	898
chr1	35942889	35946952	ENSG00000232862[2,2,1]	0	-	35942889	35942889	0	3	1496,177,101,	0,2210,3962,	chr1	35942939	35946902	AL138787.1-201|transcribed_processed_pseudogene	0	-	LOC100128093	3963
chr1	35943143	35944141	ENSG00000232862[1,1,2]	0	-	35943143	35943143	0	1	998,	0,	chr1	35943193	35944091	retro_human_2325|AL138787.1-202|transcribed_processed_pseudogene	0	-	LOC100128093	898
chr1	35943143	35944141	ENSG00000232862[1,1,2]	0	-	35943143	35943143	0	1	998,	0,	chr1	35942939	35946902	AL138787.1-201|transcribed_processed_pseudogene	0	-	LOC100128093	998
chr1	37420947	37421300	ENSG00000237749[1,1,1]	0	+	37420947	37420947	0	1	353,	0,	chr1	37420997	37421250	retro_human_11097|AL034379.1-201|processed_pseudogene	0	+	RPS27P9	253
chr1	37707820	37708611	ENSG00000235673[1,1,1]	0	+	37707820	37707820	0	1	791,	0,	chr1	37707870	37708561	retro_human_11099|AL929472.4-201|processed_pseudogene	0	+	RPS2P13	691
chr1	38251020	38251704	ENSG00000275350[1,1,1]	0	-	38251020	38251020	0	1	684,	0,	chr1	38251070	38251654	AL513479.1-201|processed_pseudogene	0	-	TUBB6P1	584
chr1	39382962	39385067	ENSG00000237624[2,1,2]	0	+	39383323	39384100	0	1	2105,	0,	chr1	39383324	39384852	retro_human_11094	0	+	OXCT2P1	1528
chr1	39383273	39385067	ENSG00000237624[1,1,2]	0	+	39383323	39384100	0	1	1794,	0,	chr1	39383324	39384852	retro_human_11094	0	+	OXCT2P1	1528
chr1	39383273	39384908	ENSG00000237624[1,1,1]	0	+	39383323	39384100	0	1	1635,	0,	chr1	39383324	39384852	retro_human_11094	0	+	OXCT2P1	1528
chr1	39587399	39588067	ENSG00000225333[1,1,1]	0	+	39587399	39587399	0	1	668,	0,	chr1	39587449	39588017	retro_human_11093|AL035404.1-201|processed_pseudogene	0	+	LOC100128091	568
chr1	39832076	39832901	ENSG00000228477[1,1,1]	0	+	39832173	39832848	0	1	825,	0,	chr1	39832126	39832851	retro_human_11095|AL663070.1-201|processed_pseudogene	0	+	RPS2P12	725
chr1	40132099	40132511	ENSG00000231296[1,1,1]	0	-	40132099	40132099	0	1	412,	0,	chr1	40132149	40132461	AL050341.1-201|processed_pseudogene	0	-	ZMPSTE24	312
chr1	42695985	42715522	ENSG00000164010[2,11,1]	0	+	42700926	42710530	255	11	229,90,348,117,29,33,21,21,27,27,2526,	0,4936,5260,9534,10226,11652,13395,14527,14646,14764,17011,	chr1	42701332	42703616	retro_human_10713	0	+	ERMAP	2284
chr1	42695985	42715522	ENSG00000164010[2,2,1]	0	+	42700926	42713709	0	11	229,90,348,117,33,33,21,21,27,27,2526,	0,4936,5260,9534,10226,11652,13395,14527,14646,14764,17011,	chr1	42701332	42703616	retro_human_10713	0	+	ERMAP	2284
chr1	42700342	42715522	ENSG00000164010[4,9,1]	0	+	42701430	42713709	0	9	1251,117,33,33,21,21,27,27,2526,	0,5177,5869,7295,9038,10170,10289,10407,12654,	chr1	42701332	42703616	retro_human_10713	0	+	ERMAP	2284
chr1	42712324	42716953	ENSG00000228192[1,4,4]	0	-	42712324	42712324	0	5	169,142,47,174,216,	0,930,1559,2667,4413,	chr1	42712912	42713478	retro_human_10712	0	+	ERMAP	566
chr1	42712324	42716953	ENSG00000228192[1,3,4]	0	-	42712324	42712324	0	5	169,142,47,100,216,	0,930,1559,2667,4413,	chr1	42712912	42713478	retro_human_10712	0	+	ERMAP	566
chr1	43974192	43975711	ENSG00000271647[1,1,1]	0	-	43974192	43974192	0	1	1519,	0,	chr1	43974242	43975661	retro_human_6706|KRT8P47-201|processed_pseudogene	0	-	LOC128966738	1419
chr1	43993041	43993501	ENSG00000233514[1,1,1]	0	-	43993041	43993041	0	1	460,	0,	chr1	43993091	43993451	retro_human_6707|AL356653.1-201|processed_pseudogene	0	-	LOC100129492	360
chr1	45523330	45524218	ENSG00000234329[1,1,1]	0	-	45523335	45523695	0	1	888,	0,	chr1	45523380	45524168	retro_human_891|AL604028.2-201|processed_pseudogene	0	-	RPL7AP16	788
chr1	45658410	45659191	ENSG00000236111[1,1,1]	0	+	45658410	45658410	0	1	781,	0,	chr1	45658460	45659141	retro_human_6385|AL603882.1-201|processed_pseudogene	0	+	RPL6P1	681
chr1	46060603	46063232	ENSG00000117472[2,20,1]	0	+	46060892	46062750	255	7	301,207,75,99,156,84,527,	0,807,1210,1401,1576,1841,2102,	chr1	46061417	46061704	retro_human_5046	0	+	TSPAN1	287
chr1	48314631	48315988	ENSG00000235105[1,1,1]	0	+	48314631	48314631	0	1	1357,	0,	chr1	48314681	48315938	retro_human_603|AL356968.2-201|processed_pseudogene	0	+	LOC644462	1257
chr1	48375980	48376554	ENSG00000232514[1,1,1]	0	-	48375980	48375980	0	1	574,	0,	chr1	48376030	48376504	retro_human_6081|AL356968.1-201|processed_pseudogene	0	-	RPL21P25	474
chr1	50660205	50661116	ENSG00000230585[1,1,1]	0	+	50660205	50660205	0	1	911,	0,	chr1	50660255	50661066	retro_human_604|PHBP12-201|processed_pseudogene	0	+	PHB1P12,FAF1	811
chr1	51130458	51131428	ENSG00000233406[1,1,1]	0	-	51130458	51130458	0	1	970,	0,	chr1	51130508	51131378	retro_human_6076|AL162430.1-201|processed_pseudogene	0	-	RPS2P8	870
chr1	51252131	51253186	ENSG00000232027[1,1,1]	0	+	51252131	51252131	0	1	1055,	0,	chr1	51252181	51253136	retro_human_607|AL671986.1-201|processed_pseudogene	0	+	LOC100422413	955
chr1	52801887	52802162	ENSG00000230953[1,1,1]	0	+	52801887	52801887	0	1	275,	0,	chr1	52801937	52802112	retro_human_5992|AC099677.1-201|processed_pseudogene	0	+	LOC112268226	175
chr1	52874670	52875272	ENSG00000236360[1,1,1]	0	-	52874670	52874670	0	1	602,	0,	chr1	52874720	52875222	retro_human_6471|RRAS2P1-201|processed_pseudogene	0	-	RRAS2P1,SCP2	502
chr1	53319222	53321857	ENSG00000236253[4,1,3]	0	-	53319222	53319222	0	1	2635,	0,	chr1	53319272	53321803	retro_human_6472|SLC25A3P1-204|transcribed_processed_pseudogene	0	-	SLC25A3P1	2531
chr1	53319222	53321857	ENSG00000236253[4,1,3]	0	-	53319222	53319222	0	1	2635,	0,	chr1	53320607	53322258	SLC25A3P1-206|transcribed_processed_pseudogene	0	-	LOC105378733,SLC25A3P1	1250
chr1	53320557	53321589	ENSG00000236253[1,1,2]	0	-	53320557	53320557	0	1	1032,	0,	chr1	53319272	53321803	retro_human_6472|SLC25A3P1-204|transcribed_processed_pseudogene	0	-	SLC25A3P1	1032
chr1	53320557	53321589	ENSG00000236253[1,1,2]	0	-	53320557	53320557	0	1	1032,	0,	chr1	53320607	53322258	SLC25A3P1-206|transcribed_processed_pseudogene	0	-	LOC105378733,SLC25A3P1	982
chr1	53972708	53973046	ENSG00000225183[1,1,1]	0	+	53972818	53972920	0	1	338,	0,	chr1	53972758	53972996	retro_human_250|AL353898.1-201|processed_pseudogene	0	+	COX7BP3	238
chr1	57926692	57928239	ENSG00000229887[1,1,1]	0	-	57926692	57926692	0	1	1547,	0,	chr1	57927031	57928142	retro_human_6464	0	-	HNRNPA1P6	1111
chr1	57926978	57928239	ENSG00000229887[1,1,2]	0	-	57926978	57926978	0	1	1261,	0,	chr1	57927031	57928142	retro_human_6464	0	-	HNRNPA1P6	1111
chr1	58508759	58509549	ENSG00000185839[1,1,1]	0	-	58508759	58508759	0	1	790,	0,	chr1	58508809	58509499	retro_human_2321|AL035411.1-201|processed_pseudogene	0	-	AK2P1	690
chr1	58877945	58878864	ENSG00000228121[1,1,1]	0	+	58877945	58877945	0	1	919,	0,	chr1	58877995	58878814	retro_human_245|PHBP3-201|processed_pseudogene	0	+	PHB1P3	819
chr1	76191476	76192240	ENSG00000223905[1,1,1]	0	-	76191476	76191476	0	1	764,	0,	chr1	76191526	76192190	retro_human_8964|AC103592.1-201|processed_pseudogene	0	-	LOC100418965	664
chr1	76967243	76967898	ENSG00000226084[1,1,1]	0	+	76967243	76967243	0	1	655,	0,	chr1	76967293	76967848	retro_human_6608|AC113935.1-201|processed_pseudogene	0	+	RPL17P6	555
chr1	76967559	76967898	ENSG00000226084[2,1,1]	0	+	76967559	76967559	0	1	339,	0,	chr1	76967293	76967848	retro_human_6608|AC113935.1-201|processed_pseudogene	0	+	RPL17P6	289
chr1	77649622	77650643	ENSG00000219201[1,1,1]	0	-	77649622	77649622	0	1	1021,	0,	chr1	77649672	77650593	retro_human_1447|AC138392.1-201|processed_pseudogene	0	-	LOC653631	921
chr1	77882241	77883107	ENSG00000213561[1,1,1]	0	-	77882241	77882241	0	1	866,	0,	chr1	77882291	77883057	retro_human_1448|AC103591.2-201|processed_pseudogene	0	-	LOC100131495	766
chr1	78505076	78505600	ENSG00000238015[1,1,1]	0	+	78505076	78505076	0	1	524,	0,	chr1	78505126	78505550	retro_human_6613|AC104837.2-201|processed_pseudogene	0	+	RPL23P3	424
chr1	81046435	81047178	ENSG00000235089[1,1,1]	0	+	81046435	81046435	0	1	743,	0,	chr1	81046485	81047128	retro_human_1195|AL357632.1-201|processed_pseudogene	0	+	RPL10AP4	643
chr1	81433680	81434129	ENSG00000234683[1,1,1]	0	-	81433680	81433680	0	1	449,	0,	chr1	81433729	81434079	retro_human_7300|AL138799.2-201|processed_pseudogene	0	-	RPS20P7	350
chr1	86624890	86625545	ENSG00000230721[1,1,1]	0	+	86624890	86624890	0	1	655,	0,	chr1	86624940	86625495	retro_human_6213|AL049597.1-201|processed_pseudogene	0	+	RPL17P5	555
chr1	91444713	91444964	ENSG00000229067[1,1,1]	0	+	91444713	91444713	0	1	251,	0,	chr1	91444763	91444914	retro_human_811|AL714022.1-201|processed_pseudogene	0	+	RPL39P13	151
chr1	92047961	92048905	ENSG00000226773[1,1,1]	0	+	92047961	92047961	0	1	944,	0,	chr1	92048011	92048855	AL663109.1-201|processed_pseudogene	0	+	LOC100419803	844
chr1	92775848	92779350	ENSG00000229052[1,1,2]	0	+	92775848	92775848	0	1	3502,	0,	chr1	92775898	92779300	retro_human_810|AL449283.1-201|transcribed_processed_pseudogene	0	+	LOC100127934	3402
chr1	92775848	92779350	ENSG00000229052[1,1,2]	0	+	92775848	92775848	0	1	3502,	0,	chr1	92776547	92777293	AL449283.1-202|transcribed_processed_pseudogene	0	+	LOC100127934	746
chr1	93036284	93036703	ENSG00000237003[1,1,1]	0	-	93036284	93036284	0	1	419,	0,	chr1	93036334	93036655	retro_human_4418|AC126124.2-201|processed_pseudogene	0	-	RPL36AP11	321
chr1	93124502	93124771	ENSG00000229567[1,1,1]	0	-	93124502	93124502	0	1	269,	0,	chr1	93124552	93124721	AL139421.1-201|processed_pseudogene	0	-	LOC100130531	169
chr1	94464347	94668406	ENSG00000224081[2,9,5]	0	-	94464347	94464347	0	5	770,1891,122,183,406,	0,6417,22128,63137,203653,	chr1	94461859	94668322	SLC44A3-AS1-215|transcribed_processed_pseudogene	0	-	SLC44A3-AS1,LOC105378861,KATNBL1P2,PGBD4P7,MIR378G	203975
chr1	94464347	94668406	ENSG00000224081[2,9,5]	0	-	94464347	94464347	0	5	770,1891,122,183,406,	0,6417,22128,63137,203653,	chr1	94464398	94668356	SLC44A3-AS1-219|transcribed_processed_pseudogene	0	-	SLC44A3-AS1,LOC105378861,KATNBL1P2,PGBD4P7,MIR378G	203958
chr1	94464347	94668406	ENSG00000224081[2,9,5]	0	-	94464347	94464347	0	5	770,1891,122,183,406,	0,6417,22128,63137,203653,	chr1	94464422	94668311	SLC44A3-AS1-217|transcribed_processed_pseudogene	0	-	SLC44A3-AS1,LOC105378861,KATNBL1P2,PGBD4P7,MIR378G	203889
chr1	94464347	94668406	ENSG00000224081[2,9,5]	0	-	94464347	94464347	0	5	770,1891,122,183,406,	0,6417,22128,63137,203653,	chr1	94464435	94668104	SLC44A3-AS1-218|transcribed_processed_pseudogene	0	-	SLC44A3-AS1,LOC105378861,KATNBL1P2,PGBD4P7,MIR378G	203669
chr1	94464347	94668406	ENSG00000224081[2,9,5]	0	-	94464347	94464347	0	5	770,1891,122,183,406,	0,6417,22128,63137,203653,	chr1	94464437	94668202	SLC44A3-AS1-216|transcribed_processed_pseudogene	0	-	SLC44A3-AS1,LOC105378861,KATNBL1P2,PGBD4P7,MIR378G	203765
chr1	94464347	94668406	ENSG00000224081[2,9,5]	0	-	94464347	94464347	0	5	770,1891,122,183,406,	0,6417,22128,63137,203653,	chr1	94464451	94703452	SLC44A3-AS1-213|transcribed_processed_pseudogene	0	-	SLC44A3-AS1,LOC105378861,KATNBL1P2,PGBD4P7,MIR378G,SLC44A3	203955
chr1	94464347	94668406	ENSG00000224081[2,9,5]	0	-	94464347	94464347	0	5	770,1891,122,183,406,	0,6417,22128,63137,203653,	chr1	94486499	94668141	SLC44A3-AS1-209|transcribed_processed_pseudogene	0	-	KATNBL1P2,SLC44A3-AS1,PGBD4P7,MIR378G	181642
chr1	94464347	94668406	ENSG00000224081[2,9,5]	0	-	94464347	94464347	0	5	770,1891,122,183,406,	0,6417,22128,63137,203653,	chr1	94505585	94668326	SLC44A3-AS1-210|transcribed_processed_pseudogene	0	-	SLC44A3-AS1,PGBD4P7,MIR378G	162741
chr1	94464347	94668406	ENSG00000224081[2,9,5]	0	-	94464347	94464347	0	5	770,1891,122,183,406,	0,6417,22128,63137,203653,	chr1	94520953	94668237	SLC44A3-AS1-207|transcribed_processed_pseudogene	0	-	PGBD4P7,SLC44A3-AS1,MIR378G	147284
chr1	94464347	94668406	ENSG00000224081[2,9,5]	0	-	94464347	94464347	0	5	770,1891,122,183,406,	0,6417,22128,63137,203653,	chr1	94521185	94668264	SLC44A3-AS1-203|transcribed_processed_pseudogene	0	-	PGBD4P7,SLC44A3-AS1,MIR378G	147079
chr1	94464347	94668406	ENSG00000224081[2,9,5]	0	-	94464347	94464347	0	5	770,1891,122,183,406,	0,6417,22128,63137,203653,	chr1	94527484	94668255	SLC44A3-AS1-201|transcribed_processed_pseudogene	0	-	SLC44A3-AS1,MIR378G	140771
chr1	94464347	94668406	ENSG00000224081[2,9,5]	0	-	94464347	94464347	0	5	770,1891,122,183,406,	0,6417,22128,63137,203653,	chr1	94527639	94668264	SLC44A3-AS1-202|transcribed_processed_pseudogene	0	-	SLC44A3-AS1,MIR378G	140625
chr1	94464347	94668406	ENSG00000224081[2,9,5]	0	-	94464347	94464347	0	5	770,1891,122,183,406,	0,6417,22128,63137,203653,	chr1	94579763	94668237	SLC44A3-AS1-214|transcribed_processed_pseudogene	0	-	SLC44A3-AS1,MIR378G	88474
chr1	94464347	94668406	ENSG00000224081[2,10,5]	0	-	94464347	94464347	0	6	770,182,731,122,183,406,	0,6417,7577,22128,63137,203653,	chr1	94461859	94668322	SLC44A3-AS1-215|transcribed_processed_pseudogene	0	-	SLC44A3-AS1,LOC105378861,KATNBL1P2,PGBD4P7,MIR378G	203975
chr1	94464347	94668406	ENSG00000224081[2,10,5]	0	-	94464347	94464347	0	6	770,182,731,122,183,406,	0,6417,7577,22128,63137,203653,	chr1	94464398	94668356	SLC44A3-AS1-219|transcribed_processed_pseudogene	0	-	SLC44A3-AS1,LOC105378861,KATNBL1P2,PGBD4P7,MIR378G	203958
chr1	94464347	94668406	ENSG00000224081[2,10,5]	0	-	94464347	94464347	0	6	770,182,731,122,183,406,	0,6417,7577,22128,63137,203653,	chr1	94464422	94668311	SLC44A3-AS1-217|transcribed_processed_pseudogene	0	-	SLC44A3-AS1,LOC105378861,KATNBL1P2,PGBD4P7,MIR378G	203889
chr1	94464347	94668406	ENSG00000224081[2,10,5]	0	-	94464347	94464347	0	6	770,182,731,122,183,406,	0,6417,7577,22128,63137,203653,	chr1	94464435	94668104	SLC44A3-AS1-218|transcribed_processed_pseudogene	0	-	SLC44A3-AS1,LOC105378861,KATNBL1P2,PGBD4P7,MIR378G	203669
chr1	94464347	94668406	ENSG00000224081[2,10,5]	0	-	94464347	94464347	0	6	770,182,731,122,183,406,	0,6417,7577,22128,63137,203653,	chr1	94464437	94668202	SLC44A3-AS1-216|transcribed_processed_pseudogene	0	-	SLC44A3-AS1,LOC105378861,KATNBL1P2,PGBD4P7,MIR378G	203765
chr1	94464347	94668406	ENSG00000224081[2,10,5]	0	-	94464347	94464347	0	6	770,182,731,122,183,406,	0,6417,7577,22128,63137,203653,	chr1	94464451	94703452	SLC44A3-AS1-213|transcribed_processed_pseudogene	0	-	SLC44A3-AS1,LOC105378861,KATNBL1P2,PGBD4P7,MIR378G,SLC44A3	203955
chr1	94464347	94668406	ENSG00000224081[2,10,5]	0	-	94464347	94464347	0	6	770,182,731,122,183,406,	0,6417,7577,22128,63137,203653,	chr1	94486499	94668141	SLC44A3-AS1-209|transcribed_processed_pseudogene	0	-	KATNBL1P2,SLC44A3-AS1,PGBD4P7,MIR378G	181642
chr1	94464347	94668406	ENSG00000224081[2,10,5]	0	-	94464347	94464347	0	6	770,182,731,122,183,406,	0,6417,7577,22128,63137,203653,	chr1	94505585	94668326	SLC44A3-AS1-210|transcribed_processed_pseudogene	0	-	SLC44A3-AS1,PGBD4P7,MIR378G	162741
chr1	94464347	94668406	ENSG00000224081[2,10,5]	0	-	94464347	94464347	0	6	770,182,731,122,183,406,	0,6417,7577,22128,63137,203653,	chr1	94520953	94668237	SLC44A3-AS1-207|transcribed_processed_pseudogene	0	-	PGBD4P7,SLC44A3-AS1,MIR378G	147284
chr1	94464347	94668406	ENSG00000224081[2,10,5]	0	-	94464347	94464347	0	6	770,182,731,122,183,406,	0,6417,7577,22128,63137,203653,	chr1	94521185	94668264	SLC44A3-AS1-203|transcribed_processed_pseudogene	0	-	PGBD4P7,SLC44A3-AS1,MIR378G	147079
chr1	94464347	94668406	ENSG00000224081[2,10,5]	0	-	94464347	94464347	0	6	770,182,731,122,183,406,	0,6417,7577,22128,63137,203653,	chr1	94527484	94668255	SLC44A3-AS1-201|transcribed_processed_pseudogene	0	-	SLC44A3-AS1,MIR378G	140771
chr1	94464347	94668406	ENSG00000224081[2,10,5]	0	-	94464347	94464347	0	6	770,182,731,122,183,406,	0,6417,7577,22128,63137,203653,	chr1	94527639	94668264	SLC44A3-AS1-202|transcribed_processed_pseudogene	0	-	SLC44A3-AS1,MIR378G	140625
chr1	94464347	94668406	ENSG00000224081[2,10,5]	0	-	94464347	94464347	0	6	770,182,731,122,183,406,	0,6417,7577,22128,63137,203653,	chr1	94579763	94668237	SLC44A3-AS1-214|transcribed_processed_pseudogene	0	-	SLC44A3-AS1,MIR378G	88474
chr1	94464347	94668406	ENSG00000224081[2,2,5]	0	-	94464347	94464347	0	6	770,1891,122,183,180,406,	0,6417,22128,63137,115931,203653,	chr1	94461859	94668322	SLC44A3-AS1-215|transcribed_processed_pseudogene	0	-	SLC44A3-AS1,LOC105378861,KATNBL1P2,PGBD4P7,MIR378G	203975
chr1	94464347	94668406	ENSG00000224081[2,2,5]	0	-	94464347	94464347	0	6	770,1891,122,183,180,406,	0,6417,22128,63137,115931,203653,	chr1	94464398	94668356	SLC44A3-AS1-219|transcribed_processed_pseudogene	0	-	SLC44A3-AS1,LOC105378861,KATNBL1P2,PGBD4P7,MIR378G	203958
chr1	94464347	94668406	ENSG00000224081[2,2,5]	0	-	94464347	94464347	0	6	770,1891,122,183,180,406,	0,6417,22128,63137,115931,203653,	chr1	94464422	94668311	SLC44A3-AS1-217|transcribed_processed_pseudogene	0	-	SLC44A3-AS1,LOC105378861,KATNBL1P2,PGBD4P7,MIR378G	203889
chr1	94464347	94668406	ENSG00000224081[2,2,5]	0	-	94464347	94464347	0	6	770,1891,122,183,180,406,	0,6417,22128,63137,115931,203653,	chr1	94464435	94668104	SLC44A3-AS1-218|transcribed_processed_pseudogene	0	-	SLC44A3-AS1,LOC105378861,KATNBL1P2,PGBD4P7,MIR378G	203669
chr1	94464347	94668406	ENSG00000224081[2,2,5]	0	-	94464347	94464347	0	6	770,1891,122,183,180,406,	0,6417,22128,63137,115931,203653,	chr1	94464437	94668202	SLC44A3-AS1-216|transcribed_processed_pseudogene	0	-	SLC44A3-AS1,LOC105378861,KATNBL1P2,PGBD4P7,MIR378G	203765
chr1	94464347	94668406	ENSG00000224081[2,2,5]	0	-	94464347	94464347	0	6	770,1891,122,183,180,406,	0,6417,22128,63137,115931,203653,	chr1	94464451	94703452	SLC44A3-AS1-213|transcribed_processed_pseudogene	0	-	SLC44A3-AS1,LOC105378861,KATNBL1P2,PGBD4P7,MIR378G,SLC44A3	203955
chr1	94464347	94668406	ENSG00000224081[2,2,5]	0	-	94464347	94464347	0	6	770,1891,122,183,180,406,	0,6417,22128,63137,115931,203653,	chr1	94486499	94668141	SLC44A3-AS1-209|transcribed_processed_pseudogene	0	-	KATNBL1P2,SLC44A3-AS1,PGBD4P7,MIR378G	181642
chr1	94464347	94668406	ENSG00000224081[2,2,5]	0	-	94464347	94464347	0	6	770,1891,122,183,180,406,	0,6417,22128,63137,115931,203653,	chr1	94505585	94668326	SLC44A3-AS1-210|transcribed_processed_pseudogene	0	-	SLC44A3-AS1,PGBD4P7,MIR378G	162741
chr1	94464347	94668406	ENSG00000224081[2,2,5]	0	-	94464347	94464347	0	6	770,1891,122,183,180,406,	0,6417,22128,63137,115931,203653,	chr1	94520953	94668237	SLC44A3-AS1-207|transcribed_processed_pseudogene	0	-	PGBD4P7,SLC44A3-AS1,MIR378G	147284
chr1	94464347	94668406	ENSG00000224081[2,2,5]	0	-	94464347	94464347	0	6	770,1891,122,183,180,406,	0,6417,22128,63137,115931,203653,	chr1	94521185	94668264	SLC44A3-AS1-203|transcribed_processed_pseudogene	0	-	PGBD4P7,SLC44A3-AS1,MIR378G	147079
chr1	94464347	94668406	ENSG00000224081[2,2,5]	0	-	94464347	94464347	0	6	770,1891,122,183,180,406,	0,6417,22128,63137,115931,203653,	chr1	94527484	94668255	SLC44A3-AS1-201|transcribed_processed_pseudogene	0	-	SLC44A3-AS1,MIR378G	140771
chr1	94464347	94668406	ENSG00000224081[2,2,5]	0	-	94464347	94464347	0	6	770,1891,122,183,180,406,	0,6417,22128,63137,115931,203653,	chr1	94527639	94668264	SLC44A3-AS1-202|transcribed_processed_pseudogene	0	-	SLC44A3-AS1,MIR378G	140625
chr1	94464347	94668406	ENSG00000224081[2,2,5]	0	-	94464347	94464347	0	6	770,1891,122,183,180,406,	0,6417,22128,63137,115931,203653,	chr1	94579763	94668237	SLC44A3-AS1-214|transcribed_processed_pseudogene	0	-	SLC44A3-AS1,MIR378G	88474
chr1	94505535	94668406	ENSG00000224081[2,13,8]	0	-	94505535	94505535	0	5	573,183,119,180,406,	0,21949,47932,74743,162465,	chr1	94461859	94668322	SLC44A3-AS1-215|transcribed_processed_pseudogene	0	-	SLC44A3-AS1,LOC105378861,KATNBL1P2,PGBD4P7,MIR378G	162787
chr1	94505535	94668406	ENSG00000224081[2,13,8]	0	-	94505535	94505535	0	5	573,183,119,180,406,	0,21949,47932,74743,162465,	chr1	94464398	94668356	SLC44A3-AS1-219|transcribed_processed_pseudogene	0	-	SLC44A3-AS1,LOC105378861,KATNBL1P2,PGBD4P7,MIR378G	162821
chr1	94505535	94668406	ENSG00000224081[2,13,8]	0	-	94505535	94505535	0	5	573,183,119,180,406,	0,21949,47932,74743,162465,	chr1	94464422	94668311	SLC44A3-AS1-217|transcribed_processed_pseudogene	0	-	SLC44A3-AS1,LOC105378861,KATNBL1P2,PGBD4P7,MIR378G	162776
chr1	94505535	94668406	ENSG00000224081[2,13,8]	0	-	94505535	94505535	0	5	573,183,119,180,406,	0,21949,47932,74743,162465,	chr1	94464435	94668104	SLC44A3-AS1-218|transcribed_processed_pseudogene	0	-	SLC44A3-AS1,LOC105378861,KATNBL1P2,PGBD4P7,MIR378G	162569
chr1	94505535	94668406	ENSG00000224081[2,13,8]	0	-	94505535	94505535	0	5	573,183,119,180,406,	0,21949,47932,74743,162465,	chr1	94464437	94668202	SLC44A3-AS1-216|transcribed_processed_pseudogene	0	-	SLC44A3-AS1,LOC105378861,KATNBL1P2,PGBD4P7,MIR378G	162667
chr1	94505535	94668406	ENSG00000224081[2,13,8]	0	-	94505535	94505535	0	5	573,183,119,180,406,	0,21949,47932,74743,162465,	chr1	94464451	94703452	SLC44A3-AS1-213|transcribed_processed_pseudogene	0	-	SLC44A3-AS1,LOC105378861,KATNBL1P2,PGBD4P7,MIR378G,SLC44A3	162871
chr1	94505535	94668406	ENSG00000224081[2,13,8]	0	-	94505535	94505535	0	5	573,183,119,180,406,	0,21949,47932,74743,162465,	chr1	94486499	94668141	SLC44A3-AS1-209|transcribed_processed_pseudogene	0	-	KATNBL1P2,SLC44A3-AS1,PGBD4P7,MIR378G	162606
chr1	94505535	94668406	ENSG00000224081[2,13,8]	0	-	94505535	94505535	0	5	573,183,119,180,406,	0,21949,47932,74743,162465,	chr1	94505585	94668326	SLC44A3-AS1-210|transcribed_processed_pseudogene	0	-	SLC44A3-AS1,PGBD4P7,MIR378G	162741
chr1	94505535	94668406	ENSG00000224081[2,13,8]	0	-	94505535	94505535	0	5	573,183,119,180,406,	0,21949,47932,74743,162465,	chr1	94520953	94668237	SLC44A3-AS1-207|transcribed_processed_pseudogene	0	-	PGBD4P7,SLC44A3-AS1,MIR378G	147284
chr1	94505535	94668406	ENSG00000224081[2,13,8]	0	-	94505535	94505535	0	5	573,183,119,180,406,	0,21949,47932,74743,162465,	chr1	94521185	94668264	SLC44A3-AS1-203|transcribed_processed_pseudogene	0	-	PGBD4P7,SLC44A3-AS1,MIR378G	147079
chr1	94505535	94668406	ENSG00000224081[2,13,8]	0	-	94505535	94505535	0	5	573,183,119,180,406,	0,21949,47932,74743,162465,	chr1	94527484	94668255	SLC44A3-AS1-201|transcribed_processed_pseudogene	0	-	SLC44A3-AS1,MIR378G	140771
chr1	94505535	94668406	ENSG00000224081[2,13,8]	0	-	94505535	94505535	0	5	573,183,119,180,406,	0,21949,47932,74743,162465,	chr1	94527639	94668264	SLC44A3-AS1-202|transcribed_processed_pseudogene	0	-	SLC44A3-AS1,MIR378G	140625
chr1	94505535	94668406	ENSG00000224081[2,13,8]	0	-	94505535	94505535	0	5	573,183,119,180,406,	0,21949,47932,74743,162465,	chr1	94579763	94668237	SLC44A3-AS1-214|transcribed_processed_pseudogene	0	-	SLC44A3-AS1,MIR378G	88474
chr1	94520903	94668406	ENSG00000224081[2,11,2]	0	-	94520903	94520903	0	4	425,183,119,406,	0,6581,32564,147097,	chr1	94461859	94668322	SLC44A3-AS1-215|transcribed_processed_pseudogene	0	-	SLC44A3-AS1,LOC105378861,KATNBL1P2,PGBD4P7,MIR378G	147419
chr1	94520903	94668406	ENSG00000224081[2,11,2]	0	-	94520903	94520903	0	4	425,183,119,406,	0,6581,32564,147097,	chr1	94464398	94668356	SLC44A3-AS1-219|transcribed_processed_pseudogene	0	-	SLC44A3-AS1,LOC105378861,KATNBL1P2,PGBD4P7,MIR378G	147453
chr1	94520903	94668406	ENSG00000224081[2,11,2]	0	-	94520903	94520903	0	4	425,183,119,406,	0,6581,32564,147097,	chr1	94464422	94668311	SLC44A3-AS1-217|transcribed_processed_pseudogene	0	-	SLC44A3-AS1,LOC105378861,KATNBL1P2,PGBD4P7,MIR378G	147408
chr1	94520903	94668406	ENSG00000224081[2,11,2]	0	-	94520903	94520903	0	4	425,183,119,406,	0,6581,32564,147097,	chr1	94464435	94668104	SLC44A3-AS1-218|transcribed_processed_pseudogene	0	-	SLC44A3-AS1,LOC105378861,KATNBL1P2,PGBD4P7,MIR378G	147201
chr1	94520903	94668406	ENSG00000224081[2,11,2]	0	-	94520903	94520903	0	4	425,183,119,406,	0,6581,32564,147097,	chr1	94464437	94668202	SLC44A3-AS1-216|transcribed_processed_pseudogene	0	-	SLC44A3-AS1,LOC105378861,KATNBL1P2,PGBD4P7,MIR378G	147299
chr1	94520903	94668406	ENSG00000224081[2,11,2]	0	-	94520903	94520903	0	4	425,183,119,406,	0,6581,32564,147097,	chr1	94464451	94703452	SLC44A3-AS1-213|transcribed_processed_pseudogene	0	-	SLC44A3-AS1,LOC105378861,KATNBL1P2,PGBD4P7,MIR378G,SLC44A3	147503
chr1	94520903	94668406	ENSG00000224081[2,11,2]	0	-	94520903	94520903	0	4	425,183,119,406,	0,6581,32564,147097,	chr1	94486499	94668141	SLC44A3-AS1-209|transcribed_processed_pseudogene	0	-	KATNBL1P2,SLC44A3-AS1,PGBD4P7,MIR378G	147238
chr1	94520903	94668406	ENSG00000224081[2,11,2]	0	-	94520903	94520903	0	4	425,183,119,406,	0,6581,32564,147097,	chr1	94505585	94668326	SLC44A3-AS1-210|transcribed_processed_pseudogene	0	-	SLC44A3-AS1,PGBD4P7,MIR378G	147423
chr1	94520903	94668406	ENSG00000224081[2,11,2]	0	-	94520903	94520903	0	4	425,183,119,406,	0,6581,32564,147097,	chr1	94520953	94668237	SLC44A3-AS1-207|transcribed_processed_pseudogene	0	-	PGBD4P7,SLC44A3-AS1,MIR378G	147284
chr1	94520903	94668406	ENSG00000224081[2,11,2]	0	-	94520903	94520903	0	4	425,183,119,406,	0,6581,32564,147097,	chr1	94521185	94668264	SLC44A3-AS1-203|transcribed_processed_pseudogene	0	-	PGBD4P7,SLC44A3-AS1,MIR378G	147079
chr1	94520903	94668406	ENSG00000224081[2,11,2]	0	-	94520903	94520903	0	4	425,183,119,406,	0,6581,32564,147097,	chr1	94527484	94668255	SLC44A3-AS1-201|transcribed_processed_pseudogene	0	-	SLC44A3-AS1,MIR378G	140771
chr1	94520903	94668406	ENSG00000224081[2,11,2]	0	-	94520903	94520903	0	4	425,183,119,406,	0,6581,32564,147097,	chr1	94527639	94668264	SLC44A3-AS1-202|transcribed_processed_pseudogene	0	-	SLC44A3-AS1,MIR378G	140625
chr1	94520903	94668406	ENSG00000224081[2,11,2]	0	-	94520903	94520903	0	4	425,183,119,406,	0,6581,32564,147097,	chr1	94579763	94668237	SLC44A3-AS1-214|transcribed_processed_pseudogene	0	-	SLC44A3-AS1,MIR378G	88474
chr1	94527434	94668406	ENSG00000224081[2,8,11]	0	-	94527434	94527434	0	2	233,406,	0,140566,	chr1	94461859	94668322	SLC44A3-AS1-215|transcribed_processed_pseudogene	0	-	SLC44A3-AS1,LOC105378861,KATNBL1P2,PGBD4P7,MIR378G	140888
chr1	94527434	94668406	ENSG00000224081[2,8,11]	0	-	94527434	94527434	0	2	233,406,	0,140566,	chr1	94464398	94668356	SLC44A3-AS1-219|transcribed_processed_pseudogene	0	-	SLC44A3-AS1,LOC105378861,KATNBL1P2,PGBD4P7,MIR378G	140922
chr1	94527434	94668406	ENSG00000224081[2,8,11]	0	-	94527434	94527434	0	2	233,406,	0,140566,	chr1	94464422	94668311	SLC44A3-AS1-217|transcribed_processed_pseudogene	0	-	SLC44A3-AS1,LOC105378861,KATNBL1P2,PGBD4P7,MIR378G	140877
chr1	94527434	94668406	ENSG00000224081[2,8,11]	0	-	94527434	94527434	0	2	233,406,	0,140566,	chr1	94464435	94668104	SLC44A3-AS1-218|transcribed_processed_pseudogene	0	-	SLC44A3-AS1,LOC105378861,KATNBL1P2,PGBD4P7,MIR378G	140670
chr1	94527434	94668406	ENSG00000224081[2,8,11]	0	-	94527434	94527434	0	2	233,406,	0,140566,	chr1	94464437	94668202	SLC44A3-AS1-216|transcribed_processed_pseudogene	0	-	SLC44A3-AS1,LOC105378861,KATNBL1P2,PGBD4P7,MIR378G	140768
chr1	94527434	94668406	ENSG00000224081[2,8,11]	0	-	94527434	94527434	0	2	233,406,	0,140566,	chr1	94464451	94703452	SLC44A3-AS1-213|transcribed_processed_pseudogene	0	-	SLC44A3-AS1,LOC105378861,KATNBL1P2,PGBD4P7,MIR378G,SLC44A3	140972
chr1	94527434	94668406	ENSG00000224081[2,8,11]	0	-	94527434	94527434	0	2	233,406,	0,140566,	chr1	94486499	94668141	SLC44A3-AS1-209|transcribed_processed_pseudogene	0	-	KATNBL1P2,SLC44A3-AS1,PGBD4P7,MIR378G	140707
chr1	94527434	94668406	ENSG00000224081[2,8,11]	0	-	94527434	94527434	0	2	233,406,	0,140566,	chr1	94505585	94668326	SLC44A3-AS1-210|transcribed_processed_pseudogene	0	-	SLC44A3-AS1,PGBD4P7,MIR378G	140892
chr1	94527434	94668406	ENSG00000224081[2,8,11]	0	-	94527434	94527434	0	2	233,406,	0,140566,	chr1	94520953	94668237	SLC44A3-AS1-207|transcribed_processed_pseudogene	0	-	PGBD4P7,SLC44A3-AS1,MIR378G	140803
chr1	94527434	94668406	ENSG00000224081[2,8,11]	0	-	94527434	94527434	0	2	233,406,	0,140566,	chr1	94521185	94668264	SLC44A3-AS1-203|transcribed_processed_pseudogene	0	-	PGBD4P7,SLC44A3-AS1,MIR378G	140830
chr1	94527434	94668406	ENSG00000224081[2,8,11]	0	-	94527434	94527434	0	2	233,406,	0,140566,	chr1	94527484	94668255	SLC44A3-AS1-201|transcribed_processed_pseudogene	0	-	SLC44A3-AS1,MIR378G	140771
chr1	94527434	94668406	ENSG00000224081[2,8,11]	0	-	94527434	94527434	0	2	233,406,	0,140566,	chr1	94527639	94668264	SLC44A3-AS1-202|transcribed_processed_pseudogene	0	-	SLC44A3-AS1,MIR378G	140625
chr1	94527434	94668406	ENSG00000224081[2,8,11]	0	-	94527434	94527434	0	2	233,406,	0,140566,	chr1	94579763	94668237	SLC44A3-AS1-214|transcribed_processed_pseudogene	0	-	SLC44A3-AS1,MIR378G	88474
chr1	94668336	94743653	ENSG00000143036[1,12,1]	0	+	94668496	94743275	255	15	187,108,143,137,94,161,90,125,187,166,157,84,138,237,480,	0,657,4188,7201,8187,17405,19642,21694,24972,37029,44441,47032,71149,72300,74837,	chr1	94684778	94703457	SLC44A3-AS1-204|transcribed_processed_pseudogene	0	-	SLC44A3	18679
chr1	94668336	94743653	ENSG00000143036[1,12,1]	0	+	94668496	94743275	255	15	187,108,143,137,94,161,90,125,187,166,157,84,138,237,480,	0,657,4188,7201,8187,17405,19642,21694,24972,37029,44441,47032,71149,72300,74837,	chr1	94691138	94703457	SLC44A3-AS1-212|transcribed_processed_pseudogene	0	-	SLC44A3	12319
chr1	94668336	94743653	ENSG00000143036[1,12,1]	0	+	94668496	94743275	255	15	187,108,143,137,94,161,90,125,187,166,157,84,138,237,480,	0,657,4188,7201,8187,17405,19642,21694,24972,37029,44441,47032,71149,72300,74837,	chr1	94464451	94703452	SLC44A3-AS1-213|transcribed_processed_pseudogene	0	-	SLC44A3-AS1,LOC105378861,KATNBL1P2,PGBD4P7,MIR378G,SLC44A3	35116
chr1	94668336	94743459	ENSG00000143036[1,12,2]	0	+	94668496	94743275	255	15	187,108,143,137,94,161,90,125,187,166,157,84,138,237,286,	0,657,4188,7201,8187,17405,19642,21694,24972,37029,44441,47032,71149,72300,74837,	chr1	94684778	94703457	SLC44A3-AS1-204|transcribed_processed_pseudogene	0	-	SLC44A3	18679
chr1	94668336	94743459	ENSG00000143036[1,12,2]	0	+	94668496	94743275	255	15	187,108,143,137,94,161,90,125,187,166,157,84,138,237,286,	0,657,4188,7201,8187,17405,19642,21694,24972,37029,44441,47032,71149,72300,74837,	chr1	94691138	94703457	SLC44A3-AS1-212|transcribed_processed_pseudogene	0	-	SLC44A3	12319
chr1	94668336	94743459	ENSG00000143036[1,12,2]	0	+	94668496	94743275	255	15	187,108,143,137,94,161,90,125,187,166,157,84,138,237,286,	0,657,4188,7201,8187,17405,19642,21694,24972,37029,44441,47032,71149,72300,74837,	chr1	94464451	94703452	SLC44A3-AS1-213|transcribed_processed_pseudogene	0	-	SLC44A3-AS1,LOC105378861,KATNBL1P2,PGBD4P7,MIR378G,SLC44A3	35116
chr1	94668336	94743653	ENSG00000143036[1,11,1]	0	+	94668496	94743275	255	15	187,108,143,41,94,161,90,125,187,166,157,87,138,237,480,	0,657,4188,7201,8187,17405,19642,21694,24972,37029,44441,47029,71149,72300,74837,	chr1	94684778	94703457	SLC44A3-AS1-204|transcribed_processed_pseudogene	0	-	SLC44A3	18679
chr1	94668336	94743653	ENSG00000143036[1,11,1]	0	+	94668496	94743275	255	15	187,108,143,41,94,161,90,125,187,166,157,87,138,237,480,	0,657,4188,7201,8187,17405,19642,21694,24972,37029,44441,47029,71149,72300,74837,	chr1	94691138	94703457	SLC44A3-AS1-212|transcribed_processed_pseudogene	0	-	SLC44A3	12319
chr1	94668336	94743653	ENSG00000143036[1,11,1]	0	+	94668496	94743275	255	15	187,108,143,41,94,161,90,125,187,166,157,87,138,237,480,	0,657,4188,7201,8187,17405,19642,21694,24972,37029,44441,47029,71149,72300,74837,	chr1	94464451	94703452	SLC44A3-AS1-213|transcribed_processed_pseudogene	0	-	SLC44A3-AS1,LOC105378861,KATNBL1P2,PGBD4P7,MIR378G,SLC44A3	35116
chr1	94668336	94743459	ENSG00000143036[1,11,2]	0	+	94668496	94743275	255	15	187,108,143,41,94,161,90,125,187,166,157,87,138,237,286,	0,657,4188,7201,8187,17405,19642,21694,24972,37029,44441,47029,71149,72300,74837,	chr1	94684778	94703457	SLC44A3-AS1-204|transcribed_processed_pseudogene	0	-	SLC44A3	18679
chr1	94668336	94743459	ENSG00000143036[1,11,2]	0	+	94668496	94743275	255	15	187,108,143,41,94,161,90,125,187,166,157,87,138,237,286,	0,657,4188,7201,8187,17405,19642,21694,24972,37029,44441,47029,71149,72300,74837,	chr1	94691138	94703457	SLC44A3-AS1-212|transcribed_processed_pseudogene	0	-	SLC44A3	12319
chr1	94668336	94743459	ENSG00000143036[1,11,2]	0	+	94668496	94743275	255	15	187,108,143,41,94,161,90,125,187,166,157,87,138,237,286,	0,657,4188,7201,8187,17405,19642,21694,24972,37029,44441,47029,71149,72300,74837,	chr1	94464451	94703452	SLC44A3-AS1-213|transcribed_processed_pseudogene	0	-	SLC44A3-AS1,LOC105378861,KATNBL1P2,PGBD4P7,MIR378G,SLC44A3	35116
chr1	94668336	94743459	ENSG00000143036[1,2,2]	0	+	94668496	94743275	0	15	187,108,143,41,94,161,90,125,187,166,157,84,138,237,286,	0,657,4188,7201,8187,17405,19642,21694,24972,37029,44441,47032,71149,72300,74837,	chr1	94684778	94703457	SLC44A3-AS1-204|transcribed_processed_pseudogene	0	-	SLC44A3	18679
chr1	94668336	94743459	ENSG00000143036[1,2,2]	0	+	94668496	94743275	0	15	187,108,143,41,94,161,90,125,187,166,157,84,138,237,286,	0,657,4188,7201,8187,17405,19642,21694,24972,37029,44441,47032,71149,72300,74837,	chr1	94691138	94703457	SLC44A3-AS1-212|transcribed_processed_pseudogene	0	-	SLC44A3	12319
chr1	94668336	94743459	ENSG00000143036[1,2,2]	0	+	94668496	94743275	0	15	187,108,143,41,94,161,90,125,187,166,157,84,138,237,286,	0,657,4188,7201,8187,17405,19642,21694,24972,37029,44441,47032,71149,72300,74837,	chr1	94464451	94703452	SLC44A3-AS1-213|transcribed_processed_pseudogene	0	-	SLC44A3-AS1,LOC105378861,KATNBL1P2,PGBD4P7,MIR378G,SLC44A3	35116
chr1	94668336	94743459	ENSG00000143036[1,3,2]	0	+	94668496	94743275	0	14	187,143,41,94,161,90,125,187,166,157,87,138,237,286,	0,4188,7201,8187,17405,19642,21694,24972,37029,44441,47029,71149,72300,74837,	chr1	94684778	94703457	SLC44A3-AS1-204|transcribed_processed_pseudogene	0	-	SLC44A3	18679
chr1	94668336	94743459	ENSG00000143036[1,3,2]	0	+	94668496	94743275	0	14	187,143,41,94,161,90,125,187,166,157,87,138,237,286,	0,4188,7201,8187,17405,19642,21694,24972,37029,44441,47029,71149,72300,74837,	chr1	94691138	94703457	SLC44A3-AS1-212|transcribed_processed_pseudogene	0	-	SLC44A3	12319
chr1	94668336	94743459	ENSG00000143036[1,3,2]	0	+	94668496	94743275	0	14	187,143,41,94,161,90,125,187,166,157,87,138,237,286,	0,4188,7201,8187,17405,19642,21694,24972,37029,44441,47029,71149,72300,74837,	chr1	94464451	94703452	SLC44A3-AS1-213|transcribed_processed_pseudogene	0	-	SLC44A3-AS1,LOC105378861,KATNBL1P2,PGBD4P7,MIR378G,SLC44A3	35116
chr1	94668336	94743653	ENSG00000143036[1,4,1]	0	+	94668496	94743275	0	14	187,143,137,94,161,90,125,187,166,157,87,138,237,480,	0,4188,7201,8187,17405,19642,21694,24972,37029,44441,47029,71149,72300,74837,	chr1	94684778	94703457	SLC44A3-AS1-204|transcribed_processed_pseudogene	0	-	SLC44A3	18679
chr1	94668336	94743653	ENSG00000143036[1,4,1]	0	+	94668496	94743275	0	14	187,143,137,94,161,90,125,187,166,157,87,138,237,480,	0,4188,7201,8187,17405,19642,21694,24972,37029,44441,47029,71149,72300,74837,	chr1	94691138	94703457	SLC44A3-AS1-212|transcribed_processed_pseudogene	0	-	SLC44A3	12319
chr1	94668336	94743653	ENSG00000143036[1,4,1]	0	+	94668496	94743275	0	14	187,143,137,94,161,90,125,187,166,157,87,138,237,480,	0,4188,7201,8187,17405,19642,21694,24972,37029,44441,47029,71149,72300,74837,	chr1	94464451	94703452	SLC44A3-AS1-213|transcribed_processed_pseudogene	0	-	SLC44A3-AS1,LOC105378861,KATNBL1P2,PGBD4P7,MIR378G,SLC44A3	35116
chr1	94668336	94743459	ENSG00000143036[1,4,2]	0	+	94668496	94743275	0	14	187,143,137,94,161,90,125,187,166,157,87,138,237,286,	0,4188,7201,8187,17405,19642,21694,24972,37029,44441,47029,71149,72300,74837,	chr1	94684778	94703457	SLC44A3-AS1-204|transcribed_processed_pseudogene	0	-	SLC44A3	18679
chr1	94668336	94743459	ENSG00000143036[1,4,2]	0	+	94668496	94743275	0	14	187,143,137,94,161,90,125,187,166,157,87,138,237,286,	0,4188,7201,8187,17405,19642,21694,24972,37029,44441,47029,71149,72300,74837,	chr1	94691138	94703457	SLC44A3-AS1-212|transcribed_processed_pseudogene	0	-	SLC44A3	12319
chr1	94668336	94743459	ENSG00000143036[1,4,2]	0	+	94668496	94743275	0	14	187,143,137,94,161,90,125,187,166,157,87,138,237,286,	0,4188,7201,8187,17405,19642,21694,24972,37029,44441,47029,71149,72300,74837,	chr1	94464451	94703452	SLC44A3-AS1-213|transcribed_processed_pseudogene	0	-	SLC44A3-AS1,LOC105378861,KATNBL1P2,PGBD4P7,MIR378G,SLC44A3	35116
chr1	94668336	94743459	ENSG00000143036[1,1,2]	0	+	94668496	94743275	0	15	187,108,143,137,94,161,90,125,187,166,157,87,138,237,286,	0,657,4188,7201,8187,17405,19642,21694,24972,37029,44441,47029,71149,72300,74837,	chr1	94684778	94703457	SLC44A3-AS1-204|transcribed_processed_pseudogene	0	-	SLC44A3	18679
chr1	94668336	94743459	ENSG00000143036[1,1,2]	0	+	94668496	94743275	0	15	187,108,143,137,94,161,90,125,187,166,157,87,138,237,286,	0,657,4188,7201,8187,17405,19642,21694,24972,37029,44441,47029,71149,72300,74837,	chr1	94691138	94703457	SLC44A3-AS1-212|transcribed_processed_pseudogene	0	-	SLC44A3	12319
chr1	94668336	94743459	ENSG00000143036[1,1,2]	0	+	94668496	94743275	0	15	187,108,143,137,94,161,90,125,187,166,157,87,138,237,286,	0,657,4188,7201,8187,17405,19642,21694,24972,37029,44441,47029,71149,72300,74837,	chr1	94464451	94703452	SLC44A3-AS1-213|transcribed_processed_pseudogene	0	-	SLC44A3-AS1,LOC105378861,KATNBL1P2,PGBD4P7,MIR378G,SLC44A3	35116
chr1	94668336	94743653	ENSG00000143036[1,1,1]	0	+	94668496	94743275	0	15	187,108,143,137,94,161,90,125,187,166,157,87,138,237,480,	0,657,4188,7201,8187,17405,19642,21694,24972,37029,44441,47029,71149,72300,74837,	chr1	94684778	94703457	SLC44A3-AS1-204|transcribed_processed_pseudogene	0	-	SLC44A3	18679
chr1	94668336	94743653	ENSG00000143036[1,1,1]	0	+	94668496	94743275	0	15	187,108,143,137,94,161,90,125,187,166,157,87,138,237,480,	0,657,4188,7201,8187,17405,19642,21694,24972,37029,44441,47029,71149,72300,74837,	chr1	94691138	94703457	SLC44A3-AS1-212|transcribed_processed_pseudogene	0	-	SLC44A3	12319
chr1	94668336	94743653	ENSG00000143036[1,1,1]	0	+	94668496	94743275	0	15	187,108,143,137,94,161,90,125,187,166,157,87,138,237,480,	0,657,4188,7201,8187,17405,19642,21694,24972,37029,44441,47029,71149,72300,74837,	chr1	94464451	94703452	SLC44A3-AS1-213|transcribed_processed_pseudogene	0	-	SLC44A3-AS1,LOC105378861,KATNBL1P2,PGBD4P7,MIR378G,SLC44A3	35116
chr1	94668615	94743459	ENSG00000143036[2,13,2]	0	+	94672533	94743275	255	15	153,108,143,137,94,161,90,125,187,166,157,87,138,237,286,	0,378,3909,6922,7908,17126,19363,21415,24693,36750,44162,46750,70870,72021,74558,	chr1	94684778	94703457	SLC44A3-AS1-204|transcribed_processed_pseudogene	0	-	SLC44A3	18679
chr1	94668615	94743459	ENSG00000143036[2,13,2]	0	+	94672533	94743275	255	15	153,108,143,137,94,161,90,125,187,166,157,87,138,237,286,	0,378,3909,6922,7908,17126,19363,21415,24693,36750,44162,46750,70870,72021,74558,	chr1	94691138	94703457	SLC44A3-AS1-212|transcribed_processed_pseudogene	0	-	SLC44A3	12319
chr1	94668615	94743459	ENSG00000143036[2,13,2]	0	+	94672533	94743275	255	15	153,108,143,137,94,161,90,125,187,166,157,87,138,237,286,	0,378,3909,6922,7908,17126,19363,21415,24693,36750,44162,46750,70870,72021,74558,	chr1	94464451	94703452	SLC44A3-AS1-213|transcribed_processed_pseudogene	0	-	SLC44A3-AS1,LOC105378861,KATNBL1P2,PGBD4P7,MIR378G,SLC44A3	34837
chr1	94668615	94743459	ENSG00000143036[2,5,2]	0	+	94672533	94743275	0	14	153,143,41,94,161,90,125,187,166,157,87,138,237,286,	0,3909,6922,7908,17126,19363,21415,24693,36750,44162,46750,70870,72021,74558,	chr1	94684778	94703457	SLC44A3-AS1-204|transcribed_processed_pseudogene	0	-	SLC44A3	18679
chr1	94668615	94743459	ENSG00000143036[2,5,2]	0	+	94672533	94743275	0	14	153,143,41,94,161,90,125,187,166,157,87,138,237,286,	0,3909,6922,7908,17126,19363,21415,24693,36750,44162,46750,70870,72021,74558,	chr1	94691138	94703457	SLC44A3-AS1-212|transcribed_processed_pseudogene	0	-	SLC44A3	12319
chr1	94668615	94743459	ENSG00000143036[2,5,2]	0	+	94672533	94743275	0	14	153,143,41,94,161,90,125,187,166,157,87,138,237,286,	0,3909,6922,7908,17126,19363,21415,24693,36750,44162,46750,70870,72021,74558,	chr1	94464451	94703452	SLC44A3-AS1-213|transcribed_processed_pseudogene	0	-	SLC44A3-AS1,LOC105378861,KATNBL1P2,PGBD4P7,MIR378G,SLC44A3	34837
chr1	94668615	94743459	ENSG00000143036[2,6,2]	0	+	94672533	94743275	0	14	153,143,137,94,161,90,125,187,166,157,87,138,237,286,	0,3909,6922,7908,17126,19363,21415,24693,36750,44162,46750,70870,72021,74558,	chr1	94684778	94703457	SLC44A3-AS1-204|transcribed_processed_pseudogene	0	-	SLC44A3	18679
chr1	94668615	94743459	ENSG00000143036[2,6,2]	0	+	94672533	94743275	0	14	153,143,137,94,161,90,125,187,166,157,87,138,237,286,	0,3909,6922,7908,17126,19363,21415,24693,36750,44162,46750,70870,72021,74558,	chr1	94691138	94703457	SLC44A3-AS1-212|transcribed_processed_pseudogene	0	-	SLC44A3	12319
chr1	94668615	94743459	ENSG00000143036[2,6,2]	0	+	94672533	94743275	0	14	153,143,137,94,161,90,125,187,166,157,87,138,237,286,	0,3909,6922,7908,17126,19363,21415,24693,36750,44162,46750,70870,72021,74558,	chr1	94464451	94703452	SLC44A3-AS1-213|transcribed_processed_pseudogene	0	-	SLC44A3-AS1,LOC105378861,KATNBL1P2,PGBD4P7,MIR378G,SLC44A3	34837
chr1	94691088	94703507	ENSG00000224081[3,3,4]	0	-	94691088	94691088	0	2	537,233,	0,12186,	chr1	94684778	94703457	SLC44A3-AS1-204|transcribed_processed_pseudogene	0	-	SLC44A3	12369
chr1	94691088	94703507	ENSG00000224081[3,3,4]	0	-	94691088	94691088	0	2	537,233,	0,12186,	chr1	94691138	94703457	SLC44A3-AS1-212|transcribed_processed_pseudogene	0	-	SLC44A3	12319
chr1	96238795	96239637	ENSG00000225923[1,1,1]	0	+	96238795	96238795	0	1	842,	0,	chr1	96238845	96239587	retro_human_805|AC092393.1-201|processed_pseudogene	0	+	LOC101060164	742
chr1	98856312	98856669	ENSG00000227034[1,1,1]	0	+	98856312	98856312	0	1	357,	0,	chr1	98856362	98856619	AL445433.1-201|processed_pseudogene	0	+	PLPPR5	257
chr1	99690792	99691044	ENSG00000231996[1,1,1]	0	+	99690792	99690792	0	1	252,	0,	chr1	99690842	99690994	retro_human_5789|AC096949.1-201|processed_pseudogene	0	+	RPL39P9	152
chr1	100721161	100744075	ENSG00000162694[2,8,1]	0	-	100722784	100737603	255	5	2109,68,428,76,597,	0,4478,5160,16437,22317,	chr1	100722845	100726589	retro_human_10323	0	-	EXTL2	3744
chr1	100721161	100743738	ENSG00000162694[1,8,1]	0	-	100722784	100737603	255	5	2109,68,428,76,260,	0,4478,5160,16437,22317,	chr1	100722845	100726589	retro_human_10323	0	-	EXTL2	3744
chr1	100721161	100743738	ENSG00000162694[1,3,1]	0	-	100722784	100726324	0	4	2109,428,112,260,	0,5160,16437,22317,	chr1	100722845	100726589	retro_human_10323	0	-	EXTL2	3744
chr1	100721161	100743738	ENSG00000162694[1,5,1]	0	-	100722784	100737603	0	6	2109,71,428,24,76,260,	0,4478,5160,6108,16437,22317,	chr1	100722845	100726589	retro_human_10323	0	-	EXTL2	3744
chr1	100721161	100744075	ENSG00000162694[2,1,1]	0	-	100722784	100737603	0	5	2109,71,428,76,597,	0,4478,5160,16437,22317,	chr1	100722845	100726589	retro_human_10323	0	-	EXTL2	3744
chr1	100721161	100743738	ENSG00000162694[1,1,1]	0	-	100722784	100737603	0	5	2109,71,428,76,260,	0,4478,5160,16437,22317,	chr1	100722845	100726589	retro_human_10323	0	-	EXTL2	3744
chr1	100721161	100744894	ENSG00000162694[3,1,1]	0	-	100722784	100737603	0	5	2109,71,428,76,1416,	0,4478,5160,16437,22317,	chr1	100722845	100726589	retro_human_10323	0	-	EXTL2	3744
chr1	100721161	100744894	ENSG00000162694[3,2,1]	0	-	100722784	100737603	0	5	2109,71,428,112,1416,	0,4478,5160,16437,22317,	chr1	100722845	100726589	retro_human_10323	0	-	EXTL2	3744
chr1	100721161	100744075	ENSG00000162694[2,2,1]	0	-	100722784	100737603	0	5	2109,71,428,112,597,	0,4478,5160,16437,22317,	chr1	100722845	100726589	retro_human_10323	0	-	EXTL2	3744
chr1	100721161	100743738	ENSG00000162694[1,2,1]	0	-	100722784	100737603	0	5	2109,71,428,112,260,	0,4478,5160,16437,22317,	chr1	100722845	100726589	retro_human_10323	0	-	EXTL2	3744
chr1	100721894	100743738	ENSG00000162694[1,8,6]	0	-	100722784	100737603	255	5	1376,68,428,76,260,	0,3745,4427,15704,21584,	chr1	100722845	100726589	retro_human_10323	0	-	EXTL2	3744
chr1	100721894	100743738	ENSG00000162694[1,5,6]	0	-	100722784	100737603	0	6	1376,71,428,24,76,260,	0,3745,4427,5375,15704,21584,	chr1	100722845	100726589	retro_human_10323	0	-	EXTL2	3744
chr1	100721894	100744894	ENSG00000162694[3,1,6]	0	-	100722784	100737603	0	5	1376,71,428,76,1416,	0,3745,4427,15704,21584,	chr1	100722845	100726589	retro_human_10323	0	-	EXTL2	3744
chr1	100721894	100744075	ENSG00000162694[2,1,6]	0	-	100722784	100737603	0	5	1376,71,428,76,597,	0,3745,4427,15704,21584,	chr1	100722845	100726589	retro_human_10323	0	-	EXTL2	3744
chr1	100721894	100743738	ENSG00000162694[1,1,6]	0	-	100722784	100737603	0	5	1376,71,428,76,260,	0,3745,4427,15704,21584,	chr1	100722845	100726589	retro_human_10323	0	-	EXTL2	3744
chr1	100721894	100743738	ENSG00000162694[1,2,6]	0	-	100722784	100737603	0	5	1376,71,428,112,260,	0,3745,4427,15704,21584,	chr1	100722845	100726589	retro_human_10323	0	-	EXTL2	3744
chr1	100722747	100744075	ENSG00000162694[2,8,7]	0	-	100722784	100737603	255	5	523,68,428,76,597,	0,2892,3574,14851,20731,	chr1	100722845	100726589	retro_human_10323	0	-	EXTL2	3744
chr1	100722747	100743738	ENSG00000162694[1,8,7]	0	-	100722784	100737603	255	5	523,68,428,76,260,	0,2892,3574,14851,20731,	chr1	100722845	100726589	retro_human_10323	0	-	EXTL2	3744
chr1	100722747	100743738	ENSG00000162694[1,3,7]	0	-	100722784	100726324	0	4	523,428,112,260,	0,3574,14851,20731,	chr1	100722845	100726589	retro_human_10323	0	-	EXTL2	3744
chr1	100722747	100743738	ENSG00000162694[1,5,7]	0	-	100722784	100737603	0	6	523,71,428,24,76,260,	0,2892,3574,4522,14851,20731,	chr1	100722845	100726589	retro_human_10323	0	-	EXTL2	3744
chr1	100722747	100744894	ENSG00000162694[3,1,7]	0	-	100722784	100737603	0	5	523,71,428,76,1416,	0,2892,3574,14851,20731,	chr1	100722845	100726589	retro_human_10323	0	-	EXTL2	3744
chr1	100722747	100744075	ENSG00000162694[2,1,7]	0	-	100722784	100737603	0	5	523,71,428,76,597,	0,2892,3574,14851,20731,	chr1	100722845	100726589	retro_human_10323	0	-	EXTL2	3744
chr1	100722747	100743738	ENSG00000162694[1,1,7]	0	-	100722784	100737603	0	5	523,71,428,76,260,	0,2892,3574,14851,20731,	chr1	100722845	100726589	retro_human_10323	0	-	EXTL2	3744
chr1	100722747	100744075	ENSG00000162694[2,2,7]	0	-	100722784	100737603	0	5	523,71,428,112,597,	0,2892,3574,14851,20731,	chr1	100722845	100726589	retro_human_10323	0	-	EXTL2	3744
chr1	100722747	100743738	ENSG00000162694[1,2,7]	0	-	100722784	100737603	0	5	523,71,428,112,260,	0,2892,3574,14851,20731,	chr1	100722845	100726589	retro_human_10323	0	-	EXTL2	3744
chr1	100722949	100743738	ENSG00000162694[1,5,2]	0	-	100737645	100743602	0	6	321,71,428,24,76,260,	0,2690,3372,4320,14649,20529,	chr1	100722845	100726589	retro_human_10323	0	-	EXTL2	3640
chr1	101105656	101106097	ENSG00000228399[1,1,1]	0	+	101105656	101105656	0	1	441,	0,	chr1	101105704	101106047	retro_human_422|AL109741.2-201|processed_pseudogene	0	+	RPS20P6	343
chr1	101635476	101636456	ENSG00000183298[1,1,1]	0	-	101635476	101635476	0	1	980,	0,	chr1	101635526	101636406	retro_human_10326|RPSAP19-201|processed_pseudogene	0	-	RPSAP19,LINC01709	880
chr1	104115361	104169392	ENSG00000215869[1,2,2]	0	+	104115361	104115361	0	2	972,1403,	0,52628,	chr1	104115411	104169342	AC092506.1-201|transcribed_processed_pseudogene	0	+	LOC100129138	53931
chr1	104115361	104169392	ENSG00000215869[1,2,2]	0	+	104115361	104115361	0	2	972,1403,	0,52628,	chr1	104116279	104168273	AC092506.1-205|transcribed_processed_pseudogene	0	+	LOC100129138	51994
chr1	104115361	104169392	ENSG00000215869[1,2,2]	0	+	104115361	104115361	0	2	972,1403,	0,52628,	chr1	104115598	104269092	AC092506.1-204|transcribed_processed_pseudogene	0	+	LOC100129138,FTLP17	53794
chr1	107542696	107543042	ENSG00000224550[1,1,1]	0	+	107542696	107542696	0	1	346,	0,	chr1	107542746	107542992	retro_human_5374|AC114491.1-201|processed_pseudogene	0	+	NDUFA4P1	246
chr1	108800068	108800912	ENSG00000228076[1,1,1]	0	-	108800068	108800068	0	1	844,	0,	chr1	108800118	108800862	retro_human_7077|AL591719.1-201|processed_pseudogene	0	-	LOC100271656	744
chr1	109025589	109026244	ENSG00000244716[1,1,1]	0	+	109025589	109025589	0	1	655,	0,	chr1	109025639	109026194	retro_human_5371|BX679664.3-201|processed_pseudogene	0	+	RPL17P7	555
chr1	109063385	109063738	ENSG00000228665[1,1,1]	0	+	109063385	109063385	0	1	353,	0,	chr1	109063435	109063688	retro_human_5376|BX679664.1-201|processed_pseudogene	0	+	RPS27P6	253
chr1	109284825	109308598	ENSG00000143126[6,5,1]	0	+	109285139	109306975	255	34	1374,648,223,116,89,158,164,126,167,288,175,142,121,184,102,95,210,184,129,181,168,127,201,175,113,80,127,123,128,89,195,171,235,1642,	0,6416,9026,9497,9792,10271,10790,11126,11595,12062,12438,12852,13175,13719,14089,15532,15835,16565,16864,17094,17408,17678,17917,18410,18897,19187,19356,19570,20248,20610,20803,21136,21406,22131,	chr1	109283415	109291891	retro_human_32	0	+	CELSR2	7066
chr1	112713653	112719758	ENSG00000155366[1,23,1]	0	-	112714119	112715972	255	6	637,131,121,74,163,132,	0,1486,1922,2307,2567,5973,	chr1	112715579	112716358	retro_human_1258	0	-	RHOC	779
chr1	112713653	112719758	ENSG00000155366[1,19,1]	0	-	112714119	112715148	255	2	637,4619,	0,1486,	chr1	112715579	112716358	retro_human_1258	0	-	RHOC	779
chr1	112713653	112719758	ENSG00000155366[1,22,1]	0	-	112714119	112716376	255	5	637,131,121,163,157,	0,1486,1922,2567,5948,	chr1	112715579	112716358	retro_human_1258	0	-	RHOC	779
chr1	112713653	112720033	ENSG00000155366[2,24,1]	0	-	112714119	112716376	255	6	637,131,121,163,102,407,	0,1486,1922,2567,4023,5973,	chr1	112715579	112716358	retro_human_1258	0	-	RHOC	779
chr1	112713653	112719758	ENSG00000155366[1,24,1]	0	-	112714119	112716376	255	6	637,131,121,163,102,132,	0,1486,1922,2567,4023,5973,	chr1	112715579	112716358	retro_human_1258	0	-	RHOC	779
chr1	112713653	112720033	ENSG00000155366[2,21,1]	0	-	112714119	112716376	255	5	637,131,121,163,2357,	0,1486,1922,2567,4023,	chr1	112715579	112716358	retro_human_1258	0	-	RHOC	779
chr1	112713653	112719758	ENSG00000155366[1,21,1]	0	-	112714119	112716376	255	5	637,131,121,163,2082,	0,1486,1922,2567,4023,	chr1	112715579	112716358	retro_human_1258	0	-	RHOC	779
chr1	112713653	112719758	ENSG00000155366[1,20,1]	0	-	112714119	112716376	255	4	637,131,121,3538,	0,1486,1922,2567,	chr1	112715579	112716358	retro_human_1258	0	-	RHOC	779
chr1	112713653	112717624	ENSG00000155366[4,11,1]	0	-	112714119	112716376	0	5	637,131,121,163,109,	0,1486,1922,2567,3862,	chr1	112715579	112716358	retro_human_1258	0	-	RHOC	779
chr1	112713653	112720033	ENSG00000155366[2,16,1]	0	-	112714119	112715972	0	7	637,131,121,74,163,69,407,	0,1486,1922,2307,2567,4023,5973,	chr1	112715579	112716358	retro_human_1258	0	-	RHOC	779
chr1	112713653	112719758	ENSG00000155366[1,16,1]	0	-	112714119	112715972	0	7	637,131,121,74,163,69,132,	0,1486,1922,2307,2567,4023,5973,	chr1	112715579	112716358	retro_human_1258	0	-	RHOC	779
chr1	112713653	112719758	ENSG00000155366[1,9,1]	0	-	112715396	112716376	0	3	637,557,3538,	0,1486,2567,	chr1	112715579	112716358	retro_human_1258	0	-	RHOC	779
chr1	112713653	112716280	ENSG00000155366[3,9,1]	0	-	112714119	112715148	0	3	637,557,60,	0,1486,2567,	chr1	112715579	112716358	retro_human_1258	0	-	RHOC	701
chr1	112713653	112719758	ENSG00000155366[1,13,1]	0	-	112714119	112715972	0	7	637,131,121,74,163,24,132,	0,1486,1922,2307,2567,4023,5973,	chr1	112715579	112716358	retro_human_1258	0	-	RHOC	779
chr1	112713653	112719758	ENSG00000155366[1,4,1]	0	-	112714119	112716376	0	5	637,131,121,163,132,	0,1486,1922,2567,5973,	chr1	112715579	112716358	retro_human_1258	0	-	RHOC	779
chr1	112713653	112720033	ENSG00000155366[2,4,1]	0	-	112714119	112716376	0	5	637,131,121,163,407,	0,1486,1922,2567,5973,	chr1	112715579	112716358	retro_human_1258	0	-	RHOC	779
chr1	112713653	112720033	ENSG00000155366[2,6,1]	0	-	112714119	112716376	0	6	637,131,121,163,116,407,	0,1486,1922,2567,3976,5973,	chr1	112715579	112716358	retro_human_1258	0	-	RHOC	779
chr1	112713653	112719758	ENSG00000155366[1,6,1]	0	-	112714119	112716376	0	6	637,131,121,163,116,132,	0,1486,1922,2567,3976,5973,	chr1	112715579	112716358	retro_human_1258	0	-	RHOC	779
chr1	112713653	112720033	ENSG00000155366[2,5,1]	0	-	112714119	112716376	0	6	637,131,121,163,24,407,	0,1486,1922,2567,4023,5973,	chr1	112715579	112716358	retro_human_1258	0	-	RHOC	779
chr1	112713653	112719758	ENSG00000155366[1,5,1]	0	-	112714119	112716376	0	6	637,131,121,163,24,132,	0,1486,1922,2567,4023,5973,	chr1	112715579	112716358	retro_human_1258	0	-	RHOC	779
chr1	112713653	112719758	ENSG00000155366[1,3,1]	0	-	112714119	112716376	0	6	637,131,121,163,69,377,	0,1486,1922,2567,4023,5728,	chr1	112715579	112716358	retro_human_1258	0	-	RHOC	779
chr1	112713653	112719758	ENSG00000155366[1,2,1]	0	-	112714119	112716376	0	6	637,131,121,163,69,478,	0,1486,1922,2567,4023,5627,	chr1	112715579	112716358	retro_human_1258	0	-	RHOC	779
chr1	112713653	112719758	ENSG00000155366[1,1,1]	0	-	112714119	112716376	0	6	637,131,121,163,69,132,	0,1486,1922,2567,4023,5973,	chr1	112715579	112716358	retro_human_1258	0	-	RHOC	779
chr1	112713653	112720033	ENSG00000155366[2,1,1]	0	-	112714119	112716376	0	6	637,131,121,163,69,407,	0,1486,1922,2567,4023,5973,	chr1	112715579	112716358	retro_human_1258	0	-	RHOC	779
chr1	112713653	112719758	ENSG00000155366[1,7,1]	0	-	112714119	112716376	0	6	637,131,121,163,1153,132,	0,1486,1922,2567,4023,5973,	chr1	112715579	112716358	retro_human_1258	0	-	RHOC	779
chr1	113137201	113138864	ENSG00000237278[1,1,1]	0	-	113137201	113137201	0	1	1663,	0,	chr1	113137251	113138814	RLIMP2-201|processed_pseudogene	0	-	RLIMP2,LRIG2	1563
chr1	113180838	113181348	ENSG00000233839[1,1,1]	0	+	113180838	113180838	0	1	510,	0,	chr1	113180888	113181298	retro_human_8217|AL357055.1-201|processed_pseudogene	0	+	RPS19P2	410
chr1	113710454	113711302	ENSG00000232450[1,1,1]	0	-	113710867	113711074	0	1	848,	0,	chr1	113710504	113711252	retro_human_6679|AL133517.1-201|transcribed_processed_pseudogene	0	-	RPS2P14	748
chr1	114471566	114472093	ENSG00000226984[1,1,1]	0	+	114471566	114471566	0	1	527,	0,	chr1	114471616	114472043	retro_human_2740|AL035410.1-201|processed_pseudogene	0	+	RPL26P10	427
chr1	142976269	142978046	ENSG00000273213[1,2,4]	0	-	142977577	142977985	0	2	340,473,	0,1304,	chr1	142976244	142976523	retro_human_1632	0	-	H3-7,H2BP2	254
chr1	143623562	143624061	ENSG00000227212[1,1,1]	0	-	143624061	143624061	0	1	499,	0,	chr1	143623612	143624011	retro_human_5398|PFN1P6-201|processed_pseudogene	0	-	PFN1P6,NBPF15	399
chr1	144357679	144358298	ENSG00000223612[1,1,1]	0	+	144357679	144357679	0	1	619,	0,	chr1	144357729	144358248	retro_human_8356|AC241585.1-201|processed_pseudogene	0	+	LOC729086	519
chr1	147724810	147726151	ENSG00000230832[1,1,1]	0	+	147726151	147726151	0	1	1341,	0,	chr1	147724860	147726101	retro_human_2515|AC241584.1-201|processed_pseudogene	0	+	SSBL4P	1241
chr1	147628213	147635715	ENSG00000180867[1,2,5]	0	-	147635715	147635715	0	3	2303,162,866,	0,5610,6636,	chr1	147629282	147635665	PDIA3P1-203|transcribed_processed_pseudogene	0	-	PDIA3P1,CHD1L	6383
chr1	147628213	147635715	ENSG00000180867[1,2,5]	0	-	147635715	147635715	0	3	2303,162,866,	0,5610,6636,	chr1	147633203	147635638	PDIA3P1-201|transcribed_processed_pseudogene	0	-	CHD1L	2435
chr1	147628408	147635715	ENSG00000180867[1,2,4]	0	-	147635715	147635715	0	3	2108,162,866,	0,5415,6441,	chr1	147629282	147635665	PDIA3P1-203|transcribed_processed_pseudogene	0	-	PDIA3P1,CHD1L	6383
chr1	147628408	147635715	ENSG00000180867[1,2,4]	0	-	147635715	147635715	0	3	2108,162,866,	0,5415,6441,	chr1	147633203	147635638	PDIA3P1-201|transcribed_processed_pseudogene	0	-	CHD1L	2435
chr1	147629232	147635715	ENSG00000180867[1,2,1]	0	-	147635715	147635715	0	3	1284,162,866,	0,4591,5617,	chr1	147629282	147635665	PDIA3P1-203|transcribed_processed_pseudogene	0	-	PDIA3P1,CHD1L	6383
chr1	147629232	147635715	ENSG00000180867[1,2,1]	0	-	147635715	147635715	0	3	1284,162,866,	0,4591,5617,	chr1	147633203	147635638	PDIA3P1-201|transcribed_processed_pseudogene	0	-	CHD1L	2435
chr1	147628213	147635715	ENSG00000180867[1,3,5]	0	-	147635715	147635715	0	2	5772,866,	0,6636,	chr1	147629282	147635665	PDIA3P1-203|transcribed_processed_pseudogene	0	-	PDIA3P1,CHD1L	6383
chr1	147628213	147635715	ENSG00000180867[1,3,5]	0	-	147635715	147635715	0	2	5772,866,	0,6636,	chr1	147633203	147635638	PDIA3P1-201|transcribed_processed_pseudogene	0	-	CHD1L	2435
chr1	147632665	147635715	ENSG00000180867[1,3,7]	0	-	147635715	147635715	0	2	1320,866,	0,2184,	chr1	147629282	147635665	PDIA3P1-203|transcribed_processed_pseudogene	0	-	PDIA3P1,CHD1L	3000
chr1	147632665	147635715	ENSG00000180867[1,3,7]	0	-	147635715	147635715	0	2	1320,866,	0,2184,	chr1	147633203	147635638	PDIA3P1-201|transcribed_processed_pseudogene	0	-	CHD1L	2435
chr1	147633728	147635715	ENSG00000180867[1,3,6]	0	-	147635715	147635715	0	2	257,866,	0,1121,	chr1	147629282	147635665	PDIA3P1-203|transcribed_processed_pseudogene	0	-	PDIA3P1,CHD1L	1937
chr1	147633728	147635715	ENSG00000180867[1,3,6]	0	-	147635715	147635715	0	2	257,866,	0,1121,	chr1	147633203	147635638	PDIA3P1-201|transcribed_processed_pseudogene	0	-	CHD1L	1910
chr1	147633153	147635715	ENSG00000180867[1,3,3]	0	-	147635715	147635715	0	2	832,866,	0,1696,	chr1	147629282	147635665	PDIA3P1-203|transcribed_processed_pseudogene	0	-	PDIA3P1,CHD1L	2512
chr1	147633153	147635715	ENSG00000180867[1,3,3]	0	-	147635715	147635715	0	2	832,866,	0,1696,	chr1	147633203	147635638	PDIA3P1-201|transcribed_processed_pseudogene	0	-	CHD1L	2435
chr1	147628213	147635250	ENSG00000180867[3,2,5]	0	-	147635250	147635250	0	3	2303,162,401,	0,5610,6636,	chr1	147629282	147635665	PDIA3P1-203|transcribed_processed_pseudogene	0	-	PDIA3P1,CHD1L	5968
chr1	147628213	147635250	ENSG00000180867[3,2,5]	0	-	147635250	147635250	0	3	2303,162,401,	0,5610,6636,	chr1	147633203	147635638	PDIA3P1-201|transcribed_processed_pseudogene	0	-	CHD1L	2047
chr1	147628408	147635250	ENSG00000180867[3,2,4]	0	-	147635250	147635250	0	3	2108,162,401,	0,5415,6441,	chr1	147629282	147635665	PDIA3P1-203|transcribed_processed_pseudogene	0	-	PDIA3P1,CHD1L	5968
chr1	147628408	147635250	ENSG00000180867[3,2,4]	0	-	147635250	147635250	0	3	2108,162,401,	0,5415,6441,	chr1	147633203	147635638	PDIA3P1-201|transcribed_processed_pseudogene	0	-	CHD1L	2047
chr1	147632665	147635250	ENSG00000180867[3,3,7]	0	-	147635250	147635250	0	2	1320,401,	0,2184,	chr1	147629282	147635665	PDIA3P1-203|transcribed_processed_pseudogene	0	-	PDIA3P1,CHD1L	2585
chr1	147632665	147635250	ENSG00000180867[3,3,7]	0	-	147635250	147635250	0	2	1320,401,	0,2184,	chr1	147633203	147635638	PDIA3P1-201|transcribed_processed_pseudogene	0	-	CHD1L	2047
chr1	147633153	147635250	ENSG00000180867[3,3,3]	0	-	147635250	147635250	0	2	832,401,	0,1696,	chr1	147629282	147635665	PDIA3P1-203|transcribed_processed_pseudogene	0	-	PDIA3P1,CHD1L	2097
chr1	147633153	147635250	ENSG00000180867[3,3,3]	0	-	147635250	147635250	0	2	832,401,	0,1696,	chr1	147633203	147635638	PDIA3P1-201|transcribed_processed_pseudogene	0	-	CHD1L	2047
chr1	147633728	147635250	ENSG00000180867[3,3,6]	0	-	147635250	147635250	0	2	257,401,	0,1121,	chr1	147629282	147635665	PDIA3P1-203|transcribed_processed_pseudogene	0	-	PDIA3P1,CHD1L	1522
chr1	147633728	147635250	ENSG00000180867[3,3,6]	0	-	147635250	147635250	0	2	257,401,	0,1121,	chr1	147633203	147635638	PDIA3P1-201|transcribed_processed_pseudogene	0	-	CHD1L	1522
chr1	147628736	147630346	ENSG00000180867[2,1,2]	0	-	147630346	147630346	0	1	1610,	0,	chr1	147629282	147635665	PDIA3P1-203|transcribed_processed_pseudogene	0	-	PDIA3P1,CHD1L	1064
chr1	147603431	147605188	ENSG00000226015[1,1,1]	0	+	147603481	147604195	0	1	1757,	0,	chr1	147603481	147605138	retro_human_2517|CCT8P1-201|processed_pseudogene	0	+	CCT8P1,FMO5	1657
chr1	146965255	146966753	ENSG00000223728[1,1,1]	0	-	146966753	146966753	0	1	1498,	0,	chr1	146965305	146966703	retro_human_10889|AC239801.1-201|processed_pseudogene	0	-	LOC391092	1398
chr1	146657796	146661068	ENSG00000198658[1,1,1]	0	-	146661068	146661068	0	2	456,577,	0,2695,	chr1	146657850	146661018	retro_human_10888	0	-	ABHD17AP1	3168
chr1	148799290	148801926	ENSG00000284842[1,1,1]	0	+	148799290	148799290	0	1	2636,	0,	chr1	148799340	148801876	retro_human_2520|FAM91A2P-201|transcribed_processed_pseudogene	0	+	FAM91A2P,LINC00869	2536
chr1	148966964	148968991	ENSG00000220323[1,1,3]	0	+	148966964	148966964	0	1	2027,	0,	chr1	148967277	148967555	retro_human_8749	0	+	H2BC19P	278
chr1	148974282	148975127	ENSG00000261716[2,1,2]	0	-	148974282	148974282	0	1	845,	0,	chr1	148974536	148974814	retro_human_9308	0	-	H2BC20P	278
chr1	148974282	148974962	ENSG00000261716[1,1,2]	0	-	148974282	148974282	0	1	680,	0,	chr1	148974536	148974814	retro_human_9308	0	-	H2BC20P	278
chr1	150681066	150681661	ENSG00000223861[1,1,1]	0	+	150681116	150681437	0	1	595,	0,	chr1	150681116	150681611	retro_human_2909|AL365436.1-201|processed_pseudogene	0	+	RPS10P6	495
chr1	152989310	152990719	ENSG00000223599[1,1,1]	0	-	152989968	152990268	0	1	1409,	0,	chr1	152989360	152990669	retro_human_3441|AL513523.1-201|processed_pseudogene	0	-	LOC645965	1309
chr1	153096309	153100952	ENSG00000143570[1,11,1]	0	-	153097361	153099976	255	4	1706,131,219,370,	0,3171,3480,4273,	chr1	153097365	153098117	retro_human_3442	0	-	SLC39A1	752
chr1	153096309	153100952	ENSG00000143570[1,12,1]	0	-	153097361	153099976	255	4	1706,131,219,347,	0,3171,3480,4296,	chr1	153097365	153098117	retro_human_3442	0	-	SLC39A1	752
chr1	153096309	153100952	ENSG00000143570[1,4,1]	0	-	153097361	153099976	0	4	1706,131,219,515,	0,3171,3480,4128,	chr1	153097365	153098117	retro_human_3442	0	-	SLC39A1	752
chr1	153096309	153100952	ENSG00000143570[1,7,1]	0	-	153097361	153099801	0	3	1706,219,197,	0,3480,4446,	chr1	153097365	153098117	retro_human_3442	0	-	SLC39A1	752
chr1	153096309	153100952	ENSG00000143570[1,9,1]	0	-	153097361	153099976	0	4	1706,131,219,690,	0,3171,3480,3953,	chr1	153097365	153098117	retro_human_3442	0	-	SLC39A1	752
chr1	153096309	153100060	ENSG00000143570[5,2,1]	0	-	153097361	153099976	0	3	1706,131,271,	0,3171,3480,	chr1	153097365	153098117	retro_human_3442	0	-	SLC39A1	752
chr1	153096309	153100952	ENSG00000143570[1,2,1]	0	-	153097361	153099976	0	3	1706,131,1163,	0,3171,3480,	chr1	153097365	153098117	retro_human_3442	0	-	SLC39A1	752
chr1	153096309	153100952	ENSG00000143570[1,3,1]	0	-	153097361	153099976	0	4	1706,131,219,633,	0,3171,3480,4010,	chr1	153097365	153098117	retro_human_3442	0	-	SLC39A1	752
chr1	153096309	153100952	ENSG00000143570[1,1,1]	0	-	153097361	153099976	0	4	1706,131,219,197,	0,3171,3480,4446,	chr1	153097365	153098117	retro_human_3442	0	-	SLC39A1	752
chr1	153097563	153100573	ENSG00000143570[4,9,2]	0	-	153097741	153097876	0	4	452,131,219,311,	0,1917,2226,2699,	chr1	153097365	153098117	retro_human_3442	0	-	SLC39A1	554
chr1	153132844	153133273	ENSG00000231416[1,1,1]	0	+	153132844	153132844	0	1	429,	0,	chr1	153132894	153133223	retro_human_2908|AL358472.1-201|processed_pseudogene	0	+	RPL34P5	329
chr1	154141941	154156392	ENSG00000160685[1,1,2]	0	+	154154021	154156043	0	3	364,1160,812,	0,12074,13639,	chr1	154154067	154155797	retro_human_5931	0	+	ZBTB7B	1730
chr1	154141941	154157946	ENSG00000160685[1,1,1]	0	+	154154021	154156043	0	3	364,1160,2366,	0,12074,13639,	chr1	154154067	154155797	retro_human_5931	0	+	ZBTB7B	1730
chr1	154141941	154157946	ENSG00000160685[1,4,1]	0	+	154150281	154156043	0	5	364,140,100,1160,2366,	0,7678,8336,12074,13639,	chr1	154154067	154155797	retro_human_5931	0	+	ZBTB7B	1730
chr1	154141941	154156392	ENSG00000160685[1,2,2]	0	+	154154021	154156043	0	4	107,101,1160,812,	0,263,12074,13639,	chr1	154154067	154155797	retro_human_5931	0	+	ZBTB7B	1730
chr1	154141941	154157946	ENSG00000160685[1,2,1]	0	+	154154021	154156043	0	4	107,101,1160,2366,	0,263,12074,13639,	chr1	154154067	154155797	retro_human_5931	0	+	ZBTB7B	1730
chr1	154148142	154156392	ENSG00000160685[3,9,2]	0	+	154154021	154156043	255	3	206,1160,812,	0,5873,7438,	chr1	154154067	154155797	retro_human_5931	0	+	ZBTB7B	1730
chr1	154153758	154156392	ENSG00000160685[2,3,2]	0	+	154154021	154156043	0	2	1417,812,	0,1822,	chr1	154154067	154155797	retro_human_5931	0	+	ZBTB7B	1730
chr1	154154227	154157946	ENSG00000160685[4,3,1]	0	+	154154234	154156043	0	2	948,2366,	0,1353,	chr1	154154067	154155797	retro_human_5931	0	+	ZBTB7B	1570
chr1	154154227	154156392	ENSG00000160685[4,3,2]	0	+	154154234	154156043	0	2	948,812,	0,1353,	chr1	154154067	154155797	retro_human_5931	0	+	ZBTB7B	1570
chr1	154154406	154157946	ENSG00000160685[5,3,1]	0	+	154154432	154156043	0	2	769,2366,	0,1174,	chr1	154154067	154155797	retro_human_5931	0	+	ZBTB7B	1391
chr1	154154406	154156392	ENSG00000160685[5,3,2]	0	+	154154432	154156043	0	2	769,812,	0,1174,	chr1	154154067	154155797	retro_human_5931	0	+	ZBTB7B	1391
chr1	154154699	154157946	ENSG00000160685[6,3,1]	0	+	154154963	154156043	0	2	476,2366,	0,881,	chr1	154154067	154155797	retro_human_5931	0	+	ZBTB7B	1098
chr1	154154699	154156392	ENSG00000160685[6,3,2]	0	+	154154963	154156043	0	2	476,812,	0,881,	chr1	154154067	154155797	retro_human_5931	0	+	ZBTB7B	1098
chr1	154154856	154157946	ENSG00000160685[7,3,1]	0	+	154154963	154156043	0	2	319,2366,	0,724,	chr1	154154067	154155797	retro_human_5931	0	+	ZBTB7B	941
chr1	154154856	154156392	ENSG00000160685[7,3,2]	0	+	154154963	154156043	0	2	319,812,	0,724,	chr1	154154067	154155797	retro_human_5931	0	+	ZBTB7B	941
chr1	154155042	154157946	ENSG00000160685[8,3,1]	0	+	154155050	154156043	0	2	133,2366,	0,538,	chr1	154154067	154155797	retro_human_5931	0	+	ZBTB7B	755
chr1	154155042	154156392	ENSG00000160685[8,3,2]	0	+	154155050	154156043	0	2	133,812,	0,538,	chr1	154154067	154155797	retro_human_5931	0	+	ZBTB7B	755
chr1	154729118	154729880	ENSG00000223503[1,1,1]	0	-	154729118	154729118	0	1	762,	0,	chr1	154729168	154729830	retro_human_9744|AL353807.1-201|processed_pseudogene	0	-	LOC284620	662
chr1	157660699	157662966	ENSG00000231434[1,1,1]	0	+	157660699	157660699	0	1	2267,	0,	chr1	157660749	157662916	retro_human_185|AL365440.1-201|processed_pseudogene	0	+	HSP90AA3P	2167
chr1	160031965	160033162	ENSG00000213080[1,1,1]	0	+	160031965	160031965	0	1	1197,	0,	chr1	160032015	160033112	retro_human_3079|AL354714.2-201|processed_pseudogene	0	+	LOC646347	1097
chr1	160171858	160172131	ENSG00000232879[1,1,1]	0	+	160171858	160171858	0	1	273,	0,	chr1	160171908	160172081	AL591806.1-201|processed_pseudogene	0	+	GLRX5P2	173
chr1	160327144	160331717	ENSG00000158859[3,4,5]	0	-	160328585	160331487	255	5	1865,176,176,187,338,	0,2365,3513,3940,4235,	chr1	160328736	160329682	retro_human_7216	0	-	ADAMTS4	946
chr1	160327144	160336545	ENSG00000158859[1,1,5]	0	-	160328585	160336068	0	9	1865,176,176,187,287,171,133,324,1110,	0,2365,3513,3940,4235,5765,6467,6853,8291,	chr1	160328736	160329682	retro_human_7216	0	-	ADAMTS4	946
chr1	160327144	160335594	ENSG00000158859[5,1,5]	0	-	160328585	160335492	0	9	1865,176,176,187,287,171,133,324,159,	0,2365,3513,3940,4235,5765,6467,6853,8291,	chr1	160328736	160329682	retro_human_7216	0	-	ADAMTS4	946
chr1	160950580	160952607	ENSG00000225217[1,1,1]	0	+	160950580	160950580	0	1	2027,	0,	chr1	160950652	160952464	retro_human_8958	0	+	HSPA7	1812
chr1	161235069	161236533	ENSG00000229808[1,1,2]	0	+	161235226	161235616	0	1	1464,	0,	chr1	161235119	161236483	retro_human_8959|AL391825.1-201|transcribed_processed_pseudogene	0	+	LOC100422526,ATF6	1364
chr1	161235069	161236533	ENSG00000229808[1,1,2]	0	+	161235226	161235616	0	1	1464,	0,	chr1	161235226	161235967	AL391825.1-202|transcribed_processed_pseudogene	0	+	LOC100422526,ATF6	741
chr1	164267616	164268028	ENSG00000225487[1,1,1]	0	-	164267616	164267616	0	1	412,	0,	chr1	164267666	164267978	retro_human_4662|AL390119.1-201|processed_pseudogene	0	-	RPL35AP7	312
chr1	165017642	165018212	ENSG00000230175[1,1,1]	0	+	165017642	165017642	0	1	570,	0,	chr1	165017692	165018162	retro_human_3472|AL451074.4-201|processed_pseudogene	0	+	RPS13P1	470
chr1	165022692	165023264	ENSG00000225272[1,1,1]	0	+	165022692	165022692	0	1	572,	0,	chr1	165022742	165023214	retro_human_3473|AL451074.3-201|processed_pseudogene	0	+	RPL21P27	472
chr1	165621622	165623691	ENSG00000215835[1,1,1]	0	-	165621622	165621622	0	1	2069,	0,	chr1	165621672	165623641	retro_human_7732|AL596087.1-201|processed_pseudogene	0	-	LOC284685	1969
chr1	166509410	166509925	ENSG00000213068[1,1,1]	0	-	166509410	166509410	0	1	515,	0,	chr1	166509460	166509875	retro_human_7730|AL451050.1-201|processed_pseudogene	0	-	RPS17P6	415
chr1	166880519	166905310	ENSG00000143162[1,2,2]	0	-	166884743	166905196	0	5	1189,135,185,120,468,	0,4195,17037,18938,24323,	chr1	166897565	166905031	retro_human_7729	0	-	CREG1	7466
chr1	166880959	166905310	ENSG00000143162[1,2,3]	0	-	166884743	166905196	0	5	749,135,185,120,468,	0,3755,16597,18498,23883,	chr1	166897565	166905031	retro_human_7729	0	-	CREG1	7466
chr1	166880959	166905310	ENSG00000143162[1,1,3]	0	-	166893757	166905196	0	4	12799,185,120,468,	0,16597,18498,23883,	chr1	166897565	166905031	retro_human_7729	0	-	CREG1	7466
chr1	166892419	166905310	ENSG00000143162[1,4,1]	0	-	166893757	166905196	255	4	1339,185,117,468,	0,5137,7038,12423,	chr1	166897565	166905031	retro_human_7729	0	-	CREG1	7466
chr1	166892419	166905310	ENSG00000143162[1,3,1]	0	-	166893757	166905196	255	3	1339,185,468,	0,5137,12423,	chr1	166897565	166905031	retro_human_7729	0	-	CREG1	7466
chr1	166892419	166905310	ENSG00000143162[1,5,1]	0	-	166897555	166905196	255	3	5322,120,468,	0,7038,12423,	chr1	166897565	166905031	retro_human_7729	0	-	CREG1	7466
chr1	166892419	166905310	ENSG00000143162[1,1,1]	0	-	166893757	166905196	0	4	1339,185,120,468,	0,5137,7038,12423,	chr1	166897565	166905031	retro_human_7729	0	-	CREG1	7466
chr1	167597015	167598895	ENSG00000214262[1,1,1]	0	-	167597015	167597015	0	1	1880,	0,	chr1	167597065	167598845	retro_human_7727|ANKRD36BP1-201|transcribed_processed_pseudogene	0	-	ANKRD36BP1,SFT2D2	1780
chr1	167597015	167598895	ENSG00000214262[1,1,1]	0	-	167597015	167597015	0	1	1880,	0,	chr1	167597289	167598706	ANKRD36BP1-202|transcribed_processed_pseudogene	0	-	ANKRD36BP1,SFT2D2	1417
chr1	167597239	167598895	ENSG00000214262[1,1,2]	0	-	167597239	167597239	0	1	1656,	0,	chr1	167597065	167598845	retro_human_7727|ANKRD36BP1-201|transcribed_processed_pseudogene	0	-	ANKRD36BP1,SFT2D2	1606
chr1	167597239	167598895	ENSG00000214262[1,1,2]	0	-	167597239	167597239	0	1	1656,	0,	chr1	167597289	167598706	ANKRD36BP1-202|transcribed_processed_pseudogene	0	-	ANKRD36BP1,SFT2D2	1417
chr1	167895813	167899139	ENSG00000143185[1,1,1]	0	-	167896045	167899056	0	3	398,115,144,	0,1271,3182,	chr1	167897828	167898446	retro_human_1763|AL031736.1-201|processed_pseudogene	0	+	RPL7AP19	618
chr1	167897778	167898496	ENSG00000227777[1,1,1]	0	+	167897778	167897778	0	1	718,	0,	chr1	167897828	167898446	retro_human_1763|AL031736.1-201|processed_pseudogene	0	+	RPL7AP19	618
chr1	167931514	167937211	ENSG00000143184[2,1,1]	0	+	167931729	167936309	0	3	276,115,1068,	0,3640,4629,	chr1	167933744	167934531	retro_human_7725|AL031736.2-201|processed_pseudogene	0	-	RPL7AP21	787
chr1	167931646	167937211	ENSG00000143184[1,1,1]	0	+	167931729	167936309	0	3	144,115,1068,	0,3508,4497,	chr1	167933744	167934531	retro_human_7725|AL031736.2-201|processed_pseudogene	0	-	RPL7AP21	787
chr1	167931646	167936544	ENSG00000143184[1,1,2]	0	+	167931729	167936309	0	3	144,115,401,	0,3508,4497,	chr1	167933744	167934531	retro_human_7725|AL031736.2-201|processed_pseudogene	0	-	RPL7AP21	787
chr1	167933694	167934581	ENSG00000229757[1,1,1]	0	-	167933694	167933694	0	1	887,	0,	chr1	167933744	167934531	retro_human_7725|AL031736.2-201|processed_pseudogene	0	-	RPL7AP21	787
chr1	170439857	170441598	ENSG00000226552[1,1,1]	0	+	170439857	170439857	0	1	1741,	0,	chr1	170439907	170441548	retro_human_7749|BX284613.1-201|processed_pseudogene	0	+	LOC646804	1641
chr1	178941656	178944227	ENSG00000227141[1,1,1]	0	+	178941656	178941656	0	1	2571,	0,	chr1	178941706	178944177	retro_human_8142|AL160286.1-201|processed_pseudogene	0	+	LOC126860	2471
chr1	183929686	183931111	ENSG00000232036[1,1,1]	0	+	183930428	183930929	0	1	1425,	0,	chr1	183929736	183931061	retro_human_2698|AL078645.2-201|processed_pseudogene	0	+	LOC100129573	1325
chr1	184637697	184638770	ENSG00000238061[1,1,1]	0	+	184638524	184638650	0	1	1073,	0,	chr1	184637747	184638720	retro_human_6969|AL356273.2-201|processed_pseudogene	0	+	LOC100422414	973
chr1	192063161	192063783	ENSG00000231767[1,1,1]	0	+	192063262	192063730	0	1	622,	0,	chr1	192063262	192063730	retro_human_6960	0	+	MIR4426,RPS27AP5	468
chr1	196300964	196329134	ENSG00000143278[1,1,3]	0	-	196301204	196329047	0	12	271,214,183,201,183,186,180,177,177,186,201,151,	0,1381,11556,13493,16574,17872,18145,21225,21758,22643,23716,28019,	chr1	196318838	196322343	retro_human_5867	0	-	F13B	3505
chr1	201700417	201701688	ENSG00000232626[1,1,1]	0	+	201701033	201701207	0	1	1271,	0,	chr1	201700467	201701638	retro_human_3643|AC099336.1-201|transcribed_processed_pseudogene	0	+	LOC100420423	1171
chr1	201701516	201702079	ENSG00000232626[2,1,2]	0	+	201701561	201701801	0	1	563,	0,	chr1	201700467	201701638	retro_human_3643|AC099336.1-201|transcribed_processed_pseudogene	0	+	LOC100420423	122
chr1	201701516	201702079	ENSG00000232626[2,1,2]	0	+	201701561	201701801	0	1	563,	0,	chr1	201701566	201702029	AC099336.1-202|transcribed_processed_pseudogene	0	+	LOC100420423	463
chr1	201733608	201733962	ENSG00000236439[1,1,1]	0	-	201733608	201733608	0	1	354,	0,	chr1	201733658	201733912	retro_human_510|AC099336.2-201|processed_pseudogene	0	-	RPS27P8	254
chr1	202029383	202029673	ENSG00000235449[1,1,1]	0	-	202029383	202029383	0	1	290,	0,	chr1	202029433	202029623	retro_human_509|AC098934.2-201|processed_pseudogene	0	-	COX7CP2	190
chr1	202124376	202137968	ENSG00000234996[1,3,2]	0	+	202124376	202124376	255	2	106,2236,	0,11356,	chr1	202124426	202137918	AC098934.1-201|transcribed_processed_pseudogene	0	+	ACTG1P25	13492
chr1	202124376	202137968	ENSG00000234996[1,2,2]	0	+	202124376	202124376	0	3	106,80,2236,	0,10500,11356,	chr1	202124426	202137918	AC098934.1-201|transcribed_processed_pseudogene	0	+	ACTG1P25	13492
chr1	202135919	202137052	ENSG00000234996[2,1,1]	0	+	202135919	202135919	0	1	1133,	0,	chr1	202135969	202137002	retro_human_9120|AC098934.1-202|transcribed_processed_pseudogene	0	+	ACTG1P25	1033
chr1	203611277	203611861	ENSG00000219133[1,1,1]	0	-	203611331	203611811	0	1	584,	0,	chr1	203611328	203611811	retro_human_5486|AL592114.1-201|processed_pseudogene	0	-	RPL21P19	483
chr1	203659087	203659421	ENSG00000237848[1,1,1]	0	+	203659087	203659087	0	1	334,	0,	chr1	203659137	203659371	retro_human_9124|AL606489.2-201|processed_pseudogene	0	+	LOC124904489	234
chr1	203793191	203794139	ENSG00000236779[1,1,1]	0	-	203793191	203793191	0	1	948,	0,	chr1	203793241	203794089	retro_human_5491|AL512306.1-201|processed_pseudogene	0	-	LOC100291628	848
chr1	204355499	204356383	ENSG00000271580[1,1,1]	0	+	204355499	204355499	0	1	884,	0,	chr1	204355549	204356333	retro_human_3245|AL583832.1-201|processed_pseudogene	0	+	GYG2P2	784
chr1	204466507	204467159	ENSG00000213041[1,1,1]	0	+	204466507	204466507	0	1	652,	0,	chr1	204466557	204467109	retro_human_3243|AC093422.1-201|processed_pseudogene	0	+	RPL17P8	552
chr1	205793057	205793949	ENSG00000234981[1,1,1]	0	+	205793107	205793896	0	1	892,	0,	chr1	205793107	205793899	retro_human_3240|AC244034.1-201|processed_pseudogene	0	+	RPL7AP20	792
chr1	205959971	205960504	ENSG00000224114[1,1,1]	0	-	205959971	205959971	0	1	533,	0,	chr1	205960021	205960454	retro_human_102|AL591846.1-201|processed_pseudogene	0	-	RPS14P1	433
chr1	206168535	206174597	ENSG00000162894[5,12,10]	0	-	206169326	206174137	255	4	917,59,144,84,	0,5230,5493,5978,	chr1	206171922	206172533	retro_human_3248|AC098935.1-201|processed_pseudogene	0	+	RPL13AP8	611
chr1	206168535	206174299	ENSG00000162894[2,11,10]	0	-	206173888	206174212	255	2	917,534,	0,5230,	chr1	206171922	206172533	retro_human_3248|AC098935.1-201|processed_pseudogene	0	+	RPL13AP8	611
chr1	206168535	206173902	ENSG00000162894[4,11,10]	0	-	206169109	206169349	255	2	917,137,	0,5230,	chr1	206171922	206172533	retro_human_3248|AC098935.1-201|processed_pseudogene	0	+	RPL13AP8	611
chr1	206168535	206174597	ENSG00000162894[5,4,10]	0	-	206169326	206174212	0	3	917,59,569,	0,5230,5493,	chr1	206171922	206172533	retro_human_3248|AC098935.1-201|processed_pseudogene	0	+	RPL13AP8	611
chr1	206168535	206174299	ENSG00000162894[2,4,10]	0	-	206169326	206174212	0	3	917,59,271,	0,5230,5493,	chr1	206171922	206172533	retro_human_3248|AC098935.1-201|processed_pseudogene	0	+	RPL13AP8	611
chr1	206168779	206174299	ENSG00000162894[2,4,2]	0	-	206169326	206174212	0	3	673,59,271,	0,4986,5249,	chr1	206171922	206172533	retro_human_3248|AC098935.1-201|processed_pseudogene	0	+	RPL13AP8	611
chr1	206171872	206172583	ENSG00000226945[1,1,1]	0	+	206171872	206171872	0	1	711,	0,	chr1	206171922	206172533	retro_human_3248|AC098935.1-201|processed_pseudogene	0	+	RPL13AP8	611
chr1	207456641	207491154	ENSG00000076356[1,10,5]	0	-	207456875	207464640	255	3	540,1268,786,	0,6811,33727,	chr1	207456876	207464502	retro_human_101	0	-	LOC105372884,PLXNA2	7626
chr1	207456641	207463941	ENSG00000076356[7,5,5]	0	-	207456875	207457076	0	2	540,489,	0,6811,	chr1	207456876	207464502	retro_human_101	0	-	LOC105372884,PLXNA2	7065
chr1	207456641	207463782	ENSG00000076356[5,5,5]	0	-	207456875	207457076	0	2	540,330,	0,6811,	chr1	207456876	207464502	retro_human_101	0	-	LOC105372884,PLXNA2	6906
chr1	207460888	207491154	ENSG00000076356[1,9,9]	0	-	207463416	207464640	255	2	3832,786,	0,29480,	chr1	207456876	207464502	retro_human_101	0	-	LOC105372884,PLXNA2	3614
chr1	208478954	208480278	ENSG00000224540[1,1,1]	0	+	208478954	208478954	0	1	1324,	0,	chr1	208479004	208480228	retro_human_8690|AC092810.1-201|processed_pseudogene	0	+	TFDP1P1	1224
chr1	210419097	210419559	ENSG00000234004[1,1,1]	0	+	210419097	210419097	0	1	462,	0,	chr1	210419147	210419509	retro_human_8689|AC092017.1-201|processed_pseudogene	0	+	RPS25P2	362
chr1	212068948	212069527	ENSG00000236905[1,1,1]	0	+	212068948	212068948	0	1	579,	0,	chr1	212068998	212069477	retro_human_2834|AC104333.3-201|processed_pseudogene	0	+	RPS5P4	479
chr1	213771684	213773057	ENSG00000215819[1,1,1]	0	+	213771684	213771684	0	1	1373,	0,	chr1	213771734	213773007	retro_human_2836|KRT18P12-201|processed_pseudogene	0	+	KRT18P12,PTPN14	1273
chr1	213842398	213857975	ENSG00000117724[1,7,7]	0	+	213853007	213857946	255	4	177,203,197,174,	0,10568,11686,15403,	chr1	213844940	213848094	retro_human_5214	0	-	ABHD17AP3	3154
chr1	213842398	213854493	ENSG00000117724[1,2,3]	0	+	213853007	213854282	0	3	177,203,409,	0,10568,11686,	chr1	213844940	213848094	retro_human_5214	0	-	ABHD17AP3	3154
chr1	219446842	219447607	ENSG00000270585[1,1,1]	0	+	219446842	219446842	0	1	765,	0,	chr1	219446892	219447557	retro_human_8299|AL445435.1-201|processed_pseudogene	0	+	SNX2P1	665
chr1	219866906	219867813	ENSG00000233012[2,1,2]	0	+	219867066	219867336	0	1	907,	0,	chr1	219865446	219867155	retro_human_8304|HDAC1P2-201|transcribed_processed_pseudogene	0	+	HDAC1P2,MARK1	249
chr1	219866906	219867813	ENSG00000233012[2,1,2]	0	+	219867066	219867336	0	1	907,	0,	chr1	219866956	219867763	HDAC1P2-202|transcribed_processed_pseudogene	0	+	HDAC1P2,MARK1	807
chr1	220941204	220976782	ENSG00000143507[3,3,1]	0	-	220942244	220946081	0	3	1303,372,108,	0,4720,35470,	chr1	220942281	220946147	retro_human_4044	0	-	DUSP10	3866
chr1	223046256	223047165	ENSG00000227621[1,1,1]	0	-	223046256	223046256	0	1	909,	0,	chr1	223046306	223047115	retro_human_9521|PHBP11-201|processed_pseudogene	0	-	PHB1P11	809
chr1	223364668	223364999	ENSG00000236773[1,1,1]	0	-	223364668	223364668	0	1	331,	0,	chr1	223364718	223364949	retro_human_9519|AC092809.3-201|processed_pseudogene	0	-	LOC724084	231
chr1	225314981	225315250	ENSG00000270598[1,1,1]	0	+	225314981	225314981	0	1	269,	0,	chr1	225315031	225315200	retro_human_2427|AL512343.1-201|processed_pseudogene	0	+	LOC112268255	169
chr1	225376695	225377147	ENSG00000223570[1,1,1]	0	-	225376695	225376695	0	1	452,	0,	chr1	225376745	225377097	retro_human_1304|AL592045.1-201|processed_pseudogene	0	-	RPL34P7	352
chr1	227652674	227653156	ENSG00000181201[1,1,1]	0	-	227652674	227652674	0	1	482,	0,	chr1	227652727	227653007	retro_human_9131	0	-	H2BC27P	280
chr1	230402455	230403128	ENSG00000227934[1,1,1]	0	+	230402455	230402455	0	1	673,	0,	chr1	230402505	230403078	retro_human_2070|AL732414.1-201|processed_pseudogene	0	+	LOC644006	573
chr1	233675026	233675696	ENSG00000232166[1,1,1]	0	+	233675107	233675263	0	1	670,	0,	chr1	233675076	233675646	retro_human_2073|AL122008.2-201|processed_pseudogene	0	+	RPL9P10	570
chr1	233746782	233747320	ENSG00000235605[1,1,1]	0	-	233746782	233746782	0	1	538,	0,	chr1	233746832	233747270	retro_human_5746|AL355472.1-201|processed_pseudogene	0	-	RPS15P2	438
chr1	234828819	234829166	ENSG00000229795[1,1,1]	0	+	234828869	234829079	0	1	347,	0,	chr1	234828869	234829116	retro_human_2075|RPS21P1-201|transcribed_processed_pseudogene	0	+	RPS21P1,TBCE	247
chr1	235011106	235012930	ENSG00000227236[1,1,1]	0	+	235011106	235011106	0	1	1824,	0,	chr1	235011156	235012880	retro_human_4040|AL583844.1-201|processed_pseudogene	0	+	LOC100131725	1724
chr1	235134624	235135709	ENSG00000235674[1,1,1]	0	+	235134624	235134624	0	1	1085,	0,	chr1	235134674	235135659	retro_human_4039|LDHAP2-201|processed_pseudogene	0	+	LDHAP2,LYST	985
chr1	235882882	235884286	ENSG00000244457[1,1,1]	0	+	235882932	235884096	0	1	1404,	0,	chr1	235882932	235884236	retro_human_4041|ENO1P1-201|transcribed_processed_pseudogene	0	+	ENO1P1,EDARADD	1304
chr1	240409588	240410032	ENSG00000238085[1,1,1]	0	-	240409796	240409982	0	1	444,	0,	chr1	240409638	240409982	AL590682.1-201|processed_pseudogene	0	-	RPLP1P2	344
chr1	244110630	244111019	ENSG00000232059[1,1,1]	0	-	244110630	244110630	0	1	389,	0,	chr1	244110680	244110969	retro_human_4466|AL451007.1-201|processed_pseudogene	0	-	RPL37P8	289
chr1	246474336	246475667	ENSG00000215796[1,1,1]	0	+	246474336	246474336	0	1	1331,	0,	chr1	246474386	246475617	retro_human_140|AL512637.1-201|processed_pseudogene	0	+	LOC100420880	1231
chr1	246631211	246644037	ENSG00000227671[2,5,4]	0	-	246631211	246631211	255	3	1375,127,216,	0,1986,12610,	chr1	246623654	246633327	retro_human_11015	0	-	ZNF731P	2116
chr1	246631211	246644037	ENSG00000227671[2,2,4]	0	-	246631211	246631211	0	4	1375,127,80,216,	0,1986,3935,12610,	chr1	246623654	246633327	retro_human_11015	0	-	ZNF731P	2116
chr1	247361851	247363500	ENSG00000226191[1,1,1]	0	-	247361851	247361851	0	1	1649,	0,	chr1	247361901	247363450	retro_human_5695|CLK3P2-201|processed_pseudogene	0	-	OR2L13,CLK3P2	1549
chr2	18586783	18592843	ENSG00000240857[1,1,1]	0	-	18587304	18592686	0	2	1136,550,	0,5510,	chr2	18587311	18592614	retro_human_11181	0	-	RDH14,NT5C1B-RDH14	5303
chr2	18587182	18592843	ENSG00000240857[1,2,2]	0	-	18587304	18587862	0	2	737,100,	0,5561,	chr2	18587311	18592614	retro_human_11181	0	-	RDH14,NT5C1B-RDH14	5303
chr2	30790681	30791039	ENSG00000230118[1,1,1]	0	-	30790709	30790838	0	1	358,	0,	chr2	30790731	30790989	AC092569.1-201|processed_pseudogene	0	-	CAPN13	258
chr2	37155596	37156471	ENSG00000224891[1,1,1]	0	+	37155596	37155596	0	1	875,	0,	chr2	37155646	37156421	retro_human_2279|ARL14EPP1-201|processed_pseudogene	0	+	ARL14EPP1,EIF2AK2	775
chr2	38073985	38083359	ENSG00000138061[5,1,8]	0	-	38077610	38082274	0	3	4211,1044,694,	0,7246,8680,	chr2	38077704	38082124	retro_human_10336	0	-	CYP1B1	4420
chr2	38073985	38083090	ENSG00000138061[1,1,8]	0	-	38077610	38082274	0	3	4211,1044,425,	0,7246,8680,	chr2	38077704	38082124	retro_human_10336	0	-	CYP1B1	4420
chr2	38074344	38083359	ENSG00000138061[5,8,1]	0	-	38077610	38082274	255	2	3852,2128,	0,6887,	chr2	38077704	38082124	retro_human_10336	0	-	CYP1B1	4420
chr2	38074344	38083359	ENSG00000138061[5,1,1]	0	-	38077610	38082274	0	3	3852,1044,694,	0,6887,8321,	chr2	38077704	38082124	retro_human_10336	0	-	CYP1B1	4420
chr2	38074344	38084234	ENSG00000138061[7,1,1]	0	-	38077610	38082274	0	3	3852,1044,1569,	0,6887,8321,	chr2	38077704	38082124	retro_human_10336	0	-	CYP1B1	4420
chr2	38074344	38083670	ENSG00000138061[6,1,1]	0	-	38077610	38082274	0	3	3852,1044,1005,	0,6887,8321,	chr2	38077704	38082124	retro_human_10336	0	-	CYP1B1	4420
chr2	38074344	38083090	ENSG00000138061[1,1,1]	0	-	38077610	38082274	0	3	3852,1044,425,	0,6887,8321,	chr2	38077704	38082124	retro_human_10336	0	-	CYP1B1	4420
chr2	38075125	38083090	ENSG00000138061[1,1,9]	0	-	38077610	38082274	0	3	3071,1044,425,	0,6106,7540,	chr2	38077704	38082124	retro_human_10336	0	-	CYP1B1	4420
chr2	38075125	38084234	ENSG00000138061[7,1,9]	0	-	38077610	38082274	0	3	3071,1044,1569,	0,6106,7540,	chr2	38077704	38082124	retro_human_10336	0	-	CYP1B1	4420
chr2	38075125	38083359	ENSG00000138061[5,1,9]	0	-	38077610	38082274	0	3	3071,1044,694,	0,6106,7540,	chr2	38077704	38082124	retro_human_10336	0	-	CYP1B1	4420
chr2	38075722	38083090	ENSG00000138061[1,1,10]	0	-	38077610	38082274	0	3	2474,1044,425,	0,5509,6943,	chr2	38077704	38082124	retro_human_10336	0	-	CYP1B1	4420
chr2	38075722	38083670	ENSG00000138061[6,1,10]	0	-	38077610	38082274	0	3	2474,1044,1005,	0,5509,6943,	chr2	38077704	38082124	retro_human_10336	0	-	CYP1B1	4420
chr2	38075722	38083359	ENSG00000138061[5,1,10]	0	-	38077610	38082274	0	3	2474,1044,694,	0,5509,6943,	chr2	38077704	38082124	retro_human_10336	0	-	CYP1B1	4420
chr2	38076764	38083090	ENSG00000138061[1,8,11]	0	-	38077610	38082274	255	2	1432,1859,	0,4467,	chr2	38077704	38082124	retro_human_10336	0	-	CYP1B1	4420
chr2	38076764	38083090	ENSG00000138061[1,2,11]	0	-	38077610	38082274	0	3	1432,1044,429,	0,4467,5897,	chr2	38077704	38082124	retro_human_10336	0	-	CYP1B1	4420
chr2	38076764	38083090	ENSG00000138061[1,1,11]	0	-	38077610	38082274	0	3	1432,1044,425,	0,4467,5901,	chr2	38077704	38082124	retro_human_10336	0	-	CYP1B1	4420
chr2	38076764	38084234	ENSG00000138061[7,1,11]	0	-	38077610	38082274	0	3	1432,1044,1569,	0,4467,5901,	chr2	38077704	38082124	retro_human_10336	0	-	CYP1B1	4420
chr2	38076764	38083670	ENSG00000138061[6,1,11]	0	-	38077610	38082274	0	3	1432,1044,1005,	0,4467,5901,	chr2	38077704	38082124	retro_human_10336	0	-	CYP1B1	4420
chr2	38076764	38083359	ENSG00000138061[5,1,11]	0	-	38077610	38082274	0	3	1432,1044,694,	0,4467,5901,	chr2	38077704	38082124	retro_human_10336	0	-	CYP1B1	4420
chr2	38077317	38083090	ENSG00000138061[1,2,2]	0	-	38077610	38082274	0	3	879,1044,429,	0,3914,5344,	chr2	38077704	38082124	retro_human_10336	0	-	CYP1B1	4420
chr2	38077822	38080872	ENSG00000138061[4,5,5]	0	-	38077960	38080546	0	2	374,471,	0,2579,	chr2	38077704	38082124	retro_human_10336	0	-	CYP1B1	3050
chr2	43685744	43687002	ENSG00000229695[1,1,1]	0	-	43685744	43685744	0	1	1258,	0,	chr2	43685794	43686952	AC011242.1-201|processed_pseudogene	0	-	LOC100421122	1158
chr2	47695662	47696293	ENSG00000230979[1,1,1]	0	-	47695662	47695662	0	1	631,	0,	chr2	47695712	47696243	retro_human_9044|AC079250.1-201|processed_pseudogene	0	-	RPL18AP6	531
chr2	57755913	57765796	ENSG00000271615[1,2,1]	0	+	57755913	57755913	0	2	410,549,	0,9334,	chr2	57755963	57765746	ACTG1P22-202|transcribed_processed_pseudogene	0	+	ACTG1P22	9783
chr2	58465075	58466916	ENSG00000231043[1,1,1]	0	-	58465075	58465075	0	1	1841,	0,	chr2	58465125	58466866	retro_human_3164|AC007238.1-201|processed_pseudogene	0	-	LOC644456	1741
chr2	69856726	69857250	ENSG00000275381[1,1,1]	0	-	69856726	69856726	0	1	524,	0,	chr2	69856776	69857200	AC019206.1-201|processed_pseudogene	0	-	GMCL1	424
chr2	74522964	74525376	ENSG00000115297[1,1,2]	0	+	74523371	74524751	0	3	807,238,839,	0,1233,1573,	chr2	74524152	74524433	retro_human_7541	0	+	TLX2	281
chr2	74522964	74525763	ENSG00000115297[1,1,1]	0	+	74523371	74524751	0	3	807,238,1226,	0,1233,1573,	chr2	74524152	74524433	retro_human_7541	0	+	TLX2	281
chr2	74526645	74534896	ENSG00000144045[1,1,1]	0	-	74527013	74534294	0	12	522,191,191,120,192,159,100,228,385,194,256,196,	0,959,1475,1834,4499,4775,5038,5229,5842,6928,7412,8055,	chr2	74532506	74533977	retro_human_5529	0	-	DQX1	1471
chr2	74526645	74534896	ENSG00000144045[1,2,1]	0	-	74527013	74534294	0	12	522,191,191,120,192,159,100,228,385,194,256,192,	0,959,1475,1834,4499,4775,5038,5229,5842,6928,7412,8059,	chr2	74532506	74533977	retro_human_5529	0	-	DQX1	1471
chr2	74532542	74534896	ENSG00000144045[1,7,4]	0	-	74532798	74533631	0	3	330,194,196,	0,1031,2158,	chr2	74532506	74533977	retro_human_5529	0	-	DQX1	1435
chr2	78442757	78443929	ENSG00000270470[1,1,1]	0	+	78442757	78442757	0	1	1172,	0,	chr2	78442807	78443879	AC064872.1-201|processed_pseudogene	0	+	LOC100421651	1072
chr2	91937629	91938775	ENSG00000232531[1,1,1]	0	-	91937629	91937629	0	1	1146,	0,	chr2	91937679	91938726	retro_human_7783|KMT5AP2-201|processed_pseudogene	0	-	KMT5AP2,IGSF3P2	1047
chr2	95267242	95267685	ENSG00000232502[1,1,1]	0	-	95267242	95267242	0	1	443,	0,	chr2	95267292	95267635	AC073464.1-201|processed_pseudogene	0	-	ANKRD20A8P,FAM95A	343
chr2	95942564	95943088	ENSG00000227120[1,1,1]	0	+	95942564	95942564	0	1	524,	0,	chr2	95942614	95943038	AC009238.1-201|processed_pseudogene	0	+	LOC124906048	424
chr2	96031540	96033234	ENSG00000272913[1,1,1]	0	-	96031540	96031540	0	1	1694,	0,	chr2	96031828	96033152	retro_human_1315	0	+	ANKRD33BP1,LINC03052	1324
chr2	96032399	96038937	ENSG00000229689[4,1,2]	0	+	96032399	96032399	0	1	6538,	0,	chr2	96031828	96033152	retro_human_1315	0	+	ANKRD33BP1,LINC03052	753
chr2	96146749	96147273	ENSG00000235959[1,1,1]	0	-	96146749	96146749	0	1	524,	0,	chr2	96146799	96147223	AC009237.6-201|processed_pseudogene	0	-	LOC124905589	424
chr2	96148202	96148649	ENSG00000236750[1,1,1]	0	-	96148202	96148202	0	1	447,	0,	chr2	96148252	96148599	AC009237.9-201|processed_pseudogene	0	-	LOC124905589	347
chr2	101834235	101834804	ENSG00000226058[1,1,1]	0	+	101834235	101834235	0	1	569,	0,	chr2	101834285	101834754	retro_human_1696|AC092570.1-201|processed_pseudogene	0	+	LOC107985789	469
chr2	110409144	110410700	ENSG00000225108[1,1,1]	0	-	110409144	110409144	0	1	1556,	0,	chr2	110409194	110410650	ZBTB45P1-1|processed_pseudogene	0	-	LINC01123,ZBTB45P1	1456
chr2	110783032	110786262	ENSG00000230650[1,1,1]	0	-	110783032	110783032	0	1	3230,	0,	chr2	110783082	110786212	retro_human_9073|AC140479.2-201|processed_pseudogene	0	-	LOC442041	3130
chr2	110797561	110806963	ENSG00000175772[2,4,1]	0	-	110797561	110797561	255	2	1981,178,	0,9224,	chr2	110805582	110807113	retro_human_9103|ZBTB45P2-201|processed_pseudogene	0	+	ZBTB45P2,LINC01106,LIMS4	1381
chr2	110797561	110806963	ENSG00000175772[2,2,1]	0	-	110797561	110797561	0	3	1981,185,178,	0,2562,9224,	chr2	110805582	110807113	retro_human_9103|ZBTB45P2-201|processed_pseudogene	0	+	ZBTB45P2,LINC01106,LIMS4	1381
chr2	110805532	110807163	ENSG00000226065[1,1,1]	0	+	110805532	110805532	0	1	1631,	0,	chr2	110805582	110807113	retro_human_9103|ZBTB45P2-201|processed_pseudogene	0	+	ZBTB45P2,LINC01106,LIMS4	1531
chr2	110808797	110810684	ENSG00000230596[2,1,1]	0	-	110808797	110808797	0	1	1887,	0,	chr2	110808847	110810634	retro_human_9074|GPAA1P2-202|transcribed_processed_pseudogene	0	-	GPAA1P2,LIMS4	1787
chr2	110808797	110810684	ENSG00000230596[2,1,1]	0	-	110808797	110808797	0	1	1887,	0,	chr2	110808984	110809912	GPAA1P2-201|transcribed_processed_pseudogene	0	-	GPAA1P2,LIMS4	928
chr2	110808797	110809962	ENSG00000230596[1,1,1]	0	-	110808797	110808797	0	1	1165,	0,	chr2	110808847	110810634	retro_human_9074|GPAA1P2-202|transcribed_processed_pseudogene	0	-	GPAA1P2,LIMS4	1115
chr2	110808797	110809962	ENSG00000230596[1,1,1]	0	-	110808797	110808797	0	1	1165,	0,	chr2	110808984	110809912	GPAA1P2-201|transcribed_processed_pseudogene	0	-	GPAA1P2,LIMS4	928
chr2	113048385	113048845	ENSG00000231747[1,1,1]	0	-	113048385	113048385	0	1	460,	0,	chr2	113048436	113048795	retro_human_3589|AC079922.1-201|processed_pseudogene	0	-	RPS20P11	359
chr2	128281922	128282371	ENSG00000244563[1,1,1]	0	-	128281922	128281922	0	1	449,	0,	chr2	128281972	128282321	retro_human_10381|RPS26P19-201|processed_pseudogene	0	-	RPS26P19,POLR2D	349
chr2	131927530	131956397	ENSG00000152117[1,11,2]	0	+	131927530	131927530	255	18	378,84,87,147,76,109,53,151,131,72,146,91,101,164,206,234,132,1527,	0,4447,6104,7441,7743,8199,8418,8595,13555,15780,22845,23557,24100,24970,25746,26293,26778,27340,	chr2	131927580	131955195	SMPD4BP-201|transcribed_processed_pseudogene	0	+	SMPD4BP,MZT2A	27615
chr2	131927530	131956397	ENSG00000152117[1,11,2]	0	+	131927530	131927530	255	18	378,84,87,147,76,109,53,151,131,72,146,91,101,164,206,234,132,1527,	0,4447,6104,7441,7743,8199,8418,8595,13555,15780,22845,23557,24100,24970,25746,26293,26778,27340,	chr2	131927580	131956347	SMPD4BP-202|transcribed_processed_pseudogene	0	+	SMPD4BP,MZT2A	28767
chr2	131927530	131956397	ENSG00000152117[1,11,2]	0	+	131927530	131927530	255	18	378,84,87,147,76,109,53,151,131,72,146,91,101,164,206,234,132,1527,	0,4447,6104,7441,7743,8199,8418,8595,13555,15780,22845,23557,24100,24970,25746,26293,26778,27340,	chr2	131927591	131956356	CHM13_T0127943|transcribed_processed_pseudogene	0	+	SMPD4BP,MZT2A	28765
chr2	131927530	131956397	ENSG00000152117[1,10,2]	0	+	131927530	131927530	255	17	378,84,87,143,76,109,53,151,131,72,91,101,164,206,234,132,1527,	0,4447,6104,7441,7743,8199,8418,8595,13555,15780,23557,24100,24970,25746,26293,26778,27340,	chr2	131927580	131955195	SMPD4BP-201|transcribed_processed_pseudogene	0	+	SMPD4BP,MZT2A	27615
chr2	131927530	131956397	ENSG00000152117[1,10,2]	0	+	131927530	131927530	255	17	378,84,87,143,76,109,53,151,131,72,91,101,164,206,234,132,1527,	0,4447,6104,7441,7743,8199,8418,8595,13555,15780,23557,24100,24970,25746,26293,26778,27340,	chr2	131927580	131956347	SMPD4BP-202|transcribed_processed_pseudogene	0	+	SMPD4BP,MZT2A	28767
chr2	131927530	131956397	ENSG00000152117[1,10,2]	0	+	131927530	131927530	255	17	378,84,87,143,76,109,53,151,131,72,91,101,164,206,234,132,1527,	0,4447,6104,7441,7743,8199,8418,8595,13555,15780,23557,24100,24970,25746,26293,26778,27340,	chr2	131927591	131956356	CHM13_T0127943|transcribed_processed_pseudogene	0	+	SMPD4BP,MZT2A	28765
chr2	131927530	131956397	ENSG00000152117[1,9,2]	0	+	131927530	131927530	255	17	378,84,87,143,76,109,53,151,131,72,146,91,101,164,781,132,1527,	0,4447,6104,7441,7743,8199,8418,8595,13555,15780,22845,23557,24100,24970,25746,26778,27340,	chr2	131927580	131955195	SMPD4BP-201|transcribed_processed_pseudogene	0	+	SMPD4BP,MZT2A	27615
chr2	131927530	131956397	ENSG00000152117[1,9,2]	0	+	131927530	131927530	255	17	378,84,87,143,76,109,53,151,131,72,146,91,101,164,781,132,1527,	0,4447,6104,7441,7743,8199,8418,8595,13555,15780,22845,23557,24100,24970,25746,26778,27340,	chr2	131927580	131956347	SMPD4BP-202|transcribed_processed_pseudogene	0	+	SMPD4BP,MZT2A	28767
chr2	131927530	131956397	ENSG00000152117[1,9,2]	0	+	131927530	131927530	255	17	378,84,87,143,76,109,53,151,131,72,146,91,101,164,781,132,1527,	0,4447,6104,7441,7743,8199,8418,8595,13555,15780,22845,23557,24100,24970,25746,26778,27340,	chr2	131927591	131956356	CHM13_T0127943|transcribed_processed_pseudogene	0	+	SMPD4BP,MZT2A	28765
chr2	131927530	131956397	ENSG00000152117[1,8,2]	0	+	131927530	131927530	255	19	378,84,87,143,76,109,53,151,238,131,72,146,91,101,164,206,234,132,1527,	0,4447,6104,7441,7743,8199,8418,8595,9692,13555,15780,22845,23557,24100,24970,25746,26293,26778,27340,	chr2	131927580	131955195	SMPD4BP-201|transcribed_processed_pseudogene	0	+	SMPD4BP,MZT2A	27615
chr2	131927530	131956397	ENSG00000152117[1,8,2]	0	+	131927530	131927530	255	19	378,84,87,143,76,109,53,151,238,131,72,146,91,101,164,206,234,132,1527,	0,4447,6104,7441,7743,8199,8418,8595,9692,13555,15780,22845,23557,24100,24970,25746,26293,26778,27340,	chr2	131927580	131956347	SMPD4BP-202|transcribed_processed_pseudogene	0	+	SMPD4BP,MZT2A	28767
chr2	131927530	131956397	ENSG00000152117[1,8,2]	0	+	131927530	131927530	255	19	378,84,87,143,76,109,53,151,238,131,72,146,91,101,164,206,234,132,1527,	0,4447,6104,7441,7743,8199,8418,8595,9692,13555,15780,22845,23557,24100,24970,25746,26293,26778,27340,	chr2	131927591	131956356	CHM13_T0127943|transcribed_processed_pseudogene	0	+	SMPD4BP,MZT2A	28765
chr2	131927530	131956397	ENSG00000152117[1,2,2]	0	+	131927530	131927530	0	18	378,84,87,143,76,109,53,151,131,72,146,91,101,164,206,234,132,1527,	0,4447,6104,7441,7743,8199,8418,8595,13555,15780,22845,23557,24100,24970,25746,26293,26778,27340,	chr2	131927580	131955195	SMPD4BP-201|transcribed_processed_pseudogene	0	+	SMPD4BP,MZT2A	27615
chr2	131927530	131956397	ENSG00000152117[1,2,2]	0	+	131927530	131927530	0	18	378,84,87,143,76,109,53,151,131,72,146,91,101,164,206,234,132,1527,	0,4447,6104,7441,7743,8199,8418,8595,13555,15780,22845,23557,24100,24970,25746,26293,26778,27340,	chr2	131927580	131956347	SMPD4BP-202|transcribed_processed_pseudogene	0	+	SMPD4BP,MZT2A	28767
chr2	131927530	131956397	ENSG00000152117[1,2,2]	0	+	131927530	131927530	0	18	378,84,87,143,76,109,53,151,131,72,146,91,101,164,206,234,132,1527,	0,4447,6104,7441,7743,8199,8418,8595,13555,15780,22845,23557,24100,24970,25746,26293,26778,27340,	chr2	131927591	131956356	CHM13_T0127943|transcribed_processed_pseudogene	0	+	SMPD4BP,MZT2A	28765
chr2	131927779	131956397	ENSG00000152117[2,11,2]	0	+	131927779	131927779	255	18	129,84,87,147,76,109,53,151,131,72,146,91,101,164,206,234,132,1527,	0,4198,5855,7192,7494,7950,8169,8346,13306,15531,22596,23308,23851,24721,25497,26044,26529,27091,	chr2	131927580	131955195	SMPD4BP-201|transcribed_processed_pseudogene	0	+	SMPD4BP,MZT2A	27416
chr2	131927779	131956397	ENSG00000152117[2,11,2]	0	+	131927779	131927779	255	18	129,84,87,147,76,109,53,151,131,72,146,91,101,164,206,234,132,1527,	0,4198,5855,7192,7494,7950,8169,8346,13306,15531,22596,23308,23851,24721,25497,26044,26529,27091,	chr2	131927580	131956347	SMPD4BP-202|transcribed_processed_pseudogene	0	+	SMPD4BP,MZT2A	28568
chr2	131927779	131956397	ENSG00000152117[2,11,2]	0	+	131927779	131927779	255	18	129,84,87,147,76,109,53,151,131,72,146,91,101,164,206,234,132,1527,	0,4198,5855,7192,7494,7950,8169,8346,13306,15531,22596,23308,23851,24721,25497,26044,26529,27091,	chr2	131927591	131956356	CHM13_T0127943|transcribed_processed_pseudogene	0	+	SMPD4BP,MZT2A	28577
chr2	131927779	131956397	ENSG00000152117[2,10,2]	0	+	131927779	131927779	255	17	129,84,87,143,76,109,53,151,131,72,91,101,164,206,234,132,1527,	0,4198,5855,7192,7494,7950,8169,8346,13306,15531,23308,23851,24721,25497,26044,26529,27091,	chr2	131927580	131955195	SMPD4BP-201|transcribed_processed_pseudogene	0	+	SMPD4BP,MZT2A	27416
chr2	131927779	131956397	ENSG00000152117[2,10,2]	0	+	131927779	131927779	255	17	129,84,87,143,76,109,53,151,131,72,91,101,164,206,234,132,1527,	0,4198,5855,7192,7494,7950,8169,8346,13306,15531,23308,23851,24721,25497,26044,26529,27091,	chr2	131927580	131956347	SMPD4BP-202|transcribed_processed_pseudogene	0	+	SMPD4BP,MZT2A	28568
chr2	131927779	131956397	ENSG00000152117[2,10,2]	0	+	131927779	131927779	255	17	129,84,87,143,76,109,53,151,131,72,91,101,164,206,234,132,1527,	0,4198,5855,7192,7494,7950,8169,8346,13306,15531,23308,23851,24721,25497,26044,26529,27091,	chr2	131927591	131956356	CHM13_T0127943|transcribed_processed_pseudogene	0	+	SMPD4BP,MZT2A	28577
chr2	131927779	131956397	ENSG00000152117[2,9,2]	0	+	131927779	131927779	255	17	129,84,87,143,76,109,53,151,131,72,146,91,101,164,781,132,1527,	0,4198,5855,7192,7494,7950,8169,8346,13306,15531,22596,23308,23851,24721,25497,26529,27091,	chr2	131927580	131955195	SMPD4BP-201|transcribed_processed_pseudogene	0	+	SMPD4BP,MZT2A	27416
chr2	131927779	131956397	ENSG00000152117[2,9,2]	0	+	131927779	131927779	255	17	129,84,87,143,76,109,53,151,131,72,146,91,101,164,781,132,1527,	0,4198,5855,7192,7494,7950,8169,8346,13306,15531,22596,23308,23851,24721,25497,26529,27091,	chr2	131927580	131956347	SMPD4BP-202|transcribed_processed_pseudogene	0	+	SMPD4BP,MZT2A	28568
chr2	131927779	131956397	ENSG00000152117[2,9,2]	0	+	131927779	131927779	255	17	129,84,87,143,76,109,53,151,131,72,146,91,101,164,781,132,1527,	0,4198,5855,7192,7494,7950,8169,8346,13306,15531,22596,23308,23851,24721,25497,26529,27091,	chr2	131927591	131956356	CHM13_T0127943|transcribed_processed_pseudogene	0	+	SMPD4BP,MZT2A	28577
chr2	131927779	131956397	ENSG00000152117[2,8,2]	0	+	131927779	131927779	255	19	129,84,87,143,76,109,53,151,238,131,72,146,91,101,164,206,234,132,1527,	0,4198,5855,7192,7494,7950,8169,8346,9443,13306,15531,22596,23308,23851,24721,25497,26044,26529,27091,	chr2	131927580	131955195	SMPD4BP-201|transcribed_processed_pseudogene	0	+	SMPD4BP,MZT2A	27416
chr2	131927779	131956397	ENSG00000152117[2,8,2]	0	+	131927779	131927779	255	19	129,84,87,143,76,109,53,151,238,131,72,146,91,101,164,206,234,132,1527,	0,4198,5855,7192,7494,7950,8169,8346,9443,13306,15531,22596,23308,23851,24721,25497,26044,26529,27091,	chr2	131927580	131956347	SMPD4BP-202|transcribed_processed_pseudogene	0	+	SMPD4BP,MZT2A	28568
chr2	131927779	131956397	ENSG00000152117[2,8,2]	0	+	131927779	131927779	255	19	129,84,87,143,76,109,53,151,238,131,72,146,91,101,164,206,234,132,1527,	0,4198,5855,7192,7494,7950,8169,8346,9443,13306,15531,22596,23308,23851,24721,25497,26044,26529,27091,	chr2	131927591	131956356	CHM13_T0127943|transcribed_processed_pseudogene	0	+	SMPD4BP,MZT2A	28577
chr2	131927779	131956397	ENSG00000152117[2,12,2]	0	+	131927779	131927779	255	17	129,84,87,147,76,109,53,151,131,72,146,91,101,164,781,132,1527,	0,4198,5855,7192,7494,7950,8169,8346,13306,15531,22596,23308,23851,24721,25497,26529,27091,	chr2	131927580	131955195	SMPD4BP-201|transcribed_processed_pseudogene	0	+	SMPD4BP,MZT2A	27416
chr2	131927779	131956397	ENSG00000152117[2,12,2]	0	+	131927779	131927779	255	17	129,84,87,147,76,109,53,151,131,72,146,91,101,164,781,132,1527,	0,4198,5855,7192,7494,7950,8169,8346,13306,15531,22596,23308,23851,24721,25497,26529,27091,	chr2	131927580	131956347	SMPD4BP-202|transcribed_processed_pseudogene	0	+	SMPD4BP,MZT2A	28568
chr2	131927779	131956397	ENSG00000152117[2,12,2]	0	+	131927779	131927779	255	17	129,84,87,147,76,109,53,151,131,72,146,91,101,164,781,132,1527,	0,4198,5855,7192,7494,7950,8169,8346,13306,15531,22596,23308,23851,24721,25497,26529,27091,	chr2	131927591	131956356	CHM13_T0127943|transcribed_processed_pseudogene	0	+	SMPD4BP,MZT2A	28577
chr2	131927779	131956397	ENSG00000152117[2,2,2]	0	+	131927779	131927779	0	18	129,84,87,143,76,109,53,151,131,72,146,91,101,164,206,234,132,1527,	0,4198,5855,7192,7494,7950,8169,8346,13306,15531,22596,23308,23851,24721,25497,26044,26529,27091,	chr2	131927580	131955195	SMPD4BP-201|transcribed_processed_pseudogene	0	+	SMPD4BP,MZT2A	27416
chr2	131927779	131956397	ENSG00000152117[2,2,2]	0	+	131927779	131927779	0	18	129,84,87,143,76,109,53,151,131,72,146,91,101,164,206,234,132,1527,	0,4198,5855,7192,7494,7950,8169,8346,13306,15531,22596,23308,23851,24721,25497,26044,26529,27091,	chr2	131927580	131956347	SMPD4BP-202|transcribed_processed_pseudogene	0	+	SMPD4BP,MZT2A	28568
chr2	131927779	131956397	ENSG00000152117[2,2,2]	0	+	131927779	131927779	0	18	129,84,87,143,76,109,53,151,131,72,146,91,101,164,206,234,132,1527,	0,4198,5855,7192,7494,7950,8169,8346,13306,15531,22596,23308,23851,24721,25497,26044,26529,27091,	chr2	131927591	131956356	CHM13_T0127943|transcribed_processed_pseudogene	0	+	SMPD4BP,MZT2A	28577
chr2	131927779	131956397	ENSG00000152117[2,1,2]	0	+	131927779	131927779	0	19	129,84,87,143,76,109,53,151,131,72,146,91,101,164,206,234,132,129,1527,	0,4198,5855,7192,7494,7950,8169,8346,13306,15531,22596,23308,23851,24721,25497,26044,26529,26808,27091,	chr2	131927580	131955195	SMPD4BP-201|transcribed_processed_pseudogene	0	+	SMPD4BP,MZT2A	27416
chr2	131927779	131956397	ENSG00000152117[2,1,2]	0	+	131927779	131927779	0	19	129,84,87,143,76,109,53,151,131,72,146,91,101,164,206,234,132,129,1527,	0,4198,5855,7192,7494,7950,8169,8346,13306,15531,22596,23308,23851,24721,25497,26044,26529,26808,27091,	chr2	131927580	131956347	SMPD4BP-202|transcribed_processed_pseudogene	0	+	SMPD4BP,MZT2A	28568
chr2	131927779	131956397	ENSG00000152117[2,1,2]	0	+	131927779	131927779	0	19	129,84,87,143,76,109,53,151,131,72,146,91,101,164,206,234,132,129,1527,	0,4198,5855,7192,7494,7950,8169,8346,13306,15531,22596,23308,23851,24721,25497,26044,26529,26808,27091,	chr2	131927591	131956356	CHM13_T0127943|transcribed_processed_pseudogene	0	+	SMPD4BP,MZT2A	28577
chr2	131953277	131956397	ENSG00000152117[4,15,2]	0	+	131953277	131953277	255	3	780,132,1527,	0,1031,1593,	chr2	131927580	131956347	SMPD4BP-202|transcribed_processed_pseudogene	0	+	SMPD4BP,MZT2A	3070
chr2	131953277	131956397	ENSG00000152117[4,15,2]	0	+	131953277	131953277	255	3	780,132,1527,	0,1031,1593,	chr2	131927591	131956356	CHM13_T0127943|transcribed_processed_pseudogene	0	+	SMPD4BP,MZT2A	3079
chr2	131953277	131956397	ENSG00000152117[4,14,2]	0	+	131953277	131953277	255	4	205,234,132,1527,	0,546,1031,1593,	chr2	131927580	131956347	SMPD4BP-202|transcribed_processed_pseudogene	0	+	SMPD4BP,MZT2A	3070
chr2	131953277	131956397	ENSG00000152117[4,14,2]	0	+	131953277	131953277	255	4	205,234,132,1527,	0,546,1031,1593,	chr2	131927591	131956356	CHM13_T0127943|transcribed_processed_pseudogene	0	+	SMPD4BP,MZT2A	3079
chr2	132157812	132158938	ENSG00000213222[1,1,1]	0	-	132157812	132157812	0	1	1126,	0,	chr2	132157862	132158888	retro_human_5084|TOMM40P4-201|processed_pseudogene	0	-	LOC128966745,NBEAP2	1026
chr2	173824390	173842477	ENSG00000236391[2,2,1]	0	-	173824390	173824390	0	2	465,92,	0,17995,	chr2	173824561	173842427	AC092573.1-202|transcribed_processed_pseudogene	0	-	LOC100289479,CDCA7	17866
chr2	175236257	175253227	ENSG00000138435[1,8,1]	0	-	175236842	175242984	0	8	714,240,224,238,196,45,146,171,	0,1038,2404,5960,6676,11784,11941,16799,	chr2	175238560	175242422	retro_human_2964	0	-	CHRNA1	3862
chr2	175236257	175253227	ENSG00000138435[1,2,1]	0	-	175236842	175253099	0	8	714,240,224,238,60,45,146,171,	0,1038,2404,5960,6676,11784,11941,16799,	chr2	175238560	175242422	retro_human_2964	0	-	CHRNA1	3862
chr2	175236257	175253227	ENSG00000138435[1,4,1]	0	-	175236842	175253099	0	8	714,224,238,196,110,45,146,171,	0,2404,5960,6676,10020,11784,11941,16799,	chr2	175238560	175242422	retro_human_2964	0	-	CHRNA1	3862
chr2	175236257	175253227	ENSG00000138435[1,1,1]	0	-	175236842	175253099	0	9	714,240,224,238,196,110,45,146,171,	0,1038,2404,5960,6676,10020,11784,11941,16799,	chr2	175238560	175242422	retro_human_2964	0	-	CHRNA1	3862
chr2	175236257	175253227	ENSG00000138435[1,5,1]	0	-	175236842	175253099	0	10	714,240,224,238,196,110,75,45,146,171,	0,1038,2404,5960,6676,10020,10400,11784,11941,16799,	chr2	175238560	175242422	retro_human_2964	0	-	CHRNA1	3862
chr2	176595351	176597766	ENSG00000128713[1,1,2]	0	+	176595477	176597267	0	2	907,732,	0,1683,	chr2	176596992	176597249	retro_human_8625	0	+	HOXD11	257
chr2	176688989	176689434	ENSG00000218175[1,1,1]	0	-	176688989	176688989	0	1	445,	0,	chr2	176689039	176689384	retro_human_2966|AC016739.1-201|processed_pseudogene	0	-	RPLP1P4	345
chr2	179026960	179032306	ENSG00000270277[2,2,2]	0	+	179026960	179026960	255	7	342,304,297,291,306,303,2106,	0,1223,1653,2045,2433,2836,3240,	chr2	179031111	179032676	retro_human_3641	0	-	TTN	1195
chr2	179031627	179033525	ENSG00000270277[1,1,1]	0	+	179031627	179031627	0	1	1898,	0,	chr2	179031111	179032676	retro_human_3641	0	-	TTN	1049
chr2	183276998	183277436	ENSG00000232430[1,1,1]	0	+	183277115	183277289	0	1	438,	0,	chr2	183277048	183277386	retro_human_2812|RPL31P15-201|processed_pseudogene	0	+	RPL31P15,DNAJC10	338
chr2	194938544	194939206	ENSG00000225394[1,1,1]	0	-	194938544	194938544	0	1	662,	0,	chr2	194938594	194939156	retro_human_9227|AC106883.1-201|processed_pseudogene	0	-	LOC100419812	562
chr2	199592592	199594196	ENSG00000230407[1,1,1]	0	+	199592592	199592592	0	1	1604,	0,	chr2	199592642	199594146	AC018717.1-201|processed_pseudogene	0	+	LOC100419513	1504
chr2	201599798	201623369	ENSG00000003402[3,3,3]	0	+	201613307	201619866	0	5	125,418,106,136,3730,	0,13372,16672,19615,19841,	chr2	201620957	201623469	retro_human_705|IMPDH1P10-201|processed_pseudogene	0	-	IMPDH1P10,CFLAR	2412
chr2	201601142	201625095	ENSG00000003402[13,32,5]	0	+	201613307	201624873	255	6	1201,418,106,136,83,279,	0,12028,15328,18271,22657,23674,	chr2	201620957	201623469	retro_human_705|IMPDH1P10-201|processed_pseudogene	0	-	IMPDH1P10,CFLAR	2512
chr2	201601882	201625095	ENSG00000003402[2,31,5]	0	+	201613307	201623915	255	5	461,418,106,136,1296,	0,11288,14588,17531,21917,	chr2	201620957	201623469	retro_human_705|IMPDH1P10-201|processed_pseudogene	0	-	IMPDH1P10,CFLAR	2512
chr2	201601882	201625095	ENSG00000003402[2,32,5]	0	+	201613307	201624873	255	6	461,418,106,136,83,279,	0,11288,14588,17531,21917,22934,	chr2	201620957	201623469	retro_human_705|IMPDH1P10-201|processed_pseudogene	0	-	IMPDH1P10,CFLAR	2512
chr2	201605868	201625095	ENSG00000003402[9,34,5]	0	+	201613307	201624873	255	6	321,418,106,136,83,279,	0,7302,10602,13545,17931,18948,	chr2	201620957	201623469	retro_human_705|IMPDH1P10-201|processed_pseudogene	0	-	IMPDH1P10,CFLAR	2512
chr2	201612720	201625095	ENSG00000003402[10,35,5]	0	+	201613307	201623915	255	5	242,418,106,136,1296,	0,450,3750,6693,11079,	chr2	201620957	201623469	retro_human_705|IMPDH1P10-201|processed_pseudogene	0	-	IMPDH1P10,CFLAR	2512
chr2	201612720	201625095	ENSG00000003402[10,36,5]	0	+	201613307	201624873	255	6	242,418,106,136,83,279,	0,450,3750,6693,11079,12096,	chr2	201620957	201623469	retro_human_705|IMPDH1P10-201|processed_pseudogene	0	-	IMPDH1P10,CFLAR	2512
chr2	201612720	201625095	ENSG00000003402[10,19,5]	0	+	201613307	201623915	0	4	868,106,136,1296,	0,3750,6693,11079,	chr2	201620957	201623469	retro_human_705|IMPDH1P10-201|processed_pseudogene	0	-	IMPDH1P10,CFLAR	2512
chr2	201612720	201625095	ENSG00000003402[10,8,5]	0	+	201613307	201624873	0	5	868,106,136,83,279,	0,3750,6693,11079,12096,	chr2	201620957	201623469	retro_human_705|IMPDH1P10-201|processed_pseudogene	0	-	IMPDH1P10,CFLAR	2512
chr2	201612894	201625095	ENSG00000003402[4,8,5]	0	+	201613307	201624873	0	5	694,106,136,83,279,	0,3576,6519,10905,11922,	chr2	201620957	201623469	retro_human_705|IMPDH1P10-201|processed_pseudogene	0	-	IMPDH1P10,CFLAR	2512
chr2	201613257	201624228	ENSG00000003402[5,19,4]	0	+	201613307	201623915	0	4	331,106,136,429,	0,3213,6156,10542,	chr2	201620957	201623469	retro_human_705|IMPDH1P10-201|processed_pseudogene	0	-	IMPDH1P10,CFLAR	2512
chr2	201616170	201624228	ENSG00000003402[6,10,4]	0	+	201616477	201623915	0	4	122,106,136,429,	0,300,3243,7629,	chr2	201620957	201623469	retro_human_705|IMPDH1P10-201|processed_pseudogene	0	-	IMPDH1P10,CFLAR	2512
chr2	201616170	201624900	ENSG00000003402[6,21,13]	0	+	201616477	201624873	0	4	406,136,83,84,	0,3243,7629,8646,	chr2	201620957	201623469	retro_human_705|IMPDH1P10-201|processed_pseudogene	0	-	IMPDH1P10,CFLAR	2512
chr2	201645879	201646176	ENSG00000235579[1,1,1]	0	-	201645879	201645879	0	1	297,	0,	chr2	201645929	201646126	RPL38P5-201|processed_pseudogene	0	-	RPL38P5,CFLAR	197
chr2	202100786	202107026	ENSG00000155755[4,4,1]	0	-	202104910	202106847	0	2	4189,348,	0,5892,	chr2	202102298	202104083	retro_human_3760|ENO1P4-201|processed_pseudogene	0	-	ENO1P4,TMEM237	1785
chr2	202102248	202104133	ENSG00000241790[1,1,1]	0	-	202103595	202103919	0	1	1885,	0,	chr2	202102298	202104083	retro_human_3760|ENO1P4-201|processed_pseudogene	0	-	ENO1P4,TMEM237	1785
chr2	203672220	203672818	ENSG00000204196[1,1,1]	0	+	203672270	203672765	0	1	598,	0,	chr2	203672270	203672768	retro_human_7880|RPL12P16-201|processed_pseudogene	0	+	RPL12P16,NBEAL1	498
chr2	203672622	203672818	ENSG00000204196[2,1,1]	0	+	203672694	203672808	0	1	196,	0,	chr2	203672270	203672768	retro_human_7880|RPL12P16-201|processed_pseudogene	0	+	RPL12P16,NBEAL1	146
chr2	206597404	206599615	ENSG00000237580[4,1,2]	0	-	206597454	206597658	0	1	2211,	0,	chr2	206598002	206598393	retro_human_4367|GCSHP3-201|processed_pseudogene	0	-	GCSHP3,NDUFS1	391
chr2	206597404	206599208	ENSG00000237580[3,1,2]	0	-	206597454	206597658	0	1	1804,	0,	chr2	206598002	206598393	retro_human_4367|GCSHP3-201|processed_pseudogene	0	-	GCSHP3,NDUFS1	391
chr2	206597404	206598786	ENSG00000237580[2,1,2]	0	-	206597454	206597658	0	1	1382,	0,	chr2	206598002	206598393	retro_human_4367|GCSHP3-201|processed_pseudogene	0	-	GCSHP3,NDUFS1	391
chr2	206597952	206598443	ENSG00000237580[1,1,1]	0	-	206598270	206598393	0	1	491,	0,	chr2	206598002	206598393	retro_human_4367|GCSHP3-201|processed_pseudogene	0	-	GCSHP3,NDUFS1	391
chr2	216660258	216661495	ENSG00000236478[1,1,1]	0	-	216660258	216660258	0	1	1237,	0,	chr2	216660308	216661445	retro_human_4316|AC012513.2-201|processed_pseudogene	0	-	LOC100421349	1137
chr2	218177193	218180159	ENSG00000224414[1,1,1]	0	+	218177193	218177193	0	1	2966,	0,	chr2	218177243	218180109	retro_human_7527|AC010886.1-201|processed_pseudogene	0	+	LOC100533848	2866
chr2	219470282	219472900	ENSG00000163497[2,2,2]	0	-	219472706	219472862	0	2	349,295,	0,2323,	chr2	219470381	219470707	retro_human_896	0	-	FEV	326
chr2	223428655	223429217	ENSG00000278083[1,1,1]	0	-	223428655	223428655	0	1	562,	0,	chr2	223428708	223429167	AC013476.1-201|processed_pseudogene	0	-	LOC100419511	459
chr2	228284197	228287149	ENSG00000229172[1,1,1]	0	+	228284197	228284197	0	1	2952,	0,	chr2	228284247	228287099	retro_human_7143|AC073065.1-201|processed_pseudogene	0	+	LOC100533842	2852
chr2	230998032	230998748	ENSG00000250011[1,1,1]	0	+	230998118	230998697	0	1	716,	0,	chr2	230998082	230998698	retro_human_696|HMGB1P3-201|processed_pseudogene	0	+	SP100,HMGB1P3	616
chr2	231592685	231609598	ENSG00000135914[1,3,1]	0	-	231593025	231598430	255	3	1230,201,121,	0,5549,16792,	chr2	231593278	231598433	retro_human_3178	0	-	HTR2B	5155
chr2	231592685	231609598	ENSG00000135914[1,4,1]	0	-	231593025	231609507	255	4	1230,201,247,121,	0,5549,15233,16792,	chr2	231593278	231598433	retro_human_3178	0	-	HTR2B	5155
chr2	231592685	231609598	ENSG00000135914[1,5,1]	0	-	231593025	231608144	255	4	1230,201,335,121,	0,5549,15233,16792,	chr2	231593278	231598433	retro_human_3178	0	-	HTR2B	5155
chr2	231592685	231608098	ENSG00000135914[2,2,1]	0	-	231593025	231608084	255	3	1230,201,180,	0,5549,15233,	chr2	231593278	231598433	retro_human_3178	0	-	HTR2B	5155
chr2	231592685	231609598	ENSG00000135914[1,1,1]	0	-	231593025	231608270	0	4	1230,201,718,121,	0,5549,15233,16792,	chr2	231593278	231598433	retro_human_3178	0	-	HTR2B	5155
chr2	232007575	232014934	ENSG00000171596[1,1,1]	0	-	232009484	232014800	0	3	2289,895,137,	0,4986,7222,	chr2	232009650	232013354	retro_human_3179	0	-	NMUR1	3704
chr2	232008511	232014934	ENSG00000171596[1,1,2]	0	-	232009484	232014800	0	3	1353,895,137,	0,4050,6286,	chr2	232009650	232013354	retro_human_3179	0	-	NMUR1	3704
chr2	232274001	232274508	ENSG00000237641[1,1,1]	0	-	232274001	232274001	0	1	507,	0,	chr2	232274051	232274458	retro_human_9880|RPL28P2-201|processed_pseudogene	0	-	RPL28P2,COPS7B	407
chr2	232294366	232296973	ENSG00000261096[1,1,1]	0	+	232294366	232294366	0	1	2607,	0,	chr2	232294918	232295415	retro_human_9879|AC073476.1-201|processed_pseudogene	0	-	GAMTP1	497
chr2	232829770	232830658	ENSG00000251485[1,1,1]	0	+	232830004	232830277	0	1	888,	0,	chr2	232829820	232830608	retro_human_703|NRBF2P6-201|processed_pseudogene	0	+	NRBF2P6,DIS3L2	788
chr2	234210120	234210764	ENSG00000233445[1,1,1]	0	-	234210120	234210120	0	1	644,	0,	chr2	234210170	234210714	retro_human_3969|RPL17P11-201|processed_pseudogene	0	-	RPL17P11,UGT1A	544
chr2	237850013	237905407	ENSG00000163359[1,27,15]	0	-	237862910	237863105	255	17	105,45,27,72,54,93,146,79,338,600,615,606,609,573,585,121,426,	0,222,378,1104,2137,2755,4268,5365,6713,7702,9578,12747,15427,17787,21930,37738,54968,	chr2	237872014	237879199	retro_human_579	0	-	COL6A3	7185
chr2	237862595	237905407	ENSG00000163359[1,4,3]	0	-	237862716	237887842	0	8	771,609,573,600,585,603,121,426,	0,2845,5205,7069,9348,16015,25156,42386,	chr2	237865574	237870247	retro_human_580	0	-	COL6A3	4673
chr2	237862595	237905407	ENSG00000163359[1,4,3]	0	-	237862716	237887842	0	8	771,609,573,600,585,603,121,426,	0,2845,5205,7069,9348,16015,25156,42386,	chr2	237872014	237879199	retro_human_579	0	-	COL6A3	7185
chr2	237862595	237905407	ENSG00000163359[1,3,3]	0	-	237862716	237887842	0	7	771,609,573,600,585,121,426,	0,2845,5205,7069,9348,25156,42386,	chr2	237865574	237870247	retro_human_580	0	-	COL6A3	4673
chr2	237862595	237905407	ENSG00000163359[1,3,3]	0	-	237862716	237887842	0	7	771,609,573,600,585,121,426,	0,2845,5205,7069,9348,25156,42386,	chr2	237872014	237879199	retro_human_579	0	-	COL6A3	7185
chr2	241054033	241058094	ENSG00000188542[2,1,2]	0	+	241054714	241055494	0	2	1074,2735,	0,1326,	chr2	241056518	241057863	retro_human_586	0	-	DUSP28	1345
chr2	241054033	241058094	ENSG00000188542[2,2,2]	0	+	241054714	241055494	0	3	1074,190,391,	0,1326,3670,	chr2	241056518	241057863	retro_human_586	0	-	DUSP28	1345
chr2	241054336	241058094	ENSG00000188542[1,1,2]	0	+	241054714	241055494	0	2	771,2735,	0,1023,	chr2	241056518	241057863	retro_human_586	0	-	DUSP28	1345
chr2	241054336	241058094	ENSG00000188542[1,2,2]	0	+	241054714	241055494	0	3	771,190,391,	0,1023,3367,	chr2	241056518	241057863	retro_human_586	0	-	DUSP28	1345
chr2	241054771	241058094	ENSG00000188542[3,1,2]	0	+	241054978	241055494	0	2	336,2735,	0,588,	chr2	241056518	241057863	retro_human_586	0	-	DUSP28	1345
chr2	241054771	241056747	ENSG00000188542[3,1,4]	0	+	241054978	241055494	0	2	336,1388,	0,588,	chr2	241056518	241057863	retro_human_586	0	-	DUSP28	229
chr2	241054771	241058094	ENSG00000188542[3,2,2]	0	+	241054978	241055494	0	3	336,190,391,	0,588,2932,	chr2	241056518	241057863	retro_human_586	0	-	DUSP28	1345
chr2	241056466	241058094	ENSG00000188542[4,3,2]	0	+	241057862	241058057	0	2	160,391,	0,1237,	chr2	241056518	241057863	retro_human_586	0	-	DUSP28	1345
chr3	9978819	9999040	ENSG00000180385[1,5,2]	0	+	9978819	9978819	0	2	430,4324,	0,15897,	chr3	9995549	9998052	retro_human_8781	0	+	EMC3-AS1	2503
chr3	9996217	9999040	ENSG00000180385[3,1,2]	0	+	9996217	9996217	0	2	549,234,	0,2589,	chr3	9995549	9998052	retro_human_8781	0	+	EMC3-AS1	1835
chr3	11524758	11525126	ENSG00000270531[1,1,1]	0	-	11524758	11524758	0	1	368,	0,	chr3	11524808	11525076	retro_human_10049|AC022001.1-201|processed_pseudogene	0	-	CSTBP1	268
chr3	13054423	13054679	ENSG00000231362[1,1,1]	0	-	13054476	13054629	0	1	256,	0,	chr3	13054473	13054629	retro_human_9665|AC069271.1-201|processed_pseudogene	0	-	RPL39P17	156
chr3	14004305	14067981	ENSG00000180438[4,10,5]	0	+	14004305	14004305	0	3	15294,130,2029,	0,61001,61647,	chr3	13937873	14066165	TPRXL-211|transcribed_processed_pseudogene	0	+	TPRXL,LOC112268445	61860
chr3	14004305	14067981	ENSG00000180438[4,10,5]	0	+	14004305	14004305	0	3	15294,130,2029,	0,61001,61647,	chr3	13937979	14066140	TPRXL-209|transcribed_processed_pseudogene	0	+	TPRXL,LOC112268445	61835
chr3	14004305	14067981	ENSG00000180438[4,10,5]	0	+	14004305	14004305	0	3	15294,130,2029,	0,61001,61647,	chr3	13937979	14084758	TPRXL-210|transcribed_processed_pseudogene	0	+	TPRXL,LOC112268445	63676
chr3	14004305	14067981	ENSG00000180438[4,10,5]	0	+	14004305	14004305	0	3	15294,130,2029,	0,61001,61647,	chr3	13937996	14066256	TPRXL-204|transcribed_processed_pseudogene	0	+	TPRXL,LOC112268445	61951
chr3	14004305	14067981	ENSG00000180438[4,10,5]	0	+	14004305	14004305	0	3	15294,130,2029,	0,61001,61647,	chr3	13938001	14067931	TPRXL-201|transcribed_processed_pseudogene	0	+	TPRXL,LOC112268445	63626
chr3	14004305	14067981	ENSG00000180438[4,10,5]	0	+	14004305	14004305	0	3	15294,130,2029,	0,61001,61647,	chr3	13943954	14066088	TPRXL-208|transcribed_processed_pseudogene	0	+	LOC112268445,TPRXL	61783
chr3	14004305	14067981	ENSG00000180438[4,10,5]	0	+	14004305	14004305	0	3	15294,130,2029,	0,61001,61647,	chr3	14004355	14066233	TPRXL-207|transcribed_processed_pseudogene	0	+	LOC112268445,TPRXL	61878
chr3	14004305	14067981	ENSG00000180438[4,10,5]	0	+	14004305	14004305	0	3	15294,130,2029,	0,61001,61647,	chr3	14019200	14066329	TPRXL-206|transcribed_processed_pseudogene	0	+	LOC112268445,TPRXL	47129
chr3	14004305	14067981	ENSG00000180438[4,10,5]	0	+	14004305	14004305	0	3	15294,130,2029,	0,61001,61647,	chr3	14019334	14067931	TPRXL-202|transcribed_processed_pseudogene	0	+	LOC112268445,TPRXL	48597
chr3	14004305	14067981	ENSG00000180438[4,10,5]	0	+	14004305	14004305	0	3	15294,130,2029,	0,61001,61647,	chr3	14019380	14066219	TPRXL-214|transcribed_processed_pseudogene	0	+	LOC112268445,TPRXL	46839
chr3	14004305	14067981	ENSG00000180438[4,10,5]	0	+	14004305	14004305	0	3	15294,130,2029,	0,61001,61647,	chr3	14019486	14067930	TPRXL-203|transcribed_processed_pseudogene	0	+	LOC112268445,TPRXL	48444
chr3	14004305	14067981	ENSG00000180438[4,10,5]	0	+	14004305	14004305	0	3	15294,130,2029,	0,61001,61647,	chr3	14021633	14066556	TPRXL-212|transcribed_processed_pseudogene	0	+	LOC112268445,TPRXL	44923
chr3	14019150	14067981	ENSG00000180438[5,10,5]	0	+	14019150	14019150	0	3	449,130,2029,	0,46156,46802,	chr3	13937873	14066165	TPRXL-211|transcribed_processed_pseudogene	0	+	TPRXL,LOC112268445	47015
chr3	14019150	14067981	ENSG00000180438[5,10,5]	0	+	14019150	14019150	0	3	449,130,2029,	0,46156,46802,	chr3	13937979	14066140	TPRXL-209|transcribed_processed_pseudogene	0	+	TPRXL,LOC112268445	46990
chr3	14019150	14067981	ENSG00000180438[5,10,5]	0	+	14019150	14019150	0	3	449,130,2029,	0,46156,46802,	chr3	13937979	14084758	TPRXL-210|transcribed_processed_pseudogene	0	+	TPRXL,LOC112268445	48831
chr3	14019150	14067981	ENSG00000180438[5,10,5]	0	+	14019150	14019150	0	3	449,130,2029,	0,46156,46802,	chr3	13937996	14066256	TPRXL-204|transcribed_processed_pseudogene	0	+	TPRXL,LOC112268445	47106
chr3	14019150	14067981	ENSG00000180438[5,10,5]	0	+	14019150	14019150	0	3	449,130,2029,	0,46156,46802,	chr3	13938001	14067931	TPRXL-201|transcribed_processed_pseudogene	0	+	TPRXL,LOC112268445	48781
chr3	14019150	14067981	ENSG00000180438[5,10,5]	0	+	14019150	14019150	0	3	449,130,2029,	0,46156,46802,	chr3	13943954	14066088	TPRXL-208|transcribed_processed_pseudogene	0	+	LOC112268445,TPRXL	46938
chr3	14019150	14067981	ENSG00000180438[5,10,5]	0	+	14019150	14019150	0	3	449,130,2029,	0,46156,46802,	chr3	14004355	14066233	TPRXL-207|transcribed_processed_pseudogene	0	+	LOC112268445,TPRXL	47083
chr3	14019150	14067981	ENSG00000180438[5,10,5]	0	+	14019150	14019150	0	3	449,130,2029,	0,46156,46802,	chr3	14019200	14066329	TPRXL-206|transcribed_processed_pseudogene	0	+	LOC112268445,TPRXL	47129
chr3	14019150	14067981	ENSG00000180438[5,10,5]	0	+	14019150	14019150	0	3	449,130,2029,	0,46156,46802,	chr3	14019334	14067931	TPRXL-202|transcribed_processed_pseudogene	0	+	LOC112268445,TPRXL	48597
chr3	14019150	14067981	ENSG00000180438[5,10,5]	0	+	14019150	14019150	0	3	449,130,2029,	0,46156,46802,	chr3	14019380	14066219	TPRXL-214|transcribed_processed_pseudogene	0	+	LOC112268445,TPRXL	46839
chr3	14019150	14067981	ENSG00000180438[5,10,5]	0	+	14019150	14019150	0	3	449,130,2029,	0,46156,46802,	chr3	14019486	14067930	TPRXL-203|transcribed_processed_pseudogene	0	+	LOC112268445,TPRXL	48444
chr3	14019150	14067981	ENSG00000180438[5,10,5]	0	+	14019150	14019150	0	3	449,130,2029,	0,46156,46802,	chr3	14021633	14066556	TPRXL-212|transcribed_processed_pseudogene	0	+	LOC112268445,TPRXL	44923
chr3	16693874	16695431	ENSG00000224039[1,1,1]	0	-	16693927	16694047	0	1	1557,	0,	chr3	16693928	16694588	retro_human_4176	0	-	CDYLP1,LOC124905414	660
chr3	17467283	17467744	ENSG00000227309[1,1,1]	0	+	17467283	17467283	0	1	461,	0,	chr3	17467333	17467694	retro_human_9204|AC140076.1-201|processed_pseudogene	0	+	RPL31P19	361
chr3	17873785	17874755	ENSG00000213383[1,1,1]	0	-	17873785	17873785	0	1	970,	0,	chr3	17873835	17874705	retro_human_4175|AC104297.1-201|processed_pseudogene	0	-	PP1P	870
chr3	22994635	22996495	ENSG00000231915[1,1,1]	0	+	22994635	22994635	0	1	1860,	0,	chr3	22994818	22996442	retro_human_9195	0	+	SALL4P5	1624
chr3	27488294	27488765	ENSG00000230807[1,1,1]	0	+	27488294	27488294	0	1	471,	0,	chr3	27488344	27488715	retro_human_8038|AC099535.1-201|processed_pseudogene	0	+	UBA52P4	371
chr3	32240874	32241146	ENSG00000270377[1,1,1]	0	-	32240874	32240874	0	1	272,	0,	chr3	32240924	32241096	AC097639.2-201|processed_pseudogene	0	-	SMIM11P2	172
chr3	33078940	33079328	ENSG00000235424[1,1,1]	0	+	33078940	33078940	0	1	388,	0,	chr3	33078990	33079278	retro_human_8403|SUMO2P10-201|processed_pseudogene	0	+	GLB1,SUMO2P10	288
chr3	37794034	37794659	ENSG00000236411[1,1,1]	0	-	37794034	37794034	0	1	625,	0,	chr3	37794084	37794609	retro_human_4581|NDUFAF4P3-201|processed_pseudogene	0	-	NDUFAF4P3,ITGA9-AS1	525
chr3	40776564	40776919	ENSG00000234287[1,1,1]	0	+	40776564	40776564	0	1	355,	0,	chr3	40776614	40776869	retro_human_7224|AC099560.2-201|processed_pseudogene	0	+	RPS27P4	255
chr3	45899229	45899803	ENSG00000236930[1,1,1]	0	-	45899353	45899482	0	1	574,	0,	chr3	45899279	45899753	retro_human_9413|AC099782.1-201|processed_pseudogene	0	-	SDHDP4	474
chr3	46824687	46828634	ENSG00000226074[1,2,2]	0	-	46824687	46824687	0	2	1000,1431,	0,2516,	chr3	46825535	46827972	retro_human_5433	0	-	PRSS44P	2437
chr3	46824687	46828163	ENSG00000226074[3,2,2]	0	-	46824687	46824687	0	2	1000,960,	0,2516,	chr3	46825535	46827972	retro_human_5433	0	-	PRSS44P	2437
chr3	46825406	46827489	ENSG00000226074[2,2,1]	0	-	46825406	46825406	0	2	281,286,	0,1797,	chr3	46825535	46827972	retro_human_5433	0	-	PRSS44P	1954
chr3	46935138	46935367	ENSG00000273682[1,1,1]	0	-	46935138	46935138	0	1	229,	0,	chr3	46935188	46935317	AC109583.3-201|processed_pseudogene	0	-	BLVRBP1	129
chr3	47518857	47519524	ENSG00000271161[1,1,2]	0	+	47518857	47518857	0	1	667,	0,	chr3	47518907	47519157	retro_human_5555|BOLA2P2-201|transcribed_processed_pseudogene	0	+	BOLA2P2,ELP6	250
chr3	47518857	47519524	ENSG00000271161[1,1,2]	0	+	47518857	47518857	0	1	667,	0,	chr3	47518907	47519474	BOLA2P2-202|transcribed_processed_pseudogene	0	+	BOLA2P2,ELP6	567
chr3	49386504	49387776	ENSG00000233276[1,7,1]	0	-	49386769	49387483	255	2	619,371,	0,901,	chr3	49386785	49387615	retro_human_73	0	-	GPX1	830
chr3	49386504	49387776	ENSG00000233276[1,3,1]	0	-	49386769	49387051	0	2	641,371,	0,901,	chr3	49386785	49387615	retro_human_73	0	-	GPX1	830
chr3	49386504	49387776	ENSG00000233276[1,5,1]	0	-	49386769	49387651	0	2	622,233,	0,1039,	chr3	49386785	49387615	retro_human_73	0	-	GPX1	830
chr3	49386504	49387776	ENSG00000233276[1,4,1]	0	-	49386769	49387051	0	2	763,371,	0,901,	chr3	49386785	49387615	retro_human_73	0	-	GPX1	830
chr3	49386504	49387776	ENSG00000233276[1,1,1]	0	-	49386769	49387483	0	2	622,371,	0,901,	chr3	49386785	49387615	retro_human_73	0	-	GPX1	830
chr3	49386504	49388023	ENSG00000233276[2,1,1]	0	-	49386769	49387483	0	2	622,618,	0,901,	chr3	49386785	49387615	retro_human_73	0	-	GPX1	830
chr3	49386504	49388023	ENSG00000233276[2,2,1]	0	-	49386769	49387051	0	1	1519,	0,	chr3	49386785	49387615	retro_human_73	0	-	GPX1	830
chr3	49386504	49387776	ENSG00000233276[1,2,1]	0	-	49386769	49387051	0	1	1272,	0,	chr3	49386785	49387615	retro_human_73	0	-	GPX1	830
chr3	49388461	49441526	ENSG00000067560[1,19,1]	0	-	49389584	49404972	255	6	1294,131,121,42,158,328,	0,3407,9350,9544,16355,52737,	chr3	49397815	49404954	retro_human_74	0	-	RHOA	7139
chr3	49388461	49441526	ENSG00000067560[1,17,1]	0	-	49389741	49404972	255	4	1294,121,158,328,	0,9350,16355,52737,	chr3	49397815	49404954	retro_human_74	0	-	RHOA	7139
chr3	49388461	49441526	ENSG00000067560[1,15,1]	0	-	49389584	49397845	255	5	1294,131,117,158,328,	0,3407,9350,16355,52737,	chr3	49397815	49404954	retro_human_74	0	-	RHOA	7139
chr3	49388461	49441526	ENSG00000067560[1,18,1]	0	-	49389584	49404972	255	5	1291,131,121,158,328,	0,3407,9350,16355,52737,	chr3	49397815	49404954	retro_human_74	0	-	RHOA	7139
chr3	49388461	49441526	ENSG00000067560[1,14,1]	0	-	49389584	49397845	255	5	1294,131,121,162,328,	0,3407,9350,16351,52737,	chr3	49397815	49404954	retro_human_74	0	-	RHOA	7139
chr3	49388461	49441526	ENSG00000067560[1,3,1]	0	-	49389584	49404972	255	5	1294,131,121,158,825,	0,3407,9350,16355,52240,	chr3	49397815	49404954	retro_human_74	0	-	RHOA	7139
chr3	49388461	49441526	ENSG00000067560[1,16,1]	0	-	49391926	49404972	255	5	1294,131,125,158,328,	0,3407,9346,16355,52737,	chr3	49397815	49404954	retro_human_74	0	-	RHOA	7139
chr3	49388461	49441526	ENSG00000067560[1,13,1]	0	-	49389584	49404972	255	5	1294,131,117,162,328,	0,3407,9350,16351,52737,	chr3	49397815	49404954	retro_human_74	0	-	RHOA	7139
chr3	49388461	49441526	ENSG00000067560[1,5,1]	0	-	49389584	49404972	255	3	1294,158,328,	0,16355,52737,	chr3	49397815	49404954	retro_human_74	0	-	RHOA	7139
chr3	49388461	49441526	ENSG00000067560[1,6,1]	0	-	49391885	49404972	0	4	1294,131,158,328,	0,3407,16355,52737,	chr3	49397815	49404954	retro_human_74	0	-	RHOA	7139
chr3	49388461	49441526	ENSG00000067560[1,8,1]	0	-	49389741	49404972	0	6	1294,139,131,121,158,328,	0,1839,3407,9350,16355,52737,	chr3	49397815	49404954	retro_human_74	0	-	RHOA	7139
chr3	49388461	49441526	ENSG00000067560[1,1,1]	0	-	49389584	49404972	0	5	1294,131,121,158,328,	0,3407,9350,16355,52737,	chr3	49397815	49404954	retro_human_74	0	-	RHOA	7139
chr3	49388819	49441526	ENSG00000067560[1,19,7]	0	-	49389584	49404972	255	6	936,131,121,42,158,328,	0,3049,8992,9186,15997,52379,	chr3	49397815	49404954	retro_human_74	0	-	RHOA	7139
chr3	49388819	49441526	ENSG00000067560[1,17,7]	0	-	49389741	49404972	255	4	936,121,158,328,	0,8992,15997,52379,	chr3	49397815	49404954	retro_human_74	0	-	RHOA	7139
chr3	49388819	49441526	ENSG00000067560[1,15,7]	0	-	49389584	49397845	255	5	936,131,117,158,328,	0,3049,8992,15997,52379,	chr3	49397815	49404954	retro_human_74	0	-	RHOA	7139
chr3	49388819	49441526	ENSG00000067560[1,18,7]	0	-	49389584	49404972	255	5	933,131,121,158,328,	0,3049,8992,15997,52379,	chr3	49397815	49404954	retro_human_74	0	-	RHOA	7139
chr3	49388819	49441526	ENSG00000067560[1,14,7]	0	-	49389584	49397845	255	5	936,131,121,162,328,	0,3049,8992,15993,52379,	chr3	49397815	49404954	retro_human_74	0	-	RHOA	7139
chr3	49388819	49441526	ENSG00000067560[1,16,7]	0	-	49391926	49404972	255	5	936,131,125,158,328,	0,3049,8988,15997,52379,	chr3	49397815	49404954	retro_human_74	0	-	RHOA	7139
chr3	49388819	49441526	ENSG00000067560[1,13,7]	0	-	49389584	49404972	255	5	936,131,117,162,328,	0,3049,8992,15993,52379,	chr3	49397815	49404954	retro_human_74	0	-	RHOA	7139
chr3	49388819	49441526	ENSG00000067560[1,5,7]	0	-	49389584	49404972	255	3	936,158,328,	0,15997,52379,	chr3	49397815	49404954	retro_human_74	0	-	RHOA	7139
chr3	49388819	49441526	ENSG00000067560[1,6,7]	0	-	49391885	49404972	0	4	936,131,158,328,	0,3049,15997,52379,	chr3	49397815	49404954	retro_human_74	0	-	RHOA	7139
chr3	49388819	49441526	ENSG00000067560[1,8,7]	0	-	49389741	49404972	0	6	936,139,131,121,158,328,	0,1481,3049,8992,15997,52379,	chr3	49397815	49404954	retro_human_74	0	-	RHOA	7139
chr3	49388819	49441526	ENSG00000067560[1,1,7]	0	-	49389584	49404972	0	5	936,131,121,158,328,	0,3049,8992,15997,52379,	chr3	49397815	49404954	retro_human_74	0	-	RHOA	7139
chr3	49389214	49441526	ENSG00000067560[1,6,5]	0	-	49391885	49404972	0	4	541,131,158,328,	0,2654,15602,51984,	chr3	49397815	49404954	retro_human_74	0	-	RHOA	7139
chr3	49389444	49441526	ENSG00000067560[1,8,6]	0	-	49389741	49404972	0	6	311,139,131,121,158,328,	0,856,2424,8367,15372,51754,	chr3	49397815	49404954	retro_human_74	0	-	RHOA	7139
chr3	49713180	49714733	ENSG00000173531[3,4,1]	0	-	49713314	49714164	0	5	293,140,107,147,438,	0,417,653,841,1115,	chr3	49713324	49713626	retro_human_75	0	-	MST1	302
chr3	49713180	49714424	ENSG00000173531[2,3,1]	0	-	49713314	49714071	0	5	293,140,107,98,129,	0,417,653,841,1115,	chr3	49713324	49713626	retro_human_75	0	-	MST1	302
chr3	50329195	50332176	ENSG00000114378[4,10,1]	0	-	50329841	50332102	255	2	961,764,	0,2217,	chr3	50329857	50330204	retro_human_70	0	-	HYAL1	347
chr3	50329195	50332176	ENSG00000114378[4,2,1]	0	-	50329841	50332102	0	3	961,90,764,	0,1148,2217,	chr3	50329857	50330204	retro_human_70	0	-	HYAL1	347
chr3	50329787	50332980	ENSG00000114378[1,6,3]	0	-	50329841	50331766	0	4	369,90,567,159,	0,556,1625,3034,	chr3	50329857	50330204	retro_human_70	0	-	HYAL1	347
chr3	52406583	52407914	ENSG00000239557[1,1,1]	0	+	52407399	52407888	0	1	1331,	0,	chr3	52406633	52407864	retro_human_10222|AC092045.1-201|processed_pseudogene	0	+	PPP2R5CP	1231
chr3	52765406	52766827	ENSG00000275956[1,1,1]	0	+	52765406	52765406	0	1	1421,	0,	chr3	52765456	52766777	retro_human_10220|AC104446.2-201|processed_pseudogene	0	+	LOC100301990,NEK4	1321
chr3	54660156	54660688	ENSG00000229806[1,1,1]	0	+	54660206	54660650	0	1	532,	0,	chr3	54660206	54660638	retro_human_10234|RPS15P5-201|processed_pseudogene	0	+	RPS15P5,LOC107986088	432
chr3	57570656	57571379	ENSG00000237186[1,1,1]	0	-	57571161	57571329	0	1	723,	0,	chr3	57570706	57571329	retro_human_1012|AC092418.1-201|processed_pseudogene	0	-	RPS8P5	623
chr3	62167645	62168132	ENSG00000237456[1,1,1]	0	-	62167645	62167645	0	1	487,	0,	chr3	62167695	62168100	retro_human_6381|AC104849.1-201|processed_pseudogene	0	-	LOC128966747	405
chr3	66052756	66053288	ENSG00000203647[1,1,1]	0	-	66053059	66053221	0	1	532,	0,	chr3	66052806	66053238	AC106827.1-201|processed_pseudogene	0	-	LOC124900543	432
chr3	66423316	66428771	ENSG00000144749[9,11,1]	0	-	66424835	66428690	255	6	1743,285,153,126,420,211,	0,1830,2732,3526,4235,5244,	chr3	66427691	66428819	retro_human_6400	0	-	LRIG1	1080
chr3	66423316	66430866	ENSG00000144749[11,12,1]	0	-	66424835	66430827	255	7	1743,285,153,126,420,282,316,	0,1830,2732,3526,4235,5244,7234,	chr3	66427691	66428819	retro_human_6400	0	-	LRIG1	1128
chr3	66423316	66430674	ENSG00000144749[10,12,1]	0	-	66424835	66430674	255	7	1743,285,153,126,420,282,124,	0,1830,2732,3526,4235,5244,7234,	chr3	66427691	66428819	retro_human_6400	0	-	LRIG1	1128
chr3	66423316	66428771	ENSG00000144749[9,10,1]	0	-	66424835	66427750	255	5	1743,285,153,126,1220,	0,1830,2732,3526,4235,	chr3	66427691	66428819	retro_human_6400	0	-	LRIG1	1080
chr3	69572466	69573596	ENSG00000240265[1,1,1]	0	-	69572788	69573124	0	1	1130,	0,	chr3	69572516	69573546	retro_human_6406|AC099328.1-201|processed_pseudogene	0	-	H1-8P1	1030
chr3	72126808	72127746	ENSG00000242609[1,1,1]	0	+	72126808	72126808	0	1	938,	0,	chr3	72126858	72127696	retro_human_10662|CCDC137P-201|processed_pseudogene	0	+	CCDC137P1	838
chr3	72814371	72815404	ENSG00000241537[1,1,1]	0	+	72814371	72814371	0	1	1033,	0,	chr3	72814421	72815354	retro_human_10669|AC134050.1-201|processed_pseudogene	0	+	U2SURPP1,SHQ1	933
chr3	75677419	75694360	ENSG00000243422[3,4,1]	0	-	75677419	75677419	255	2	929,91,	0,16850,	chr3	75677469	75723347	RPL23AP49-202|transcribed_processed_pseudogene	0	-	CLUHP10,RPL23AP49,AGGF1P3,FRG2C,DUX4L26,RARRES2P1	16891
chr3	75677419	75723397	ENSG00000243422[2,2,1]	0	-	75677419	75677419	0	3	929,122,187,	0,5854,45791,	chr3	75677469	75723347	RPL23AP49-202|transcribed_processed_pseudogene	0	-	CLUHP10,RPL23AP49,AGGF1P3,FRG2C,DUX4L26,RARRES2P1	45878
chr3	76487677	76489188	ENSG00000240809[1,1,1]	0	+	76488541	76489015	0	1	1511,	0,	chr3	76487727	76489138	retro_human_4766|AC026877.1-201|processed_pseudogene	0	+	CAP1P1	1411
chr3	84741520	84742530	ENSG00000241776[1,1,1]	0	-	84741520	84741520	0	1	1010,	0,	chr3	84741570	84742480	retro_human_6015|AC117482.1-201|processed_pseudogene	0	-	TMEM183AP5	910
chr3	101490410	101491510	ENSG00000249274[1,1,1]	0	+	101491067	101491314	0	1	1100,	0,	chr3	101490460	101491460	retro_human_11008|PDLIM1P4-201|processed_pseudogene	0	+	ST3GAL6	1000
chr3	104163902	104164494	ENSG00000282978[1,1,1]	0	-	104163955	104164441	0	1	592,	0,	chr3	104163952	104164444	retro_human_10206|AC110994.3-201|processed_pseudogene	0	-	BTF3P16	492
chr3	104289051	104289610	ENSG00000242299[1,1,1]	0	-	104289051	104289051	0	1	559,	0,	chr3	104289101	104289560	retro_human_7312|AC073861.1-201|processed_pseudogene	0	-	RPS18P5,PCNP	459
chr3	111263068	111263677	ENSG00000241634[1,1,1]	0	-	111263068	111263068	0	1	609,	0,	chr3	111263118	111263627	retro_human_1402|AC069499.1-201|processed_pseudogene	0	-	RPL13P8,CIP2A	509
chr3	116081356	116082509	ENSG00000240751[1,1,1]	0	+	116081356	116081356	0	1	1153,	0,	chr3	116081406	116082459	retro_human_3126|AC026348.1-201|processed_pseudogene	0	+	RABGGTBP1	1053
chr3	116606455	116607289	ENSG00000241889[1,1,1]	0	+	116606903	116607236	0	1	834,	0,	chr3	116606505	116607239	retro_human_3127|AC079944.2-201|processed_pseudogene	0	+	CTDNEP1P1	734
chr3	116952279	116954003	ENSG00000240487[1,1,1]	0	-	116952279	116952279	0	1	1724,	0,	chr3	116952329	116953953	retro_human_4816|FAM214BP1-201|processed_pseudogene	0	-	ATOSBP1	1624
chr3	120394044	120394947	ENSG00000240393[1,1,1]	0	-	120394044	120394044	0	1	903,	0,	chr3	120394094	120394897	retro_human_4818|AC092691.2-201|processed_pseudogene	0	-	DRG1P2,LOC124906270	803
chr3	123026193	123027541	ENSG00000240882[1,1,1]	0	+	123026193	123026193	0	1	1348,	0,	chr3	123026243	123027491	retro_human_9008|AC063952.2-201|processed_pseudogene	0	+	PTOV1P1	1248
chr3	123232372	123232811	ENSG00000244441[1,1,1]	0	+	123232372	123232372	0	1	439,	0,	chr3	123232422	123232761	retro_human_9007|AC126182.2-201|processed_pseudogene	0	+	RPL34P9	339
chr3	128491768	128505893	ENSG00000284660[2,2,2]	0	+	128491768	128491768	255	2	7776,503,	0,13622,	chr3	128492554	128504856	retro_human_2750	0	+	LOC128966749	12302
chr3	128499276	128505893	ENSG00000284660[1,2,2]	0	+	128499276	128499276	255	2	268,503,	0,6114,	chr3	128492554	128504856	retro_human_2750	0	+	LOC128966749	5580
chr3	128499432	128505893	ENSG00000284660[3,2,2]	0	+	128499432	128499432	255	2	112,503,	0,5958,	chr3	128492554	128504856	retro_human_2750	0	+	LOC128966749	5424
chr3	128690879	128691241	ENSG00000241439[1,1,1]	0	+	128690879	128690879	0	1	362,	0,	chr3	128690929	128691191	retro_human_8578|AC092903.1-201|processed_pseudogene	0	+	FBRSL1P1	262
chr3	131832409	131867103	ENSG00000172780[1,3,1]	0	-	131835990	131866392	0	4	3829,184,207,302,	0,7469,33779,34392,	chr3	131836087	131840062	retro_human_8295	0	-	ISY1-RAB43,RAB43	3975
chr3	131832409	131867103	ENSG00000172780[1,4,1]	0	-	131835990	131866392	0	4	3829,184,207,220,	0,7469,33779,34474,	chr3	131836087	131840062	retro_human_8295	0	-	ISY1-RAB43,RAB43	3975
chr3	131832409	131867103	ENSG00000172780[1,5,1]	0	-	131835990	131866392	0	4	3829,184,207,96,	0,7469,33779,34598,	chr3	131836087	131840062	retro_human_8295	0	-	ISY1-RAB43,RAB43	3975
chr3	131832409	131867103	ENSG00000172780[1,2,1]	0	-	131835990	131866392	0	4	3829,184,207,457,	0,7469,33779,34237,	chr3	131836087	131840062	retro_human_8295	0	-	ISY1-RAB43,RAB43	3975
chr3	131832409	131866569	ENSG00000172780[3,1,1]	0	-	131835990	131866392	0	3	3829,184,381,	0,7469,33779,	chr3	131836087	131840062	retro_human_8295	0	-	ISY1-RAB43,RAB43	3975
chr3	131832409	131867103	ENSG00000172780[1,1,1]	0	-	131835990	131866392	0	3	3829,184,915,	0,7469,33779,	chr3	131836087	131840062	retro_human_8295	0	-	ISY1-RAB43,RAB43	3975
chr3	131835335	131867103	ENSG00000172780[1,2,2]	0	-	131835990	131866392	0	4	903,184,207,457,	0,4543,30853,31311,	chr3	131836087	131840062	retro_human_8295	0	-	ISY1-RAB43,RAB43	3975
chr3	131835335	131867103	ENSG00000172780[1,1,2]	0	-	131835990	131866392	0	3	903,184,915,	0,4543,30853,	chr3	131836087	131840062	retro_human_8295	0	-	ISY1-RAB43,RAB43	3975
chr3	131835335	131866569	ENSG00000172780[3,1,2]	0	-	131835990	131866392	0	3	903,184,381,	0,4543,30853,	chr3	131836087	131840062	retro_human_8295	0	-	ISY1-RAB43,RAB43	3975
chr3	136291058	136291360	ENSG00000250983[1,1,1]	0	-	136291058	136291058	0	1	302,	0,	chr3	136291108	136291310	AC022296.3-201|processed_pseudogene	0	-	FAM76AP1	202
chr3	139477163	139477993	ENSG00000240695[1,1,1]	0	-	139477259	139477469	0	1	830,	0,	chr3	139477213	139477943	AC117382.1-201|processed_pseudogene	0	-	DNAJC8P2	730
chr3	144790894	144791570	ENSG00000233597[1,1,1]	0	-	144790947	144791520	0	1	676,	0,	chr3	144790944	144791520	retro_human_7900|AC133435.1-201|processed_pseudogene	0	-	RPL19P6	576
chr3	145196463	145205137	ENSG00000175054[3,23,1]	0	-	145197859	145204988	0	4	423,137,106,250,	0,1286,3948,8424,	chr3	145197385	145199433	retro_human_10380|AC109992.1-201|processed_pseudogene	0	+	EIF2AK1P1,ATR	2048
chr3	145197335	145199483	ENSG00000242479[1,1,1]	0	+	145197335	145197335	0	1	2148,	0,	chr3	145197385	145199433	retro_human_10380|AC109992.1-201|processed_pseudogene	0	+	EIF2AK1P1,ATR	2048
chr3	145574288	145575021	ENSG00000240950[1,1,1]	0	-	145574295	145574793	0	1	733,	0,	chr3	145574338	145574971	retro_human_7898|AC021074.1-201|processed_pseudogene	0	-	RPL8P3	633
chr3	145707563	145707835	ENSG00000241592[1,1,1]	0	+	145707563	145707563	0	1	272,	0,	chr3	145707613	145707785	AC021074.2-201|processed_pseudogene	0	+	PAQR9	172
chr3	149146485	149166933	ENSG00000241358[2,3,1]	0	-	149166657	149166756	255	2	250,366,	0,20082,	chr3	149146535	149171778	retro_human_3202|AC069528.1-201|transcribed_processed_pseudogene	0	-	PLSCR2	20398
chr3	149146485	149166933	ENSG00000241358[2,3,1]	0	-	149166657	149166756	255	2	250,366,	0,20082,	chr3	149150913	149171752	AC069528.1-202|transcribed_processed_pseudogene	0	-	PLSCR2	16020
chr3	149146485	149166933	ENSG00000241358[2,5,1]	0	-	149146708	149156605	255	4	250,162,200,366,	0,4448,10048,20082,	chr3	149146535	149171778	retro_human_3202|AC069528.1-201|transcribed_processed_pseudogene	0	-	PLSCR2	20398
chr3	149146485	149166933	ENSG00000241358[2,5,1]	0	-	149146708	149156605	255	4	250,162,200,366,	0,4448,10048,20082,	chr3	149150913	149171752	AC069528.1-202|transcribed_processed_pseudogene	0	-	PLSCR2	16020
chr3	149146485	149166933	ENSG00000241358[2,4,1]	0	-	149146708	149151074	255	3	250,162,366,	0,4448,20082,	chr3	149146535	149171778	retro_human_3202|AC069528.1-201|transcribed_processed_pseudogene	0	-	PLSCR2	20398
chr3	149146485	149166933	ENSG00000241358[2,4,1]	0	-	149146708	149151074	255	3	250,162,366,	0,4448,20082,	chr3	149150913	149171752	AC069528.1-202|transcribed_processed_pseudogene	0	-	PLSCR2	16020
chr3	150141247	150147732	ENSG00000174963[6,8,1]	0	-	150146184	150146334	0	3	2864,316,457,	0,4935,6028,	chr3	150146308	150151507	retro_human_3201	0	-	ZIC4	1424
chr3	150141247	150147732	ENSG00000174963[6,7,1]	0	-	150146184	150146334	0	3	2864,316,511,	0,4935,5974,	chr3	150146308	150151507	retro_human_3201	0	-	ZIC4	1424
chr3	150141247	150147732	ENSG00000174963[6,9,1]	0	-	150146184	150146334	0	3	2864,316,358,	0,4935,6127,	chr3	150146308	150151507	retro_human_3201	0	-	ZIC4	1424
chr3	150141247	150162112	ENSG00000174963[4,1,1]	0	-	150146184	150158050	0	5	2864,316,618,85,497,	0,4935,9857,16733,20368,	chr3	150146308	150151507	retro_human_3201	0	-	ZIC4	5199
chr3	150142747	150148235	ENSG00000174963[7,6,3]	0	-	150146184	150146763	0	2	1364,2053,	0,3435,	chr3	150146308	150151507	retro_human_3201	0	-	ZIC4	1927
chr3	150142747	150152489	ENSG00000174963[9,11,3]	0	-	150146184	150151582	0	3	1364,316,1385,	0,3435,8357,	chr3	150146308	150151507	retro_human_3201	0	-	ZIC4	5199
chr3	150142747	150147732	ENSG00000174963[6,8,3]	0	-	150146184	150146334	0	3	1364,316,457,	0,3435,4528,	chr3	150146308	150151507	retro_human_3201	0	-	ZIC4	1424
chr3	150142747	150147732	ENSG00000174963[6,9,3]	0	-	150146184	150146334	0	3	1364,316,358,	0,3435,4627,	chr3	150146308	150151507	retro_human_3201	0	-	ZIC4	1424
chr3	150143627	150147732	ENSG00000174963[6,8,2]	0	-	150146184	150146334	0	3	484,316,457,	0,2555,3648,	chr3	150146308	150151507	retro_human_3201	0	-	ZIC4	1424
chr3	150143627	150149189	ENSG00000174963[8,10,2]	0	-	150146184	150146334	0	3	484,316,226,	0,2555,5336,	chr3	150146308	150151507	retro_human_3201	0	-	ZIC4	2881
chr3	150143627	150147732	ENSG00000174963[6,9,2]	0	-	150146184	150146334	0	3	484,316,358,	0,2555,3747,	chr3	150146308	150151507	retro_human_3201	0	-	ZIC4	1424
chr3	152245832	152247268	ENSG00000244503[1,1,1]	0	+	152246295	152246652	0	1	1436,	0,	chr3	152245882	152247218	retro_human_6228|AC108751.5-201|processed_pseudogene	0	+	EEF1A1P45	1336
chr3	152733506	152734733	ENSG00000224831[1,1,1]	0	-	152733556	152734684	0	1	1227,	0,	chr3	152733556	152734684	retro_human_2826|TMEM183B-201|processed_pseudogene	0	-	TMEM183BP	1128
chr3	153362448	153363159	ENSG00000271711[1,1,1]	0	-	153362448	153362448	0	1	711,	0,	chr3	153362498	153363109	retro_human_2827|AC069236.1-201|processed_pseudogene	0	-	SAP30P1	611
chr3	158534439	158535140	ENSG00000241307[1,1,1]	0	+	158534439	158534439	0	1	701,	0,	chr3	158534489	158535090	AC104472.2-201|processed_pseudogene	0	+	RPL7AP24	601
chr3	161401707	161402001	ENSG00000243165[1,1,1]	0	-	161401707	161401707	0	1	294,	0,	chr3	161401757	161401951	AC025033.1-201|processed_pseudogene	0	-	RFKP6	194
chr3	161537306	161537729	ENSG00000243675[1,1,1]	0	+	161537306	161537306	0	1	423,	0,	chr3	161537356	161537679	retro_human_6645|AC080013.2-201|processed_pseudogene	0	+	RPL35AP9	323
chr3	163117246	163117677	ENSG00000243687[1,1,1]	0	+	163117246	163117246	0	1	431,	0,	chr3	163117296	163117627	retro_human_6647|AC079594.1-201|processed_pseudogene	0	+	RPL35AP10	331
chr3	163342416	163343913	ENSG00000229320[2,1,2]	0	+	163342416	163342416	0	1	1497,	0,	chr3	163340061	163342814	retro_human_6642|KRT8P12-201|transcribed_processed_pseudogene	0	+	KRT8P12,KPNA4	398
chr3	164203842	164204413	ENSG00000234851[1,1,1]	0	-	164203842	164203842	0	1	571,	0,	chr3	164203892	164204363	retro_human_942|RPL23AP42-201|processed_pseudogene	0	-	RPL23AP42,LINC02067	471
chr3	166784760	166785720	ENSG00000214210[1,1,1]	0	-	166784760	166784760	0	1	960,	0,	chr3	166784810	166785670	AC084017.1-201|processed_pseudogene	0	-	NGRNP1	860
chr3	169076820	169077518	ENSG00000244429[1,1,1]	0	+	169076820	169076820	0	1	698,	0,	chr3	169076870	169077468	retro_human_824|AC104629.1-201|processed_pseudogene	0	+	SSBL6P	598
chr3	172550822	172553712	ENSG00000184378[1,1,1]	0	-	172551386	172553621	0	2	1480,291,	0,2599,	chr3	172551387	172553600	retro_human_6755	0	-	ACTRT3	2213
chr3	172550822	172554046	ENSG00000184378[2,1,1]	0	-	172551386	172553621	0	2	1480,625,	0,2599,	chr3	172551387	172553600	retro_human_6755	0	-	ACTRT3	2213
chr3	172551139	172554046	ENSG00000184378[2,1,2]	0	-	172551386	172553621	0	2	1163,625,	0,2282,	chr3	172551387	172553600	retro_human_6755	0	-	ACTRT3	2213
chr3	172551139	172553712	ENSG00000184378[1,1,2]	0	-	172551386	172553621	0	2	1163,291,	0,2282,	chr3	172551387	172553600	retro_human_6755	0	-	ACTRT3	2213
chr3	172716231	172717563	ENSG00000244039[1,1,1]	0	+	172717148	172717487	0	1	1332,	0,	chr3	172716281	172717513	retro_human_821|AC008040.2-201|processed_pseudogene	0	+	FAM20BP1	1232
chr3	173438112	173438626	ENSG00000213174[1,1,1]	0	-	173438112	173438112	0	1	514,	0,	chr3	173438162	173438576	retro_human_6754|AC026316.1-201|processed_pseudogene	0	-	RPL28P1	414
chr3	175307248	175307565	ENSG00000224611[1,1,1]	0	+	175307248	175307248	0	1	317,	0,	chr3	175307298	175307515	retro_human_7041|AC007919.1-201|processed_pseudogene	0	+	TBPL1P1	217
chr3	175465708	175466316	ENSG00000231384[1,1,1]	0	+	175465708	175465708	0	1	608,	0,	chr3	175465757	175466266	AC007919.2-201|processed_pseudogene	0	+	NAP1L5P1	509
chr3	175614441	175614982	ENSG00000227440[1,1,1]	0	-	175614441	175614441	0	1	541,	0,	chr3	175614491	175614932	retro_human_5045|ATP5MC1P4-201|processed_pseudogene	0	-	ATP5MC1P4,ECT2	441
chr3	180503221	180504048	ENSG00000277241[1,1,1]	0	-	180503221	180503221	0	1	827,	0,	chr3	180503271	180503998	retro_human_10533|AC026355.4-201|processed_pseudogene	0	-	FGFR3P4	727
chr3	182046557	182065313	ENSG00000171121[7,3,1]	0	-	182046743	182062786	0	4	564,199,192,2529,	0,1774,8022,16227,	chr3	182062864	182065110	retro_human_10535|LRRFIP1P1-201|processed_pseudogene	0	-	LRRFIP1P1,KCNMB3	2246
chr3	182062814	182065160	ENSG00000240429[1,1,1]	0	-	182063509	182064100	0	1	2346,	0,	chr3	182062864	182065110	retro_human_10535|LRRFIP1P1-201|processed_pseudogene	0	-	LRRFIP1P1,KCNMB3	2246
chr3	182063526	182065313	ENSG00000240429[3,1,2]	0	-	182064624	182064987	0	1	1787,	0,	chr3	182062864	182065110	retro_human_10535|LRRFIP1P1-201|processed_pseudogene	0	-	LRRFIP1P1,KCNMB3	1584
chr3	182063526	182063849	ENSG00000240429[2,1,2]	0	-	182063529	182063628	0	1	323,	0,	chr3	182062864	182065110	retro_human_10535|LRRFIP1P1-201|processed_pseudogene	0	-	LRRFIP1P1,KCNMB3	323
chr3	182064591	182065313	ENSG00000240429[3,1,3]	0	-	182064624	182064987	0	1	722,	0,	chr3	182062864	182065110	retro_human_10535|LRRFIP1P1-201|processed_pseudogene	0	-	LRRFIP1P1,KCNMB3	519
chr3	183574563	183575828	ENSG00000242068[1,1,1]	0	-	183574563	183574563	0	1	1265,	0,	chr3	183574613	183575778	retro_human_10538|AC108734.3-201|processed_pseudogene	0	-	RNF13P1	1165
chr3	185743126	185785680	ENSG00000043093[1,1,1]	0	-	185750194	185785581	0	7	7145,97,83,131,169,217,102,	0,9210,9522,23204,25859,27515,42452,	chr3	185755881	185761408	AC092953.1-201|processed_pseudogene	0	-	LOC128966750	5527
chr3	185743126	185791095	ENSG00000043093[2,1,1]	0	-	185750194	185785581	0	7	7145,97,83,131,169,217,5517,	0,9210,9522,23204,25859,27515,42452,	chr3	185755881	185761408	AC092953.1-201|processed_pseudogene	0	-	LOC128966750	5527
chr3	185743486	185785680	ENSG00000043093[1,1,7]	0	-	185750194	185785581	0	7	6785,97,83,131,169,217,102,	0,8850,9162,22844,25499,27155,42092,	chr3	185755881	185761408	AC092953.1-201|processed_pseudogene	0	-	LOC128966750	5527
chr3	185744812	185785680	ENSG00000043093[1,1,8]	0	-	185750194	185785581	0	7	5459,97,83,131,169,217,102,	0,7524,7836,21518,24173,25829,40766,	chr3	185755881	185761408	AC092953.1-201|processed_pseudogene	0	-	LOC128966750	5527
chr3	185746183	185785680	ENSG00000043093[1,1,9]	0	-	185750194	185785581	0	7	4088,97,83,131,169,217,102,	0,6153,6465,20147,22802,24458,39395,	chr3	185755881	185761408	AC092953.1-201|processed_pseudogene	0	-	LOC128966750	5527
chr3	185746183	185791095	ENSG00000043093[2,1,9]	0	-	185750194	185785581	0	7	4088,97,83,131,169,217,5517,	0,6153,6465,20147,22802,24458,39395,	chr3	185755881	185761408	AC092953.1-201|processed_pseudogene	0	-	LOC128966750	5527
chr3	185746432	185785680	ENSG00000043093[1,5,10]	0	-	185750194	185769008	0	7	3839,97,83,131,169,75,102,	0,5904,6216,19898,22553,24351,39146,	chr3	185755881	185761408	AC092953.1-201|processed_pseudogene	0	-	LOC128966750	5527
chr3	185746432	185785680	ENSG00000043093[1,1,10]	0	-	185750194	185785581	0	7	3839,97,83,131,169,217,102,	0,5904,6216,19898,22553,24209,39146,	chr3	185755881	185761408	AC092953.1-201|processed_pseudogene	0	-	LOC128966750	5527
chr3	185746432	185791095	ENSG00000043093[2,1,10]	0	-	185750194	185785581	0	7	3839,97,83,131,169,217,5517,	0,5904,6216,19898,22553,24209,39146,	chr3	185755881	185761408	AC092953.1-201|processed_pseudogene	0	-	LOC128966750	5527
chr3	185747411	185785680	ENSG00000043093[1,5,11]	0	-	185750194	185769008	0	7	2860,97,83,131,169,75,102,	0,4925,5237,18919,21574,23372,38167,	chr3	185755881	185761408	AC092953.1-201|processed_pseudogene	0	-	LOC128966750	5527
chr3	185747411	185785680	ENSG00000043093[1,1,11]	0	-	185750194	185785581	0	7	2860,97,83,131,169,217,102,	0,4925,5237,18919,21574,23230,38167,	chr3	185755881	185761408	AC092953.1-201|processed_pseudogene	0	-	LOC128966750	5527
chr3	185747411	185791095	ENSG00000043093[2,1,11]	0	-	185750194	185785581	0	7	2860,97,83,131,169,217,5517,	0,4925,5237,18919,21574,23230,38167,	chr3	185755881	185761408	AC092953.1-201|processed_pseudogene	0	-	LOC128966750	5527
chr3	185747823	185785680	ENSG00000043093[1,5,2]	0	-	185750194	185769008	0	7	2448,97,83,131,169,75,102,	0,4513,4825,18507,21162,22960,37755,	chr3	185755881	185761408	AC092953.1-201|processed_pseudogene	0	-	LOC128966750	5527
chr3	185747823	185785680	ENSG00000043093[1,1,2]	0	-	185750194	185785581	0	7	2448,97,83,131,169,217,102,	0,4513,4825,18507,21162,22818,37755,	chr3	185755881	185761408	AC092953.1-201|processed_pseudogene	0	-	LOC128966750	5527
chr3	185747823	185791095	ENSG00000043093[2,1,2]	0	-	185750194	185785581	0	7	2448,97,83,131,169,217,5517,	0,4513,4825,18507,21162,22818,37755,	chr3	185755881	185761408	AC092953.1-201|processed_pseudogene	0	-	LOC128966750	5527
chr3	185748410	185785680	ENSG00000043093[1,5,12]	0	-	185750194	185769008	0	7	1861,97,83,131,169,75,102,	0,3926,4238,17920,20575,22373,37168,	chr3	185755881	185761408	AC092953.1-201|processed_pseudogene	0	-	LOC128966750	5527
chr3	185748410	185791095	ENSG00000043093[2,1,12]	0	-	185750194	185785581	0	7	1861,97,83,131,169,217,5517,	0,3926,4238,17920,20575,22231,37168,	chr3	185755881	185761408	AC092953.1-201|processed_pseudogene	0	-	LOC128966750	5527
chr3	185748410	185785680	ENSG00000043093[1,1,12]	0	-	185750194	185785581	0	7	1861,97,83,131,169,217,102,	0,3926,4238,17920,20575,22231,37168,	chr3	185755881	185761408	AC092953.1-201|processed_pseudogene	0	-	LOC128966750	5527
chr3	185748823	185791095	ENSG00000043093[2,1,3]	0	-	185750194	185785581	0	7	1448,97,83,131,169,217,5517,	0,3513,3825,17507,20162,21818,36755,	chr3	185755881	185761408	AC092953.1-201|processed_pseudogene	0	-	LOC128966750	5527
chr3	185748823	185785680	ENSG00000043093[1,1,3]	0	-	185750194	185785581	0	7	1448,97,83,131,169,217,102,	0,3513,3825,17507,20162,21818,36755,	chr3	185755881	185761408	AC092953.1-201|processed_pseudogene	0	-	LOC128966750	5527
chr3	185749235	185785680	ENSG00000043093[1,5,13]	0	-	185750194	185769008	0	7	1036,97,83,131,169,75,102,	0,3101,3413,17095,19750,21548,36343,	chr3	185755881	185761408	AC092953.1-201|processed_pseudogene	0	-	LOC128966750	5527
chr3	185749235	185791095	ENSG00000043093[2,1,13]	0	-	185750194	185785581	0	7	1036,97,83,131,169,217,5517,	0,3101,3413,17095,19750,21406,36343,	chr3	185755881	185761408	AC092953.1-201|processed_pseudogene	0	-	LOC128966750	5527
chr3	185749235	185785680	ENSG00000043093[1,1,13]	0	-	185750194	185785581	0	7	1036,97,83,131,169,217,102,	0,3101,3413,17095,19750,21406,36343,	chr3	185755881	185761408	AC092953.1-201|processed_pseudogene	0	-	LOC128966750	5527
chr3	185750081	185785680	ENSG00000043093[1,5,4]	0	-	185750194	185769008	0	7	190,97,83,131,169,75,102,	0,2255,2567,16249,18904,20702,35497,	chr3	185755881	185761408	AC092953.1-201|processed_pseudogene	0	-	LOC128966750	5527
chr3	186694598	186697769	ENSG00000234371[1,2,1]	0	+	186694598	186694598	0	2	334,482,	0,2689,	chr3	186694648	186697719	RPSAP31-202|transcribed_processed_pseudogene	0	+	RPSAP31,MIR4448	3071
chr3	186959191	186960023	ENSG00000228205[1,1,1]	0	+	186959191	186959191	0	1	832,	0,	chr3	186959241	186959973	retro_human_1229|AC131235.1-201|processed_pseudogene	0	+	RPS3P3	732
chr3	189412659	189412984	ENSG00000283390[1,1,1]	0	+	189412659	189412659	0	1	325,	0,	chr3	189412709	189412934	retro_human_7442|AC068631.3-201|processed_pseudogene	0	+	PET100P1	225
chr3	196274319	196288739	ENSG00000236297[2,2,2]	0	-	196274319	196274319	0	3	515,200,120,	0,2760,14300,	chr3	196274369	196288689	AC048351.1-202|transcribed_processed_pseudogene	0	-	EEF1A1P23,ATP13A4	14320
chr3	198261579	198262159	ENSG00000236844[1,1,1]	0	+	198261579	198261579	0	1	580,	0,	chr3	198261629	198262103	retro_human_1588|AC069213.3-201|processed_pseudogene	0	+	RPL24P6	474
chr3	198268224	198268690	ENSG00000236425[1,1,1]	0	-	198268224	198268224	0	1	466,	0,	chr3	198268274	198268640	AC069213.2-201|processed_pseudogene	0	-	RPL31P64	366
chr3	199712896	199713879	ENSG00000233487[1,1,1]	0	-	199712949	199713411	0	1	983,	0,	chr3	199710167	199713213	RPSAP69-201|transcribed_processed_pseudogene	0	-	LOC124906328	317
chr3	199712896	199713879	ENSG00000233487[1,1,1]	0	-	199712949	199713411	0	1	983,	0,	chr3	199712946	199713829	retro_human_9742|RPSAP69-202|transcribed_processed_pseudogene	0	-	LOC124906328	883
chr3	200312934	200313320	ENSG00000213519[1,1,1]	0	-	200312934	200312934	0	1	386,	0,	chr3	200312984	200313270	retro_human_9743|AC132008.1-201|processed_pseudogene	0	-	LOC128966751	286
chr3	200366804	200368401	ENSG00000249626[1,1,1]	0	+	200366804	200366804	0	1	1597,	0,	chr3	200366854	200368351	retro_human_4565|AC024560.2-201|processed_pseudogene	0	+	LOC128966748,LOC112268458	1497
chr3	200582914	200583569	ENSG00000234742[1,1,1]	0	-	200582914	200582914	0	1	655,	0,	chr3	200582964	200583519	retro_human_2368|AC144530.1-201|processed_pseudogene	0	-	RPL17P18	555
chr3	200839714	200841268	ENSG00000232783[1,2,2]	0	+	200839714	200839714	0	3	322,89,247,	0,582,1307,	chr3	200839859	200841484	retro_human_4564	0	+	FRG2FP	1409
chr3	200839714	200841268	ENSG00000232783[1,4,2]	0	+	200839714	200839714	0	2	322,247,	0,1307,	chr3	200839859	200841484	retro_human_4564	0	+	FRG2FP	1409
chr3	200849326	200850484	ENSG00000213113[1,1,1]	0	+	200849326	200849326	0	1	1158,	0,	chr3	200849371	200850359	retro_human_4563	0	+	TUBB8P8	988
chr4	48935	49606	ENSG00000248302[2,1,2]	0	-	48935	48935	0	1	671,	0,	chr4	48527	49388	retro_human_3214|BNIP3P41-202|transcribed_processed_pseudogene	0	-	LOC105374377	453
chr4	48935	49606	ENSG00000248302[2,1,2]	0	-	48935	48935	0	1	671,	0,	chr4	48985	49556	BNIP3P41-201|transcribed_processed_pseudogene	0	-	LOC105374377	571
chr4	331437	332024	ENSG00000248564[1,1,1]	0	-	331437	331437	0	1	587,	0,	chr4	331487	331974	AC079140.1-201|processed_pseudogene	0	-	ZNF141	487
chr4	415850	467562	ENSG00000251595[2,6,4]	0	-	430853	467366	255	5	4518,110,66,127,199,	0,13314,14990,50107,51513,	chr4	418829	467512	ABCA11P-201|transcribed_processed_pseudogene	0	-	ABCA11P,ZNF721,LOC100533734	48683
chr4	415850	467562	ENSG00000251595[2,6,4]	0	-	430853	467366	255	5	4518,110,66,127,199,	0,13314,14990,50107,51513,	chr4	419209	467434	ABCA11P-203|transcribed_processed_pseudogene	0	-	ABCA11P,ZNF721,LOC100533734	48225
chr4	415850	467562	ENSG00000251595[2,6,4]	0	-	430853	467366	255	5	4518,110,66,127,199,	0,13314,14990,50107,51513,	chr4	419209	467434	ABCA11P-204|transcribed_processed_pseudogene	0	-	ABCA11P,ZNF721,LOC100533734	48225
chr4	418777	467600	ENSG00000182903[2,5,8]	0	-	430853	467366	0	5	1737,110,66,127,237,	0,10387,12063,47180,48586,	chr4	418829	467512	ABCA11P-201|transcribed_processed_pseudogene	0	-	ABCA11P,ZNF721,LOC100533734	48683
chr4	418777	467600	ENSG00000182903[2,5,8]	0	-	430853	467366	0	5	1737,110,66,127,237,	0,10387,12063,47180,48586,	chr4	419209	467434	ABCA11P-203|transcribed_processed_pseudogene	0	-	ABCA11P,ZNF721,LOC100533734	48225
chr4	418777	467600	ENSG00000182903[2,5,8]	0	-	430853	467366	0	5	1737,110,66,127,237,	0,10387,12063,47180,48586,	chr4	419209	467434	ABCA11P-204|transcribed_processed_pseudogene	0	-	ABCA11P,ZNF721,LOC100533734	48225
chr4	418779	467562	ENSG00000251595[2,6,1]	0	-	430853	467366	255	5	1589,110,66,127,199,	0,10385,12061,47178,48584,	chr4	418829	467512	ABCA11P-201|transcribed_processed_pseudogene	0	-	ABCA11P,ZNF721,LOC100533734	48683
chr4	418779	467562	ENSG00000251595[2,6,1]	0	-	430853	467366	255	5	1589,110,66,127,199,	0,10385,12061,47178,48584,	chr4	419209	467434	ABCA11P-203|transcribed_processed_pseudogene	0	-	ABCA11P,ZNF721,LOC100533734	48225
chr4	418779	467562	ENSG00000251595[2,6,1]	0	-	430853	467366	255	5	1589,110,66,127,199,	0,10385,12061,47178,48584,	chr4	419209	467434	ABCA11P-204|transcribed_processed_pseudogene	0	-	ABCA11P,ZNF721,LOC100533734	48225
chr4	418779	467562	ENSG00000251595[2,4,1]	0	-	430853	467366	0	4	1589,66,127,199,	0,12061,47178,48584,	chr4	418829	467512	ABCA11P-201|transcribed_processed_pseudogene	0	-	ABCA11P,ZNF721,LOC100533734	48683
chr4	418779	467562	ENSG00000251595[2,4,1]	0	-	430853	467366	0	4	1589,66,127,199,	0,12061,47178,48584,	chr4	419209	467434	ABCA11P-203|transcribed_processed_pseudogene	0	-	ABCA11P,ZNF721,LOC100533734	48225
chr4	418779	467562	ENSG00000251595[2,4,1]	0	-	430853	467366	0	4	1589,66,127,199,	0,12061,47178,48584,	chr4	419209	467434	ABCA11P-204|transcribed_processed_pseudogene	0	-	ABCA11P,ZNF721,LOC100533734	48225
chr4	418779	467562	ENSG00000251595[2,3,1]	0	-	420452	467366	0	3	1735,127,199,	0,47178,48584,	chr4	418829	467512	ABCA11P-201|transcribed_processed_pseudogene	0	-	ABCA11P,ZNF721,LOC100533734	48683
chr4	418779	467562	ENSG00000251595[2,3,1]	0	-	420452	467366	0	3	1735,127,199,	0,47178,48584,	chr4	419209	467434	ABCA11P-203|transcribed_processed_pseudogene	0	-	ABCA11P,ZNF721,LOC100533734	48225
chr4	418779	467562	ENSG00000251595[2,3,1]	0	-	420452	467366	0	3	1735,127,199,	0,47178,48584,	chr4	419209	467434	ABCA11P-204|transcribed_processed_pseudogene	0	-	ABCA11P,ZNF721,LOC100533734	48225
chr4	418779	467562	ENSG00000251595[2,2,1]	0	-	420357	467366	0	3	1589,127,199,	0,47178,48584,	chr4	418829	467512	ABCA11P-201|transcribed_processed_pseudogene	0	-	ABCA11P,ZNF721,LOC100533734	48683
chr4	418779	467562	ENSG00000251595[2,2,1]	0	-	420357	467366	0	3	1589,127,199,	0,47178,48584,	chr4	419209	467434	ABCA11P-203|transcribed_processed_pseudogene	0	-	ABCA11P,ZNF721,LOC100533734	48225
chr4	418779	467562	ENSG00000251595[2,2,1]	0	-	420357	467366	0	3	1589,127,199,	0,47178,48584,	chr4	419209	467434	ABCA11P-204|transcribed_processed_pseudogene	0	-	ABCA11P,ZNF721,LOC100533734	48225
chr4	419117	467562	ENSG00000251595[2,4,2]	0	-	430853	467366	0	4	1251,66,127,199,	0,11723,46840,48246,	chr4	418829	467512	ABCA11P-201|transcribed_processed_pseudogene	0	-	ABCA11P,ZNF721,LOC100533734	48395
chr4	419117	467562	ENSG00000251595[2,4,2]	0	-	430853	467366	0	4	1251,66,127,199,	0,11723,46840,48246,	chr4	419209	467434	ABCA11P-203|transcribed_processed_pseudogene	0	-	ABCA11P,ZNF721,LOC100533734	48225
chr4	419117	467562	ENSG00000251595[2,4,2]	0	-	430853	467366	0	4	1251,66,127,199,	0,11723,46840,48246,	chr4	419209	467434	ABCA11P-204|transcribed_processed_pseudogene	0	-	ABCA11P,ZNF721,LOC100533734	48225
chr4	419117	467562	ENSG00000251595[2,3,2]	0	-	420452	467366	0	3	1397,127,199,	0,46840,48246,	chr4	418829	467512	ABCA11P-201|transcribed_processed_pseudogene	0	-	ABCA11P,ZNF721,LOC100533734	48395
chr4	419117	467562	ENSG00000251595[2,3,2]	0	-	420452	467366	0	3	1397,127,199,	0,46840,48246,	chr4	419209	467434	ABCA11P-203|transcribed_processed_pseudogene	0	-	ABCA11P,ZNF721,LOC100533734	48225
chr4	419117	467562	ENSG00000251595[2,3,2]	0	-	420452	467366	0	3	1397,127,199,	0,46840,48246,	chr4	419209	467434	ABCA11P-204|transcribed_processed_pseudogene	0	-	ABCA11P,ZNF721,LOC100533734	48225
chr4	419159	467600	ENSG00000182903[2,5,3]	0	-	430853	467366	0	5	1355,110,66,127,237,	0,10005,11681,46798,48204,	chr4	418829	467512	ABCA11P-201|transcribed_processed_pseudogene	0	-	ABCA11P,ZNF721,LOC100533734	48353
chr4	419159	467600	ENSG00000182903[2,5,3]	0	-	430853	467366	0	5	1355,110,66,127,237,	0,10005,11681,46798,48204,	chr4	419209	467434	ABCA11P-203|transcribed_processed_pseudogene	0	-	ABCA11P,ZNF721,LOC100533734	48225
chr4	419159	467600	ENSG00000182903[2,5,3]	0	-	430853	467366	0	5	1355,110,66,127,237,	0,10005,11681,46798,48204,	chr4	419209	467434	ABCA11P-204|transcribed_processed_pseudogene	0	-	ABCA11P,ZNF721,LOC100533734	48225
chr4	419427	467562	ENSG00000251595[2,6,3]	0	-	430853	467366	255	5	941,110,66,127,199,	0,9737,11413,46530,47936,	chr4	418829	467512	ABCA11P-201|transcribed_processed_pseudogene	0	-	ABCA11P,ZNF721,LOC100533734	48085
chr4	419427	467562	ENSG00000251595[2,6,3]	0	-	430853	467366	255	5	941,110,66,127,199,	0,9737,11413,46530,47936,	chr4	419209	467434	ABCA11P-203|transcribed_processed_pseudogene	0	-	ABCA11P,ZNF721,LOC100533734	48007
chr4	419427	467562	ENSG00000251595[2,6,3]	0	-	430853	467366	255	5	941,110,66,127,199,	0,9737,11413,46530,47936,	chr4	419209	467434	ABCA11P-204|transcribed_processed_pseudogene	0	-	ABCA11P,ZNF721,LOC100533734	48007
chr4	419427	467562	ENSG00000251595[2,4,3]	0	-	430853	467366	0	4	941,66,127,199,	0,11413,46530,47936,	chr4	418829	467512	ABCA11P-201|transcribed_processed_pseudogene	0	-	ABCA11P,ZNF721,LOC100533734	48085
chr4	419427	467562	ENSG00000251595[2,4,3]	0	-	430853	467366	0	4	941,66,127,199,	0,11413,46530,47936,	chr4	419209	467434	ABCA11P-203|transcribed_processed_pseudogene	0	-	ABCA11P,ZNF721,LOC100533734	48007
chr4	419427	467562	ENSG00000251595[2,4,3]	0	-	430853	467366	0	4	941,66,127,199,	0,11413,46530,47936,	chr4	419209	467434	ABCA11P-204|transcribed_processed_pseudogene	0	-	ABCA11P,ZNF721,LOC100533734	48007
chr4	419427	467562	ENSG00000251595[2,3,3]	0	-	420452	467366	0	3	1087,127,199,	0,46530,47936,	chr4	418829	467512	ABCA11P-201|transcribed_processed_pseudogene	0	-	ABCA11P,ZNF721,LOC100533734	48085
chr4	419427	467562	ENSG00000251595[2,3,3]	0	-	420452	467366	0	3	1087,127,199,	0,46530,47936,	chr4	419209	467434	ABCA11P-203|transcribed_processed_pseudogene	0	-	ABCA11P,ZNF721,LOC100533734	48007
chr4	419427	467562	ENSG00000251595[2,3,3]	0	-	420452	467366	0	3	1087,127,199,	0,46530,47936,	chr4	419209	467434	ABCA11P-204|transcribed_processed_pseudogene	0	-	ABCA11P,ZNF721,LOC100533734	48007
chr4	419427	467562	ENSG00000251595[2,2,3]	0	-	420357	467366	0	3	941,127,199,	0,46530,47936,	chr4	418829	467512	ABCA11P-201|transcribed_processed_pseudogene	0	-	ABCA11P,ZNF721,LOC100533734	48085
chr4	419427	467562	ENSG00000251595[2,2,3]	0	-	420357	467366	0	3	941,127,199,	0,46530,47936,	chr4	419209	467434	ABCA11P-203|transcribed_processed_pseudogene	0	-	ABCA11P,ZNF721,LOC100533734	48007
chr4	419427	467562	ENSG00000251595[2,2,3]	0	-	420357	467366	0	3	941,127,199,	0,46530,47936,	chr4	419209	467434	ABCA11P-204|transcribed_processed_pseudogene	0	-	ABCA11P,ZNF721,LOC100533734	48007
chr4	419427	467600	ENSG00000182903[2,5,9]	0	-	430853	467366	0	5	1087,110,66,127,237,	0,9737,11413,46530,47936,	chr4	418829	467512	ABCA11P-201|transcribed_processed_pseudogene	0	-	ABCA11P,ZNF721,LOC100533734	48085
chr4	419427	467600	ENSG00000182903[2,5,9]	0	-	430853	467366	0	5	1087,110,66,127,237,	0,9737,11413,46530,47936,	chr4	419209	467434	ABCA11P-203|transcribed_processed_pseudogene	0	-	ABCA11P,ZNF721,LOC100533734	48007
chr4	419427	467600	ENSG00000182903[2,5,9]	0	-	430853	467366	0	5	1087,110,66,127,237,	0,9737,11413,46530,47936,	chr4	419209	467434	ABCA11P-204|transcribed_processed_pseudogene	0	-	ABCA11P,ZNF721,LOC100533734	48007
chr4	420133	467600	ENSG00000182903[2,2,2]	0	-	429213	467366	0	7	381,110,66,49,90,127,237,	0,9031,10707,11845,17603,45824,47230,	chr4	418829	467512	ABCA11P-201|transcribed_processed_pseudogene	0	-	ABCA11P,ZNF721,LOC100533734	47379
chr4	420133	467600	ENSG00000182903[2,2,2]	0	-	429213	467366	0	7	381,110,66,49,90,127,237,	0,9031,10707,11845,17603,45824,47230,	chr4	419209	467434	ABCA11P-203|transcribed_processed_pseudogene	0	-	ABCA11P,ZNF721,LOC100533734	47301
chr4	420133	467600	ENSG00000182903[2,2,2]	0	-	429213	467366	0	7	381,110,66,49,90,127,237,	0,9031,10707,11845,17603,45824,47230,	chr4	419209	467434	ABCA11P-204|transcribed_processed_pseudogene	0	-	ABCA11P,ZNF721,LOC100533734	47301
chr4	420360	429272	ENSG00000251595[3,5,5]	0	-	420360	420360	255	2	154,108,	0,8804,	chr4	418829	467512	ABCA11P-201|transcribed_processed_pseudogene	0	-	ABCA11P,ZNF721,LOC100533734	8912
chr4	420360	429272	ENSG00000251595[3,5,5]	0	-	420360	420360	255	2	154,108,	0,8804,	chr4	419209	467434	ABCA11P-203|transcribed_processed_pseudogene	0	-	ABCA11P,ZNF721,LOC100533734	8912
chr4	420360	429272	ENSG00000251595[3,5,5]	0	-	420360	420360	255	2	154,108,	0,8804,	chr4	419209	467434	ABCA11P-204|transcribed_processed_pseudogene	0	-	ABCA11P,ZNF721,LOC100533734	8912
chr4	420360	467562	ENSG00000251595[2,3,5]	0	-	420452	467366	0	3	154,127,199,	0,45597,47003,	chr4	418829	467512	ABCA11P-201|transcribed_processed_pseudogene	0	-	ABCA11P,ZNF721,LOC100533734	47152
chr4	420360	467562	ENSG00000251595[2,3,5]	0	-	420452	467366	0	3	154,127,199,	0,45597,47003,	chr4	419209	467434	ABCA11P-203|transcribed_processed_pseudogene	0	-	ABCA11P,ZNF721,LOC100533734	47074
chr4	420360	467562	ENSG00000251595[2,3,5]	0	-	420452	467366	0	3	154,127,199,	0,45597,47003,	chr4	419209	467434	ABCA11P-204|transcribed_processed_pseudogene	0	-	ABCA11P,ZNF721,LOC100533734	47074
chr4	420360	467600	ENSG00000182903[2,5,10]	0	-	430853	467366	0	5	154,110,66,127,237,	0,8804,10480,45597,47003,	chr4	418829	467512	ABCA11P-201|transcribed_processed_pseudogene	0	-	ABCA11P,ZNF721,LOC100533734	47152
chr4	420360	467600	ENSG00000182903[2,5,10]	0	-	430853	467366	0	5	154,110,66,127,237,	0,8804,10480,45597,47003,	chr4	419209	467434	ABCA11P-203|transcribed_processed_pseudogene	0	-	ABCA11P,ZNF721,LOC100533734	47074
chr4	420360	467600	ENSG00000182903[2,5,10]	0	-	430853	467366	0	5	154,110,66,127,237,	0,8804,10480,45597,47003,	chr4	419209	467434	ABCA11P-204|transcribed_processed_pseudogene	0	-	ABCA11P,ZNF721,LOC100533734	47074
chr4	433332	467600	ENSG00000182903[2,7,1]	0	-	435091	437824	255	4	4494,65,127,237,	0,27667,32625,34031,	chr4	418829	467512	ABCA11P-201|transcribed_processed_pseudogene	0	-	ABCA11P,ZNF721,LOC100533734	34180
chr4	433332	467600	ENSG00000182903[2,7,1]	0	-	435091	437824	255	4	4494,65,127,237,	0,27667,32625,34031,	chr4	419209	467434	ABCA11P-203|transcribed_processed_pseudogene	0	-	ABCA11P,ZNF721,LOC100533734	34102
chr4	433332	467600	ENSG00000182903[2,7,1]	0	-	435091	437824	255	4	4494,65,127,237,	0,27667,32625,34031,	chr4	419209	467434	ABCA11P-204|transcribed_processed_pseudogene	0	-	ABCA11P,ZNF721,LOC100533734	34102
chr4	433332	492587	ENSG00000182903[1,1,1]	0	-	435091	465991	0	3	4494,127,151,	0,32625,59104,	chr4	418829	467512	ABCA11P-201|transcribed_processed_pseudogene	0	-	ABCA11P,ZNF721,LOC100533734	34180
chr4	433332	492587	ENSG00000182903[1,1,1]	0	-	435091	465991	0	3	4494,127,151,	0,32625,59104,	chr4	419209	467434	ABCA11P-203|transcribed_processed_pseudogene	0	-	ABCA11P,ZNF721,LOC100533734	34102
chr4	433332	492587	ENSG00000182903[1,1,1]	0	-	435091	465991	0	3	4494,127,151,	0,32625,59104,	chr4	419209	467434	ABCA11P-204|transcribed_processed_pseudogene	0	-	ABCA11P,ZNF721,LOC100533734	34102
chr4	433332	467600	ENSG00000182903[2,6,1]	0	-	435091	465991	0	3	4494,127,237,	0,32625,34031,	chr4	418829	467512	ABCA11P-201|transcribed_processed_pseudogene	0	-	ABCA11P,ZNF721,LOC100533734	34180
chr4	433332	467600	ENSG00000182903[2,6,1]	0	-	435091	465991	0	3	4494,127,237,	0,32625,34031,	chr4	419209	467434	ABCA11P-203|transcribed_processed_pseudogene	0	-	ABCA11P,ZNF721,LOC100533734	34102
chr4	433332	467600	ENSG00000182903[2,6,1]	0	-	435091	465991	0	3	4494,127,237,	0,32625,34031,	chr4	419209	467434	ABCA11P-204|transcribed_processed_pseudogene	0	-	ABCA11P,ZNF721,LOC100533734	34102
chr4	433332	492587	ENSG00000182903[1,3,1]	0	-	435091	437824	0	2	4494,151,	0,59104,	chr4	418829	467512	ABCA11P-201|transcribed_processed_pseudogene	0	-	ABCA11P,ZNF721,LOC100533734	34180
chr4	433332	492587	ENSG00000182903[1,3,1]	0	-	435091	437824	0	2	4494,151,	0,59104,	chr4	419209	467434	ABCA11P-203|transcribed_processed_pseudogene	0	-	ABCA11P,ZNF721,LOC100533734	34102
chr4	433332	492587	ENSG00000182903[1,3,1]	0	-	435091	437824	0	2	4494,151,	0,59104,	chr4	419209	467434	ABCA11P-204|transcribed_processed_pseudogene	0	-	ABCA11P,ZNF721,LOC100533734	34102
chr4	434026	467600	ENSG00000182903[2,7,7]	0	-	435091	437824	255	4	3800,65,127,237,	0,26973,31931,33337,	chr4	418829	467512	ABCA11P-201|transcribed_processed_pseudogene	0	-	ABCA11P,ZNF721,LOC100533734	33486
chr4	434026	467600	ENSG00000182903[2,7,7]	0	-	435091	437824	255	4	3800,65,127,237,	0,26973,31931,33337,	chr4	419209	467434	ABCA11P-203|transcribed_processed_pseudogene	0	-	ABCA11P,ZNF721,LOC100533734	33408
chr4	434026	467600	ENSG00000182903[2,7,7]	0	-	435091	437824	255	4	3800,65,127,237,	0,26973,31931,33337,	chr4	419209	467434	ABCA11P-204|transcribed_processed_pseudogene	0	-	ABCA11P,ZNF721,LOC100533734	33408
chr4	434026	492587	ENSG00000182903[1,1,7]	0	-	435091	465991	0	3	3800,127,151,	0,31931,58410,	chr4	418829	467512	ABCA11P-201|transcribed_processed_pseudogene	0	-	ABCA11P,ZNF721,LOC100533734	33486
chr4	434026	492587	ENSG00000182903[1,1,7]	0	-	435091	465991	0	3	3800,127,151,	0,31931,58410,	chr4	419209	467434	ABCA11P-203|transcribed_processed_pseudogene	0	-	ABCA11P,ZNF721,LOC100533734	33408
chr4	434026	492587	ENSG00000182903[1,1,7]	0	-	435091	465991	0	3	3800,127,151,	0,31931,58410,	chr4	419209	467434	ABCA11P-204|transcribed_processed_pseudogene	0	-	ABCA11P,ZNF721,LOC100533734	33408
chr4	434026	467600	ENSG00000182903[2,6,7]	0	-	435091	465991	0	3	3800,127,237,	0,31931,33337,	chr4	418829	467512	ABCA11P-201|transcribed_processed_pseudogene	0	-	ABCA11P,ZNF721,LOC100533734	33486
chr4	434026	467600	ENSG00000182903[2,6,7]	0	-	435091	465991	0	3	3800,127,237,	0,31931,33337,	chr4	419209	467434	ABCA11P-203|transcribed_processed_pseudogene	0	-	ABCA11P,ZNF721,LOC100533734	33408
chr4	434026	467600	ENSG00000182903[2,6,7]	0	-	435091	465991	0	3	3800,127,237,	0,31931,33337,	chr4	419209	467434	ABCA11P-204|transcribed_processed_pseudogene	0	-	ABCA11P,ZNF721,LOC100533734	33408
chr4	435038	492587	ENSG00000182903[1,1,6]	0	-	435091	465991	0	3	2788,127,151,	0,30919,57398,	chr4	418829	467512	ABCA11P-201|transcribed_processed_pseudogene	0	-	ABCA11P,ZNF721,LOC100533734	32474
chr4	435038	492587	ENSG00000182903[1,1,6]	0	-	435091	465991	0	3	2788,127,151,	0,30919,57398,	chr4	419209	467434	ABCA11P-203|transcribed_processed_pseudogene	0	-	ABCA11P,ZNF721,LOC100533734	32396
chr4	435038	492587	ENSG00000182903[1,1,6]	0	-	435091	465991	0	3	2788,127,151,	0,30919,57398,	chr4	419209	467434	ABCA11P-204|transcribed_processed_pseudogene	0	-	ABCA11P,ZNF721,LOC100533734	32396
chr4	437426	467600	ENSG00000182903[2,7,5]	0	-	461008	467366	255	4	400,65,127,237,	0,23573,28531,29937,	chr4	418829	467512	ABCA11P-201|transcribed_processed_pseudogene	0	-	ABCA11P,ZNF721,LOC100533734	30086
chr4	437426	467600	ENSG00000182903[2,7,5]	0	-	461008	467366	255	4	400,65,127,237,	0,23573,28531,29937,	chr4	419209	467434	ABCA11P-203|transcribed_processed_pseudogene	0	-	ABCA11P,ZNF721,LOC100533734	30008
chr4	437426	467600	ENSG00000182903[2,7,5]	0	-	461008	467366	255	4	400,65,127,237,	0,23573,28531,29937,	chr4	419209	467434	ABCA11P-204|transcribed_processed_pseudogene	0	-	ABCA11P,ZNF721,LOC100533734	30008
chr4	437426	492587	ENSG00000182903[1,1,5]	0	-	437490	437661	0	3	400,127,151,	0,28531,55010,	chr4	418829	467512	ABCA11P-201|transcribed_processed_pseudogene	0	-	ABCA11P,ZNF721,LOC100533734	30086
chr4	437426	492587	ENSG00000182903[1,1,5]	0	-	437490	437661	0	3	400,127,151,	0,28531,55010,	chr4	419209	467434	ABCA11P-203|transcribed_processed_pseudogene	0	-	ABCA11P,ZNF721,LOC100533734	30008
chr4	437426	492587	ENSG00000182903[1,1,5]	0	-	437490	437661	0	3	400,127,151,	0,28531,55010,	chr4	419209	467434	ABCA11P-204|transcribed_processed_pseudogene	0	-	ABCA11P,ZNF721,LOC100533734	30008
chr4	437426	467600	ENSG00000182903[2,6,5]	0	-	437490	437661	0	3	400,127,237,	0,28531,29937,	chr4	418829	467512	ABCA11P-201|transcribed_processed_pseudogene	0	-	ABCA11P,ZNF721,LOC100533734	30086
chr4	437426	467600	ENSG00000182903[2,6,5]	0	-	437490	437661	0	3	400,127,237,	0,28531,29937,	chr4	419209	467434	ABCA11P-203|transcribed_processed_pseudogene	0	-	ABCA11P,ZNF721,LOC100533734	30008
chr4	437426	467600	ENSG00000182903[2,6,5]	0	-	437490	437661	0	3	400,127,237,	0,28531,29937,	chr4	419209	467434	ABCA11P-204|transcribed_processed_pseudogene	0	-	ABCA11P,ZNF721,LOC100533734	30008
chr4	437426	492587	ENSG00000182903[1,3,5]	0	-	437490	437661	0	2	400,151,	0,55010,	chr4	418829	467512	ABCA11P-201|transcribed_processed_pseudogene	0	-	ABCA11P,ZNF721,LOC100533734	30086
chr4	437426	492587	ENSG00000182903[1,3,5]	0	-	437490	437661	0	2	400,151,	0,55010,	chr4	419209	467434	ABCA11P-203|transcribed_processed_pseudogene	0	-	ABCA11P,ZNF721,LOC100533734	30008
chr4	437426	492587	ENSG00000182903[1,3,5]	0	-	437490	437661	0	2	400,151,	0,55010,	chr4	419209	467434	ABCA11P-204|transcribed_processed_pseudogene	0	-	ABCA11P,ZNF721,LOC100533734	30008
chr4	985077	1002661	ENSG00000127415[1,1,1]	0	+	985215	1002437	0	14	296,141,86,108,96,203,180,217,213,122,126,77,101,355,	0,862,13581,13851,14437,14648,14951,15238,15701,16005,16314,16518,16981,17229,	chr4	986997	989789	retro_human_3781	0	-	SLC26A1	2792
chr4	985995	987804	ENSG00000127415[2,10,2]	0	+	986007	987393	0	2	85,443,	0,1366,	chr4	986997	989789	retro_human_3781	0	-	SLC26A1	807
chr4	986077	991621	ENSG00000145217[1,1,5]	0	-	986966	989834	0	3	2416,603,190,	0,3181,5354,	chr4	986997	989789	retro_human_3781	0	-	SLC26A1	2792
chr4	2087446	2089446	ENSG00000249006[1,1,1]	0	-	2087872	2088394	0	1	2000,	0,	chr4	2087496	2089396	retro_human_9961|AL136360.1-201|processed_pseudogene	0	-	LOC100419959	1900
chr4	3311638	3312062	ENSG00000248840[1,1,1]	0	+	3311688	3311862	0	1	424,	0,	chr4	3311688	3312012	retro_human_4645|AL645949.1-201|transcribed_processed_pseudogene	0	+	LOC100286945	324
chr4	3311638	3312062	ENSG00000248840[1,1,1]	0	+	3311688	3311862	0	1	424,	0,	chr4	3311993	3312235	AL645949.1-202|transcribed_processed_pseudogene	0	+	LOC100286945	69
chr4	4086224	4086501	ENSG00000250940[1,1,1]	0	+	4086224	4086224	0	1	277,	0,	chr4	4086274	4086451	AC116562.2-201|processed_pseudogene	0	+	LOC100130459	177
chr4	14091603	14119802	ENSG00000248698[1,5,2]	0	+	14091603	14091603	0	2	260,1641,	0,26558,	chr4	14091654	14119752	LINC01085-201|transcribed_processed_pseudogene	0	+	KLF17P2,LINC01085	28098
chr4	14091603	14119802	ENSG00000248698[1,5,2]	0	+	14091603	14091603	0	2	260,1641,	0,26558,	chr4	14091663	14106957	LINC01085-204|transcribed_processed_pseudogene	0	+	KLF17P2,LINC01085	15294
chr4	14091603	14119802	ENSG00000248698[1,5,2]	0	+	14091603	14091603	0	2	260,1641,	0,26558,	chr4	14091676	14118438	LINC01085-205|transcribed_processed_pseudogene	0	+	KLF17P2,LINC01085	26762
chr4	14091603	14119802	ENSG00000248698[1,5,2]	0	+	14091603	14091603	0	2	260,1641,	0,26558,	chr4	14091706	14119186	LINC01085-202|transcribed_processed_pseudogene	0	+	KLF17P2,LINC01085	27480
chr4	14091603	14119236	ENSG00000248698[1,5,5]	0	+	14091603	14091603	0	2	260,1075,	0,26558,	chr4	14091654	14119752	LINC01085-201|transcribed_processed_pseudogene	0	+	KLF17P2,LINC01085	27582
chr4	14091603	14119236	ENSG00000248698[1,5,5]	0	+	14091603	14091603	0	2	260,1075,	0,26558,	chr4	14091663	14106957	LINC01085-204|transcribed_processed_pseudogene	0	+	KLF17P2,LINC01085	15294
chr4	14091603	14119236	ENSG00000248698[1,5,5]	0	+	14091603	14091603	0	2	260,1075,	0,26558,	chr4	14091676	14118438	LINC01085-205|transcribed_processed_pseudogene	0	+	KLF17P2,LINC01085	26762
chr4	14091603	14119236	ENSG00000248698[1,5,5]	0	+	14091603	14091603	0	2	260,1075,	0,26558,	chr4	14091706	14119186	LINC01085-202|transcribed_processed_pseudogene	0	+	KLF17P2,LINC01085	27480
chr4	14091603	14119802	ENSG00000248698[1,2,2]	0	+	14091603	14091603	0	3	260,182,1641,	0,15174,26558,	chr4	14091654	14119752	LINC01085-201|transcribed_processed_pseudogene	0	+	KLF17P2,LINC01085	28098
chr4	14091603	14119802	ENSG00000248698[1,2,2]	0	+	14091603	14091603	0	3	260,182,1641,	0,15174,26558,	chr4	14091663	14106957	LINC01085-204|transcribed_processed_pseudogene	0	+	KLF17P2,LINC01085	15294
chr4	14091603	14119802	ENSG00000248698[1,2,2]	0	+	14091603	14091603	0	3	260,182,1641,	0,15174,26558,	chr4	14091676	14118438	LINC01085-205|transcribed_processed_pseudogene	0	+	KLF17P2,LINC01085	26762
chr4	14091603	14119802	ENSG00000248698[1,2,2]	0	+	14091603	14091603	0	3	260,182,1641,	0,15174,26558,	chr4	14091706	14119186	LINC01085-202|transcribed_processed_pseudogene	0	+	KLF17P2,LINC01085	27480
chr4	15713072	15713838	ENSG00000214846[1,1,1]	0	-	15713072	15713072	0	1	766,	0,	chr4	15713122	15713788	retro_human_8666|AC114744.1-201|processed_pseudogene	0	-	RPL10AP7	666
chr4	16238161	16238509	ENSG00000242358[1,1,1]	0	-	16238161	16238161	0	1	348,	0,	chr4	16238211	16238459	retro_human_2444|RPS21P4-201|processed_pseudogene	0	-	RPS21P4,TAPT1-AS1	248
chr4	25486849	25488628	ENSG00000248608[1,1,1]	0	+	25486849	25486849	0	1	1779,	0,	chr4	25486899	25488578	retro_human_1882|AC133963.1-201|processed_pseudogene	0	+	LOC645433	1679
chr4	33937211	33937664	ENSG00000239983[1,1,1]	0	+	33937211	33937211	0	1	453,	0,	chr4	33937261	33937614	retro_human_7347|AC016687.1-201|processed_pseudogene	0	+	RPL31P31	353
chr4	36033985	36034752	ENSG00000248466[1,1,1]	0	-	36033985	36033985	0	1	767,	0,	chr4	36034035	36034702	retro_human_5222|AC098827.1-201|processed_pseudogene	0	-	LOC651644	667
chr4	36474976	36477903	ENSG00000251588[1,1,1]	0	+	36474976	36474976	0	1	2927,	0,	chr4	36475026	36477853	retro_human_7345|AC125336.1-201|processed_pseudogene	0	+	LOC100130532	2827
chr4	37790378	37790956	ENSG00000239532[1,1,1]	0	+	37790378	37790378	0	1	578,	0,	chr4	37790428	37790906	retro_human_7346|AC108022.1-201|processed_pseudogene	0	+	RPL21P45	478
chr4	37964515	37965325	ENSG00000251332[1,1,1]	0	-	37964515	37964515	0	1	810,	0,	chr4	37964565	37965275	retro_human_5220|AC021106.2-201|processed_pseudogene	0	-	PSME2P4	710
chr4	39449854	39451605	ENSG00000224097[1,1,2]	0	+	39449854	39449854	0	1	1751,	0,	chr4	39449904	39451555	retro_human_1474|AC021148.1-201|transcribed_processed_pseudogene	0	+	LOC401127	1651
chr4	39449854	39451605	ENSG00000224097[1,1,2]	0	+	39449854	39449854	0	1	1751,	0,	chr4	39450006	39451415	AC021148.1-202|transcribed_processed_pseudogene	0	+	LOC401127	1409
chr4	39449854	39451605	ENSG00000224097[1,1,2]	0	+	39449854	39449854	0	1	1751,	0,	chr4	39450134	39451116	AC021148.1-203|transcribed_processed_pseudogene	0	+	LOC401127	982
chr4	40013251	40014288	ENSG00000205794[1,1,2]	0	-	40013251	40013251	0	1	1037,	0,	chr4	40013301	40014238	retro_human_2091|AC098591.2-202|transcribed_processed_pseudogene	0	-	LOC344967	937
chr4	40465304	40465696	ENSG00000242197[1,1,1]	0	+	40465304	40465304	0	1	392,	0,	chr4	40465354	40465646	retro_human_1479|AC098869.1-201|processed_pseudogene	0	+	RPL37P14	292
chr4	40760003	40760704	ENSG00000248780[1,1,1]	0	+	40760062	40760191	0	1	701,	0,	chr4	40760053	40760654	retro_human_1478|ARL4AP2-201|processed_pseudogene	0	+	ARL4AP2,NSUN7	601
chr4	47673667	47674383	ENSG00000242262[1,1,1]	0	+	47673667	47673667	0	1	716,	0,	chr4	47673717	47674333	retro_human_6922|AC092597.1-201|processed_pseudogene	0	+	RPL15P7	616
chr4	55927297	55928439	ENSG00000251286[1,1,1]	0	-	55927297	55927297	0	1	1142,	0,	chr4	55927347	55928389	retro_human_8043|AC097522.1-201|processed_pseudogene	0	-	LOC100419861	1042
chr4	56206925	56207776	ENSG00000248375[1,1,1]	0	-	56206925	56206925	0	1	851,	0,	chr4	56206975	56207726	AC104066.3-201|processed_pseudogene	0	-	DANCR	751
chr4	65212698	65213200	ENSG00000226439[1,1,1]	0	-	65212698	65212698	0	1	502,	0,	chr4	65212748	65213150	retro_human_2217|AC108161.1-201|processed_pseudogene	0	-	RPS12P9	402
chr4	69011689	69012659	ENSG00000243199[1,1,1]	0	+	69011689	69011689	0	1	970,	0,	chr4	69011739	69012609	retro_human_9775|AC115223.1-201|processed_pseudogene	0	+	RPL6P10	870
chr4	71144268	71166377	ENSG00000248049[1,11,9]	0	+	71144268	71144268	255	3	326,630,1791,	0,19263,20318,	chr4	71162105	71167372	AC079880.1-201|processed_pseudogene	0	-	LOC100419862,UBA6-DT	4272
chr4	71144268	71165665	ENSG00000248049[1,11,2]	0	+	71144268	71144268	255	3	326,630,1079,	0,19263,20318,	chr4	71162105	71167372	AC079880.1-201|processed_pseudogene	0	-	LOC100419862,UBA6-DT	3560
chr4	71144268	71173362	ENSG00000248049[1,13,10]	0	+	71144268	71144268	255	3	326,147,179,	0,27381,28915,	chr4	71162105	71167372	AC079880.1-201|processed_pseudogene	0	-	LOC100419862,UBA6-DT	5267
chr4	71144268	71165665	ENSG00000248049[1,1,2]	0	+	71144268	71144268	0	3	326,99,2134,	0,15764,19263,	chr4	71162105	71167372	AC079880.1-201|processed_pseudogene	0	-	LOC100419862,UBA6-DT	3560
chr4	71144268	71166377	ENSG00000248049[1,2,9]	0	+	71144268	71144268	0	2	326,2846,	0,19263,	chr4	71162105	71167372	AC079880.1-201|processed_pseudogene	0	-	LOC100419862,UBA6-DT	4272
chr4	71144268	71165665	ENSG00000248049[1,2,2]	0	+	71144268	71144268	0	2	326,2134,	0,19263,	chr4	71162105	71167372	AC079880.1-201|processed_pseudogene	0	-	LOC100419862,UBA6-DT	3560
chr4	71144268	71165665	ENSG00000248049[1,3,2]	0	+	71144268	71144268	0	3	326,211,1079,	0,19263,20318,	chr4	71162105	71167372	AC079880.1-201|processed_pseudogene	0	-	LOC100419862,UBA6-DT	3560
chr4	71168242	71169555	ENSG00000270292[1,1,1]	0	-	71168242	71168242	0	1	1313,	0,	chr4	71168292	71169505	retro_human_2221|AC079880.2-201|processed_pseudogene	0	-	LOC100419046	1213
chr4	72324806	72325462	ENSG00000248547[1,1,1]	0	-	72324806	72324806	0	1	656,	0,	chr4	72324856	72325412	retro_human_7654|AC021146.2-201|processed_pseudogene	0	-	LOC100174950	556
chr4	77330628	77331881	ENSG00000163736[1,1,2]	0	-	77330915	77331744	0	3	387,136,285,	0,529,968,	chr4	77330916	77331140	retro_human_1830	0	-	PPBP	224
chr4	85824027	85825236	ENSG00000227304[1,1,1]	0	-	85824889	85825186	0	1	1209,	0,	chr4	85824077	85825571	retro_human_7788|AC067942.1-201|transcribed_processed_pseudogene	0	-	RPS6P6,TMEM150C	1159
chr4	85824027	85825236	ENSG00000227304[1,1,1]	0	-	85824889	85825186	0	1	1209,	0,	chr4	85824129	85825186	AC067942.1-202|transcribed_processed_pseudogene	0	-	RPS6P6	1057
chr4	86577223	86578351	ENSG00000248401[1,1,1]	0	+	86577223	86577223	0	1	1128,	0,	chr4	86577273	86578301	retro_human_6074|AC114781.1-201|processed_pseudogene	0	+	LOC391674	1028
chr4	90495856	90496847	ENSG00000248196[1,1,1]	0	+	90495856	90495856	0	1	991,	0,	chr4	90495906	90496797	retro_human_10579|AC092658.1-201|processed_pseudogene	0	+	LOC100419572	891
chr4	102224438	102224850	ENSG00000249055[1,1,1]	0	-	102224491	102224731	0	1	412,	0,	chr4	102224488	102224800	retro_human_1066|TBCAP3-201|transcribed_processed_pseudogene	0	-	TBCAP3,EIF4E	312
chr4	106042594	106044120	ENSG00000248971[1,1,1]	0	-	106042943	106043459	0	1	1526,	0,	chr4	106041172	106044620	retro_human_9620|LRRC37A15P-201|processed_pseudogene	0	-	KRT8P46,LRRC37A15P,MANBA	1526
chr4	106042594	106044120	ENSG00000248971[1,1,1]	0	-	106042943	106043459	0	1	1526,	0,	chr4	106042644	106044070	KRT8P46-201|processed_pseudogene	0	-	KRT8P46,LRRC37A15P,MANBA	1426
chr4	106065250	106066591	ENSG00000251288[1,1,1]	0	+	106065250	106065250	0	1	1341,	0,	chr4	106065300	106066541	retro_human_10990|AC018797.2-201|processed_pseudogene	0	+	LOC100419096	1241
chr4	108990125	108991270	ENSG00000248778[1,1,1]	0	-	108990125	108990125	0	1	1145,	0,	chr4	108990175	108991220	retro_human_3750|AC105391.1-201|processed_pseudogene	0	-	ARHGEF38	1045
chr4	113554116	113554445	ENSG00000166530[1,1,1]	0	-	113554116	113554116	0	1	329,	0,	chr4	113554166	113554395	retro_human_3743|HSBP1P2-201|processed_pseudogene	0	-	HSBP1P2,LOC124900759	229
chr4	116134607	116136008	ENSG00000234841[1,1,1]	0	+	116134607	116134607	0	1	1401,	0,	chr4	116134657	116135958	retro_human_8183|AC017007.2-201|processed_pseudogene	0	+	LOC100422627	1301
chr4	116188598	116190731	ENSG00000251126[1,1,1]	0	-	116188598	116188598	0	2	611,363,	0,1770,	chr4	116190068	116190483	retro_human_10653|AC017007.1-201|transcribed_processed_pseudogene	0	-	LOC102723896	415
chr4	116522714	116523162	ENSG00000196656[1,1,1]	0	-	116522714	116522714	0	1	448,	0,	chr4	116522764	116523112	retro_human_10655|AC004057.1-201|transcribed_processed_pseudogene	0	-	RPS26P25	348
chr4	122498706	122517765	ENSG00000178636[2,3,2]	0	-	122498706	122498706	0	3	754,176,168,	0,1756,18891,	chr4	122497841	122517583	AC092656.1-201|transcribed_processed_pseudogene	0	-	MRPL42P1,LOC101929762	18877
chr4	122498706	122517765	ENSG00000178636[2,3,2]	0	-	122498706	122498706	0	3	754,176,168,	0,1756,18891,	chr4	122498756	122517715	AC092656.1-202|transcribed_processed_pseudogene	0	-	MRPL42P1,LOC101929762,USP53	18959
chr4	122696892	122700489	ENSG00000249244[1,1,1]	0	-	122696892	122696892	0	1	3597,	0,	chr4	122698403	122700061	retro_human_58	0	-	LOC107986193,GK6P	1658
chr4	125120445	125127985	ENSG00000145386[1,1,1]	0	-	125121692	125127680	0	8	1293,134,114,208,224,113,244,518,	0,1650,2406,2978,4148,4585,6009,7022,	chr4	125123469	125124793	retro_human_5821	0	-	CCNA2	1324
chr4	125121378	125127985	ENSG00000145386[1,1,2]	0	-	125121692	125127680	0	8	360,134,114,208,224,113,244,518,	0,717,1473,2045,3215,3652,5076,6089,	chr4	125123469	125124793	retro_human_5821	0	-	CCNA2	1324
chr4	126144392	126144840	ENSG00000240775[1,1,1]	0	+	126144401	126144572	0	1	448,	0,	chr4	126144442	126144790	retro_human_2693|AC021205.1-201|processed_pseudogene	0	+	RPS26P23	348
chr4	126564004	126564274	ENSG00000250322[1,1,1]	0	-	126564004	126564004	0	1	270,	0,	chr4	126564054	126564224	retro_human_5818|AC026402.1-201|processed_pseudogene	0	-	SPATA5	170
chr4	131115666	131116247	ENSG00000244021[1,1,1]	0	-	131115666	131115666	0	1	581,	0,	chr4	131115716	131116197	retro_human_460|AC093591.1-201|processed_pseudogene	0	-	RPL21P53	481
chr4	138275013	138275744	ENSG00000241411[1,1,1]	0	-	138275013	138275013	0	1	731,	0,	chr4	138275063	138275694	retro_human_4636|AC104619.1-201|processed_pseudogene	0	-	RPS2P27	631
chr4	141879993	141881331	ENSG00000248795[1,1,1]	0	+	141879993	141879993	0	1	1338,	0,	chr4	141880043	141881281	retro_human_8284|AC098859.1-201|processed_pseudogene	0	+	LOC152594	1238
chr4	142733401	142773477	ENSG00000273247[2,3,2]	0	-	142733401	142733401	0	3	273,76,142,	0,2185,39934,	chr4	142746493	142750535	AC097376.2-202|transcribed_processed_pseudogene	0	-	LOC100421868	4042
chr4	142733401	142773735	ENSG00000273247[3,3,2]	0	-	142733401	142733401	0	3	273,76,400,	0,2185,39934,	chr4	142746493	142750535	AC097376.2-202|transcribed_processed_pseudogene	0	-	LOC100421868	4042
chr4	142745899	142746996	ENSG00000248863[1,1,1]	0	-	142745899	142745899	0	1	1097,	0,	chr4	142745949	142746946	AC097376.2-201|transcribed_processed_pseudogene	0	-	LOC100421868	997
chr4	142745899	142746996	ENSG00000248863[1,1,1]	0	-	142745899	142745899	0	1	1097,	0,	chr4	142746493	142750535	AC097376.2-202|transcribed_processed_pseudogene	0	-	LOC100421868	503
chr4	146666454	146667393	ENSG00000228981[1,1,1]	0	-	146666454	146666454	0	1	939,	0,	chr4	146666504	146667343	retro_human_10525|AC097658.1-201|processed_pseudogene	0	-	RPS2P20	839
chr4	146872226	146872828	ENSG00000248924[2,1,1]	0	-	146872226	146872226	0	1	602,	0,	chr4	146872276	146872597	AC139713.1-201|transcribed_processed_pseudogene	0	-	SMARCA5	321
chr4	146872226	146872828	ENSG00000248924[2,1,1]	0	-	146872226	146872226	0	1	602,	0,	chr4	146872318	146872778	AC139713.1-202|transcribed_processed_pseudogene	0	-	SMARCA5	460
chr4	147228835	147229475	ENSG00000249741[1,1,1]	0	-	147228873	147229425	0	1	640,	0,	chr4	147228885	147229425	retro_human_10523|AC093890.1-201|processed_pseudogene	0	-	LOC100420464,GYPE	540
chr4	157705570	157706130	ENSG00000249200[1,1,1]	0	+	157705570	157705570	0	1	560,	0,	chr4	157705620	157706080	AC110775.1-201|processed_pseudogene	0	+	LOC100419960	460
chr4	161629696	161630715	ENSG00000251429[2,1,1]	0	+	161629696	161629696	0	1	1019,	0,	chr4	161622369	161630590	AIDAP2-201|transcribed_processed_pseudogene	0	+	AIDAP2	894
chr4	166671742	166680473	ENSG00000164128[1,8,1]	0	-	166673622	166674384	255	2	2793,165,	0,8566,	chr4	166673250	166674258	retro_human_10925	0	-	NPY1R	1008
chr4	166671742	166680473	ENSG00000164128[1,4,1]	0	-	166673135	166673850	0	4	1846,279,41,165,	0,1943,2752,8566,	chr4	166673250	166674258	retro_human_10925	0	-	NPY1R	1008
chr4	166671742	166680473	ENSG00000164128[1,1,1]	0	-	166673135	166674384	0	3	1846,850,165,	0,1943,8566,	chr4	166673250	166674258	retro_human_10925	0	-	NPY1R	1008
chr4	166671742	166680739	ENSG00000164128[5,1,1]	0	-	166673135	166674384	0	3	1846,850,431,	0,1943,8566,	chr4	166673250	166674258	retro_human_10925	0	-	NPY1R	1008
chr4	167280208	167280965	ENSG00000177803[1,1,1]	0	+	167280208	167280208	0	1	757,	0,	chr4	167280258	167280915	retro_human_9077|AC112247.1-201|processed_pseudogene	0	+	YWHAQP4	657
chr4	168268244	168268790	ENSG00000244146[1,1,1]	0	-	168268244	168268244	0	1	546,	0,	chr4	168268294	168268740	retro_human_7063|AC106872.3-201|processed_pseudogene	0	-	RPL26P16	446
chr4	168295690	168297150	ENSG00000236941[1,1,1]	0	+	168295690	168295690	0	1	1460,	0,	chr4	168295740	168297100	retro_human_2118|AC106872.1-201|processed_pseudogene	0	+	LOC391711	1360
chr4	175727928	175728488	ENSG00000248637[1,1,1]	0	-	175727928	175727928	0	1	560,	0,	chr4	175727978	175728438	retro_human_9984|AC108064.1-201|processed_pseudogene	0	-	LOC100506133	460
chr4	178354980	178357291	ENSG00000249411[1,1,1]	0	+	178354980	178354980	0	1	2311,	0,	chr4	178355030	178357241	AC022325.1-201|processed_pseudogene	0	+	LOC100131553	2211
chr4	192091453	192092675	ENSG00000180015[1,1,1]	0	+	192091453	192091453	0	1	1222,	0,	chr4	192091503	192092625	retro_human_9900|AC093909.1-201|processed_pseudogene	0	+	LOC285442	1122
chr5	396711	397627	ENSG00000214278[1,1,1]	0	-	396711	396711	0	1	916,	0,	chr5	396761	397577	retro_human_2335|AC010442.1-201|processed_pseudogene	0	-	LOC100310782	816
chr5	14591383	14592872	ENSG00000250182[1,1,1]	0	-	14591383	14591383	0	1	1489,	0,	chr5	14591433	14592822	retro_human_8197|EEF1A1P13-201|processed_pseudogene	0	-	SNORD141B,EEF1A1P13	1389
chr5	24277766	24278743	ENSG00000226432[1,1,1]	0	+	24277766	24277766	0	1	977,	0,	chr5	24277816	24278693	retro_human_444|AC010342.1-201|processed_pseudogene	0	+	LOC503540,AKTIPP2	877
chr5	29995660	29996997	ENSG00000233787[1,1,1]	0	-	29995660	29995660	0	1	1337,	0,	chr5	29995710	29996947	AC010374.1-201|processed_pseudogene	0	-	PGBD3P2,LOC105374704	1237
chr5	31935872	31936542	ENSG00000224282[1,1,1]	0	-	31935872	31935872	0	1	670,	0,	chr5	31935922	31936498	retro_human_1955|AC010469.1-201|processed_pseudogene	0	-	RPL9P17	576
chr5	32335534	32336050	ENSG00000230829[1,1,1]	0	+	32335534	32335534	0	1	516,	0,	chr5	32335584	32336000	retro_human_7937|AC025181.1-201|processed_pseudogene	0	+	RPL27P10	416
chr5	33277164	33277893	ENSG00000240376[1,1,1]	0	+	33277164	33277164	0	1	729,	0,	chr5	33277214	33277843	retro_human_7932|AC010343.1-201|processed_pseudogene	0	+	RPS8P8	629
chr5	34434586	34438284	ENSG00000215156[1,1,1]	0	+	34434586	34434586	0	1	3698,	0,	chr5	34434636	34438234	retro_human_5176|AC138409.1-1|processed_pseudogene	0	+	LOC646652	3598
chr5	38678909	38679278	ENSG00000248234[1,1,1]	0	-	38678909	38678909	0	1	369,	0,	chr5	38678959	38679228	AC091839.1-201|processed_pseudogene	0	-	LOC124901186	269
chr5	43459539	43460742	ENSG00000249779[1,1,1]	0	+	43459568	43459853	0	1	1203,	0,	chr5	43459589	43460692	retro_human_5525|AC106800.2-201|processed_pseudogene	0	+	LOC100419037	1103
chr5	43601112	43601600	ENSG00000188850[2,1,1]	0	+	43601112	43601112	0	1	488,	0,	chr5	43601162	43601506	retro_human_4783|AC114947.1-202|transcribed_processed_pseudogene	0	+	LOC107986378	344
chr5	53731616	53732287	ENSG00000241809[1,1,1]	0	+	53731857	53732088	0	1	671,	0,	chr5	53731666	53732237	retro_human_4777|AC022133.1-201|processed_pseudogene	0	+	RPL17P21	571
chr5	61248168	61248642	ENSG00000213896[1,1,1]	0	-	61248168	61248168	0	1	474,	0,	chr5	61248218	61248592	retro_human_4928|AC109486.1-201|processed_pseudogene	0	-	RPL31P8	374
chr5	61448634	61449194	ENSG00000251303[1,1,1]	0	+	61448634	61448634	0	1	560,	0,	chr5	61448684	61449144	retro_human_5968|CAB39P1-201|processed_pseudogene	0	+	CAB39P1,DEPDC1B	460
chr5	62166205	62166896	ENSG00000251682[1,1,1]	0	+	62166205	62166205	0	1	691,	0,	chr5	62166255	62166846	retro_human_5961|AC122718.2-201|processed_pseudogene	0	+	LOC100421309	591
chr5	62194177	62195021	ENSG00000250461[1,1,1]	0	+	62194227	62194968	0	1	844,	0,	chr5	62194227	62194971	AC122718.1-201|processed_pseudogene	0	+	LOC100421561	744
chr5	66237065	66238035	ENSG00000205644[1,1,1]	0	+	66237065	66237065	0	1	970,	0,	chr5	66237115	66237985	retro_human_11060|AC025186.1-201|processed_pseudogene	0	+	RPS2P23	870
chr5	66554708	66555490	ENSG00000251648[1,1,1]	0	+	66555009	66555438	0	1	782,	0,	chr5	66554758	66555440	AC008958.1-201|processed_pseudogene	0	+	LOC100419549	682
chr5	68512206	68512711	ENSG00000250669[1,1,1]	0	-	68512206	68512206	0	1	505,	0,	chr5	68512256	68512661	retro_human_4515|AC112206.4-201|processed_pseudogene	0	-	LOC359819	405
chr5	70457696	70462233	ENSG00000250138[1,1,1]	0	+	70457696	70457696	0	1	4537,	0,	chr5	70457864	70461268	retro_human_5567	0	+	LOC728488	3404
chr5	71957026	71957682	ENSG00000253536[1,1,1]	0	-	71957026	71957026	0	1	656,	0,	chr5	71957076	71957632	retro_human_9993|AC138832.1-201|processed_pseudogene	0	-	LOC100419852	556
chr5	73359986	73360404	ENSG00000242602[1,1,1]	0	-	73359986	73359986	0	1	418,	0,	chr5	73360036	73360354	retro_human_9994|AC008953.1-201|processed_pseudogene	0	-	RPL35AP13	318
chr5	73501687	73502367	ENSG00000248930[1,1,1]	0	-	73501687	73501687	0	1	680,	0,	chr5	73501737	73502317	retro_human_9995|AC020893.1-201|processed_pseudogene	0	-	CHP1P1	580
chr5	75279823	75281030	ENSG00000250071[1,1,1]	0	+	75279823	75279823	0	1	1207,	0,	chr5	75279873	75280980	retro_human_9050|AC093214.1-201|processed_pseudogene	0	+	ARPC1AP3	1107
chr5	75855305	75855752	ENSG00000242198[1,1,1]	0	+	75855305	75855305	0	1	447,	0,	chr5	75855355	75855702	retro_human_3572|AC008897.1-201|processed_pseudogene	0	+	RPS26P26	347
chr5	76992149	76992576	ENSG00000250574[1,1,1]	0	+	76992167	76992392	0	1	427,	0,	chr5	76992199	76992526	retro_human_3562|AC112173.1-201|processed_pseudogene	0	+	LOC101060043	327
chr5	78523629	78525978	ENSG00000253558[1,1,1]	0	-	78523680	78523920	0	1	2349,	0,	chr5	78523670	78525930	retro_human_9577|AC024568.1-201|transcribed_processed_pseudogene	0	-	LOC100422441	2260
chr5	79364615	79466478	ENSG00000113273[1,8,3]	0	-	79366908	79466366	255	6	2297,244,208,191,187,424,	0,2752,72440,81559,86149,101439,	chr5	79450748	79466258	retro_human_9575	0	-	ARSB	15510
chr5	79364615	79466478	ENSG00000113273[1,2,3]	0	-	79367315	79466366	0	5	2996,208,191,187,424,	0,72440,81559,86149,101439,	chr5	79450748	79466258	retro_human_9575	0	-	ARSB	15510
chr5	81230924	81231505	ENSG00000248967[1,1,1]	0	-	81230924	81230924	0	1	581,	0,	chr5	81230974	81231455	retro_human_3717|AC022493.2-201|processed_pseudogene	0	-	LOC124901016	481
chr5	86885500	86886098	ENSG00000251585[1,1,1]	0	+	86885500	86885500	0	1	598,	0,	chr5	86885550	86886048	AC026444.1-201|processed_pseudogene	0	+	LOC100421863	498
chr5	87364590	87365342	ENSG00000242477[1,1,1]	0	-	87364590	87364590	0	1	752,	0,	chr5	87364641	87365292	retro_human_9182|AC091429.1-201|processed_pseudogene	0	-	RPL10AP9	651
chr5	91517440	91517858	ENSG00000249514[1,1,1]	0	-	91517440	91517440	0	1	418,	0,	chr5	91517490	91517808	retro_human_9183|TMEM251P1-201|processed_pseudogene	0	-	LYSETP1	318
chr5	94166538	94167786	ENSG00000249353[1,1,2]	0	-	94167382	94167595	0	1	1248,	0,	chr5	94166906	94167736	retro_human_6533|NPM1P27-201|processed_pseudogene	0	-	NPM1P27,FAM172A	830
chr5	94166856	94167786	ENSG00000249353[1,1,1]	0	-	94167382	94167595	0	1	930,	0,	chr5	94166906	94167736	retro_human_6533|NPM1P27-201|processed_pseudogene	0	-	NPM1P27,FAM172A	830
chr5	95076741	95078862	ENSG00000232578[1,1,1]	0	+	95076741	95076741	0	1	2121,	0,	chr5	95076791	95078812	retro_human_2894|AC093311.1-201|processed_pseudogene	0	+	LOC100533629	2021
chr5	98714379	98715199	ENSG00000238000[1,1,1]	0	+	98714379	98714379	0	1	820,	0,	chr5	98714429	98715149	retro_human_9998|AC116347.1-201|processed_pseudogene	0	+	PSME2P1	720
chr5	109096015	109096473	ENSG00000244245[1,1,1]	0	+	109096015	109096015	0	1	458,	0,	chr5	109096065	109096424	retro_human_4123|AC133134.1-201|processed_pseudogene	0	+	RPS20P3	359
chr5	109396933	109397315	ENSG00000250441[1,1,1]	0	-	109396933	109396933	0	1	382,	0,	chr5	109396983	109397265	retro_human_748|AC109481.1-201|processed_pseudogene	0	-	LOC100820733	282
chr5	110344538	110345203	ENSG00000249068[1,1,1]	0	-	110344538	110344538	0	1	665,	0,	chr5	110344588	110345153	retro_human_746|AC008417.1-201|processed_pseudogene	0	-	CT45B1P	565
chr5	113400491	113403651	ENSG00000212643[2,1,1]	0	+	113402131	113403598	0	1	3160,	0,	chr5	113402131	113403601	retro_human_9548|ZRSR2P1-201|transcribed_processed_pseudogene	0	+	ZRSR2P1,SRP19	1470
chr5	113402081	113403651	ENSG00000212643[1,1,1]	0	+	113402131	113403598	0	1	1570,	0,	chr5	113402131	113403601	retro_human_9548|ZRSR2P1-201|transcribed_processed_pseudogene	0	+	ZRSR2P1,SRP19	1470
chr5	113402346	113403651	ENSG00000212643[3,1,1]	0	+	113402590	113403598	0	1	1305,	0,	chr5	113402131	113403601	retro_human_9548|ZRSR2P1-201|transcribed_processed_pseudogene	0	+	ZRSR2P1,SRP19	1255
chr5	113403374	113403651	ENSG00000212643[4,1,1]	0	+	113403374	113403374	0	1	277,	0,	chr5	113402131	113403601	retro_human_9548|ZRSR2P1-201|transcribed_processed_pseudogene	0	+	ZRSR2P1,SRP19	227
chr5	117074654	117075123	ENSG00000239528[1,1,1]	0	+	117074654	117074654	0	1	469,	0,	chr5	117074704	117075073	retro_human_9551|RPS14P8-201|processed_pseudogene	0	+	RPS14P8,SEMA6A	369
chr5	127144833	127145234	ENSG00000230929[1,1,1]	0	-	127144833	127144833	0	1	401,	0,	chr5	127144883	127145184	retro_human_1710|AC099513.1-201|processed_pseudogene	0	-	RPLP1P7	301
chr5	128628272	128629881	ENSG00000250329[1,1,1]	0	+	128628608	128628908	0	1	1609,	0,	chr5	128628322	128629831	retro_human_10847|KDELC1P1-201|processed_pseudogene	0	+	POGLUT2P1	1509
chr5	130658795	130660813	ENSG00000248610[1,1,1]	0	+	130660385	130660776	0	1	2018,	0,	chr5	130658845	130660763	retro_human_10846|HSPA8P4-201|processed_pseudogene	0	+	HSPA8P4,CHSY3	1918
chr5	131508693	131509325	ENSG00000244192[1,1,1]	0	+	131508693	131508693	0	1	632,	0,	chr5	131508743	131509275	retro_human_10842|AC113367.1-201|processed_pseudogene	0	+	RPL11P2	532
chr5	134831775	134894883	ENSG00000006837[3,4,4]	0	-	134831961	134832147	0	3	516,113,100,	0,13835,63008,	chr5	134874040	134883879	retro_human_8317	0	-	CDKL3	9839
chr5	145763830	145765174	ENSG00000215325[1,1,1]	0	+	145763830	145763830	0	1	1344,	0,	chr5	145763880	145765124	retro_human_6987|ASS1P10-201|processed_pseudogene	0	+	PRELID2,ASS1P10	1244
chr5	150832831	150839494	ENSG00000183876[1,1,1]	0	-	150833755	150838912	0	2	2320,893,	0,5770,	chr5	150833894	150838765	retro_human_2455	0	-	ARSI	4871
chr5	151467077	151481578	ENSG00000197083[3,5,2]	0	-	151467077	151467077	0	4	1696,96,127,1280,	0,11620,11952,13221,	chr5	151467195	151468763	retro_human_2454	0	-	ZNF300P1	1568
chr5	156025151	156027514	ENSG00000270442[1,1,1]	0	+	156025151	156025151	0	1	2363,	0,	chr5	156025201	156027464	retro_human_7393|AC008725.1-201|processed_pseudogene	0	+	PPIGP1	2263
chr5	158713164	158714199	ENSG00000254047[1,1,1]	0	-	158713164	158713164	0	1	1035,	0,	chr5	158713214	158714149	retro_human_544|AC025437.6-201|processed_pseudogene	0	-	LOC100130177	935
chr5	160786758	160787191	ENSG00000254373[1,1,1]	0	+	160786758	160786758	0	1	433,	0,	chr5	160786808	160787141	retro_human_1939|AC112191.2-201|processed_pseudogene	0	+	LOC727947	333
chr5	161091664	161214273	ENSG00000118322[2,2,1]	0	-	161094050	161214058	0	21	2831,188,105,81,201,126,77,322,185,127,110,604,192,239,253,128,132,107,86,205,601,	0,6426,26522,27989,35700,39507,40895,43695,49671,52768,54794,57277,59324,69059,71282,73110,77417,81103,86136,107643,122008,	chr5	161199326	161213950	retro_human_540	0	-	ATP10B	14624
chr5	161161168	161214273	ENSG00000118322[2,7,6]	0	-	161162740	161214058	0	7	2031,128,132,107,86,205,601,	0,3606,7913,11599,16632,38139,52504,	chr5	161199326	161213950	retro_human_540	0	-	ATP10B	14624
chr5	166917033	166917428	ENSG00000229119[1,1,1]	0	+	166917033	166917033	0	1	395,	0,	chr5	166917083	166917378	AC026403.1-201|processed_pseudogene	0	+	RPLP0P9	295
chr5	169087008	169088559	ENSG00000253861[1,1,1]	0	-	169087912	169088083	0	1	1551,	0,	chr5	169087058	169088509	retro_human_10148|SLC2A3P1-201|processed_pseudogene	0	-	SLC2A3P1,PANK3	1451
chr5	171402132	171451772	ENSG00000204764[1,2,4]	0	+	171402346	171450108	0	6	232,147,91,167,66,1799,	0,16277,19986,30567,34230,47841,	chr5	171437241	171444774	retro_human_1941|AC008514.2-201|processed_pseudogene	0	+	LOC100419059	7533
chr5	171402132	171453293	ENSG00000204764[1,3,19]	0	+	171402346	171451482	0	7	232,147,91,167,66,105,2012,	0,16277,19986,30567,34230,47841,49149,	chr5	171437241	171444774	retro_human_1941|AC008514.2-201|processed_pseudogene	0	+	LOC100419059	7533
chr5	171402132	171453065	ENSG00000204764[1,3,18]	0	+	171402346	171451482	0	7	232,147,91,167,66,105,1784,	0,16277,19986,30567,34230,47841,49149,	chr5	171437241	171444774	retro_human_1941|AC008514.2-201|processed_pseudogene	0	+	LOC100419059	7533
chr5	171402132	171451772	ENSG00000204764[1,3,4]	0	+	171402346	171451482	0	7	232,147,91,167,66,105,491,	0,16277,19986,30567,34230,47841,49149,	chr5	171437241	171444774	retro_human_1941|AC008514.2-201|processed_pseudogene	0	+	LOC100419059	7533
chr5	173196633	173196925	ENSG00000253683[1,1,1]	0	-	173196633	173196633	0	1	292,	0,	chr5	173196683	173196875	retro_human_10152|AC027309.2-201|processed_pseudogene	0	-	LOC100130394	192
chr5	173515533	173516498	ENSG00000253785[1,1,1]	0	+	173515533	173515533	0	1	965,	0,	chr5	173515583	173516448	retro_human_7801|AC008429.2-201|processed_pseudogene	0	+	LOC285591	865
chr5	176667460	176668930	ENSG00000251623[4,7,2]	0	+	176667460	176667460	0	3	337,170,234,	0,479,1236,	chr5	176663234	176668842	AC139491.5-202|transcribed_processed_pseudogene	0	+	FAM153B	1382
chr5	176667460	176668930	ENSG00000251623[4,7,2]	0	+	176667460	176667460	0	3	337,170,234,	0,479,1236,	chr5	176664564	176675941	AC139491.5-205|transcribed_processed_pseudogene	0	+	FAM153B,SEPHS1P3,LOC107986487	1470
chr5	176667460	176668930	ENSG00000251623[4,7,2]	0	+	176667460	176667460	0	3	337,170,234,	0,479,1236,	chr5	176667510	176668815	AC139491.5-206|transcribed_processed_pseudogene	0	+	FAM153B	1305
chr5	176667460	176668930	ENSG00000251623[4,7,2]	0	+	176667460	176667460	0	3	337,170,234,	0,479,1236,	chr5	176667682	176668880	AC139491.5-207|transcribed_processed_pseudogene	0	+	FAM153B	1198
chr5	177807954	177808530	ENSG00000240729[1,1,1]	0	+	177808004	177808277	0	1	576,	0,	chr5	177808004	177808480	retro_human_2337|AC146507.2-201|processed_pseudogene	0	+	RPL21P60	476
chr5	177945300	177948701	ENSG00000131187[8,17,1]	0	-	177945512	177947486	255	9	377,149,144,137,232,218,416,132,161,	0,467,1171,1398,1776,2113,2416,2971,3240,	chr5	177945531	177945992	retro_human_10574	0	-	F12	461
chr5	177945300	177948249	ENSG00000131187[5,15,1]	0	-	177945512	177947219	255	5	377,149,144,137,1173,	0,467,1171,1398,1776,	chr5	177945531	177945992	retro_human_10574	0	-	F12	461
chr5	177945300	177947988	ENSG00000131187[7,15,1]	0	-	177945512	177947219	255	5	377,149,144,137,912,	0,467,1171,1398,1776,	chr5	177945531	177945992	retro_human_10574	0	-	F12	461
chr5	177945300	177947740	ENSG00000131187[4,15,1]	0	-	177945512	177947219	255	5	377,149,144,137,664,	0,467,1171,1398,1776,	chr5	177945531	177945992	retro_human_10574	0	-	F12	461
chr5	177945300	177947740	ENSG00000131187[4,14,1]	0	-	177945512	177945812	255	2	377,1973,	0,467,	chr5	177945531	177945992	retro_human_10574	0	-	F12	461
chr5	177945300	177948249	ENSG00000131187[5,16,1]	0	-	177945512	177947486	255	6	377,149,144,137,232,836,	0,467,1171,1398,1776,2113,	chr5	177945531	177945992	retro_human_10574	0	-	F12	461
chr5	177945300	177947988	ENSG00000131187[7,16,1]	0	-	177945512	177947486	255	6	377,149,144,137,232,575,	0,467,1171,1398,1776,2113,	chr5	177945531	177945992	retro_human_10574	0	-	F12	461
chr5	177945300	177947740	ENSG00000131187[4,16,1]	0	-	177945512	177947486	255	6	377,149,144,137,232,327,	0,467,1171,1398,1776,2113,	chr5	177945531	177945992	retro_human_10574	0	-	F12	461
chr5	177945300	177947988	ENSG00000131187[7,4,1]	0	-	177945512	177945812	0	4	377,149,144,1290,	0,467,1171,1398,	chr5	177945531	177945992	retro_human_10574	0	-	F12	461
chr5	177945300	177947018	ENSG00000131187[3,4,1]	0	-	177945512	177945812	0	4	377,149,144,320,	0,467,1171,1398,	chr5	177945531	177945992	retro_human_10574	0	-	F12	461
chr5	177945300	177947740	ENSG00000131187[4,4,1]	0	-	177945512	177945812	0	4	377,149,144,1042,	0,467,1171,1398,	chr5	177945531	177945992	retro_human_10574	0	-	F12	461
chr5	177945300	177947988	ENSG00000131187[7,3,1]	0	-	177945512	177945812	0	3	377,149,1517,	0,467,1171,	chr5	177945531	177945992	retro_human_10574	0	-	F12	461
chr5	177945300	177947740	ENSG00000131187[4,3,1]	0	-	177945512	177945812	0	3	377,149,1269,	0,467,1171,	chr5	177945531	177945992	retro_human_10574	0	-	F12	461
chr5	177945300	177947018	ENSG00000131187[3,3,1]	0	-	177945512	177945812	0	3	377,149,547,	0,467,1171,	chr5	177945531	177945992	retro_human_10574	0	-	F12	461
chr5	177945300	177947988	ENSG00000131187[7,6,1]	0	-	177946790	177947486	0	5	377,149,144,610,575,	0,467,1171,1398,2113,	chr5	177945531	177945992	retro_human_10574	0	-	F12	461
chr5	177945300	177947740	ENSG00000131187[4,6,1]	0	-	177946790	177947486	0	5	377,149,144,610,327,	0,467,1171,1398,2113,	chr5	177945531	177945992	retro_human_10574	0	-	F12	461
chr5	178606952	178607643	ENSG00000218227[1,1,1]	0	+	178606952	178606952	0	1	691,	0,	chr5	178607002	178607593	retro_human_2340|AC136632.1-201|transcribed_processed_pseudogene	0	+	RPL19P9	591
chr5	179551180	179552127	ENSG00000254158[1,1,1]	0	-	179551180	179551180	0	1	947,	0,	chr5	179551230	179552077	retro_human_10577|AC104117.4-201|processed_pseudogene	0	-	LOC100288803	847
chr5	180233789	180250001	ENSG00000225051[3,2,1]	0	+	180233789	180233789	0	2	679,514,	0,15698,	chr5	180234215	180249831	HMGB3P22-201|transcribed_processed_pseudogene	0	+	CBY3,HMGB3P22	15616
chr5	180234165	180250001	ENSG00000225051[1,2,1]	0	+	180234165	180234165	0	2	303,514,	0,15322,	chr5	180234215	180249831	HMGB3P22-201|transcribed_processed_pseudogene	0	+	CBY3,HMGB3P22	15616
chr5	180813095	180813882	ENSG00000253908[1,1,1]	0	+	180813095	180813095	0	1	787,	0,	chr5	180813145	180813832	retro_human_2724|AC104115.2-201|processed_pseudogene	0	+	LOC100419721	687
chr5	181090024	181090583	ENSG00000250749[1,1,1]	0	-	181090024	181090024	0	1	559,	0,	chr5	181090074	181090533	retro_human_4676|AC122714.1-201|processed_pseudogene	0	-	LOC100329129	459
chr5	181615247	181622811	ENSG00000165810[5,16,1]	0	+	181615268	181621094	255	6	130,21,21,27,27,2340,	0,228,1422,1978,4339,5224,	chr5	181620306	181621079	retro_human_2719	0	+	BTNL9	773
chr5	181626271	181626963	ENSG00000241870[1,1,1]	0	+	181626271	181626271	0	1	692,	0,	chr5	181626321	181626913	retro_human_2330|AC008620.1-201|processed_pseudogene	0	+	RPL13P10	592
chr5	181763101	181765377	ENSG00000146054[1,5,3]	0	-	181763533	181765144	0	2	573,755,	0,1521,	chr5	181764533	181765063	retro_human_9325	0	-	TRIM7	530
chr6	526796	528123	ENSG00000219712[1,1,1]	0	-	527721	527877	0	1	1327,	0,	chr6	526846	528073	retro_human_11048|AL357054.1-201|processed_pseudogene	0	-	MARK2P18	1227
chr6	4934959	4936247	ENSG00000220685[1,1,1]	0	-	4934959	4934959	0	1	1288,	0,	chr6	4935009	4936197	retro_human_5160|AL139094.1-201|processed_pseudogene	0	-	LOC442155	1188
chr6	5657681	5658135	ENSG00000217239[1,1,1]	0	-	5657681	5657681	0	1	454,	0,	chr6	5657731	5658085	retro_human_1342|AL136968.2-201|processed_pseudogene	0	-	RPL34P16	354
chr6	6215942	6216343	ENSG00000241216[1,1,1]	0	-	6215942	6215942	0	1	401,	0,	chr6	6215992	6216293	retro_human_1349|SNAPC5P1-201|transcribed_processed_pseudogene	0	-	SNAPC5P1,LY86-AS1	301
chr6	7207848	7208677	ENSG00000220472[1,1,1]	0	-	7208201	7208567	0	1	829,	0,	chr6	7207898	7208627	retro_human_1330|AL139095.2-201|processed_pseudogene	0	-	RPS3P4	729
chr6	7209862	7211165	ENSG00000230570[1,1,1]	0	-	7210506	7210818	0	1	1303,	0,	chr6	7209912	7211115	retro_human_1339|AL139095.3-201|processed_pseudogene	0	-	LOC100422646	1203
chr6	10442436	10443015	ENSG00000217181[1,1,1]	0	-	10442436	10442436	0	1	579,	0,	chr6	10442486	10442965	retro_human_5547|AL139039.2-201|processed_pseudogene	0	-	RPL21P63,GCNT2	479
chr6	11729838	11731283	ENSG00000215124[1,1,1]	0	-	11729838	11729838	0	1	1445,	0,	chr6	11729888	11731233	retro_human_168|AMD1P4-201|processed_pseudogene	0	-	LOC102724379,AMD1P4	1345
chr6	17825694	17826153	ENSG00000220920[1,1,1]	0	+	17825694	17825694	0	1	459,	0,	chr6	17825742	17826103	retro_human_3839	0	+	RPS12P12	361
chr6	25005688	25007189	ENSG00000219682[1,1,1]	0	+	25005688	25005688	0	1	1501,	0,	chr6	25005738	25007139	retro_human_8532|AL133268.1-201|processed_pseudogene	0	+	NUP50P2	1401
chr6	25018250	25018687	ENSG00000262400[1,1,1]	0	+	25018250	25018250	0	1	437,	0,	chr6	25018300	25018637	retro_human_8539|AL590084.3-201|processed_pseudogene	0	+	LOC100132239	337
chr6	25126976	25127568	ENSG00000216718[1,1,1]	0	+	25126976	25126976	0	1	592,	0,	chr6	25127026	25127519	retro_human_8536|AL024509.2-201|processed_pseudogene	0	+	RPL21P68,LOC101928663	493
chr6	26140429	26141211	ENSG00000218690[2,1,1]	0	-	26140429	26140429	0	1	782,	0,	chr6	26140670	26140948	retro_human_965	0	-	H2AC10P	278
chr6	26140601	26141049	ENSG00000218690[1,1,2]	0	-	26140601	26140601	0	1	448,	0,	chr6	26140670	26140948	retro_human_965	0	-	H2AC10P	278
chr6	26317729	26320332	ENSG00000111801[4,15,9]	0	+	26317946	26318051	0	3	324,27,293,	0,742,2310,	chr6	26319928	26320566	retro_human_6666	0	+	BTN3A3	404
chr6	28036531	28037441	ENSG00000226314[3,5,4]	0	+	28036531	28036531	0	1	910,	0,	chr6	28036603	28037376	retro_human_1615	0	+	ZKSCAN8P1	773
chr6	28734223	28738048	ENSG00000225595[1,1,1]	0	-	28734223	28734223	0	2	2441,117,	0,3708,	chr6	28736064	28736696	retro_human_7468|RPL13P-201|processed_pseudogene	0	+	RPL13P,LINC01623	632
chr6	28736014	28736746	ENSG00000213916[1,1,1]	0	+	28736014	28736014	0	1	732,	0,	chr6	28736064	28736696	retro_human_7468|RPL13P-201|processed_pseudogene	0	+	RPL13P,LINC01623	632
chr6	28869540	28880068	ENSG00000197935[1,1,1]	0	-	28869809	28878761	0	7	1852,105,127,92,82,269,359,	0,3999,4753,5222,8779,9212,10169,	chr6	28869927	28874420	retro_human_1345	0	-	ZNF311	4493
chr6	28951211	28951907	ENSG00000228364[1,1,1]	0	-	28951211	28951211	0	1	696,	0,	chr6	28951261	28951857	retro_human_7871|SAR1AP1-204|processed_pseudogene	0	-	OR2W1-AS1,SAR1AP1	596
chr6	29531647	29534668	ENSG00000204655[1,13,5]	0	+	29531905	29534365	0	2	346,656,	0,2365,	chr6	29533976	29534539	retro_human_1992	0	+	MOG	563
chr6	29582809	29583332	ENSG00000233916[1,1,1]	0	-	29582809	29582809	0	1	523,	0,	chr6	29582859	29583282	retro_human_2576|ZDHHC20P1-204|processed_pseudogene	0	-	ZDHHC20P1,LOC124906559	423
chr6	29595384	29599438	ENSG00000204642[1,1,1]	0	+	29595558	29599264	0	7	238,270,276,276,117,33,464,	0,368,883,1741,2157,2721,3590,	chr6	29598760	29599231	retro_human_2577|RPL23AP1-201|transcribed_processed_pseudogene	0	-	HLA-F-AS1,RPL23AP1,HLA-F	471
chr6	29598710	29599281	ENSG00000239257[1,1,1]	0	-	29598710	29598710	0	1	571,	0,	chr6	29598760	29599231	retro_human_2577|RPL23AP1-201|transcribed_processed_pseudogene	0	-	HLA-F-AS1,RPL23AP1,HLA-F	471
chr6	34566905	34567503	ENSG00000217130[1,1,1]	0	+	34566905	34566905	0	1	598,	0,	chr6	34566955	34567453	retro_human_5032|AL139100.1-201|processed_pseudogene	0	+	RPS10P13	498
chr6	35378897	35379389	ENSG00000219023[1,1,1]	0	+	35378897	35378897	0	1	492,	0,	chr6	35378947	35379339	retro_human_10938|AL033519.3-201|processed_pseudogene	0	+	RPS15AP19	392
chr6	35430650	35431057	ENSG00000218749[1,1,1]	0	+	35430650	35430650	0	1	407,	0,	chr6	35430700	35431007	retro_human_10937|AL033519.2-201|processed_pseudogene	0	+	RPL36P9	307
chr6	35912262	35913018	ENSG00000237719[1,1,1]	0	-	35912262	35912262	0	1	756,	0,	chr6	35912312	35912968	retro_human_8802|Z95152.1-201|processed_pseudogene	0	-	LOC107986592	656
chr6	36494410	36495964	ENSG00000213500[1,1,1]	0	+	36494410	36494410	0	1	1554,	0,	chr6	36494460	36495914	retro_human_10935|LAP3P2-201|processed_pseudogene	0	+	LAP3P2,PANDAR	1454
chr6	38928444	38939668	ENSG00000112167[1,4,1]	0	-	38929866	38933751	255	3	1764,4407,354,	0,5301,10870,	chr6	38934752	38937384	retro_human_9220|ANKRD18EP-201|processed_pseudogene	0	+	ANKRD18EP,SAYSD1	2632
chr6	38928444	38939668	ENSG00000112167[1,1,1]	0	-	38929866	38939521	0	2	1764,354,	0,10870,	chr6	38934752	38937384	retro_human_9220|ANKRD18EP-201|processed_pseudogene	0	+	ANKRD18EP,SAYSD1	2632
chr6	38929282	38939668	ENSG00000112167[1,4,3]	0	-	38929866	38933751	255	3	926,4407,354,	0,4463,10032,	chr6	38934752	38937384	retro_human_9220|ANKRD18EP-201|processed_pseudogene	0	+	ANKRD18EP,SAYSD1	2632
chr6	38929282	38939668	ENSG00000112167[1,2,3]	0	-	38929866	38933751	0	2	926,5923,	0,4463,	chr6	38934752	38937384	retro_human_9220|ANKRD18EP-201|processed_pseudogene	0	+	ANKRD18EP,SAYSD1	2632
chr6	38929282	38939668	ENSG00000112167[1,1,3]	0	-	38929866	38939521	0	2	926,354,	0,10032,	chr6	38934752	38937384	retro_human_9220|ANKRD18EP-201|processed_pseudogene	0	+	ANKRD18EP,SAYSD1	2632
chr6	38929576	38939668	ENSG00000112167[1,4,4]	0	-	38929866	38933751	255	3	632,4407,354,	0,4169,9738,	chr6	38934752	38937384	retro_human_9220|ANKRD18EP-201|processed_pseudogene	0	+	ANKRD18EP,SAYSD1	2632
chr6	38929576	38939668	ENSG00000112167[1,2,4]	0	-	38929866	38933751	0	2	632,5923,	0,4169,	chr6	38934752	38937384	retro_human_9220|ANKRD18EP-201|processed_pseudogene	0	+	ANKRD18EP,SAYSD1	2632
chr6	38929576	38939668	ENSG00000112167[1,1,4]	0	-	38929866	38939521	0	2	632,354,	0,9738,	chr6	38934752	38937384	retro_human_9220|ANKRD18EP-201|processed_pseudogene	0	+	ANKRD18EP,SAYSD1	2632
chr6	38934702	38937434	ENSG00000217165[1,1,1]	0	+	38934702	38934702	0	1	2732,	0,	chr6	38934752	38937384	retro_human_9220|ANKRD18EP-201|processed_pseudogene	0	+	ANKRD18EP,SAYSD1	2632
chr6	38934898	38935873	ENSG00000217165[2,1,2]	0	+	38934898	38934898	0	1	975,	0,	chr6	38934752	38937384	retro_human_9220|ANKRD18EP-201|processed_pseudogene	0	+	ANKRD18EP,SAYSD1	975
chr6	39785674	39786194	ENSG00000180211[1,1,1]	0	-	39785674	39785674	0	1	520,	0,	chr6	39785724	39786144	retro_human_173|FO393411.1-201|processed_pseudogene	0	-	RPL23P6	420
chr6	41137402	41137902	ENSG00000213461[1,1,1]	0	-	41137402	41137402	0	1	500,	0,	chr6	41137452	41137852	AL672212.1-201|processed_pseudogene	0	-	RPL32P15	400
chr6	42555912	42556479	ENSG00000213435[1,1,1]	0	+	42555912	42555912	0	1	567,	0,	chr6	42555962	42556429	retro_human_3336|ATP6V0CP3-201|processed_pseudogene	0	+	ATP6V0CP3,PRPH2	467
chr6	43534632	43535535	ENSG00000218107[1,1,1]	0	-	43534632	43534632	0	1	903,	0,	chr6	43534682	43535485	retro_human_7669|AL136131.1-201|processed_pseudogene	0	-	LOC100132242	803
chr6	46275902	46276312	ENSG00000226541[1,1,1]	0	+	46275902	46275902	0	1	410,	0,	chr6	46275952	46276262	retro_human_3334|AL359633.1-201|processed_pseudogene	0	+	RPL36P10	310
chr6	57910432	57911942	ENSG00000216687[1,1,1]	0	-	57910432	57910432	0	1	1510,	0,	chr6	57910477	57911892	AL390237.1-201|processed_pseudogene	0	-	LOC100288628	1415
chr6	71788734	71789935	ENSG00000232389[1,1,1]	0	-	71788734	71788734	0	1	1201,	0,	chr6	71788784	71789885	retro_human_5187|AL583856.1-201|processed_pseudogene	0	-	LOC642590	1101
chr6	72432142	72433473	ENSG00000276127[1,1,1]	0	+	72432142	72432142	0	1	1331,	0,	chr6	72432192	72433423	retro_human_10025|AL589935.2-201|processed_pseudogene	0	+	LOC100132834	1231
chr6	73775069	73776353	ENSG00000181514[1,1,1]	0	-	73775069	73775069	0	1	1284,	0,	chr6	73775119	73776303	retro_human_6930|FO393414.1-201|processed_pseudogene	0	-	LOC643067	1184
chr6	74466997	74467957	ENSG00000239626[1,1,1]	0	+	74466997	74466997	0	1	960,	0,	chr6	74467047	74467907	retro_human_4149|RPSAP41-201|processed_pseudogene	0	+	RPSAP41,LOC122539212	860
chr6	74468556	74469972	ENSG00000234882[1,1,1]	0	+	74468556	74468556	0	1	1416,	0,	chr6	74468606	74469922	retro_human_4146|EIF3EP1-201|processed_pseudogene	0	+	EIF3EP1,C6orf147,LOC122539212,KHDC1,LOC122539213	1316
chr6	74529699	74531013	ENSG00000203909[1,1,1]	0	-	74530009	74530912	0	3	366,180,213,	0,840,1101,	chr6	74530493	74530774	retro_human_5182	0	-	DPPA5	281
chr6	74539304	74540918	ENSG00000203908[1,1,1]	0	+	74539426	74540554	0	3	291,180,666,	0,487,948,	chr6	74539731	74539973	retro_human_4145	0	+	KHDC3L	242
chr6	74692803	74698186	ENSG00000156508[1,53,1]	0	-	74694916	74697130	255	8	2235,235,257,148,297,180,174,83,	0,2330,2654,3001,3232,3637,4183,5300,	chr6	74696036	74697109	retro_human_10693	0	-	EEF1A1	1073
chr6	74692803	74698186	ENSG00000156508[1,45,1]	0	-	74694916	74696194	255	8	2235,235,257,151,297,184,174,83,	0,2330,2654,2998,3232,3633,4183,5300,	chr6	74696036	74697109	retro_human_10693	0	-	EEF1A1	1073
chr6	74692803	74698186	ENSG00000156508[1,2,1]	0	-	74694916	74697130	0	7	2235,235,257,151,297,180,1200,	0,2330,2654,2998,3232,3637,4183,	chr6	74696036	74697109	retro_human_10693	0	-	EEF1A1	1073
chr6	74692803	74698186	ENSG00000156508[1,1,1]	0	-	74694916	74697130	0	8	2235,235,257,151,297,180,174,83,	0,2330,2654,2998,3232,3637,4183,5300,	chr6	74696036	74697109	retro_human_10693	0	-	EEF1A1	1073
chr6	74694568	74698186	ENSG00000156508[1,51,2]	0	-	74695022	74697130	255	8	470,239,257,151,297,180,174,83,	0,561,889,1233,1467,1872,2418,3535,	chr6	74696036	74697109	retro_human_10693	0	-	EEF1A1	1073
chr6	74694568	74698186	ENSG00000156508[1,42,2]	0	-	74694916	74696620	255	8	470,235,257,151,297,180,95,83,	0,565,889,1233,1467,1872,2418,3535,	chr6	74696036	74697109	retro_human_10693	0	-	EEF1A1	1073
chr6	74694568	74698186	ENSG00000156508[1,52,2]	0	-	74694916	74697130	255	9	470,235,90,80,151,297,180,174,83,	0,565,889,1066,1233,1467,1872,2418,3535,	chr6	74696036	74697109	retro_human_10693	0	-	EEF1A1	1073
chr6	74694568	74698186	ENSG00000156508[1,11,2]	0	-	74694916	74697130	255	8	470,235,257,151,297,171,174,83,	0,565,889,1233,1467,1872,2418,3535,	chr6	74696036	74697109	retro_human_10693	0	-	EEF1A1	1073
chr6	74694568	74698186	ENSG00000156508[1,23,2]	0	-	74695448	74697130	255	7	470,581,151,297,180,174,83,	0,565,1233,1467,1872,2418,3535,	chr6	74696036	74697109	retro_human_10693	0	-	EEF1A1	1073
chr6	74694568	74696295	ENSG00000156508[15,36,2]	0	-	74695098	74696194	255	4	800,257,151,260,	0,889,1233,1467,	chr6	74696036	74697109	retro_human_10693	0	-	EEF1A1	259
chr6	74694568	74698186	ENSG00000156508[1,43,2]	0	-	74694916	74696620	255	8	470,235,257,151,297,180,178,83,	0,565,889,1233,1467,1872,2414,3535,	chr6	74696036	74697109	retro_human_10693	0	-	EEF1A1	1073
chr6	74694568	74698186	ENSG00000156508[1,54,2]	0	-	74694916	74696067	255	8	470,235,257,151,289,180,174,83,	0,565,889,1233,1475,1872,2418,3535,	chr6	74696036	74697109	retro_human_10693	0	-	EEF1A1	1073
chr6	74694568	74698186	ENSG00000156508[1,50,2]	0	-	74695448	74697130	255	6	1146,151,297,180,174,83,	0,1233,1467,1872,2418,3535,	chr6	74696036	74697109	retro_human_10693	0	-	EEF1A1	1073
chr6	74694568	74698186	ENSG00000156508[1,46,2]	0	-	74696011	74697130	255	4	1764,180,174,83,	0,1872,2418,3535,	chr6	74696036	74697109	retro_human_10693	0	-	EEF1A1	1073
chr6	74694568	74698186	ENSG00000156508[1,49,2]	0	-	74695599	74697130	255	8	470,235,257,155,297,180,174,83,	0,565,889,1229,1467,1872,2418,3535,	chr6	74696036	74697109	retro_human_10693	0	-	EEF1A1	1073
chr6	74694568	74698186	ENSG00000156508[1,48,2]	0	-	74695621	74697130	255	8	470,235,257,162,297,180,174,83,	0,565,889,1222,1467,1872,2418,3535,	chr6	74696036	74697109	retro_human_10693	0	-	EEF1A1	1073
chr6	74694568	74700985	ENSG00000156508[5,9,2]	0	-	74694916	74697130	255	8	470,235,257,151,297,180,174,163,	0,565,889,1233,1467,1872,2418,6254,	chr6	74696036	74697109	retro_human_10693	0	-	EEF1A1	1073
chr6	74694568	74697368	ENSG00000156508[2,3,2]	0	-	74694916	74697130	255	8	470,235,257,151,297,180,174,114,	0,565,889,1233,1467,1872,2418,2686,	chr6	74696036	74697109	retro_human_10693	0	-	EEF1A1	1073
chr6	74694568	74698186	ENSG00000156508[1,22,2]	0	-	74694916	74695985	255	7	470,235,257,531,180,174,83,	0,565,889,1233,1872,2418,3535,	chr6	74696036	74697109	retro_human_10693	0	-	EEF1A1	1073
chr6	74694568	74700985	ENSG00000156508[5,8,2]	0	-	74694916	74697130	255	8	470,235,257,151,297,180,174,441,	0,565,889,1233,1467,1872,2418,5976,	chr6	74696036	74697109	retro_human_10693	0	-	EEF1A1	1073
chr6	74694568	74698186	ENSG00000156508[1,47,2]	0	-	74694916	74695952	255	8	470,235,257,151,301,180,174,83,	0,565,889,1233,1463,1872,2418,3535,	chr6	74696036	74697109	retro_human_10693	0	-	EEF1A1	1073
chr6	74694568	74696295	ENSG00000156508[15,38,2]	0	-	74694916	74696194	255	5	470,235,257,148,260,	0,565,889,1236,1467,	chr6	74696036	74697109	retro_human_10693	0	-	EEF1A1	259
chr6	74694568	74698527	ENSG00000156508[11,53,2]	0	-	74694916	74697130	255	8	470,235,257,148,297,180,174,424,	0,565,889,1236,1467,1872,2418,3535,	chr6	74696036	74697109	retro_human_10693	0	-	EEF1A1	1073
chr6	74694568	74698186	ENSG00000156508[1,53,2]	0	-	74694916	74697130	255	8	470,235,257,148,297,180,174,83,	0,565,889,1236,1467,1872,2418,3535,	chr6	74696036	74697109	retro_human_10693	0	-	EEF1A1	1073
chr6	74694568	74698186	ENSG00000156508[1,41,2]	0	-	74694916	74697130	255	8	470,235,257,151,297,180,174,87,	0,565,889,1233,1467,1872,2418,3531,	chr6	74696036	74697109	retro_human_10693	0	-	EEF1A1	1073
chr6	74694568	74698527	ENSG00000156508[11,45,2]	0	-	74694916	74696194	255	8	470,235,257,151,297,184,174,424,	0,565,889,1233,1467,1868,2418,3535,	chr6	74696036	74697109	retro_human_10693	0	-	EEF1A1	1073
chr6	74694568	74698186	ENSG00000156508[1,45,2]	0	-	74694916	74696194	255	8	470,235,257,151,297,184,174,83,	0,565,889,1233,1467,1868,2418,3535,	chr6	74696036	74697109	retro_human_10693	0	-	EEF1A1	1073
chr6	74694568	74698186	ENSG00000156508[1,4,2]	0	-	74694916	74697130	255	8	470,235,257,151,297,180,174,721,	0,565,889,1233,1467,1872,2418,2897,	chr6	74696036	74697109	retro_human_10693	0	-	EEF1A1	1073
chr6	74694568	74697745	ENSG00000156508[3,4,2]	0	-	74694916	74697130	255	8	470,235,257,151,297,180,174,280,	0,565,889,1233,1467,1872,2418,2897,	chr6	74696036	74697109	retro_human_10693	0	-	EEF1A1	1073
chr6	74694568	74697745	ENSG00000156508[3,40,2]	0	-	74694916	74697130	255	8	470,235,257,151,297,180,174,394,	0,565,889,1233,1467,1872,2418,2783,	chr6	74696036	74697109	retro_human_10693	0	-	EEF1A1	1073
chr6	74694568	74698527	ENSG00000156508[11,13,2]	0	-	74695098	74697130	255	7	800,257,151,297,180,174,424,	0,889,1233,1467,1872,2418,3535,	chr6	74696036	74697109	retro_human_10693	0	-	EEF1A1	1073
chr6	74694568	74698186	ENSG00000156508[1,13,2]	0	-	74695098	74697130	255	7	800,257,151,297,180,174,83,	0,889,1233,1467,1872,2418,3535,	chr6	74696036	74697109	retro_human_10693	0	-	EEF1A1	1073
chr6	74694568	74696295	ENSG00000156508[15,35,2]	0	-	74694916	74695985	255	4	470,235,257,494,	0,565,889,1233,	chr6	74696036	74697109	retro_human_10693	0	-	EEF1A1	259
chr6	74694568	74698186	ENSG00000156508[1,39,2]	0	-	74694916	74696620	255	6	470,235,257,151,297,1746,	0,565,889,1233,1467,1872,	chr6	74696036	74697109	retro_human_10693	0	-	EEF1A1	1073
chr6	74694568	74698186	ENSG00000156508[1,37,2]	0	-	74694916	74696620	255	5	470,235,257,151,2151,	0,565,889,1233,1467,	chr6	74696036	74697109	retro_human_10693	0	-	EEF1A1	1073
chr6	74694568	74696295	ENSG00000156508[15,37,2]	0	-	74694916	74696194	255	5	470,235,257,151,260,	0,565,889,1233,1467,	chr6	74696036	74697109	retro_human_10693	0	-	EEF1A1	259
chr6	74694568	74698186	ENSG00000156508[1,34,2]	0	-	74694916	74695661	255	3	470,235,2729,	0,565,889,	chr6	74696036	74697109	retro_human_10693	0	-	EEF1A1	1073
chr6	74694568	74696295	ENSG00000156508[15,34,2]	0	-	74694916	74695661	255	3	470,235,838,	0,565,889,	chr6	74696036	74697109	retro_human_10693	0	-	EEF1A1	259
chr6	74694568	74698186	ENSG00000156508[1,27,2]	0	-	74695448	74697130	0	6	470,581,151,297,180,1200,	0,565,1233,1467,1872,2418,	chr6	74696036	74697109	retro_human_10693	0	-	EEF1A1	1073
chr6	74694568	74697213	ENSG00000156508[13,27,2]	0	-	74695448	74697130	0	6	470,581,151,297,180,227,	0,565,1233,1467,1872,2418,	chr6	74696036	74697109	retro_human_10693	0	-	EEF1A1	1073
chr6	74694568	74698729	ENSG00000156508[7,6,2]	0	-	74694916	74697130	0	8	470,235,257,151,297,180,174,119,	0,565,889,1233,1467,1872,2418,4042,	chr6	74696036	74697109	retro_human_10693	0	-	EEF1A1	1073
chr6	74694568	74699054	ENSG00000156508[4,6,2]	0	-	74694916	74697130	0	8	470,235,257,151,297,180,174,444,	0,565,889,1233,1467,1872,2418,4042,	chr6	74696036	74697109	retro_human_10693	0	-	EEF1A1	1073
chr6	74694568	74699054	ENSG00000156508[4,2,2]	0	-	74694916	74697130	0	7	470,235,257,151,297,180,2068,	0,565,889,1233,1467,1872,2418,	chr6	74696036	74697109	retro_human_10693	0	-	EEF1A1	1073
chr6	74694568	74698729	ENSG00000156508[7,2,2]	0	-	74694916	74697130	0	7	470,235,257,151,297,180,1743,	0,565,889,1233,1467,1872,2418,	chr6	74696036	74697109	retro_human_10693	0	-	EEF1A1	1073
chr6	74694568	74698186	ENSG00000156508[1,2,2]	0	-	74694916	74697130	0	7	470,235,257,151,297,180,1200,	0,565,889,1233,1467,1872,2418,	chr6	74696036	74697109	retro_human_10693	0	-	EEF1A1	1073
chr6	74694568	74699054	ENSG00000156508[4,1,2]	0	-	74694916	74697130	0	8	470,235,257,151,297,180,174,951,	0,565,889,1233,1467,1872,2418,3535,	chr6	74696036	74697109	retro_human_10693	0	-	EEF1A1	1073
chr6	74694568	74698527	ENSG00000156508[11,1,2]	0	-	74694916	74697130	0	8	470,235,257,151,297,180,174,424,	0,565,889,1233,1467,1872,2418,3535,	chr6	74696036	74697109	retro_human_10693	0	-	EEF1A1	1073
chr6	74694568	74698186	ENSG00000156508[1,1,2]	0	-	74694916	74697130	0	8	470,235,257,151,297,180,174,83,	0,565,889,1233,1467,1872,2418,3535,	chr6	74696036	74697109	retro_human_10693	0	-	EEF1A1	1073
chr6	74694568	74698729	ENSG00000156508[7,1,2]	0	-	74694916	74697130	0	8	470,235,257,151,297,180,174,626,	0,565,889,1233,1467,1872,2418,3535,	chr6	74696036	74697109	retro_human_10693	0	-	EEF1A1	1073
chr6	74695847	74697213	ENSG00000156508[13,26,9]	0	-	74696011	74697130	0	3	485,180,227,	0,593,1139,	chr6	74696036	74697109	retro_human_10693	0	-	EEF1A1	1073
chr6	76787761	76788692	ENSG00000217488[1,1,1]	0	-	76787761	76787761	0	1	931,	0,	chr6	76787811	76788642	retro_human_10688|AL356057.1-201|transcribed_processed_pseudogene	0	-	LOC100421091	831
chr6	76787761	76788692	ENSG00000217488[1,1,1]	0	-	76787761	76787761	0	1	931,	0,	chr6	76788043	76788799	AL356057.1-202|transcribed_processed_pseudogene	0	-	LOC100421091	649
chr6	76787993	76788849	ENSG00000217488[2,1,2]	0	-	76787993	76787993	0	1	856,	0,	chr6	76787811	76788642	retro_human_10688|AL356057.1-201|transcribed_processed_pseudogene	0	-	LOC100421091	649
chr6	76787993	76788849	ENSG00000217488[2,1,2]	0	-	76787993	76787993	0	1	856,	0,	chr6	76788043	76788799	AL356057.1-202|transcribed_processed_pseudogene	0	-	LOC100421091	756
chr6	76921105	76921771	ENSG00000285401[1,1,1]	0	+	76921455	76921749	0	1	666,	0,	chr6	76921155	76921721	retro_human_9624|AL109897.1-201|processed_pseudogene	0	+	LOC124901230	566
chr6	80245355	80245902	ENSG00000217512[1,1,1]	0	-	80245521	80245662	0	1	547,	0,	chr6	80245405	80245852	AL356776.1-201|processed_pseudogene	0	-	LOC100419073,PHIP	447
chr6	88382190	88383226	ENSG00000218313[1,1,1]	0	-	88382190	88382190	0	1	1036,	0,	chr6	88382240	88383176	retro_human_4360|AL139274.1-201|processed_pseudogene	0	-	LOC100418923,ZNF292	936
chr6	100749934	100750779	ENSG00000219755[1,1,1]	0	+	100749934	100749934	0	1	845,	0,	chr6	100749984	100750729	retro_human_162|AL137784.1-201|processed_pseudogene	0	+	RPS3P5	745
chr6	102063438	102064274	ENSG00000270987[1,1,1]	0	+	102063438	102063438	0	1	836,	0,	chr6	102063488	102064224	retro_human_588|AL133338.2-201|processed_pseudogene	0	+	LOC728098	736
chr6	106036420	106038195	ENSG00000271099[1,1,1]	0	+	106036420	106036420	0	1	1775,	0,	chr6	106036470	106038145	AL357315.2-201|processed_pseudogene	0	+	LOC100422315	1675
chr6	106333998	106355799	ENSG00000132429[1,4,2]	0	-	106335553	106337662	0	4	502,109,365,232,	0,1461,3550,21569,	chr6	106334267	106337515	retro_human_3975	0	-	POPDC3	3248
chr6	106333998	106355799	ENSG00000132429[1,1,2]	0	-	106334221	106337662	0	4	502,109,736,232,	0,1461,3179,21569,	chr6	106334267	106337515	retro_human_3975	0	-	POPDC3	3248
chr6	106334279	106335920	ENSG00000132429[2,2,3]	0	-	106335560	106335731	0	2	221,461,	0,1180,	chr6	106334267	106337515	retro_human_3975	0	-	POPDC3	1641
chr6	110084973	110085330	ENSG00000228834[1,1,1]	0	-	110084973	110084973	0	1	357,	0,	chr6	110085023	110085280	retro_human_9452|AL445189.2-201|processed_pseudogene	0	-	ATP5MFP2,LOC124901481	257
chr6	111570204	111594120	ENSG00000203797[1,1,1]	0	-	111571261	111594041	0	5	1622,177,109,176,159,	0,13062,16622,21581,23757,	chr6	111571262	111583406	retro_human_9448	0	-	DDO	12144
chr6	111570204	111594120	ENSG00000203797[1,2,1]	0	-	111571261	111594041	0	4	1622,109,176,159,	0,16622,21581,23757,	chr6	111571262	111583406	retro_human_9448	0	-	DDO	12144
chr6	111570616	111594120	ENSG00000203797[1,1,2]	0	-	111571261	111594041	0	5	1210,177,109,176,159,	0,12650,16210,21169,23345,	chr6	111571262	111583406	retro_human_9448	0	-	DDO	12144
chr6	111570616	111594120	ENSG00000203797[1,2,2]	0	-	111571261	111594041	0	4	1210,109,176,159,	0,16210,21169,23345,	chr6	111571262	111583406	retro_human_9448	0	-	DDO	12144
chr6	111879086	111879525	ENSG00000217041[1,1,1]	0	+	111879086	111879086	0	1	439,	0,	chr6	111879136	111879475	retro_human_6368|AL512430.2-201|processed_pseudogene	0	+	RPS20P18	339
chr6	117438103	117443271	ENSG00000111817[4,10,7]	0	+	117442713	117442902	0	4	261,163,122,845,	0,717,3093,4323,	chr6	117442473	117443096	retro_human_9060|AL050331.1-201|processed_pseudogene	0	-	RPS5P1,LOC100287430,DSE	623
chr6	117442423	117443146	ENSG00000233558[1,1,1]	0	-	117442423	117442423	0	1	723,	0,	chr6	117442473	117443096	retro_human_9060|AL050331.1-201|processed_pseudogene	0	-	RPS5P1,LOC100287430,DSE	623
chr6	119183763	119184337	ENSG00000230202[1,1,1]	0	+	119183813	119184284	0	1	574,	0,	chr6	119183813	119184287	retro_human_228|AL450405.1-201|processed_pseudogene	0	+	RPL29P4	474
chr6	119637515	119640139	ENSG00000216809[1,1,1]	0	-	119637515	119637515	0	1	2624,	0,	chr6	119637565	119640089	retro_human_9064|AL589993.1-201|processed_pseudogene	0	-	LOC644303	2524
chr6	119686536	119688111	ENSG00000169075[1,1,1]	0	+	119686536	119686536	0	1	1575,	0,	chr6	119686586	119688061	retro_human_5973|Z99496.1-201|processed_pseudogene	0	+	BRD7P3	1475
chr6	120455297	120455980	ENSG00000216316[1,1,1]	0	-	120455433	120455691	0	1	683,	0,	chr6	120455348	120455930	retro_human_9065|AL022722.1-201|processed_pseudogene	0	-	RPL13AP15	582
chr6	128307541	128344419	ENSG00000146374[1,4,5]	0	+	128307562	128307733	255	4	669,192,147,248,	0,30039,31815,36630,	chr6	128337343	128401788	AL356534.1-238|transcribed_processed_pseudogene	0	-	RSPO3,LOC124906572	7076
chr6	128307541	128344419	ENSG00000146374[1,4,5]	0	+	128307562	128307733	255	4	669,192,147,248,	0,30039,31815,36630,	chr6	128070909	128401700	AL356534.1-222|transcribed_processed_pseudogene	0	-	LOC124906573,RSPO3,LOC124906572	36878
chr6	128307541	128344419	ENSG00000146374[1,4,5]	0	+	128307562	128307733	255	4	669,192,147,248,	0,30039,31815,36630,	chr6	128073857	128401772	AL356534.1-223|transcribed_processed_pseudogene	0	-	LOC124906573,RSPO3,LOC124906572	36878
chr6	128307541	128344419	ENSG00000146374[1,4,5]	0	+	128307562	128307733	255	4	669,192,147,248,	0,30039,31815,36630,	chr6	128076485	128401733	AL356534.1-226|transcribed_processed_pseudogene	0	-	LOC124906573,RSPO3,LOC124906572	36878
chr6	128307541	128344419	ENSG00000146374[1,4,5]	0	+	128307562	128307733	255	4	669,192,147,248,	0,30039,31815,36630,	chr6	128188859	128401788	AL356534.1-227|transcribed_processed_pseudogene	0	-	LOC124906573,RSPO3,LOC124906572	36878
chr6	128307541	128344419	ENSG00000146374[1,4,5]	0	+	128307562	128307733	255	4	669,192,147,248,	0,30039,31815,36630,	chr6	128191782	128401770	AL356534.1-230|transcribed_processed_pseudogene	0	-	RSPO3,LOC124906572	36878
chr6	128307541	128344419	ENSG00000146374[1,4,5]	0	+	128307562	128307733	255	4	669,192,147,248,	0,30039,31815,36630,	chr6	128193014	128366347	AL356534.1-231|transcribed_processed_pseudogene	0	-	RSPO3,LOC124906572	36878
chr6	128307541	128344419	ENSG00000146374[1,4,5]	0	+	128307562	128307733	255	4	669,192,147,248,	0,30039,31815,36630,	chr6	128253423	128401766	AL356534.1-232|transcribed_processed_pseudogene	0	-	RSPO3,LOC124906572	36878
chr6	128307541	128344419	ENSG00000146374[1,4,5]	0	+	128307562	128307733	255	4	669,192,147,248,	0,30039,31815,36630,	chr6	128258909	128366350	AL356534.1-233|transcribed_processed_pseudogene	0	-	RSPO3,LOC124906572	36878
chr6	128307541	128344419	ENSG00000146374[1,4,5]	0	+	128307562	128307733	255	4	669,192,147,248,	0,30039,31815,36630,	chr6	128280557	128401739	AL356534.1-234|transcribed_processed_pseudogene	0	-	RSPO3,LOC124906572	36878
chr6	128307541	128344419	ENSG00000146374[1,4,5]	0	+	128307562	128307733	255	4	669,192,147,248,	0,30039,31815,36630,	chr6	128309931	128401722	AL356534.1-235|transcribed_processed_pseudogene	0	-	RSPO3,LOC124906572	34488
chr6	128307541	128344419	ENSG00000146374[1,4,5]	0	+	128307562	128307733	255	4	669,192,147,248,	0,30039,31815,36630,	chr6	128310026	128402553	AL356534.1-236|transcribed_processed_pseudogene	0	-	RSPO3,LOC124906572	34393
chr6	128307541	128344419	ENSG00000146374[1,4,5]	0	+	128307562	128307733	255	4	669,192,147,248,	0,30039,31815,36630,	chr6	128313608	128401771	AL356534.1-237|transcribed_processed_pseudogene	0	-	RSPO3,LOC124906572	30811
chr6	128307541	128386759	ENSG00000146374[1,2,2]	0	+	128308113	128386450	0	6	669,192,147,198,161,390,	0,30039,31815,36630,77225,78828,	chr6	128337343	128401788	AL356534.1-238|transcribed_processed_pseudogene	0	-	RSPO3,LOC124906572	49416
chr6	128307541	128386759	ENSG00000146374[1,2,2]	0	+	128308113	128386450	0	6	669,192,147,198,161,390,	0,30039,31815,36630,77225,78828,	chr6	128365689	128401766	AL356534.1-239|transcribed_processed_pseudogene	0	-	LOC124906572,RSPO3	21070
chr6	128307541	128386759	ENSG00000146374[1,2,2]	0	+	128308113	128386450	0	6	669,192,147,198,161,390,	0,30039,31815,36630,77225,78828,	chr6	127948858	128401747	AL356534.1-216|transcribed_processed_pseudogene	0	-	LOC105377991,LOC124906573,RSPO3,LOC124906572	79218
chr6	128307541	128386759	ENSG00000146374[1,2,2]	0	+	128308113	128386450	0	6	669,192,147,198,161,390,	0,30039,31815,36630,77225,78828,	chr6	128005756	128401772	AL356534.1-221|transcribed_processed_pseudogene	0	-	LOC105377991,LOC124906573,RSPO3,LOC124906572	79218
chr6	128307541	128386759	ENSG00000146374[1,2,2]	0	+	128308113	128386450	0	6	669,192,147,198,161,390,	0,30039,31815,36630,77225,78828,	chr6	128070909	128401700	AL356534.1-222|transcribed_processed_pseudogene	0	-	LOC124906573,RSPO3,LOC124906572	79218
chr6	128307541	128386759	ENSG00000146374[1,2,2]	0	+	128308113	128386450	0	6	669,192,147,198,161,390,	0,30039,31815,36630,77225,78828,	chr6	128073857	128401772	AL356534.1-223|transcribed_processed_pseudogene	0	-	LOC124906573,RSPO3,LOC124906572	79218
chr6	128307541	128386759	ENSG00000146374[1,2,2]	0	+	128308113	128386450	0	6	669,192,147,198,161,390,	0,30039,31815,36630,77225,78828,	chr6	128076485	128401733	AL356534.1-226|transcribed_processed_pseudogene	0	-	LOC124906573,RSPO3,LOC124906572	79218
chr6	128307541	128386759	ENSG00000146374[1,2,2]	0	+	128308113	128386450	0	6	669,192,147,198,161,390,	0,30039,31815,36630,77225,78828,	chr6	128188859	128401788	AL356534.1-227|transcribed_processed_pseudogene	0	-	LOC124906573,RSPO3,LOC124906572	79218
chr6	128307541	128386759	ENSG00000146374[1,2,2]	0	+	128308113	128386450	0	6	669,192,147,198,161,390,	0,30039,31815,36630,77225,78828,	chr6	128191782	128401770	AL356534.1-230|transcribed_processed_pseudogene	0	-	RSPO3,LOC124906572	79218
chr6	128307541	128386759	ENSG00000146374[1,2,2]	0	+	128308113	128386450	0	6	669,192,147,198,161,390,	0,30039,31815,36630,77225,78828,	chr6	128193014	128366347	AL356534.1-231|transcribed_processed_pseudogene	0	-	RSPO3,LOC124906572	58806
chr6	128307541	128386759	ENSG00000146374[1,2,2]	0	+	128308113	128386450	0	6	669,192,147,198,161,390,	0,30039,31815,36630,77225,78828,	chr6	128253423	128401766	AL356534.1-232|transcribed_processed_pseudogene	0	-	RSPO3,LOC124906572	79218
chr6	128307541	128386759	ENSG00000146374[1,2,2]	0	+	128308113	128386450	0	6	669,192,147,198,161,390,	0,30039,31815,36630,77225,78828,	chr6	128258909	128366350	AL356534.1-233|transcribed_processed_pseudogene	0	-	RSPO3,LOC124906572	58809
chr6	128307541	128386759	ENSG00000146374[1,2,2]	0	+	128308113	128386450	0	6	669,192,147,198,161,390,	0,30039,31815,36630,77225,78828,	chr6	128280557	128401739	AL356534.1-234|transcribed_processed_pseudogene	0	-	RSPO3,LOC124906572	79218
chr6	128307541	128386759	ENSG00000146374[1,2,2]	0	+	128308113	128386450	0	6	669,192,147,198,161,390,	0,30039,31815,36630,77225,78828,	chr6	128309931	128401722	AL356534.1-235|transcribed_processed_pseudogene	0	-	RSPO3,LOC124906572	76828
chr6	128307541	128386759	ENSG00000146374[1,2,2]	0	+	128308113	128386450	0	6	669,192,147,198,161,390,	0,30039,31815,36630,77225,78828,	chr6	128310026	128402553	AL356534.1-236|transcribed_processed_pseudogene	0	-	RSPO3,LOC124906572	76733
chr6	128307541	128386759	ENSG00000146374[1,2,2]	0	+	128308113	128386450	0	6	669,192,147,198,161,390,	0,30039,31815,36630,77225,78828,	chr6	128313608	128401771	AL356534.1-237|transcribed_processed_pseudogene	0	-	RSPO3,LOC124906572	73151
chr6	128307541	128386759	ENSG00000146374[1,2,2]	0	+	128308113	128386450	0	6	669,192,147,198,161,390,	0,30039,31815,36630,77225,78828,	chr6	127684140	128401788	AL356534.1-203|transcribed_processed_pseudogene	0	-	VIM2P,RNU6-200P,YAP1P3,PRELID1P1,LOC105377992,RPS4XP9,LOC105377993,LOC105377991,LOC124906573,RSPO3,LOC124906572	79218
chr6	128307541	128386759	ENSG00000146374[1,2,2]	0	+	128308113	128386450	0	6	669,192,147,198,161,390,	0,30039,31815,36630,77225,78828,	chr6	127684288	128401739	AL356534.1-204|transcribed_processed_pseudogene	0	-	VIM2P,RNU6-200P,YAP1P3,PRELID1P1,LOC105377992,RPS4XP9,LOC105377993,LOC105377991,LOC124906573,RSPO3,LOC124906572	79218
chr6	128307541	128386759	ENSG00000146374[1,2,2]	0	+	128308113	128386450	0	6	669,192,147,198,161,390,	0,30039,31815,36630,77225,78828,	chr6	127867805	128401763	AL356534.1-206|transcribed_processed_pseudogene	0	-	RPS4XP9,LOC105377993,LOC105377992,LOC105377991,LOC124906573,RSPO3,LOC124906572	79218
chr6	128307541	128386759	ENSG00000146374[1,2,2]	0	+	128308113	128386450	0	6	669,192,147,198,161,390,	0,30039,31815,36630,77225,78828,	chr6	127881265	128366397	AL356534.1-209|transcribed_processed_pseudogene	0	-	LOC105377993,LOC105377992,LOC105377991,LOC124906573,RSPO3,LOC124906572	58856
chr6	128307541	128386759	ENSG00000146374[1,2,2]	0	+	128308113	128386450	0	6	669,192,147,198,161,390,	0,30039,31815,36630,77225,78828,	chr6	127881267	128401770	AL356534.1-210|transcribed_processed_pseudogene	0	-	LOC105377993,LOC105377992,LOC105377991,LOC124906573,RSPO3,LOC124906572	79218
chr6	128307541	128386759	ENSG00000146374[1,2,2]	0	+	128308113	128386450	0	6	669,192,147,198,161,390,	0,30039,31815,36630,77225,78828,	chr6	127881358	128401739	AL356534.1-213|transcribed_processed_pseudogene	0	-	LOC105377993,LOC105377992,LOC105377991,LOC124906573,RSPO3,LOC124906572	79218
chr6	128307541	128386759	ENSG00000146374[1,2,2]	0	+	128308113	128386450	0	6	669,192,147,198,161,390,	0,30039,31815,36630,77225,78828,	chr6	127881742	128401788	AL356534.1-214|transcribed_processed_pseudogene	0	-	LOC105377993,LOC105377992,LOC105377991,LOC124906573,RSPO3,LOC124906572	79218
chr6	128307541	128386759	ENSG00000146374[1,1,2]	0	+	128308113	128384948	0	5	669,192,147,198,1993,	0,30039,31815,36630,77225,	chr6	128337343	128401788	AL356534.1-238|transcribed_processed_pseudogene	0	-	RSPO3,LOC124906572	49416
chr6	128307541	128386759	ENSG00000146374[1,1,2]	0	+	128308113	128384948	0	5	669,192,147,198,1993,	0,30039,31815,36630,77225,	chr6	128365689	128401766	AL356534.1-239|transcribed_processed_pseudogene	0	-	LOC124906572,RSPO3	21070
chr6	128307541	128386759	ENSG00000146374[1,1,2]	0	+	128308113	128384948	0	5	669,192,147,198,1993,	0,30039,31815,36630,77225,	chr6	127948858	128401747	AL356534.1-216|transcribed_processed_pseudogene	0	-	LOC105377991,LOC124906573,RSPO3,LOC124906572	79218
chr6	128307541	128386759	ENSG00000146374[1,1,2]	0	+	128308113	128384948	0	5	669,192,147,198,1993,	0,30039,31815,36630,77225,	chr6	128005756	128401772	AL356534.1-221|transcribed_processed_pseudogene	0	-	LOC105377991,LOC124906573,RSPO3,LOC124906572	79218
chr6	128307541	128386759	ENSG00000146374[1,1,2]	0	+	128308113	128384948	0	5	669,192,147,198,1993,	0,30039,31815,36630,77225,	chr6	128070909	128401700	AL356534.1-222|transcribed_processed_pseudogene	0	-	LOC124906573,RSPO3,LOC124906572	79218
chr6	128307541	128386759	ENSG00000146374[1,1,2]	0	+	128308113	128384948	0	5	669,192,147,198,1993,	0,30039,31815,36630,77225,	chr6	128073857	128401772	AL356534.1-223|transcribed_processed_pseudogene	0	-	LOC124906573,RSPO3,LOC124906572	79218
chr6	128307541	128386759	ENSG00000146374[1,1,2]	0	+	128308113	128384948	0	5	669,192,147,198,1993,	0,30039,31815,36630,77225,	chr6	128076485	128401733	AL356534.1-226|transcribed_processed_pseudogene	0	-	LOC124906573,RSPO3,LOC124906572	79218
chr6	128307541	128386759	ENSG00000146374[1,1,2]	0	+	128308113	128384948	0	5	669,192,147,198,1993,	0,30039,31815,36630,77225,	chr6	128188859	128401788	AL356534.1-227|transcribed_processed_pseudogene	0	-	LOC124906573,RSPO3,LOC124906572	79218
chr6	128307541	128386759	ENSG00000146374[1,1,2]	0	+	128308113	128384948	0	5	669,192,147,198,1993,	0,30039,31815,36630,77225,	chr6	128191782	128401770	AL356534.1-230|transcribed_processed_pseudogene	0	-	RSPO3,LOC124906572	79218
chr6	128307541	128386759	ENSG00000146374[1,1,2]	0	+	128308113	128384948	0	5	669,192,147,198,1993,	0,30039,31815,36630,77225,	chr6	128193014	128366347	AL356534.1-231|transcribed_processed_pseudogene	0	-	RSPO3,LOC124906572	58806
chr6	128307541	128386759	ENSG00000146374[1,1,2]	0	+	128308113	128384948	0	5	669,192,147,198,1993,	0,30039,31815,36630,77225,	chr6	128253423	128401766	AL356534.1-232|transcribed_processed_pseudogene	0	-	RSPO3,LOC124906572	79218
chr6	128307541	128386759	ENSG00000146374[1,1,2]	0	+	128308113	128384948	0	5	669,192,147,198,1993,	0,30039,31815,36630,77225,	chr6	128258909	128366350	AL356534.1-233|transcribed_processed_pseudogene	0	-	RSPO3,LOC124906572	58809
chr6	128307541	128386759	ENSG00000146374[1,1,2]	0	+	128308113	128384948	0	5	669,192,147,198,1993,	0,30039,31815,36630,77225,	chr6	128280557	128401739	AL356534.1-234|transcribed_processed_pseudogene	0	-	RSPO3,LOC124906572	79218
chr6	128307541	128386759	ENSG00000146374[1,1,2]	0	+	128308113	128384948	0	5	669,192,147,198,1993,	0,30039,31815,36630,77225,	chr6	128309931	128401722	AL356534.1-235|transcribed_processed_pseudogene	0	-	RSPO3,LOC124906572	76828
chr6	128307541	128386759	ENSG00000146374[1,1,2]	0	+	128308113	128384948	0	5	669,192,147,198,1993,	0,30039,31815,36630,77225,	chr6	128310026	128402553	AL356534.1-236|transcribed_processed_pseudogene	0	-	RSPO3,LOC124906572	76733
chr6	128307541	128386759	ENSG00000146374[1,1,2]	0	+	128308113	128384948	0	5	669,192,147,198,1993,	0,30039,31815,36630,77225,	chr6	128313608	128401771	AL356534.1-237|transcribed_processed_pseudogene	0	-	RSPO3,LOC124906572	73151
chr6	128307541	128386759	ENSG00000146374[1,1,2]	0	+	128308113	128384948	0	5	669,192,147,198,1993,	0,30039,31815,36630,77225,	chr6	127684140	128401788	AL356534.1-203|transcribed_processed_pseudogene	0	-	VIM2P,RNU6-200P,YAP1P3,PRELID1P1,LOC105377992,RPS4XP9,LOC105377993,LOC105377991,LOC124906573,RSPO3,LOC124906572	79218
chr6	128307541	128386759	ENSG00000146374[1,1,2]	0	+	128308113	128384948	0	5	669,192,147,198,1993,	0,30039,31815,36630,77225,	chr6	127684288	128401739	AL356534.1-204|transcribed_processed_pseudogene	0	-	VIM2P,RNU6-200P,YAP1P3,PRELID1P1,LOC105377992,RPS4XP9,LOC105377993,LOC105377991,LOC124906573,RSPO3,LOC124906572	79218
chr6	128307541	128386759	ENSG00000146374[1,1,2]	0	+	128308113	128384948	0	5	669,192,147,198,1993,	0,30039,31815,36630,77225,	chr6	127867805	128401763	AL356534.1-206|transcribed_processed_pseudogene	0	-	RPS4XP9,LOC105377993,LOC105377992,LOC105377991,LOC124906573,RSPO3,LOC124906572	79218
chr6	128307541	128386759	ENSG00000146374[1,1,2]	0	+	128308113	128384948	0	5	669,192,147,198,1993,	0,30039,31815,36630,77225,	chr6	127881265	128366397	AL356534.1-209|transcribed_processed_pseudogene	0	-	LOC105377993,LOC105377992,LOC105377991,LOC124906573,RSPO3,LOC124906572	58856
chr6	128307541	128386759	ENSG00000146374[1,1,2]	0	+	128308113	128384948	0	5	669,192,147,198,1993,	0,30039,31815,36630,77225,	chr6	127881267	128401770	AL356534.1-210|transcribed_processed_pseudogene	0	-	LOC105377993,LOC105377992,LOC105377991,LOC124906573,RSPO3,LOC124906572	79218
chr6	128307541	128386759	ENSG00000146374[1,1,2]	0	+	128308113	128384948	0	5	669,192,147,198,1993,	0,30039,31815,36630,77225,	chr6	127881358	128401739	AL356534.1-213|transcribed_processed_pseudogene	0	-	LOC105377993,LOC105377992,LOC105377991,LOC124906573,RSPO3,LOC124906572	79218
chr6	128307541	128386759	ENSG00000146374[1,1,2]	0	+	128308113	128384948	0	5	669,192,147,198,1993,	0,30039,31815,36630,77225,	chr6	127881742	128401788	AL356534.1-214|transcribed_processed_pseudogene	0	-	LOC105377993,LOC105377992,LOC105377991,LOC124906573,RSPO3,LOC124906572	79218
chr6	128307541	128386027	ENSG00000146374[1,1,7]	0	+	128308113	128384948	0	5	669,192,147,198,1261,	0,30039,31815,36630,77225,	chr6	128337343	128401788	AL356534.1-238|transcribed_processed_pseudogene	0	-	RSPO3,LOC124906572	48684
chr6	128307541	128386027	ENSG00000146374[1,1,7]	0	+	128308113	128384948	0	5	669,192,147,198,1261,	0,30039,31815,36630,77225,	chr6	128365689	128401766	AL356534.1-239|transcribed_processed_pseudogene	0	-	LOC124906572,RSPO3	20338
chr6	128307541	128386027	ENSG00000146374[1,1,7]	0	+	128308113	128384948	0	5	669,192,147,198,1261,	0,30039,31815,36630,77225,	chr6	127948858	128401747	AL356534.1-216|transcribed_processed_pseudogene	0	-	LOC105377991,LOC124906573,RSPO3,LOC124906572	78486
chr6	128307541	128386027	ENSG00000146374[1,1,7]	0	+	128308113	128384948	0	5	669,192,147,198,1261,	0,30039,31815,36630,77225,	chr6	128005756	128401772	AL356534.1-221|transcribed_processed_pseudogene	0	-	LOC105377991,LOC124906573,RSPO3,LOC124906572	78486
chr6	128307541	128386027	ENSG00000146374[1,1,7]	0	+	128308113	128384948	0	5	669,192,147,198,1261,	0,30039,31815,36630,77225,	chr6	128070909	128401700	AL356534.1-222|transcribed_processed_pseudogene	0	-	LOC124906573,RSPO3,LOC124906572	78486
chr6	128307541	128386027	ENSG00000146374[1,1,7]	0	+	128308113	128384948	0	5	669,192,147,198,1261,	0,30039,31815,36630,77225,	chr6	128073857	128401772	AL356534.1-223|transcribed_processed_pseudogene	0	-	LOC124906573,RSPO3,LOC124906572	78486
chr6	128307541	128386027	ENSG00000146374[1,1,7]	0	+	128308113	128384948	0	5	669,192,147,198,1261,	0,30039,31815,36630,77225,	chr6	128076485	128401733	AL356534.1-226|transcribed_processed_pseudogene	0	-	LOC124906573,RSPO3,LOC124906572	78486
chr6	128307541	128386027	ENSG00000146374[1,1,7]	0	+	128308113	128384948	0	5	669,192,147,198,1261,	0,30039,31815,36630,77225,	chr6	128188859	128401788	AL356534.1-227|transcribed_processed_pseudogene	0	-	LOC124906573,RSPO3,LOC124906572	78486
chr6	128307541	128386027	ENSG00000146374[1,1,7]	0	+	128308113	128384948	0	5	669,192,147,198,1261,	0,30039,31815,36630,77225,	chr6	128191782	128401770	AL356534.1-230|transcribed_processed_pseudogene	0	-	RSPO3,LOC124906572	78486
chr6	128307541	128386027	ENSG00000146374[1,1,7]	0	+	128308113	128384948	0	5	669,192,147,198,1261,	0,30039,31815,36630,77225,	chr6	128193014	128366347	AL356534.1-231|transcribed_processed_pseudogene	0	-	RSPO3,LOC124906572	58806
chr6	128307541	128386027	ENSG00000146374[1,1,7]	0	+	128308113	128384948	0	5	669,192,147,198,1261,	0,30039,31815,36630,77225,	chr6	128253423	128401766	AL356534.1-232|transcribed_processed_pseudogene	0	-	RSPO3,LOC124906572	78486
chr6	128307541	128386027	ENSG00000146374[1,1,7]	0	+	128308113	128384948	0	5	669,192,147,198,1261,	0,30039,31815,36630,77225,	chr6	128258909	128366350	AL356534.1-233|transcribed_processed_pseudogene	0	-	RSPO3,LOC124906572	58809
chr6	128307541	128386027	ENSG00000146374[1,1,7]	0	+	128308113	128384948	0	5	669,192,147,198,1261,	0,30039,31815,36630,77225,	chr6	128280557	128401739	AL356534.1-234|transcribed_processed_pseudogene	0	-	RSPO3,LOC124906572	78486
chr6	128307541	128386027	ENSG00000146374[1,1,7]	0	+	128308113	128384948	0	5	669,192,147,198,1261,	0,30039,31815,36630,77225,	chr6	128309931	128401722	AL356534.1-235|transcribed_processed_pseudogene	0	-	RSPO3,LOC124906572	76096
chr6	128307541	128386027	ENSG00000146374[1,1,7]	0	+	128308113	128384948	0	5	669,192,147,198,1261,	0,30039,31815,36630,77225,	chr6	128310026	128402553	AL356534.1-236|transcribed_processed_pseudogene	0	-	RSPO3,LOC124906572	76001
chr6	128307541	128386027	ENSG00000146374[1,1,7]	0	+	128308113	128384948	0	5	669,192,147,198,1261,	0,30039,31815,36630,77225,	chr6	128313608	128401771	AL356534.1-237|transcribed_processed_pseudogene	0	-	RSPO3,LOC124906572	72419
chr6	128307541	128386027	ENSG00000146374[1,1,7]	0	+	128308113	128384948	0	5	669,192,147,198,1261,	0,30039,31815,36630,77225,	chr6	127684140	128401788	AL356534.1-203|transcribed_processed_pseudogene	0	-	VIM2P,RNU6-200P,YAP1P3,PRELID1P1,LOC105377992,RPS4XP9,LOC105377993,LOC105377991,LOC124906573,RSPO3,LOC124906572	78486
chr6	128307541	128386027	ENSG00000146374[1,1,7]	0	+	128308113	128384948	0	5	669,192,147,198,1261,	0,30039,31815,36630,77225,	chr6	127684288	128401739	AL356534.1-204|transcribed_processed_pseudogene	0	-	VIM2P,RNU6-200P,YAP1P3,PRELID1P1,LOC105377992,RPS4XP9,LOC105377993,LOC105377991,LOC124906573,RSPO3,LOC124906572	78486
chr6	128307541	128386027	ENSG00000146374[1,1,7]	0	+	128308113	128384948	0	5	669,192,147,198,1261,	0,30039,31815,36630,77225,	chr6	127867805	128401763	AL356534.1-206|transcribed_processed_pseudogene	0	-	RPS4XP9,LOC105377993,LOC105377992,LOC105377991,LOC124906573,RSPO3,LOC124906572	78486
chr6	128307541	128386027	ENSG00000146374[1,1,7]	0	+	128308113	128384948	0	5	669,192,147,198,1261,	0,30039,31815,36630,77225,	chr6	127881265	128366397	AL356534.1-209|transcribed_processed_pseudogene	0	-	LOC105377993,LOC105377992,LOC105377991,LOC124906573,RSPO3,LOC124906572	58856
chr6	128307541	128386027	ENSG00000146374[1,1,7]	0	+	128308113	128384948	0	5	669,192,147,198,1261,	0,30039,31815,36630,77225,	chr6	127881267	128401770	AL356534.1-210|transcribed_processed_pseudogene	0	-	LOC105377993,LOC105377992,LOC105377991,LOC124906573,RSPO3,LOC124906572	78486
chr6	128307541	128386027	ENSG00000146374[1,1,7]	0	+	128308113	128384948	0	5	669,192,147,198,1261,	0,30039,31815,36630,77225,	chr6	127881358	128401739	AL356534.1-213|transcribed_processed_pseudogene	0	-	LOC105377993,LOC105377992,LOC105377991,LOC124906573,RSPO3,LOC124906572	78486
chr6	128307541	128386027	ENSG00000146374[1,1,7]	0	+	128308113	128384948	0	5	669,192,147,198,1261,	0,30039,31815,36630,77225,	chr6	127881742	128401788	AL356534.1-214|transcribed_processed_pseudogene	0	-	LOC105377993,LOC105377992,LOC105377991,LOC124906573,RSPO3,LOC124906572	78486
chr6	128307541	128385868	ENSG00000146374[1,1,6]	0	+	128308113	128384948	0	5	669,192,147,198,1102,	0,30039,31815,36630,77225,	chr6	128337343	128401788	AL356534.1-238|transcribed_processed_pseudogene	0	-	RSPO3,LOC124906572	48525
chr6	128307541	128385868	ENSG00000146374[1,1,6]	0	+	128308113	128384948	0	5	669,192,147,198,1102,	0,30039,31815,36630,77225,	chr6	128365689	128401766	AL356534.1-239|transcribed_processed_pseudogene	0	-	LOC124906572,RSPO3	20179
chr6	128307541	128385868	ENSG00000146374[1,1,6]	0	+	128308113	128384948	0	5	669,192,147,198,1102,	0,30039,31815,36630,77225,	chr6	127948858	128401747	AL356534.1-216|transcribed_processed_pseudogene	0	-	LOC105377991,LOC124906573,RSPO3,LOC124906572	78327
chr6	128307541	128385868	ENSG00000146374[1,1,6]	0	+	128308113	128384948	0	5	669,192,147,198,1102,	0,30039,31815,36630,77225,	chr6	128005756	128401772	AL356534.1-221|transcribed_processed_pseudogene	0	-	LOC105377991,LOC124906573,RSPO3,LOC124906572	78327
chr6	128307541	128385868	ENSG00000146374[1,1,6]	0	+	128308113	128384948	0	5	669,192,147,198,1102,	0,30039,31815,36630,77225,	chr6	128070909	128401700	AL356534.1-222|transcribed_processed_pseudogene	0	-	LOC124906573,RSPO3,LOC124906572	78327
chr6	128307541	128385868	ENSG00000146374[1,1,6]	0	+	128308113	128384948	0	5	669,192,147,198,1102,	0,30039,31815,36630,77225,	chr6	128073857	128401772	AL356534.1-223|transcribed_processed_pseudogene	0	-	LOC124906573,RSPO3,LOC124906572	78327
chr6	128307541	128385868	ENSG00000146374[1,1,6]	0	+	128308113	128384948	0	5	669,192,147,198,1102,	0,30039,31815,36630,77225,	chr6	128076485	128401733	AL356534.1-226|transcribed_processed_pseudogene	0	-	LOC124906573,RSPO3,LOC124906572	78327
chr6	128307541	128385868	ENSG00000146374[1,1,6]	0	+	128308113	128384948	0	5	669,192,147,198,1102,	0,30039,31815,36630,77225,	chr6	128188859	128401788	AL356534.1-227|transcribed_processed_pseudogene	0	-	LOC124906573,RSPO3,LOC124906572	78327
chr6	128307541	128385868	ENSG00000146374[1,1,6]	0	+	128308113	128384948	0	5	669,192,147,198,1102,	0,30039,31815,36630,77225,	chr6	128191782	128401770	AL356534.1-230|transcribed_processed_pseudogene	0	-	RSPO3,LOC124906572	78327
chr6	128307541	128385868	ENSG00000146374[1,1,6]	0	+	128308113	128384948	0	5	669,192,147,198,1102,	0,30039,31815,36630,77225,	chr6	128193014	128366347	AL356534.1-231|transcribed_processed_pseudogene	0	-	RSPO3,LOC124906572	58806
chr6	128307541	128385868	ENSG00000146374[1,1,6]	0	+	128308113	128384948	0	5	669,192,147,198,1102,	0,30039,31815,36630,77225,	chr6	128253423	128401766	AL356534.1-232|transcribed_processed_pseudogene	0	-	RSPO3,LOC124906572	78327
chr6	128307541	128385868	ENSG00000146374[1,1,6]	0	+	128308113	128384948	0	5	669,192,147,198,1102,	0,30039,31815,36630,77225,	chr6	128258909	128366350	AL356534.1-233|transcribed_processed_pseudogene	0	-	RSPO3,LOC124906572	58809
chr6	128307541	128385868	ENSG00000146374[1,1,6]	0	+	128308113	128384948	0	5	669,192,147,198,1102,	0,30039,31815,36630,77225,	chr6	128280557	128401739	AL356534.1-234|transcribed_processed_pseudogene	0	-	RSPO3,LOC124906572	78327
chr6	128307541	128385868	ENSG00000146374[1,1,6]	0	+	128308113	128384948	0	5	669,192,147,198,1102,	0,30039,31815,36630,77225,	chr6	128309931	128401722	AL356534.1-235|transcribed_processed_pseudogene	0	-	RSPO3,LOC124906572	75937
chr6	128307541	128385868	ENSG00000146374[1,1,6]	0	+	128308113	128384948	0	5	669,192,147,198,1102,	0,30039,31815,36630,77225,	chr6	128310026	128402553	AL356534.1-236|transcribed_processed_pseudogene	0	-	RSPO3,LOC124906572	75842
chr6	128307541	128385868	ENSG00000146374[1,1,6]	0	+	128308113	128384948	0	5	669,192,147,198,1102,	0,30039,31815,36630,77225,	chr6	128313608	128401771	AL356534.1-237|transcribed_processed_pseudogene	0	-	RSPO3,LOC124906572	72260
chr6	128307541	128385868	ENSG00000146374[1,1,6]	0	+	128308113	128384948	0	5	669,192,147,198,1102,	0,30039,31815,36630,77225,	chr6	127684140	128401788	AL356534.1-203|transcribed_processed_pseudogene	0	-	VIM2P,RNU6-200P,YAP1P3,PRELID1P1,LOC105377992,RPS4XP9,LOC105377993,LOC105377991,LOC124906573,RSPO3,LOC124906572	78327
chr6	128307541	128385868	ENSG00000146374[1,1,6]	0	+	128308113	128384948	0	5	669,192,147,198,1102,	0,30039,31815,36630,77225,	chr6	127684288	128401739	AL356534.1-204|transcribed_processed_pseudogene	0	-	VIM2P,RNU6-200P,YAP1P3,PRELID1P1,LOC105377992,RPS4XP9,LOC105377993,LOC105377991,LOC124906573,RSPO3,LOC124906572	78327
chr6	128307541	128385868	ENSG00000146374[1,1,6]	0	+	128308113	128384948	0	5	669,192,147,198,1102,	0,30039,31815,36630,77225,	chr6	127867805	128401763	AL356534.1-206|transcribed_processed_pseudogene	0	-	RPS4XP9,LOC105377993,LOC105377992,LOC105377991,LOC124906573,RSPO3,LOC124906572	78327
chr6	128307541	128385868	ENSG00000146374[1,1,6]	0	+	128308113	128384948	0	5	669,192,147,198,1102,	0,30039,31815,36630,77225,	chr6	127881265	128366397	AL356534.1-209|transcribed_processed_pseudogene	0	-	LOC105377993,LOC105377992,LOC105377991,LOC124906573,RSPO3,LOC124906572	58856
chr6	128307541	128385868	ENSG00000146374[1,1,6]	0	+	128308113	128384948	0	5	669,192,147,198,1102,	0,30039,31815,36630,77225,	chr6	127881267	128401770	AL356534.1-210|transcribed_processed_pseudogene	0	-	LOC105377993,LOC105377992,LOC105377991,LOC124906573,RSPO3,LOC124906572	78327
chr6	128307541	128385868	ENSG00000146374[1,1,6]	0	+	128308113	128384948	0	5	669,192,147,198,1102,	0,30039,31815,36630,77225,	chr6	127881358	128401739	AL356534.1-213|transcribed_processed_pseudogene	0	-	LOC105377993,LOC105377992,LOC105377991,LOC124906573,RSPO3,LOC124906572	78327
chr6	128307541	128385868	ENSG00000146374[1,1,6]	0	+	128308113	128384948	0	5	669,192,147,198,1102,	0,30039,31815,36630,77225,	chr6	127881742	128401788	AL356534.1-214|transcribed_processed_pseudogene	0	-	LOC105377993,LOC105377992,LOC105377991,LOC124906573,RSPO3,LOC124906572	78327
chr6	128307541	128386290	ENSG00000146374[1,1,4]	0	+	128308113	128384948	0	5	669,192,147,198,1524,	0,30039,31815,36630,77225,	chr6	128337343	128401788	AL356534.1-238|transcribed_processed_pseudogene	0	-	RSPO3,LOC124906572	48947
chr6	128307541	128386290	ENSG00000146374[1,1,4]	0	+	128308113	128384948	0	5	669,192,147,198,1524,	0,30039,31815,36630,77225,	chr6	128365689	128401766	AL356534.1-239|transcribed_processed_pseudogene	0	-	LOC124906572,RSPO3	20601
chr6	128307541	128386290	ENSG00000146374[1,1,4]	0	+	128308113	128384948	0	5	669,192,147,198,1524,	0,30039,31815,36630,77225,	chr6	127948858	128401747	AL356534.1-216|transcribed_processed_pseudogene	0	-	LOC105377991,LOC124906573,RSPO3,LOC124906572	78749
chr6	128307541	128386290	ENSG00000146374[1,1,4]	0	+	128308113	128384948	0	5	669,192,147,198,1524,	0,30039,31815,36630,77225,	chr6	128005756	128401772	AL356534.1-221|transcribed_processed_pseudogene	0	-	LOC105377991,LOC124906573,RSPO3,LOC124906572	78749
chr6	128307541	128386290	ENSG00000146374[1,1,4]	0	+	128308113	128384948	0	5	669,192,147,198,1524,	0,30039,31815,36630,77225,	chr6	128070909	128401700	AL356534.1-222|transcribed_processed_pseudogene	0	-	LOC124906573,RSPO3,LOC124906572	78749
chr6	128307541	128386290	ENSG00000146374[1,1,4]	0	+	128308113	128384948	0	5	669,192,147,198,1524,	0,30039,31815,36630,77225,	chr6	128073857	128401772	AL356534.1-223|transcribed_processed_pseudogene	0	-	LOC124906573,RSPO3,LOC124906572	78749
chr6	128307541	128386290	ENSG00000146374[1,1,4]	0	+	128308113	128384948	0	5	669,192,147,198,1524,	0,30039,31815,36630,77225,	chr6	128076485	128401733	AL356534.1-226|transcribed_processed_pseudogene	0	-	LOC124906573,RSPO3,LOC124906572	78749
chr6	128307541	128386290	ENSG00000146374[1,1,4]	0	+	128308113	128384948	0	5	669,192,147,198,1524,	0,30039,31815,36630,77225,	chr6	128188859	128401788	AL356534.1-227|transcribed_processed_pseudogene	0	-	LOC124906573,RSPO3,LOC124906572	78749
chr6	128307541	128386290	ENSG00000146374[1,1,4]	0	+	128308113	128384948	0	5	669,192,147,198,1524,	0,30039,31815,36630,77225,	chr6	128191782	128401770	AL356534.1-230|transcribed_processed_pseudogene	0	-	RSPO3,LOC124906572	78749
chr6	128307541	128386290	ENSG00000146374[1,1,4]	0	+	128308113	128384948	0	5	669,192,147,198,1524,	0,30039,31815,36630,77225,	chr6	128193014	128366347	AL356534.1-231|transcribed_processed_pseudogene	0	-	RSPO3,LOC124906572	58806
chr6	128307541	128386290	ENSG00000146374[1,1,4]	0	+	128308113	128384948	0	5	669,192,147,198,1524,	0,30039,31815,36630,77225,	chr6	128253423	128401766	AL356534.1-232|transcribed_processed_pseudogene	0	-	RSPO3,LOC124906572	78749
chr6	128307541	128386290	ENSG00000146374[1,1,4]	0	+	128308113	128384948	0	5	669,192,147,198,1524,	0,30039,31815,36630,77225,	chr6	128258909	128366350	AL356534.1-233|transcribed_processed_pseudogene	0	-	RSPO3,LOC124906572	58809
chr6	128307541	128386290	ENSG00000146374[1,1,4]	0	+	128308113	128384948	0	5	669,192,147,198,1524,	0,30039,31815,36630,77225,	chr6	128280557	128401739	AL356534.1-234|transcribed_processed_pseudogene	0	-	RSPO3,LOC124906572	78749
chr6	128307541	128386290	ENSG00000146374[1,1,4]	0	+	128308113	128384948	0	5	669,192,147,198,1524,	0,30039,31815,36630,77225,	chr6	128309931	128401722	AL356534.1-235|transcribed_processed_pseudogene	0	-	RSPO3,LOC124906572	76359
chr6	128307541	128386290	ENSG00000146374[1,1,4]	0	+	128308113	128384948	0	5	669,192,147,198,1524,	0,30039,31815,36630,77225,	chr6	128310026	128402553	AL356534.1-236|transcribed_processed_pseudogene	0	-	RSPO3,LOC124906572	76264
chr6	128307541	128386290	ENSG00000146374[1,1,4]	0	+	128308113	128384948	0	5	669,192,147,198,1524,	0,30039,31815,36630,77225,	chr6	128313608	128401771	AL356534.1-237|transcribed_processed_pseudogene	0	-	RSPO3,LOC124906572	72682
chr6	128307541	128386290	ENSG00000146374[1,1,4]	0	+	128308113	128384948	0	5	669,192,147,198,1524,	0,30039,31815,36630,77225,	chr6	127684140	128401788	AL356534.1-203|transcribed_processed_pseudogene	0	-	VIM2P,RNU6-200P,YAP1P3,PRELID1P1,LOC105377992,RPS4XP9,LOC105377993,LOC105377991,LOC124906573,RSPO3,LOC124906572	78749
chr6	128307541	128386290	ENSG00000146374[1,1,4]	0	+	128308113	128384948	0	5	669,192,147,198,1524,	0,30039,31815,36630,77225,	chr6	127684288	128401739	AL356534.1-204|transcribed_processed_pseudogene	0	-	VIM2P,RNU6-200P,YAP1P3,PRELID1P1,LOC105377992,RPS4XP9,LOC105377993,LOC105377991,LOC124906573,RSPO3,LOC124906572	78749
chr6	128307541	128386290	ENSG00000146374[1,1,4]	0	+	128308113	128384948	0	5	669,192,147,198,1524,	0,30039,31815,36630,77225,	chr6	127867805	128401763	AL356534.1-206|transcribed_processed_pseudogene	0	-	RPS4XP9,LOC105377993,LOC105377992,LOC105377991,LOC124906573,RSPO3,LOC124906572	78749
chr6	128307541	128386290	ENSG00000146374[1,1,4]	0	+	128308113	128384948	0	5	669,192,147,198,1524,	0,30039,31815,36630,77225,	chr6	127881265	128366397	AL356534.1-209|transcribed_processed_pseudogene	0	-	LOC105377993,LOC105377992,LOC105377991,LOC124906573,RSPO3,LOC124906572	58856
chr6	128307541	128386290	ENSG00000146374[1,1,4]	0	+	128308113	128384948	0	5	669,192,147,198,1524,	0,30039,31815,36630,77225,	chr6	127881267	128401770	AL356534.1-210|transcribed_processed_pseudogene	0	-	LOC105377993,LOC105377992,LOC105377991,LOC124906573,RSPO3,LOC124906572	78749
chr6	128307541	128386290	ENSG00000146374[1,1,4]	0	+	128308113	128384948	0	5	669,192,147,198,1524,	0,30039,31815,36630,77225,	chr6	127881358	128401739	AL356534.1-213|transcribed_processed_pseudogene	0	-	LOC105377993,LOC105377992,LOC105377991,LOC124906573,RSPO3,LOC124906572	78749
chr6	128307541	128386290	ENSG00000146374[1,1,4]	0	+	128308113	128384948	0	5	669,192,147,198,1524,	0,30039,31815,36630,77225,	chr6	127881742	128401788	AL356534.1-214|transcribed_processed_pseudogene	0	-	LOC105377993,LOC105377992,LOC105377991,LOC124906573,RSPO3,LOC124906572	78749
chr6	128307908	128386759	ENSG00000146374[2,2,2]	0	+	128308113	128386450	0	6	302,192,147,198,161,390,	0,29672,31448,36263,76858,78461,	chr6	128337343	128401788	AL356534.1-238|transcribed_processed_pseudogene	0	-	RSPO3,LOC124906572	49416
chr6	128307908	128386759	ENSG00000146374[2,2,2]	0	+	128308113	128386450	0	6	302,192,147,198,161,390,	0,29672,31448,36263,76858,78461,	chr6	128365689	128401766	AL356534.1-239|transcribed_processed_pseudogene	0	-	LOC124906572,RSPO3	21070
chr6	128307908	128386759	ENSG00000146374[2,2,2]	0	+	128308113	128386450	0	6	302,192,147,198,161,390,	0,29672,31448,36263,76858,78461,	chr6	127948858	128401747	AL356534.1-216|transcribed_processed_pseudogene	0	-	LOC105377991,LOC124906573,RSPO3,LOC124906572	78851
chr6	128307908	128386759	ENSG00000146374[2,2,2]	0	+	128308113	128386450	0	6	302,192,147,198,161,390,	0,29672,31448,36263,76858,78461,	chr6	128005756	128401772	AL356534.1-221|transcribed_processed_pseudogene	0	-	LOC105377991,LOC124906573,RSPO3,LOC124906572	78851
chr6	128307908	128386759	ENSG00000146374[2,2,2]	0	+	128308113	128386450	0	6	302,192,147,198,161,390,	0,29672,31448,36263,76858,78461,	chr6	128070909	128401700	AL356534.1-222|transcribed_processed_pseudogene	0	-	LOC124906573,RSPO3,LOC124906572	78851
chr6	128307908	128386759	ENSG00000146374[2,2,2]	0	+	128308113	128386450	0	6	302,192,147,198,161,390,	0,29672,31448,36263,76858,78461,	chr6	128073857	128401772	AL356534.1-223|transcribed_processed_pseudogene	0	-	LOC124906573,RSPO3,LOC124906572	78851
chr6	128307908	128386759	ENSG00000146374[2,2,2]	0	+	128308113	128386450	0	6	302,192,147,198,161,390,	0,29672,31448,36263,76858,78461,	chr6	128076485	128401733	AL356534.1-226|transcribed_processed_pseudogene	0	-	LOC124906573,RSPO3,LOC124906572	78851
chr6	128307908	128386759	ENSG00000146374[2,2,2]	0	+	128308113	128386450	0	6	302,192,147,198,161,390,	0,29672,31448,36263,76858,78461,	chr6	128188859	128401788	AL356534.1-227|transcribed_processed_pseudogene	0	-	LOC124906573,RSPO3,LOC124906572	78851
chr6	128307908	128386759	ENSG00000146374[2,2,2]	0	+	128308113	128386450	0	6	302,192,147,198,161,390,	0,29672,31448,36263,76858,78461,	chr6	128191782	128401770	AL356534.1-230|transcribed_processed_pseudogene	0	-	RSPO3,LOC124906572	78851
chr6	128307908	128386759	ENSG00000146374[2,2,2]	0	+	128308113	128386450	0	6	302,192,147,198,161,390,	0,29672,31448,36263,76858,78461,	chr6	128193014	128366347	AL356534.1-231|transcribed_processed_pseudogene	0	-	RSPO3,LOC124906572	58439
chr6	128307908	128386759	ENSG00000146374[2,2,2]	0	+	128308113	128386450	0	6	302,192,147,198,161,390,	0,29672,31448,36263,76858,78461,	chr6	128253423	128401766	AL356534.1-232|transcribed_processed_pseudogene	0	-	RSPO3,LOC124906572	78851
chr6	128307908	128386759	ENSG00000146374[2,2,2]	0	+	128308113	128386450	0	6	302,192,147,198,161,390,	0,29672,31448,36263,76858,78461,	chr6	128258909	128366350	AL356534.1-233|transcribed_processed_pseudogene	0	-	RSPO3,LOC124906572	58442
chr6	128307908	128386759	ENSG00000146374[2,2,2]	0	+	128308113	128386450	0	6	302,192,147,198,161,390,	0,29672,31448,36263,76858,78461,	chr6	128280557	128401739	AL356534.1-234|transcribed_processed_pseudogene	0	-	RSPO3,LOC124906572	78851
chr6	128307908	128386759	ENSG00000146374[2,2,2]	0	+	128308113	128386450	0	6	302,192,147,198,161,390,	0,29672,31448,36263,76858,78461,	chr6	128309931	128401722	AL356534.1-235|transcribed_processed_pseudogene	0	-	RSPO3,LOC124906572	76828
chr6	128307908	128386759	ENSG00000146374[2,2,2]	0	+	128308113	128386450	0	6	302,192,147,198,161,390,	0,29672,31448,36263,76858,78461,	chr6	128310026	128402553	AL356534.1-236|transcribed_processed_pseudogene	0	-	RSPO3,LOC124906572	76733
chr6	128307908	128386759	ENSG00000146374[2,2,2]	0	+	128308113	128386450	0	6	302,192,147,198,161,390,	0,29672,31448,36263,76858,78461,	chr6	128313608	128401771	AL356534.1-237|transcribed_processed_pseudogene	0	-	RSPO3,LOC124906572	73151
chr6	128307908	128386759	ENSG00000146374[2,2,2]	0	+	128308113	128386450	0	6	302,192,147,198,161,390,	0,29672,31448,36263,76858,78461,	chr6	127684140	128401788	AL356534.1-203|transcribed_processed_pseudogene	0	-	VIM2P,RNU6-200P,YAP1P3,PRELID1P1,LOC105377992,RPS4XP9,LOC105377993,LOC105377991,LOC124906573,RSPO3,LOC124906572	78851
chr6	128307908	128386759	ENSG00000146374[2,2,2]	0	+	128308113	128386450	0	6	302,192,147,198,161,390,	0,29672,31448,36263,76858,78461,	chr6	127684288	128401739	AL356534.1-204|transcribed_processed_pseudogene	0	-	VIM2P,RNU6-200P,YAP1P3,PRELID1P1,LOC105377992,RPS4XP9,LOC105377993,LOC105377991,LOC124906573,RSPO3,LOC124906572	78851
chr6	128307908	128386759	ENSG00000146374[2,2,2]	0	+	128308113	128386450	0	6	302,192,147,198,161,390,	0,29672,31448,36263,76858,78461,	chr6	127867805	128401763	AL356534.1-206|transcribed_processed_pseudogene	0	-	RPS4XP9,LOC105377993,LOC105377992,LOC105377991,LOC124906573,RSPO3,LOC124906572	78851
chr6	128307908	128386759	ENSG00000146374[2,2,2]	0	+	128308113	128386450	0	6	302,192,147,198,161,390,	0,29672,31448,36263,76858,78461,	chr6	127881265	128366397	AL356534.1-209|transcribed_processed_pseudogene	0	-	LOC105377993,LOC105377992,LOC105377991,LOC124906573,RSPO3,LOC124906572	58489
chr6	128307908	128386759	ENSG00000146374[2,2,2]	0	+	128308113	128386450	0	6	302,192,147,198,161,390,	0,29672,31448,36263,76858,78461,	chr6	127881267	128401770	AL356534.1-210|transcribed_processed_pseudogene	0	-	LOC105377993,LOC105377992,LOC105377991,LOC124906573,RSPO3,LOC124906572	78851
chr6	128307908	128386759	ENSG00000146374[2,2,2]	0	+	128308113	128386450	0	6	302,192,147,198,161,390,	0,29672,31448,36263,76858,78461,	chr6	127881358	128401739	AL356534.1-213|transcribed_processed_pseudogene	0	-	LOC105377993,LOC105377992,LOC105377991,LOC124906573,RSPO3,LOC124906572	78851
chr6	128307908	128386759	ENSG00000146374[2,2,2]	0	+	128308113	128386450	0	6	302,192,147,198,161,390,	0,29672,31448,36263,76858,78461,	chr6	127881742	128401788	AL356534.1-214|transcribed_processed_pseudogene	0	-	LOC105377993,LOC105377992,LOC105377991,LOC124906573,RSPO3,LOC124906572	78851
chr6	128308697	128344266	ENSG00000146374[3,3,3]	0	+	128308697	128308697	0	4	192,192,147,95,	0,28883,30659,35474,	chr6	128337343	128401788	AL356534.1-238|transcribed_processed_pseudogene	0	-	RSPO3,LOC124906572	6923
chr6	128308697	128344266	ENSG00000146374[3,3,3]	0	+	128308697	128308697	0	4	192,192,147,95,	0,28883,30659,35474,	chr6	128070909	128401700	AL356534.1-222|transcribed_processed_pseudogene	0	-	LOC124906573,RSPO3,LOC124906572	35569
chr6	128308697	128344266	ENSG00000146374[3,3,3]	0	+	128308697	128308697	0	4	192,192,147,95,	0,28883,30659,35474,	chr6	128073857	128401772	AL356534.1-223|transcribed_processed_pseudogene	0	-	LOC124906573,RSPO3,LOC124906572	35569
chr6	128308697	128344266	ENSG00000146374[3,3,3]	0	+	128308697	128308697	0	4	192,192,147,95,	0,28883,30659,35474,	chr6	128076485	128401733	AL356534.1-226|transcribed_processed_pseudogene	0	-	LOC124906573,RSPO3,LOC124906572	35569
chr6	128308697	128344266	ENSG00000146374[3,3,3]	0	+	128308697	128308697	0	4	192,192,147,95,	0,28883,30659,35474,	chr6	128188859	128401788	AL356534.1-227|transcribed_processed_pseudogene	0	-	LOC124906573,RSPO3,LOC124906572	35569
chr6	128308697	128344266	ENSG00000146374[3,3,3]	0	+	128308697	128308697	0	4	192,192,147,95,	0,28883,30659,35474,	chr6	128191782	128401770	AL356534.1-230|transcribed_processed_pseudogene	0	-	RSPO3,LOC124906572	35569
chr6	128308697	128344266	ENSG00000146374[3,3,3]	0	+	128308697	128308697	0	4	192,192,147,95,	0,28883,30659,35474,	chr6	128193014	128366347	AL356534.1-231|transcribed_processed_pseudogene	0	-	RSPO3,LOC124906572	35569
chr6	128308697	128344266	ENSG00000146374[3,3,3]	0	+	128308697	128308697	0	4	192,192,147,95,	0,28883,30659,35474,	chr6	128253423	128401766	AL356534.1-232|transcribed_processed_pseudogene	0	-	RSPO3,LOC124906572	35569
chr6	128308697	128344266	ENSG00000146374[3,3,3]	0	+	128308697	128308697	0	4	192,192,147,95,	0,28883,30659,35474,	chr6	128258909	128366350	AL356534.1-233|transcribed_processed_pseudogene	0	-	RSPO3,LOC124906572	35569
chr6	128308697	128344266	ENSG00000146374[3,3,3]	0	+	128308697	128308697	0	4	192,192,147,95,	0,28883,30659,35474,	chr6	128280557	128401739	AL356534.1-234|transcribed_processed_pseudogene	0	-	RSPO3,LOC124906572	35569
chr6	128308697	128344266	ENSG00000146374[3,3,3]	0	+	128308697	128308697	0	4	192,192,147,95,	0,28883,30659,35474,	chr6	128309931	128401722	AL356534.1-235|transcribed_processed_pseudogene	0	-	RSPO3,LOC124906572	34335
chr6	128308697	128344266	ENSG00000146374[3,3,3]	0	+	128308697	128308697	0	4	192,192,147,95,	0,28883,30659,35474,	chr6	128310026	128402553	AL356534.1-236|transcribed_processed_pseudogene	0	-	RSPO3,LOC124906572	34240
chr6	128308697	128344266	ENSG00000146374[3,3,3]	0	+	128308697	128308697	0	4	192,192,147,95,	0,28883,30659,35474,	chr6	128313608	128401771	AL356534.1-237|transcribed_processed_pseudogene	0	-	RSPO3,LOC124906572	30658
chr6	128605384	128605902	ENSG00000220522[1,1,1]	0	-	128605384	128605384	0	1	518,	0,	chr6	128605434	128605852	retro_human_8752|AL590002.1-201|processed_pseudogene	0	-	LOC100287856	418
chr6	133928550	133929782	ENSG00000093134[1,7,6]	0	-	133929218	133929659	0	2	800,336,	0,896,	chr6	133929219	133929584	retro_human_7463	0	-	VNN3P	365
chr6	137552216	137552650	ENSG00000220660[1,1,1]	0	+	137552216	137552216	0	1	434,	0,	chr6	137552266	137552600	retro_human_5581|AL023284.3-201|transcribed_processed_pseudogene	0	+	RPLP1P8	334
chr6	137552216	137552650	ENSG00000220660[1,1,1]	0	+	137552216	137552216	0	1	434,	0,	chr6	137552556	137553217	AL023284.3-202|transcribed_processed_pseudogene	0	+	RPLP1P8	94
chr6	138088361	138089386	ENSG00000213109[1,1,1]	0	-	138088361	138088361	0	1	1025,	0,	chr6	138088411	138089708	retro_human_6239|AL365223.1-201|transcribed_processed_pseudogene	0	-	RPL7AP37	975
chr6	138088361	138089386	ENSG00000213109[1,1,1]	0	-	138088361	138088361	0	1	1025,	0,	chr6	138088556	138089336	AL365223.1-202|transcribed_processed_pseudogene	0	-	RPL7AP37	780
chr6	138893795	138895674	ENSG00000220412[1,1,1]	0	-	138893795	138893795	0	1	1879,	0,	chr6	138893845	138895624	retro_human_6236|AL356234.1-201|processed_pseudogene	0	-	PTPN11P3	1779
chr6	139591018	139592094	ENSG00000215878[1,1,1]	0	-	139591018	139591018	0	1	1076,	0,	chr6	139591068	139592044	MARCKSL1P2-201|processed_pseudogene	0	-	MARCKSL1P2,HEBP2	976
chr6	139838718	139839566	ENSG00000216802[1,1,1]	0	-	139839079	139839319	0	1	848,	0,	chr6	139838768	139839516	retro_human_6235|AL590617.1-201|processed_pseudogene	0	-	MTCH1P1	748
chr6	142107427	142107981	ENSG00000216548[1,1,1]	0	-	142107427	142107427	0	1	554,	0,	chr6	142107477	142107931	retro_human_6232|AL357084.1-201|processed_pseudogene	0	-	RPS18P10	454
chr6	143261482	143274774	ENSG00000135577[3,3,3]	0	-	143261575	143274583	0	3	492,349,613,	0,2997,12679,	chr6	143261699	143274685	retro_human_467	0	-	NMBR	12986
chr6	144534586	144535824	ENSG00000217648[1,1,1]	0	+	144534636	144535041	0	1	1238,	0,	chr6	144534636	144535774	retro_human_7975|AL136116.3-201|processed_pseudogene	0	+	PARLP2,AIG1	1138
chr6	144682781	144683825	ENSG00000229036[1,1,1]	0	+	144682841	144683111	0	1	1044,	0,	chr6	144682922	144683775	retro_human_7977|VDAC1P8-201|transcribed_processed_pseudogene	0	+	VDAC1P8,PEX3	853
chr6	144686310	144704178	ENSG00000001036[1,5,4]	0	-	144688117	144699650	255	7	1945,109,191,211,173,188,360,	0,3486,8029,8452,10010,13334,17508,	chr6	144688710	144696404	VDAC1P8-203|transcribed_processed_pseudogene	0	+	FUCA2	7694
chr6	144686310	144704178	ENSG00000001036[1,5,4]	0	-	144688117	144699650	255	7	1945,109,191,211,173,188,360,	0,3486,8029,8452,10010,13334,17508,	chr6	144689420	144697810	VDAC1P8-214|transcribed_processed_pseudogene	0	+	FUCA2	8390
chr6	144686310	144704178	ENSG00000001036[1,5,4]	0	-	144688117	144699650	255	7	1945,109,191,211,173,188,360,	0,3486,8029,8452,10010,13334,17508,	chr6	144695326	144698433	VDAC1P8-213|transcribed_processed_pseudogene	0	+	LOC124901417,FUCA2	3107
chr6	144686310	144704178	ENSG00000001036[1,5,4]	0	-	144688117	144699650	255	7	1945,109,191,211,173,188,360,	0,3486,8029,8452,10010,13334,17508,	chr6	144695801	144698746	VDAC1P8-202|transcribed_processed_pseudogene	0	+	LOC124901417,FUCA2	2945
chr6	144686310	144704178	ENSG00000001036[1,5,4]	0	-	144688117	144699650	255	7	1945,109,191,211,173,188,360,	0,3486,8029,8452,10010,13334,17508,	chr6	144695865	144698555	VDAC1P8-207|transcribed_processed_pseudogene	0	+	LOC124901417,FUCA2	2690
chr6	144686310	144704178	ENSG00000001036[1,5,4]	0	-	144688117	144699650	255	7	1945,109,191,211,173,188,360,	0,3486,8029,8452,10010,13334,17508,	chr6	144696077	144698566	VDAC1P8-208|transcribed_processed_pseudogene	0	+	LOC124901417,FUCA2	2489
chr6	144686310	144704178	ENSG00000001036[1,5,4]	0	-	144688117	144699650	255	7	1945,109,191,211,173,188,360,	0,3486,8029,8452,10010,13334,17508,	chr6	144696391	144698211	VDAC1P8-209|transcribed_processed_pseudogene	0	+	LOC124901417,FUCA2	1820
chr6	144686310	144704178	ENSG00000001036[1,5,4]	0	-	144688117	144699650	255	7	1945,109,191,211,173,188,360,	0,3486,8029,8452,10010,13334,17508,	chr6	144696425	144698508	VDAC1P8-212|transcribed_processed_pseudogene	0	+	LOC124901417,FUCA2	2083
chr6	144686310	144704178	ENSG00000001036[1,5,4]	0	-	144688117	144699650	255	7	1945,109,191,211,173,188,360,	0,3486,8029,8452,10010,13334,17508,	chr6	144682831	144696500	VDAC1P8-210|transcribed_processed_pseudogene	0	+	VDAC1P8,PEX3,FUCA2	10190
chr6	144686310	144704178	ENSG00000001036[1,5,4]	0	-	144688117	144699650	255	7	1945,109,191,211,173,188,360,	0,3486,8029,8452,10010,13334,17508,	chr6	144683112	144698510	VDAC1P8-205|transcribed_processed_pseudogene	0	+	VDAC1P8,LOC124901417,FUCA2	12200
chr6	144686310	144704178	ENSG00000001036[1,4,4]	0	-	144688117	144699650	255	5	1945,109,191,188,360,	0,3486,8029,13334,17508,	chr6	144688710	144696404	VDAC1P8-203|transcribed_processed_pseudogene	0	+	FUCA2	7694
chr6	144686310	144704178	ENSG00000001036[1,4,4]	0	-	144688117	144699650	255	5	1945,109,191,188,360,	0,3486,8029,13334,17508,	chr6	144689420	144697810	VDAC1P8-214|transcribed_processed_pseudogene	0	+	FUCA2	8390
chr6	144686310	144704178	ENSG00000001036[1,4,4]	0	-	144688117	144699650	255	5	1945,109,191,188,360,	0,3486,8029,13334,17508,	chr6	144695326	144698433	VDAC1P8-213|transcribed_processed_pseudogene	0	+	LOC124901417,FUCA2	3107
chr6	144686310	144704178	ENSG00000001036[1,4,4]	0	-	144688117	144699650	255	5	1945,109,191,188,360,	0,3486,8029,13334,17508,	chr6	144695801	144698746	VDAC1P8-202|transcribed_processed_pseudogene	0	+	LOC124901417,FUCA2	2945
chr6	144686310	144704178	ENSG00000001036[1,4,4]	0	-	144688117	144699650	255	5	1945,109,191,188,360,	0,3486,8029,13334,17508,	chr6	144695865	144698555	VDAC1P8-207|transcribed_processed_pseudogene	0	+	LOC124901417,FUCA2	2690
chr6	144686310	144704178	ENSG00000001036[1,4,4]	0	-	144688117	144699650	255	5	1945,109,191,188,360,	0,3486,8029,13334,17508,	chr6	144696077	144698566	VDAC1P8-208|transcribed_processed_pseudogene	0	+	LOC124901417,FUCA2	2489
chr6	144686310	144704178	ENSG00000001036[1,4,4]	0	-	144688117	144699650	255	5	1945,109,191,188,360,	0,3486,8029,13334,17508,	chr6	144696391	144698211	VDAC1P8-209|transcribed_processed_pseudogene	0	+	LOC124901417,FUCA2	1820
chr6	144686310	144704178	ENSG00000001036[1,4,4]	0	-	144688117	144699650	255	5	1945,109,191,188,360,	0,3486,8029,13334,17508,	chr6	144696425	144698508	VDAC1P8-212|transcribed_processed_pseudogene	0	+	LOC124901417,FUCA2	2083
chr6	144686310	144704178	ENSG00000001036[1,4,4]	0	-	144688117	144699650	255	5	1945,109,191,188,360,	0,3486,8029,13334,17508,	chr6	144682831	144696500	VDAC1P8-210|transcribed_processed_pseudogene	0	+	VDAC1P8,PEX3,FUCA2	10190
chr6	144686310	144704178	ENSG00000001036[1,4,4]	0	-	144688117	144699650	255	5	1945,109,191,188,360,	0,3486,8029,13334,17508,	chr6	144683112	144698510	VDAC1P8-205|transcribed_processed_pseudogene	0	+	VDAC1P8,LOC124901417,FUCA2	12200
chr6	144686310	144704178	ENSG00000001036[1,6,4]	0	-	144694523	144704042	255	6	1945,109,191,340,188,360,	0,3486,8029,10010,13334,17508,	chr6	144688710	144696404	VDAC1P8-203|transcribed_processed_pseudogene	0	+	FUCA2	7694
chr6	144686310	144704178	ENSG00000001036[1,6,4]	0	-	144694523	144704042	255	6	1945,109,191,340,188,360,	0,3486,8029,10010,13334,17508,	chr6	144689420	144697810	VDAC1P8-214|transcribed_processed_pseudogene	0	+	FUCA2	8390
chr6	144686310	144704178	ENSG00000001036[1,6,4]	0	-	144694523	144704042	255	6	1945,109,191,340,188,360,	0,3486,8029,10010,13334,17508,	chr6	144695326	144698433	VDAC1P8-213|transcribed_processed_pseudogene	0	+	LOC124901417,FUCA2	3107
chr6	144686310	144704178	ENSG00000001036[1,6,4]	0	-	144694523	144704042	255	6	1945,109,191,340,188,360,	0,3486,8029,10010,13334,17508,	chr6	144695801	144698746	VDAC1P8-202|transcribed_processed_pseudogene	0	+	LOC124901417,FUCA2	2945
chr6	144686310	144704178	ENSG00000001036[1,6,4]	0	-	144694523	144704042	255	6	1945,109,191,340,188,360,	0,3486,8029,10010,13334,17508,	chr6	144695865	144698555	VDAC1P8-207|transcribed_processed_pseudogene	0	+	LOC124901417,FUCA2	2690
chr6	144686310	144704178	ENSG00000001036[1,6,4]	0	-	144694523	144704042	255	6	1945,109,191,340,188,360,	0,3486,8029,10010,13334,17508,	chr6	144696077	144698566	VDAC1P8-208|transcribed_processed_pseudogene	0	+	LOC124901417,FUCA2	2489
chr6	144686310	144704178	ENSG00000001036[1,6,4]	0	-	144694523	144704042	255	6	1945,109,191,340,188,360,	0,3486,8029,10010,13334,17508,	chr6	144696391	144698211	VDAC1P8-209|transcribed_processed_pseudogene	0	+	LOC124901417,FUCA2	1820
chr6	144686310	144704178	ENSG00000001036[1,6,4]	0	-	144694523	144704042	255	6	1945,109,191,340,188,360,	0,3486,8029,10010,13334,17508,	chr6	144696425	144698508	VDAC1P8-212|transcribed_processed_pseudogene	0	+	LOC124901417,FUCA2	2083
chr6	144686310	144704178	ENSG00000001036[1,6,4]	0	-	144694523	144704042	255	6	1945,109,191,340,188,360,	0,3486,8029,10010,13334,17508,	chr6	144682831	144696500	VDAC1P8-210|transcribed_processed_pseudogene	0	+	VDAC1P8,PEX3,FUCA2	10190
chr6	144686310	144704178	ENSG00000001036[1,6,4]	0	-	144694523	144704042	255	6	1945,109,191,340,188,360,	0,3486,8029,10010,13334,17508,	chr6	144683112	144698510	VDAC1P8-205|transcribed_processed_pseudogene	0	+	VDAC1P8,LOC124901417,FUCA2	12200
chr6	144687169	144704178	ENSG00000001036[1,1,1]	0	-	144688117	144704042	0	7	1086,109,191,211,340,188,360,	0,2627,7170,7593,9151,12475,16649,	chr6	144688710	144696404	VDAC1P8-203|transcribed_processed_pseudogene	0	+	FUCA2	7694
chr6	144687169	144704178	ENSG00000001036[1,1,1]	0	-	144688117	144704042	0	7	1086,109,191,211,340,188,360,	0,2627,7170,7593,9151,12475,16649,	chr6	144689420	144697810	VDAC1P8-214|transcribed_processed_pseudogene	0	+	FUCA2	8390
chr6	144687169	144704178	ENSG00000001036[1,1,1]	0	-	144688117	144704042	0	7	1086,109,191,211,340,188,360,	0,2627,7170,7593,9151,12475,16649,	chr6	144695326	144698433	VDAC1P8-213|transcribed_processed_pseudogene	0	+	LOC124901417,FUCA2	3107
chr6	144687169	144704178	ENSG00000001036[1,1,1]	0	-	144688117	144704042	0	7	1086,109,191,211,340,188,360,	0,2627,7170,7593,9151,12475,16649,	chr6	144695801	144698746	VDAC1P8-202|transcribed_processed_pseudogene	0	+	LOC124901417,FUCA2	2945
chr6	144687169	144704178	ENSG00000001036[1,1,1]	0	-	144688117	144704042	0	7	1086,109,191,211,340,188,360,	0,2627,7170,7593,9151,12475,16649,	chr6	144695865	144698555	VDAC1P8-207|transcribed_processed_pseudogene	0	+	LOC124901417,FUCA2	2690
chr6	144687169	144704178	ENSG00000001036[1,1,1]	0	-	144688117	144704042	0	7	1086,109,191,211,340,188,360,	0,2627,7170,7593,9151,12475,16649,	chr6	144696077	144698566	VDAC1P8-208|transcribed_processed_pseudogene	0	+	LOC124901417,FUCA2	2489
chr6	144687169	144704178	ENSG00000001036[1,1,1]	0	-	144688117	144704042	0	7	1086,109,191,211,340,188,360,	0,2627,7170,7593,9151,12475,16649,	chr6	144696391	144698211	VDAC1P8-209|transcribed_processed_pseudogene	0	+	LOC124901417,FUCA2	1820
chr6	144687169	144704178	ENSG00000001036[1,1,1]	0	-	144688117	144704042	0	7	1086,109,191,211,340,188,360,	0,2627,7170,7593,9151,12475,16649,	chr6	144696425	144698508	VDAC1P8-212|transcribed_processed_pseudogene	0	+	LOC124901417,FUCA2	2083
chr6	144687169	144704178	ENSG00000001036[1,1,1]	0	-	144688117	144704042	0	7	1086,109,191,211,340,188,360,	0,2627,7170,7593,9151,12475,16649,	chr6	144682831	144696500	VDAC1P8-210|transcribed_processed_pseudogene	0	+	VDAC1P8,PEX3,FUCA2	9331
chr6	144687169	144704178	ENSG00000001036[1,1,1]	0	-	144688117	144704042	0	7	1086,109,191,211,340,188,360,	0,2627,7170,7593,9151,12475,16649,	chr6	144683112	144698510	VDAC1P8-205|transcribed_processed_pseudogene	0	+	VDAC1P8,LOC124901417,FUCA2	11341
chr6	144687832	144704178	ENSG00000001036[1,9,5]	0	-	144688117	144704042	255	7	423,109,188,211,340,188,360,	0,1964,6510,6930,8488,11812,15986,	chr6	144688710	144696404	VDAC1P8-203|transcribed_processed_pseudogene	0	+	FUCA2	7694
chr6	144687832	144704178	ENSG00000001036[1,9,5]	0	-	144688117	144704042	255	7	423,109,188,211,340,188,360,	0,1964,6510,6930,8488,11812,15986,	chr6	144689420	144697810	VDAC1P8-214|transcribed_processed_pseudogene	0	+	FUCA2	8390
chr6	144687832	144704178	ENSG00000001036[1,9,5]	0	-	144688117	144704042	255	7	423,109,188,211,340,188,360,	0,1964,6510,6930,8488,11812,15986,	chr6	144695326	144698433	VDAC1P8-213|transcribed_processed_pseudogene	0	+	LOC124901417,FUCA2	3107
chr6	144687832	144704178	ENSG00000001036[1,9,5]	0	-	144688117	144704042	255	7	423,109,188,211,340,188,360,	0,1964,6510,6930,8488,11812,15986,	chr6	144695801	144698746	VDAC1P8-202|transcribed_processed_pseudogene	0	+	LOC124901417,FUCA2	2945
chr6	144687832	144704178	ENSG00000001036[1,9,5]	0	-	144688117	144704042	255	7	423,109,188,211,340,188,360,	0,1964,6510,6930,8488,11812,15986,	chr6	144695865	144698555	VDAC1P8-207|transcribed_processed_pseudogene	0	+	LOC124901417,FUCA2	2690
chr6	144687832	144704178	ENSG00000001036[1,9,5]	0	-	144688117	144704042	255	7	423,109,188,211,340,188,360,	0,1964,6510,6930,8488,11812,15986,	chr6	144696077	144698566	VDAC1P8-208|transcribed_processed_pseudogene	0	+	LOC124901417,FUCA2	2489
chr6	144687832	144704178	ENSG00000001036[1,9,5]	0	-	144688117	144704042	255	7	423,109,188,211,340,188,360,	0,1964,6510,6930,8488,11812,15986,	chr6	144696391	144698211	VDAC1P8-209|transcribed_processed_pseudogene	0	+	LOC124901417,FUCA2	1820
chr6	144687832	144704178	ENSG00000001036[1,9,5]	0	-	144688117	144704042	255	7	423,109,188,211,340,188,360,	0,1964,6510,6930,8488,11812,15986,	chr6	144696425	144698508	VDAC1P8-212|transcribed_processed_pseudogene	0	+	LOC124901417,FUCA2	2083
chr6	144687832	144704178	ENSG00000001036[1,9,5]	0	-	144688117	144704042	255	7	423,109,188,211,340,188,360,	0,1964,6510,6930,8488,11812,15986,	chr6	144696832	144698508	VDAC1P8-211|transcribed_processed_pseudogene	0	+	LOC124901417	1676
chr6	144687832	144704178	ENSG00000001036[1,9,5]	0	-	144688117	144704042	255	7	423,109,188,211,340,188,360,	0,1964,6510,6930,8488,11812,15986,	chr6	144682831	144696500	VDAC1P8-210|transcribed_processed_pseudogene	0	+	VDAC1P8,PEX3,FUCA2	8668
chr6	144687832	144704178	ENSG00000001036[1,9,5]	0	-	144688117	144704042	255	7	423,109,188,211,340,188,360,	0,1964,6510,6930,8488,11812,15986,	chr6	144683112	144698510	VDAC1P8-205|transcribed_processed_pseudogene	0	+	VDAC1P8,LOC124901417,FUCA2	10678
chr6	144687832	144704178	ENSG00000001036[1,7,5]	0	-	144688117	144704042	255	7	423,109,191,130,340,188,360,	0,1964,6507,6930,8488,11812,15986,	chr6	144688710	144696404	VDAC1P8-203|transcribed_processed_pseudogene	0	+	FUCA2	7694
chr6	144687832	144704178	ENSG00000001036[1,7,5]	0	-	144688117	144704042	255	7	423,109,191,130,340,188,360,	0,1964,6507,6930,8488,11812,15986,	chr6	144689420	144697810	VDAC1P8-214|transcribed_processed_pseudogene	0	+	FUCA2	8390
chr6	144687832	144704178	ENSG00000001036[1,7,5]	0	-	144688117	144704042	255	7	423,109,191,130,340,188,360,	0,1964,6507,6930,8488,11812,15986,	chr6	144695326	144698433	VDAC1P8-213|transcribed_processed_pseudogene	0	+	LOC124901417,FUCA2	3107
chr6	144687832	144704178	ENSG00000001036[1,7,5]	0	-	144688117	144704042	255	7	423,109,191,130,340,188,360,	0,1964,6507,6930,8488,11812,15986,	chr6	144695801	144698746	VDAC1P8-202|transcribed_processed_pseudogene	0	+	LOC124901417,FUCA2	2945
chr6	144687832	144704178	ENSG00000001036[1,7,5]	0	-	144688117	144704042	255	7	423,109,191,130,340,188,360,	0,1964,6507,6930,8488,11812,15986,	chr6	144695865	144698555	VDAC1P8-207|transcribed_processed_pseudogene	0	+	LOC124901417,FUCA2	2690
chr6	144687832	144704178	ENSG00000001036[1,7,5]	0	-	144688117	144704042	255	7	423,109,191,130,340,188,360,	0,1964,6507,6930,8488,11812,15986,	chr6	144696077	144698566	VDAC1P8-208|transcribed_processed_pseudogene	0	+	LOC124901417,FUCA2	2489
chr6	144687832	144704178	ENSG00000001036[1,7,5]	0	-	144688117	144704042	255	7	423,109,191,130,340,188,360,	0,1964,6507,6930,8488,11812,15986,	chr6	144696391	144698211	VDAC1P8-209|transcribed_processed_pseudogene	0	+	LOC124901417,FUCA2	1820
chr6	144687832	144704178	ENSG00000001036[1,7,5]	0	-	144688117	144704042	255	7	423,109,191,130,340,188,360,	0,1964,6507,6930,8488,11812,15986,	chr6	144696425	144698508	VDAC1P8-212|transcribed_processed_pseudogene	0	+	LOC124901417,FUCA2	2083
chr6	144687832	144704178	ENSG00000001036[1,7,5]	0	-	144688117	144704042	255	7	423,109,191,130,340,188,360,	0,1964,6507,6930,8488,11812,15986,	chr6	144696832	144698508	VDAC1P8-211|transcribed_processed_pseudogene	0	+	LOC124901417	1676
chr6	144687832	144704178	ENSG00000001036[1,7,5]	0	-	144688117	144704042	255	7	423,109,191,130,340,188,360,	0,1964,6507,6930,8488,11812,15986,	chr6	144682831	144696500	VDAC1P8-210|transcribed_processed_pseudogene	0	+	VDAC1P8,PEX3,FUCA2	8668
chr6	144687832	144704178	ENSG00000001036[1,7,5]	0	-	144688117	144704042	255	7	423,109,191,130,340,188,360,	0,1964,6507,6930,8488,11812,15986,	chr6	144683112	144698510	VDAC1P8-205|transcribed_processed_pseudogene	0	+	VDAC1P8,LOC124901417,FUCA2	10678
chr6	144687832	144704178	ENSG00000001036[1,8,5]	0	-	144688434	144704042	255	8	423,161,109,191,211,340,188,360,	0,543,1964,6507,6930,8488,11812,15986,	chr6	144688710	144696404	VDAC1P8-203|transcribed_processed_pseudogene	0	+	FUCA2	7694
chr6	144687832	144704178	ENSG00000001036[1,8,5]	0	-	144688434	144704042	255	8	423,161,109,191,211,340,188,360,	0,543,1964,6507,6930,8488,11812,15986,	chr6	144689420	144697810	VDAC1P8-214|transcribed_processed_pseudogene	0	+	FUCA2	8390
chr6	144687832	144704178	ENSG00000001036[1,8,5]	0	-	144688434	144704042	255	8	423,161,109,191,211,340,188,360,	0,543,1964,6507,6930,8488,11812,15986,	chr6	144695326	144698433	VDAC1P8-213|transcribed_processed_pseudogene	0	+	LOC124901417,FUCA2	3107
chr6	144687832	144704178	ENSG00000001036[1,8,5]	0	-	144688434	144704042	255	8	423,161,109,191,211,340,188,360,	0,543,1964,6507,6930,8488,11812,15986,	chr6	144695801	144698746	VDAC1P8-202|transcribed_processed_pseudogene	0	+	LOC124901417,FUCA2	2945
chr6	144687832	144704178	ENSG00000001036[1,8,5]	0	-	144688434	144704042	255	8	423,161,109,191,211,340,188,360,	0,543,1964,6507,6930,8488,11812,15986,	chr6	144695865	144698555	VDAC1P8-207|transcribed_processed_pseudogene	0	+	LOC124901417,FUCA2	2690
chr6	144687832	144704178	ENSG00000001036[1,8,5]	0	-	144688434	144704042	255	8	423,161,109,191,211,340,188,360,	0,543,1964,6507,6930,8488,11812,15986,	chr6	144696077	144698566	VDAC1P8-208|transcribed_processed_pseudogene	0	+	LOC124901417,FUCA2	2489
chr6	144687832	144704178	ENSG00000001036[1,8,5]	0	-	144688434	144704042	255	8	423,161,109,191,211,340,188,360,	0,543,1964,6507,6930,8488,11812,15986,	chr6	144696391	144698211	VDAC1P8-209|transcribed_processed_pseudogene	0	+	LOC124901417,FUCA2	1820
chr6	144687832	144704178	ENSG00000001036[1,8,5]	0	-	144688434	144704042	255	8	423,161,109,191,211,340,188,360,	0,543,1964,6507,6930,8488,11812,15986,	chr6	144696425	144698508	VDAC1P8-212|transcribed_processed_pseudogene	0	+	LOC124901417,FUCA2	2083
chr6	144687832	144704178	ENSG00000001036[1,8,5]	0	-	144688434	144704042	255	8	423,161,109,191,211,340,188,360,	0,543,1964,6507,6930,8488,11812,15986,	chr6	144696832	144698508	VDAC1P8-211|transcribed_processed_pseudogene	0	+	LOC124901417	1676
chr6	144687832	144704178	ENSG00000001036[1,8,5]	0	-	144688434	144704042	255	8	423,161,109,191,211,340,188,360,	0,543,1964,6507,6930,8488,11812,15986,	chr6	144682831	144696500	VDAC1P8-210|transcribed_processed_pseudogene	0	+	VDAC1P8,PEX3,FUCA2	8668
chr6	144687832	144704178	ENSG00000001036[1,8,5]	0	-	144688434	144704042	255	8	423,161,109,191,211,340,188,360,	0,543,1964,6507,6930,8488,11812,15986,	chr6	144683112	144698510	VDAC1P8-205|transcribed_processed_pseudogene	0	+	VDAC1P8,LOC124901417,FUCA2	10678
chr6	144689309	144694580	ENSG00000001036[2,2,2]	0	-	144689769	144694491	0	2	596,241,	0,5030,	chr6	144688710	144696404	VDAC1P8-203|transcribed_processed_pseudogene	0	+	FUCA2	5271
chr6	144689309	144694580	ENSG00000001036[2,2,2]	0	-	144689769	144694491	0	2	596,241,	0,5030,	chr6	144689420	144697810	VDAC1P8-214|transcribed_processed_pseudogene	0	+	FUCA2	5160
chr6	144689309	144694580	ENSG00000001036[2,2,2]	0	-	144689769	144694491	0	2	596,241,	0,5030,	chr6	144682831	144696500	VDAC1P8-210|transcribed_processed_pseudogene	0	+	VDAC1P8,PEX3,FUCA2	5271
chr6	144689309	144694580	ENSG00000001036[2,2,2]	0	-	144689769	144694491	0	2	596,241,	0,5030,	chr6	144683112	144698510	VDAC1P8-205|transcribed_processed_pseudogene	0	+	VDAC1P8,LOC124901417,FUCA2	5271
chr6	144694302	144704178	ENSG00000001036[1,3,3]	0	-	144694447	144704042	0	3	228,188,360,	0,5342,9516,	chr6	144688710	144696404	VDAC1P8-203|transcribed_processed_pseudogene	0	+	FUCA2	2102
chr6	144694302	144704178	ENSG00000001036[1,3,3]	0	-	144694447	144704042	0	3	228,188,360,	0,5342,9516,	chr6	144689420	144697810	VDAC1P8-214|transcribed_processed_pseudogene	0	+	FUCA2	3508
chr6	144694302	144704178	ENSG00000001036[1,3,3]	0	-	144694447	144704042	0	3	228,188,360,	0,5342,9516,	chr6	144695326	144698433	VDAC1P8-213|transcribed_processed_pseudogene	0	+	LOC124901417,FUCA2	3107
chr6	144694302	144704178	ENSG00000001036[1,3,3]	0	-	144694447	144704042	0	3	228,188,360,	0,5342,9516,	chr6	144695801	144698746	VDAC1P8-202|transcribed_processed_pseudogene	0	+	LOC124901417,FUCA2	2945
chr6	144694302	144704178	ENSG00000001036[1,3,3]	0	-	144694447	144704042	0	3	228,188,360,	0,5342,9516,	chr6	144695865	144698555	VDAC1P8-207|transcribed_processed_pseudogene	0	+	LOC124901417,FUCA2	2690
chr6	144694302	144704178	ENSG00000001036[1,3,3]	0	-	144694447	144704042	0	3	228,188,360,	0,5342,9516,	chr6	144696077	144698566	VDAC1P8-208|transcribed_processed_pseudogene	0	+	LOC124901417,FUCA2	2489
chr6	144694302	144704178	ENSG00000001036[1,3,3]	0	-	144694447	144704042	0	3	228,188,360,	0,5342,9516,	chr6	144696391	144697523	VDAC1P8-206|transcribed_processed_pseudogene	0	+	FUCA2	1132
chr6	144694302	144704178	ENSG00000001036[1,3,3]	0	-	144694447	144704042	0	3	228,188,360,	0,5342,9516,	chr6	144696391	144698211	VDAC1P8-209|transcribed_processed_pseudogene	0	+	LOC124901417,FUCA2	1820
chr6	144694302	144704178	ENSG00000001036[1,3,3]	0	-	144694447	144704042	0	3	228,188,360,	0,5342,9516,	chr6	144696425	144698508	VDAC1P8-212|transcribed_processed_pseudogene	0	+	LOC124901417,FUCA2	2083
chr6	144694302	144704178	ENSG00000001036[1,3,3]	0	-	144694447	144704042	0	3	228,188,360,	0,5342,9516,	chr6	144696832	144698508	VDAC1P8-211|transcribed_processed_pseudogene	0	+	LOC124901417	1676
chr6	144694302	144704178	ENSG00000001036[1,3,3]	0	-	144694447	144704042	0	3	228,188,360,	0,5342,9516,	chr6	144697305	144698814	VDAC1P8-204|transcribed_processed_pseudogene	0	+	LOC124901417	1509
chr6	144694302	144704178	ENSG00000001036[1,3,3]	0	-	144694447	144704042	0	3	228,188,360,	0,5342,9516,	chr6	144682831	144696500	VDAC1P8-210|transcribed_processed_pseudogene	0	+	VDAC1P8,PEX3,FUCA2	2198
chr6	144694302	144704178	ENSG00000001036[1,3,3]	0	-	144694447	144704042	0	3	228,188,360,	0,5342,9516,	chr6	144683112	144698510	VDAC1P8-205|transcribed_processed_pseudogene	0	+	VDAC1P8,LOC124901417,FUCA2	4208
chr6	145590523	145591417	ENSG00000219409[1,1,1]	0	+	145590676	145590799	0	1	894,	0,	chr6	145590573	145591367	retro_human_7973|AL590704.1-201|processed_pseudogene	0	+	LOC100420214	794
chr6	150311822	150312586	ENSG00000219487[1,1,1]	0	-	150311822	150311822	0	1	764,	0,	chr6	150311872	150312536	retro_human_2825|AL603766.1-201|processed_pseudogene	0	-	LOC729200	664
chr6	150691232	150692056	ENSG00000219553[1,1,1]	0	-	150691232	150691232	0	1	824,	0,	chr6	150691282	150692005	retro_human_6658|AL031133.1-201|processed_pseudogene	0	-	LOC729496	723
chr6	150794555	150848585	ENSG00000186625[1,9,1]	0	-	150794771	150838332	255	11	412,127,135,127,159,106,122,181,158,175,681,	0,2240,2684,3401,6763,8437,9830,28301,37973,43615,53349,	chr6	150792421	150801603	RPS18P9-202|transcribed_processed_pseudogene	0	+	KATNA1,LOC124901526,RPS18P9	7048
chr6	150794555	150848585	ENSG00000186625[1,12,1]	0	-	150794956	150838332	255	10	412,135,127,159,106,122,181,158,175,333,	0,2684,3401,6763,8437,9830,28301,37973,43615,53697,	chr6	150792421	150801603	RPS18P9-202|transcribed_processed_pseudogene	0	+	KATNA1,LOC124901526,RPS18P9	7048
chr6	150794555	150848806	ENSG00000186625[5,12,1]	0	-	150794956	150838332	255	10	412,135,127,159,106,122,181,158,175,554,	0,2684,3401,6763,8437,9830,28301,37973,43615,53697,	chr6	150792421	150801603	RPS18P9-202|transcribed_processed_pseudogene	0	+	KATNA1,LOC124901526,RPS18P9	7048
chr6	150794555	150848585	ENSG00000186625[1,10,1]	0	-	150794771	150832641	255	10	412,127,135,127,159,106,122,181,158,333,	0,2240,2684,3401,6763,8437,9830,28301,37973,53697,	chr6	150792421	150801603	RPS18P9-202|transcribed_processed_pseudogene	0	+	KATNA1,LOC124901526,RPS18P9	7048
chr6	150794555	150848585	ENSG00000186625[1,11,1]	0	-	150794771	150838332	255	10	412,127,135,127,106,122,181,158,175,333,	0,2240,2684,3401,8437,9830,28301,37973,43615,53697,	chr6	150792421	150801603	RPS18P9-202|transcribed_processed_pseudogene	0	+	KATNA1,LOC124901526,RPS18P9	7048
chr6	150794555	150848585	ENSG00000186625[1,1,1]	0	-	150794771	150838332	0	11	412,127,135,127,159,106,122,181,158,175,333,	0,2240,2684,3401,6763,8437,9830,28301,37973,43615,53697,	chr6	150792421	150801603	RPS18P9-202|transcribed_processed_pseudogene	0	+	KATNA1,LOC124901526,RPS18P9	7048
chr6	150794555	150848806	ENSG00000186625[5,1,1]	0	-	150794771	150838332	0	11	412,127,135,127,159,106,122,181,158,175,554,	0,2240,2684,3401,6763,8437,9830,28301,37973,43615,53697,	chr6	150792421	150801603	RPS18P9-202|transcribed_processed_pseudogene	0	+	KATNA1,LOC124901526,RPS18P9	7048
chr6	150794555	150838427	ENSG00000186625[2,2,1]	0	-	150794771	150838332	0	10	412,127,135,127,159,106,122,181,158,257,	0,2240,2684,3401,6763,8437,9830,28301,37973,43615,	chr6	150792421	150801603	RPS18P9-202|transcribed_processed_pseudogene	0	+	KATNA1,LOC124901526,RPS18P9	7048
chr6	151103535	151105811	ENSG00000216906[1,1,1]	0	+	151103535	151103535	0	1	2276,	0,	chr6	151103585	151105761	retro_human_9153|AL355312.1-201|processed_pseudogene	0	+	LOC100240714	2176
chr6	151118000	151122515	ENSG00000203722[1,2,2]	0	-	151118354	151122354	0	3	668,264,246,	0,896,4269,	chr6	151118388	151118891	retro_human_6655	0	-	RAET1G,RAET1E-AS1	503
chr6	152300067	152300572	ENSG00000219747[1,1,1]	0	+	152300276	152300519	0	1	505,	0,	chr6	152300117	152300522	retro_human_10280|AL133260.1-201|processed_pseudogene	0	+	RPL32P16,MTHFD1L	405
chr6	152426114	152426612	ENSG00000213087[1,1,1]	0	-	152426114	152426114	0	1	498,	0,	chr6	152426164	152426562	retro_human_6654|AL356535.1-201|processed_pseudogene	0	-	RPS12P11	398
chr6	154484331	154484878	ENSG00000218426[1,1,1]	0	-	154484331	154484331	0	1	547,	0,	chr6	154484381	154484828	retro_human_6660|AL590867.2-201|processed_pseudogene	0	-	RPL27AP6	447
chr6	155418854	155419513	ENSG00000237593[1,1,1]	0	+	155419053	155419224	0	1	659,	0,	chr6	155418904	155419463	retro_human_10279|AL445220.1-201|processed_pseudogene	0	+	RPL17P24	559
chr6	158607929	158608963	ENSG00000213078[1,1,1]	0	-	158607929	158607929	0	1	1034,	0,	chr6	158607979	158608913	retro_human_839|AL390955.1-201|processed_pseudogene	0	-	LOC641708	934
chr6	158614495	158615211	ENSG00000218631[1,1,1]	0	-	158614495	158614495	0	1	716,	0,	chr6	158614545	158615161	retro_human_836|AL117344.1-201|processed_pseudogene	0	-	LOC100420839	616
chr6	159781364	159880670	ENSG00000146433[2,2,1]	0	+	159781425	159877076	0	17	480,104,56,91,122,111,81,100,131,92,58,103,52,83,90,67,3670,	0,37223,44741,47757,49107,53475,69045,71093,72144,72470,87364,88917,89516,92234,93556,95149,95636,	chr6	159854881	159866815	retro_human_832|TATDN2P2-201|processed_pseudogene	0	-	MIR7161,TATDN2P2,TMEM181	11934
chr6	159781649	159880266	ENSG00000146433[3,3,2]	0	+	159805222	159876553	255	15	23581,104,56,91,122,111,81,100,131,92,58,103,52,67,3266,	0,36938,44456,47472,48822,53190,68760,70808,71859,72185,87079,88632,89231,94864,95351,	chr6	159854881	159866815	retro_human_832|TATDN2P2-201|processed_pseudogene	0	-	MIR7161,TATDN2P2,TMEM181	11934
chr6	159781649	159880670	ENSG00000146433[3,1,1]	0	+	159805222	159877076	255	17	23581,104,56,91,122,111,81,100,131,92,58,103,52,83,90,67,3670,	0,36938,44456,47472,48822,53190,68760,70808,71859,72185,87079,88632,89231,91949,93271,94864,95351,	chr6	159854881	159866815	retro_human_832|TATDN2P2-201|processed_pseudogene	0	-	MIR7161,TATDN2P2,TMEM181	11934
chr6	159781649	159880670	ENSG00000146433[3,2,1]	0	+	159781713	159877076	0	17	195,104,56,91,122,111,81,100,131,92,58,103,52,83,90,67,3670,	0,36938,44456,47472,48822,53190,68760,70808,71859,72185,87079,88632,89231,91949,93271,94864,95351,	chr6	159854881	159866815	retro_human_832|TATDN2P2-201|processed_pseudogene	0	-	MIR7161,TATDN2P2,TMEM181	11934
chr6	159781649	159880266	ENSG00000146433[3,2,2]	0	+	159781713	159877076	0	17	195,104,56,91,122,111,81,100,131,92,58,103,52,83,90,67,3266,	0,36938,44456,47472,48822,53190,68760,70808,71859,72185,87079,88632,89231,91949,93271,94864,95351,	chr6	159854881	159866815	retro_human_832|TATDN2P2-201|processed_pseudogene	0	-	MIR7161,TATDN2P2,TMEM181	11934
chr6	159805038	159880670	ENSG00000146433[1,3,1]	0	+	159805222	159876553	255	15	192,104,56,91,122,111,81,100,131,92,58,103,52,67,3670,	0,13549,21067,24083,25433,29801,45371,47419,48470,48796,63690,65243,65842,71475,71962,	chr6	159854881	159866815	retro_human_832|TATDN2P2-201|processed_pseudogene	0	-	MIR7161,TATDN2P2,TMEM181	11934
chr6	159805038	159880266	ENSG00000146433[1,3,2]	0	+	159805222	159876553	255	15	192,104,56,91,122,111,81,100,131,92,58,103,52,67,3266,	0,13549,21067,24083,25433,29801,45371,47419,48470,48796,63690,65243,65842,71475,71962,	chr6	159854881	159866815	retro_human_832|TATDN2P2-201|processed_pseudogene	0	-	MIR7161,TATDN2P2,TMEM181	11934
chr6	159805038	159880670	ENSG00000146433[1,1,1]	0	+	159805222	159877076	255	17	192,104,56,91,122,111,81,100,131,92,58,103,52,83,90,67,3670,	0,13549,21067,24083,25433,29801,45371,47419,48470,48796,63690,65243,65842,68560,69882,71475,71962,	chr6	159854881	159866815	retro_human_832|TATDN2P2-201|processed_pseudogene	0	-	MIR7161,TATDN2P2,TMEM181	11934
chr6	159805038	159880266	ENSG00000146433[1,1,2]	0	+	159805222	159877076	255	17	192,104,56,91,122,111,81,100,131,92,58,103,52,83,90,67,3266,	0,13549,21067,24083,25433,29801,45371,47419,48470,48796,63690,65243,65842,68560,69882,71475,71962,	chr6	159854881	159866815	retro_human_832|TATDN2P2-201|processed_pseudogene	0	-	MIR7161,TATDN2P2,TMEM181	11934
chr6	159860799	159880670	ENSG00000146433[4,4,1]	0	+	159868750	159877076	255	8	6534,58,103,52,83,90,67,3670,	0,7929,9482,10081,12799,14121,15714,16201,	chr6	159854881	159866815	retro_human_832|TATDN2P2-201|processed_pseudogene	0	-	MIR7161,TATDN2P2,TMEM181	6016
chr6	161336061	161352660	ENSG00000197081[13,19,5]	0	+	161336094	161351180	255	5	199,187,153,70,1888,	0,6536,12556,13783,14711,	chr6	161339238	161342371	retro_human_4790|AL353625.1-201|transcribed_processed_pseudogene	0	+	CHP1P2,IGF2R	3133
chr6	161336061	161351646	ENSG00000197081[13,19,10]	0	+	161336094	161351180	255	5	199,187,153,70,874,	0,6536,12556,13783,14711,	chr6	161339238	161342371	retro_human_4790|AL353625.1-201|transcribed_processed_pseudogene	0	+	CHP1P2,IGF2R	3133
chr6	161339188	161342421	ENSG00000213073[2,1,2]	0	+	161339266	161339608	0	1	3233,	0,	chr6	161339238	161342371	retro_human_4790|AL353625.1-201|transcribed_processed_pseudogene	0	+	CHP1P2,IGF2R	3133
chr6	161339188	161342421	ENSG00000213073[2,1,2]	0	+	161339266	161339608	0	1	3233,	0,	chr6	161339579	161340150	AL353625.1-202|transcribed_processed_pseudogene	0	+	CHP1P2,IGF2R	571
chr6	161409675	161409992	ENSG00000216516[1,1,1]	0	-	161409675	161409675	0	1	317,	0,	chr6	161409725	161409942	retro_human_5429|AL645733.1-201|processed_pseudogene	0	-	LOC112267977	217
chr6	161743149	161772004	ENSG00000213071[2,2,2]	0	-	161743149	161743149	0	3	1122,160,354,	0,8939,28501,	chr6	161744163	161752225	retro_human_10926	0	-	LPAL2	8062
chr7	2347585	2353173	ENSG00000122687[4,8,1]	0	-	2348565	2348841	255	2	1420,229,	0,5359,	chr7	2348572	2353025	retro_human_2760	0	-	MRM2	4453
chr7	2347585	2355673	ENSG00000122687[1,15,1]	0	-	2348565	2351500	255	4	1420,923,178,94,	0,3869,5359,7994,	chr7	2348572	2353025	retro_human_2760	0	-	MRM2	4453
chr7	2347585	2355673	ENSG00000122687[1,11,1]	0	-	2348565	2352611	255	3	1420,496,94,	0,5010,7994,	chr7	2348572	2353025	retro_human_2760	0	-	MRM2	4453
chr7	2347585	2355673	ENSG00000122687[1,10,1]	0	-	2348565	2351500	255	4	1420,923,290,281,	0,3869,5247,7807,	chr7	2348572	2353025	retro_human_2760	0	-	MRM2	4453
chr7	2347585	2355673	ENSG00000122687[1,13,1]	0	-	2348565	2352611	255	3	1420,527,94,	0,5010,7994,	chr7	2348572	2353025	retro_human_2760	0	-	MRM2	4453
chr7	2347585	2355673	ENSG00000122687[1,14,1]	0	-	2348565	2348841	255	3	1420,178,94,	0,5359,7994,	chr7	2348572	2353025	retro_human_2760	0	-	MRM2	4453
chr7	2347585	2355673	ENSG00000122687[1,9,1]	0	-	2348565	2348841	255	3	1420,259,281,	0,5247,7807,	chr7	2348572	2353025	retro_human_2760	0	-	MRM2	4453
chr7	2347585	2355673	ENSG00000122687[1,12,1]	0	-	2348565	2351500	255	4	1420,923,259,94,	0,3869,5247,7994,	chr7	2348572	2353025	retro_human_2760	0	-	MRM2	4453
chr7	2347585	2355673	ENSG00000122687[1,5,1]	0	-	2352210	2355587	0	4	1420,923,290,94,	0,3869,5247,7994,	chr7	2348572	2353025	retro_human_2760	0	-	MRM2	4453
chr7	2347585	2355673	ENSG00000122687[1,4,1]	0	-	2348565	2348841	0	3	1420,290,281,	0,5247,7807,	chr7	2348572	2353025	retro_human_2760	0	-	MRM2	4453
chr7	2347585	2353173	ENSG00000122687[4,3,1]	0	-	2348565	2352611	0	2	1420,578,	0,5010,	chr7	2348572	2353025	retro_human_2760	0	-	MRM2	4453
chr7	2347585	2355673	ENSG00000122687[1,1,1]	0	-	2348565	2355587	0	3	1420,290,94,	0,5247,7994,	chr7	2348572	2353025	retro_human_2760	0	-	MRM2	4453
chr7	2347924	2353173	ENSG00000122687[4,8,3]	0	-	2348565	2348841	255	2	1081,229,	0,5020,	chr7	2348572	2353025	retro_human_2760	0	-	MRM2	4453
chr7	2347924	2355673	ENSG00000122687[1,15,3]	0	-	2348565	2351500	255	4	1081,923,178,94,	0,3530,5020,7655,	chr7	2348572	2353025	retro_human_2760	0	-	MRM2	4453
chr7	2347924	2355673	ENSG00000122687[1,11,3]	0	-	2348565	2352611	255	3	1081,496,94,	0,4671,7655,	chr7	2348572	2353025	retro_human_2760	0	-	MRM2	4453
chr7	2347924	2355673	ENSG00000122687[1,10,3]	0	-	2348565	2351500	255	4	1081,923,290,281,	0,3530,4908,7468,	chr7	2348572	2353025	retro_human_2760	0	-	MRM2	4453
chr7	2347924	2355673	ENSG00000122687[1,13,3]	0	-	2348565	2352611	255	3	1081,527,94,	0,4671,7655,	chr7	2348572	2353025	retro_human_2760	0	-	MRM2	4453
chr7	2347924	2355673	ENSG00000122687[1,14,3]	0	-	2348565	2348841	255	3	1081,178,94,	0,5020,7655,	chr7	2348572	2353025	retro_human_2760	0	-	MRM2	4453
chr7	2347924	2355673	ENSG00000122687[1,9,3]	0	-	2348565	2348841	255	3	1081,259,281,	0,4908,7468,	chr7	2348572	2353025	retro_human_2760	0	-	MRM2	4453
chr7	2347924	2355673	ENSG00000122687[1,12,3]	0	-	2348565	2351500	255	4	1081,923,259,94,	0,3530,4908,7655,	chr7	2348572	2353025	retro_human_2760	0	-	MRM2	4453
chr7	2347924	2355673	ENSG00000122687[1,5,3]	0	-	2352210	2355587	0	4	1081,923,290,94,	0,3530,4908,7655,	chr7	2348572	2353025	retro_human_2760	0	-	MRM2	4453
chr7	2347924	2355673	ENSG00000122687[1,4,3]	0	-	2348565	2348841	0	3	1081,290,281,	0,4908,7468,	chr7	2348572	2353025	retro_human_2760	0	-	MRM2	4453
chr7	2347924	2355673	ENSG00000122687[1,1,3]	0	-	2348565	2355587	0	3	1081,290,94,	0,4908,7655,	chr7	2348572	2353025	retro_human_2760	0	-	MRM2	4453
chr7	2348437	2352709	ENSG00000122687[3,3,2]	0	-	2348565	2352611	0	2	568,114,	0,4158,	chr7	2348572	2353025	retro_human_2760	0	-	MRM2	4137
chr7	2949144	2949646	ENSG00000231357[1,1,1]	0	+	2949144	2949144	0	1	502,	0,	chr7	2949194	2949596	retro_human_7747|AC006028.1-201|processed_pseudogene	0	+	LOC100131264	402
chr7	3452141	3452953	ENSG00000224593[1,1,1]	0	+	3452428	3452689	0	1	812,	0,	chr7	3452191	3452792	retro_human_9898|AC092427.1-201|transcribed_processed_pseudogene	0	+	RPL21P72	601
chr7	3452141	3452953	ENSG00000224593[1,1,1]	0	+	3452428	3452689	0	1	812,	0,	chr7	3452428	3452904	AC092427.1-202|transcribed_processed_pseudogene	0	+	RPL21P72	476
chr7	3452378	3452953	ENSG00000224593[2,1,1]	0	+	3452428	3452689	0	1	575,	0,	chr7	3452191	3452792	retro_human_9898|AC092427.1-201|transcribed_processed_pseudogene	0	+	RPL21P72	414
chr7	3452378	3452953	ENSG00000224593[2,1,1]	0	+	3452428	3452689	0	1	575,	0,	chr7	3452428	3452904	AC092427.1-202|transcribed_processed_pseudogene	0	+	RPL21P72	476
chr7	5644619	5648200	ENSG00000075624[1,45,1]	0	-	5645273	5647180	255	6	795,182,439,240,286,154,	0,907,1184,2064,2438,3427,	chr7	5645808	5646896	retro_human_11204	0	-	ACTB	1088
chr7	5644619	5648200	ENSG00000075624[1,36,1]	0	-	5645774	5647180	255	4	1623,240,129,154,	0,2064,2438,3427,	chr7	5645808	5646896	retro_human_11204	0	-	ACTB	1088
chr7	5644619	5648200	ENSG00000075624[1,43,1]	0	-	5645273	5646917	255	6	795,182,439,240,122,154,	0,907,1184,2064,2445,3427,	chr7	5645808	5646896	retro_human_11204	0	-	ACTB	1088
chr7	5644619	5648200	ENSG00000075624[1,38,1]	0	-	5645663	5647180	255	6	795,174,443,240,129,154,	0,907,1180,2064,2438,3427,	chr7	5645808	5646896	retro_human_11204	0	-	ACTB	1088
chr7	5644619	5648200	ENSG00000075624[1,35,1]	0	-	5645273	5647180	255	6	795,182,391,240,129,154,	0,907,1184,2064,2438,3427,	chr7	5645808	5646896	retro_human_11204	0	-	ACTB	1088
chr7	5644619	5648200	ENSG00000075624[1,41,1]	0	-	5645400	5647180	255	6	795,186,439,240,129,154,	0,903,1184,2064,2438,3427,	chr7	5645808	5646896	retro_human_11204	0	-	ACTB	1088
chr7	5644619	5648200	ENSG00000075624[1,39,1]	0	-	5645656	5647180	255	6	795,182,443,240,129,154,	0,907,1180,2064,2438,3427,	chr7	5645808	5646896	retro_human_11204	0	-	ACTB	1088
chr7	5644619	5648200	ENSG00000075624[1,40,1]	0	-	5645656	5647180	255	6	795,174,439,240,129,154,	0,907,1184,2064,2438,3427,	chr7	5645808	5646896	retro_human_11204	0	-	ACTB	1088
chr7	5644619	5647555	ENSG00000075624[2,32,1]	0	-	5645656	5647180	255	5	795,182,443,240,498,	0,907,1180,2064,2438,	chr7	5645808	5646896	retro_human_11204	0	-	ACTB	1088
chr7	5644619	5648200	ENSG00000075624[1,37,1]	0	-	5645774	5647180	255	5	795,716,240,129,154,	0,907,2064,2438,3427,	chr7	5645808	5646896	retro_human_11204	0	-	ACTB	1088
chr7	5644619	5648200	ENSG00000075624[1,7,1]	0	-	5645508	5647180	255	5	1089,439,240,129,154,	0,1184,2064,2438,3427,	chr7	5645808	5646896	retro_human_11204	0	-	ACTB	1088
chr7	5644619	5648200	ENSG00000075624[1,31,1]	0	-	5645273	5646239	255	4	795,182,1120,1143,	0,907,1184,2438,	chr7	5645808	5646896	retro_human_11204	0	-	ACTB	1088
chr7	5644619	5648200	ENSG00000075624[1,33,1]	0	-	5645273	5646917	255	5	795,182,439,503,154,	0,907,1184,2064,3427,	chr7	5645808	5646896	retro_human_11204	0	-	ACTB	1088
chr7	5644619	5648200	ENSG00000075624[1,42,1]	0	-	5645273	5646239	255	6	795,182,779,240,129,154,	0,907,1184,2064,2438,3427,	chr7	5645808	5646896	retro_human_11204	0	-	ACTB	1088
chr7	5644619	5648200	ENSG00000075624[1,44,1]	0	-	5645273	5647180	255	6	795,182,439,240,150,154,	0,907,1184,2064,2438,3427,	chr7	5645808	5646896	retro_human_11204	0	-	ACTB	1088
chr7	5644619	5648200	ENSG00000075624[1,34,1]	0	-	5645273	5646239	255	6	795,182,439,244,129,154,	0,907,1184,2060,2438,3427,	chr7	5645808	5646896	retro_human_11204	0	-	ACTB	1088
chr7	5644619	5648200	ENSG00000075624[1,2,1]	0	-	5645273	5647180	255	5	795,182,439,240,1143,	0,907,1184,2064,2438,	chr7	5645808	5646896	retro_human_11204	0	-	ACTB	1088
chr7	5644619	5648200	ENSG00000075624[1,28,1]	0	-	5645774	5646239	255	2	795,2674,	0,907,	chr7	5645808	5646896	retro_human_11204	0	-	ACTB	1088
chr7	5644619	5648200	ENSG00000075624[1,30,1]	0	-	5645273	5646917	255	4	795,182,439,1517,	0,907,1184,2064,	chr7	5645808	5646896	retro_human_11204	0	-	ACTB	1088
chr7	5644619	5648200	ENSG00000075624[1,29,1]	0	-	5645273	5646239	255	3	795,182,2397,	0,907,1184,	chr7	5645808	5646896	retro_human_11204	0	-	ACTB	1088
chr7	5644619	5648200	ENSG00000075624[1,3,1]	0	-	5645273	5647180	0	6	795,182,439,240,199,154,	0,907,1184,2064,2438,3427,	chr7	5645808	5646896	retro_human_11204	0	-	ACTB	1088
chr7	5644619	5648200	ENSG00000075624[1,15,1]	0	-	5645273	5646239	0	5	795,182,1120,129,154,	0,907,1184,2438,3427,	chr7	5645808	5646896	retro_human_11204	0	-	ACTB	1088
chr7	5644619	5648200	ENSG00000075624[1,19,1]	0	-	5645273	5646239	0	7	795,182,439,41,240,129,154,	0,907,1184,1922,2064,2438,3427,	chr7	5645808	5646896	retro_human_11204	0	-	ACTB	1088
chr7	5644619	5648200	ENSG00000075624[1,1,1]	0	-	5645273	5647180	0	6	795,182,439,240,129,154,	0,907,1184,2064,2438,3427,	chr7	5645808	5646896	retro_human_11204	0	-	ACTB	1088
chr7	5645008	5648200	ENSG00000075624[1,3,3]	0	-	5645273	5647180	0	6	406,182,439,240,199,154,	0,518,795,1675,2049,3038,	chr7	5645808	5646896	retro_human_11204	0	-	ACTB	1088
chr7	5645942	5647555	ENSG00000075624[2,24,9]	0	-	5647175	5647331	0	3	300,240,498,	0,741,1115,	chr7	5645808	5646896	retro_human_11204	0	-	ACTB	954
chr7	5645942	5648200	ENSG00000075624[1,26,9]	0	-	5646919	5647180	0	3	300,503,154,	0,741,2104,	chr7	5645808	5646896	retro_human_11204	0	-	ACTB	954
chr7	5646406	5648200	ENSG00000075624[1,13,7]	0	-	5646491	5646917	0	2	780,154,	0,1640,	chr7	5645808	5646896	retro_human_11204	0	-	ACTB	490
chr7	6609993	6610399	ENSG00000231359[1,1,1]	0	-	6609993	6609993	0	1	406,	0,	chr7	6610043	6610349	retro_human_8674|AC072052.1-201|processed_pseudogene	0	-	RPL31P34	306
chr7	7019550	7019850	ENSG00000243531[1,1,1]	0	-	7019550	7019550	0	1	300,	0,	chr7	7019600	7019800	AC079804.2-201|processed_pseudogene	0	-	EVA1CP3	200
chr7	7043204	7043740	ENSG00000241539[1,1,1]	0	-	7043204	7043204	0	1	536,	0,	chr7	7043254	7043690	AC079804.1-201|processed_pseudogene	0	-	ALG1L5P	436
chr7	7860575	7861146	ENSG00000234718[1,1,2]	0	-	7860575	7860575	0	1	571,	0,	chr7	7857057	7861096	retro_human_8685|AC007161.1-201|transcribed_processed_pseudogene	0	-	RPL23AP51	521
chr7	7860575	7861146	ENSG00000234718[1,1,2]	0	-	7860575	7860575	0	1	571,	0,	chr7	7860625	7861085	AC007161.1-204|transcribed_processed_pseudogene	0	-	RPL23AP51	460
chr7	10581558	10583600	ENSG00000229091[1,1,1]	0	+	10581558	10581558	0	1	2042,	0,	chr7	10581608	10583550	retro_human_11088|HSPA8P8-201|processed_pseudogene	0	+	HSPA8P8,MGC4859	1942
chr7	12602181	12603483	ENSG00000236048[1,1,1]	0	+	12602181	12602181	0	1	1302,	0,	chr7	12602231	12603433	retro_human_11090|AC013470.3-201|processed_pseudogene	0	+	SSBL5P	1202
chr7	23617115	23617422	ENSG00000236654[1,1,1]	0	+	23617115	23617115	0	1	307,	0,	chr7	23617165	23617372	retro_human_10704|AC079780.1-201|processed_pseudogene	0	+	LOC389473	207
chr7	25824959	25825439	ENSG00000239622[1,1,1]	0	-	25824959	25824959	0	1	480,	0,	chr7	25825009	25825389	retro_human_8331|AC005165.2-201|processed_pseudogene	0	-	UBA52P1	380
chr7	26411822	26412334	ENSG00000232383[1,1,1]	0	+	26411822	26411822	0	1	512,	0,	chr7	26411872	26412284	retro_human_10707|AC010677.1-201|processed_pseudogene	0	+	RPL23P7	412
chr7	29689253	29689984	ENSG00000270196[1,1,1]	0	+	29689253	29689253	0	1	731,	0,	chr7	29689303	29689934	retro_human_4702|AC007255.2-201|processed_pseudogene	0	+	GTF3C6P3	631
chr7	29788816	29823128	ENSG00000225264[1,3,3]	0	-	29788816	29788816	0	2	347,533,	0,33779,	chr7	29788866	29822961	ZNRF2P2-201|transcribed_processed_pseudogene	0	-	MIR550A3,ZNRF2P2,LOC646762	34095
chr7	29788816	29823128	ENSG00000225264[1,3,3]	0	-	29788816	29788816	0	2	347,533,	0,33779,	chr7	29736596	29823078	ZNRF2P2-202|transcribed_processed_pseudogene	0	-	TMSB4XP3,MIR550A3,DPY19L2P3,ZNRF2P2,LOC646762	34262
chr7	29822414	29825766	ENSG00000227855[2,2,2]	0	+	29822414	29822414	0	2	431,664,	0,2688,	chr7	29822595	29823015	ZNRF2P2-203|transcribed_processed_pseudogene	0	-	DPY19L2P3,ZNRF2P2,LOC646762	420
chr7	29822545	29823128	ENSG00000225264[1,1,2]	0	-	29822545	29822545	0	1	583,	0,	chr7	29822595	29823015	ZNRF2P2-203|transcribed_processed_pseudogene	0	-	DPY19L2P3,ZNRF2P2,LOC646762	420
chr7	30506853	30510488	ENSG00000235859[2,1,1]	0	+	30509514	30509910	0	1	3635,	0,	chr7	30509204	30510438	retro_human_4727|AC006978.1-201|processed_pseudogene	0	+	DKFZP586I1420	1234
chr7	30507109	30510488	ENSG00000235859[3,1,1]	0	+	30509514	30509910	0	1	3379,	0,	chr7	30509204	30510438	retro_human_4727|AC006978.1-201|processed_pseudogene	0	+	DKFZP586I1420	1234
chr7	30509154	30510488	ENSG00000235859[1,1,1]	0	+	30509514	30509910	0	1	1334,	0,	chr7	30509204	30510438	retro_human_4727|AC006978.1-201|processed_pseudogene	0	+	DKFZP586I1420	1234
chr7	30660770	30662262	ENSG00000244480[1,1,1]	0	-	30660770	30660770	0	1	1492,	0,	chr7	30660820	30662212	AC005154.2-201|transcribed_processed_pseudogene	0	-	LOC100287825	1392
chr7	30681684	30682163	ENSG00000226874[1,1,1]	0	+	30681684	30681684	0	1	479,	0,	chr7	30681734	30682113	AC005154.1-201|processed_pseudogene	0	+	TRPC6P10	379
chr7	32596110	32597006	ENSG00000226468[1,1,1]	0	-	32596110	32596110	0	1	896,	0,	chr7	32596160	32596956	retro_human_7944|AC018641.1-201|processed_pseudogene	0	-	LOC100130673	796
chr7	32868138	32898995	ENSG00000237004[1,3,3]	0	+	32868138	32868138	255	3	491,80,6196,	0,22849,24661,	chr7	32868457	32893338	ZNRF2P1-202|transcribed_processed_pseudogene	0	+	MIR550A2,MIR550B2,ZNRF2P1	24881
chr7	32868407	32893388	ENSG00000237004[2,2,2]	0	+	32868407	32868407	0	2	222,589,	0,24392,	chr7	32868457	32893338	ZNRF2P1-202|transcribed_processed_pseudogene	0	+	MIR550A2,MIR550B2,ZNRF2P1	24881
chr7	33519830	33520853	ENSG00000238090[1,1,1]	0	+	33520094	33520397	0	1	1023,	0,	chr7	33519880	33520803	retro_human_10311|AC006195.1-201|processed_pseudogene	0	+	LOC100421336	923
chr7	36112065	36112586	ENSG00000270889[1,1,1]	0	-	36112065	36112065	0	1	521,	0,	chr7	36112115	36112536	retro_human_2945|AC087072.1-201|processed_pseudogene	0	-	PPP1R14BP4,SEPTIN7P3	421
chr7	38468258	38468782	ENSG00000231916[1,1,1]	0	+	38468258	38468258	0	1	524,	0,	chr7	38468308	38468732	retro_human_1848|AC006033.1-201|processed_pseudogene	0	+	LOC103689914,TRG	424
chr7	39723875	39730472	ENSG00000241127[1,6,1]	0	+	39729983	39730244	0	2	4293,655,	0,5942,	chr7	39726916	39727739	retro_human_4087|AC011290.2-201|processed_pseudogene	0	-	LOC100101126	823
chr7	39723875	39730472	ENSG00000241127[1,4,1]	0	+	39729983	39730244	0	2	213,2426,	0,4171,	chr7	39726916	39727739	retro_human_4087|AC011290.2-201|processed_pseudogene	0	-	LOC100101126	823
chr7	39723875	39728593	ENSG00000241127[1,4,5]	0	+	39723959	39728169	0	2	213,547,	0,4171,	chr7	39726916	39727739	retro_human_4087|AC011290.2-201|processed_pseudogene	0	-	LOC100101126	823
chr7	39723875	39728593	ENSG00000241127[1,5,5]	0	+	39723959	39724229	0	2	697,547,	0,4171,	chr7	39726916	39727739	retro_human_4087|AC011290.2-201|processed_pseudogene	0	-	LOC100101126	823
chr7	39723875	39730472	ENSG00000241127[1,1,1]	0	+	39723959	39730244	0	3	213,122,655,	0,4171,5942,	chr7	39726916	39727739	retro_human_4087|AC011290.2-201|processed_pseudogene	0	-	LOC100101126	823
chr7	39726866	39727789	ENSG00000236015[1,1,1]	0	-	39726866	39726866	0	1	923,	0,	chr7	39726916	39727739	retro_human_4087|AC011290.2-201|processed_pseudogene	0	-	LOC100101126	823
chr7	39767221	39767885	ENSG00000106540[1,1,1]	0	+	39767271	39767538	0	1	664,	0,	chr7	39767271	39767835	retro_human_1850|AC004837.1-201|processed_pseudogene	0	+	LOC646999,YAE1	564
chr7	39991074	39992322	ENSG00000233225[1,1,1]	0	+	39991074	39991074	0	1	1248,	0,	chr7	39990839	39991347	AC004987.1-201|processed_pseudogene	0	-	SSBP3P1,LOC100422519	273
chr7	39991074	39992322	ENSG00000233225[1,1,1]	0	+	39991074	39991074	0	1	1248,	0,	chr7	39991124	39992272	retro_human_1851|SSBP3P1-201|processed_pseudogene	0	+	SSBP3P1,LOC100422519	1148
chr7	40273088	40273447	ENSG00000270577[1,1,1]	0	+	40273088	40273088	0	1	359,	0,	chr7	40273138	40273397	retro_human_1853|AC006023.2-201|processed_pseudogene	0	+	HIGD1AP7	259
chr7	43925513	43925923	ENSG00000229497[1,1,1]	0	+	43925766	43925889	0	1	410,	0,	chr7	43925563	43925873	retro_human_7321|AC005189.1-201|processed_pseudogene	0	+	LOC107986727	310
chr7	44627587	44628095	ENSG00000146677[1,1,1]	0	+	44627587	44627587	0	1	508,	0,	chr7	44627637	44628045	retro_human_7318|AC004453.1-201|processed_pseudogene	0	+	RPL32P18	408
chr7	47214192	47215174	ENSG00000214754[1,1,1]	0	+	47214192	47214192	0	1	982,	0,	chr7	47214242	47215124	retro_human_1458|AC004870.1-201|processed_pseudogene	0	+	SRSF8CP	882
chr7	51547573	51548412	ENSG00000228897[1,1,1]	0	-	51547573	51547573	0	1	839,	0,	chr7	51547623	51548362	AC012441.2-201|processed_pseudogene	0	-	LOC101928675	739
chr7	55093570	55098156	ENSG00000218586[1,1,1]	0	+	55093570	55093570	0	1	4586,	0,	chr7	55093620	55098106	retro_human_6902|AC006971.1-201|processed_pseudogene	0	+	LOC643168	4486
chr7	64997784	64998074	ENSG00000227397[1,1,1]	0	+	64997784	64997784	0	1	290,	0,	chr7	64997834	64998024	AC079355.2-201|processed_pseudogene	0	+	LOC124906645	190
chr7	65132608	65134228	ENSG00000227910[2,3,1]	0	-	65132608	65132608	0	2	431,503,	0,1117,	chr7	65132719	65134149	AC092634.3-202|transcribed_processed_pseudogene	0	-	LOC105375318	1430
chr7	65132608	65134228	ENSG00000227910[2,3,1]	0	-	65132608	65132608	0	2	431,503,	0,1117,	chr7	65133730	65134178	AC092634.3-203|transcribed_processed_pseudogene	0	-	LOC105375318	448
chr7	65707747	65708752	ENSG00000228653[1,1,1]	0	+	65707747	65707747	0	1	1005,	0,	chr7	65707797	65708702	retro_human_4290|HNRNPCP7-201|processed_pseudogene	0	+	HNRNPCP7,ZNF680	905
chr7	65776887	65777997	ENSG00000213642[1,1,1]	0	-	65776887	65776887	0	1	1110,	0,	chr7	65776937	65777947	retro_human_6153|AC016769.1-201|processed_pseudogene	0	-	LOC100129293	1010
chr7	65790177	65790752	ENSG00000224669[1,1,1]	0	+	65790177	65790177	0	1	575,	0,	chr7	65790227	65790702	retro_human_706|AC016769.2-201|processed_pseudogene	0	+	LOC641746	475
chr7	65873529	65918561	ENSG00000196247[1,1,4]	0	+	65873763	65916135	0	4	237,127,96,4756,	0,25193,25810,40276,	chr7	65886422	65894867	BNIP3P11-201|processed_pseudogene	0	-	MIR6839,BNIP3P11,ZNF107	8445
chr7	65873529	65917661	ENSG00000196247[1,1,12]	0	+	65873763	65916135	0	4	237,127,96,3856,	0,25193,25810,40276,	chr7	65886422	65894867	BNIP3P11-201|processed_pseudogene	0	-	MIR6839,BNIP3P11,ZNF107	8445
chr7	65873529	65915544	ENSG00000196247[1,1,11]	0	+	65914438	65914723	0	4	237,127,96,1739,	0,25193,25810,40276,	chr7	65886422	65894867	BNIP3P11-201|processed_pseudogene	0	-	MIR6839,BNIP3P11,ZNF107	8445
chr7	65873529	65914111	ENSG00000196247[1,1,10]	0	+	65873529	65873529	0	4	237,127,96,306,	0,25193,25810,40276,	chr7	65886422	65894867	BNIP3P11-201|processed_pseudogene	0	-	MIR6839,BNIP3P11,ZNF107	8445
chr7	65873529	65919113	ENSG00000196247[1,1,1]	0	+	65873763	65916135	0	4	237,127,96,5308,	0,25193,25810,40276,	chr7	65886422	65894867	BNIP3P11-201|processed_pseudogene	0	-	MIR6839,BNIP3P11,ZNF107	8445
chr7	65873529	65918561	ENSG00000196247[1,4,4]	0	+	65873763	65916135	0	3	237,127,4756,	0,25193,40276,	chr7	65886422	65894867	BNIP3P11-201|processed_pseudogene	0	-	MIR6839,BNIP3P11,ZNF107	8445
chr7	65873529	65915544	ENSG00000196247[1,4,11]	0	+	65914438	65914723	0	3	237,127,1739,	0,25193,40276,	chr7	65886422	65894867	BNIP3P11-201|processed_pseudogene	0	-	MIR6839,BNIP3P11,ZNF107	8445
chr7	65873529	65919113	ENSG00000196247[1,4,1]	0	+	65873763	65916135	0	3	237,127,5308,	0,25193,40276,	chr7	65886422	65894867	BNIP3P11-201|processed_pseudogene	0	-	MIR6839,BNIP3P11,ZNF107	8445
chr7	65873529	65914111	ENSG00000196247[1,2,10]	0	+	65873763	65886665	0	7	237,142,160,127,127,96,306,	0,2978,13116,24344,25193,25810,40276,	chr7	65886422	65894867	BNIP3P11-201|processed_pseudogene	0	-	MIR6839,BNIP3P11,ZNF107	8445
chr7	65873529	65919113	ENSG00000196247[1,3,1]	0	+	65899416	65916135	0	5	237,160,127,96,5308,	0,13116,25193,25810,40276,	chr7	65886422	65894867	BNIP3P11-201|processed_pseudogene	0	-	MIR6839,BNIP3P11,ZNF107	8445
chr7	65873529	65917661	ENSG00000196247[1,3,12]	0	+	65899416	65916135	0	5	237,160,127,96,3856,	0,13116,25193,25810,40276,	chr7	65886422	65894867	BNIP3P11-201|processed_pseudogene	0	-	MIR6839,BNIP3P11,ZNF107	8445
chr7	65873529	65915544	ENSG00000196247[1,3,11]	0	+	65914438	65914723	0	5	237,160,127,96,1739,	0,13116,25193,25810,40276,	chr7	65886422	65894867	BNIP3P11-201|processed_pseudogene	0	-	MIR6839,BNIP3P11,ZNF107	8445
chr7	65873529	65914111	ENSG00000196247[1,3,10]	0	+	65886667	65886802	0	5	237,160,127,96,306,	0,13116,25193,25810,40276,	chr7	65886422	65894867	BNIP3P11-201|processed_pseudogene	0	-	MIR6839,BNIP3P11,ZNF107	8445
chr7	65873529	65918561	ENSG00000196247[1,3,4]	0	+	65899416	65916135	0	5	237,160,127,96,4756,	0,13116,25193,25810,40276,	chr7	65886422	65894867	BNIP3P11-201|processed_pseudogene	0	-	MIR6839,BNIP3P11,ZNF107	8445
chr7	65886591	65919113	ENSG00000196247[5,14,1]	0	+	65899416	65916135	0	5	214,127,127,96,5308,	0,11282,12131,12748,27214,	chr7	65886422	65894867	BNIP3P11-201|processed_pseudogene	0	-	MIR6839,BNIP3P11,ZNF107	8276
chr7	65943370	65944281	ENSG00000224172[1,1,1]	0	-	65943370	65943370	0	1	911,	0,	chr7	65943420	65944231	retro_human_6159|AC091799.1-201|processed_pseudogene	0	-	LOC644387	811
chr7	67292940	67293455	ENSG00000205596[1,1,1]	0	-	67292940	67292940	0	1	515,	0,	chr7	67292990	67293405	retro_human_371|AC068533.1-201|processed_pseudogene	0	-	LOC644667	415
chr7	67724751	67725920	ENSG00000179342[1,1,1]	0	-	67724751	67724751	0	1	1169,	0,	chr7	67724801	67725870	retro_human_5734|AC008267.1-201|processed_pseudogene	0	-	LOC346329	1069
chr7	67773404	67773899	ENSG00000275400[1,1,1]	0	-	67773404	67773404	0	1	495,	0,	chr7	67773454	67773849	retro_human_5733|AC006001.4-201|processed_pseudogene	0	-	RABGEF1P1	395
chr7	68122480	68126021	ENSG00000273142[1,1,1]	0	+	68122480	68122480	0	1	3541,	0,	chr7	68125003	68125722	retro_human_3353	0	+	LINC02604	719
chr7	68134204	68134667	ENSG00000179131[1,1,1]	0	+	68134204	68134204	0	1	463,	0,	chr7	68134254	68134617	retro_human_3352|AC073335.1-201|processed_pseudogene	0	+	RPL31P38	363
chr7	74388124	74388992	ENSG00000233523[1,1,1]	0	-	74388124	74388124	0	1	868,	0,	chr7	74388174	74388942	retro_human_5730|PHBP5-201|processed_pseudogene	0	-	PHB1P5	768
chr7	74513449	74517156	ENSG00000146755[3,3,3]	0	-	74516778	74516973	0	2	220,428,	0,3279,	chr7	74514269	74515376	retro_human_3348|AC211485.1-201|processed_pseudogene	0	+	RPL7AP77	1107
chr7	74514219	74515426	ENSG00000225005[1,1,1]	0	+	74514219	74514219	0	1	1207,	0,	chr7	74514269	74515376	retro_human_3348|AC211485.1-201|processed_pseudogene	0	+	RPL7AP77	1107
chr7	76407737	76408623	ENSG00000276592[1,1,1]	0	+	76407737	76407737	0	1	886,	0,	chr7	76407802	76408467	retro_human_8833|PHBP15-1|processed_pseudogene	0	+	PHB1P6	665
chr7	77758593	77759590	ENSG00000233980[1,1,1]	0	-	77758593	77758593	0	1	997,	0,	chr7	77758643	77759540	retro_human_11228|FDPSP2-201|processed_pseudogene	0	-	FDPSP2,DTX2	897
chr7	77929243	77929840	ENSG00000214243[1,1,1]	0	-	77929243	77929243	0	1	597,	0,	chr7	77929293	77929790	AC004980.2-201|processed_pseudogene	0	-	LOC124906604	497
chr7	78366444	78367338	ENSG00000213542[1,1,1]	0	-	78366444	78366444	0	1	894,	0,	chr7	78366494	78367288	retro_human_6944|AC007000.2-201|processed_pseudogene	0	-	RPL7AP43	794
chr7	79738323	79738922	ENSG00000226230[1,1,1]	0	+	79738323	79738323	0	1	599,	0,	chr7	79738373	79738872	retro_human_10551|AC007237.1-201|processed_pseudogene	0	+	LOC100124402	499
chr7	93683340	93683853	ENSG00000270453[1,1,1]	0	+	93683340	93683340	0	1	513,	0,	chr7	93683390	93683803	retro_human_5063|AC007566.2-201|processed_pseudogene	0	+	CHCHD4P1	413
chr7	94912097	94912449	ENSG00000237729[1,1,1]	0	-	94912097	94912097	0	1	352,	0,	chr7	94912147	94912399	retro_human_1128|AC002075.2-201|processed_pseudogene	0	-	RPS27P17	252
chr7	97519201	97519749	ENSG00000237551[1,1,1]	0	+	97519201	97519201	0	1	548,	0,	chr7	97519251	97519699	retro_human_10949|AC096775.1-201|processed_pseudogene	0	+	RPL21P74	448
chr7	99152825	99158527	ENSG00000284707[3,5,4]	0	-	99153067	99158366	255	2	326,380,	0,5322,	chr7	99153881	99159526	retro_human_6540	0	-	CZ1P-ASNS,ASNS	4646
chr7	100681739	100682446	ENSG00000228335[1,1,1]	0	-	100681785	100682340	0	1	707,	0,	chr7	100681789	100682396	retro_human_6547|AC073063.1-201|processed_pseudogene	0	-	LOC100131859,CPSF4	607
chr7	100725376	100739278	ENSG00000160908[1,8,3]	0	-	100725851	100738997	255	3	495,127,737,	0,12243,13165,	chr7	100732482	100738922	retro_human_753	0	-	ZNF394	6440
chr7	100725376	100737752	ENSG00000160908[3,4,3]	0	-	100725851	100737743	0	2	495,133,	0,12243,	chr7	100732482	100738922	retro_human_753	0	-	ZNF394	5270
chr7	100732097	100739278	ENSG00000160908[1,5,1]	0	-	100732439	100733501	0	2	5649,737,	0,6444,	chr7	100732482	100738922	retro_human_753	0	-	ZNF394	6440
chr7	100732097	100739278	ENSG00000160908[1,3,1]	0	-	100732439	100733501	0	2	1442,737,	0,6444,	chr7	100732482	100738922	retro_human_753	0	-	ZNF394	6440
chr7	100732097	100739278	ENSG00000160908[1,1,1]	0	-	100732439	100738997	0	3	1442,127,737,	0,5522,6444,	chr7	100732482	100738922	retro_human_753	0	-	ZNF394	6440
chr7	100732294	100739278	ENSG00000160908[1,3,7]	0	-	100732439	100733501	0	2	1245,737,	0,6247,	chr7	100732482	100738922	retro_human_753	0	-	ZNF394	6440
chr7	100732294	100739278	ENSG00000160908[1,1,7]	0	-	100732439	100738997	0	3	1245,127,737,	0,5325,6247,	chr7	100732482	100738922	retro_human_753	0	-	ZNF394	6440
chr7	100736715	100739278	ENSG00000160908[1,5,5]	0	-	100737551	100738997	0	2	1031,737,	0,1826,	chr7	100732482	100738922	retro_human_753	0	-	ZNF394	2207
chr7	100877518	100878144	ENSG00000224448[1,1,1]	0	-	100877518	100877518	0	1	626,	0,	chr7	100877568	100878094	retro_human_754|AC005020.1-201|processed_pseudogene	0	-	LOC442603	526
chr7	102042595	102067658	ENSG00000196411[1,17,1]	0	-	102059592	102067115	255	16	1076,156,194,150,216,248,114,65,103,166,1373,156,397,288,71,595,	0,2651,2986,3905,4850,10231,10579,11136,11403,14677,16007,17631,19761,21134,21693,24468,	chr7	102047481	102053075	retro_human_757	0	-	EPHB4	5594
chr7	102042595	102067658	ENSG00000196411[1,18,1]	0	-	102043544	102067115	255	17	1076,156,194,150,216,248,114,65,103,166,179,333,156,397,288,71,595,	0,2651,2986,3905,4850,10231,10579,11136,11403,14677,16007,17047,17631,19761,21134,21693,24468,	chr7	102047481	102053075	retro_human_757	0	-	EPHB4	5594
chr7	102042595	102052955	ENSG00000196411[10,13,1]	0	-	102043544	102052943	255	6	1076,156,194,150,216,129,	0,2651,2986,3905,4850,10231,	chr7	102047481	102053075	retro_human_757	0	-	EPHB4	5474
chr7	102042595	102059863	ENSG00000196411[12,15,1]	0	-	102043544	102052943	255	11	1076,156,194,150,216,248,114,65,103,166,1261,	0,2651,2986,3905,4850,10231,10579,11136,11403,14677,16007,	chr7	102047481	102053075	retro_human_757	0	-	EPHB4	5594
chr7	102042595	102057383	ENSG00000196411[11,14,1]	0	-	102043544	102052943	255	10	1076,156,194,150,216,248,114,65,103,111,	0,2651,2986,3905,4850,10231,10579,11136,11403,14677,	chr7	102047481	102053075	retro_human_757	0	-	EPHB4	5594
chr7	102042595	102059863	ENSG00000196411[12,16,1]	0	-	102043544	102052943	255	12	1076,156,194,150,216,248,114,65,103,166,125,221,	0,2651,2986,3905,4850,10231,10579,11136,11403,14677,16007,17047,	chr7	102047481	102053075	retro_human_757	0	-	EPHB4	5594
chr7	102042595	102065662	ENSG00000196411[7,8,1]	0	-	102043544	102063861	0	16	1076,156,194,150,216,248,114,65,103,166,125,333,156,397,288,1374,	0,2651,2986,3905,4850,10231,10579,11136,11403,14677,16007,17047,17631,19761,21134,21693,	chr7	102047481	102053075	retro_human_757	0	-	EPHB4	5594
chr7	102042595	102067658	ENSG00000196411[1,3,1]	0	-	102043544	102067115	0	16	1076,194,150,216,248,114,65,103,166,125,333,156,397,288,71,595,	0,2986,3905,4850,10231,10579,11136,11403,14677,16007,17047,17631,19761,21134,21693,24468,	chr7	102047481	102053075	retro_human_757	0	-	EPHB4	5594
chr7	102042595	102067250	ENSG00000196411[2,3,1]	0	-	102043544	102067115	0	16	1076,194,150,216,248,114,65,103,166,125,333,156,397,288,71,187,	0,2986,3905,4850,10231,10579,11136,11403,14677,16007,17047,17631,19761,21134,21693,24468,	chr7	102047481	102053075	retro_human_757	0	-	EPHB4	5594
chr7	102042595	102067658	ENSG00000196411[1,1,1]	0	-	102043544	102067115	0	17	1076,156,194,150,216,248,114,65,103,166,125,333,156,397,288,71,595,	0,2651,2986,3905,4850,10231,10579,11136,11403,14677,16007,17047,17631,19761,21134,21693,24468,	chr7	102047481	102053075	retro_human_757	0	-	EPHB4	5594
chr7	102130025	102137111	ENSG00000087085[5,19,1]	0	-	102130298	102134316	255	6	392,170,485,1088,73,472,	0,1225,2392,3223,6441,6614,	chr7	102132405	102134199	retro_human_759	0	-	ACHE	1794
chr7	102130025	102137111	ENSG00000087085[5,18,1]	0	-	102130298	102134316	255	5	392,170,485,1091,472,	0,1225,2392,3223,6614,	chr7	102132405	102134199	retro_human_759	0	-	ACHE	1794
chr7	102130025	102136266	ENSG00000087085[3,16,1]	0	-	102130298	102134316	255	5	392,170,485,1091,121,	0,1225,2392,3223,6120,	chr7	102132405	102134199	retro_human_759	0	-	ACHE	1794
chr7	102130025	102137111	ENSG00000087085[5,17,1]	0	-	102130298	102134316	255	5	392,170,485,1088,472,	0,1225,2392,3223,6614,	chr7	102132405	102134199	retro_human_759	0	-	ACHE	1794
chr7	102130025	102136266	ENSG00000087085[3,15,1]	0	-	102130298	102134316	255	5	392,170,485,1091,378,	0,1225,2392,3223,5863,	chr7	102132405	102134199	retro_human_759	0	-	ACHE	1794
chr7	102130025	102136057	ENSG00000087085[1,15,1]	0	-	102130298	102134316	255	5	392,170,485,1091,169,	0,1225,2392,3223,5863,	chr7	102132405	102134199	retro_human_759	0	-	ACHE	1794
chr7	102130025	102136266	ENSG00000087085[3,3,1]	0	-	102130298	102134316	0	5	392,170,485,1088,121,	0,1225,2392,3223,6120,	chr7	102132405	102134199	retro_human_759	0	-	ACHE	1794
chr7	102130025	102136057	ENSG00000087085[1,4,1]	0	-	102130298	102134316	0	5	392,170,221,1088,169,	0,1225,2392,3223,5863,	chr7	102132405	102134199	retro_human_759	0	-	ACHE	1794
chr7	102130025	102134522	ENSG00000087085[2,2,1]	0	-	102130298	102134316	0	4	392,170,485,1274,	0,1225,2392,3223,	chr7	102132405	102134199	retro_human_759	0	-	ACHE	1794
chr7	102130025	102136057	ENSG00000087085[1,6,1]	0	-	102131042	102134316	0	5	1145,170,485,1091,169,	0,1225,2392,3223,5863,	chr7	102132405	102134199	retro_human_759	0	-	ACHE	1794
chr7	102130025	102136057	ENSG00000087085[1,5,1]	0	-	102131042	102134316	0	5	1145,170,485,1088,169,	0,1225,2392,3223,5863,	chr7	102132405	102134199	retro_human_759	0	-	ACHE	1794
chr7	102130025	102136266	ENSG00000087085[3,1,1]	0	-	102130298	102134316	0	5	392,170,485,1088,378,	0,1225,2392,3223,5863,	chr7	102132405	102134199	retro_human_759	0	-	ACHE	1794
chr7	102130025	102136057	ENSG00000087085[1,1,1]	0	-	102130298	102134316	0	5	392,170,485,1088,169,	0,1225,2392,3223,5863,	chr7	102132405	102134199	retro_human_759	0	-	ACHE	1794
chr7	102130242	102134367	ENSG00000087085[4,8,2]	0	-	102131411	102134316	0	3	175,170,1119,	0,1008,3006,	chr7	102132405	102134199	retro_human_759	0	-	ACHE	1794
chr7	102130747	102136057	ENSG00000087085[1,6,6]	0	-	102131042	102134316	0	5	423,170,485,1091,169,	0,503,1670,2501,5141,	chr7	102132405	102134199	retro_human_759	0	-	ACHE	1794
chr7	102130747	102136057	ENSG00000087085[1,5,6]	0	-	102131042	102134316	0	5	423,170,485,1088,169,	0,503,1670,2501,5141,	chr7	102132405	102134199	retro_human_759	0	-	ACHE	1794
chr7	104069761	104070655	ENSG00000213385[1,1,1]	0	+	104069811	104070270	0	1	894,	0,	chr7	104069811	104070605	retro_human_4917|AC105052.2-201|processed_pseudogene	0	+	RPL7AP39	794
chr7	104456419	104457110	ENSG00000224415[1,1,1]	0	-	104456472	104456835	0	1	691,	0,	chr7	104456469	104457060	retro_human_4525|AC007683.1-201|processed_pseudogene	0	-	RPL19P12	591
chr7	107134021	107134732	ENSG00000226624[1,1,1]	0	+	107134021	107134021	0	1	711,	0,	chr7	107134071	107134681	retro_human_4236|AC005099.1-201|processed_pseudogene	0	+	RPL13AP16	610
chr7	112729574	112730239	ENSG00000227948[1,1,1]	0	+	112729574	112729574	0	1	665,	0,	chr7	112729624	112730189	retro_human_4764|AC003989.1-201|processed_pseudogene	0	+	LOC100420226	565
chr7	118177667	118203940	ENSG00000198898[1,8,5]	0	+	118177799	118203446	0	2	171,623,	0,25650,	chr7	118188641	118191564	retro_human_8131|AC002543.1-201|processed_pseudogene	0	-	LOC100418716	2923
chr7	123550405	123550878	ENSG00000213302[1,1,1]	0	+	123550405	123550405	0	1	473,	0,	chr7	123550455	123550828	retro_human_4661|AC015983.1-201|processed_pseudogene	0	+	RPL31P37	373
chr7	124166266	124166973	ENSG00000227573[1,1,1]	0	+	124166266	124166266	0	1	707,	0,	chr7	124166316	124166923	AC004986.1-201|processed_pseudogene	0	+	LOC100422456	607
chr7	128900014	128902841	ENSG00000004059[1,2,4]	0	+	128900177	128902791	0	5	230,81,110,72,200,	0,747,1149,1730,2627,	chr7	128901163	128901489	retro_human_862	0	+	ARF5,LOC105375490	326
chr7	128900673	128901560	ENSG00000004059[2,6,3]	0	+	128900673	128900673	0	2	169,397,	0,490,	chr7	128901163	128901489	retro_human_862	0	+	ARF5,LOC105375490	326
chr7	129169466	129170203	ENSG00000240579[1,1,1]	0	-	129169466	129169466	0	1	737,	0,	chr7	129169516	129170153	retro_human_9364|AC006529.1-201|processed_pseudogene	0	-	LOC100196944	637
chr7	129618387	129619517	ENSG00000242261[1,1,1]	0	+	129618387	129618387	0	1	1130,	0,	chr7	129618437	129619467	retro_human_863|AC018635.1-201|processed_pseudogene	0	+	LOC100418961,RBM28	1030
chr7	129882409	129882956	ENSG00000213280[1,1,1]	0	-	129882409	129882409	0	1	547,	0,	chr7	129882459	129882906	retro_human_9361|AC090114.1-201|processed_pseudogene	0	-	RPS10P15	447
chr7	129963656	129964921	ENSG00000243302[1,1,1]	0	+	129963656	129963656	0	1	1265,	0,	chr7	129963706	129964871	AC018638.4-201|processed_pseudogene	0	+	LINC01000	1165
chr7	129965327	129965830	ENSG00000230715[1,1,1]	0	+	129965327	129965327	0	1	503,	0,	chr7	129965377	129965780	AC018638.2-201|processed_pseudogene	0	+	LINC01000	403
chr7	129966455	129967309	ENSG00000243679[1,1,1]	0	+	129966455	129966455	0	1	854,	0,	chr7	129966226	129966556	AC018638.1-201|processed_pseudogene	0	-	LINC01000	101
chr7	129966455	129967309	ENSG00000243679[1,1,1]	0	+	129966455	129966455	0	1	854,	0,	chr7	129966505	129967259	AC018638.5-201|processed_pseudogene	0	+	LINC01000	754
chr7	130368042	130370159	ENSG00000230359[1,1,2]	0	+	130368042	130368042	0	1	2117,	0,	chr7	130368092	130370109	retro_human_6687|TPI1P2-202|transcribed_processed_pseudogene	0	+	TPI1P2,TNPO3	2017
chr7	130368042	130370159	ENSG00000230359[1,1,2]	0	+	130368042	130368042	0	1	2117,	0,	chr7	130368888	130369640	TPI1P2-201|transcribed_processed_pseudogene	0	+	TPI1P2,TNPO3	752
chr7	130723029	130723387	ENSG00000238072[1,1,1]	0	-	130723029	130723029	0	1	358,	0,	chr7	130723079	130723337	retro_human_9357|AC009244.1-201|processed_pseudogene	0	-	CDC26P1	258
chr7	132560202	132560708	ENSG00000233287[1,1,1]	0	+	132560254	132560587	0	1	506,	0,	chr7	132560252	132560658	retro_human_6690|AC009362.1-201|processed_pseudogene	0	+	RPL27P11	406
chr7	132837678	132838145	ENSG00000224545[1,1,1]	0	+	132837678	132837678	0	1	467,	0,	chr7	132837728	132838095	retro_human_6689|AC008264.1-201|processed_pseudogene	0	+	RPL31P36	367
chr7	134356090	134357504	ENSG00000283041[1,1,1]	0	-	134356143	134357454	0	1	1414,	0,	chr7	134356140	134357454	retro_human_3890|AC008038.1-201|processed_pseudogene	0	-	MIR3654,LOC729998	1314
chr7	134490761	134491961	ENSG00000237821[1,1,1]	0	-	134490761	134490761	0	1	1200,	0,	chr7	134490811	134491911	retro_human_3891|AC083873.1-201|processed_pseudogene	0	-	ST13P7	1100
chr7	136958190	136958735	ENSG00000271414[1,1,1]	0	+	136958190	136958190	0	1	545,	0,	chr7	136958240	136958685	retro_human_7910|AC093107.2-201|processed_pseudogene	0	+	LOC124901801	445
chr7	139030986	139031948	ENSG00000230383[1,1,1]	0	+	139030986	139030986	0	1	962,	0,	chr7	139031036	139031898	retro_human_7915|AC009245.1-201|processed_pseudogene	0	+	RPL6P19	862
chr7	140001382	140002025	ENSG00000243099[1,1,1]	0	+	140001382	140001382	0	1	643,	0,	chr7	140001432	140001975	retro_human_1680|AC020983.1-201|processed_pseudogene	0	+	RPL17P27	543
chr7	140362313	140362964	ENSG00000229677[1,1,1]	0	-	140362355	140362544	0	1	651,	0,	chr7	140362363	140362914	retro_human_9801|AC018644.1-201|processed_pseudogene	0	-	RPL17P28	551
chr7	140485755	140487606	ENSG00000239254[1,1,1]	0	-	140485755	140485755	0	1	1851,	0,	chr7	140485805	140487556	retro_human_9797|AC009220.2-201|processed_pseudogene	0	-	LOC100499191,IFT56	1751
chr7	141749434	141750006	ENSG00000103200[1,1,1]	0	-	141749434	141749434	0	1	572,	0,	chr7	141749484	141749956	retro_human_9805|AC069335.1-201|processed_pseudogene	0	-	LOC642355	472
chr7	144888065	144888581	ENSG00000229977[1,1,1]	0	-	144888065	144888065	0	1	516,	0,	chr7	144888115	144888531	retro_human_4281|AC073264.1-201|processed_pseudogene	0	-	RPL26P22	416
chr7	146190638	146191771	ENSG00000214035[1,1,1]	0	+	146190638	146190638	0	1	1133,	0,	chr7	146190688	146191721	retro_human_8669|AC073310.1-201|processed_pseudogene	0	+	LOC402715	1033
chr7	149819082	149819591	ENSG00000213209[1,1,1]	0	+	149819082	149819082	0	1	509,	0,	chr7	149819132	149819541	retro_human_9725|AC005229.1-201|processed_pseudogene	0	+	LOC643438	409
chr7	150475811	150479135	ENSG00000244560[3,7,4]	0	+	150476038	150476815	255	2	1145,312,	0,3012,	chr7	150476464	150477054	retro_human_9098	0	+	LOC155060	590
chr7	150475811	150479135	ENSG00000244560[3,6,4]	0	+	150476038	150476675	0	3	374,644,312,	0,501,3012,	chr7	150476464	150477054	retro_human_9098	0	+	LOC155060	590
chr7	151662357	151663532	ENSG00000271582[1,1,1]	0	-	151662357	151662357	0	1	1175,	0,	chr7	151662407	151663482	retro_human_4699|AC073111.2-201|processed_pseudogene	0	-	EIF2AP1	1075
chr7	154317339	154317715	ENSG00000224104[1,1,1]	0	-	154317339	154317339	0	1	376,	0,	chr7	154317389	154317665	retro_human_10602|AC079809.1-201|processed_pseudogene	0	-	LOC124901802	276
chr7	157821018	157821551	ENSG00000234450[1,1,1]	0	+	157821018	157821018	0	1	533,	0,	chr7	157821068	157821501	retro_human_1117|AC005534.1-201|processed_pseudogene	0	+	RPL26P23	433
chr7	158450811	158451119	ENSG00000224629[1,1,1]	0	-	158450811	158450811	0	1	308,	0,	chr7	158450861	158451069	retro_human_10594|AC004975.1-201|processed_pseudogene	0	-	RPL36AP30	208
chr8	9912	29086	ENSG00000223508[2,4,1]	0	-	9912	9912	255	2	573,153,	0,19021,	chr8	26808	29036	RPL23AP53-202|transcribed_processed_pseudogene	0	-	ZNF596,RPL23AP53	2228
chr8	9912	29086	ENSG00000223508[2,4,1]	0	-	9912	9912	255	2	573,153,	0,19021,	chr8	4173	29142	CHM13_T0205169|transcribed_processed_pseudogene	0	-	RPL23AP53,ZNF596	19174
chr8	9912	29086	ENSG00000223508[2,4,1]	0	-	9912	9912	255	2	573,153,	0,19021,	chr8	4173	29142	CHM13_T0205170|transcribed_processed_pseudogene	0	-	RPL23AP53,ZNF596	19174
chr8	9912	29086	ENSG00000223508[2,4,1]	0	-	9912	9912	255	2	573,153,	0,19021,	chr8	4175	29142	CHM13_T0205171|transcribed_processed_pseudogene	0	-	RPL23AP53,ZNF596	19174
chr8	9912	29086	ENSG00000223508[2,4,1]	0	-	9912	9912	255	2	573,153,	0,19021,	chr8	9962	29016	RPL23AP53-203|transcribed_processed_pseudogene	0	-	RPL23AP53,ZNF596	19054
chr8	9912	29086	ENSG00000223508[2,2,1]	0	-	9912	9912	0	3	573,128,153,	0,6153,19021,	chr8	26808	29036	RPL23AP53-202|transcribed_processed_pseudogene	0	-	ZNF596,RPL23AP53	2228
chr8	9912	29086	ENSG00000223508[2,2,1]	0	-	9912	9912	0	3	573,128,153,	0,6153,19021,	chr8	4173	29142	CHM13_T0205169|transcribed_processed_pseudogene	0	-	RPL23AP53,ZNF596	19174
chr8	9912	29086	ENSG00000223508[2,2,1]	0	-	9912	9912	0	3	573,128,153,	0,6153,19021,	chr8	4173	29142	CHM13_T0205170|transcribed_processed_pseudogene	0	-	RPL23AP53,ZNF596	19174
chr8	9912	29086	ENSG00000223508[2,2,1]	0	-	9912	9912	0	3	573,128,153,	0,6153,19021,	chr8	4175	29142	CHM13_T0205171|transcribed_processed_pseudogene	0	-	RPL23AP53,ZNF596	19174
chr8	9912	29086	ENSG00000223508[2,2,1]	0	-	9912	9912	0	3	573,128,153,	0,6153,19021,	chr8	9962	29016	RPL23AP53-203|transcribed_processed_pseudogene	0	-	RPL23AP53,ZNF596	19054
chr8	26758	29086	ENSG00000223508[2,3,2]	0	-	26758	26758	0	3	213,104,153,	0,848,2175,	chr8	26808	29036	RPL23AP53-202|transcribed_processed_pseudogene	0	-	ZNF596,RPL23AP53	2228
chr8	26758	29086	ENSG00000223508[2,3,2]	0	-	26758	26758	0	3	213,104,153,	0,848,2175,	chr8	9962	29016	RPL23AP53-203|transcribed_processed_pseudogene	0	-	RPL23AP53,ZNF596	2258
chr8	5602346	5603442	ENSG00000253571[1,1,1]	0	+	5602346	5602346	0	1	1096,	0,	chr8	5602396	5603392	retro_human_1959|AC087369.1-201|processed_pseudogene	0	+	LOC392180	996
chr8	6228285	6228829	ENSG00000253550[1,1,1]	0	-	6228285	6228285	0	1	544,	0,	chr8	6228335	6228779	retro_human_10470|AC016065.2-201|processed_pseudogene	0	-	LOC101928016	444
chr4	9549398	9550280	ENSG00000231930[1,1,1]	0	-	9550280	9550280	0	1	882,	0,	chr4	9549861	9550233	retro_human_2847|AC097493.1-201|processed_pseudogene	0	-	RPS24P11	372
chr8	6973841	6974162	ENSG00000284728[1,1,1]	0	-	6973841	6973841	0	1	321,	0,	chr8	6973890	6974225	retro_human_4978	0	-	LOC101928095	272
chr8	6984257	6984703	ENSG00000255025[1,1,1]	0	-	6984257	6984257	0	1	446,	0,	chr8	6984307	6984653	AF228730.3-201|processed_pseudogene	0	-	VPS51P8	346
chr8	11689785	11690149	ENSG00000254889[1,1,1]	0	-	11689785	11689785	0	1	364,	0,	chr8	11689832	11690181	AC105233.1-1|processed_pseudogene	0	-	VPS51P16	317
chr8	10780280	10782969	ENSG00000233609[1,2,2]	0	-	10782969	10782969	0	3	621,96,105,	0,1295,2584,	chr8	10765095	10782209	RPL10P19-203|transcribed_processed_pseudogene	0	-	LOC124901866,RPL10P19	1929
chr8	10780280	10782969	ENSG00000233609[1,2,2]	0	-	10782969	10782969	0	3	621,96,105,	0,1295,2584,	chr8	10780330	10782919	RPL10P19-202|transcribed_processed_pseudogene	0	-	LOC124900259,RPL10P19,LOC124901866	2589
chr8	12892477	12925834	ENSG00000283674[5,7,6]	0	-	12892477	12892477	0	2	229,572,	0,32785,	chr8	12919883	12926132	retro_human_9656	0	-	LOC729732	5951
chr8	14288564	14289400	ENSG00000255437[1,1,1]	0	-	14288564	14288564	0	1	836,	0,	chr8	14288614	14289350	AC023538.1-201|processed_pseudogene	0	-	LOC100421160	736
chr8	16072398	16073632	ENSG00000250483[1,1,1]	0	-	16072398	16072398	0	1	1234,	0,	chr8	16072448	16073582	retro_human_9659|PPM1AP1-201|processed_pseudogene	0	-	TUSC3,PPM1AP1	1134
chr8	18352270	18363422	ENSG00000245281[2,2,6]	0	+	18352270	18352270	0	3	668,54,143,	0,2065,11009,	chr8	18356022	18357141	retro_human_4168|AC124242.2-201|processed_pseudogene	0	-	ABRAXAS1P2	1119
chr8	18355972	18357191	ENSG00000253384[1,1,1]	0	-	18355972	18355972	0	1	1219,	0,	chr8	18356022	18357141	retro_human_4168|AC124242.2-201|processed_pseudogene	0	-	ABRAXAS1P2	1119
chr8	18650741	18651485	ENSG00000244593[1,1,1]	0	-	18650741	18650741	0	1	744,	0,	chr8	18650791	18651435	retro_human_4167|AC025062.1-201|processed_pseudogene	0	-	RPL10AP11	644
chr8	25226392	25232260	ENSG00000277586[1,3,1]	0	-	25228300	25232004	0	5	2048,320,125,171,850,	0,2571,3276,4568,5018,	chr8	25229644	25231800	retro_human_1208	0	-	NEFL	2156
chr8	25226392	25232260	ENSG00000277586[1,1,1]	0	-	25228300	25232004	0	4	2048,320,125,1300,	0,2571,3276,4568,	chr8	25229644	25231800	retro_human_1208	0	-	NEFL	2156
chr8	25226392	25232649	ENSG00000277586[2,1,1]	0	-	25228300	25232004	0	4	2048,320,125,1689,	0,2571,3276,4568,	chr8	25229644	25231800	retro_human_1208	0	-	NEFL	2156
chr8	25227817	25232260	ENSG00000277586[1,7,3]	0	-	25228907	25232004	255	3	1466,125,1300,	0,1851,3143,	chr8	25229644	25231800	retro_human_1208	0	-	NEFL	2156
chr8	25227817	25232260	ENSG00000277586[1,5,3]	0	-	25230855	25232004	255	3	623,320,2592,	0,1146,1851,	chr8	25229644	25231800	retro_human_1208	0	-	NEFL	2156
chr8	25227817	25232260	ENSG00000277586[1,3,3]	0	-	25228300	25232004	0	5	623,320,125,171,850,	0,1146,1851,3143,3593,	chr8	25229644	25231800	retro_human_1208	0	-	NEFL	2156
chr8	25227817	25232260	ENSG00000277586[1,1,3]	0	-	25228300	25232004	0	4	623,320,125,1300,	0,1146,1851,3143,	chr8	25229644	25231800	retro_human_1208	0	-	NEFL	2156
chr8	25230663	25232260	ENSG00000277586[1,2,2]	0	-	25230855	25232004	0	1	1597,	0,	chr8	25229644	25231800	retro_human_1208	0	-	NEFL	1137
chr8	25551811	25552443	ENSG00000284858[1,1,1]	0	-	25551811	25551811	0	1	632,	0,	chr8	25551861	25552393	retro_human_1207|AC091185.2-201|processed_pseudogene	0	-	LOC124901864	532
chr8	29088242	29088659	ENSG00000242958[1,1,1]	0	+	29088242	29088242	0	1	417,	0,	chr8	29088292	29088609	retro_human_6796|AC040975.1-201|processed_pseudogene	0	+	RPL36AP32	317
chr8	31035203	31035607	ENSG00000271081[1,1,1]	0	-	31035203	31035203	0	1	404,	0,	chr8	31035253	31035557	retro_human_7018|AC009314.1-201|processed_pseudogene	0	-	HIKESHIP3	304
chr8	33707408	33707941	ENSG00000254061[1,1,1]	0	-	33707458	33707677	0	1	533,	0,	chr8	33707458	33707891	AC091144.2-201|processed_pseudogene	0	-	LOC100507379	433
chr8	35149441	35150016	ENSG00000243181[1,1,1]	0	+	35149441	35149441	0	1	575,	0,	chr8	35149491	35149966	retro_human_198|AC087343.1-201|processed_pseudogene	0	+	RPL21P80	475
chr8	38023684	38024451	ENSG00000233170[1,1,1]	0	-	38023684	38023684	0	1	767,	0,	chr8	38023734	38024401	retro_human_7606|AC138356.2-201|processed_pseudogene	0	-	LOC728024	667
chr8	47565014	47565370	ENSG00000254348[1,1,1]	0	+	47565014	47565014	0	1	356,	0,	chr8	47565064	47565320	AC120036.3-201|processed_pseudogene	0	+	LOC100287846,LOC124900251	256
chr8	47573741	47574133	ENSG00000253817[1,1,1]	0	-	47573741	47573741	0	1	392,	0,	chr8	47573791	47574083	AC120036.2-201|processed_pseudogene	0	-	IGLV8OR8-1	292
chr8	47886719	47887927	ENSG00000253330[1,1,1]	0	-	47886719	47886719	0	1	1208,	0,	chr8	47886769	47887877	retro_human_8000|AC024451.2-201|processed_pseudogene	0	-	LOC100420054	1108
chr8	49295687	49299360	ENSG00000019549[1,2,2]	0	-	49297679	49299135	0	2	2624,304,	0,3369,	chr8	49297695	49298069	retro_human_8002	0	-	SNAI2	374
chr8	51233055	51233688	ENSG00000253340[1,1,1]	0	+	51233055	51233055	0	1	633,	0,	chr8	51233105	51233638	retro_human_575|AC087272.1-201|processed_pseudogene	0	+	LOC100128686	533
chr8	53602158	53628173	ENSG00000082556[1,1,1]	0	-	53605784	53627522	0	4	4156,353,305,241,	0,9084,25107,25774,	chr8	53605902	53611588	retro_human_2922	0	-	OPRK1,LOC105375836	5686
chr8	53605637	53627947	ENSG00000082556[2,2,2]	0	-	53605784	53627522	0	3	677,353,682,	0,5605,21628,	chr8	53605902	53611588	retro_human_2922	0	-	OPRK1,LOC105375836	5686
chr8	53770619	53771300	ENSG00000274295[1,1,1]	0	+	53770619	53770619	0	1	681,	0,	chr8	53770669	53771250	retro_human_570|AC131902.2-201|processed_pseudogene	0	+	LOC100421824	581
chr8	54568824	54569379	ENSG00000270980[1,1,1]	0	-	54568824	54568824	0	1	555,	0,	chr8	54568874	54569329	retro_human_2927|AC060764.1-201|processed_pseudogene	0	-	CHCHD2P10	455
chr8	56427118	56428388	ENSG00000236814[1,1,1]	0	-	56427118	56427118	0	1	1270,	0,	chr8	56427168	56428338	retro_human_2929|AC046176.1-201|processed_pseudogene	0	-	PSMC6P1	1170
chr8	58837998	58856275	ENSG00000215114[2,5,3]	0	+	58851750	58855553	0	5	74,151,84,110,299,	0,13639,16280,17515,17978,	chr8	58845705	58847804	retro_human_8367|AC009927.1-201|processed_pseudogene	0	-	PTPN11P2	2099
chr8	59007456	59010864	ENSG00000035681[3,4,3]	0	-	59007598	59010690	0	3	310,84,255,	0,1319,3153,	chr8	59009577	59009922	retro_human_8693|AC068522.1-201|processed_pseudogene	0	-	RPS26P7	345
chr8	59009527	59009972	ENSG00000242970[1,1,1]	0	-	59009577	59009922	0	1	445,	0,	chr8	59009577	59009922	retro_human_8693|AC068522.1-201|processed_pseudogene	0	-	RPS26P7	345
chr8	61361419	61363687	ENSG00000255397[1,1,1]	0	-	61361419	61361419	0	1	2268,	0,	chr8	61361469	61363637	retro_human_8370|AC022182.3-201|processed_pseudogene	0	-	NASPP1	2168
chr8	62567307	62568866	ENSG00000237810[1,1,1]	0	-	62567307	62567307	0	1	1559,	0,	chr8	62567357	62568816	retro_human_8372|AC104852.1-201|processed_pseudogene	0	-	LOC392226	1459
chr8	63287468	63288668	ENSG00000253431[1,1,1]	0	-	63287468	63287468	0	1	1200,	0,	chr8	63287518	63288618	retro_human_3291|SRPK2P-201|processed_pseudogene	0	-	LOC112268019,SRPK2P	1100
chr8	69558117	69558957	ENSG00000254332[1,1,1]	0	+	69558117	69558117	0	1	840,	0,	chr8	69558159	69558907	retro_human_3055|AF201337.1-201|processed_pseudogene	0	+	TPM4P3	748
chr8	74411336	74411779	ENSG00000244295[1,1,1]	0	+	74411547	74411733	0	1	443,	0,	chr8	74411386	74411729	retro_human_9610|RPS20P21-201|processed_pseudogene	0	+	RPS20P21,TMEM70	343
chr8	74411562	74412088	ENSG00000244295[2,1,2]	0	+	74411874	74412036	0	1	526,	0,	chr8	74411386	74411729	retro_human_9610|RPS20P21-201|processed_pseudogene	0	+	RPS20P21,TMEM70	167
chr8	74413705	74414196	ENSG00000253833[1,1,1]	0	+	74413705	74413705	0	1	491,	0,	chr8	74413755	74414146	retro_human_4138|AC022868.1-201|processed_pseudogene	0	+	DSTNP3	391
chr8	75032646	75033747	ENSG00000253341[1,1,1]	0	-	75032646	75032646	0	1	1101,	0,	chr8	75032696	75033697	retro_human_626|AC115837.1-201|processed_pseudogene	0	-	PCBP2P2	1001
chr8	80999605	81000162	ENSG00000253760[1,1,1]	0	-	80999605	80999605	0	1	557,	0,	chr8	80999655	81000112	retro_human_6006|AC009812.2-201|processed_pseudogene	0	-	OCIAD2P1	457
chr8	86095150	86101848	ENSG00000205176[1,1,1]	0	-	86095150	86095150	0	1	6698,	0,	chr8	86100282	86102256	REXO1L1P-202|transcribed_processed_pseudogene	0	-	REXO1L3P	1566
chr8	86095150	86101848	ENSG00000205176[1,1,1]	0	-	86095150	86095150	0	1	6698,	0,	chr8	86095200	86101798	REXO1L1P-201|transcribed_processed_pseudogene	0	-	LOC128966661,REXO1L3P	6598
chr8	92282171	92283735	ENSG00000253525[1,1,1]	0	+	92282474	92283458	0	1	1564,	0,	chr8	92282221	92283685	retro_human_3733|AC104966.1-201|processed_pseudogene	0	+	CPP	1464
chr8	93269141	93269589	ENSG00000233778[1,1,1]	0	-	93269141	93269141	0	1	448,	0,	chr8	93269191	93269539	retro_human_6051|AC104339.1-201|processed_pseudogene	0	-	RPS26P10	348
chr8	95813156	95813639	ENSG00000241003[1,1,1]	0	+	95813156	95813156	0	1	483,	0,	chr8	95813206	95813589	retro_human_10436|AC108860.1-201|processed_pseudogene	0	+	RPS15AP26	383
chr8	99758626	99759045	ENSG00000254112[1,1,1]	0	+	99758626	99758626	0	1	419,	0,	chr8	99758676	99758995	retro_human_4951|AP003467.2-201|processed_pseudogene	0	+	LOC101928296	319
chr8	100029265	100030434	ENSG00000253415[1,1,1]	0	-	100029649	100029952	0	1	1169,	0,	chr8	100029315	100030384	AC016877.2-201|processed_pseudogene	0	-	LOC643494	1069
chr8	101289956	101290309	ENSG00000253299[1,1,1]	0	-	101289956	101289956	0	1	353,	0,	chr8	101290006	101290259	retro_human_6427|AC025647.1-201|processed_pseudogene	0	-	UFM1P3	253
chr8	103776977	103779830	ENSG00000155090[5,3,1]	0	-	103778378	103779768	255	2	1658,438,	0,2415,	chr8	103778448	103779666	retro_human_1027	0	-	KLF10	1218
chr8	103776977	103779562	ENSG00000155090[4,3,1]	0	-	103778378	103778522	255	2	1658,170,	0,2415,	chr8	103778448	103779666	retro_human_1027	0	-	KLF10	1114
chr8	103776977	103782670	ENSG00000155090[2,2,1]	0	-	103778378	103781717	0	4	1658,913,234,956,	0,2415,3430,4737,	chr8	103778448	103779666	retro_human_1027	0	-	KLF10	1218
chr8	103776977	103784020	ENSG00000155090[1,1,1]	0	-	103778378	103783846	0	4	1658,913,234,210,	0,2415,3430,6833,	chr8	103778448	103779666	retro_human_1027	0	-	KLF10	1218
chr8	103776977	103784197	ENSG00000155090[3,1,1]	0	-	103778378	103783846	0	4	1658,913,234,387,	0,2415,3430,6833,	chr8	103778448	103779666	retro_human_1027	0	-	KLF10	1218
chr8	105616678	105623692	ENSG00000147650[4,3,1]	0	-	105618173	105618968	0	2	2359,1116,	0,5898,	chr8	105622574	105625238	retro_human_1032	0	-	LRP12	1118
chr8	105618865	105625155	ENSG00000147650[5,4,2]	0	-	105624592	105624937	0	3	172,133,684,	0,3711,5606,	chr8	105622574	105625238	retro_human_1032	0	-	LRP12	2581
chr8	109780801	109781844	ENSG00000253580[1,1,1]	0	+	109780801	109780801	0	1	1043,	0,	chr8	109780851	109781794	retro_human_4554|TRMT10BP1-201|processed_pseudogene	0	+	LOC124902049	943
chr8	120981562	120984794	ENSG00000136982[1,2,2]	0	-	120981883	120984644	0	2	508,332,	0,2900,	chr8	120982339	120982674	retro_human_4550	0	+	LOC105375728	335
chr8	122742297	122771720	ENSG00000170961[1,2,1]	0	-	122744343	122747420	255	3	2973,102,633,	0,5039,28790,	chr8	122744572	122759548	retro_human_1418	0	-	HAS2	14976
chr8	122742297	122771313	ENSG00000170961[2,1,1]	0	-	122744343	122759572	0	4	2973,102,627,226,	0,5039,16648,28790,	chr8	122744572	122759548	retro_human_1418	0	-	HAS2	14976
chr8	122742297	122771720	ENSG00000170961[1,1,1]	0	-	122744343	122759572	0	4	2973,102,627,633,	0,5039,16648,28790,	chr8	122744572	122759548	retro_human_1418	0	-	HAS2	14976
chr8	122743443	122771720	ENSG00000170961[1,1,2]	0	-	122744343	122759572	0	4	1827,102,627,633,	0,3893,15502,27644,	chr8	122744572	122759548	retro_human_1418	0	-	HAS2	14976
chr8	122743443	122771313	ENSG00000170961[2,1,2]	0	-	122744343	122759572	0	4	1827,102,627,226,	0,3893,15502,27644,	chr8	122744572	122759548	retro_human_1418	0	-	HAS2	14976
chr8	124775501	124784969	ENSG00000175946[1,3,1]	0	-	124776859	124784044	255	4	1645,106,1835,266,	0,2525,7193,9202,	chr8	124776890	124784044	retro_human_7270	0	-	KLHL38	7154
chr8	124775501	124784969	ENSG00000175946[1,1,1]	0	-	124776859	124784044	255	4	1645,106,1351,266,	0,2525,7193,9202,	chr8	124776890	124784044	retro_human_7270	0	-	KLHL38	7154
chr8	124776594	124784118	ENSG00000175946[2,2,2]	0	-	124776859	124784044	0	3	552,106,1424,	0,1432,6100,	chr8	124776890	124784044	retro_human_7270	0	-	KLHL38	7154
chr8	128213599	128214944	ENSG00000224722[1,1,1]	0	-	128213599	128213599	0	1	1345,	0,	chr8	128213649	128214894	AC020688.1-201|processed_pseudogene	0	-	SRRM1P1,PRNCR1	1245
chr8	128865666	128868462	ENSG00000136997[6,12,8]	0	+	128865716	128867865	255	2	807,611,	0,2185,	chr8	128868155	128868454	retro_human_5749	0	+	MYC	299
chr8	128865666	128868462	ENSG00000136997[6,11,8]	0	+	128865716	128868409	255	2	807,613,	0,2183,	chr8	128868155	128868454	retro_human_5749	0	+	MYC	299
chr8	146177905	146181241	ENSG00000255559[1,1,1]	0	+	146177905	146177905	0	1	3336,	0,	chr8	146180705	146181051	retro_human_8251|AF235103.2-201|processed_pseudogene	0	-	ZNF252P-AS1	346
chr8	146225832	146226962	ENSG00000255000[1,1,1]	0	+	146225832	146225832	0	1	1130,	0,	chr8	146225882	146226912	AC139103.1-201|processed_pseudogene	0	+	LOC100419763	1030
chr9	8225	18858	ENSG00000181404[4,6,1]	0	-	10659	11222	255	10	516,69,153,159,198,136,137,147,99,207,	0,656,1484,2293,2544,2919,3294,3603,3956,10426,	chr9	17356	18688	WASH5P-210|transcribed_processed_pseudogene	0	-	WASHC1	1332
chr9	8225	18858	ENSG00000181404[4,6,1]	0	-	10659	11222	255	10	516,69,153,159,198,136,137,147,99,207,	0,656,1484,2293,2544,2919,3294,3603,3956,10426,	chr9	13256	23285	WASH5P-206|transcribed_processed_pseudogene	0	-	WASHC1	5602
chr9	8225	18858	ENSG00000181404[4,6,1]	0	-	10659	11222	255	10	516,69,153,159,198,136,137,147,99,207,	0,656,1484,2293,2544,2919,3294,3603,3956,10426,	chr9	14418	18830	WASH5P-208|transcribed_processed_pseudogene	0	-	WASHC1	4412
chr9	8225	18858	ENSG00000181404[4,6,1]	0	-	10659	11222	255	10	516,69,153,159,198,136,137,147,99,207,	0,656,1484,2293,2544,2919,3294,3603,3956,10426,	chr9	16126	23260	WASH5P-207|transcribed_processed_pseudogene	0	-	WASHC1	2732
chr9	21407	25077	ENSG00000227518[1,1,1]	0	+	21407	21407	0	2	3176,184,	0,3486,	chr9	18127	23254	WASH5P-203|transcribed_processed_pseudogene	0	-	WASHC1	1847
chr9	21407	25077	ENSG00000227518[1,1,1]	0	+	21407	21407	0	2	3176,184,	0,3486,	chr9	18127	23272	WASH5P-201|transcribed_processed_pseudogene	0	-	WASHC1	1865
chr9	21407	25077	ENSG00000227518[1,1,1]	0	+	21407	21407	0	2	3176,184,	0,3486,	chr9	13256	23285	WASH5P-206|transcribed_processed_pseudogene	0	-	WASHC1	1878
chr9	21407	25077	ENSG00000227518[1,1,1]	0	+	21407	21407	0	2	3176,184,	0,3486,	chr9	16126	23260	WASH5P-207|transcribed_processed_pseudogene	0	-	WASHC1	1853
chr9	6680143	6680575	ENSG00000232946[1,1,1]	0	+	6680143	6680143	0	1	432,	0,	chr9	6680193	6680525	retro_human_7842|AL354707.2-201|processed_pseudogene	0	+	RPL35AP20	332
chr9	15064816	15065912	ENSG00000234297[1,1,1]	0	+	15064816	15064816	0	1	1096,	0,	chr9	15064866	15065862	retro_human_2008|AL592293.2-201|processed_pseudogene	0	+	PSIP1P1	996
chr9	19213085	19213897	ENSG00000232176[1,1,1]	0	-	19213085	19213085	0	1	812,	0,	chr9	19213135	19213847	retro_human_5144|AL161909.1-201|processed_pseudogene	0	-	RPS6P10,RPS6	712
chr9	19981046	19981902	ENSG00000277711[1,1,1]	0	-	19981046	19981046	0	1	856,	0,	chr9	19981096	19981852	retro_human_11041|AL591222.3-201|processed_pseudogene	0	-	GLRX3P1	756
chr9	20345180	20346112	ENSG00000237434[1,1,1]	0	+	20345180	20345180	0	1	932,	0,	chr9	20345230	20346062	retro_human_9015|AL512635.1-201|processed_pseudogene	0	+	SMNP	832
chr9	21944641	21947091	ENSG00000099810[7,4,9]	0	+	21945309	21945498	0	1	2450,	0,	chr9	21943758	21945375	ERVFRD-3-201|transcribed_processed_pseudogene	0	+	MTAP	734
chr9	33693616	33696060	ENSG00000237984[2,1,3]	0	-	33693616	33693616	0	1	2444,	0,	chr9	33692014	33696010	retro_human_9836|PTENP1-202|transcribed_processed_pseudogene	0	-	PTENP1-AS,PTENP1	2394
chr9	33693897	33695212	ENSG00000237984[1,1,2]	0	-	33693897	33693897	0	1	1315,	0,	chr9	33692014	33696010	retro_human_9836|PTENP1-202|transcribed_processed_pseudogene	0	-	PTENP1-AS,PTENP1	1315
chr9	34127685	34128583	ENSG00000224802[1,1,1]	0	-	34128412	34128526	0	1	898,	0,	chr9	34127735	34128533	TUBB4BP2-201|processed_pseudogene	0	-	TUBBP4,TUBB4BP2	798
chr9	34210447	34210874	ENSG00000227383[1,1,1]	0	+	34210597	34210771	0	1	427,	0,	chr9	34210497	34210824	retro_human_3149|AL353662.1-201|processed_pseudogene	0	+	RPL35AP2	327
chr9	34242904	34243649	ENSG00000233668[1,1,1]	0	-	34242904	34242904	0	1	745,	0,	chr9	34242954	34243599	retro_human_9833|AL353662.2-201|processed_pseudogene	0	-	RPS8P9	645
chr9	34336912	34338261	ENSG00000229207[1,1,1]	0	+	34336912	34336912	0	1	1349,	0,	chr9	34336962	34338211	retro_human_8595|SERPINH1P1-201|processed_pseudogene	0	+	SERPINH1P1,KIF24	1249
chr9	35020473	35022226	ENSG00000273597[1,1,1]	0	-	35020473	35020473	0	1	1753,	0,	chr9	35020523	35022176	AL355377.1-201|processed_pseudogene	0	-	LOC100420114	1653
chr9	35166559	35168434	ENSG00000215198[1,1,1]	0	-	35166559	35166559	0	1	1875,	0,	chr9	35166609	35168384	retro_human_4318|AL353795.1-201|processed_pseudogene	0	-	LOC730110	1775
chr9	35468844	35469549	ENSG00000244213[1,1,1]	0	+	35468844	35468844	0	1	705,	0,	chr9	35468894	35469499	retro_human_8598|ZFAND6P1-201|processed_pseudogene	0	+	ZFAND6P1,ATP8B5P	605
chr9	37859898	37860349	ENSG00000232454[1,1,1]	0	+	37860103	37860301	0	1	451,	0,	chr9	37859741	37859947	retro_human_10232	0	-	MRPS10P5	49
chr9	37859898	37860349	ENSG00000232454[1,1,1]	0	+	37860103	37860301	0	1	451,	0,	chr9	37859948	37860299	retro_human_2771|AL138752.1-201|processed_pseudogene	0	+	MRPS10P5	351
chr9	38564720	38568458	ENSG00000273036[3,2,1]	0	-	38564720	38564720	0	3	325,107,1951,	0,931,1787,	chr9	38564762	38566988	AL390726.4-201|transcribed_processed_pseudogene	0	-	CYP4F33P,FAM95C	2226
chr9	38564720	38567038	ENSG00000273036[2,2,1]	0	-	38564720	38564720	0	3	325,107,531,	0,931,1787,	chr9	38564762	38566988	AL390726.4-201|transcribed_processed_pseudogene	0	-	CYP4F33P,FAM95C	2226
chr9	38564720	38567038	ENSG00000273036[2,2,1]	0	-	38564720	38564720	0	3	325,107,531,	0,931,1787,	chr9	38566509	38566765	AL390726.4-202|transcribed_processed_pseudogene	0	-	CYP4F33P,FAM95C	256
chr9	39821434	39824302	ENSG00000278175[1,32,4]	0	-	39821434	39821434	0	3	1451,130,448,	0,2175,2420,	chr9	39823685	39824143	BX664615.1-201|processed_pseudogene	0	+	GLIDR	458
chr9	39821434	39824302	ENSG00000278175[1,24,4]	0	-	39821434	39821434	0	2	2305,448,	0,2420,	chr9	39823685	39824143	BX664615.1-201|processed_pseudogene	0	+	GLIDR	458
chr9	39821768	39824302	ENSG00000278175[1,32,12]	0	-	39821768	39821768	0	3	1117,130,448,	0,1841,2086,	chr9	39823685	39824143	BX664615.1-201|processed_pseudogene	0	+	GLIDR	458
chr9	39821768	39824302	ENSG00000278175[1,24,12]	0	-	39821768	39821768	0	2	1971,448,	0,2086,	chr9	39823685	39824143	BX664615.1-201|processed_pseudogene	0	+	GLIDR	458
chr9	39822631	39824302	ENSG00000278175[1,32,5]	0	-	39822631	39822631	0	3	254,130,448,	0,978,1223,	chr9	39823685	39824143	BX664615.1-201|processed_pseudogene	0	+	GLIDR	458
chr9	39822631	39824302	ENSG00000278175[1,24,5]	0	-	39822631	39822631	0	2	1108,448,	0,1223,	chr9	39823685	39824143	BX664615.1-201|processed_pseudogene	0	+	GLIDR	458
chr9	39823635	39824193	ENSG00000229273[1,1,1]	0	+	39823635	39823635	0	1	558,	0,	chr9	39823685	39824143	BX664615.1-201|processed_pseudogene	0	+	GLIDR	458
chr9	77149828	77171850	ENSG00000276291[1,22,13]	0	-	77171850	77171850	255	6	403,114,126,70,182,581,	0,2453,5190,19514,20782,21441,	chr9	77152248	77155088	retro_human_7402	0	-	LOC124906858,LOC124906857	2840
chr9	77149828	77171850	ENSG00000276291[1,21,13]	0	-	77171850	77171850	255	7	403,114,126,170,70,182,581,	0,2453,5190,6588,19514,20782,21441,	chr9	77152248	77155088	retro_human_7402	0	-	LOC124906858,LOC124906857	2840
chr9	40807484	40807912	ENSG00000278647[1,1,1]	0	+	40807484	40807484	0	1	428,	0,	chr9	40807532	40807899	retro_human_9860|CDK2AP2P2-201|processed_pseudogene	0	+	CDK2AP2P2,LOC128966772	367
chr9	44119382	44122155	ENSG00000237357[1,2,1]	0	-	44119382	44119382	0	2	2302,375,	0,2398,	chr9	44121616	44122067	BX088651.1-201|processed_pseudogene	0	+	FAM88E	451
chr9	44119694	44122155	ENSG00000237357[1,1,2]	0	-	44119694	44119694	0	3	1117,130,375,	0,1842,2086,	chr9	44121616	44122067	BX088651.1-201|processed_pseudogene	0	+	FAM88E	451
chr9	44121566	44122117	ENSG00000212952[1,1,1]	0	+	44121566	44121566	0	1	551,	0,	chr9	44121616	44122067	BX088651.1-201|processed_pseudogene	0	+	FAM88E	451
chr9	39821768	39824267	ENSG00000226007[1,2,2]	0	-	39824267	39824267	0	3	1117,130,413,	0,1841,2086,	chr9	39823685	39824143	BX664615.1-201|processed_pseudogene	0	+	GLIDR	458
chr9	39821768	39824267	ENSG00000226007[1,3,2]	0	-	39824267	39824267	0	2	1971,413,	0,2086,	chr9	39823685	39824143	BX664615.1-201|processed_pseudogene	0	+	GLIDR	458
chr9	39823638	39824207	ENSG00000212951[1,1,1]	0	+	39824207	39824207	0	1	569,	0,	chr9	39823685	39824143	BX664615.1-201|processed_pseudogene	0	+	GLIDR	458
chr9	77779943	77780949	ENSG00000278068[1,1,1]	0	+	77779943	77779943	0	1	1006,	0,	chr9	77779993	77780899	retro_human_1152|AL136317.3-1|processed_pseudogene	0	+	LOC128966633	906
chr9	83954656	83955300	ENSG00000271166[1,1,1]	0	+	83954656	83954656	0	1	644,	0,	chr9	83954706	83955250	retro_human_769|AL671309.1-201|processed_pseudogene	0	+	LOC100420790	544
chr9	90376199	90376537	ENSG00000234819[1,1,1]	0	+	90376199	90376199	0	1	338,	0,	chr9	90376249	90376487	retro_human_7380|AL353705.4-201|processed_pseudogene	0	+	LOC107987082	238
chr9	99237833	99238924	ENSG00000224887[1,1,1]	0	-	99237833	99237833	0	1	1091,	0,	chr9	99237883	99238874	retro_human_6588|AL513318.1-201|processed_pseudogene	0	-	NFYCP2	991
chr9	99577067	99577427	ENSG00000228373[1,1,1]	0	+	99577067	99577067	0	1	360,	0,	chr9	99577117	99577377	retro_human_6975|AL353752.1-201|processed_pseudogene	0	+	LOC112268032	260
chr9	99678714	99678988	ENSG00000219928[1,1,1]	0	+	99678764	99678935	0	1	274,	0,	chr9	99678764	99678938	retro_human_6976|AL161787.1-201|processed_pseudogene	0	+	RPS29P18	174
chr9	100298883	100299983	ENSG00000276535[1,1,1]	0	-	100298883	100298883	0	1	1100,	0,	chr9	100298933	100299933	retro_human_6590|AL353726.1-201|processed_pseudogene	0	-	LOC100129202	1000
chr9	104270861	104271988	ENSG00000275756[1,1,1]	0	+	104270861	104270861	0	1	1127,	0,	chr9	104270911	104271938	AL354751.3-201|processed_pseudogene	0	+	LOC100420896	1027
chr9	104843459	104844024	ENSG00000213669[1,1,1]	0	-	104843459	104843459	0	1	565,	0,	chr9	104843509	104843974	retro_human_786|AL137074.1-201|processed_pseudogene	0	-	RPL21P86	465
chr9	105003184	105004127	ENSG00000226721[1,1,1]	0	-	105003184	105003184	0	1	943,	0,	chr9	105003234	105004077	retro_human_787|EEF1DP2-201|processed_pseudogene	0	-	EEF1DP2,ANKRD19P	843
chr9	105003831	105004916	ENSG00000187984[5,6,3]	0	+	105003831	105003831	255	2	318,251,	0,834,	chr9	105003234	105004077	retro_human_787|EEF1DP2-201|processed_pseudogene	0	-	EEF1DP2,ANKRD19P	246
chr9	106119563	106121467	ENSG00000131668[2,2,1]	0	-	106120153	106120935	0	3	752,85,585,	0,1152,1319,	chr9	106120665	106121027	retro_human_783	0	-	BARX1	362
chr9	107292879	107293327	ENSG00000223849[1,1,1]	0	+	107292879	107292879	0	1	448,	0,	chr9	107292929	107293277	retro_human_8165|AL354893.1-201|processed_pseudogene	0	+	RPS26P37	348
chr9	107461798	107464371	ENSG00000230221[1,1,1]	0	+	107461798	107461798	0	1	2573,	0,	chr9	107461848	107464321	retro_human_8163|AL157384.1-201|processed_pseudogene	0	+	FANCC,LOC643342	2473
chr9	108898453	108899293	ENSG00000233820[2,1,2]	0	+	108898453	108898453	0	1	840,	0,	chr9	108897663	108899017	retro_human_2651|AL589843.2-201|transcribed_processed_pseudogene	0	+	LOC441455	564
chr9	108898453	108899293	ENSG00000233820[2,1,2]	0	+	108898453	108898453	0	1	840,	0,	chr9	108898503	108899243	AL589843.2-202|transcribed_processed_pseudogene	0	+	LOC441455	740
chr9	109090667	109091158	ENSG00000227257[1,1,1]	0	+	109090667	109090667	0	1	491,	0,	chr9	109090717	109091108	AL158827.1-201|processed_pseudogene	0	+	LOC107987024	391
chr9	109265414	109266459	ENSG00000228038[1,1,1]	0	-	109265414	109265414	0	1	1045,	0,	chr9	109265464	109266409	VN1R51P-201|processed_pseudogene	0	-	VN1R51P,LOC107987104	945
chr9	109323613	109324514	ENSG00000277103[1,1,1]	0	-	109323613	109323613	0	1	901,	0,	chr9	109323663	109324464	AL445670.1-201|processed_pseudogene	0	-	LOC112268050	801
chr9	119293068	119293897	ENSG00000225531[1,1,1]	0	+	119293068	119293068	0	1	829,	0,	chr9	119293118	119293847	retro_human_9528|AL807761.2-201|processed_pseudogene	0	+	LOC100128086	729
chr9	120208710	120209190	ENSG00000213557[1,1,1]	0	+	120208710	120208710	0	1	480,	0,	chr9	120208760	120209140	retro_human_9530|AC068050.1-201|processed_pseudogene	0	+	RPL31P43	380
chr9	120795976	120796394	ENSG00000169253[1,1,1]	0	+	120795976	120795976	0	1	418,	0,	chr9	120796026	120796344	retro_human_9533|AL669983.1-201|processed_pseudogene	0	+	RPL36P14	318
chr9	123696490	123699454	ENSG00000173258[1,2,2]	0	+	123698779	123699313	0	2	154,803,	0,2161,	chr9	123698882	123699229	retro_human_3671	0	+	ZNF483	347
chr9	124344628	124345178	ENSG00000225513[1,1,1]	0	-	124344906	124345128	0	1	550,	0,	chr9	124344678	124345128	retro_human_20|AL158824.1-201|processed_pseudogene	0	-	RPL29P20	450
chr9	124533850	124534353	ENSG00000213529[1,1,1]	0	+	124533850	124533850	0	1	503,	0,	chr9	124533900	124534303	retro_human_3670|AL359073.1-201|processed_pseudogene	0	+	RPL32P22	403
chr9	125794022	125796394	ENSG00000138835[21,31,1]	0	+	125794306	125795551	0	2	344,1026,	0,1346,	chr9	125795375	125795632	retro_human_3668	0	+	RGS3	257
chr9	126049219	126050265	ENSG00000232905[1,1,1]	0	-	126049219	126049219	0	1	1046,	0,	chr9	126049269	126050215	retro_human_5646|AL162393.1-201|processed_pseudogene	0	-	LOC100132609	946
chr9	129374438	129375006	ENSG00000230734[1,1,1]	0	-	129374565	129374976	0	1	568,	0,	chr9	129374488	129374956	retro_human_5643|RPL10P3-201|processed_pseudogene	0	-	SNORA70C,RPL10P3	468
chr9	135226571	135227052	ENSG00000213216[1,1,1]	0	-	135226571	135226571	0	1	481,	0,	chr9	135226621	135227002	retro_human_5246|AC007066.1-201|processed_pseudogene	0	-	RPS25P8	381
chr9	135553820	135578107	ENSG00000148204[1,1,3]	0	+	135553954	135574793	0	13	228,324,196,140,186,114,873,509,166,787,117,127,3536,	0,6738,9838,10148,11094,11486,14021,14983,16090,17047,18492,19130,20751,	chr9	135560588	135563795	retro_human_2497	0	+	CRB2	3207
chr9	135553820	135576537	ENSG00000148204[1,1,1]	0	+	135553954	135574793	0	13	228,324,196,140,186,114,873,509,166,787,117,127,1966,	0,6738,9838,10148,11094,11486,14021,14983,16090,17047,18492,19130,20751,	chr9	135560588	135563795	retro_human_2497	0	+	CRB2	3207
chr9	135553820	135571883	ENSG00000148204[1,2,2]	0	+	135553954	135571793	0	10	228,324,196,140,186,114,873,509,166,1016,	0,6738,9838,10148,11094,11486,14021,14983,16090,17047,	chr9	135560588	135563795	retro_human_2497	0	+	CRB2	3207
chr9	137462080	137462426	ENSG00000214593[1,1,1]	0	-	137462080	137462080	0	1	346,	0,	chr9	137462130	137462376	retro_human_5250|AL354710.1-201|processed_pseudogene	0	-	RPS10P17	246
chr9	142929683	142930049	ENSG00000224797[1,1,1]	0	-	142929683	142929683	0	1	366,	0,	chr9	142929734	142929999	retro_human_11129|AL359092.1-201|processed_pseudogene	0	-	RPL37P17	265
chr9	145552866	145553442	ENSG00000230064[1,1,1]	0	+	145552866	145552866	0	1	576,	0,	chr9	145552916	145553392	retro_human_10773|AL772161.1-201|processed_pseudogene	0	+	RPL21P81,MED22	476
chr9	149892617	149893279	ENSG00000233998[1,1,1]	0	-	149892617	149892617	0	1	662,	0,	chr9	149892667	149893229	retro_human_4869|SETP5-201|processed_pseudogene	0	-	SETP5,EHMT1	562
chr9	149996123	150094039	ENSG00000181090[17,62,1]	0	+	150000988	150092812	255	24	223,137,189,78,121,132,146,144,227,174,83,107,123,102,105,155,168,145,78,116,87,79,176,1405,	0,4833,5343,13772,15612,19321,24116,36555,38064,39328,41081,44542,53099,61083,63150,73774,75319,75699,76743,78259,79751,80372,96087,96511,	chr9	150034108	150047610	AL590627.1-201|transcribed_processed_pseudogene	0	-	EHMT1,LOC100418938,LOC651337	13502
chr9	150045989	150047115	ENSG00000255585[1,1,2]	0	-	150045989	150045989	0	1	1126,	0,	chr9	150046039	150047065	AL590627.1-203|transcribed_processed_pseudogene	0	-	LOC100418938,LOC651337,EHMT1	1026
chr9	150045989	150047115	ENSG00000255585[1,1,2]	0	-	150045989	150045989	0	1	1126,	0,	chr9	150042447	150046568	AL590627.1-202|transcribed_processed_pseudogene	0	-	EHMT1,LOC100418938,LOC651337	579
chrX	3436852	3463301	ENSG00000285756[2,32,1]	0	-	3436852	3436852	255	5	301,59,47,173,567,	0,964,1179,11758,25882,	chrX	3444472	3448787	retro_human_3006	0	-	LOC389906	4315
chrX	3436852	3463301	ENSG00000285756[2,17,1]	0	-	3436852	3436852	255	3	301,887,567,	0,11044,25882,	chrX	3444472	3448787	retro_human_3006	0	-	LOC389906	4315
chrX	3436852	3463301	ENSG00000285756[2,31,1]	0	-	3436852	3436852	255	7	301,59,207,144,129,887,567,	0,964,4911,7627,9139,11044,25882,	chrX	3444472	3448787	retro_human_3006	0	-	LOC389906	4315
chrX	3436852	3463301	ENSG00000285756[2,30,1]	0	-	3436852	3436852	255	4	301,59,887,567,	0,964,11044,25882,	chrX	3444472	3448787	retro_human_3006	0	-	LOC389906	4315
chrX	3436852	3463301	ENSG00000285756[2,18,1]	0	-	3436852	3436852	255	5	301,59,47,887,567,	0,964,1179,11044,25882,	chrX	3444472	3448787	retro_human_3006	0	-	LOC389906	4315
chrX	3436852	3463010	ENSG00000285756[12,18,1]	0	-	3436852	3436852	255	5	301,59,47,887,276,	0,964,1179,11044,25882,	chrX	3444472	3448787	retro_human_3006	0	-	LOC389906	4315
chrX	3436852	3448420	ENSG00000285756[10,13,1]	0	-	3436852	3436852	0	4	301,59,47,524,	0,964,1179,11044,	chrX	3444472	3448787	retro_human_3006	0	-	LOC389906	3948
chrX	3436852	3448420	ENSG00000285756[10,28,1]	0	-	3436852	3436852	0	2	301,524,	0,11044,	chrX	3444472	3448787	retro_human_3006	0	-	LOC389906	3948
chrX	3436852	3463301	ENSG00000285756[2,19,1]	0	-	3436852	3436852	0	4	301,59,29,567,	0,964,11902,25882,	chrX	3444472	3448787	retro_human_3006	0	-	LOC389906	4315
chrX	3446339	3463301	ENSG00000285756[2,2,17]	0	-	3446339	3446339	0	2	2444,567,	0,16395,	chrX	3444472	3448787	retro_human_3006	0	-	LOC389906	2448
chrX	5974347	5975057	ENSG00000237730[1,1,1]	0	-	5974347	5974347	0	1	710,	0,	chrX	5974397	5975007	retro_human_4558|AC078991.1-201|processed_pseudogene	0	-	RPS5P8	610
chrX	11286619	11288187	ENSG00000223418[1,1,1]	0	-	11286619	11286619	0	1	1568,	0,	chrX	11286669	11288137	retro_human_4921|AC004554.1-201|processed_pseudogene	0	-	LIMK2P1	1468
chrX	13824566	13825213	ENSG00000233247[1,1,1]	0	+	13824566	13824566	0	1	647,	0,	chrX	13824616	13825163	retro_human_10964|AC002524.1-201|processed_pseudogene	0	+	UBE2E4P	547
chrX	17287901	17288354	ENSG00000226153[1,1,1]	0	-	17287901	17287901	0	1	453,	0,	chrX	17287951	17288304	retro_human_4963|Z93242.1-201|processed_pseudogene	0	-	CHP1P3	353
chrX	17515906	17517481	ENSG00000225066[1,1,1]	0	+	17515906	17515906	0	1	1575,	0,	chrX	17515956	17517431	retro_human_5460|Z93929.1-201|processed_pseudogene	0	+	MDM4P1	1475
chrX	22659247	22660357	ENSG00000174028[1,1,1]	0	+	22659247	22659247	0	2	632,149,	0,961,	chrX	22659297	22660307	retro_human_90|FAM3C2-201|processed_pseudogene	0	+	FAM3C2P	1010
chrX	24013683	24014131	ENSG00000225071[1,1,1]	0	-	24013683	24013683	0	1	448,	0,	chrX	24013733	24014081	retro_human_9589|AC004552.1-201|processed_pseudogene	0	-	RPS26P58	348
chrX	24613733	24614524	ENSG00000214111[1,1,1]	0	+	24613733	24613733	0	1	791,	0,	chrX	24613783	24614474	retro_human_92|AC002504.1-201|processed_pseudogene	0	+	PAFAH1B2P1	691
chrX	25229935	25230641	ENSG00000228519[1,1,1]	0	-	25229935	25229935	0	1	706,	0,	chrX	25229985	25230591	retro_human_9597|AC097263.1-201|processed_pseudogene	0	-	RANBP1P1	606
chrX	29896678	29901702	ENSG00000169297[1,1,3]	0	-	29896841	29901625	0	2	405,1245,	0,3779,	chrX	29900381	29900896	retro_human_10795	0	-	NR0B1	515
chrX	29896678	29901702	ENSG00000169297[1,2,3]	0	-	29898083	29901625	0	2	1437,1245,	0,3779,	chrX	29900381	29900896	retro_human_10795	0	-	NR0B1	515
chrX	29897883	29900800	ENSG00000169297[2,2,2]	0	-	29898083	29900740	0	2	232,343,	0,2574,	chrX	29900381	29900896	retro_human_10795	0	-	NR0B1	419
chrX	35306400	35307532	ENSG00000233663[1,1,1]	0	+	35306400	35306400	0	1	1132,	0,	chrX	35306450	35307482	AL161722.1-201|processed_pseudogene	0	+	LOC100420325	1032
chrX	36557925	36559255	ENSG00000223723[1,1,1]	0	-	36557925	36557925	0	1	1330,	0,	chrX	36557975	36559205	retro_human_5363|BX842568.2-201|processed_pseudogene	0	-	TFDP1P2	1230
chrX	36845027	36845673	ENSG00000241607[1,1,1]	0	+	36845077	36845554	0	1	646,	0,	chrX	36845078	36845626	retro_human_876	0	+	LOC100420326,PRRG1	548
chrX	36895521	36896149	ENSG00000219186[1,1,1]	0	+	36895803	36895968	0	1	628,	0,	chrX	36895571	36896090	retro_human_873	0	+	FTH1P19	519
chrX	36908810	36909461	ENSG00000234355[1,1,1]	0	+	36908977	36909280	0	1	651,	0,	chrX	36908885	36909393	retro_human_874	0	+	FTH1P27	508
chrX	37103527	37103900	ENSG00000285944[1,1,1]	0	+	37103715	37103895	0	1	373,	0,	chrX	37103596	37103835	retro_human_871	0	+	H2AL1MP,XK	239
chrX	40876301	40876791	ENSG00000225238[1,1,1]	0	-	40876301	40876301	0	1	490,	0,	chrX	40876351	40876741	Z93015.1-201|processed_pseudogene	0	-	GEMIN7P1	390
chrX	41080635	41081470	ENSG00000217624[1,1,1]	0	-	41080685	41081420	0	1	835,	0,	chrX	41080685	41081420	retro_human_8400|AL627402.1-201|processed_pseudogene	0	-	YWHAZP10	735
chrX	43435548	43437238	ENSG00000214019[1,1,1]	0	+	43435548	43435548	0	1	1690,	0,	chrX	43435598	43437188	retro_human_1468|AL034370.1-201|processed_pseudogene	0	+	RBM39P1	1590
chrX	45853788	45881187	ENSG00000147121[3,9,7]	0	+	45857421	45878135	255	7	528,111,45,127,111,44,1485,	0,1377,3603,15914,16364,24306,25914,	chrX	45861056	45864159	retro_human_4969|AL139811.1-201|processed_pseudogene	0	-	VEZTP1	3103
chrX	45853788	45881640	ENSG00000147121[3,1,1]	0	+	45857421	45879962	0	6	528,111,45,127,111,1938,	0,1377,3603,15914,16364,25914,	chrX	45861056	45864159	retro_human_4969|AL139811.1-201|processed_pseudogene	0	-	VEZTP1	3103
chrX	45854211	45881640	ENSG00000147121[1,8,1]	0	+	45857421	45878135	255	7	105,111,45,127,96,44,1938,	0,954,3180,15491,15941,23883,25491,	chrX	45861056	45864159	retro_human_4969|AL139811.1-201|processed_pseudogene	0	-	VEZTP1	3103
chrX	45854211	45881187	ENSG00000147121[1,8,7]	0	+	45857421	45878135	255	7	105,111,45,127,96,44,1485,	0,954,3180,15491,15941,23883,25491,	chrX	45861056	45864159	retro_human_4969|AL139811.1-201|processed_pseudogene	0	-	VEZTP1	3103
chrX	45854211	45880670	ENSG00000147121[1,8,3]	0	+	45857421	45878135	255	7	105,111,45,127,96,44,968,	0,954,3180,15491,15941,23883,25491,	chrX	45861056	45864159	retro_human_4969|AL139811.1-201|processed_pseudogene	0	-	VEZTP1	3103
chrX	45854211	45881640	ENSG00000147121[1,9,1]	0	+	45857421	45878135	255	7	105,111,45,127,111,44,1938,	0,954,3180,15491,15941,23883,25491,	chrX	45861056	45864159	retro_human_4969|AL139811.1-201|processed_pseudogene	0	-	VEZTP1	3103
chrX	45854211	45881187	ENSG00000147121[1,9,7]	0	+	45857421	45878135	255	7	105,111,45,127,111,44,1485,	0,954,3180,15491,15941,23883,25491,	chrX	45861056	45864159	retro_human_4969|AL139811.1-201|processed_pseudogene	0	-	VEZTP1	3103
chrX	45854211	45880670	ENSG00000147121[1,9,3]	0	+	45857421	45878135	255	7	105,111,45,127,111,44,968,	0,954,3180,15491,15941,23883,25491,	chrX	45861056	45864159	retro_human_4969|AL139811.1-201|processed_pseudogene	0	-	VEZTP1	3103
chrX	45854211	45870454	ENSG00000147121[1,7,6]	0	+	45870218	45870365	0	5	105,111,45,127,302,	0,954,3180,15491,15941,	chrX	45861056	45864159	retro_human_4969|AL139811.1-201|processed_pseudogene	0	-	VEZTP1	3103
chrX	45854211	45881187	ENSG00000147121[1,2,7]	0	+	45857421	45878135	0	7	105,111,45,127,111,44,2210,	0,954,3180,15491,15941,23883,24766,	chrX	45861056	45864159	retro_human_4969|AL139811.1-201|processed_pseudogene	0	-	VEZTP1	3103
chrX	45854211	45881640	ENSG00000147121[1,1,1]	0	+	45857421	45879962	0	6	105,111,45,127,111,1938,	0,954,3180,15491,15941,25491,	chrX	45861056	45864159	retro_human_4969|AL139811.1-201|processed_pseudogene	0	-	VEZTP1	3103
chrX	45854211	45881187	ENSG00000147121[1,1,7]	0	+	45857421	45879962	0	6	105,111,45,127,111,1485,	0,954,3180,15491,15941,25491,	chrX	45861056	45864159	retro_human_4969|AL139811.1-201|processed_pseudogene	0	-	VEZTP1	3103
chrX	45854211	45880670	ENSG00000147121[1,1,3]	0	+	45857421	45879962	0	6	105,111,45,127,111,968,	0,954,3180,15491,15941,25491,	chrX	45861056	45864159	retro_human_4969|AL139811.1-201|processed_pseudogene	0	-	VEZTP1	3103
chrX	45854211	45881640	ENSG00000147121[1,4,1]	0	+	45857421	45879962	0	6	105,111,45,127,96,1938,	0,954,3180,15491,15941,25491,	chrX	45861056	45864159	retro_human_4969|AL139811.1-201|processed_pseudogene	0	-	VEZTP1	3103
chrX	45854211	45881187	ENSG00000147121[1,4,7]	0	+	45857421	45879962	0	6	105,111,45,127,96,1485,	0,954,3180,15491,15941,25491,	chrX	45861056	45864159	retro_human_4969|AL139811.1-201|processed_pseudogene	0	-	VEZTP1	3103
chrX	45854211	45880670	ENSG00000147121[1,4,3]	0	+	45857421	45879962	0	6	105,111,45,127,96,968,	0,954,3180,15491,15941,25491,	chrX	45861056	45864159	retro_human_4969|AL139811.1-201|processed_pseudogene	0	-	VEZTP1	3103
chrX	45855148	45880670	ENSG00000147121[2,3,3]	0	+	45857421	45878135	0	6	128,45,127,111,44,965,	0,2243,14554,15004,22946,24557,	chrX	45861056	45864159	retro_human_4969|AL139811.1-201|processed_pseudogene	0	-	VEZTP1	3103
chrX	48186445	48187523	ENSG00000233585[2,1,2]	0	-	48186445	48186445	0	1	1078,	0,	chrX	48186146	48186646	retro_human_5244|AC231533.2-201|transcribed_processed_pseudogene	0	-	ACAA2P1	201
chrX	48186445	48187523	ENSG00000233585[2,1,2]	0	-	48186445	48186445	0	1	1078,	0,	chrX	48186495	48187473	AC231533.2-202|transcribed_processed_pseudogene	0	-	RNU6-29P,ACAA2P1	978
chrX	48313605	48322203	ENSG00000102100[1,14,1]	0	-	48315205	48320347	0	4	2353,152,183,259,	0,3262,6684,8339,	chrX	48315359	48317041	retro_human_1422	0	-	SLC35A2	1682
chrX	48313605	48322203	ENSG00000102100[1,15,1]	0	-	48313842	48322112	0	4	336,152,183,182,	0,3262,6684,8416,	chrX	48315359	48317041	retro_human_1422	0	-	SLC35A2	1682
chrX	48313605	48322484	ENSG00000102100[2,9,1]	0	-	48313842	48322112	0	5	336,147,152,183,463,	0,1616,3262,6684,8416,	chrX	48315359	48317041	retro_human_1422	0	-	SLC35A2	1682
chrX	48313605	48322203	ENSG00000102100[1,9,1]	0	-	48313842	48322112	0	5	336,147,152,183,182,	0,1616,3262,6684,8416,	chrX	48315359	48317041	retro_human_1422	0	-	SLC35A2	1682
chrX	48313605	48322203	ENSG00000102100[1,10,1]	0	-	48315205	48322112	0	4	2353,152,183,182,	0,3262,6684,8416,	chrX	48315359	48317041	retro_human_1422	0	-	SLC35A2	1682
chrX	48313605	48322484	ENSG00000102100[2,10,1]	0	-	48315205	48322112	0	4	2353,152,183,463,	0,3262,6684,8416,	chrX	48315359	48317041	retro_human_1422	0	-	SLC35A2	1682
chrX	48313605	48322203	ENSG00000102100[1,1,1]	0	-	48313916	48322112	0	5	336,737,152,183,182,	0,1616,3262,6684,8416,	chrX	48315359	48317041	retro_human_1422	0	-	SLC35A2	1682
chrX	48313605	48322484	ENSG00000102100[2,1,1]	0	-	48313916	48322112	0	5	336,737,152,183,463,	0,1616,3262,6684,8416,	chrX	48315359	48317041	retro_human_1422	0	-	SLC35A2	1682
chrX	48314038	48317068	ENSG00000102100[4,19,2]	0	-	48315205	48315910	255	2	1920,201,	0,2829,	chrX	48315359	48317041	retro_human_1422	0	-	SLC35A2	1682
chrX	48314038	48320398	ENSG00000102100[3,20,2]	0	-	48315205	48320347	255	3	1920,152,109,	0,2829,6251,	chrX	48315359	48317041	retro_human_1422	0	-	SLC35A2	1682
chrX	48314038	48322203	ENSG00000102100[1,14,2]	0	-	48315205	48320347	0	4	1920,152,183,259,	0,2829,6251,7906,	chrX	48315359	48317041	retro_human_1422	0	-	SLC35A2	1682
chrX	48314038	48322203	ENSG00000102100[1,5,2]	0	-	48315205	48322112	0	3	1920,152,182,	0,2829,7983,	chrX	48315359	48317041	retro_human_1422	0	-	SLC35A2	1682
chrX	48314038	48322203	ENSG00000102100[1,6,2]	0	-	48315205	48320424	0	4	1920,117,183,182,	0,2829,6251,7983,	chrX	48315359	48317041	retro_human_1422	0	-	SLC35A2	1682
chrX	48314038	48322484	ENSG00000102100[2,8,2]	0	-	48315068	48322112	0	4	1330,152,183,463,	0,2829,6251,7983,	chrX	48315359	48317041	retro_human_1422	0	-	SLC35A2	1682
chrX	48314038	48322203	ENSG00000102100[1,8,2]	0	-	48315068	48322112	0	4	1330,152,183,182,	0,2829,6251,7983,	chrX	48315359	48317041	retro_human_1422	0	-	SLC35A2	1682
chrX	48314038	48322484	ENSG00000102100[2,10,2]	0	-	48315205	48322112	0	4	1920,152,183,463,	0,2829,6251,7983,	chrX	48315359	48317041	retro_human_1422	0	-	SLC35A2	1682
chrX	48314038	48322203	ENSG00000102100[1,10,2]	0	-	48315205	48322112	0	4	1920,152,183,182,	0,2829,6251,7983,	chrX	48315359	48317041	retro_human_1422	0	-	SLC35A2	1682
chrX	48314038	48322484	ENSG00000102100[2,12,2]	0	-	48315068	48322353	0	4	1330,152,183,150,	0,2829,6251,8296,	chrX	48315359	48317041	retro_human_1422	0	-	SLC35A2	1682
chrX	48314038	48322484	ENSG00000102100[2,7,2]	0	-	48315205	48316261	0	3	2981,183,463,	0,6251,7983,	chrX	48315359	48317041	retro_human_1422	0	-	SLC35A2	1682
chrX	48314038	48322203	ENSG00000102100[1,7,2]	0	-	48315205	48316261	0	3	2981,183,182,	0,6251,7983,	chrX	48315359	48317041	retro_human_1422	0	-	SLC35A2	1682
chrX	48315591	48322203	ENSG00000102100[1,6,4]	0	-	48316916	48322112	0	4	367,117,183,182,	0,1276,4698,6430,	chrX	48315359	48317041	retro_human_1422	0	-	SLC35A2	1450
chrX	48316284	48322203	ENSG00000102100[1,2,5]	0	-	48316804	48322112	0	3	735,183,221,	0,4005,5698,	chrX	48315359	48317041	retro_human_1422	0	-	SLC35A2	757
chrX	48316284	48322203	ENSG00000102100[1,7,5]	0	-	48316804	48322112	0	3	735,183,182,	0,4005,5737,	chrX	48315359	48317041	retro_human_1422	0	-	SLC35A2	757
chrX	52429059	52430241	ENSG00000231340[1,1,1]	0	-	52429059	52429059	0	1	1182,	0,	chrX	52429109	52430191	retro_human_5877|ACTG1P10-201|processed_pseudogene	0	-	ACTG1P10,KANTR	1082
chrX	53115541	53116064	ENSG00000235916[1,1,1]	0	+	53115541	53115541	0	1	523,	0,	chrX	53115591	53116014	retro_human_2246|AC233279.1-201|processed_pseudogene	0	+	MRPS18CP7	423
chrX	56367723	56368595	ENSG00000237708[1,1,1]	0	-	56367723	56367723	0	1	872,	0,	chrX	56367773	56368545	retro_human_4539|AL139397.2-201|processed_pseudogene	0	-	SPIN2P1	772
chrX	56691402	56694266	ENSG00000231831[1,1,1]	0	-	56691402	56691402	0	1	2864,	0,	chrX	56691452	56694216	retro_human_533|MTHFD1P1-201|processed_pseudogene	0	-	MTHFD1P1,FAAH2	2764
chrX	56975801	56979095	ENSG00000215174[1,1,1]	0	-	56978910	56979045	0	1	3294,	0,	chrX	56975972	56979045	retro_human_546	0	-	NLRP2B	3073
chrX	61200278	61201455	ENSG00000236852[1,1,1]	0	+	61200278	61200278	0	1	1177,	0,	chrX	61200328	61201405	retro_human_1138|BX322784.1-201|processed_pseudogene	0	+	SSBL2P	1077
chrX	66503264	66504612	ENSG00000228328[1,1,1]	0	-	66503639	66503891	0	1	1348,	0,	chrX	66503314	66504562	retro_human_5659|AL158201.1-201|processed_pseudogene	0	-	PGK1P1	1248
chrX	69748963	69750031	ENSG00000224208[1,1,1]	0	-	69748963	69748963	0	2	441,299,	0,769,	chrX	69749013	69749981	AL590762.3-201|processed_pseudogene	0	-	ZCRB1P1	968
chrX	69854133	69854665	ENSG00000213018[1,1,1]	0	-	69854133	69854133	0	1	532,	0,	chrX	69854183	69854615	retro_human_6715|AL590762.1-201|processed_pseudogene	0	-	PABPN1P1	432
chrX	69926116	69927062	ENSG00000243468[2,1,2]	0	-	69926116	69926116	0	1	946,	0,	chrX	69926166	69927012	INGX-201|transcribed_processed_pseudogene	0	-	INGX,TAF1	846
chrX	71093343	71093693	ENSG00000225858[1,1,1]	0	+	71093343	71093343	0	1	350,	0,	chrX	71093393	71093643	BX295541.1-201|processed_pseudogene	0	+	MATR3P1	250
chrX	71211052	71212642	ENSG00000269911[1,1,1]	0	+	71211131	71211428	0	1	1590,	0,	chrX	71211063	71211636	retro_human_3001	0	+	FAM226B	573
chrX	72464956	72465415	ENSG00000233984[1,1,1]	0	+	72464956	72464956	0	1	459,	0,	chrX	72465006	72465365	RPSAP14-201|processed_pseudogene	0	+	RPSAP14,FTX	359
chrX	72607367	72607644	ENSG00000231549[1,1,1]	0	+	72607367	72607367	0	1	277,	0,	chrX	72607417	72607594	retro_human_9912|ATP5MDP1-201|processed_pseudogene	0	+	ATP5MKP1	177
chrX	72809536	72810399	ENSG00000213269[1,1,1]	0	-	72809536	72809536	0	1	863,	0,	chrX	72809586	72810349	retro_human_9430|AC004386.1-201|processed_pseudogene	0	-	RPS6P26	763
chrX	73016677	73017236	ENSG00000230673[1,1,1]	0	-	73016677	73016677	0	1	559,	0,	chrX	73016727	73017186	PABPC1P3-201|processed_pseudogene	0	-	PABPC1P3,RLIM	459
chrX	74322337	74322626	ENSG00000226753[1,1,1]	0	+	74322337	74322337	0	1	289,	0,	chrX	74322387	74322576	AL451105.1-201|processed_pseudogene	0	+	FOXN3P2	189
chrX	74463469	74464005	ENSG00000232332[1,1,1]	0	+	74463469	74463469	0	1	536,	0,	chrX	74463519	74463955	retro_human_4396|AC233982.1-201|processed_pseudogene	0	+	ARL5AP5	436
chrX	76345687	76400007	ENSG00000248503[1,2,3]	0	+	76399667	76399964	0	2	204,2317,	0,52003,	chrX	76345796	76399958	AL356235.1-201|transcribed_processed_pseudogene	0	+	ATP7A,C4orf46P2	54162
chrX	76345695	76410844	ENSG00000165240[1,14,5]	0	+	76406709	76409839	0	5	196,54,141,64,266,	0,12359,60993,64117,64883,	chrX	76345796	76399958	AL356235.1-201|transcribed_processed_pseudogene	0	+	ATP7A,C4orf46P2	54162
chrX	76345695	76485525	ENSG00000165240[1,31,1]	0	+	76406709	76481647	0	22	196,141,490,726,207,164,162,77,226,92,128,155,135,195,183,217,147,143,204,118,103,4152,	0,60993,77616,78607,87852,92451,98480,100555,100828,104041,105133,109623,110324,118633,120783,122988,128219,129974,131968,132700,134854,135678,	chrX	76345796	76399958	AL356235.1-201|transcribed_processed_pseudogene	0	+	ATP7A,C4orf46P2	54162
chrX	76345695	76485054	ENSG00000165240[1,1,29]	0	+	76406709	76481647	0	23	196,141,490,726,207,164,162,77,226,234,92,128,155,135,195,183,217,147,143,204,118,103,3681,	0,60993,77616,78607,87852,92451,98480,100555,100828,102258,104041,105133,109623,110324,118633,120783,122988,128219,129974,131968,132700,134854,135678,	chrX	76345796	76399958	AL356235.1-201|transcribed_processed_pseudogene	0	+	ATP7A,C4orf46P2	54162
chrX	76345695	76482381	ENSG00000165240[1,1,30]	0	+	76406709	76481647	0	23	196,141,490,726,207,164,162,77,226,234,92,128,155,135,195,183,217,147,143,204,118,103,1008,	0,60993,77616,78607,87852,92451,98480,100555,100828,102258,104041,105133,109623,110324,118633,120783,122988,128219,129974,131968,132700,134854,135678,	chrX	76345796	76399958	AL356235.1-201|transcribed_processed_pseudogene	0	+	ATP7A,C4orf46P2	54162
chrX	76345695	76485525	ENSG00000165240[1,1,1]	0	+	76406709	76481647	0	23	196,141,490,726,207,164,162,77,226,234,92,128,155,135,195,183,217,147,143,204,118,103,4152,	0,60993,77616,78607,87852,92451,98480,100555,100828,102258,104041,105133,109623,110324,118633,120783,122988,128219,129974,131968,132700,134854,135678,	chrX	76345796	76399958	AL356235.1-201|transcribed_processed_pseudogene	0	+	ATP7A,C4orf46P2	54162
chrX	79143675	79144553	ENSG00000225715[1,1,1]	0	+	79143675	79143675	0	1	878,	0,	chrX	79143725	79144503	retro_human_9465|AL512504.1-201|processed_pseudogene	0	+	PSMA1P1	778
chrX	94166218	94167220	ENSG00000270583[1,1,1]	0	+	94166218	94166218	0	1	1002,	0,	chrX	94166268	94167170	retro_human_3607|AL365400.2-201|processed_pseudogene	0	+	LOC100420872	902
chrX	99243669	99245642	ENSG00000238116[1,1,1]	0	+	99243669	99243669	0	1	1973,	0,	chrX	99243719	99245592	retro_human_8643|Z95327.2-201|processed_pseudogene	0	+	RAD21P1	1873
chrX	99399226	99400273	ENSG00000182574[1,1,1]	0	+	99399226	99399226	0	1	1047,	0,	chrX	99399276	99400223	retro_human_8644|Z97985.1-201|processed_pseudogene	0	+	CSGALNACT2P1,XKRX	947
chrX	99635143	99635538	ENSG00000231643[1,1,1]	0	-	99635143	99635143	0	1	395,	0,	chrX	99635193	99635488	Z70280.1-201|processed_pseudogene	0	-	YWHAQP8	295
chrX	99887804	99888301	ENSG00000234557[1,1,1]	0	-	99887804	99887804	0	1	497,	0,	chrX	99887854	99888251	retro_human_2473|PPIAP90-201|processed_pseudogene	0	-	PPIAP90,ARMCX4	397
chrX	99982067	99983957	ENSG00000237682[1,1,1]	0	-	99982067	99982067	0	1	1890,	0,	chrX	99982117	99983907	retro_human_3501|AC234775.2-201|processed_pseudogene	0	-	PRKCIP1	1790
chrX	100223517	100225187	ENSG00000178146[1,1,1]	0	-	100223517	100223517	0	1	1670,	0,	chrX	100223567	100225137	retro_human_2486|AL672207.1-201|processed_pseudogene	0	-	GK4P	1570
chrX	101520686	101538120	ENSG00000147206[1,9,1]	0	-	101527105	101537950	255	19	241,61,133,73,43,116,59,108,56,69,1789,89,70,81,105,84,154,169,198,	0,481,1854,2800,3461,3599,3824,4003,4253,4388,4816,7000,7244,7433,7638,7849,8582,8955,17236,	chrX	101532124	101534204	retro_human_3191|Z75746.1-201|processed_pseudogene	0	+	LOC100128601	2080
chrX	101520686	101538120	ENSG00000147206[1,1,1]	0	-	101521219	101537950	0	20	241,61,133,73,43,116,59,108,56,69,37,110,89,70,81,105,84,154,169,198,	0,481,1854,2800,3461,3599,3824,4003,4253,4388,4816,6495,7000,7244,7433,7638,7849,8582,8955,17236,	chrX	101532124	101534204	retro_human_3191|Z75746.1-201|processed_pseudogene	0	+	LOC100128601	2080
chrX	101532074	101534254	ENSG00000226241[1,1,1]	0	+	101532074	101532074	0	1	2180,	0,	chrX	101532124	101534204	retro_human_3191|Z75746.1-201|processed_pseudogene	0	+	LOC100128601	2080
chrX	105568141	105568852	ENSG00000213569[1,1,1]	0	+	105568141	105568141	0	1	711,	0,	chrX	105568191	105568802	retro_human_1559|AL390039.1-201|processed_pseudogene	0	+	GTF3C6P2	611
chrX	114127074	114127462	ENSG00000228532[1,1,1]	0	-	114127074	114127074	0	1	388,	0,	chrX	114127124	114127412	retro_human_1730|AC005000.1-201|processed_pseudogene	0	-	SUMO2P21	288
chrX	116275324	116351359	ENSG00000003096[1,9,1]	0	-	116276472	116350399	255	8	1633,114,796,197,133,142,113,479,	0,4070,11534,21754,22471,47681,74977,75556,	chrX	116276587	116287642	retro_human_4420	0	-	KLHL13	11055
chrX	116275324	116351359	ENSG00000003096[1,3,1]	0	-	116276472	116350960	0	7	1633,114,796,197,133,142,479,	0,4070,11534,21754,22471,47681,75556,	chrX	116276587	116287642	retro_human_4420	0	-	KLHL13	11055
chrX	116275324	116351200	ENSG00000003096[3,3,1]	0	-	116276472	116350960	0	7	1633,114,796,197,133,142,320,	0,4070,11534,21754,22471,47681,75556,	chrX	116276587	116287642	retro_human_4420	0	-	KLHL13	11055
chrX	116275324	116325564	ENSG00000003096[2,2,1]	0	-	116276472	116323119	0	6	1633,114,796,197,133,2559,	0,4070,11534,21754,22471,47681,	chrX	116276587	116287642	retro_human_4420	0	-	KLHL13	11055
chrX	116275324	116350412	ENSG00000003096[8,1,1]	0	-	116276472	116350399	0	7	1633,114,796,197,133,142,111,	0,4070,11534,21754,22471,47681,74977,	chrX	116276587	116287642	retro_human_4420	0	-	KLHL13	11055
chrX	116275324	116351359	ENSG00000003096[1,1,1]	0	-	116276472	116350399	0	7	1633,114,796,197,133,142,1058,	0,4070,11534,21754,22471,47681,74977,	chrX	116276587	116287642	retro_human_4420	0	-	KLHL13	11055
chrX	116276083	116362936	ENSG00000003096[4,4,2]	0	-	116276472	116362846	0	8	874,114,796,197,133,142,66,131,	0,3311,10775,20995,21712,46922,84962,86722,	chrX	116276587	116287642	retro_human_4420	0	-	KLHL13	11055
chrX	117147483	117148645	ENSG00000250995[1,1,1]	0	+	117147959	117148598	0	1	1162,	0,	chrX	117147533	117148595	retro_human_10966|AL391280.2-201|processed_pseudogene	0	+	TMEM30BP1	1062
chrX	118596353	118620380	ENSG00000233382[2,6,6]	0	-	118596353	118596353	0	2	348,560,	0,23467,	chrX	118496064	118619945	NKAPP1-204|transcribed_processed_pseudogene	0	-	RHOXF1-AS1,RHOXF2,EEF1A1P30,SFR1P1,NKAPP1	23592
chrX	118596353	118620380	ENSG00000233382[2,6,6]	0	-	118596353	118596353	0	2	348,560,	0,23467,	chrX	118596403	118620118	NKAPP1-202|transcribed_processed_pseudogene	0	-	NKAPP1	23715
chrX	118596353	118620380	ENSG00000233382[2,6,6]	0	-	118596353	118596353	0	2	348,560,	0,23467,	chrX	118553548	118620324	NKAPP1-203|transcribed_processed_pseudogene	0	-	EEF1A1P30,SFR1P1,NKAPP1	23971
chrX	118611464	118620380	ENSG00000233382[2,3,2]	0	-	118611464	118611464	0	3	1835,129,560,	0,3819,8356,	chrX	118596403	118620118	NKAPP1-202|transcribed_processed_pseudogene	0	-	NKAPP1	8654
chrX	118611464	118620380	ENSG00000233382[2,3,2]	0	-	118611464	118611464	0	3	1835,129,560,	0,3819,8356,	chrX	118553548	118620324	NKAPP1-203|transcribed_processed_pseudogene	0	-	EEF1A1P30,SFR1P1,NKAPP1	8860
chrX	118612987	118620380	ENSG00000233382[2,3,7]	0	-	118612987	118612987	0	3	312,129,560,	0,2296,6833,	chrX	118596403	118620118	NKAPP1-202|transcribed_processed_pseudogene	0	-	NKAPP1	7131
chrX	118612987	118620380	ENSG00000233382[2,3,7]	0	-	118612987	118612987	0	3	312,129,560,	0,2296,6833,	chrX	118553548	118620324	NKAPP1-203|transcribed_processed_pseudogene	0	-	EEF1A1P30,SFR1P1,NKAPP1	7337
chrX	121913545	121914438	ENSG00000232149[1,1,1]	0	+	121913545	121913545	0	1	893,	0,	chrX	121913595	121914388	retro_human_5764|FERP1-201|processed_pseudogene	0	+	FERP1,THOC2	793
chrX	128490404	128503725	ENSG00000134594[2,1,1]	0	+	128490868	128503542	0	2	722,636,	0,12685,	chrX	128490974	128503524	retro_human_1143	0	+	RAB33A	12550
chrX	128490717	128503725	ENSG00000134594[1,1,1]	0	+	128490868	128503542	0	2	409,636,	0,12372,	chrX	128490974	128503524	retro_human_1143	0	+	RAB33A	12550
chrX	128965440	128966143	ENSG00000238188[1,1,1]	0	+	128965440	128965440	0	1	703,	0,	chrX	128965490	128966093	retro_human_1146|AL049733.1-201|processed_pseudogene	0	+	SPRING1P2	603
chrX	129597558	129603175	ENSG00000147255[7,12,1]	0	-	129597901	129602846	255	10	476,124,279,288,288,288,288,279,291,202,	0,627,1143,1543,2022,2505,3483,4400,5005,5415,	chrX	129600134	129601321	retro_human_8591	0	-	IGSF1	1187
chrX	129597558	129605499	ENSG00000147255[9,20,1]	0	-	129597901	129603407	255	11	476,124,279,288,288,288,288,279,291,33,2126,	0,627,1143,1543,2022,2505,3483,4400,5005,5687,5815,	chrX	129600134	129601321	retro_human_8591	0	-	IGSF1	1187
chrX	129597558	129603175	ENSG00000147255[7,19,1]	0	-	129597901	129602882	255	9	476,124,279,288,288,288,288,279,612,	0,627,1143,1543,2022,2505,3483,4400,5005,	chrX	129600134	129601321	retro_human_8591	0	-	IGSF1	1187
chrX	129597558	129602862	ENSG00000147255[12,19,1]	0	-	129597901	129602846	255	9	476,124,279,288,288,288,288,279,299,	0,627,1143,1543,2022,2505,3483,4400,5005,	chrX	129600134	129601321	retro_human_8591	0	-	IGSF1	1187
chrX	130119844	130120455	ENSG00000241418[1,1,1]	0	-	130119844	130119844	0	1	611,	0,	chrX	130119894	130120405	retro_human_8572|MCRIP2P1-201|processed_pseudogene	0	-	MCRIP2P1,FIRRE	511
chrX	131231933	131232330	ENSG00000227064[1,1,1]	0	-	131232012	131232252	0	1	397,	0,	chrX	131231983	131232280	retro_human_11011|Z82205.1-201|processed_pseudogene	0	-	NAA20P1	297
chrX	131996052	131996568	ENSG00000227008[1,1,1]	0	+	131996052	131996052	0	1	516,	0,	chrX	131996102	131996518	retro_human_6090|AL009174.1-201|processed_pseudogene	0	+	RPS24P19	416
chrX	137116763	137117581	ENSG00000235975[1,1,1]	0	+	137116763	137116763	0	1	818,	0,	chrX	137116813	137117531	retro_human_6221|Z83313.1-201|processed_pseudogene	0	+	LOC100130620	718
chrX	151872918	151882912	ENSG00000260081[1,2,2]	0	+	151872918	151872918	0	2	634,2073,	0,7921,	chrX	151873025	151878006	AF274858.1-204|transcribed_processed_pseudogene	0	+	LOC105373383	4981
chrX	151872918	151882912	ENSG00000260081[1,2,2]	0	+	151872918	151872918	0	2	634,2073,	0,7921,	chrX	151872968	151882862	AF274858.1-201|transcribed_processed_pseudogene	0	+	KRT18P48,LOC105373383,MRFAP1P1	9894
chrX	151872918	151882912	ENSG00000260081[1,2,2]	0	+	151872918	151872918	0	2	634,2073,	0,7921,	chrX	151873016	151881587	AF274858.1-203|transcribed_processed_pseudogene	0	+	KRT18P48,LOC105373383,MRFAP1P1	8571
chrX	151872918	151882912	ENSG00000260081[1,2,2]	0	+	151872918	151872918	0	2	634,2073,	0,7921,	chrX	151873096	151887537	AF274858.1-205|transcribed_processed_pseudogene	0	+	KRT18P48,LOC105373383,MRFAP1P1	9816
chrX	151872918	151881637	ENSG00000260081[1,5,6]	0	+	151872918	151872918	0	2	634,1540,	0,7179,	chrX	151873025	151878006	AF274858.1-204|transcribed_processed_pseudogene	0	+	LOC105373383	4981
chrX	151872918	151881637	ENSG00000260081[1,5,6]	0	+	151872918	151872918	0	2	634,1540,	0,7179,	chrX	151872968	151882862	AF274858.1-201|transcribed_processed_pseudogene	0	+	KRT18P48,LOC105373383,MRFAP1P1	8669
chrX	151872918	151881637	ENSG00000260081[1,5,6]	0	+	151872918	151872918	0	2	634,1540,	0,7179,	chrX	151873016	151881587	AF274858.1-203|transcribed_processed_pseudogene	0	+	KRT18P48,LOC105373383,MRFAP1P1	8571
chrX	151872918	151881637	ENSG00000260081[1,5,6]	0	+	151872918	151872918	0	2	634,1540,	0,7179,	chrX	151873096	151887537	AF274858.1-205|transcribed_processed_pseudogene	0	+	KRT18P48,LOC105373383,MRFAP1P1	8541
chrX	151872918	151873597	ENSG00000260081[1,1,4]	0	+	151872918	151872918	0	1	679,	0,	chrX	151872993	151873547	AF274858.1-202|transcribed_processed_pseudogene	0	+	LOC105373383	554
chrX	151872918	151873597	ENSG00000260081[1,1,4]	0	+	151872918	151872918	0	1	679,	0,	chrX	151873025	151878006	AF274858.1-204|transcribed_processed_pseudogene	0	+	LOC105373383	572
chrX	151873234	151873597	ENSG00000260081[4,1,4]	0	+	151873234	151873234	0	1	363,	0,	chrX	151872993	151873547	AF274858.1-202|transcribed_processed_pseudogene	0	+	LOC105373383	313
chrX	152638956	152640166	ENSG00000013563[4,7,3]	0	-	152639460	152639601	0	3	754,113,125,	0,832,1085,	chrX	152639299	152639899	retro_human_2580	0	-	DNASE1L1	600
chrX	153495492	153501849	ENSG00000155961[1,1,1]	0	-	153498113	153501596	0	2	3045,468,	0,5889,	chrX	153498177	153501584	retro_human_1437	0	-	RAB39B	3407
chrX	153496454	153501849	ENSG00000155961[1,1,2]	0	-	153498113	153501596	0	2	2083,468,	0,4927,	chrX	153498177	153501584	retro_human_1437	0	-	RAB39B	3407
chrX	153497986	153501849	ENSG00000155961[1,1,3]	0	-	153498113	153501596	0	2	551,468,	0,3395,	chrX	153498177	153501584	retro_human_1437	0	-	RAB39B	3407
chrX	153527625	153528719	ENSG00000225008[1,1,1]	0	-	153528319	153528463	0	1	1094,	0,	chrX	153527675	153528669	retro_human_1436|AC234781.2-201|processed_pseudogene	0	-	TWF1P2	994
chr10	10786435	10786974	ENSG00000228997[1,1,1]	0	-	10786435	10786435	0	1	539,	0,	chr10	10786485	10786924	retro_human_7878|AL136452.1-201|processed_pseudogene	0	-	ORMDL1P1	439
chr10	13604411	13605375	ENSG00000227474[1,1,1]	0	-	13604411	13604411	0	1	964,	0,	chr10	13604461	13605325	retro_human_921|RPL6P24-201|processed_pseudogene	0	-	RPL6P24,PRPF18	864
chr10	27280962	27289564	ENSG00000230445[2,2,2]	0	-	27280962	27280962	0	4	233,211,81,148,	0,353,6966,8454,	chr10	27281012	27289514	LRRC37A6P-204|transcribed_processed_pseudogene	0	-	ODAD2P1,LRRC37A6P	8502
chr10	32539937	32540439	ENSG00000231245[1,1,1]	0	-	32539937	32539937	0	1	502,	0,	chr10	32539987	32540389	retro_human_1288|C1DP1-201|processed_pseudogene	0	-	C1DP1,CCDC7	402
chr10	44404120	44406182	ENSG00000236114[1,1,1]	0	+	44404120	44404120	0	1	2062,	0,	chr10	44404132	44404711	retro_human_592	0	+	LOC100130881,ZNF487	579
chr10	44404120	44406182	ENSG00000236114[1,1,1]	0	+	44404120	44404120	0	1	2062,	0,	chr10	44404888	44405841	retro_human_591	0	+	LOC100130881,ZNF487	953
chr10	47662407	47664267	ENSG00000215097[1,1,1]	0	-	47662407	47662407	0	1	1860,	0,	chr10	47662457	47664217	retro_human_6042|AL731733.1-201|processed_pseudogene	0	-	DUSP8P2	1760
chr10	48455504	48457365	ENSG00000215065[1,1,1]	0	+	48455504	48455504	0	1	1861,	0,	chr10	48455554	48457315	retro_human_2292|BX547991.1-201|processed_pseudogene	0	+	DUSP8P1,GLUD1P6	1761
chr10	48597327	48598548	ENSG00000226964[2,1,2]	0	+	48597327	48597327	0	1	1221,	0,	chr10	48597533	48598133	retro_human_2291|RHEBP2-201|processed_pseudogene	0	+	LOC107984289,SHLD2P3	600
chr10	48597483	48598183	ENSG00000226964[1,1,1]	0	+	48597483	48597483	0	1	700,	0,	chr10	48597533	48598133	retro_human_2291|RHEBP2-201|processed_pseudogene	0	+	LOC107984289,SHLD2P3	600
chr10	51473526	51484577	ENSG00000226200[1,1,4]	0	+	51473526	51473526	0	4	299,136,148,6384,	0,1777,4121,4667,	chr10	51478148	51479692	retro_human_267|SHQ1P1-201|processed_pseudogene	0	-	SHQ1P1,SGMS1-AS1	1544
chr10	73431538	73431831	ENSG00000230609[1,1,1]	0	+	73431538	73431538	0	1	293,	0,	chr10	73431588	73431781	retro_human_3054|AL513185.2-201|processed_pseudogene	0	+	COX7CP4	193
chr10	75396790	75399826	ENSG00000156110[4,13,5]	0	+	75396874	75399534	0	2	113,590,	0,2446,	chr10	75399060	75399424	retro_human_8504|MRPL35P3-201|processed_pseudogene	0	+	LOC102723439,ADK,MRPL35P3	364
chr10	75399010	75399474	ENSG00000226253[1,1,1]	0	+	75399160	75399259	0	1	464,	0,	chr10	75399060	75399424	retro_human_8504|MRPL35P3-201|processed_pseudogene	0	+	LOC102723439,ADK,MRPL35P3	364
chr10	80381612	80385620	ENSG00000253626[1,1,1]	0	+	80381779	80382241	0	1	4008,	0,	chr10	80384105	80395762	retro_human_5628	0	-	EIF5AL1	1515
chr10	81035470	81038218	ENSG00000122359[5,7,4]	0	-	81035903	81038214	0	3	636,88,169,	0,877,2579,	chr10	81035793	81036107	retro_human_11115	0	-	ANXA11	314
chr10	90720696	90724412	ENSG00000232229[3,2,1]	0	+	90720696	90720696	255	1	3716,	0,	chr10	90721110	90722833	retro_human_1796|MARK2P16-201|processed_pseudogene	0	-	MARK2P16,LINC00865	1723
chr10	90721060	90722883	ENSG00000270670[1,1,1]	0	-	90721060	90721060	0	1	1823,	0,	chr10	90721110	90722833	retro_human_1796|MARK2P16-201|processed_pseudogene	0	-	MARK2P16,LINC00865	1723
chr10	97068620	97069577	ENSG00000229417[1,1,1]	0	-	97068620	97068620	0	1	957,	0,	chr10	97068670	97069527	retro_human_3369|NPM1P25-201|processed_pseudogene	0	-	NPM1P25,BLNK	857
chr10	97252398	97254747	ENSG00000095587[2,2,2]	0	-	97252902	97253088	0	2	1509,103,	0,2246,	chr10	97252936	97253262	retro_human_3366	0	-	TLL2	326
chr10	101132477	101133402	ENSG00000230224[1,1,1]	0	+	101132477	101132477	0	1	925,	0,	chr10	101132527	101133352	retro_human_9715|PHBP9-201|processed_pseudogene	0	+	PHB1P9	825
chr10	120623567	120726780	ENSG00000198825[1,16,1]	0	+	120689508	120725360	0	18	368,81,168,57,199,180,68,125,78,121,129,118,199,72,74,129,88,2567,	0,25073,65881,66169,70727,71473,72555,78185,79396,80372,81944,84112,85769,94861,96446,97086,97830,100646,	chr10	120691168	120713539	PHACTR2P1-202|transcribed_processed_pseudogene	0	-	INPP5F,PHACTR2P1,LOC105378513	22371
chr10	120623567	120724970	ENSG00000198825[1,1,9]	0	+	120695115	120696170	0	20	368,81,137,129,168,57,199,180,68,125,78,121,129,118,199,72,74,129,88,757,	0,25073,55625,65529,65881,66169,70727,71473,72555,78185,79396,80372,81944,84112,85769,94861,96446,97086,97830,100646,	chr10	120691168	120713539	PHACTR2P1-202|transcribed_processed_pseudogene	0	-	INPP5F,PHACTR2P1,LOC105378513	22371
chr10	120623567	120726780	ENSG00000198825[1,1,1]	0	+	120623838	120725360	0	20	368,81,137,129,168,57,199,180,68,125,78,121,129,118,199,72,74,129,88,2567,	0,25073,55625,65529,65881,66169,70727,71473,72555,78185,79396,80372,81944,84112,85769,94861,96446,97086,97830,100646,	chr10	120691168	120713539	PHACTR2P1-202|transcribed_processed_pseudogene	0	-	INPP5F,PHACTR2P1,LOC105378513	22371
chr10	120716396	120716764	ENSG00000282413[1,1,1]	0	+	120716480	120716711	0	1	368,	0,	chr10	120716446	120716714	retro_human_8901|AL133461.1-201|processed_pseudogene	0	+	INPP5F	268
chr10	134592155	134594362	ENSG00000233435[1,1,1]	0	+	134592155	134592155	0	1	2207,	0,	chr10	134592205	134594312	retro_human_2637|AGGF1P2-201|processed_pseudogene	0	+	AGGF1P2	2107
chr11	873401	875061	ENSG00000177666[4,4,3]	0	+	873505	873709	0	2	641,96,	0,1564,	chr11	873830	874105	retro_human_3778	0	+	PNPLA2	275
chr11	4666039	4666905	ENSG00000167333[2,2,3]	0	-	4666480	4666816	0	2	77,589,	0,277,	chr11	4665497	4666150	retro_human_9299	0	-	TRIM68	111
chr11	5301282	5302956	ENSG00000229988[1,2,3]	0	-	5301282	5301282	255	3	338,223,107,	0,1192,1567,	chr11	5302436	5302684	retro_human_3933	0	-	HBBP1	248
chr11	5301282	5302956	ENSG00000229988[1,1,3]	0	-	5301282	5301282	0	3	338,223,138,	0,1192,1536,	chr11	5302436	5302684	retro_human_3933	0	-	HBBP1	248
chr11	5301442	5302956	ENSG00000229988[1,2,2]	0	-	5301442	5301442	255	3	178,223,107,	0,1032,1407,	chr11	5302436	5302684	retro_human_3933	0	-	HBBP1	248
chr11	6902024	6903127	ENSG00000254712[1,1,1]	0	-	6902024	6902024	0	1	1103,	0,	chr11	6902074	6903077	retro_human_3530|AC087280.1-201|processed_pseudogene	0	-	LOC100131597	1003
chr11	7842018	7842829	ENSG00000241008[1,1,1]	0	+	7842018	7842018	0	1	811,	0,	chr11	7842068	7842779	retro_human_10214|AC044810.1-201|processed_pseudogene	0	+	RPL7AP55	711
chr11	9744541	9745124	ENSG00000239470[1,1,1]	0	+	9744541	9744541	0	1	583,	0,	chr11	9744591	9745074	retro_human_10212|AC011979.1-201|processed_pseudogene	0	+	RPL21P97	483
chr11	10043094	10044241	ENSG00000254765[1,1,1]	0	-	10043311	10043617	0	1	1147,	0,	chr11	10043144	10044191	retro_human_9011|AC011092.1-201|processed_pseudogene	0	-	GLULP2	1047
chr11	10356492	10356800	ENSG00000254719[1,1,1]	0	-	10356546	10356750	0	1	308,	0,	chr11	10356542	10356750	retro_human_9012|AC080023.2-201|processed_pseudogene	0	-	LOC653503	208
chr11	17071789	17071927	ENSG00000244398[2,1,1]	0	-	17071789	17071789	0	1	138,	0,	chr11	17071839	17072160	retro_human_3134|AC116533.1-201|processed_pseudogene	0	-	RPL36AP37	88
chr11	17071789	17072210	ENSG00000244398[1,1,1]	0	-	17071842	17072160	0	1	421,	0,	chr11	17071839	17072160	retro_human_3134|AC116533.1-201|processed_pseudogene	0	-	RPL36AP37	321
chr11	17325865	17326838	ENSG00000197149[1,1,1]	0	+	17325865	17325865	0	1	973,	0,	chr11	17325915	17326788	retro_human_5905|AC107956.1-201|processed_pseudogene	0	+	RPS2P40	873
chr11	18686809	18702062	ENSG00000247595[3,8,1]	0	+	18686809	18686809	255	3	265,38,199,	0,14440,15054,	chr11	18693542	18697774	retro_human_8585|AC112694.1-201|transcribed_processed_pseudogene	0	-	LOC112268073,MTCH1P2	4232
chr11	18686809	18702062	ENSG00000247595[3,8,1]	0	+	18686809	18686809	255	3	265,38,199,	0,14440,15054,	chr11	18693987	18697685	AC112694.1-203|transcribed_processed_pseudogene	0	-	LOC112268073,MTCH1P2	3698
chr11	27624247	27624630	ENSG00000242527[1,1,1]	0	+	27624247	27624247	0	1	383,	0,	chr11	27624301	27624580	retro_human_1072|AC100771.1-201|processed_pseudogene	0	+	RPL37AP7	279
chr11	27722353	27722828	ENSG00000240036[1,1,1]	0	+	27722353	27722353	0	1	475,	0,	chr11	27722403	27722779	retro_human_145|AC104563.1-201|processed_pseudogene	0	+	RPS25P1	376
chr11	33211066	33212059	ENSG00000213713[1,1,1]	0	-	33211066	33211066	0	1	993,	0,	chr11	33211116	33212009	PIGCP1-201|processed_pseudogene	0	-	LINC00294,PIGCP1	893
chr11	33211649	33215054	ENSG00000280798[1,1,1]	0	+	33212182	33212510	0	1	3405,	0,	chr11	33211116	33212009	PIGCP1-201|processed_pseudogene	0	-	LINC00294,PIGCP1	360
chr11	33325537	33326079	ENSG00000241950[1,1,1]	0	-	33325537	33325537	0	1	542,	0,	chr11	33325587	33326029	retro_human_2762|RPL29P23-201|processed_pseudogene	0	-	RPL29P23,CSTF3-DT	442
chr11	33372430	33372932	ENSG00000241255[1,1,1]	0	+	33372430	33372430	0	1	502,	0,	chr11	33372480	33372882	retro_human_1480|AL136126.1-201|processed_pseudogene	0	+	RPS24P15	402
chr11	33995565	34007624	ENSG00000135363[6,10,1]	0	-	33996399	34006431	255	5	1051,216,241,163,239,	0,6081,10825,11304,11820,	chr11	33996424	34001816	retro_human_8235	0	-	LMO2	5392
chr11	33995565	34007624	ENSG00000135363[6,11,1]	0	-	33996399	34006431	255	4	1051,216,241,235,	0,6081,10825,11824,	chr11	33996424	34001816	retro_human_8235	0	-	LMO2	5392
chr11	33995565	34007624	ENSG00000135363[6,12,1]	0	-	33996399	34006431	255	4	1051,216,642,235,	0,6081,10825,11824,	chr11	33996424	34001816	retro_human_8235	0	-	LMO2	5392
chr11	33995565	34007624	ENSG00000135363[6,13,1]	0	-	33996399	34006431	255	5	1051,216,241,163,235,	0,6081,10825,11304,11824,	chr11	33996424	34001816	retro_human_8235	0	-	LMO2	5392
chr11	33995565	34007407	ENSG00000135363[5,8,1]	0	-	33996399	34006761	255	4	1051,216,241,653,	0,6081,10825,11189,	chr11	33996424	34001816	retro_human_8235	0	-	LMO2	5392
chr11	33995565	34006911	ENSG00000135363[2,8,1]	0	-	33996399	34006761	255	4	1051,216,241,157,	0,6081,10825,11189,	chr11	33996424	34001816	retro_human_8235	0	-	LMO2	5392
chr11	33995565	34007407	ENSG00000135363[5,9,1]	0	-	33996399	34006431	255	4	1051,216,241,538,	0,6081,10825,11304,	chr11	33996424	34001816	retro_human_8235	0	-	LMO2	5392
chr11	33995565	34006911	ENSG00000135363[2,9,1]	0	-	33996399	34006431	255	4	1051,216,241,42,	0,6081,10825,11304,	chr11	33996424	34001816	retro_human_8235	0	-	LMO2	5392
chr11	33995565	34002246	ENSG00000135363[3,3,1]	0	-	33996399	34001882	0	2	1051,600,	0,6081,	chr11	33996424	34001816	retro_human_8235	0	-	LMO2	5392
chr11	33995565	34006911	ENSG00000135363[2,4,1]	0	-	33996399	34001882	0	3	1051,328,521,	0,6081,10825,	chr11	33996424	34001816	retro_human_8235	0	-	LMO2	5392
chr11	33995565	34006631	ENSG00000135363[4,4,1]	0	-	33996399	34001882	0	3	1051,328,241,	0,6081,10825,	chr11	33996424	34001816	retro_human_8235	0	-	LMO2	5392
chr11	33995565	34007407	ENSG00000135363[5,2,1]	0	-	33996399	34006431	0	3	1051,216,1017,	0,6081,10825,	chr11	33996424	34001816	retro_human_8235	0	-	LMO2	5392
chr11	33995565	34006631	ENSG00000135363[4,2,1]	0	-	33996399	34006431	0	3	1051,216,241,	0,6081,10825,	chr11	33996424	34001816	retro_human_8235	0	-	LMO2	5392
chr11	33995565	34006911	ENSG00000135363[2,2,1]	0	-	33996399	34006431	0	3	1051,216,521,	0,6081,10825,	chr11	33996424	34001816	retro_human_8235	0	-	LMO2	5392
chr11	34471799	34472785	ENSG00000254708[1,1,1]	0	-	34472320	34472554	0	1	986,	0,	chr11	34471849	34472735	retro_human_8236|AL139174.1-201|processed_pseudogene	0	-	MMADHCP2	886
chr11	34847609	34848271	ENSG00000271369[1,1,1]	0	+	34847609	34847609	0	1	662,	0,	chr11	34847659	34848221	retro_human_5521|AC087783.1-201|processed_pseudogene	0	+	NDUFB8P3	562
chr11	36105653	36107420	ENSG00000254672[1,1,1]	0	-	36105653	36105653	0	1	1767,	0,	chr11	36105703	36107370	retro_human_8233|AL136146.1-201|processed_pseudogene	0	-	WEE2P1	1667
chr11	40591851	40593789	ENSG00000254579[1,1,2]	0	-	40591851	40591851	0	1	1938,	0,	chr11	40591901	40593739	retro_human_5590|AC090720.1-202|transcribed_processed_pseudogene	0	-	LOC100419712	1838
chr11	46584684	46585513	ENSG00000244313[3,1,1]	0	-	46584737	46585232	0	1	829,	0,	chr11	46584734	46585232	retro_human_5595|AC024293.1-201|processed_pseudogene	0	-	RPS10P19	498
chr11	46584684	46584893	ENSG00000244313[2,1,1]	0	-	46584684	46584684	0	1	209,	0,	chr11	46584734	46585232	retro_human_5595|AC024293.1-201|processed_pseudogene	0	-	RPS10P19	159
chr11	46584684	46585282	ENSG00000244313[1,1,1]	0	-	46584737	46585232	0	1	598,	0,	chr11	46584734	46585232	retro_human_5595|AC024293.1-201|processed_pseudogene	0	-	RPS10P19	498
chr11	46875167	46876264	ENSG00000180210[1,3,2]	0	+	46875257	46875935	0	2	169,541,	0,556,	chr11	46875723	46875944	retro_human_6745	0	+	F2	221
chr11	48074812	48075197	ENSG00000254780[1,1,1]	0	-	48074812	48074812	0	1	385,	0,	chr11	48074862	48075147	retro_human_10423|AC023232.1-201|processed_pseudogene	0	-	LOC100287189	285
chr11	49162919	49169039	ENSG00000254764[1,1,1]	0	-	49162919	49162919	0	6	549,98,23,231,96,461,	0,1642,2603,3327,5278,5659,	chr11	49162973	49168989	retro_human_1405	0	-	TRIM53CP	6016
chr11	49610676	49611735	ENSG00000226268[1,1,1]	0	-	49610676	49610676	0	1	1059,	0,	chr11	49610726	49611685	retro_human_1409|AC135977.1-201|processed_pseudogene	0	-	LOC653698	959
chr11	50069528	50071144	ENSG00000255111[1,1,1]	0	-	50069528	50069528	0	1	1616,	0,	chr11	50069578	50071094	retro_human_1411|AP006587.2-201|processed_pseudogene	0	-	ANKRD33BP5	1516
chr11	56628439	56628798	ENSG00000238041[1,1,1]	0	+	56628439	56628439	0	1	359,	0,	chr11	56628489	56628748	retro_human_3704|AP004245.1-201|processed_pseudogene	0	+	TMEM230P2	259
chr11	58917059	58917855	ENSG00000254877[1,1,1]	0	-	58917059	58917059	0	1	796,	0,	chr11	58917109	58917805	retro_human_1019|AP001636.2-201|processed_pseudogene	0	-	LOC100422398	696
chr11	59091244	59091834	ENSG00000255381[1,1,1]	0	-	59091244	59091244	0	1	590,	0,	chr11	59091294	59091784	retro_human_6855|AP001258.1-201|processed_pseudogene	0	-	LOC100422399	490
chr11	59238036	59240284	ENSG00000254704[1,1,1]	0	-	59238036	59238036	0	1	2248,	0,	chr11	59238086	59240234	AP002358.2-201|processed_pseudogene	0	-	LOC643709	2148
chr11	62001335	62002287	ENSG00000244176[1,1,1]	0	-	62001335	62001335	0	1	952,	0,	chr11	62001385	62002237	retro_human_6854|AP003733.1-201|processed_pseudogene	0	-	RPS2P37	852
chr11	63823955	63824332	ENSG00000256280[1,1,1]	0	-	63823955	63823955	0	1	377,	0,	chr11	63824005	63824282	retro_human_2982|AP006289.1-201|processed_pseudogene	0	-	ATP5MGP1	277
chr11	64303701	64306060	ENSG00000173153[4,6,4]	0	+	64304035	64305944	0	3	347,129,373,	0,518,1986,	chr11	64304963	64305262	retro_human_4481	0	+	ESRRA	299
chr11	64844923	64873005	ENSG00000110047[2,1,1]	0	-	64847667	64871706	0	5	3266,165,413,98,1703,	0,3730,8240,22739,26379,	chr11	64853257	64871655	retro_human_2984	0	-	EHD1	18398
chr11	64846009	64868958	ENSG00000110047[6,14,2]	0	-	64847667	64853391	255	3	2180,165,15795,	0,2644,7154,	chr11	64853257	64871655	retro_human_2984	0	-	EHD1	15701
chr11	64846009	64871913	ENSG00000110047[1,1,2]	0	-	64847667	64871706	0	5	2180,165,413,98,611,	0,2644,7154,21653,25293,	chr11	64853257	64871655	retro_human_2984	0	-	EHD1	18398
chr11	64846910	64868958	ENSG00000110047[6,14,11]	0	-	64847667	64853391	255	3	1279,165,15795,	0,1743,6253,	chr11	64853257	64871655	retro_human_2984	0	-	EHD1	15701
chr11	64846910	64871913	ENSG00000110047[1,1,11]	0	-	64847667	64871706	0	5	1279,165,413,98,611,	0,1743,6253,20752,24392,	chr11	64853257	64871655	retro_human_2984	0	-	EHD1	18398
chr11	64852815	64871913	ENSG00000110047[1,9,7]	0	-	64852977	64871706	0	3	761,98,611,	0,14847,18487,	chr11	64853257	64871655	retro_human_2984	0	-	EHD1	18398
chr11	65368459	65371393	ENSG00000162241[4,6,1]	0	-	65369853	65370412	0	3	755,140,1258,	0,1394,1676,	chr11	65369779	65370451	retro_human_8819	0	-	SLC25A45	672
chr11	65369461	65375376	ENSG00000162241[2,4,2]	0	-	65369727	65375270	0	5	532,259,72,44,143,	0,674,3723,3988,5772,	chr11	65369779	65370451	retro_human_8819	0	-	SLC25A45	672
chr11	67844568	67844776	ENSG00000254792[1,1,1]	0	+	67844568	67844568	0	1	208,	0,	chr11	67844618	67844726	AP003716.1-201|processed_pseudogene	0	+	ENPP7P7	108
chr11	67939139	67939608	ENSG00000254850[1,1,1]	0	+	67939139	67939139	0	1	469,	0,	chr11	67939189	67939558	AC004923.2-201|processed_pseudogene	0	+	LOC105369359	369
chr11	71432978	71433398	ENSG00000254924[1,1,1]	0	-	71432978	71432978	0	1	420,	0,	chr11	71433028	71433348	retro_human_9343|AP000867.2-201|processed_pseudogene	0	-	S100A11P3	320
chr11	73850764	73851396	ENSG00000256898[1,1,1]	0	-	73850764	73850764	0	1	632,	0,	chr11	73850814	73851346	retro_human_5896|AP002770.2-201|processed_pseudogene	0	-	ARPC3P4	532
chr11	74414963	74415535	ENSG00000254974[1,1,1]	0	-	74414963	74414963	0	1	572,	0,	chr11	74415013	74415485	retro_human_5900|AP001372.4-201|processed_pseudogene	0	-	LOC107984356	472
chr11	74675180	74675679	ENSG00000227615[1,1,1]	0	-	74675180	74675180	0	1	499,	0,	chr11	74675230	74675629	retro_human_5891|AP001324.1-201|processed_pseudogene	0	-	RPS12P22	399
chr11	74770374	74878784	ENSG00000166435[1,2,1]	0	-	74772717	74836721	0	16	2594,106,116,199,348,116,94,41,218,129,134,98,73,72,185,323,	0,2994,3308,4213,7250,10223,11124,22117,65379,66285,80356,86534,89443,92946,96029,108087,	chr11	74805799	74843277	AP001992.1-201|transcribed_processed_pseudogene	0	+	XRRA1	37478
chr11	74770374	74878784	ENSG00000166435[1,2,1]	0	-	74772717	74836721	0	16	2594,106,116,199,348,116,94,41,218,129,134,98,73,72,185,323,	0,2994,3308,4213,7250,10223,11124,22117,65379,66285,80356,86534,89443,92946,96029,108087,	chr11	74806273	74849479	AP001992.1-202|transcribed_processed_pseudogene	0	+	XRRA1,RPL31P46	43206
chr11	74772432	74835926	ENSG00000166435[4,8,3]	0	-	74772717	74835768	0	8	536,106,116,199,348,116,94,173,	0,936,1250,2155,5192,8165,9066,63321,	chr11	74805799	74843277	AP001992.1-201|transcribed_processed_pseudogene	0	+	XRRA1	30127
chr11	74772432	74835926	ENSG00000166435[4,8,3]	0	-	74772717	74835768	0	8	536,106,116,199,348,116,94,173,	0,936,1250,2155,5192,8165,9066,63321,	chr11	74806273	74849479	AP001992.1-202|transcribed_processed_pseudogene	0	+	XRRA1,RPL31P46	29653
chr11	74772432	74878784	ENSG00000166435[1,3,3]	0	-	74772932	74870398	0	15	536,116,199,348,116,218,129,134,98,73,48,185,98,68,323,	0,1250,2155,5192,8165,63321,64227,78298,84476,87385,90912,93971,97872,102119,106029,	chr11	74805799	74843277	AP001992.1-201|transcribed_processed_pseudogene	0	+	XRRA1	37478
chr11	74772432	74878784	ENSG00000166435[1,3,3]	0	-	74772932	74870398	0	15	536,116,199,348,116,218,129,134,98,73,48,185,98,68,323,	0,1250,2155,5192,8165,63321,64227,78298,84476,87385,90912,93971,97872,102119,106029,	chr11	74806273	74849479	AP001992.1-202|transcribed_processed_pseudogene	0	+	XRRA1,RPL31P46	43206
chr11	74772432	74878784	ENSG00000166435[1,2,3]	0	-	74772717	74836721	0	16	536,106,116,199,348,116,94,41,218,129,134,98,73,72,185,323,	0,936,1250,2155,5192,8165,9066,20059,63321,64227,78298,84476,87385,90888,93971,106029,	chr11	74805799	74843277	AP001992.1-201|transcribed_processed_pseudogene	0	+	XRRA1	37478
chr11	74772432	74878784	ENSG00000166435[1,2,3]	0	-	74772717	74836721	0	16	536,106,116,199,348,116,94,41,218,129,134,98,73,72,185,323,	0,936,1250,2155,5192,8165,9066,20059,63321,64227,78298,84476,87385,90888,93971,106029,	chr11	74806273	74849479	AP001992.1-202|transcribed_processed_pseudogene	0	+	XRRA1,RPL31P46	43206
chr11	74835817	74878784	ENSG00000166435[1,19,8]	0	-	74835817	74835817	0	9	154,129,134,98,73,72,185,68,323,	0,842,14913,21091,24000,27503,30586,38734,42644,	chr11	74843107	74849328	AP001992.1-204|transcribed_processed_pseudogene	0	+	RPL31P46	6221
chr11	74835817	74878784	ENSG00000166435[1,19,8]	0	-	74835817	74835817	0	9	154,129,134,98,73,72,185,68,323,	0,842,14913,21091,24000,27503,30586,38734,42644,	chr11	74805799	74843277	AP001992.1-201|transcribed_processed_pseudogene	0	+	XRRA1	7460
chr11	74835817	74878784	ENSG00000166435[1,19,8]	0	-	74835817	74835817	0	9	154,129,134,98,73,72,185,68,323,	0,842,14913,21091,24000,27503,30586,38734,42644,	chr11	74806273	74849479	AP001992.1-202|transcribed_processed_pseudogene	0	+	XRRA1,RPL31P46	13662
chr11	74835817	74878784	ENSG00000166435[1,19,8]	0	-	74835817	74835817	0	9	154,129,134,98,73,72,185,68,323,	0,842,14913,21091,24000,27503,30586,38734,42644,	chr11	74840889	74849523	AP001992.1-203|transcribed_processed_pseudogene	0	+	RPL31P46	8634
chr11	74839383	74878784	ENSG00000166435[1,20,11]	0	-	74839383	74839383	0	8	144,134,98,73,72,185,68,323,	0,11347,17525,20434,23937,27020,35168,39078,	chr11	74843107	74849328	AP001992.1-204|transcribed_processed_pseudogene	0	+	RPL31P46	6221
chr11	74839383	74878784	ENSG00000166435[1,20,11]	0	-	74839383	74839383	0	8	144,134,98,73,72,185,68,323,	0,11347,17525,20434,23937,27020,35168,39078,	chr11	74806273	74849479	AP001992.1-202|transcribed_processed_pseudogene	0	+	XRRA1,RPL31P46	10096
chr11	74839383	74878784	ENSG00000166435[1,20,11]	0	-	74839383	74839383	0	8	144,134,98,73,72,185,68,323,	0,11347,17525,20434,23937,27020,35168,39078,	chr11	74840889	74849523	AP001992.1-203|transcribed_processed_pseudogene	0	+	RPL31P46	8634
chr11	74849053	74849589	ENSG00000241170[3,1,2]	0	+	74849053	74849053	0	1	536,	0,	chr11	74848345	74849539	retro_human_4885|AP001992.1-205|transcribed_processed_pseudogene	0	+	RPL31P46	486
chr11	74849053	74849589	ENSG00000241170[3,1,2]	0	+	74849053	74849053	0	1	536,	0,	chr11	74849103	74849482	AP001992.1-206|transcribed_processed_pseudogene	0	+	RPL31P46	379
chr11	77746319	77746611	ENSG00000219529[2,1,2]	0	-	77746319	77746319	0	1	292,	0,	chr11	77746528	77746886	retro_human_519|AP000580.1-201|processed_pseudogene	0	-	RPS20P27	83
chr11	77746478	77746936	ENSG00000219529[1,1,1]	0	-	77746478	77746478	0	1	458,	0,	chr11	77746528	77746886	retro_human_519|AP000580.1-201|processed_pseudogene	0	-	RPS20P27	358
chr11	77801897	77802471	ENSG00000241782[1,1,1]	0	-	77801897	77801897	0	1	574,	0,	chr11	77801947	77802421	retro_human_518|AP002812.1-201|processed_pseudogene	0	-	RPL21P95	474
chr11	82760774	82777352	ENSG00000137509[10,20,2]	0	-	82761368	82775015	0	3	808,188,1633,	0,14071,14945,	chr11	82771967	82773681	AP001646.1-201|processed_pseudogene	0	+	EIF2S2P6	1714
chr11	82915680	82971141	ENSG00000137502[2,2,3]	0	-	82918630	82933778	0	5	3198,184,84,101,512,	0,8368,14820,18005,54949,	chr11	82918664	82924238	retro_human_6308	0	-	RAB30	5574
chr11	82915680	82970709	ENSG00000137502[6,2,3]	0	-	82918630	82933778	0	5	3198,184,84,101,80,	0,8368,14820,18005,54949,	chr11	82918664	82924238	retro_human_6308	0	-	RAB30	5574
chr11	82916392	82970709	ENSG00000137502[6,10,13]	0	-	82918630	82933778	0	5	2486,184,84,101,125,	0,7656,14108,17293,54192,	chr11	82918664	82924238	retro_human_6308	0	-	RAB30	5574
chr11	82916392	82971141	ENSG00000137502[2,2,13]	0	-	82918630	82933778	0	5	2486,184,84,101,512,	0,7656,14108,17293,54237,	chr11	82918664	82924238	retro_human_6308	0	-	RAB30	5574
chr11	82916392	82970709	ENSG00000137502[6,2,13]	0	-	82918630	82933778	0	5	2486,184,84,101,80,	0,7656,14108,17293,54237,	chr11	82918664	82924238	retro_human_6308	0	-	RAB30	5574
chr11	82916648	82971141	ENSG00000137502[2,2,14]	0	-	82918630	82933778	0	5	2230,184,84,101,512,	0,7400,13852,17037,53981,	chr11	82918664	82924238	retro_human_6308	0	-	RAB30	5574
chr11	82917711	82970709	ENSG00000137502[6,10,16]	0	-	82918630	82933778	0	5	1167,184,84,101,125,	0,6337,12789,15974,52873,	chr11	82918664	82924238	retro_human_6308	0	-	RAB30	5574
chr11	82917711	82970709	ENSG00000137502[6,2,16]	0	-	82918630	82933778	0	5	1167,184,84,101,80,	0,6337,12789,15974,52918,	chr11	82918664	82924238	retro_human_6308	0	-	RAB30	5574
chr11	82917711	82971141	ENSG00000137502[2,2,16]	0	-	82918630	82933778	0	5	1167,184,84,101,512,	0,6337,12789,15974,52918,	chr11	82918664	82924238	retro_human_6308	0	-	RAB30	5574
chr11	82918202	82971141	ENSG00000137502[2,2,2]	0	-	82918630	82933778	0	5	676,184,84,101,512,	0,5846,12298,15483,52427,	chr11	82918664	82924238	retro_human_6308	0	-	RAB30	5574
chr11	82918501	82928895	ENSG00000137502[5,8,6]	0	-	82918630	82918804	0	3	377,184,119,	0,5547,10275,	chr11	82918664	82924238	retro_human_6308	0	-	RAB30	5574
chr11	82918684	82933990	ENSG00000137502[4,9,7]	0	-	82918684	82918684	0	4	194,184,84,305,	0,5364,11816,15001,	chr11	82918664	82924238	retro_human_6308	0	-	RAB30	5554
chr11	83145823	83146159	ENSG00000255541[1,1,1]	0	+	83145873	83146110	0	1	336,	0,	chr11	83145873	83146109	retro_human_5284|AP000873.5-201|processed_pseudogene	0	+	CKS1BP4	236
chr11	83149429	83149929	ENSG00000241020[1,1,1]	0	+	83149561	83149744	0	1	500,	0,	chr11	83149479	83149879	retro_human_5285|AP000873.1-201|processed_pseudogene	0	+	RPL32P24,ANKRD42	400
chr11	83750976	83751769	ENSG00000250257[1,1,1]	0	-	83751581	83751713	0	1	793,	0,	chr11	83750926	83752050	retro_human_6312	0	-	LDHAL6DP	793
chr11	86136557	86137792	ENSG00000254502[1,1,1]	0	+	86137060	86137675	0	1	1235,	0,	chr11	86136607	86137742	retro_human_5290|AP003097.1-201|processed_pseudogene	0	+	FNTAP1	1135
chr11	86226275	86227117	ENSG00000254783[1,1,1]	0	+	86226275	86226275	0	1	842,	0,	chr11	86226325	86227067	retro_human_5291|AP003084.1-201|processed_pseudogene	0	+	LOC100289518,EED	742
chr11	87264775	87265526	ENSG00000270510[1,1,1]	0	-	87264775	87264775	0	1	751,	0,	chr11	87264825	87265476	retro_human_931|AP000811.1-201|processed_pseudogene	0	-	LOC100420680,TMEM135	651
chr11	87860237	87860389	ENSG00000254794[1,1,1]	0	-	87860237	87860237	0	1	152,	0,	chr11	87860287	87860339	AP000676.1-201|processed_pseudogene	0	-	LOC107984361	52
chr11	94105284	94105933	ENSG00000256745[1,1,1]	0	-	94105284	94105284	0	1	649,	0,	chr11	94105334	94105883	retro_human_3907|AP002784.2-201|processed_pseudogene	0	-	ARPC3P3	549
chr11	95004133	95006581	ENSG00000186280[2,2,1]	0	+	95004384	95005953	0	1	2448,	0,	chr11	95004394	95019216	retro_human_5672	0	+	KDM4D,LOC100420801	2187
chr11	95044468	95045543	ENSG00000256779[1,1,1]	0	+	95044468	95044468	0	1	1075,	0,	chr11	95044518	95045493	retro_human_8709|AP002383.3-201|transcribed_processed_pseudogene	0	+	SRSF8BP	975
chr11	95045358	95046898	ENSG00000256779[2,2,2]	0	+	95045358	95045358	0	2	240,517,	0,1023,	chr11	95045408	95046848	AP002383.3-202|transcribed_processed_pseudogene	0	+	LOC107984375	1440
chr11	101461584	101593035	ENSG00000137672[2,8,7]	0	-	101462671	101514461	255	13	1236,76,84,75,204,196,265,234,217,165,183,775,382,	0,1779,3147,17556,19313,20267,21639,24431,31078,37070,39689,52190,131069,	chr11	101501265	101514434	retro_human_3908	0	-	TRPC6	13169
chr11	101461584	101593035	ENSG00000137672[2,1,7]	0	-	101462671	101592982	0	13	1236,76,84,75,204,196,265,234,217,165,183,775,223,	0,1779,3147,17556,19313,20267,21639,24431,31078,37070,39689,52190,131228,	chr11	101501265	101514434	retro_human_3908	0	-	TRPC6	13169
chr11	101461986	101593536	ENSG00000137672[1,8,8]	0	-	101462671	101514461	255	13	834,76,84,75,204,196,265,234,217,165,183,775,883,	0,1377,2745,17154,18911,19865,21237,24029,30676,36668,39287,51788,130667,	chr11	101501265	101514434	retro_human_3908	0	-	TRPC6	13169
chr11	101461986	101593035	ENSG00000137672[2,8,8]	0	-	101462671	101514461	255	13	834,76,84,75,204,196,265,234,217,165,183,775,382,	0,1377,2745,17154,18911,19865,21237,24029,30676,36668,39287,51788,130667,	chr11	101501265	101514434	retro_human_3908	0	-	TRPC6	13169
chr11	101461986	101593536	ENSG00000137672[1,1,8]	0	-	101462671	101592982	0	13	834,76,84,75,204,196,265,234,217,165,183,775,724,	0,1377,2745,17154,18911,19865,21237,24029,30676,36668,39287,51788,130826,	chr11	101501265	101514434	retro_human_3908	0	-	TRPC6	13169
chr11	101461986	101593035	ENSG00000137672[2,1,8]	0	-	101462671	101592982	0	13	834,76,84,75,204,196,265,234,217,165,183,775,223,	0,1377,2745,17154,18911,19865,21237,24029,30676,36668,39287,51788,130826,	chr11	101501265	101514434	retro_human_3908	0	-	TRPC6	13169
chr11	101462359	101593536	ENSG00000137672[1,8,6]	0	-	101462671	101514461	255	13	461,76,84,75,204,196,265,234,217,165,183,775,883,	0,1004,2372,16781,18538,19492,20864,23656,30303,36295,38914,51415,130294,	chr11	101501265	101514434	retro_human_3908	0	-	TRPC6	13169
chr11	101462359	101593035	ENSG00000137672[2,8,6]	0	-	101462671	101514461	255	13	461,76,84,75,204,196,265,234,217,165,183,775,382,	0,1004,2372,16781,18538,19492,20864,23656,30303,36295,38914,51415,130294,	chr11	101501265	101514434	retro_human_3908	0	-	TRPC6	13169
chr11	101462359	101593536	ENSG00000137672[1,2,6]	0	-	101462671	101592982	0	11	461,76,84,75,204,196,265,234,217,775,724,	0,1004,2372,16781,18538,19492,20864,23656,30303,51415,130453,	chr11	101501265	101514434	retro_human_3908	0	-	TRPC6	13169
chr11	101462359	101593035	ENSG00000137672[2,1,6]	0	-	101462671	101592982	0	13	461,76,84,75,204,196,265,234,217,165,183,775,223,	0,1004,2372,16781,18538,19492,20864,23656,30303,36295,38914,51415,130453,	chr11	101501265	101514434	retro_human_3908	0	-	TRPC6	13169
chr11	101462359	101593536	ENSG00000137672[1,1,6]	0	-	101462671	101592982	0	13	461,76,84,75,204,196,265,234,217,165,183,775,724,	0,1004,2372,16781,18538,19492,20864,23656,30303,36295,38914,51415,130453,	chr11	101501265	101514434	retro_human_3908	0	-	TRPC6	13169
chr11	101480845	101593536	ENSG00000137672[1,9,9]	0	-	101480891	101592982	255	9	256,196,265,234,217,165,183,775,724,	0,1006,2378,5170,11817,17809,20428,32929,111967,	chr11	101501265	101514434	retro_human_3908	0	-	TRPC6	13169
chr11	101480845	101593035	ENSG00000137672[2,9,9]	0	-	101480891	101592982	255	9	256,196,265,234,217,165,183,775,223,	0,1006,2378,5170,11817,17809,20428,32929,111967,	chr11	101501265	101514434	retro_human_3908	0	-	TRPC6	13169
chr11	101501048	101513891	ENSG00000137672[4,6,4]	0	-	101501219	101513837	0	2	408,117,	0,12726,	chr11	101501265	101514434	retro_human_3908	0	-	TRPC6	12626
chr11	101603438	101604453	ENSG00000254506[2,1,1]	0	+	101603438	101603438	0	1	1015,	0,	chr11	101603488	101604403	retro_human_2882|AP003080.1-202|transcribed_processed_pseudogene	0	+	LOC100127938	915
chr11	102297127	102297974	ENSG00000243777[1,1,1]	0	+	102297127	102297127	0	1	847,	0,	chr11	102297177	102297924	retro_human_2883|AP000942.1-201|processed_pseudogene	0	+	RPS6P17	747
chr11	102774266	102784490	ENSG00000166670[1,3,1]	0	-	102774610	102783046	255	9	442,104,160,134,145,165,126,149,192,	0,1557,2392,4733,5825,6157,8169,8758,10032,	chr11	102750787	102835280	WTAPP1-201|transcribed_processed_pseudogene	0	+	MMP10,LOC100421658,WTAPP1,MMP1,CSNK1A1P2	10224
chr11	102774266	102784490	ENSG00000166670[1,1,1]	0	-	102774610	102784403	0	10	442,104,160,134,145,165,126,149,242,192,	0,1557,2392,4733,5825,6157,8169,8758,9049,10032,	chr11	102750787	102835280	WTAPP1-201|transcribed_processed_pseudogene	0	+	MMP10,LOC100421658,WTAPP1,MMP1,CSNK1A1P2	10224
chr11	102793688	102802030	ENSG00000196611[1,6,1]	0	-	102795151	102801912	255	10	653,104,167,134,118,156,126,149,245,223,	0,834,1460,2736,5306,5584,6796,7146,7388,8119,	chr11	102787487	102840535	WTAPP1-202|transcribed_processed_pseudogene	0	+	WTAPP1,MMP1,CSNK1A1P2,MMP3	8342
chr11	102793688	102802030	ENSG00000196611[1,6,1]	0	-	102795151	102801912	255	10	653,104,167,134,118,156,126,149,245,223,	0,834,1460,2736,5306,5584,6796,7146,7388,8119,	chr11	102787532	102835302	WTAPP1-204|transcribed_processed_pseudogene	0	+	WTAPP1,MMP1,CSNK1A1P2	8342
chr11	102793688	102802030	ENSG00000196611[1,5,1]	0	-	102799060	102801912	255	10	653,104,163,134,118,160,126,149,245,223,	0,834,1464,2736,5306,5580,6796,7146,7388,8119,	chr11	102787487	102840535	WTAPP1-202|transcribed_processed_pseudogene	0	+	WTAPP1,MMP1,CSNK1A1P2,MMP3	8342
chr11	102793688	102802030	ENSG00000196611[1,5,1]	0	-	102799060	102801912	255	10	653,104,163,134,118,160,126,149,245,223,	0,834,1464,2736,5306,5580,6796,7146,7388,8119,	chr11	102787532	102835302	WTAPP1-204|transcribed_processed_pseudogene	0	+	WTAPP1,MMP1,CSNK1A1P2	8342
chr11	102793688	102802030	ENSG00000196611[1,1,1]	0	-	102794234	102801912	0	10	653,104,163,134,118,156,126,149,245,223,	0,834,1464,2736,5306,5584,6796,7146,7388,8119,	chr11	102787487	102840535	WTAPP1-202|transcribed_processed_pseudogene	0	+	WTAPP1,MMP1,CSNK1A1P2,MMP3	8342
chr11	102793688	102802030	ENSG00000196611[1,1,1]	0	-	102794234	102801912	0	10	653,104,163,134,118,156,126,149,245,223,	0,834,1464,2736,5306,5584,6796,7146,7388,8119,	chr11	102787532	102835302	WTAPP1-204|transcribed_processed_pseudogene	0	+	WTAPP1,MMP1,CSNK1A1P2	8342
chr11	102810717	102811786	ENSG00000256035[1,1,1]	0	-	102810717	102810717	0	1	1069,	0,	chr11	102810767	102811736	retro_human_9821|AP000619.2-201|processed_pseudogene	0	-	CSNK1A1P2	969
chr11	103048897	103049473	ENSG00000239861[1,1,1]	0	+	103048897	103048897	0	1	576,	0,	chr11	103048947	103049423	retro_human_2880|AP001486.1-201|processed_pseudogene	0	+	RPL21P96	476
chr11	107183388	107184733	ENSG00000255353[1,1,1]	0	+	107183388	107183388	0	1	1345,	0,	chr11	107183438	107184683	retro_human_7776|AP003057.1-201|processed_pseudogene	0	+	ASS1P13	1245
chr11	107915478	107915923	ENSG00000240652[1,1,1]	0	+	107915478	107915478	0	1	445,	0,	chr11	107915528	107915873	retro_human_7774|AP001024.1-201|processed_pseudogene	0	+	RPLP2P3	345
chr11	112228614	112229109	ENSG00000243930[1,1,1]	0	+	112228841	112228988	0	1	495,	0,	chr11	112228664	112229059	retro_human_2300|RPS12P21-201|processed_pseudogene	0	+	RPS12P21,BCO2	395
chr11	113721998	113722777	ENSG00000256091[1,1,1]	0	+	113721998	113721998	0	1	779,	0,	chr11	113722048	113722727	retro_human_2303|MTRF1LP1-201|processed_pseudogene	0	+	MTRF1LP1,TMPRSS5	679
chr11	113799519	113801549	ENSG00000256167[1,1,1]	0	+	113799519	113799519	0	1	2030,	0,	chr11	113799569	113801499	retro_human_2304|ATF4P4-201|transcribed_processed_pseudogene	0	+	ATF4P4,LOC390251	1930
chr11	113799519	113801549	ENSG00000256167[1,1,1]	0	+	113799519	113799519	0	1	2030,	0,	chr11	113799569	113801499	retro_human_2306|ATF4P4-201|transcribed_processed_pseudogene	0	+	ATF4P4,LOC390251	1930
chr11	113799519	113801549	ENSG00000256167[1,1,1]	0	+	113799519	113799519	0	1	2030,	0,	chr11	113799580	113800366	AP003170.2-201|processed_pseudogene	0	+	LOC390251	786
chr11	113831137	113832267	ENSG00000255710[1,1,1]	0	-	113831747	113832014	0	1	1130,	0,	chr11	113831187	113832217	retro_human_2290|AP003170.1-201|processed_pseudogene	0	-	LOC100421976	1030
chr11	114463430	114464590	ENSG00000256533[1,1,1]	0	+	114463430	114463430	0	1	1160,	0,	chr11	114463480	114464540	retro_human_2308|AP002373.2-201|processed_pseudogene	0	+	LOC100422382	1060
chr11	117051004	117051359	ENSG00000234268[1,1,1]	0	-	117051057	117051330	0	1	355,	0,	chr11	117051054	117051309	retro_human_1785|AP000936.3-201|processed_pseudogene	0	-	RPS27P19	255
chr11	119424280	119425678	ENSG00000254590[1,1,1]	0	+	119424280	119424280	0	1	1398,	0,	chr11	119424330	119425628	retro_human_7387|AP003396.2-201|processed_pseudogene	0	+	LOC100130353	1298
chr11	119424280	119425678	ENSG00000254590[1,1,1]	0	+	119424280	119424280	0	1	1398,	0,	chr11	119425502	119425767	AP003396.4-201|processed_pseudogene	0	-	LOC100130353	176
chr11	119425452	119425817	ENSG00000254892[1,1,1]	0	-	119425452	119425452	0	1	365,	0,	chr11	119424330	119425628	retro_human_7387|AP003396.2-201|processed_pseudogene	0	+	LOC100130353	176
chr11	119425452	119425817	ENSG00000254892[1,1,1]	0	-	119425452	119425452	0	1	365,	0,	chr11	119425502	119425767	AP003396.4-201|processed_pseudogene	0	-	LOC100130353	265
chr11	122988023	122988883	ENSG00000254944[1,1,1]	0	+	122988023	122988023	0	1	860,	0,	chr11	122988073	122988833	retro_human_7382|ATP5PBP5-201|processed_pseudogene	0	+	ATP5PBP5,JHY	760
chr11	124836436	124836984	ENSG00000254941[1,1,1]	0	-	124836436	124836436	0	1	548,	0,	chr11	124836486	124836934	retro_human_6473|AP000866.4-201|processed_pseudogene	0	-	LOC107984357	448
chr11	125141771	125155494	ENSG00000187686[1,2,2]	0	+	125141771	125141771	0	2	1835,1603,	0,12120,	chr11	125141821	125155444	KRT18P59-202|transcribed_processed_pseudogene	0	+	KRT18P59	13623
chr11	134214877	134215563	ENSG00000254616[1,1,1]	0	+	134214877	134214877	0	1	686,	0,	chr11	134214927	134215513	AP001775.1-201|processed_pseudogene	0	+	LOC100533644	586
chr11	134420066	134428862	ENSG00000109956[4,4,1]	0	-	134423553	134425601	0	4	2294,101,297,3570,	0,3470,4256,5226,	chr11	134424290	134425661	retro_human_6564	0	-	B3GAT1	1371
chr12	1641107	1642944	ENSG00000111186[10,10,7]	0	+	1641419	1642610	0	2	315,790,	0,1047,	chr12	1642104	1642610	retro_human_5914	0	+	WNT5B	506
chr12	3218098	3218453	ENSG00000227081[1,1,1]	0	-	3218098	3218098	0	1	355,	0,	chr12	3218148	3218403	retro_human_2397|AC005912.1-201|processed_pseudogene	0	-	RPS27P3	255
chr12	4116299	4116954	ENSG00000242444[1,1,1]	0	-	4116299	4116299	0	1	655,	0,	chr12	4116349	4116904	retro_human_2223|AC007207.1-201|transcribed_processed_pseudogene	0	-	RPL18P9,LOC124900317	555
chr12	4116666	4124870	ENSG00000242444[2,2,2]	0	-	4116666	4116666	0	2	303,295,	0,7909,	chr12	4116716	4124820	AC007207.1-202|transcribed_processed_pseudogene	0	-	RPL18P9,LOC124900317	8104
chr12	6420355	6420832	ENSG00000213942[1,1,1]	0	-	6420355	6420355	0	1	477,	0,	chr12	6420405	6420782	retro_human_5889|AC005840.1-201|processed_pseudogene	0	-	RPL31P10	377
chr12	6474915	6476660	ENSG00000139190[2,5,3]	0	-	6475262	6476610	0	3	410,159,98,	0,1264,1647,	chr12	6476177	6476401	retro_human_5890	0	-	VAMP1	224
chr12	6488012	6490606	ENSG00000256913[1,1,1]	0	+	6488012	6488012	0	1	2594,	0,	chr12	6488062	6490556	retro_human_774|AC005840.3-201|processed_pseudogene	0	+	PKP2P1	2494
chr12	6882636	6895097	ENSG00000240370[1,6,4]	0	+	6893321	6893753	255	2	443,2135,	0,10326,	chr12	6882686	6893878	RPL13P5-202|transcribed_processed_pseudogene	0	+	RPL13P5,LOC105369632	11192
chr12	6882636	6895097	ENSG00000240370[1,6,4]	0	+	6893321	6893753	255	2	443,2135,	0,10326,	chr12	6882776	6893697	RPL13P5-205|transcribed_processed_pseudogene	0	+	RPL13P5,LOC105369632	10921
chr12	6882636	6895097	ENSG00000240370[1,6,4]	0	+	6893321	6893753	255	2	443,2135,	0,10326,	chr12	6882953	6894003	RPL13P5-203|transcribed_processed_pseudogene	0	+	DSTNP2,RPL13P5,LOC105369632	11050
chr12	6882636	6895097	ENSG00000240370[1,5,4]	0	+	6894211	6894643	0	3	443,216,1468,	0,10326,10993,	chr12	6882686	6893878	RPL13P5-202|transcribed_processed_pseudogene	0	+	RPL13P5,LOC105369632	11192
chr12	6882636	6895097	ENSG00000240370[1,5,4]	0	+	6894211	6894643	0	3	443,216,1468,	0,10326,10993,	chr12	6882776	6893697	RPL13P5-205|transcribed_processed_pseudogene	0	+	RPL13P5,LOC105369632	10921
chr12	6882636	6895097	ENSG00000240370[1,5,4]	0	+	6894211	6894643	0	3	443,216,1468,	0,10326,10993,	chr12	6882953	6894003	RPL13P5-203|transcribed_processed_pseudogene	0	+	DSTNP2,RPL13P5,LOC105369632	11050
chr12	6882636	6893747	ENSG00000240370[1,5,3]	0	+	6882986	6893157	0	3	443,216,118,	0,10326,10993,	chr12	6882686	6893878	RPL13P5-202|transcribed_processed_pseudogene	0	+	RPL13P5,LOC105369632	11061
chr12	6882636	6893747	ENSG00000240370[1,5,3]	0	+	6882986	6893157	0	3	443,216,118,	0,10326,10993,	chr12	6882776	6893697	RPL13P5-205|transcribed_processed_pseudogene	0	+	RPL13P5,LOC105369632	10921
chr12	6882636	6893747	ENSG00000240370[1,5,3]	0	+	6882986	6893157	0	3	443,216,118,	0,10326,10993,	chr12	6882953	6894003	RPL13P5-203|transcribed_processed_pseudogene	0	+	DSTNP2,RPL13P5,LOC105369632	10794
chr12	6882636	6895097	ENSG00000240370[1,3,4]	0	+	6894211	6894643	0	4	443,132,216,1468,	0,8819,10326,10993,	chr12	6882686	6893878	RPL13P5-202|transcribed_processed_pseudogene	0	+	RPL13P5,LOC105369632	11192
chr12	6882636	6895097	ENSG00000240370[1,3,4]	0	+	6894211	6894643	0	4	443,132,216,1468,	0,8819,10326,10993,	chr12	6882776	6893697	RPL13P5-205|transcribed_processed_pseudogene	0	+	RPL13P5,LOC105369632	10921
chr12	6882636	6895097	ENSG00000240370[1,3,4]	0	+	6894211	6894643	0	4	443,132,216,1468,	0,8819,10326,10993,	chr12	6882953	6894003	RPL13P5-203|transcribed_processed_pseudogene	0	+	DSTNP2,RPL13P5,LOC105369632	11050
chr12	6882636	6895097	ENSG00000240370[1,2,4]	0	+	6893321	6893753	0	3	443,132,2135,	0,8819,10326,	chr12	6882686	6893878	RPL13P5-202|transcribed_processed_pseudogene	0	+	RPL13P5,LOC105369632	11192
chr12	6882636	6895097	ENSG00000240370[1,2,4]	0	+	6893321	6893753	0	3	443,132,2135,	0,8819,10326,	chr12	6882776	6893697	RPL13P5-205|transcribed_processed_pseudogene	0	+	RPL13P5,LOC105369632	10921
chr12	6882636	6895097	ENSG00000240370[1,2,4]	0	+	6893321	6893753	0	3	443,132,2135,	0,8819,10326,	chr12	6882953	6894003	RPL13P5-203|transcribed_processed_pseudogene	0	+	DSTNP2,RPL13P5,LOC105369632	11050
chr12	6882636	6894053	ENSG00000240370[1,2,1]	0	+	6893321	6893753	0	3	443,132,1091,	0,8819,10326,	chr12	6882686	6893878	RPL13P5-202|transcribed_processed_pseudogene	0	+	RPL13P5,LOC105369632	11192
chr12	6882636	6894053	ENSG00000240370[1,2,1]	0	+	6893321	6893753	0	3	443,132,1091,	0,8819,10326,	chr12	6882776	6893697	RPL13P5-205|transcribed_processed_pseudogene	0	+	RPL13P5,LOC105369632	10921
chr12	6882636	6894053	ENSG00000240370[1,2,1]	0	+	6893321	6893753	0	3	443,132,1091,	0,8819,10326,	chr12	6882953	6894003	RPL13P5-203|transcribed_processed_pseudogene	0	+	DSTNP2,RPL13P5,LOC105369632	11050
chr12	6882816	6919306	ENSG00000010626[2,3,5]	0	+	6916243	6918124	0	6	263,216,175,110,254,1382,	0,10146,33378,33638,34202,35108,	chr12	6882686	6893878	RPL13P5-202|transcribed_processed_pseudogene	0	+	RPL13P5,LOC105369632	11062
chr12	6882816	6919306	ENSG00000010626[2,3,5]	0	+	6916243	6918124	0	6	263,216,175,110,254,1382,	0,10146,33378,33638,34202,35108,	chr12	6882776	6893697	RPL13P5-205|transcribed_processed_pseudogene	0	+	RPL13P5,LOC105369632	10881
chr12	6882816	6919306	ENSG00000010626[2,3,5]	0	+	6916243	6918124	0	6	263,216,175,110,254,1382,	0,10146,33378,33638,34202,35108,	chr12	6882953	6894003	RPL13P5-203|transcribed_processed_pseudogene	0	+	DSTNP2,RPL13P5,LOC105369632	11050
chr12	6882816	6918393	ENSG00000010626[2,3,2]	0	+	6916243	6918124	0	6	263,216,175,110,254,469,	0,10146,33378,33638,34202,35108,	chr12	6882686	6893878	RPL13P5-202|transcribed_processed_pseudogene	0	+	RPL13P5,LOC105369632	11062
chr12	6882816	6918393	ENSG00000010626[2,3,2]	0	+	6916243	6918124	0	6	263,216,175,110,254,469,	0,10146,33378,33638,34202,35108,	chr12	6882776	6893697	RPL13P5-205|transcribed_processed_pseudogene	0	+	RPL13P5,LOC105369632	10881
chr12	6882816	6918393	ENSG00000010626[2,3,2]	0	+	6916243	6918124	0	6	263,216,175,110,254,469,	0,10146,33378,33638,34202,35108,	chr12	6882953	6894003	RPL13P5-203|transcribed_processed_pseudogene	0	+	DSTNP2,RPL13P5,LOC105369632	11050
chr12	6882900	6894053	ENSG00000240370[2,3,1]	0	+	6882986	6891548	0	4	179,132,216,424,	0,8555,10062,10729,	chr12	6882686	6893878	RPL13P5-202|transcribed_processed_pseudogene	0	+	RPL13P5,LOC105369632	10978
chr12	6882900	6894053	ENSG00000240370[2,3,1]	0	+	6882986	6891548	0	4	179,132,216,424,	0,8555,10062,10729,	chr12	6882776	6893697	RPL13P5-205|transcribed_processed_pseudogene	0	+	RPL13P5,LOC105369632	10797
chr12	6882900	6894053	ENSG00000240370[2,3,1]	0	+	6882986	6891548	0	4	179,132,216,424,	0,8555,10062,10729,	chr12	6882953	6894003	RPL13P5-203|transcribed_processed_pseudogene	0	+	DSTNP2,RPL13P5,LOC105369632	11050
chr12	6892959	6895099	ENSG00000248593[3,1,1]	0	+	6893321	6893753	0	1	2140,	0,	chr12	6894164	6894607	retro_human_10780	0	+	DSTNP2	443
chr12	6893893	6895099	ENSG00000248593[1,1,1]	0	+	6894211	6894643	0	1	1206,	0,	chr12	6894164	6894607	retro_human_10780	0	+	DSTNP2	443
chr12	7140632	7142123	ENSG00000139194[1,2,2]	0	-	7140857	7141959	0	3	264,179,237,	0,791,1254,	chr12	7141394	7141600	retro_human_1044	0	-	RBP5	206
chr12	7451206	7453804	ENSG00000255836[2,1,2]	0	-	7452794	7453376	0	1	2598,	0,	chr12	7452167	7453378	retro_human_5508|AC131206.1-201|processed_pseudogene	0	-	LOC100419928	1211
chr12	7452117	7453428	ENSG00000255836[1,1,1]	0	-	7452794	7453376	0	1	1311,	0,	chr12	7452167	7453378	retro_human_5508|AC131206.1-201|processed_pseudogene	0	-	LOC100419928	1211
chr12	7452877	7453804	ENSG00000255836[2,1,3]	0	-	7453586	7453742	0	1	927,	0,	chr12	7452167	7453378	retro_human_5508|AC131206.1-201|processed_pseudogene	0	-	LOC100419928	501
chr12	7874658	7875086	ENSG00000241828[1,1,1]	0	+	7874658	7874658	0	1	428,	0,	chr12	7874708	7875036	retro_human_10774|AC006517.1-201|processed_pseudogene	0	+	RPS20P29	328
chr12	8030761	8031521	ENSG00000255581[1,1,1]	0	-	8030761	8030761	0	1	760,	0,	chr12	8030811	8031471	retro_human_11125|AC006511.2-201|processed_pseudogene	0	-	LOC100462988	660
chr12	8246533	8257071	ENSG00000164845[1,4,1]	0	-	8246533	8246533	255	6	146,150,266,134,83,247,	0,1814,2791,3139,6206,10291,	chr12	8248175	8249803	retro_human_11141	0	-	LINC02449,FAM86FP	1628
chr12	8246533	8257071	ENSG00000164845[1,3,1]	0	-	8246533	8246533	255	6	146,292,266,134,83,247,	0,1672,2791,3139,6206,10291,	chr12	8248175	8249803	retro_human_11141	0	-	LINC02449,FAM86FP	1628
chr12	8249436	8253069	ENSG00000215241[1,1,1]	0	+	8249436	8249436	0	2	635,260,	0,3373,	chr12	8248175	8249803	retro_human_11141	0	-	LINC02449,FAM86FP	367
chr12	8334351	8383576	ENSG00000256552[1,2,2]	0	+	8334351	8334351	0	2	96,624,	0,48601,	chr12	8334401	8383526	AC092745.2-201|transcribed_processed_pseudogene	0	+	LOC124906977,SNRPCP7,LINC00937,LOC101927966	49125
chr12	8370908	8404787	ENSG00000226091[6,5,3]	0	-	8370908	8370908	0	2	229,533,	0,33346,	chr12	8334401	8383526	AC092745.2-201|transcribed_processed_pseudogene	0	+	LOC124906977,SNRPCP7,LINC00937,LOC101927966	12618
chr12	8382912	8383381	ENSG00000256552[2,1,1]	0	+	8382912	8382912	0	1	469,	0,	chr12	8382962	8383331	retro_human_5278|AC092745.2-202|transcribed_processed_pseudogene	0	+	LOC101927966	369
chr12	8587687	8590521	ENSG00000111732[4,12,2]	0	-	8587740	8590460	0	4	104,116,271,202,	0,573,982,2632,	chr12	8588578	8588937	retro_human_11021	0	-	AICDA	359
chr12	9222451	9222897	ENSG00000231503[1,1,1]	0	-	9222451	9222451	0	1	446,	0,	chr12	9222501	9222847	retro_human_11019|PTMAP4-201|processed_pseudogene	0	-	LINC00987,PTMAP4	346
chr12	9222468	9225618	ENSG00000237248[1,1,1]	0	+	9222468	9222468	0	2	587,1985,	0,1165,	chr12	9222501	9222847	retro_human_11019|PTMAP4-201|processed_pseudogene	0	-	LINC00987,PTMAP4	346
chr12	9527915	9529304	ENSG00000233719[1,1,1]	0	+	9527915	9527915	0	1	1389,	0,	chr12	9527965	9529254	retro_human_9591|GOT2P3-201|transcribed_processed_pseudogene	0	+	GOT2P3,LOC374443	1289
chr12	9581543	9582490	ENSG00000213443[1,1,1]	0	+	9581784	9582441	0	1	947,	0,	chr12	9581593	9582440	retro_human_5273|AC007068.1-201|processed_pseudogene	0	+	NPM1P7,CLEC2D	847
chr12	11369629	11370253	ENSG00000278654[1,1,1]	0	+	11369629	11369629	0	1	624,	0,	chr12	11369679	11370203	AC007450.4-201|processed_pseudogene	0	+	IQSEC3P2	524
chr12	12024324	12024935	ENSG00000242405[1,1,1]	0	+	12024324	12024324	0	1	611,	0,	chr12	12024374	12024885	retro_human_10362|AC007537.1-201|processed_pseudogene	0	+	RPL21P100	511
chr12	12118014	12118551	ENSG00000270857[1,1,1]	0	+	12118014	12118014	0	1	537,	0,	chr12	12118064	12118501	retro_human_3057|AC007621.1-201|processed_pseudogene	0	+	LOC101929053	437
chr12	12321211	12321690	ENSG00000271370[1,1,1]	0	-	12321211	12321211	0	1	479,	0,	chr12	12321261	12321640	retro_human_5123|AC007619.2-201|processed_pseudogene	0	-	LOC107001063	379
chr12	12714331	12714707	ENSG00000242329[1,1,1]	0	-	12714331	12714331	0	1	376,	0,	chr12	12714381	12714657	retro_human_5119|AC007215.1-201|processed_pseudogene	0	-	RPL37AP9	276
chr12	12724489	12725349	ENSG00000241352[1,1,1]	0	+	12724489	12724489	0	1	860,	0,	chr12	12724539	12725299	retro_human_8459|AC007688.2-201|processed_pseudogene	0	+	RPS6P1	760
chr12	14068806	14069189	ENSG00000227760[1,1,1]	0	+	14068806	14068806	0	1	383,	0,	chr12	14068856	14069139	AC135001.1-201|processed_pseudogene	0	+	HMGN1P23	283
chr12	16390800	16391827	ENSG00000256450[1,1,1]	0	+	16390800	16390800	0	1	1027,	0,	chr12	16390850	16391777	retro_human_4883|AC007552.1-201|processed_pseudogene	0	+	GOT2P4	927
chr12	18984529	18984959	ENSG00000256844[1,1,1]	0	-	18984529	18984529	0	1	430,	0,	chr12	18984579	18984909	retro_human_2478|MEF2BNBP1-201|processed_pseudogene	0	-	BORCS8P1	330
chr12	20430001	20431524	ENSG00000256663[1,1,1]	0	+	20430003	20431470	0	1	1523,	0,	chr12	20430051	20431474	retro_human_4842|AC112777.1-201|processed_pseudogene	0	+	LOC728688	1423
chr12	31128465	31129171	ENSG00000243517[1,1,1]	0	-	31128465	31128465	0	1	706,	0,	chr12	31128515	31129121	retro_human_6730|AC024940.2-201|processed_pseudogene	0	-	RPL13AP22	606
chr12	31353979	31354561	ENSG00000256159[1,1,1]	0	+	31353979	31353979	0	1	582,	0,	chr12	31354029	31354511	retro_human_9538|AC022080.2-201|processed_pseudogene	0	+	MRPL30P2	482
chr12	31773429	31773833	ENSG00000244436[1,1,1]	0	+	31773429	31773429	0	1	404,	0,	chr12	31773479	31773783	AC023050.1-201|processed_pseudogene	0	+	RPLP2P4	304
chr12	31829808	31831288	ENSG00000256987[1,1,1]	0	+	31829808	31829808	0	1	1480,	0,	chr12	31829858	31831238	retro_human_4059|AC023050.5-201|processed_pseudogene	0	+	LOC100132543	1380
chr12	32602611	32603716	ENSG00000257511[1,1,1]	0	-	32602639	32602951	0	1	1105,	0,	chr12	32602661	32603666	retro_human_9338|AC084824.1-201|processed_pseudogene	0	-	LOC100420981	1005
chr12	32739050	32739466	ENSG00000244743[1,1,1]	0	+	32739050	32739050	0	1	416,	0,	chr12	32739100	32739416	retro_human_4057|AC087588.1-201|processed_pseudogene	0	+	RPL35AP27	316
chr12	42244807	42246557	ENSG00000257674[1,1,1]	0	+	42244857	42245622	0	1	1750,	0,	chr12	42244857	42246507	retro_human_9136|AC020629.1-201|processed_pseudogene	0	+	LOC727884	1650
chr12	45131618	45174739	ENSG00000134297[2,4,2]	0	-	45131618	45131618	0	2	3437,158,	0,42963,	chr12	45131685	45174648	PLEKHA8P1-201|transcribed_processed_pseudogene	0	-	PLEKHA8P1,LOC100419293	42963
chr12	45131618	45174739	ENSG00000134297[2,4,2]	0	-	45131618	45131618	0	2	3437,158,	0,42963,	chr12	45134655	45174668	PLEKHA8P1-204|transcribed_processed_pseudogene	0	-	PLEKHA8P1,LOC100419293	40013
chr12	45131618	45174739	ENSG00000134297[2,4,2]	0	-	45131618	45131618	0	2	3437,158,	0,42963,	chr12	45135048	45174683	PLEKHA8P1-203|transcribed_processed_pseudogene	0	-	PLEKHA8P1,LOC100419293	39635
chr12	45131618	45174739	ENSG00000134297[2,6,2]	0	-	45131618	45131618	0	3	3437,168,158,	0,17816,42963,	chr12	45131685	45174648	PLEKHA8P1-201|transcribed_processed_pseudogene	0	-	PLEKHA8P1,LOC100419293	42963
chr12	45131618	45174739	ENSG00000134297[2,6,2]	0	-	45131618	45131618	0	3	3437,168,158,	0,17816,42963,	chr12	45134655	45174668	PLEKHA8P1-204|transcribed_processed_pseudogene	0	-	PLEKHA8P1,LOC100419293	40013
chr12	45131618	45174739	ENSG00000134297[2,6,2]	0	-	45131618	45131618	0	3	3437,168,158,	0,17816,42963,	chr12	45135048	45174683	PLEKHA8P1-203|transcribed_processed_pseudogene	0	-	PLEKHA8P1,LOC100419293	39635
chr12	45131618	45174739	ENSG00000134297[2,5,2]	0	-	45131618	45131618	0	3	1646,193,158,	0,3244,42963,	chr12	45131685	45174648	PLEKHA8P1-201|transcribed_processed_pseudogene	0	-	PLEKHA8P1,LOC100419293	42963
chr12	45131618	45174739	ENSG00000134297[2,5,2]	0	-	45131618	45131618	0	3	1646,193,158,	0,3244,42963,	chr12	45134655	45174668	PLEKHA8P1-204|transcribed_processed_pseudogene	0	-	PLEKHA8P1,LOC100419293	40013
chr12	45131618	45174739	ENSG00000134297[2,5,2]	0	-	45131618	45131618	0	3	1646,193,158,	0,3244,42963,	chr12	45135048	45174683	PLEKHA8P1-203|transcribed_processed_pseudogene	0	-	PLEKHA8P1,LOC100419293	39635
chr12	45134605	45174739	ENSG00000134297[2,4,4]	0	-	45134605	45134605	0	2	450,158,	0,39976,	chr12	45131685	45174648	PLEKHA8P1-201|transcribed_processed_pseudogene	0	-	PLEKHA8P1,LOC100419293	40043
chr12	45134605	45174739	ENSG00000134297[2,4,4]	0	-	45134605	45134605	0	2	450,158,	0,39976,	chr12	45134655	45174668	PLEKHA8P1-204|transcribed_processed_pseudogene	0	-	PLEKHA8P1,LOC100419293	40013
chr12	45134605	45174739	ENSG00000134297[2,4,4]	0	-	45134605	45134605	0	2	450,158,	0,39976,	chr12	45135048	45174683	PLEKHA8P1-203|transcribed_processed_pseudogene	0	-	PLEKHA8P1,LOC100419293	39635
chr12	45134998	45174739	ENSG00000134297[2,6,5]	0	-	45134998	45134998	0	3	57,168,158,	0,14436,39583,	chr12	45131685	45174648	PLEKHA8P1-201|transcribed_processed_pseudogene	0	-	PLEKHA8P1,LOC100419293	39650
chr12	45134998	45174739	ENSG00000134297[2,6,5]	0	-	45134998	45134998	0	3	57,168,158,	0,14436,39583,	chr12	45134655	45174668	PLEKHA8P1-204|transcribed_processed_pseudogene	0	-	PLEKHA8P1,LOC100419293	39670
chr12	45134998	45174739	ENSG00000134297[2,6,5]	0	-	45134998	45134998	0	3	57,168,158,	0,14436,39583,	chr12	45135048	45174683	PLEKHA8P1-203|transcribed_processed_pseudogene	0	-	PLEKHA8P1,LOC100419293	39635
chr12	45159403	45160238	ENSG00000257738[1,1,1]	0	+	45159403	45159403	0	1	835,	0,	chr12	45159453	45160188	retro_human_9135|AC009248.1-201|processed_pseudogene	0	+	LOC100419293	735
chr12	48121550	48122284	ENSG00000258051[1,1,1]	0	-	48121550	48121550	0	1	734,	0,	chr12	48121600	48122234	retro_human_1319|AC074029.2-201|processed_pseudogene	0	-	LOC100421855	634
chr12	48762551	48763162	ENSG00000271547[1,1,1]	0	-	48762551	48762551	0	1	611,	0,	chr12	48762601	48763112	retro_human_4274|AC117498.2-201|processed_pseudogene	0	-	LOC390314	511
chr12	48865555	48866051	ENSG00000239617[1,1,1]	0	-	48865605	48865848	0	1	496,	0,	chr12	48865605	48866001	retro_human_4273|AC073610.1-201|processed_pseudogene	0	-	RPL32P27	396
chr12	49351689	49352436	ENSG00000257954[1,1,1]	0	+	49351739	49352066	0	1	747,	0,	chr12	49351739	49352386	retro_human_8421|AC125611.2-201|processed_pseudogene	0	+	LOC100335030	647
chr12	49556260	49558634	ENSG00000257243[2,1,2]	0	+	49556260	49556260	0	1	2374,	0,	chr12	49557408	49557949	retro_human_8381|AC020612.1-201|processed_pseudogene	0	+	PARK7P1	541
chr12	49935797	49938944	ENSG00000086159[1,1,4]	0	+	49936184	49938679	0	4	789,159,81,469,	0,1537,1959,2678,	chr12	49936257	49936688	retro_human_7250	0	+	AQP6	431
chr12	51087504	51088362	ENSG00000257246[1,1,2]	0	-	51087557	51088160	0	1	858,	0,	chr12	51087554	51088308	retro_human_10173|PHBP19-201|processed_pseudogene	0	-	PHB1P19	754
chr12	51149767	51161649	ENSG00000184271[9,13,1]	0	-	51153131	51159723	255	7	3707,169,142,204,129,251,156,	0,4709,5443,9082,9911,10946,11726,	chr12	51153174	51154628	retro_human_10176	0	-	POU6F1	1454
chr12	51149767	51161649	ENSG00000184271[9,14,1]	0	-	51153131	51159723	255	7	3707,169,142,204,129,254,156,	0,4709,5443,9082,9911,10946,11726,	chr12	51153174	51154628	retro_human_10176	0	-	POU6F1	1454
chr12	51149767	51161649	ENSG00000184271[9,5,1]	0	-	51153131	51159723	0	6	3707,169,142,204,129,936,	0,4709,5443,9082,9911,10946,	chr12	51153174	51154628	retro_human_10176	0	-	POU6F1	1454
chr12	51149767	51161161	ENSG00000184271[5,5,1]	0	-	51153131	51159723	0	6	3707,169,142,204,129,448,	0,4709,5443,9082,9911,10946,	chr12	51153174	51154628	retro_human_10176	0	-	POU6F1	1454
chr12	51151992	51161649	ENSG00000184271[9,13,3]	0	-	51153131	51159723	255	7	1482,169,142,204,129,251,156,	0,2484,3218,6857,7686,8721,9501,	chr12	51153174	51154628	retro_human_10176	0	-	POU6F1	1454
chr12	51151992	51161649	ENSG00000184271[9,14,3]	0	-	51153131	51159723	255	7	1482,169,142,204,129,254,156,	0,2484,3218,6857,7686,8721,9501,	chr12	51153174	51154628	retro_human_10176	0	-	POU6F1	1454
chr12	51151992	51161649	ENSG00000184271[9,5,3]	0	-	51153131	51159723	0	6	1482,169,142,204,129,936,	0,2484,3218,6857,7686,8721,	chr12	51153174	51154628	retro_human_10176	0	-	POU6F1	1454
chr12	51151992	51161161	ENSG00000184271[5,5,3]	0	-	51153131	51159723	0	6	1482,169,142,204,129,448,	0,2484,3218,6857,7686,8721,	chr12	51153174	51154628	retro_human_10176	0	-	POU6F1	1454
chr12	51151992	51160029	ENSG00000184271[3,3,3]	0	-	51153131	51159723	0	5	1482,169,142,204,351,	0,2484,3218,6857,7686,	chr12	51153174	51154628	retro_human_10176	0	-	POU6F1	1454
chr12	51864085	51864957	ENSG00000258021[1,1,1]	0	+	51864085	51864085	0	1	872,	0,	chr12	51864135	51864907	AC025259.2-201|processed_pseudogene	0	+	LOC102724178	772
chr12	53951589	53955551	ENSG00000180818[2,3,4]	0	+	53954795	53954951	0	2	112,875,	0,3087,	chr12	53954484	53954918	retro_human_1530	0	+	HOXC10	434
chr12	53951795	53955268	ENSG00000180818[3,4,3]	0	+	53954795	53954951	0	2	93,592,	0,2881,	chr12	53954484	53954918	retro_human_1530	0	+	HOXC10	434
chr12	53951795	53955268	ENSG00000180818[3,5,3]	0	+	53954795	53954951	0	2	399,592,	0,2881,	chr12	53954484	53954918	retro_human_1530	0	+	HOXC10	434
chr12	55836685	55839377	ENSG00000257966[1,1,1]	0	-	55836685	55836685	0	1	2692,	0,	chr12	55836735	55839327	retro_human_9778|OLA1P3-201|processed_pseudogene	0	-	RN7SL676P,OLA1P3	2592
chr12	57716030	57720847	ENSG00000135446[1,1,1]	0	-	57716881	57720067	0	8	941,136,51,110,168,136,237,323,	0,1505,1777,2975,3242,3526,3819,4494,	chr12	57719297	57720064	retro_human_9783	0	-	CDK4	767
chr12	57716225	57720847	ENSG00000135446[1,7,7]	0	-	57716881	57719688	0	7	746,136,51,110,168,136,323,	0,1310,1582,2780,3047,3331,4299,	chr12	57719297	57720064	retro_human_9783	0	-	CDK4	767
chr12	57716225	57720847	ENSG00000135446[1,1,7]	0	-	57716881	57720067	0	8	746,136,51,110,168,136,237,323,	0,1310,1582,2780,3047,3331,3624,4299,	chr12	57719297	57720064	retro_human_9783	0	-	CDK4	767
chr12	57716522	57720847	ENSG00000135446[1,16,8]	0	-	57716881	57720067	255	7	449,136,51,110,168,136,998,	0,1013,1285,2483,2750,3034,3327,	chr12	57719297	57720064	retro_human_9783	0	-	CDK4	767
chr12	57716522	57720847	ENSG00000135446[1,17,8]	0	-	57717837	57720067	255	8	449,136,51,110,172,136,237,323,	0,1013,1285,2483,2746,3034,3327,4002,	chr12	57719297	57720064	retro_human_9783	0	-	CDK4	767
chr12	57716522	57720847	ENSG00000135446[1,11,8]	0	-	57716881	57719434	0	7	449,136,51,110,168,237,323,	0,1013,1285,2483,2750,3327,4002,	chr12	57719297	57720064	retro_human_9783	0	-	CDK4	767
chr12	57716522	57720847	ENSG00000135446[1,4,8]	0	-	57719848	57720067	0	3	449,136,3040,	0,1013,1285,	chr12	57719297	57720064	retro_human_9783	0	-	CDK4	767
chr12	57716522	57720847	ENSG00000135446[1,2,8]	0	-	57716881	57717565	0	4	449,136,51,323,	0,1013,1285,4002,	chr12	57719297	57720064	retro_human_9783	0	-	CDK4	767
chr12	57716522	57720847	ENSG00000135446[1,7,8]	0	-	57716881	57719688	0	7	449,136,51,110,168,136,323,	0,1013,1285,2483,2750,3034,4002,	chr12	57719297	57720064	retro_human_9783	0	-	CDK4	767
chr12	57716522	57720847	ENSG00000135446[1,1,8]	0	-	57716881	57720067	0	8	449,136,51,110,168,136,237,323,	0,1013,1285,2483,2750,3034,3327,4002,	chr12	57719297	57720064	retro_human_9783	0	-	CDK4	767
chr12	57716714	57720847	ENSG00000135446[1,17,2]	0	-	57717837	57720067	255	8	257,136,51,110,172,136,237,323,	0,821,1093,2291,2554,2842,3135,3810,	chr12	57719297	57720064	retro_human_9783	0	-	CDK4	767
chr12	57716714	57720847	ENSG00000135446[1,7,2]	0	-	57716881	57719688	0	7	257,136,51,110,168,136,323,	0,821,1093,2291,2558,2842,3810,	chr12	57719297	57720064	retro_human_9783	0	-	CDK4	767
chr12	59040213	59041518	ENSG00000257288[1,1,1]	0	-	59040213	59040213	0	1	1305,	0,	chr12	59040263	59041468	retro_human_8485|AC068305.1-201|processed_pseudogene	0	-	METTL15P2	1205
chr12	63800679	63802654	ENSG00000255642[1,1,1]	0	+	63800679	63800679	0	1	1975,	0,	chr12	63800729	63802604	retro_human_8521|PABPC1P4-201|processed_pseudogene	0	+	MIR10527,PABPC1P4,RXYLT1-AS1	1875
chr12	63866038	63867358	ENSG00000256399[1,1,1]	0	-	63866038	63866038	0	1	1320,	0,	chr12	63866088	63867308	AC079866.1-201|processed_pseudogene	0	-	LOC100419700	1220
chr12	64201092	64375748	ENSG00000243024[1,2,1]	0	+	64201092	64201092	0	5	261,112,382,102,613,	0,5592,166573,169117,174043,	chr12	64201146	64375698	AC012158.1-201|transcribed_processed_pseudogene	0	+	RNU5A-7P,OOEPP2,C12orf56,ATP6V1E1P3,LOC124903101,RPS11P6	174552
chr12	64201092	64375748	ENSG00000243024[1,2,1]	0	+	64201092	64201092	0	5	261,112,382,102,613,	0,5592,166573,169117,174043,	chr12	64331088	64375698	AC012158.1-202|transcribed_processed_pseudogene	0	+	LOC124903101,C12orf56,RPS11P6	44610
chr12	64243528	64369441	ENSG00000185306[1,2,1]	0	-	64246002	64369198	0	11	2577,179,75,75,124,90,107,145,73,163,495,	0,5827,10192,10589,12968,19954,21243,38914,66205,88137,125418,	chr12	64201146	64375698	AC012158.1-201|transcribed_processed_pseudogene	0	+	RNU5A-7P,OOEPP2,C12orf56,ATP6V1E1P3,LOC124903101,RPS11P6	125913
chr12	64243528	64369441	ENSG00000185306[1,2,1]	0	-	64246002	64369198	0	11	2577,179,75,75,124,90,107,145,73,163,495,	0,5827,10192,10589,12968,19954,21243,38914,66205,88137,125418,	chr12	64331088	64375698	AC012158.1-202|transcribed_processed_pseudogene	0	+	LOC124903101,C12orf56,RPS11P6	38353
chr12	64245179	64245633	ENSG00000256192[1,1,1]	0	+	64245179	64245179	0	1	454,	0,	chr12	64245229	64245583	retro_human_8520|AC012158.2-201|processed_pseudogene	0	+	OOEPP2,C12orf56	354
chr12	64245203	64369875	ENSG00000185306[6,1,5]	0	-	64246002	64369198	0	13	902,179,75,75,124,90,107,145,74,406,73,163,929,	0,4152,8517,8914,11293,18279,19568,37239,46282,52166,64530,86462,123743,	chr12	64201146	64375698	AC012158.1-201|transcribed_processed_pseudogene	0	+	RNU5A-7P,OOEPP2,C12orf56,ATP6V1E1P3,LOC124903101,RPS11P6	124672
chr12	64245203	64369875	ENSG00000185306[6,1,5]	0	-	64246002	64369198	0	13	902,179,75,75,124,90,107,145,74,406,73,163,929,	0,4152,8517,8914,11293,18279,19568,37239,46282,52166,64530,86462,123743,	chr12	64331088	64375698	AC012158.1-202|transcribed_processed_pseudogene	0	+	LOC124903101,C12orf56,RPS11P6	38787
chr12	64245749	64272242	ENSG00000185306[4,5,2]	0	-	64246002	64253750	0	7	356,179,75,75,90,107,153,	0,3606,7971,8368,17733,19022,26340,	chr12	64201146	64375698	AC012158.1-201|transcribed_processed_pseudogene	0	+	RNU5A-7P,OOEPP2,C12orf56,ATP6V1E1P3,LOC124903101,RPS11P6	26493
chr12	64245749	64272242	ENSG00000185306[4,6,2]	0	-	64246002	64263538	0	8	356,179,75,75,124,90,107,153,	0,3606,7971,8368,10747,17733,19022,26340,	chr12	64201146	64375698	AC012158.1-201|transcribed_processed_pseudogene	0	+	RNU5A-7P,OOEPP2,C12orf56,ATP6V1E1P3,LOC124903101,RPS11P6	26493
chr12	64369324	64375748	ENSG00000243024[4,4,1]	0	+	64369324	64369324	0	3	737,102,613,	0,885,5811,	chr12	64369374	64375698	AC012158.1-203|transcribed_processed_pseudogene	0	+	C12orf56,RPS11P6	6324
chr12	64369324	64375748	ENSG00000243024[4,4,1]	0	+	64369324	64369324	0	3	737,102,613,	0,885,5811,	chr12	64331088	64375698	AC012158.1-202|transcribed_processed_pseudogene	0	+	LOC124903101,C12orf56,RPS11P6	6374
chr12	65737449	65806548	ENSG00000241749[2,2,1]	0	-	65737449	65737449	0	2	1062,205,	0,68894,	chr12	65737499	65806475	RPSAP52-201|transcribed_processed_pseudogene	0	-	RPSAP52,HMGA2	68976
chr12	68122790	68123263	ENSG00000256708[1,1,1]	0	+	68122790	68122790	0	1	473,	0,	chr12	68122840	68123213	retro_human_2674|AC007458.1-201|processed_pseudogene	0	+	LOC100509370	373
chr12	68653854	68666473	ENSG00000247363[1,1,1]	0	-	68653854	68653854	0	3	1501,159,190,	0,11551,12429,	chr12	68664141	68665855	retro_human_2676|RPL7P42-201|processed_pseudogene	0	+	LOC100507250,RPL7P42	1714
chr12	68820365	68823824	ENSG00000135679[10,42,9]	0	+	68821811	68822003	255	2	2426,482,	0,2977,	chr12	68821524	68821963	retro_human_2673|AC025423.2-201|processed_pseudogene	0	+	CPM,MDM2	439
chr12	68820365	68823824	ENSG00000135679[10,35,9]	0	+	68821811	68822003	0	2	2478,505,	0,2954,	chr12	68821524	68821963	retro_human_2673|AC025423.2-201|processed_pseudogene	0	+	CPM,MDM2	439
chr12	68821474	68822013	ENSG00000256664[1,1,1]	0	+	68821811	68822003	0	1	539,	0,	chr12	68821524	68821963	retro_human_2673|AC025423.2-201|processed_pseudogene	0	+	CPM,MDM2	439
chr12	70651272	70652311	ENSG00000257302[1,1,1]	0	+	70651272	70651272	0	1	1039,	0,	chr12	70651322	70652261	retro_human_9560|FAHD2P1-201|processed_pseudogene	0	+	FAHD2P1,PTPRR	939
chr12	71826655	71827956	ENSG00000257802[1,1,1]	0	-	71826655	71826655	0	1	1301,	0,	chr12	71826705	71827906	retro_human_6141|AC089984.2-201|processed_pseudogene	0	-	MRS2P2	1201
chr12	72407413	72407867	ENSG00000257287[1,1,1]	0	-	72407413	72407413	0	1	454,	0,	chr12	72407463	72407817	retro_human_345|H3P35-201|processed_pseudogene	0	-	H3P35,TRHDE	354
chr12	74147714	74149200	ENSG00000258320[1,1,1]	0	+	74147714	74147714	0	1	1486,	0,	chr12	74147764	74149150	retro_human_9554|AC090502.3-201|processed_pseudogene	0	+	LOC100128674	1386
chr12	74265916	74266854	ENSG00000251138[6,7,8]	0	-	74265916	74265916	0	1	938,	0,	chr12	74266183	74266956	retro_human_9555|VENTXP3-201|processed_pseudogene	0	+	VENTXP3,LINC02882	671
chr12	74266133	74267006	ENSG00000257364[1,1,1]	0	+	74266133	74266133	0	1	873,	0,	chr12	74266183	74266956	retro_human_9555|VENTXP3-201|processed_pseudogene	0	+	VENTXP3,LINC02882	773
chr12	75939833	75940130	ENSG00000198923[1,1,1]	0	+	75939833	75939833	0	1	297,	0,	chr12	75939883	75940080	retro_human_4078|AC011611.1-201|processed_pseudogene	0	+	LOC100289143	197
chr12	76032566	76033244	ENSG00000257941[1,1,1]	0	+	76032566	76032566	0	1	678,	0,	chr12	76032616	76033194	retro_human_4085|AC011611.5-201|processed_pseudogene	0	+	LOC128966777	578
chr12	76638302	76638880	ENSG00000243071[1,1,1]	0	+	76638302	76638302	0	1	578,	0,	chr12	76638352	76638831	retro_human_4074|AC107032.1-201|processed_pseudogene	0	+	RPL21P98	479
chr12	76735050	76735874	ENSG00000258090[1,1,1]	0	+	76735050	76735050	0	1	824,	0,	chr12	76735100	76735824	retro_human_9967|AC093014.1-201|processed_pseudogene	0	+	RWDD1P3	724
chr12	80839727	80840381	ENSG00000258215[1,1,1]	0	-	80840023	80840242	0	1	654,	0,	chr12	80839777	80840331	retro_human_6525|AC078886.1-201|processed_pseudogene	0	-	LOC100420442	554
chr12	88039702	88040505	ENSG00000257752[1,1,1]	0	-	88040085	88040307	0	1	803,	0,	chr12	88039752	88040455	AC091516.1-201|processed_pseudogene	0	-	LOC100420011	703
chr12	89329128	89335265	ENSG00000139318[4,1,1]	0	-	89331200	89333983	0	3	2377,438,1682,	0,3403,4455,	chr12	89331309	89332763	retro_human_738	0	-	DUSP6	1454
chr12	89329768	89334495	ENSG00000139318[1,6,8]	0	-	89332520	89333983	255	2	3201,912,	0,3815,	chr12	89331309	89332763	retro_human_738	0	-	DUSP6	1454
chr12	89329768	89334495	ENSG00000139318[1,3,8]	0	-	89331200	89333983	0	2	1737,912,	0,3815,	chr12	89331309	89332763	retro_human_738	0	-	DUSP6	1454
chr12	89329768	89334495	ENSG00000139318[1,1,8]	0	-	89331200	89333983	0	3	1737,438,912,	0,2763,3815,	chr12	89331309	89332763	retro_human_738	0	-	DUSP6	1454
chr12	89329959	89334495	ENSG00000139318[1,6,6]	0	-	89332520	89333983	255	2	3010,912,	0,3624,	chr12	89331309	89332763	retro_human_738	0	-	DUSP6	1454
chr12	89329959	89334495	ENSG00000139318[1,2,6]	0	-	89331200	89332994	0	2	1546,1964,	0,2572,	chr12	89331309	89332763	retro_human_738	0	-	DUSP6	1454
chr12	89329959	89334495	ENSG00000139318[1,3,6]	0	-	89331200	89333983	0	2	1546,912,	0,3624,	chr12	89331309	89332763	retro_human_738	0	-	DUSP6	1454
chr12	89329959	89334495	ENSG00000139318[1,1,6]	0	-	89331200	89333983	0	3	1546,438,912,	0,2572,3624,	chr12	89331309	89332763	retro_human_738	0	-	DUSP6	1454
chr12	89330262	89334495	ENSG00000139318[1,6,2]	0	-	89332520	89333983	255	2	2707,912,	0,3321,	chr12	89331309	89332763	retro_human_738	0	-	DUSP6	1454
chr12	89330262	89334495	ENSG00000139318[1,2,2]	0	-	89331200	89332994	0	2	1243,1964,	0,2269,	chr12	89331309	89332763	retro_human_738	0	-	DUSP6	1454
chr12	89330262	89334495	ENSG00000139318[1,3,2]	0	-	89331200	89333983	0	2	1243,912,	0,3321,	chr12	89331309	89332763	retro_human_738	0	-	DUSP6	1454
chr12	89330262	89334495	ENSG00000139318[1,1,2]	0	-	89331200	89333983	0	3	1243,438,912,	0,2269,3321,	chr12	89331309	89332763	retro_human_738	0	-	DUSP6	1454
chr12	89330537	89334495	ENSG00000139318[1,6,7]	0	-	89332520	89333983	255	2	2432,912,	0,3046,	chr12	89331309	89332763	retro_human_738	0	-	DUSP6	1454
chr12	89330537	89334495	ENSG00000139318[1,2,7]	0	-	89331200	89332994	0	2	968,1964,	0,1994,	chr12	89331309	89332763	retro_human_738	0	-	DUSP6	1454
chr12	89330537	89334495	ENSG00000139318[1,3,7]	0	-	89331200	89333983	0	2	968,912,	0,3046,	chr12	89331309	89332763	retro_human_738	0	-	DUSP6	1454
chr12	89330537	89334495	ENSG00000139318[1,1,7]	0	-	89331200	89333983	0	3	968,438,912,	0,1994,3046,	chr12	89331309	89332763	retro_human_738	0	-	DUSP6	1454
chr12	89330965	89333165	ENSG00000139318[2,2,3]	0	-	89331200	89332994	0	2	540,634,	0,1566,	chr12	89331309	89332763	retro_human_738	0	-	DUSP6	1454
chr12	89331375	89333576	ENSG00000139318[3,4,4]	0	-	89332660	89332786	0	3	130,438,136,	0,1156,2065,	chr12	89331309	89332763	retro_human_738	0	-	DUSP6	1388
chr12	92835632	92836927	ENSG00000258012[1,1,1]	0	+	92835632	92835632	0	1	1295,	0,	chr12	92835682	92836877	retro_human_4493|AC026111.1-201|processed_pseudogene	0	+	LOC100287544	1195
chr12	93104851	93105432	ENSG00000257210[1,1,1]	0	-	93104851	93104851	0	1	581,	0,	chr12	93104901	93105382	NACAP8-201|processed_pseudogene	0	-	LOC124906981	481
chr12	93622209	93623074	ENSG00000186076[1,1,1]	0	-	93622209	93622209	0	1	865,	0,	chr12	93622259	93623024	retro_human_817|AC012085.1-201|processed_pseudogene	0	-	LOC642969	765
chr12	94814968	94816080	ENSG00000216306[1,1,1]	0	+	94814968	94814968	0	1	1112,	0,	chr12	94815018	94816030	retro_human_8728|KRT19P2-202|transcribed_processed_pseudogene	0	+	KRT19P2,MIR492	1012
chr12	94814968	94816080	ENSG00000216306[1,1,1]	0	+	94814968	94814968	0	1	1112,	0,	chr12	94815325	94815900	KRT19P2-201|transcribed_processed_pseudogene	0	+	KRT19P2,MIR492	575
chr12	95081190	95081806	ENSG00000257121[1,1,1]	0	+	95081190	95081190	0	1	616,	0,	chr12	95081240	95081756	retro_human_8729|AC126615.2-201|processed_pseudogene	0	+	LOC100287148	516
chr12	95636919	95765114	ENSG00000074527[8,11,1]	0	-	95638251	95764977	255	9	1466,171,69,116,214,189,127,279,155,	0,8051,12322,24922,25713,52673,55444,80104,128040,	chr12	95628307	95653128	PGAM1P5-202|transcribed_processed_pseudogene	0	+	PGAM1P5,NTN4	16209
chr12	95636919	95769972	ENSG00000074527[1,15,1]	0	-	95638251	95769467	255	11	1466,171,69,116,214,189,127,114,279,530,560,	0,8051,12322,24922,25713,52673,55444,71164,80104,129177,132493,	chr12	95628307	95653128	PGAM1P5-202|transcribed_processed_pseudogene	0	+	PGAM1P5,NTN4	16209
chr12	95636919	95731294	ENSG00000074527[7,10,1]	0	-	95638251	95717026	255	9	1466,171,69,116,214,189,127,279,575,	0,8051,12322,24922,25713,52673,55444,80104,93800,	chr12	95628307	95653128	PGAM1P5-202|transcribed_processed_pseudogene	0	+	PGAM1P5,NTN4	16209
chr12	95636919	95769972	ENSG00000074527[1,13,1]	0	-	95638251	95769467	255	9	1466,171,69,116,214,189,127,530,560,	0,8051,12322,24922,25713,52673,55444,129177,132493,	chr12	95628307	95653128	PGAM1P5-202|transcribed_processed_pseudogene	0	+	PGAM1P5,NTN4	16209
chr12	95636919	95769538	ENSG00000074527[2,13,1]	0	-	95638251	95769467	255	9	1466,171,69,116,214,189,127,530,126,	0,8051,12322,24922,25713,52673,55444,129177,132493,	chr12	95628307	95653128	PGAM1P5-202|transcribed_processed_pseudogene	0	+	PGAM1P5,NTN4	16209
chr12	95636919	95769972	ENSG00000074527[1,14,1]	0	-	95638251	95769467	255	9	1466,69,116,214,189,127,279,530,560,	0,12322,24922,25713,52673,55444,80104,129177,132493,	chr12	95628307	95653128	PGAM1P5-202|transcribed_processed_pseudogene	0	+	PGAM1P5,NTN4	16209
chr12	95636919	95769972	ENSG00000074527[1,12,1]	0	-	95638251	95766570	255	10	1466,171,69,116,214,189,127,279,530,1029,	0,8051,12322,24922,25713,52673,55444,80104,129177,132024,	chr12	95628307	95653128	PGAM1P5-202|transcribed_processed_pseudogene	0	+	PGAM1P5,NTN4	16209
chr12	95636919	95769538	ENSG00000074527[2,12,1]	0	-	95638251	95766570	255	10	1466,171,69,116,214,189,127,279,530,595,	0,8051,12322,24922,25713,52673,55444,80104,129177,132024,	chr12	95628307	95653128	PGAM1P5-202|transcribed_processed_pseudogene	0	+	PGAM1P5,NTN4	16209
chr12	95636919	95769972	ENSG00000074527[1,2,1]	0	-	95638251	95769467	0	9	1466,171,116,214,189,127,279,530,560,	0,8051,24922,25713,52673,55444,80104,129177,132493,	chr12	95628307	95653128	PGAM1P5-202|transcribed_processed_pseudogene	0	+	PGAM1P5,NTN4	16209
chr12	95636919	95770398	ENSG00000074527[3,5,1]	0	-	95638251	95766570	0	10	1466,171,69,116,214,189,127,279,530,128,	0,8051,12322,24922,25713,52673,55444,80104,129177,133351,	chr12	95628307	95653128	PGAM1P5-202|transcribed_processed_pseudogene	0	+	PGAM1P5,NTN4	16209
chr12	95636919	95769972	ENSG00000074527[1,1,1]	0	-	95638251	95769467	0	10	1466,171,69,116,214,189,127,279,530,560,	0,8051,12322,24922,25713,52673,55444,80104,129177,132493,	chr12	95628307	95653128	PGAM1P5-202|transcribed_processed_pseudogene	0	+	PGAM1P5,NTN4	16209
chr12	95638100	95769538	ENSG00000074527[2,2,2]	0	-	95638251	95769467	0	9	285,171,116,214,189,127,279,530,126,	0,6870,23741,24532,51492,54263,78923,127996,131312,	chr12	95628307	95653128	PGAM1P5-202|transcribed_processed_pseudogene	0	+	PGAM1P5,NTN4	15028
chr12	95638100	95770398	ENSG00000074527[3,5,2]	0	-	95638251	95766570	0	10	285,171,69,116,214,189,127,279,530,128,	0,6870,11141,23741,24532,51492,54263,78923,127996,132170,	chr12	95628307	95653128	PGAM1P5-202|transcribed_processed_pseudogene	0	+	PGAM1P5,NTN4	15028
chr12	97726194	97729713	ENSG00000257501[4,6,6]	0	-	97726194	97726194	0	2	552,130,	0,3389,	chr12	97726244	97729636	AC007424.1-204|transcribed_processed_pseudogene	0	-	PAFAH1B2P2	3392
chr12	97726194	97729713	ENSG00000257501[4,6,6]	0	-	97726194	97726194	0	2	552,130,	0,3389,	chr12	97703199	97729663	AC007424.1-202|transcribed_processed_pseudogene	0	-	PAFAH1B2P2	3469
chr12	97726194	97729713	ENSG00000257501[4,6,6]	0	-	97726194	97726194	0	2	552,130,	0,3389,	chr12	97726401	97735004	AC007424.1-205|transcribed_processed_pseudogene	0	-	PAFAH1B2P2	3312
chr12	98767386	98767966	ENSG00000258204[1,1,1]	0	+	98767386	98767386	0	1	580,	0,	chr12	98767436	98767916	retro_human_3283|AC008126.1-201|processed_pseudogene	0	+	LOC124902995	480
chr12	101734290	101735032	ENSG00000258230[2,1,1]	0	-	101734471	101734606	0	1	742,	0,	chr12	101734340	101734648	AC063950.1-201|transcribed_processed_pseudogene	0	-	ST13P22	308
chr12	101734290	101735032	ENSG00000258230[2,1,1]	0	-	101734471	101734606	0	1	742,	0,	chr12	101734414	101734982	AC063950.1-202|transcribed_processed_pseudogene	0	-	ST13P22	568
chr12	103992405	103993270	ENSG00000216285[1,1,1]	0	+	103992405	103992405	0	1	865,	0,	chr12	103992455	103993220	retro_human_9171|AC078819.1-201|processed_pseudogene	0	+	LOC643576	765
chr12	104475635	104476146	ENSG00000258111[1,1,1]	0	+	104475685	104475838	0	1	511,	0,	chr12	104475685	104476096	retro_human_9175|AC079316.1-201|processed_pseudogene	0	+	LOC124903004	411
chr12	107696312	107704668	ENSG00000110851[4,7,1]	0	-	107697704	107704582	255	3	1702,169,231,	0,6562,8125,	chr12	107702874	107704612	retro_human_7745	0	-	PRDM4-AS1,PRDM4	1738
chr12	107697475	107704668	ENSG00000110851[4,7,6]	0	-	107697704	107704582	255	3	539,169,231,	0,5399,6962,	chr12	107702874	107704612	retro_human_7745	0	-	PRDM4-AS1,PRDM4	1738
chr12	107697632	107704668	ENSG00000110851[4,7,2]	0	-	107697704	107704582	255	3	382,169,231,	0,5242,6805,	chr12	107702874	107704612	retro_human_7745	0	-	PRDM4-AS1,PRDM4	1738
chr12	107844647	107847554	ENSG00000257951[1,1,1]	0	+	107844647	107844647	0	3	193,291,625,	0,798,2282,	chr12	107845457	107847381	retro_human_3698	0	+	LOC390358	1924
chr12	108249274	108250507	ENSG00000257281[1,1,1]	0	-	108249274	108249274	0	1	1233,	0,	chr12	108249324	108250457	retro_human_5704|AC009729.1-201|processed_pseudogene	0	-	LOC196469	1133
chr12	111876121	111878350	ENSG00000229186[1,1,1]	0	+	111876338	111876686	0	1	2229,	0,	chr12	111876396	111878288	retro_human_3694	0	+	ADAM1A,MAPKAPK5	1892
chr12	111977593	111977940	ENSG00000257624[1,1,1]	0	-	111977644	111977830	0	1	347,	0,	chr12	111977643	111977890	retro_human_11158|AC004024.1-201|processed_pseudogene	0	-	LOC724085	247
chr12	116736481	116737061	ENSG00000239374[1,1,1]	0	-	116736481	116736481	0	1	580,	0,	chr12	116736531	116737011	retro_human_11154|AC090013.1-201|processed_pseudogene	0	-	RPL21P105	480
chr12	119182232	119182877	ENSG00000213144[1,1,1]	0	+	119182463	119182655	0	1	645,	0,	chr12	119182282	119182827	retro_human_11243|AC084880.1-201|processed_pseudogene	0	+	LOC100287653	545
chr12	120289459	120291302	ENSG00000089163[1,2,2]	0	+	120289459	120289459	0	2	113,518,	0,1325,	chr12	120290801	120291406	retro_human_5735	0	+	SIRT4	501
chr12	120358514	120358915	ENSG00000239881[2,1,1]	0	+	120358514	120358514	0	1	401,	0,	chr12	120356616	120358865	RPS27P25-202|transcribed_processed_pseudogene	0	+	RPS27P25	351
chr12	121097851	121098222	ENSG00000223538[1,1,1]	0	+	121097851	121097851	0	1	371,	0,	chr12	121097901	121098172	retro_human_5742|AC079602.1-201|processed_pseudogene	0	+	LOC105370031	271
chr12	122267171	122395856	ENSG00000130779[15,22,1]	0	-	122268667	122376235	255	24	1719,125,50,151,118,53,121,107,117,216,166,157,84,58,117,945,61,104,198,223,125,572,191,284,	0,2656,6774,7412,7648,17110,38383,45377,47860,56575,56889,61613,62653,63274,65256,69384,81355,83082,83744,89571,92590,105996,108979,128401,	chr12	122359743	122373653	retro_human_4471	0	-	RPL21P1,CLIP1	13910
chr12	122324048	122418514	ENSG00000130779[1,28,12]	0	-	122343189	122350923	255	16	178,157,84,58,117,945,105,33,61,104,198,223,125,572,191,199,	0,4736,5776,6397,8379,12507,19127,22864,24478,26205,26867,32694,35713,49119,52102,94267,	chr12	122359743	122373653	retro_human_4471	0	-	RPL21P1,CLIP1	13910
chr12	122324048	122418514	ENSG00000130779[1,25,12]	0	-	122359864	122373430	255	14	178,157,84,58,117,945,61,104,198,223,125,572,191,199,	0,4736,5776,6397,8379,12507,24478,26205,26867,32694,35713,49119,52102,94267,	chr12	122359743	122373653	retro_human_4471	0	-	RPL21P1,CLIP1	13910
chr12	122328734	122418514	ENSG00000130779[1,27,6]	0	-	122329795	122376235	255	14	1174,58,117,945,105,33,61,104,198,223,125,572,191,199,	0,1711,3693,7821,14441,18178,19792,21519,22181,28008,31027,44433,47416,89581,	chr12	122359743	122373653	retro_human_4471	0	-	RPL21P1,CLIP1	13910
chr12	122328734	122418514	ENSG00000130779[1,24,6]	0	-	122329795	122376235	255	12	1174,58,117,945,61,104,198,223,125,572,191,199,	0,1711,3693,7821,19792,21519,22181,28008,31027,44433,47416,89581,	chr12	122359743	122373653	retro_human_4471	0	-	RPL21P1,CLIP1	13910
chr12	122336840	122418514	ENSG00000130779[1,23,8]	0	-	122359864	122373430	255	9	660,61,104,198,223,125,572,191,199,	0,11686,13413,14075,19902,22921,36327,39310,81475,	chr12	122359743	122373653	retro_human_4471	0	-	RPL21P1,CLIP1	13910
chr12	122336840	122418514	ENSG00000130779[1,26,8]	0	-	122343189	122350923	255	11	660,105,33,61,104,198,223,125,572,191,199,	0,6335,10072,11686,13413,14075,19902,22921,36327,39310,81475,	chr12	122359743	122373653	retro_human_4471	0	-	RPL21P1,CLIP1	13910
chr12	124314015	124317021	ENSG00000178882[3,3,2]	0	+	124314043	124316870	0	2	270,482,	0,2524,	chr12	124316478	124316825	retro_human_5723	0	+	RFLNA,ZNF664-RFLNA	347
chr12	126874740	126875798	ENSG00000255923[1,1,1]	0	+	126874740	126874740	0	1	1058,	0,	chr12	126874790	126875748	AC078878.1-201|processed_pseudogene	0	+	LOC121296	958
chr12	132795726	132796400	ENSG00000256108[1,1,1]	0	+	132795726	132795726	0	1	674,	0,	chr12	132795776	132796350	retro_human_4508|AC135586.1-201|processed_pseudogene	0	+	LOC100419935	574
chr12	132950692	132951177	ENSG00000255703[1,1,1]	0	+	132950692	132950692	0	1	485,	0,	chr12	132950742	132951127	retro_human_4505|AC127070.3-201|processed_pseudogene	0	+	LOC647503	385
chr12	133061693	133069517	ENSG00000198393[2,6,4]	0	+	133064408	133068818	0	3	2815,96,2042,	0,3083,5782,	chr12	133067700	133068998	retro_human_4507	0	+	ZNF26	1298
chr13	13611787	13613067	ENSG00000279730[1,1,1]	0	-	13613067	13613067	0	1	1280,	0,	chr13	13611837	13613017	retro_human_5417|KMT5AP1-201|processed_pseudogene	0	-	KMT5AP1,IGSF3P1	1180
chr13	18759592	18761004	ENSG00000238132[1,1,1]	0	-	18759592	18759592	0	1	1412,	0,	chr13	18759642	18760954	retro_human_10917|CASC4P1-201|processed_pseudogene	0	-	TPTE2-AS1,GOLM2P1	1312
chr13	22116506	22120191	ENSG00000234685[1,1,2]	0	+	22116506	22116506	0	1	3685,	0,	chr13	22116556	22117429	retro_human_5665|NUS1P2-201|processed_pseudogene	0	+	LINC00621,NUS1P2	873
chr13	22116506	22117479	ENSG00000234685[1,1,1]	0	+	22116506	22116506	0	1	973,	0,	chr13	22116556	22117429	retro_human_5665|NUS1P2-201|processed_pseudogene	0	+	LINC00621,NUS1P2	873
chr13	31694473	31696141	ENSG00000229800[1,1,1]	0	+	31694473	31694473	0	1	1668,	0,	chr13	31694523	31696091	retro_human_676|ATP8A2P2-201|processed_pseudogene	0	+	ATP8A2P2,N4BP2L2	1568
chr13	34469363	34470223	ENSG00000234835[1,1,1]	0	+	34469988	34470180	0	1	860,	0,	chr13	34469413	34470173	retro_human_674|PHBP13-201|processed_pseudogene	0	+	PHB1P13	760
chr13	43653228	43796402	ENSG00000102804[5,14,7]	0	-	43654388	43795861	255	4	1415,52,3084,181,	0,2575,139721,142993,	chr13	43656816	43684678	AL139184.1-201|transcribed_processed_pseudogene	0	+	LOC124903167,TSC22D1	27862
chr13	43653228	43796402	ENSG00000102804[5,14,7]	0	-	43654388	43795861	255	4	1415,52,3084,181,	0,2575,139721,142993,	chr13	43656966	43672580	AL139184.1-202|transcribed_processed_pseudogene	0	+	LOC124903167,TSC22D1	15614
chr13	43653228	43796984	ENSG00000102804[12,14,7]	0	-	43654388	43795861	255	4	1415,52,3084,763,	0,2575,139721,142993,	chr13	43656816	43684678	AL139184.1-201|transcribed_processed_pseudogene	0	+	LOC124903167,TSC22D1	27862
chr13	43653228	43796984	ENSG00000102804[12,14,7]	0	-	43654388	43795861	255	4	1415,52,3084,763,	0,2575,139721,142993,	chr13	43656966	43672580	AL139184.1-202|transcribed_processed_pseudogene	0	+	LOC124903167,TSC22D1	15614
chr13	43653228	43796984	ENSG00000102804[12,15,7]	0	-	43654388	43795861	255	4	1415,52,3084,541,	0,2575,139721,143215,	chr13	43656816	43684678	AL139184.1-201|transcribed_processed_pseudogene	0	+	LOC124903167,TSC22D1	27862
chr13	43653228	43796984	ENSG00000102804[12,15,7]	0	-	43654388	43795861	255	4	1415,52,3084,541,	0,2575,139721,143215,	chr13	43656966	43672580	AL139184.1-202|transcribed_processed_pseudogene	0	+	LOC124903167,TSC22D1	15614
chr13	43653228	43796984	ENSG00000102804[12,16,7]	0	-	43654388	43795861	255	4	1415,52,3084,141,	0,2575,139721,143615,	chr13	43656816	43684678	AL139184.1-201|transcribed_processed_pseudogene	0	+	LOC124903167,TSC22D1	27862
chr13	43653228	43796984	ENSG00000102804[12,16,7]	0	-	43654388	43795861	255	4	1415,52,3084,141,	0,2575,139721,143615,	chr13	43656966	43672580	AL139184.1-202|transcribed_processed_pseudogene	0	+	LOC124903167,TSC22D1	15614
chr13	43653228	43694110	ENSG00000102804[4,4,7]	0	-	43654388	43655806	0	3	1415,52,134,	0,2575,40748,	chr13	43656816	43684678	AL139184.1-201|transcribed_processed_pseudogene	0	+	LOC124903167,TSC22D1	27862
chr13	43653228	43694110	ENSG00000102804[4,4,7]	0	-	43654388	43655806	0	3	1415,52,134,	0,2575,40748,	chr13	43656966	43672580	AL139184.1-202|transcribed_processed_pseudogene	0	+	LOC124903167,TSC22D1	15614
chr13	43653228	43796009	ENSG00000102804[13,1,7]	0	-	43654388	43795861	0	3	1415,52,3060,	0,2575,139721,	chr13	43656816	43684678	AL139184.1-201|transcribed_processed_pseudogene	0	+	LOC124903167,TSC22D1	27862
chr13	43653228	43796009	ENSG00000102804[13,1,7]	0	-	43654388	43795861	0	3	1415,52,3060,	0,2575,139721,	chr13	43656966	43672580	AL139184.1-202|transcribed_processed_pseudogene	0	+	LOC124903167,TSC22D1	15614
chr13	43653228	43793359	ENSG00000102804[11,1,7]	0	-	43654388	43793332	0	3	1415,52,410,	0,2575,139721,	chr13	43656816	43684678	AL139184.1-201|transcribed_processed_pseudogene	0	+	LOC124903167,TSC22D1	27862
chr13	43653228	43793359	ENSG00000102804[11,1,7]	0	-	43654388	43793332	0	3	1415,52,410,	0,2575,139721,	chr13	43656966	43672580	AL139184.1-202|transcribed_processed_pseudogene	0	+	LOC124903167,TSC22D1	15614
chr13	43653228	43796402	ENSG00000102804[5,1,7]	0	-	43654388	43795861	0	3	1415,52,3453,	0,2575,139721,	chr13	43656816	43684678	AL139184.1-201|transcribed_processed_pseudogene	0	+	LOC124903167,TSC22D1	27862
chr13	43653228	43796402	ENSG00000102804[5,1,7]	0	-	43654388	43795861	0	3	1415,52,3453,	0,2575,139721,	chr13	43656966	43672580	AL139184.1-202|transcribed_processed_pseudogene	0	+	LOC124903167,TSC22D1	15614
chr13	44601908	44610942	ENSG00000170919[11,48,3]	0	+	44601908	44601908	0	4	461,79,86,777,	0,985,6960,8257,	chr13	44609486	44610401	retro_human_7608|RCN1P2-201|processed_pseudogene	0	-	RCN1P2,TPT1-AS1	915
chr13	44606668	44610942	ENSG00000170919[12,49,3]	0	+	44606668	44606668	0	3	2286,189,777,	0,3179,3497,	chr13	44609486	44610401	retro_human_7608|RCN1P2-201|processed_pseudogene	0	-	RCN1P2,TPT1-AS1	915
chr13	44609436	44610451	ENSG00000214455[1,1,1]	0	-	44609436	44609436	0	1	1015,	0,	chr13	44609486	44610401	retro_human_7608|RCN1P2-201|processed_pseudogene	0	-	RCN1P2,TPT1-AS1	915
chr13	48441592	48443732	ENSG00000102539[1,1,1]	0	+	48441642	48443679	0	2	951,388,	0,1752,	chr13	48441757	48443532	retro_human_6890	0	+	MLNR	1775
chr13	50668210	50669800	ENSG00000236778[2,4,1]	0	+	50668210	50668210	0	2	128,878,	0,712,	chr13	50669083	50675936	RPS4XP16-203|transcribed_processed_pseudogene	0	+	INTS6-AS1,RPS4XP16	717
chr13	50668210	50669800	ENSG00000236778[2,4,1]	0	+	50668210	50668210	0	2	128,878,	0,712,	chr13	50669083	50676232	retro_human_2040|RPS4XP16-202|transcribed_processed_pseudogene	0	+	INTS6-AS1,RPS4XP16	717
chr13	50675394	50676285	ENSG00000224892[2,1,2]	0	+	50675394	50675394	0	1	891,	0,	chr13	50669083	50676232	retro_human_2040|RPS4XP16-202|transcribed_processed_pseudogene	0	+	INTS6-AS1,RPS4XP16	838
chr13	70900269	70900772	ENSG00000236534[1,1,1]	0	+	70900269	70900269	0	1	503,	0,	chr13	70900320	70900723	retro_human_1658|H3P36-201|processed_pseudogene	0	+	H3P36,DACH1	403
chr13	96145319	96188312	ENSG00000234267[3,3,1]	0	-	96145319	96145319	0	3	569,102,163,	0,14632,42830,	chr13	96145369	96152380	retro_human_10497|TULP3P1-201|transcribed_processed_pseudogene	0	-	LOC124907009,TULP3P1,LINC00359	7011
chr13	96145319	96188312	ENSG00000234267[3,3,1]	0	-	96145319	96145319	0	3	569,102,163,	0,14632,42830,	chr13	96145517	96188262	TULP3P1-203|transcribed_processed_pseudogene	0	-	RN7SKP7,LOC124907009,TULP3P1,LINC00359	42745
chr14	13375414	13419213	ENSG00000225210[1,10,10]	0	+	13375414	13375414	255	3	201,91,2384,	0,30653,41415,	chr14	13375506	13428424	DUXAP9-201|transcribed_processed_pseudogene	0	+	DUXAP9,BMS1P18	43707
chr14	13375414	13419213	ENSG00000225210[1,10,10]	0	+	13375414	13375414	255	3	201,91,2384,	0,30653,41415,	chr14	13375508	13420263	DUXAP9-203|transcribed_processed_pseudogene	0	+	DUXAP9,BMS1P18	43705
chr14	13375414	13419213	ENSG00000225210[1,10,10]	0	+	13375414	13375414	255	3	201,91,2384,	0,30653,41415,	chr14	13375520	13418395	DUXAP9-207|transcribed_processed_pseudogene	0	+	DUXAP9,BMS1P18	42875
chr14	13375414	13419213	ENSG00000225210[1,10,10]	0	+	13375414	13375414	255	3	201,91,2384,	0,30653,41415,	chr14	13375549	13417178	DUXAP9-205|transcribed_processed_pseudogene	0	+	DUXAP9,BMS1P18	41629
chr14	13375414	13419213	ENSG00000225210[1,10,10]	0	+	13375414	13375414	255	3	201,91,2384,	0,30653,41415,	chr14	13375551	13444317	DUXAP9-209|transcribed_processed_pseudogene	0	+	DUXAP9,BMS1P18,LNCRNA-ATB,NBEAP5	43662
chr14	13375414	13419213	ENSG00000225210[1,10,10]	0	+	13375414	13375414	255	3	201,91,2384,	0,30653,41415,	chr14	13375554	13407066	DUXAP9-204|transcribed_processed_pseudogene	0	+	DUXAP9,BMS1P18	31512
chr14	13375414	13418445	ENSG00000225210[1,4,7]	0	+	13375414	13375414	0	8	201,111,148,112,138,136,91,1616,	0,2320,3705,3973,5814,6170,30653,41415,	chr14	13375506	13428424	DUXAP9-201|transcribed_processed_pseudogene	0	+	DUXAP9,BMS1P18	42939
chr14	13375414	13418445	ENSG00000225210[1,4,7]	0	+	13375414	13375414	0	8	201,111,148,112,138,136,91,1616,	0,2320,3705,3973,5814,6170,30653,41415,	chr14	13375508	13420263	DUXAP9-203|transcribed_processed_pseudogene	0	+	DUXAP9,BMS1P18	42937
chr14	13375414	13418445	ENSG00000225210[1,4,7]	0	+	13375414	13375414	0	8	201,111,148,112,138,136,91,1616,	0,2320,3705,3973,5814,6170,30653,41415,	chr14	13375520	13418395	DUXAP9-207|transcribed_processed_pseudogene	0	+	DUXAP9,BMS1P18	42875
chr14	13375414	13418445	ENSG00000225210[1,4,7]	0	+	13375414	13375414	0	8	201,111,148,112,138,136,91,1616,	0,2320,3705,3973,5814,6170,30653,41415,	chr14	13375549	13417178	DUXAP9-205|transcribed_processed_pseudogene	0	+	DUXAP9,BMS1P18	41629
chr14	13375414	13418445	ENSG00000225210[1,4,7]	0	+	13375414	13375414	0	8	201,111,148,112,138,136,91,1616,	0,2320,3705,3973,5814,6170,30653,41415,	chr14	13375551	13444317	DUXAP9-209|transcribed_processed_pseudogene	0	+	DUXAP9,BMS1P18,LNCRNA-ATB,NBEAP5	42894
chr14	13375414	13418445	ENSG00000225210[1,4,7]	0	+	13375414	13375414	0	8	201,111,148,112,138,136,91,1616,	0,2320,3705,3973,5814,6170,30653,41415,	chr14	13375554	13407066	DUXAP9-204|transcribed_processed_pseudogene	0	+	DUXAP9,BMS1P18	31512
chr14	13375414	13417228	ENSG00000225210[1,8,6]	0	+	13375414	13375414	0	4	201,136,91,399,	0,6170,30653,41415,	chr14	13375506	13428424	DUXAP9-201|transcribed_processed_pseudogene	0	+	DUXAP9,BMS1P18	41722
chr14	13375414	13417228	ENSG00000225210[1,8,6]	0	+	13375414	13375414	0	4	201,136,91,399,	0,6170,30653,41415,	chr14	13375508	13420263	DUXAP9-203|transcribed_processed_pseudogene	0	+	DUXAP9,BMS1P18	41720
chr14	13375414	13417228	ENSG00000225210[1,8,6]	0	+	13375414	13375414	0	4	201,136,91,399,	0,6170,30653,41415,	chr14	13375520	13418395	DUXAP9-207|transcribed_processed_pseudogene	0	+	DUXAP9,BMS1P18	41708
chr14	13375414	13417228	ENSG00000225210[1,8,6]	0	+	13375414	13375414	0	4	201,136,91,399,	0,6170,30653,41415,	chr14	13375549	13417178	DUXAP9-205|transcribed_processed_pseudogene	0	+	DUXAP9,BMS1P18	41629
chr14	13375414	13417228	ENSG00000225210[1,8,6]	0	+	13375414	13375414	0	4	201,136,91,399,	0,6170,30653,41415,	chr14	13375551	13444317	DUXAP9-209|transcribed_processed_pseudogene	0	+	DUXAP9,BMS1P18,LNCRNA-ATB,NBEAP5	41677
chr14	13375414	13417228	ENSG00000225210[1,8,6]	0	+	13375414	13375414	0	4	201,136,91,399,	0,6170,30653,41415,	chr14	13375554	13407066	DUXAP9-204|transcribed_processed_pseudogene	0	+	DUXAP9,BMS1P18	31512
chr14	13375414	13381385	ENSG00000225210[1,2,1]	0	+	13375414	13375414	0	5	201,111,115,112,157,	0,2320,3738,3973,5814,	chr14	13375506	13428424	DUXAP9-201|transcribed_processed_pseudogene	0	+	DUXAP9,BMS1P18	5879
chr14	13375414	13381385	ENSG00000225210[1,2,1]	0	+	13375414	13375414	0	5	201,111,115,112,157,	0,2320,3738,3973,5814,	chr14	13375508	13420263	DUXAP9-203|transcribed_processed_pseudogene	0	+	DUXAP9,BMS1P18	5877
chr14	13375414	13381385	ENSG00000225210[1,2,1]	0	+	13375414	13375414	0	5	201,111,115,112,157,	0,2320,3738,3973,5814,	chr14	13375520	13418395	DUXAP9-207|transcribed_processed_pseudogene	0	+	DUXAP9,BMS1P18	5865
chr14	13375414	13381385	ENSG00000225210[1,2,1]	0	+	13375414	13375414	0	5	201,111,115,112,157,	0,2320,3738,3973,5814,	chr14	13375549	13417178	DUXAP9-205|transcribed_processed_pseudogene	0	+	DUXAP9,BMS1P18	5836
chr14	13375414	13381385	ENSG00000225210[1,2,1]	0	+	13375414	13375414	0	5	201,111,115,112,157,	0,2320,3738,3973,5814,	chr14	13375554	13407066	DUXAP9-204|transcribed_processed_pseudogene	0	+	DUXAP9,BMS1P18	5831
chr14	13581936	13650873	ENSG00000244306[2,3,1]	0	-	13581936	13581936	0	8	578,91,136,114,112,148,111,201,	0,38204,62639,62993,64859,65091,66508,68736,	chr14	13637452	13644596	DUXAP10-208|transcribed_processed_pseudogene	0	-	DUXAP10,LINC01297-DUXAP10-NBEAP6	7144
chr14	13581936	13650873	ENSG00000244306[2,3,1]	0	-	13581936	13581936	0	8	578,91,136,114,112,148,111,201,	0,38204,62639,62993,64859,65091,66508,68736,	chr14	13581986	13650762	DUXAP10-211|transcribed_processed_pseudogene	0	-	DUXAP10,LINC01297-DUXAP10-NBEAP6,BMS1P17	68776
chr14	13581936	13650873	ENSG00000244306[2,3,1]	0	-	13581936	13581936	0	8	578,91,136,114,112,148,111,201,	0,38204,62639,62993,64859,65091,66508,68736,	chr14	13597793	13650765	DUXAP10-206|transcribed_processed_pseudogene	0	-	DUXAP10,LINC01297-DUXAP10-NBEAP6,BMS1P17	52972
chr14	13581936	13650873	ENSG00000244306[2,3,1]	0	-	13581936	13581936	0	8	578,91,136,114,112,148,111,201,	0,38204,62639,62993,64859,65091,66508,68736,	chr14	13605641	13650738	DUXAP10-205|transcribed_processed_pseudogene	0	-	DUXAP10,LINC01297-DUXAP10-NBEAP6,BMS1P17	45097
chr14	13581936	13650873	ENSG00000244306[2,3,1]	0	-	13581936	13581936	0	8	578,91,136,114,112,148,111,201,	0,38204,62639,62993,64859,65091,66508,68736,	chr14	13606032	13650779	DUXAP10-209|transcribed_processed_pseudogene	0	-	DUXAP10,LINC01297-DUXAP10-NBEAP6,BMS1P17	44747
chr14	13581936	13650873	ENSG00000244306[2,3,1]	0	-	13581936	13581936	0	8	578,91,136,114,112,148,111,201,	0,38204,62639,62993,64859,65091,66508,68736,	chr14	13609118	13650738	DUXAP10-207|transcribed_processed_pseudogene	0	-	DUXAP10,LINC01297-DUXAP10-NBEAP6,BMS1P17	41620
chr14	13581936	13650873	ENSG00000244306[2,3,1]	0	-	13581936	13581936	0	8	578,91,136,114,112,148,111,201,	0,38204,62639,62993,64859,65091,66508,68736,	chr14	13611821	13650762	DUXAP10-210|transcribed_processed_pseudogene	0	-	BMS1P17,DUXAP10,LINC01297-DUXAP10-NBEAP6	38941
chr14	13581936	13650873	ENSG00000244306[2,3,1]	0	-	13581936	13581936	0	8	578,91,136,114,112,148,111,201,	0,38204,62639,62993,64859,65091,66508,68736,	chr14	13620151	13650781	DUXAP10-202|transcribed_processed_pseudogene	0	-	BMS1P17,DUXAP10,LINC01297-DUXAP10-NBEAP6	30630
chr14	13636061	13650873	ENSG00000244306[2,12,12]	0	-	13636061	13636061	255	7	2815,136,138,112,148,111,201,	0,8514,8868,10734,10966,12383,14611,	chr14	13637452	13644596	DUXAP10-208|transcribed_processed_pseudogene	0	-	DUXAP10,LINC01297-DUXAP10-NBEAP6	7144
chr14	13636061	13650873	ENSG00000244306[2,12,12]	0	-	13636061	13636061	255	7	2815,136,138,112,148,111,201,	0,8514,8868,10734,10966,12383,14611,	chr14	13644960	13650823	DUXAP10-203|transcribed_processed_pseudogene	0	-	DUXAP10,LINC01297-DUXAP10-NBEAP6	5863
chr14	13636061	13650873	ENSG00000244306[2,12,12]	0	-	13636061	13636061	255	7	2815,136,138,112,148,111,201,	0,8514,8868,10734,10966,12383,14611,	chr14	13581986	13650762	DUXAP10-211|transcribed_processed_pseudogene	0	-	DUXAP10,LINC01297-DUXAP10-NBEAP6,BMS1P17	14701
chr14	13636061	13650873	ENSG00000244306[2,12,12]	0	-	13636061	13636061	255	7	2815,136,138,112,148,111,201,	0,8514,8868,10734,10966,12383,14611,	chr14	13597793	13650765	DUXAP10-206|transcribed_processed_pseudogene	0	-	DUXAP10,LINC01297-DUXAP10-NBEAP6,BMS1P17	14704
chr14	13636061	13650873	ENSG00000244306[2,12,12]	0	-	13636061	13636061	255	7	2815,136,138,112,148,111,201,	0,8514,8868,10734,10966,12383,14611,	chr14	13605641	13650738	DUXAP10-205|transcribed_processed_pseudogene	0	-	DUXAP10,LINC01297-DUXAP10-NBEAP6,BMS1P17	14677
chr14	13636061	13650873	ENSG00000244306[2,12,12]	0	-	13636061	13636061	255	7	2815,136,138,112,148,111,201,	0,8514,8868,10734,10966,12383,14611,	chr14	13606032	13650779	DUXAP10-209|transcribed_processed_pseudogene	0	-	DUXAP10,LINC01297-DUXAP10-NBEAP6,BMS1P17	14718
chr14	13636061	13650873	ENSG00000244306[2,12,12]	0	-	13636061	13636061	255	7	2815,136,138,112,148,111,201,	0,8514,8868,10734,10966,12383,14611,	chr14	13609118	13650738	DUXAP10-207|transcribed_processed_pseudogene	0	-	DUXAP10,LINC01297-DUXAP10-NBEAP6,BMS1P17	14677
chr14	13636061	13650873	ENSG00000244306[2,12,12]	0	-	13636061	13636061	255	7	2815,136,138,112,148,111,201,	0,8514,8868,10734,10966,12383,14611,	chr14	13611821	13650762	DUXAP10-210|transcribed_processed_pseudogene	0	-	BMS1P17,DUXAP10,LINC01297-DUXAP10-NBEAP6	14701
chr14	13636061	13650873	ENSG00000244306[2,12,12]	0	-	13636061	13636061	255	7	2815,136,138,112,148,111,201,	0,8514,8868,10734,10966,12383,14611,	chr14	13620151	13650781	DUXAP10-202|transcribed_processed_pseudogene	0	-	BMS1P17,DUXAP10,LINC01297-DUXAP10-NBEAP6	14720
chr14	13637402	13650873	ENSG00000244306[2,11,10]	0	-	13637402	13637402	255	6	1474,136,138,112,148,201,	0,7173,7527,9393,9625,13270,	chr14	13637452	13644596	DUXAP10-208|transcribed_processed_pseudogene	0	-	DUXAP10,LINC01297-DUXAP10-NBEAP6	7144
chr14	13637402	13650873	ENSG00000244306[2,11,10]	0	-	13637402	13637402	255	6	1474,136,138,112,148,201,	0,7173,7527,9393,9625,13270,	chr14	13644960	13650823	DUXAP10-203|transcribed_processed_pseudogene	0	-	DUXAP10,LINC01297-DUXAP10-NBEAP6	5863
chr14	13637402	13650873	ENSG00000244306[2,11,10]	0	-	13637402	13637402	255	6	1474,136,138,112,148,201,	0,7173,7527,9393,9625,13270,	chr14	13581986	13650762	DUXAP10-211|transcribed_processed_pseudogene	0	-	DUXAP10,LINC01297-DUXAP10-NBEAP6,BMS1P17	13360
chr14	13637402	13650873	ENSG00000244306[2,11,10]	0	-	13637402	13637402	255	6	1474,136,138,112,148,201,	0,7173,7527,9393,9625,13270,	chr14	13597793	13650765	DUXAP10-206|transcribed_processed_pseudogene	0	-	DUXAP10,LINC01297-DUXAP10-NBEAP6,BMS1P17	13363
chr14	13637402	13650873	ENSG00000244306[2,11,10]	0	-	13637402	13637402	255	6	1474,136,138,112,148,201,	0,7173,7527,9393,9625,13270,	chr14	13605641	13650738	DUXAP10-205|transcribed_processed_pseudogene	0	-	DUXAP10,LINC01297-DUXAP10-NBEAP6,BMS1P17	13336
chr14	13637402	13650873	ENSG00000244306[2,11,10]	0	-	13637402	13637402	255	6	1474,136,138,112,148,201,	0,7173,7527,9393,9625,13270,	chr14	13606032	13650779	DUXAP10-209|transcribed_processed_pseudogene	0	-	DUXAP10,LINC01297-DUXAP10-NBEAP6,BMS1P17	13377
chr14	13637402	13650873	ENSG00000244306[2,11,10]	0	-	13637402	13637402	255	6	1474,136,138,112,148,201,	0,7173,7527,9393,9625,13270,	chr14	13609118	13650738	DUXAP10-207|transcribed_processed_pseudogene	0	-	DUXAP10,LINC01297-DUXAP10-NBEAP6,BMS1P17	13336
chr14	13637402	13650873	ENSG00000244306[2,11,10]	0	-	13637402	13637402	255	6	1474,136,138,112,148,201,	0,7173,7527,9393,9625,13270,	chr14	13611821	13650762	DUXAP10-210|transcribed_processed_pseudogene	0	-	BMS1P17,DUXAP10,LINC01297-DUXAP10-NBEAP6	13360
chr14	13637402	13650873	ENSG00000244306[2,11,10]	0	-	13637402	13637402	255	6	1474,136,138,112,148,201,	0,7173,7527,9393,9625,13270,	chr14	13620151	13650781	DUXAP10-202|transcribed_processed_pseudogene	0	-	BMS1P17,DUXAP10,LINC01297-DUXAP10-NBEAP6	13379
chr14	13637402	13650873	ENSG00000244306[2,12,10]	0	-	13637402	13637402	255	7	1474,136,138,112,148,111,201,	0,7173,7527,9393,9625,11042,13270,	chr14	13637452	13644596	DUXAP10-208|transcribed_processed_pseudogene	0	-	DUXAP10,LINC01297-DUXAP10-NBEAP6	7144
chr14	13637402	13650873	ENSG00000244306[2,12,10]	0	-	13637402	13637402	255	7	1474,136,138,112,148,111,201,	0,7173,7527,9393,9625,11042,13270,	chr14	13644960	13650823	DUXAP10-203|transcribed_processed_pseudogene	0	-	DUXAP10,LINC01297-DUXAP10-NBEAP6	5863
chr14	13637402	13650873	ENSG00000244306[2,12,10]	0	-	13637402	13637402	255	7	1474,136,138,112,148,111,201,	0,7173,7527,9393,9625,11042,13270,	chr14	13581986	13650762	DUXAP10-211|transcribed_processed_pseudogene	0	-	DUXAP10,LINC01297-DUXAP10-NBEAP6,BMS1P17	13360
chr14	13637402	13650873	ENSG00000244306[2,12,10]	0	-	13637402	13637402	255	7	1474,136,138,112,148,111,201,	0,7173,7527,9393,9625,11042,13270,	chr14	13597793	13650765	DUXAP10-206|transcribed_processed_pseudogene	0	-	DUXAP10,LINC01297-DUXAP10-NBEAP6,BMS1P17	13363
chr14	13637402	13650873	ENSG00000244306[2,12,10]	0	-	13637402	13637402	255	7	1474,136,138,112,148,111,201,	0,7173,7527,9393,9625,11042,13270,	chr14	13605641	13650738	DUXAP10-205|transcribed_processed_pseudogene	0	-	DUXAP10,LINC01297-DUXAP10-NBEAP6,BMS1P17	13336
chr14	13637402	13650873	ENSG00000244306[2,12,10]	0	-	13637402	13637402	255	7	1474,136,138,112,148,111,201,	0,7173,7527,9393,9625,11042,13270,	chr14	13606032	13650779	DUXAP10-209|transcribed_processed_pseudogene	0	-	DUXAP10,LINC01297-DUXAP10-NBEAP6,BMS1P17	13377
chr14	13637402	13650873	ENSG00000244306[2,12,10]	0	-	13637402	13637402	255	7	1474,136,138,112,148,111,201,	0,7173,7527,9393,9625,11042,13270,	chr14	13609118	13650738	DUXAP10-207|transcribed_processed_pseudogene	0	-	DUXAP10,LINC01297-DUXAP10-NBEAP6,BMS1P17	13336
chr14	13637402	13650873	ENSG00000244306[2,12,10]	0	-	13637402	13637402	255	7	1474,136,138,112,148,111,201,	0,7173,7527,9393,9625,11042,13270,	chr14	13611821	13650762	DUXAP10-210|transcribed_processed_pseudogene	0	-	BMS1P17,DUXAP10,LINC01297-DUXAP10-NBEAP6	13360
chr14	13637402	13650873	ENSG00000244306[2,12,10]	0	-	13637402	13637402	255	7	1474,136,138,112,148,111,201,	0,7173,7527,9393,9625,11042,13270,	chr14	13620151	13650781	DUXAP10-202|transcribed_processed_pseudogene	0	-	BMS1P17,DUXAP10,LINC01297-DUXAP10-NBEAP6	13379
chr14	13644910	13650873	ENSG00000244306[2,2,3]	0	-	13644910	13644910	0	5	157,112,115,111,201,	0,1885,2117,3534,5762,	chr14	13644960	13650823	DUXAP10-203|transcribed_processed_pseudogene	0	-	DUXAP10,LINC01297-DUXAP10-NBEAP6	5863
chr14	13644910	13650873	ENSG00000244306[2,2,3]	0	-	13644910	13644910	0	5	157,112,115,111,201,	0,1885,2117,3534,5762,	chr14	13597793	13650765	DUXAP10-206|transcribed_processed_pseudogene	0	-	DUXAP10,LINC01297-DUXAP10-NBEAP6,BMS1P17	5855
chr14	13644910	13650873	ENSG00000244306[2,2,3]	0	-	13644910	13644910	0	5	157,112,115,111,201,	0,1885,2117,3534,5762,	chr14	13605641	13650738	DUXAP10-205|transcribed_processed_pseudogene	0	-	DUXAP10,LINC01297-DUXAP10-NBEAP6,BMS1P17	5828
chr14	13644910	13650873	ENSG00000244306[2,2,3]	0	-	13644910	13644910	0	5	157,112,115,111,201,	0,1885,2117,3534,5762,	chr14	13606032	13650779	DUXAP10-209|transcribed_processed_pseudogene	0	-	DUXAP10,LINC01297-DUXAP10-NBEAP6,BMS1P17	5869
chr14	13644910	13650873	ENSG00000244306[2,2,3]	0	-	13644910	13644910	0	5	157,112,115,111,201,	0,1885,2117,3534,5762,	chr14	13609118	13650738	DUXAP10-207|transcribed_processed_pseudogene	0	-	DUXAP10,LINC01297-DUXAP10-NBEAP6,BMS1P17	5828
chr14	13644910	13650873	ENSG00000244306[2,2,3]	0	-	13644910	13644910	0	5	157,112,115,111,201,	0,1885,2117,3534,5762,	chr14	13611821	13650762	DUXAP10-210|transcribed_processed_pseudogene	0	-	BMS1P17,DUXAP10,LINC01297-DUXAP10-NBEAP6	5852
chr14	13644910	13650873	ENSG00000244306[2,2,3]	0	-	13644910	13644910	0	5	157,112,115,111,201,	0,1885,2117,3534,5762,	chr14	13620151	13650781	DUXAP10-202|transcribed_processed_pseudogene	0	-	BMS1P17,DUXAP10,LINC01297-DUXAP10-NBEAP6	5871
chr14	13868588	13869864	ENSG00000257846[1,1,1]	0	+	13868588	13868588	0	1	1276,	0,	chr14	13868351	13868867	AL512310.5-1|processed_pseudogene	0	-	LOC400174,LOC100422528	279
chr14	13868588	13869864	ENSG00000257846[1,1,1]	0	+	13868588	13868588	0	1	1276,	0,	chr14	13868638	13869814	retro_human_2398|AL512310.6-1|processed_pseudogene	0	+	LOC400174,LOC100422528	1176
chr14	13877609	13879983	ENSG00000257884[1,1,1]	0	+	13877609	13877609	0	1	2374,	0,	chr14	13877659	13879933	retro_human_2399|AL512310.7-1|transcribed_processed_pseudogene	0	+	USP10P1	2274
chr14	15287442	15290749	ENSG00000165804[9,14,1]	0	-	15289275	15290583	255	2	1114,1923,	0,1384,	chr14	15290371	15290805	retro_human_9033	0	-	ZNF219	378
chr14	15287442	15291134	ENSG00000165804[10,16,1]	0	-	15287954	15291001	255	4	1114,132,1420,139,	0,1384,1838,3553,	chr14	15290371	15290805	retro_human_9033	0	-	ZNF219	434
chr14	15287442	15290749	ENSG00000165804[9,15,1]	0	-	15287954	15290583	255	3	1114,132,1469,	0,1384,1838,	chr14	15290371	15290805	retro_human_9033	0	-	ZNF219	378
chr14	15290320	15291288	ENSG00000165804[4,5,3]	0	-	15290368	15290524	0	2	380,293,	0,675,	chr14	15290371	15290805	retro_human_9033	0	-	ZNF219	434
chr14	15596351	15596809	ENSG00000241035[1,1,1]	0	+	15596351	15596351	0	1	458,	0,	chr14	15596401	15596759	retro_human_2793|AL161747.1-201|processed_pseudogene	0	+	UBA52P2	358
chr14	15847335	15848045	ENSG00000255664[1,1,1]	0	-	15847335	15847335	0	1	710,	0,	chr14	15847385	15847995	retro_human_8450|ARL6IP1P1-201|processed_pseudogene	0	-	ARL6IP1P1,TRA	610
chr14	15947940	15949318	ENSG00000240954[1,1,1]	0	+	15947940	15947940	0	1	1378,	0,	chr14	15947990	15949268	retro_human_8601|RPL4P1-201|processed_pseudogene	0	+	RPL4P1,TRA	1278
chr14	17494804	17496850	ENSG00000270433[1,1,1]	0	+	17494804	17494804	0	1	2046,	0,	chr14	17496194	17496490	retro_human_8607	0	+	H3P37	296
chr14	25216226	25216677	ENSG00000258968[1,1,1]	0	+	25216226	25216226	0	1	451,	0,	chr14	25216276	25216627	retro_human_9025|AL049830.4-201|processed_pseudogene	0	+	LOC100913082	351
chr14	25518048	25518559	ENSG00000283016[1,1,1]	0	-	25518101	25518509	0	1	511,	0,	chr14	25518098	25518509	retro_human_9177|AL139353.3-201|processed_pseudogene	0	-	ATP5MC1P2	411
chr14	28890131	28890706	ENSG00000241582[1,1,1]	0	+	28890131	28890131	0	1	575,	0,	chr14	28890181	28890656	retro_human_9030|RPL23AP8-201|processed_pseudogene	0	+	RPL23AP8,LOC107984628	475
chr14	29119952	29120194	ENSG00000258493[1,1,1]	0	+	29119952	29119952	0	1	242,	0,	chr14	29120002	29120144	AL121603.1-201|processed_pseudogene	0	+	SRP54-AS1	142
chr14	32793871	32794815	ENSG00000271468[1,1,1]	0	+	32793871	32793871	0	1	944,	0,	chr14	32793921	32794765	AL357094.1-201|processed_pseudogene	0	+	LOC100422334	844
chr14	33162017	33162804	ENSG00000270713[1,1,1]	0	-	33162017	33162017	0	1	787,	0,	chr14	33162067	33162754	retro_human_3707|AL132994.2-201|processed_pseudogene	0	-	RIPPLY3P1,LOC102723516	687
chr14	33558848	33559426	ENSG00000271424[1,1,1]	0	-	33558848	33558848	0	1	578,	0,	chr14	33558898	33559376	retro_human_8516|AL157791.2-201|processed_pseudogene	0	-	GLRX5P3	478
chr14	33573976	33575775	ENSG00000259100[1,1,1]	0	-	33573976	33573976	0	1	1799,	0,	chr14	33574026	33575725	AL157791.1-201|processed_pseudogene	0	-	COILP1,MIA2	1699
chr14	35487123	35489672	ENSG00000258385[1,1,1]	0	+	35487123	35487123	0	1	2549,	0,	chr14	35487173	35489622	retro_human_9426|AL391516.1-201|processed_pseudogene	0	+	LOC100533628	2449
chr14	38311076	38311728	ENSG00000259137[1,1,1]	0	-	38311076	38311076	0	1	652,	0,	chr14	38311126	38311678	retro_human_7851|AL109766.1-201|processed_pseudogene	0	-	LOC645086	552
chr14	43775586	43775909	ENSG00000244270[2,1,1]	0	-	43775639	43775882	0	1	323,	0,	chr14	43775636	43776039	retro_human_2024|RPL32P29-201|processed_pseudogene	0	-	RPL32P29,RPS29	273
chr14	43775586	43776089	ENSG00000244270[1,1,1]	0	-	43775639	43775960	0	1	503,	0,	chr14	43775636	43776039	retro_human_2024|RPL32P29-201|processed_pseudogene	0	-	RPL32P29,RPS29	403
chr14	43875364	43875989	ENSG00000259155[1,1,1]	0	+	43875364	43875364	0	1	625,	0,	chr14	43875414	43875939	retro_human_893|AL591767.3-201|processed_pseudogene	0	+	STK16P1	525
chr14	44677902	44678826	ENSG00000273675[1,1,1]	0	+	44677902	44677902	0	1	924,	0,	chr14	44677952	44678776	AL118556.3-201|processed_pseudogene	0	+	LOC100419913	824
chr14	49434397	49434962	ENSG00000279392[1,1,1]	0	+	49434397	49434397	0	1	565,	0,	chr14	49434447	49434912	retro_human_8113|AL158801.5-201|processed_pseudogene	0	+	UBE2L1	465
chr14	49487469	49487917	ENSG00000239686[1,1,1]	0	-	49487469	49487469	0	1	448,	0,	chr14	49487519	49487867	retro_human_10727|AL158801.1-201|processed_pseudogene	0	-	RPL34P28	348
chr14	51836747	51838169	ENSG00000258856[1,1,2]	0	+	51836747	51836747	0	1	1422,	0,	chr14	51836797	51838119	retro_human_7279|AL136520.1-201|transcribed_processed_pseudogene	0	+	LOC401777	1322
chr14	51836747	51838169	ENSG00000258856[1,1,2]	0	+	51836747	51836747	0	1	1422,	0,	chr14	51836882	51837645	AL136520.1-202|transcribed_processed_pseudogene	0	+	LOC401777	763
chr14	52728213	52729079	ENSG00000258900[1,1,1]	0	+	52728797	52728941	0	1	866,	0,	chr14	52728263	52729029	retro_human_8436|HNRNPCP1-201|processed_pseudogene	0	+	HNRNPCP1,KIAA0586	766
chr14	53001752	53002228	ENSG00000213598[1,1,1]	0	+	53001752	53001752	0	1	476,	0,	chr14	53001802	53002178	retro_human_8438|AL049873.1-201|processed_pseudogene	0	+	RPL31P4	376
chr14	54385627	54386362	ENSG00000258563[1,1,1]	0	+	54385627	54385627	0	1	735,	0,	chr14	54385677	54386312	retro_human_8441|PSMA3P-201|processed_pseudogene	0	+	PSMA3P1	635
chr14	55178761	55179056	ENSG00000258656[1,1,1]	0	-	55178787	55179006	0	1	295,	0,	chr14	55178811	55179006	retro_human_4823|AL160236.1-201|processed_pseudogene	0	-	TRMT5	195
chr14	57801370	57802731	ENSG00000270878[1,1,1]	0	-	57801370	57801370	0	1	1361,	0,	chr14	57801420	57802681	retro_human_6451|AL136038.6-201|processed_pseudogene	0	-	GCATP1	1261
chr14	61396465	61407731	ENSG00000172717[1,5,2]	0	+	61405282	61406104	0	5	227,87,185,156,1084,	0,7926,8791,9630,10182,	chr14	61406182	61407448	retro_human_8420|AL135978.1-201|processed_pseudogene	0	+	SF3B4P1	1266
chr14	62006054	62006760	ENSG00000258759[1,1,1]	0	+	62006054	62006054	0	1	706,	0,	chr14	62006104	62006710	retro_human_8412|AL049779.2-201|processed_pseudogene	0	+	LOC100421541	606
chr14	63768652	63769204	ENSG00000244237[1,1,1]	0	-	63768652	63768652	0	1	552,	0,	chr14	63768702	63769154	retro_human_1045|AL133445.1-201|processed_pseudogene	0	-	RPL24P3	452
chr14	65535737	65536234	ENSG00000259079[1,1,1]	0	-	65535737	65535737	0	1	497,	0,	chr14	65535787	65536184	retro_human_6876|AC005476.1-201|processed_pseudogene	0	-	LOC729941	397
chr14	67273611	67274223	ENSG00000258448[1,1,1]	0	-	67273611	67273611	0	1	612,	0,	chr14	67273661	67274173	AL442663.2-201|processed_pseudogene	0	-	LOC100422493	512
chr14	68211001	68211176	ENSG00000279461[1,1,1]	0	+	68211001	68211001	0	1	175,	0,	chr14	68211051	68211126	AC005480.2-201|processed_pseudogene	0	+	RPL41P4	75
chr14	68867114	68867756	ENSG00000258439[1,1,1]	0	+	68867114	68867114	0	1	642,	0,	chr14	68867164	68867706	retro_human_1125|AC007956.2-201|processed_pseudogene	0	+	LOC100419503	542
chr14	69082733	69083404	ENSG00000258587[1,1,1]	0	+	69082733	69082733	0	1	671,	0,	chr14	69082783	69083354	retro_human_2483|AC006530.1-201|processed_pseudogene	0	+	METTL5P1	571
chr14	69804871	69805373	ENSG00000242951[1,1,1]	0	-	69804871	69804871	0	1	502,	0,	chr14	69804921	69805323	retro_human_1429|AC007182.2-201|processed_pseudogene	0	-	RPS24P2	402
chr14	71178366	71178929	ENSG00000243225[1,1,1]	0	+	71178366	71178366	0	1	563,	0,	chr14	71178416	71178879	retro_human_2367|AC007686.1-201|processed_pseudogene	0	+	RPLP1P1	463
chr14	71568750	71569344	ENSG00000258510[1,1,1]	0	+	71568750	71568750	0	1	594,	0,	chr14	71568800	71569294	AC007954.1-201|processed_pseudogene	0	+	LOC100422225	494
chr14	84628306	84629882	ENSG00000198668[9,16,2]	0	+	84628621	84629439	0	3	387,136,469,	0,797,1107,	chr14	84629074	84629238	retro_human_3392	0	+	CALM1	164
chr14	84628842	84629882	ENSG00000198668[10,17,2]	0	+	84629145	84629439	0	2	397,469,	0,571,	chr14	84629074	84629238	retro_human_3392	0	+	CALM1	164
chr14	84991951	84992510	ENSG00000213315[1,1,1]	0	+	84991951	84991951	0	1	559,	0,	chr14	84992001	84992460	retro_human_8019|AL122020.1-201|processed_pseudogene	0	+	RPS18P2	459
chr14	85643455	85646466	ENSG00000258798[1,1,1]	0	+	85643455	85643455	0	2	126,278,	0,2733,	chr14	85644688	85644991	retro_human_8020|AL133153.1-201|processed_pseudogene	0	+	LOC112268126	303
chr14	85644638	85645041	ENSG00000258446[1,1,1]	0	+	85644638	85644638	0	1	403,	0,	chr14	85644688	85644991	retro_human_8020|AL133153.1-201|processed_pseudogene	0	+	LOC112268126	303
chr14	86256008	86256430	ENSG00000259020[1,1,1]	0	+	86256008	86256008	0	1	422,	0,	chr14	86256058	86256380	retro_human_8025|AL049872.1-201|processed_pseudogene	0	+	PTMAP7	322
chr14	87475869	87476283	ENSG00000241499[1,1,1]	0	+	87475869	87475869	0	1	414,	0,	chr14	87475919	87476233	retro_human_3400|AL132838.2-201|processed_pseudogene	0	+	RPL36AP4	314
chr14	88531483	88550723	ENSG00000170099[1,4,1]	0	-	88531706	88541930	255	5	406,148,271,800,173,	0,1873,5534,9834,19067,	chr14	88537035	88541816	retro_human_6062	0	-	SERPINA6,LOC124907357	4781
chr14	88531483	88550723	ENSG00000170099[1,2,1]	0	-	88537216	88541930	0	5	406,148,271,781,173,	0,1873,5534,9685,19067,	chr14	88537035	88541816	retro_human_6062	0	-	SERPINA6,LOC124907357	4781
chr14	88531483	88550723	ENSG00000170099[1,1,1]	0	-	88531706	88541930	0	5	406,148,271,632,173,	0,1873,5534,9834,19067,	chr14	88537035	88541816	retro_human_6062	0	-	SERPINA6,LOC124907357	4781
chr14	88998236	89000227	ENSG00000133937[1,1,1]	0	-	88998557	89000079	0	3	477,260,503,	0,785,1488,	chr14	88998974	88999297	retro_human_6064	0	-	GSC	323
chr14	89764145	89775295	ENSG00000182512[2,2,2]	0	+	89774784	89774940	0	2	351,661,	0,10489,	chr14	89765944	89774756	retro_human_8795	0	+	GLRX5	8812
chr14	89765234	89775295	ENSG00000182512[4,1,2]	0	+	89765781	89774810	0	2	842,661,	0,9400,	chr14	89765944	89774756	retro_human_8795	0	+	GLRX5	8812
chr14	89765234	89775462	ENSG00000182512[4,1,1]	0	+	89765781	89774810	0	2	842,828,	0,9400,	chr14	89765944	89774756	retro_human_8795	0	+	GLRX5	8812
chr14	89765691	89775462	ENSG00000182512[1,1,1]	0	+	89765781	89774810	0	2	385,828,	0,8943,	chr14	89765944	89774756	retro_human_8795	0	+	GLRX5	8812
chr14	89765691	89775295	ENSG00000182512[1,1,2]	0	+	89765781	89774810	0	2	385,661,	0,8943,	chr14	89765944	89774756	retro_human_8795	0	+	GLRX5	8812
chr14	94508708	94511550	ENSG00000100811[4,2,6]	0	+	94509531	94509720	0	1	2842,	0,	chr14	94510283	94510618	retro_human_8914	0	+	MIR6764,YY1	335
chr14	94509178	94510876	ENSG00000100811[5,7,4]	0	+	94509531	94510627	0	2	500,429,	0,1269,	chr14	94510283	94510618	retro_human_8914	0	+	MIR6764,YY1	335
chr14	94510478	94511550	ENSG00000100811[7,2,6]	0	+	94510604	94510775	0	1	1072,	0,	chr14	94510283	94510618	retro_human_8914	0	+	MIR6764,YY1	140
chr14	94599680	94600073	ENSG00000258581[1,1,1]	0	+	94599680	94599680	0	1	393,	0,	chr14	94599730	94600023	retro_human_1404|AL157871.3-201|processed_pseudogene	0	+	NDUFB3P4	293
chr14	94713655	94714078	ENSG00000258500[1,1,1]	0	+	94713655	94713655	0	1	423,	0,	chr14	94713705	94714028	retro_human_3398|AL845552.1-201|transcribed_processed_pseudogene	0	+	HMGN1P25	323
chr14	95913349	95913887	ENSG00000241494[1,1,1]	0	+	95913349	95913349	0	1	538,	0,	chr14	95913399	95913837	retro_human_3432|AL355032.1-201|processed_pseudogene	0	+	RPL26P4	438
chr14	96078928	96079757	ENSG00000259161[1,1,1]	0	-	96078928	96078928	0	1	829,	0,	chr14	96078978	96079707	retro_human_668|AL137779.3-201|processed_pseudogene	0	-	NPM1P20	729
chr14	100249556	100250283	ENSG00000225200[1,1,1]	0	-	100249556	100249556	0	1	727,	0,	chr14	100249606	100250233	retro_human_2615|AC246787.1-201|processed_pseudogene	0	-	RPS8P1	627
chr15	19057845	19058567	ENSG00000281087[1,1,1]	0	-	19057845	19057845	0	1	722,	0,	chr15	19057896	19058519	retro_human_8476	0	-	RPS8P10	623
chr15	19057849	19058571	ENSG00000223877[1,1,1]	0	-	19057849	19057849	0	1	722,	0,	chr15	19057896	19058519	retro_human_8476	0	-	RPS8P10	623
chr15	20386872	20387256	ENSG00000277867[1,1,1]	0	+	20386872	20386872	0	1	384,	0,	chr15	20386922	20387206	AC138649.4-201|processed_pseudogene	0	+	LOC100133165	284
chr15	22647446	22647798	ENSG00000242088[1,1,1]	0	-	22647446	22647446	0	1	352,	0,	chr15	22647496	22647748	retro_human_2028|AC090602.1-201|processed_pseudogene	0	-	RPS27P2	252
chr15	26565825	26567370	ENSG00000256951[2,1,2]	0	+	26565825	26565825	0	1	1545,	0,	chr15	26566217	26566505	AC055876.3-201|transcribed_processed_pseudogene	0	+	LOC100289656	288
chr15	26566167	26566555	ENSG00000256951[1,1,1]	0	+	26566167	26566167	0	1	388,	0,	chr15	26566217	26566505	AC055876.3-201|transcribed_processed_pseudogene	0	+	LOC100289656	288
chr15	28016243	28018891	ENSG00000259993[1,1,1]	0	+	28016243	28016243	0	1	2648,	0,	chr15	28016293	28018841	retro_human_4898|AC135731.1-201|processed_pseudogene	0	+	LOC728424	2548
chr15	28676199	28677264	ENSG00000260382[1,1,1]	0	-	28676199	28676199	0	1	1065,	0,	chr15	28676249	28677214	retro_human_7855|AC087481.1-201|processed_pseudogene	0	-	TMEM183AP3	965
chr15	30319127	30330274	ENSG00000223509[5,5,3]	0	-	30319127	30319127	0	6	571,130,166,170,156,580,	0,1828,4173,5890,7141,10567,	chr15	30316319	30323379	AC135983.3-201|transcribed_processed_pseudogene	0	-	WHAMMP1	4252
chr15	30319127	30330274	ENSG00000223509[5,5,3]	0	-	30319127	30319127	0	6	571,130,166,170,156,580,	0,1828,4173,5890,7141,10567,	chr15	30323137	30325127	AC135983.3-204|transcribed_processed_pseudogene	0	-	WHAMMP1	1990
chr15	30319127	30330274	ENSG00000223509[5,5,3]	0	-	30319127	30319127	0	6	571,130,166,170,156,580,	0,1828,4173,5890,7141,10567,	chr15	30325088	30326382	AC135983.3-205|transcribed_processed_pseudogene	0	-	WHAMMP1	1294
chr15	30319127	30330274	ENSG00000223509[5,5,3]	0	-	30319127	30319127	0	6	571,130,166,170,156,580,	0,1828,4173,5890,7141,10567,	chr15	30319177	30330224	AC135983.3-202|transcribed_processed_pseudogene	0	-	WHAMMP1	11047
chr15	30319127	30330274	ENSG00000223509[5,5,3]	0	-	30319127	30319127	0	6	571,130,166,170,156,580,	0,1828,4173,5890,7141,10567,	chr15	30319510	30333408	AC135983.3-203|transcribed_processed_pseudogene	0	-	WHAMMP1,LINC02256	10764
chr15	30325038	30326432	ENSG00000223509[4,4,5]	0	-	30325038	30325038	0	2	149,164,	0,1230,	chr15	30325088	30326382	AC135983.3-205|transcribed_processed_pseudogene	0	-	WHAMMP1	1294
chr15	30325038	30326432	ENSG00000223509[4,4,5]	0	-	30325038	30325038	0	2	149,164,	0,1230,	chr15	30319177	30330224	AC135983.3-202|transcribed_processed_pseudogene	0	-	WHAMMP1	1394
chr15	30325038	30326432	ENSG00000223509[4,4,5]	0	-	30325038	30325038	0	2	149,164,	0,1230,	chr15	30319510	30333408	AC135983.3-203|transcribed_processed_pseudogene	0	-	WHAMMP1,LINC02256	1394
chr15	32294671	32296341	ENSG00000259917[1,1,1]	0	-	32294671	32294671	0	1	1670,	0,	chr15	32294778	32296217	retro_human_3709	0	-	HNRNPLP2	1439
chr15	32748239	32748654	ENSG00000231409[1,1,1]	0	+	32748239	32748239	0	1	415,	0,	chr15	32748289	32748604	retro_human_10382|AC018868.1-201|processed_pseudogene	0	+	RPL36AP8	315
chr15	32897637	32898467	ENSG00000259397[1,1,1]	0	+	32897637	32897637	0	1	830,	0,	chr15	32897687	32898417	retro_human_10384|AC021231.2-201|processed_pseudogene	0	+	LOC441722	730
chr15	34509734	34615028	ENSG00000186073[7,21,11]	0	+	34513175	34513385	0	4	5026,106,166,645,	0,5593,104069,104649,	chr15	34604066	34623937	CSNK1A1P1-201|transcribed_processed_pseudogene	0	-	CSNK1A1P1,CDIN1	10962
chr15	34604016	34623987	ENSG00000223518[2,2,1]	0	-	34604016	34604016	0	4	1279,69,112,783,	0,6034,18638,19188,	chr15	34604066	34623937	CSNK1A1P1-201|transcribed_processed_pseudogene	0	-	CSNK1A1P1,CDIN1	19871
chr15	36264000	36264881	ENSG00000259192[1,1,1]	0	-	36264000	36264000	0	1	881,	0,	chr15	36264050	36264831	retro_human_8259|AC109631.1-201|processed_pseudogene	0	-	LOC100422645	781
chr15	38661775	38663044	ENSG00000166145[8,11,4]	0	+	38662805	38662997	0	3	312,48,250,	0,525,1019,	chr15	38661898	38662185	retro_human_5315	0	+	SPINT1	287
chr15	38678183	38680304	ENSG00000104140[1,3,1]	0	-	38679080	38680159	255	2	1338,601,	0,1520,	chr15	38679168	38680066	retro_human_8262	0	-	RHOV	898
chr15	38678183	38679815	ENSG00000104140[3,3,1]	0	-	38679349	38679747	255	2	1338,112,	0,1520,	chr15	38679168	38680066	retro_human_8262	0	-	RHOV	647
chr15	38678183	38680304	ENSG00000104140[1,1,1]	0	-	38679080	38680159	0	3	1338,59,353,	0,1520,1768,	chr15	38679168	38680066	retro_human_8262	0	-	RHOV	898
chr15	38735272	38745108	ENSG00000128917[1,4,1]	0	+	38742245	38744017	255	10	827,58,264,61,131,170,220,703,109,1094,	0,1335,2213,2881,3027,5261,5611,6941,8131,8742,	chr15	38740890	38742419	retro_human_5314	0	+	DLL4	1529
chr15	38735272	38745108	ENSG00000128917[1,1,1]	0	+	38735651	38744017	0	11	445,270,58,264,61,131,170,220,703,109,1094,	0,557,1335,2213,2881,3027,5261,5611,6941,8131,8742,	chr15	38740890	38742419	retro_human_5314	0	+	DLL4	1529
chr15	38735570	38745108	ENSG00000128917[3,4,1]	0	+	38742245	38744017	255	10	529,58,264,61,131,170,220,703,109,1094,	0,1037,1915,2583,2729,4963,5313,6643,7833,8444,	chr15	38740890	38742419	retro_human_5314	0	+	DLL4	1529
chr15	38735570	38745108	ENSG00000128917[3,1,1]	0	+	38735651	38744017	0	11	147,270,58,264,61,131,170,220,703,109,1094,	0,259,1037,1915,2583,2729,4963,5313,6643,7833,8444,	chr15	38740890	38742419	retro_human_5314	0	+	DLL4	1529
chr15	38735879	38745108	ENSG00000128917[4,4,1]	0	+	38742245	38744017	255	10	220,58,264,61,131,170,220,703,109,1094,	0,728,1606,2274,2420,4654,5004,6334,7524,8135,	chr15	38740890	38742419	retro_human_5314	0	+	DLL4	1529
chr15	38969195	38970504	ENSG00000157021[1,1,1]	0	+	38969195	38969195	0	2	332,654,	0,655,	chr15	38969246	38970373	retro_human_5316	0	+	CIBAR1P1	1127
chr15	41165447	41178430	ENSG00000140265[1,1,1]	0	-	41168401	41177238	255	6	3820,468,699,205,430,548,	0,5793,7988,10800,11473,12435,	chr15	41171449	41173928	retro_human_7315	0	-	ZSCAN29	2479
chr15	41165447	41178430	ENSG00000140265[1,2,1]	0	-	41168401	41177238	0	5	3820,468,699,205,1510,	0,5793,7988,10800,11473,	chr15	41171449	41173928	retro_human_7315	0	-	ZSCAN29	2479
chr15	41165447	41177437	ENSG00000140265[2,2,1]	0	-	41168401	41177238	0	5	3820,468,699,205,517,	0,5793,7988,10800,11473,	chr15	41171449	41173928	retro_human_7315	0	-	ZSCAN29	2479
chr15	41168293	41178430	ENSG00000140265[1,1,2]	0	-	41168401	41177238	255	6	974,468,699,205,430,548,	0,2947,5142,7954,8627,9589,	chr15	41171449	41173928	retro_human_7315	0	-	ZSCAN29	2479
chr15	41168293	41178430	ENSG00000140265[1,2,2]	0	-	41168401	41177238	0	5	974,468,699,205,1510,	0,2947,5142,7954,8627,	chr15	41171449	41173928	retro_human_7315	0	-	ZSCAN29	2479
chr15	42162331	42163433	ENSG00000250130[1,1,1]	0	+	42162368	42162869	0	1	1102,	0,	chr15	42162381	42163383	retro_human_10806|AC090519.1-201|processed_pseudogene	0	+	GAPDHP43	1002
chr15	42536953	42540924	ENSG00000185880[2,7,6]	0	+	42536953	42536953	0	2	412,1531,	0,2440,	chr15	42539680	42540159	retro_human_8570	0	+	LOC100419583	479
chr15	42536953	42540924	ENSG00000185880[2,8,6]	0	+	42536953	42536953	0	2	615,1531,	0,2440,	chr15	42539680	42540159	retro_human_8570	0	+	LOC100419583	479
chr15	43138355	43140881	ENSG00000259433[1,1,1]	0	-	43138355	43138355	0	1	2526,	0,	chr15	43138405	43140831	AC051619.2-201|processed_pseudogene	0	-	LOC124903482,LOC100533853	2426
chr15	43287716	43330964	ENSG00000104154[1,1,1]	0	-	43293326	43330513	0	8	5762,135,106,202,154,147,505,199,	0,7055,7971,9285,11172,31582,42406,43049,	chr15	43319313	43327826	HMGN2P46-205|transcribed_processed_pseudogene	0	+	HMGN2P46,SLC30A4	8513
chr15	43287716	43330964	ENSG00000104154[1,1,1]	0	-	43293326	43330513	0	8	5762,135,106,202,154,147,505,199,	0,7055,7971,9285,11172,31582,42406,43049,	chr15	43319296	43364888	HMGN2P46-204|transcribed_processed_pseudogene	0	+	HMGN2P46,SLC30A4,SNORA41B	11668
chr15	43287716	43330964	ENSG00000104154[1,1,1]	0	-	43293326	43330513	0	8	5762,135,106,202,154,147,505,199,	0,7055,7971,9285,11172,31582,42406,43049,	chr15	43319311	43364260	HMGN2P46-201|transcribed_processed_pseudogene	0	+	HMGN2P46,SLC30A4,SNORA41B	11653
chr15	43287716	43330964	ENSG00000104154[1,1,1]	0	-	43293326	43330513	0	8	5762,135,106,202,154,147,505,199,	0,7055,7971,9285,11172,31582,42406,43049,	chr15	43319311	43364260	HMGN2P46-202|transcribed_processed_pseudogene	0	+	HMGN2P46,SLC30A4,SNORA41B	11653
chr15	43287716	43330964	ENSG00000104154[1,1,1]	0	-	43293326	43330513	0	8	5762,135,106,202,154,147,505,199,	0,7055,7971,9285,11172,31582,42406,43049,	chr15	43319311	43364260	HMGN2P46-203|transcribed_processed_pseudogene	0	+	HMGN2P46,SLC30A4,SNORA41B	11653
chr15	43290920	43330964	ENSG00000104154[1,1,3]	0	-	43293326	43330513	0	8	2558,135,106,202,154,147,505,199,	0,3851,4767,6081,7968,28378,39202,39845,	chr15	43319313	43327826	HMGN2P46-205|transcribed_processed_pseudogene	0	+	HMGN2P46,SLC30A4	8513
chr15	43290920	43330964	ENSG00000104154[1,1,3]	0	-	43293326	43330513	0	8	2558,135,106,202,154,147,505,199,	0,3851,4767,6081,7968,28378,39202,39845,	chr15	43319296	43364888	HMGN2P46-204|transcribed_processed_pseudogene	0	+	HMGN2P46,SLC30A4,SNORA41B	11668
chr15	43290920	43330964	ENSG00000104154[1,1,3]	0	-	43293326	43330513	0	8	2558,135,106,202,154,147,505,199,	0,3851,4767,6081,7968,28378,39202,39845,	chr15	43319311	43364260	HMGN2P46-201|transcribed_processed_pseudogene	0	+	HMGN2P46,SLC30A4,SNORA41B	11653
chr15	43290920	43330964	ENSG00000104154[1,1,3]	0	-	43293326	43330513	0	8	2558,135,106,202,154,147,505,199,	0,3851,4767,6081,7968,28378,39202,39845,	chr15	43319311	43364260	HMGN2P46-202|transcribed_processed_pseudogene	0	+	HMGN2P46,SLC30A4,SNORA41B	11653
chr15	43290920	43330964	ENSG00000104154[1,1,3]	0	-	43293326	43330513	0	8	2558,135,106,202,154,147,505,199,	0,3851,4767,6081,7968,28378,39202,39845,	chr15	43319311	43364260	HMGN2P46-203|transcribed_processed_pseudogene	0	+	HMGN2P46,SLC30A4,SNORA41B	11653
chr15	43310157	43330779	ENSG00000104154[3,2,2]	0	-	43311100	43330513	0	3	966,147,657,	0,9141,19965,	chr15	43319313	43327826	HMGN2P46-205|transcribed_processed_pseudogene	0	+	HMGN2P46,SLC30A4	8513
chr15	43310157	43330779	ENSG00000104154[3,2,2]	0	-	43311100	43330513	0	3	966,147,657,	0,9141,19965,	chr15	43319296	43364888	HMGN2P46-204|transcribed_processed_pseudogene	0	+	HMGN2P46,SLC30A4,SNORA41B	11483
chr15	43310157	43330779	ENSG00000104154[3,2,2]	0	-	43311100	43330513	0	3	966,147,657,	0,9141,19965,	chr15	43319311	43364260	HMGN2P46-201|transcribed_processed_pseudogene	0	+	HMGN2P46,SLC30A4,SNORA41B	11468
chr15	43310157	43330779	ENSG00000104154[3,2,2]	0	-	43311100	43330513	0	3	966,147,657,	0,9141,19965,	chr15	43319311	43364260	HMGN2P46-202|transcribed_processed_pseudogene	0	+	HMGN2P46,SLC30A4,SNORA41B	11468
chr15	43310157	43330779	ENSG00000104154[3,2,2]	0	-	43311100	43330513	0	3	966,147,657,	0,9141,19965,	chr15	43319311	43364260	HMGN2P46-203|transcribed_processed_pseudogene	0	+	HMGN2P46,SLC30A4,SNORA41B	11468
chr15	43310157	43330445	ENSG00000104154[2,2,2]	0	-	43311100	43330141	0	3	966,147,323,	0,9141,19965,	chr15	43319313	43327826	HMGN2P46-205|transcribed_processed_pseudogene	0	+	HMGN2P46,SLC30A4	8513
chr15	43310157	43330445	ENSG00000104154[2,2,2]	0	-	43311100	43330141	0	3	966,147,323,	0,9141,19965,	chr15	43319296	43364888	HMGN2P46-204|transcribed_processed_pseudogene	0	+	HMGN2P46,SLC30A4,SNORA41B	11149
chr15	43310157	43330445	ENSG00000104154[2,2,2]	0	-	43311100	43330141	0	3	966,147,323,	0,9141,19965,	chr15	43319311	43364260	HMGN2P46-201|transcribed_processed_pseudogene	0	+	HMGN2P46,SLC30A4,SNORA41B	11134
chr15	43310157	43330445	ENSG00000104154[2,2,2]	0	-	43311100	43330141	0	3	966,147,323,	0,9141,19965,	chr15	43319311	43364260	HMGN2P46-202|transcribed_processed_pseudogene	0	+	HMGN2P46,SLC30A4,SNORA41B	11134
chr15	43310157	43330445	ENSG00000104154[2,2,2]	0	-	43311100	43330141	0	3	966,147,323,	0,9141,19965,	chr15	43319311	43364260	HMGN2P46-203|transcribed_processed_pseudogene	0	+	HMGN2P46,SLC30A4,SNORA41B	11134
chr15	44635361	44635894	ENSG00000259509[1,1,1]	0	+	44635361	44635361	0	1	533,	0,	chr15	44635411	44635844	retro_human_8568|AC073941.2-201|processed_pseudogene	0	+	LOC112268162	433
chr15	46533475	46534065	ENSG00000259216[1,1,1]	0	+	46533475	46533475	0	1	590,	0,	chr15	46533525	46534015	retro_human_10604|AC084757.1-201|processed_pseudogene	0	+	LOC645405	490
chr15	47173299	47174961	ENSG00000259531[1,1,1]	0	-	47173568	47174213	0	1	1662,	0,	chr15	47173349	47174911	retro_human_3159|AC022306.1-201|processed_pseudogene	0	-	LOC100420615	1562
chr15	49903879	49904432	ENSG00000242327[1,1,1]	0	+	49903879	49903879	0	1	553,	0,	chr15	49903929	49904382	retro_human_4452|AC023906.1-201|processed_pseudogene	0	+	RPS13P8	453
chr15	56002865	56003387	ENSG00000240934[1,1,1]	0	+	56002865	56002865	0	1	522,	0,	chr15	56002915	56003328	retro_human_3223|AC066616.1-201|processed_pseudogene	0	+	RPL28P4	413
chr15	56488355	56488662	ENSG00000182625[1,1,1]	0	+	56488355	56488355	0	1	307,	0,	chr15	56488405	56488612	retro_human_7991|AC091046.1-201|processed_pseudogene	0	+	LOC100289060	207
chr15	56769058	56769921	ENSG00000259393[1,1,1]	0	-	56769058	56769058	0	1	863,	0,	chr15	56769108	56769871	retro_human_503|AC025918.2-201|processed_pseudogene	0	-	LOC100420929	763
chr15	57208401	57212705	ENSG00000259674[2,2,2]	0	-	57208401	57208401	255	2	1845,129,	0,4175,	chr15	57209054	57210246	retro_human_9703|AC092868.1-201|processed_pseudogene	0	-	RPL7AP75	1192
chr15	58193476	58193888	ENSG00000240163[1,1,1]	0	+	58193476	58193476	0	1	412,	0,	chr15	58193526	58193838	retro_human_1551|AC087385.1-201|processed_pseudogene	0	+	RPL36AP44,ANXA2	312
chr15	60756935	60757987	ENSG00000259394[1,1,1]	0	+	60756935	60756935	0	1	1052,	0,	chr15	60756985	60757937	retro_human_7411|AC079328.1-201|processed_pseudogene	0	+	LOC100287243	952
chr15	62835447	62836136	ENSG00000270218[1,1,1]	0	+	62835447	62835447	0	1	689,	0,	chr15	62835497	62836086	retro_human_7415|AC013553.2-201|processed_pseudogene	0	+	LOC100130437	589
chr15	63580548	63581612	ENSG00000259924[1,1,1]	0	-	63581148	63581535	0	1	1064,	0,	chr15	63580598	63581562	retro_human_9242|AC011939.1-201|processed_pseudogene	0	-	LOC646358	964
chr15	66656321	66657340	ENSG00000259286[1,1,1]	0	+	66656963	66657287	0	1	1019,	0,	chr15	66656371	66657290	retro_human_7010|AC087639.1-201|processed_pseudogene	0	+	LOC390600	919
chr15	67625384	67626215	ENSG00000259496[1,1,1]	0	-	67625384	67625384	0	1	831,	0,	chr15	67625434	67626165	retro_human_6548|AC021818.2-201|processed_pseudogene	0	-	GEMIN8P1	731
chr15	69165107	69165762	ENSG00000212664[1,1,1]	0	-	69165107	69165107	0	1	655,	0,	chr15	69165157	69165712	retro_human_6490|AC064799.1-201|processed_pseudogene	0	-	RPL17P39	555
chr15	69951327	69952223	ENSG00000243568[1,1,1]	0	+	69951705	69952035	0	1	896,	0,	chr15	69951377	69952173	retro_human_7014|AC020779.1-201|processed_pseudogene	0	+	RPL21P115	796
chr15	72328923	72349081	ENSG00000247240[1,11,2]	0	+	72328923	72328923	255	4	901,95,219,303,	0,4838,17864,19855,	chr15	72345796	72358014	AC012435.2-201|transcribed_processed_pseudogene	0	-	UBL7-DT	3285
chr15	72328923	72349081	ENSG00000247240[1,6,2]	0	+	72328923	72328923	0	2	438,149,	0,20009,	chr15	72345796	72358014	AC012435.2-201|transcribed_processed_pseudogene	0	-	UBL7-DT	3285
chr15	72328923	72349081	ENSG00000247240[1,4,2]	0	+	72328923	72328923	0	5	901,95,219,294,303,	0,4838,17864,19425,19855,	chr15	72345796	72358014	AC012435.2-201|transcribed_processed_pseudogene	0	-	UBL7-DT	3285
chr15	72328923	72349081	ENSG00000247240[1,9,2]	0	+	72328923	72328923	0	4	834,95,219,303,	0,4838,17864,19855,	chr15	72345796	72358014	AC012435.2-201|transcribed_processed_pseudogene	0	-	UBL7-DT	3285
chr15	72345746	72358064	ENSG00000260103[2,2,1]	0	-	72345746	72345746	0	2	3385,101,	0,12217,	chr15	72345796	72358014	AC012435.2-201|transcribed_processed_pseudogene	0	-	UBL7-DT	12218
chr15	73338896	73341045	ENSG00000169410[2,2,2]	0	-	73340872	73341025	0	3	173,208,280,	0,981,1869,	chr15	73339795	73340067	retro_human_6215	0	-	PTPN9	272
chr15	75138899	75139309	ENSG00000230459[1,1,1]	0	+	75138899	75138899	0	1	410,	0,	chr15	75138949	75139259	retro_human_796|AC060773.1-201|processed_pseudogene	0	+	LOC646853	310
chr15	77786065	77788683	ENSG00000259642[2,1,4]	0	+	77786065	77786065	0	1	2618,	0,	chr15	77786090	77786439	AC015871.8-201|transcribed_processed_pseudogene	0	-	ST20-AS1,ST20	349
chr15	77786065	77787958	ENSG00000259642[2,1,3]	0	+	77786065	77786065	0	1	1893,	0,	chr15	77786090	77786439	AC015871.8-201|transcribed_processed_pseudogene	0	-	ST20-AS1,ST20	349
chr15	80236265	80236845	ENSG00000237550[2,1,1]	0	-	80236265	80236265	0	1	580,	0,	chr15	80236315	80237033	retro_human_5724|AC243919.1-201|transcribed_processed_pseudogene	0	-	RPL9P8	530
chr15	80236265	80236845	ENSG00000237550[2,1,1]	0	-	80236265	80236265	0	1	580,	0,	chr15	80236430	80237009	AC243919.1-202|transcribed_processed_pseudogene	0	-	RPL9P8	415
chr15	80236265	80237087	ENSG00000237550[1,1,1]	0	-	80236265	80236265	0	1	822,	0,	chr15	80236315	80237033	retro_human_5724|AC243919.1-201|transcribed_processed_pseudogene	0	-	RPL9P8	718
chr15	80236265	80237087	ENSG00000237550[1,1,1]	0	-	80236265	80236265	0	1	822,	0,	chr15	80236430	80237009	AC243919.1-202|transcribed_processed_pseudogene	0	-	RPL9P8	579
chr15	80236265	80236845	ENSG00000237550[2,2,1]	0	-	80236265	80236265	0	2	272,227,	0,353,	chr15	80236315	80237033	retro_human_5724|AC243919.1-201|transcribed_processed_pseudogene	0	-	RPL9P8	530
chr15	80236265	80236845	ENSG00000237550[2,2,1]	0	-	80236265	80236265	0	2	272,227,	0,353,	chr15	80236430	80237009	AC243919.1-202|transcribed_processed_pseudogene	0	-	RPL9P8	415
chr15	80236265	80237087	ENSG00000237550[1,2,1]	0	-	80236265	80236265	0	2	272,469,	0,353,	chr15	80236315	80237033	retro_human_5724|AC243919.1-201|transcribed_processed_pseudogene	0	-	RPL9P8	718
chr15	80236265	80237087	ENSG00000237550[1,2,1]	0	-	80236265	80236265	0	2	272,469,	0,353,	chr15	80236430	80237009	AC243919.1-202|transcribed_processed_pseudogene	0	-	RPL9P8	579
chr15	80555894	80556630	ENSG00000259707[1,1,1]	0	-	80556070	80556220	0	1	736,	0,	chr15	80555944	80556580	retro_human_6087|AC105339.4-201|processed_pseudogene	0	-	LOC100421235,CPEB1-AS1	636
chr15	82383828	82389065	ENSG00000176700[1,3,14]	0	+	82383828	82383828	0	3	194,102,2815,	0,796,2422,	chr15	82386300	82387062	retro_human_407|EGLN1P1-201|transcribed_processed_pseudogene	0	+	EGLN1P1,SCAND2P	762
chr15	82383828	82389065	ENSG00000176700[1,4,14]	0	+	82383828	82383828	0	2	898,2815,	0,2422,	chr15	82386300	82387062	retro_human_407|EGLN1P1-201|transcribed_processed_pseudogene	0	+	EGLN1P1,SCAND2P	762
chr15	82383828	82387629	ENSG00000176700[1,4,13]	0	+	82383828	82383828	0	2	898,1379,	0,2422,	chr15	82386300	82387062	retro_human_407|EGLN1P1-201|transcribed_processed_pseudogene	0	+	EGLN1P1,SCAND2P	762
chr15	82383828	82387899	ENSG00000176700[1,4,4]	0	+	82383828	82383828	0	2	898,1649,	0,2422,	chr15	82386300	82387062	retro_human_407|EGLN1P1-201|transcribed_processed_pseudogene	0	+	EGLN1P1,SCAND2P	762
chr15	82385905	82389065	ENSG00000254779[2,1,3]	0	+	82385905	82385905	0	1	3160,	0,	chr15	82386300	82387062	retro_human_407|EGLN1P1-201|transcribed_processed_pseudogene	0	+	EGLN1P1,SCAND2P	762
chr15	82385905	82387629	ENSG00000254779[2,1,2]	0	+	82385905	82385905	0	1	1724,	0,	chr15	82386300	82387062	retro_human_407|EGLN1P1-201|transcribed_processed_pseudogene	0	+	EGLN1P1,SCAND2P	762
chr15	82385905	82393513	ENSG00000176700[4,11,9]	0	+	82385905	82385905	0	4	903,74,82,1586,	0,3863,4912,6022,	chr15	82386300	82387062	retro_human_407|EGLN1P1-201|transcribed_processed_pseudogene	0	+	EGLN1P1,SCAND2P	762
chr15	82385905	82393221	ENSG00000176700[4,11,11]	0	+	82385905	82385905	0	4	903,74,82,1294,	0,3863,4912,6022,	chr15	82386300	82387062	retro_human_407|EGLN1P1-201|transcribed_processed_pseudogene	0	+	EGLN1P1,SCAND2P	762
chr15	82385905	82393513	ENSG00000176700[4,10,9]	0	+	82385905	82385905	0	4	903,74,124,1586,	0,3863,4870,6022,	chr15	82386300	82387062	retro_human_407|EGLN1P1-201|transcribed_processed_pseudogene	0	+	EGLN1P1,SCAND2P	762
chr15	82385905	82393221	ENSG00000176700[4,10,11]	0	+	82385905	82385905	0	4	903,74,124,1294,	0,3863,4870,6022,	chr15	82386300	82387062	retro_human_407|EGLN1P1-201|transcribed_processed_pseudogene	0	+	EGLN1P1,SCAND2P	762
chr15	82386250	82387112	ENSG00000254779[1,1,1]	0	+	82386250	82386250	0	1	862,	0,	chr15	82386300	82387062	retro_human_407|EGLN1P1-201|transcribed_processed_pseudogene	0	+	EGLN1P1,SCAND2P	762
chr15	83167228	83167734	ENSG00000259630[1,1,1]	0	+	83167277	83167682	0	1	506,	0,	chr15	83167278	83167684	retro_human_411|AC104046.1-201|transcribed_processed_pseudogene	0	+	FABP5P9	406
chr15	86744364	86745191	ENSG00000261549[1,1,1]	0	-	86744364	86744364	0	1	827,	0,	chr15	86744414	86745141	retro_human_387|AC107954.1-201|processed_pseudogene	0	-	LOC100129942	727
chr15	86955863	86956641	ENSG00000259948[1,1,1]	0	-	86955863	86955863	0	1	778,	0,	chr15	86955913	86956591	retro_human_2259|AC124068.1-201|processed_pseudogene	0	-	LOC124903574,ABHD2	678
chr15	87404388	87411436	ENSG00000166813[1,5,3]	0	-	87405867	87408866	0	5	322,394,304,352,119,	0,521,1288,4150,6929,	chr15	87404542	87405343	retro_human_2262	0	-	KIF7	801
chr15	87632507	87633353	ENSG00000259677[1,1,1]	0	+	87632507	87632507	0	1	846,	0,	chr15	87632557	87633303	retro_human_6196|AC027176.2-201|processed_pseudogene	0	+	LOC100631255	746
chr15	88031069	88031757	ENSG00000228998[1,1,1]	0	+	88031119	88031707	0	1	688,	0,	chr15	88031119	88031707	retro_human_6193|AC091167.1-201|transcribed_processed_pseudogene	0	+	PERPP2	588
chr15	90379839	90496531	TALONG000132472[1,1,1]	0	-	90381613	90392720	0	4	2061,132,124,272,	0,12829,81487,116420,	chr15	90475765	90496480	H2AZ2P1-203|transcribed_processed_pseudogene	0	-	RPL31P6,LOC101926994	20715
chr15	90379839	90496531	TALONG000132472[1,1,1]	0	-	90381613	90392720	0	4	2061,132,124,272,	0,12829,81487,116420,	chr15	90478002	90496373	H2AZ2P1-202|transcribed_processed_pseudogene	0	-	RPL31P6,LOC101926994	18371
chr15	90379839	90572196	ENSG00000185442[9,10,1]	0	-	90381613	90392720	0	4	2061,132,124,289,	0,12829,81487,192068,	chr15	90475765	90496480	H2AZ2P1-203|transcribed_processed_pseudogene	0	-	RPL31P6,LOC101926994	20715
chr15	90381390	90572196	ENSG00000185442[9,10,2]	0	-	90381613	90392720	0	4	510,132,124,289,	0,11278,79936,190517,	chr15	90475765	90496480	H2AZ2P1-203|transcribed_processed_pseudogene	0	-	RPL31P6,LOC101926994	20715
chr15	92619519	92621057	ENSG00000277654[2,1,1]	0	+	92619519	92619519	0	1	1538,	0,	chr15	92619568	92621007	retro_human_8942|AC087633.2-203|transcribed_processed_pseudogene	0	+	LOC440311	1439
chr15	92620831	92887233	ENSG00000277654[5,8,7]	0	+	92620831	92620831	0	5	127,176,74,110,116,	0,164309,168250,212182,266286,	chr15	92605156	92789952	AC087633.2-201|transcribed_processed_pseudogene	0	+	LOC440311,LOC105370989,LOC105370991	169121
chr15	92620831	92887233	ENSG00000277654[5,8,7]	0	+	92620831	92620831	0	5	127,176,74,110,116,	0,164309,168250,212182,266286,	chr15	92605183	92789991	AC087633.2-202|transcribed_processed_pseudogene	0	+	LOC440311,LOC105370989,LOC105370991	169160
chr15	92620831	92887233	ENSG00000277654[5,8,7]	0	+	92620831	92620831	0	5	127,176,74,110,116,	0,164309,168250,212182,266286,	chr15	92620628	92785225	AC087633.2-204|transcribed_processed_pseudogene	0	+	LOC440311,LOC105370989,LOC105370991	164394
chr15	92620831	92887233	ENSG00000277654[5,8,7]	0	+	92620831	92620831	0	5	127,176,74,110,116,	0,164309,168250,212182,266286,	chr15	92620881	92876577	AC087633.2-205|transcribed_processed_pseudogene	0	+	LOC440311,LOC105370989,LOC105370991	255696
chr15	92620831	92887233	ENSG00000277654[5,8,7]	0	+	92620831	92620831	0	5	127,176,74,110,116,	0,164309,168250,212182,266286,	chr15	92620884	92887183	AC087633.2-206|transcribed_processed_pseudogene	0	+	LOC440311,LOC105370989,LOC105370991	266299
chr15	92620831	92887233	ENSG00000277654[5,8,7]	0	+	92620831	92620831	0	5	127,176,74,110,116,	0,164309,168250,212182,266286,	chr15	92620942	92789181	AC087633.2-207|transcribed_processed_pseudogene	0	+	LOC440311,LOC105370989,LOC105370991	168239
chr15	92620831	92887233	ENSG00000277654[5,8,7]	0	+	92620831	92620831	0	5	127,176,74,110,116,	0,164309,168250,212182,266286,	chr15	92789120	92923923	AC087633.2-208|transcribed_processed_pseudogene	0	+	LOC105370991,LOC105370990	98113
chr15	94212727	94213167	ENSG00000242295[1,1,1]	0	+	94212727	94212727	0	1	440,	0,	chr15	94212777	94213117	retro_human_8933|AC087477.1-201|processed_pseudogene	0	+	RPL31P55	340
chr16	377934	388899	ENSG00000236829[1,3,2]	0	+	377934	377934	0	3	431,140,6344,	0,1243,4621,	chr16	377984	388849	Z97634.1-201|transcribed_processed_pseudogene	0	+	RPL23AP5,LOC100134368,PGAP6	10865
chr16	377934	388899	ENSG00000236829[1,3,2]	0	+	377934	377934	0	3	431,140,6344,	0,1243,4621,	chr16	378037	383131	Z97634.1-202|transcribed_processed_pseudogene	0	+	RPL23AP5,LOC100134368,PGAP6	5094
chr16	377934	382650	ENSG00000236829[1,3,3]	0	+	377934	377934	0	3	431,140,95,	0,1243,4621,	chr16	377984	388849	Z97634.1-201|transcribed_processed_pseudogene	0	+	RPL23AP5,LOC100134368,PGAP6	4666
chr16	377934	382650	ENSG00000236829[1,3,3]	0	+	377934	377934	0	3	431,140,95,	0,1243,4621,	chr16	378037	383131	Z97634.1-202|transcribed_processed_pseudogene	0	+	RPL23AP5,LOC100134368,PGAP6	4613
chr16	377934	383181	ENSG00000236829[1,3,1]	0	+	377934	377934	0	3	431,140,626,	0,1243,4621,	chr16	377984	388849	Z97634.1-201|transcribed_processed_pseudogene	0	+	RPL23AP5,LOC100134368,PGAP6	5197
chr16	377934	383181	ENSG00000236829[1,3,1]	0	+	377934	377934	0	3	431,140,626,	0,1243,4621,	chr16	378037	383131	Z97634.1-202|transcribed_processed_pseudogene	0	+	RPL23AP5,LOC100134368,PGAP6	5094
chr16	377934	388899	ENSG00000236829[1,2,2]	0	+	377934	377934	0	3	431,140,1244,	0,1243,9721,	chr16	377984	388849	Z97634.1-201|transcribed_processed_pseudogene	0	+	RPL23AP5,LOC100134368,PGAP6	10865
chr16	377934	388899	ENSG00000236829[1,2,2]	0	+	377934	377934	0	3	431,140,1244,	0,1243,9721,	chr16	378037	383131	Z97634.1-202|transcribed_processed_pseudogene	0	+	RPL23AP5,LOC100134368,PGAP6	5094
chr16	1243595	1244977	ENSG00000197253[3,4,1]	0	-	1243962	1244944	255	4	529,164,267,101,	0,614,905,1281,	chr16	1244508	1245019	retro_human_1383	0	-	TPSB2	469
chr16	1243595	1245313	ENSG00000197253[2,2,1]	0	-	1243962	1245283	0	5	529,164,267,172,112,	0,614,905,1281,1606,	chr16	1244508	1245019	retro_human_1383	0	-	TPSB2	511
chr16	1243595	1245545	ENSG00000197253[1,2,1]	0	-	1243962	1245283	0	5	529,164,267,172,344,	0,614,905,1281,1606,	chr16	1244508	1245019	retro_human_1383	0	-	TPSB2	511
chr16	2354646	2355166	ENSG00000243445[1,1,1]	0	-	2354776	2354908	0	1	520,	0,	chr16	2354696	2355116	retro_human_234|AC106820.1-201|processed_pseudogene	0	-	RPS16P7	420
chr16	2680503	2685605	ENSG00000260565[3,5,1]	0	-	2680503	2680503	0	1	5102,	0,	chr16	2683084	2683704	retro_human_7494	0	-	ERVK13-1	620
chr16	2860056	2862437	ENSG00000172460[5,3,1]	0	-	2860056	2860056	0	3	414,166,219,	0,1645,2162,	chr16	2860285	2861811	retro_human_1647	0	-	PRSS30P	1526
chr16	2860056	2863065	ENSG00000172460[3,5,1]	0	-	2860056	2860056	0	4	414,166,92,78,	0,1645,2162,2931,	chr16	2860285	2861811	retro_human_1647	0	-	PRSS30P	1526
chr16	2860056	2863333	ENSG00000172460[4,1,1]	0	-	2860056	2860056	0	2	414,2647,	0,630,	chr16	2860285	2861811	retro_human_1647	0	-	PRSS30P	1526
chr16	3350195	3351029	ENSG00000262316[1,1,1]	0	-	3350195	3350195	0	1	834,	0,	chr16	3350245	3350979	retro_human_10314|AC025283.1-201|processed_pseudogene	0	-	LOC646140,ZNF75A	734
chr16	3867710	3868293	ENSG00000262516[1,1,1]	0	+	3867710	3867710	0	1	583,	0,	chr16	3867760	3868243	retro_human_9986|AC007151.1-201|processed_pseudogene	0	+	DPPA3P6	483
chr16	4216659	4249332	ENSG00000185739[4,5,1]	0	-	4219491	4231906	255	6	3641,234,117,96,102,279,	0,6229,8482,13843,15210,32394,	chr16	4219663	4223123	retro_human_10316	0	-	SRL	3460
chr16	4216659	4245411	ENSG00000185739[3,4,1]	0	-	4219491	4231906	255	6	3641,234,117,96,102,411,	0,6229,8482,13843,15210,28341,	chr16	4219663	4223123	retro_human_10316	0	-	SRL	3460
chr16	5290294	5290752	ENSG00000260817[1,1,1]	0	-	5290294	5290294	0	1	458,	0,	chr16	5290344	5290702	retro_human_4411|AC074051.2-201|processed_pseudogene	0	-	LOC124903639	358
chr16	10876248	10877509	ENSG00000262488[1,1,1]	0	-	10876248	10876248	0	1	1261,	0,	chr16	10876298	10877459	AC133065.2-201|processed_pseudogene	0	-	LOC729945	1161
chr16	12918264	12918687	ENSG00000241932[1,1,1]	0	+	12918264	12918264	0	1	423,	0,	chr16	12918314	12918638	retro_human_379|AC092324.2-201|processed_pseudogene	0	+	RPL35AP34	324
chr16	14989251	14991253	ENSG00000261819[1,1,1]	0	-	14989251	14989251	0	1	2002,	0,	chr16	14989301	14991203	retro_human_6066|AC138932.3-201|processed_pseudogene	0	-	LOC728138	1902
chr16	16553406	16554137	ENSG00000261362[1,1,1]	0	-	16553406	16553406	0	1	731,	0,	chr16	16553456	16554087	retro_human_6070|AC136619.2-201|processed_pseudogene	0	-	LOC100133127	631
chr16	18177534	18178238	ENSG00000260933[1,1,1]	0	+	18177534	18177534	0	1	704,	0,	chr16	18177584	18178188	retro_human_11218|AC091489.2-201|processed_pseudogene	0	+	LOC100133137	604
chr16	20789860	20799945	ENSG00000188215[2,2,2]	0	-	20790803	20793453	0	3	1424,536,136,	0,3162,9949,	chr16	20790888	20793294	retro_human_4152	0	-	DCUN1D3	2406
chr16	25365068	25383135	ENSG00000260448[2,5,2]	0	-	25365068	25365068	0	2	233,258,	0,17809,	chr16	25372907	25374777	retro_human_9754|AC133552.3-201|processed_pseudogene	0	+	LOC100421173	1870
chr16	25372857	25374827	ENSG00000262700[1,1,1]	0	+	25372857	25372857	0	1	1970,	0,	chr16	25372907	25374777	retro_human_9754|AC133552.3-201|processed_pseudogene	0	+	LOC100421173	1870
chr16	28645020	28645754	ENSG00000271623[1,1,1]	0	+	28645020	28645020	0	1	734,	0,	chr16	28645070	28645704	AC138894.3-201|processed_pseudogene	0	+	NPIPB6	634
chr16	29030487	29031224	ENSG00000270424[1,1,1]	0	-	29030487	29030487	0	1	737,	0,	chr16	29030537	29031174	AC145285.5-1|processed_pseudogene	0	-	PAWRP2,NPIPB9	637
chr16	29895096	29895734	ENSG00000260727[1,1,1]	0	-	29895096	29895096	0	1	638,	0,	chr16	29895160	29895585	retro_human_6434	0	-	SLC7A5P1,SMG1P2	425
chr16	30368385	30374614	ENSG00000149922[1,1,1]	0	-	30368870	30373833	0	9	696,184,74,71,147,268,235,166,102,	0,769,1035,2800,2948,3198,5012,5330,6127,	chr16	30371197	30371853	retro_human_6444	0	-	TBX6	656
chr16	30368385	30374225	ENSG00000149922[3,2,1]	0	-	30368870	30373833	0	8	696,184,74,71,147,268,235,510,	0,769,1035,2800,2948,3198,5012,5330,	chr16	30371197	30371853	retro_human_6444	0	-	TBX6	656
chr16	30368385	30373939	ENSG00000149922[2,2,1]	0	-	30368870	30373833	0	8	696,184,74,71,147,268,235,224,	0,769,1035,2800,2948,3198,5012,5330,	chr16	30371197	30371853	retro_human_6444	0	-	TBX6	656
chr16	30370505	30374614	ENSG00000149922[1,3,2]	0	-	30371139	30373833	0	5	751,147,268,235,899,	0,828,1078,2892,3210,	chr16	30371197	30371853	retro_human_6444	0	-	TBX6	656
chr16	30741592	30743368	ENSG00000260219[2,2,1]	0	+	30741592	30741592	0	2	230,874,	0,902,	chr16	30742578	30742808	retro_human_6652	0	+	CD2BP2-DT	230
chr16	30912841	30921870	ENSG00000261459[1,1,1]	0	-	30919470	30921647	0	4	179,870,114,452,	0,6406,8323,8577,	chr16	30919600	30921539	retro_human_1037	0	-	ZNF747	1939
chr16	30917285	30921683	ENSG00000169955[3,1,1]	0	-	30919470	30921647	255	3	2835,114,265,	0,3879,4133,	chr16	30919600	30921539	retro_human_1037	0	-	ZNF747	1939
chr16	30917285	30922022	ENSG00000169955[1,1,1]	0	-	30919470	30921647	255	3	2835,114,604,	0,3879,4133,	chr16	30919600	30921539	retro_human_1037	0	-	ZNF747	1939
chr16	30917285	30922022	ENSG00000169955[1,2,1]	0	-	30919470	30921647	0	3	2832,114,604,	0,3879,4133,	chr16	30919600	30921539	retro_human_1037	0	-	ZNF747	1939
chr16	30917285	30921683	ENSG00000169955[3,2,1]	0	-	30919470	30921647	0	3	2832,114,265,	0,3879,4133,	chr16	30919600	30921539	retro_human_1037	0	-	ZNF747	1939
chr16	30917285	30921683	ENSG00000169955[3,3,1]	0	-	30920030	30921647	0	2	2832,519,	0,3879,	chr16	30919600	30921539	retro_human_1037	0	-	ZNF747	1939
chr16	30917285	30922022	ENSG00000169955[1,3,1]	0	-	30920030	30921647	0	2	2832,858,	0,3879,	chr16	30919600	30921539	retro_human_1037	0	-	ZNF747	1939
chr16	30917285	30922022	ENSG00000169955[1,4,1]	0	-	30920030	30921647	0	2	2835,858,	0,3879,	chr16	30919600	30921539	retro_human_1037	0	-	ZNF747	1939
chr16	30917285	30921683	ENSG00000169955[3,4,1]	0	-	30920030	30921647	0	2	2835,519,	0,3879,	chr16	30919600	30921539	retro_human_1037	0	-	ZNF747	1939
chr16	30917285	30922365	ENSG00000169955[2,4,1]	0	-	30920030	30921647	0	2	2835,1201,	0,3879,	chr16	30919600	30921539	retro_human_1037	0	-	ZNF747	1939
chr16	30918040	30922022	ENSG00000169955[1,1,3]	0	-	30919470	30921647	255	3	2080,114,604,	0,3124,3378,	chr16	30919600	30921539	retro_human_1037	0	-	ZNF747	1939
chr16	30918040	30921683	ENSG00000169955[3,1,3]	0	-	30919470	30921647	255	3	2080,114,265,	0,3124,3378,	chr16	30919600	30921539	retro_human_1037	0	-	ZNF747	1939
chr16	30918040	30922022	ENSG00000169955[1,2,3]	0	-	30919470	30921647	0	3	2077,114,604,	0,3124,3378,	chr16	30919600	30921539	retro_human_1037	0	-	ZNF747	1939
chr16	30918040	30921683	ENSG00000169955[3,2,3]	0	-	30919470	30921647	0	3	2077,114,265,	0,3124,3378,	chr16	30919600	30921539	retro_human_1037	0	-	ZNF747	1939
chr16	30918040	30922022	ENSG00000169955[1,3,3]	0	-	30920030	30921647	0	2	2077,858,	0,3124,	chr16	30919600	30921539	retro_human_1037	0	-	ZNF747	1939
chr16	30918040	30921683	ENSG00000169955[3,3,3]	0	-	30920030	30921647	0	2	2077,519,	0,3124,	chr16	30919600	30921539	retro_human_1037	0	-	ZNF747	1939
chr16	30918040	30922022	ENSG00000169955[1,4,3]	0	-	30920030	30921647	0	2	2080,858,	0,3124,	chr16	30919600	30921539	retro_human_1037	0	-	ZNF747	1939
chr16	30918040	30921683	ENSG00000169955[3,4,3]	0	-	30920030	30921647	0	2	2080,519,	0,3124,	chr16	30919600	30921539	retro_human_1037	0	-	ZNF747	1939
chr16	30918284	30921683	ENSG00000169955[3,1,4]	0	-	30919470	30921647	255	3	1836,114,265,	0,2880,3134,	chr16	30919600	30921539	retro_human_1037	0	-	ZNF747	1939
chr16	30918284	30922022	ENSG00000169955[1,1,4]	0	-	30919470	30921647	255	3	1836,114,604,	0,2880,3134,	chr16	30919600	30921539	retro_human_1037	0	-	ZNF747	1939
chr16	30918284	30921683	ENSG00000169955[3,2,4]	0	-	30919470	30921647	0	3	1833,114,265,	0,2880,3134,	chr16	30919600	30921539	retro_human_1037	0	-	ZNF747	1939
chr16	30918284	30922022	ENSG00000169955[1,2,4]	0	-	30919470	30921647	0	3	1833,114,604,	0,2880,3134,	chr16	30919600	30921539	retro_human_1037	0	-	ZNF747	1939
chr16	30918284	30921683	ENSG00000169955[3,3,4]	0	-	30920030	30921647	0	2	1833,519,	0,2880,	chr16	30919600	30921539	retro_human_1037	0	-	ZNF747	1939
chr16	30918284	30922022	ENSG00000169955[1,3,4]	0	-	30920030	30921647	0	2	1833,858,	0,2880,	chr16	30919600	30921539	retro_human_1037	0	-	ZNF747	1939
chr16	30918284	30921683	ENSG00000169955[3,4,4]	0	-	30920030	30921647	0	2	1836,519,	0,2880,	chr16	30919600	30921539	retro_human_1037	0	-	ZNF747	1939
chr16	30918284	30922022	ENSG00000169955[1,4,4]	0	-	30920030	30921647	0	2	1836,858,	0,2880,	chr16	30919600	30921539	retro_human_1037	0	-	ZNF747	1939
chr16	30919224	30922022	ENSG00000169955[1,2,2]	0	-	30919470	30921647	0	3	893,114,604,	0,1940,2194,	chr16	30919600	30921539	retro_human_1037	0	-	ZNF747	1939
chr16	30940680	30945391	ENSG00000169951[1,3,1]	0	-	30942163	30942400	0	2	2394,692,	0,4019,	chr16	30942293	30945080	retro_human_1039	0	-	ZNF764	2787
chr16	30940680	30945515	ENSG00000169951[2,3,1]	0	-	30942163	30942400	0	2	2394,816,	0,4019,	chr16	30942293	30945080	retro_human_1039	0	-	ZNF764	2787
chr16	30940680	30944883	ENSG00000169951[3,3,1]	0	-	30942163	30942400	0	2	2394,184,	0,4019,	chr16	30942293	30945080	retro_human_1039	0	-	ZNF764	2590
chr16	30940680	30945391	ENSG00000169951[1,1,1]	0	-	30942163	30945149	0	3	2394,114,438,	0,4019,4273,	chr16	30942293	30945080	retro_human_1039	0	-	ZNF764	2787
chr16	30940680	30945515	ENSG00000169951[2,1,1]	0	-	30942163	30945149	0	3	2394,114,562,	0,4019,4273,	chr16	30942293	30945080	retro_human_1039	0	-	ZNF764	2787
chr16	30940680	30945515	ENSG00000169951[2,2,1]	0	-	30942163	30945149	0	3	2397,114,562,	0,4019,4273,	chr16	30942293	30945080	retro_human_1039	0	-	ZNF764	2787
chr16	30940680	30945391	ENSG00000169951[1,2,1]	0	-	30942163	30945149	0	3	2397,114,438,	0,4019,4273,	chr16	30942293	30945080	retro_human_1039	0	-	ZNF764	2787
chr16	30941102	30945391	ENSG00000169951[1,3,3]	0	-	30942163	30942400	0	2	1972,692,	0,3597,	chr16	30942293	30945080	retro_human_1039	0	-	ZNF764	2787
chr16	30941102	30945515	ENSG00000169951[2,3,3]	0	-	30942163	30942400	0	2	1972,816,	0,3597,	chr16	30942293	30945080	retro_human_1039	0	-	ZNF764	2787
chr16	30941102	30944883	ENSG00000169951[3,3,3]	0	-	30942163	30942400	0	2	1972,184,	0,3597,	chr16	30942293	30945080	retro_human_1039	0	-	ZNF764	2590
chr16	30941102	30945515	ENSG00000169951[2,1,3]	0	-	30942163	30945149	0	3	1972,114,562,	0,3597,3851,	chr16	30942293	30945080	retro_human_1039	0	-	ZNF764	2787
chr16	30941102	30945391	ENSG00000169951[1,1,3]	0	-	30942163	30945149	0	3	1972,114,438,	0,3597,3851,	chr16	30942293	30945080	retro_human_1039	0	-	ZNF764	2787
chr16	30941102	30945515	ENSG00000169951[2,2,3]	0	-	30942163	30945149	0	3	1975,114,562,	0,3597,3851,	chr16	30942293	30945080	retro_human_1039	0	-	ZNF764	2787
chr16	30941102	30945391	ENSG00000169951[1,2,3]	0	-	30942163	30945149	0	3	1975,114,438,	0,3597,3851,	chr16	30942293	30945080	retro_human_1039	0	-	ZNF764	2787
chr16	30941744	30945515	ENSG00000169951[2,3,4]	0	-	30942163	30942400	0	2	1330,816,	0,2955,	chr16	30942293	30945080	retro_human_1039	0	-	ZNF764	2787
chr16	30941744	30945391	ENSG00000169951[1,3,4]	0	-	30942163	30942400	0	2	1330,692,	0,2955,	chr16	30942293	30945080	retro_human_1039	0	-	ZNF764	2787
chr16	30941744	30945391	ENSG00000169951[1,1,4]	0	-	30942163	30945149	0	3	1330,114,438,	0,2955,3209,	chr16	30942293	30945080	retro_human_1039	0	-	ZNF764	2787
chr16	30941744	30945515	ENSG00000169951[2,1,4]	0	-	30942163	30945149	0	3	1330,114,562,	0,2955,3209,	chr16	30942293	30945080	retro_human_1039	0	-	ZNF764	2787
chr16	30941744	30945391	ENSG00000169951[1,2,4]	0	-	30942163	30945149	0	3	1333,114,438,	0,2955,3209,	chr16	30942293	30945080	retro_human_1039	0	-	ZNF764	2787
chr16	30942554	30945391	ENSG00000169951[1,3,2]	0	-	30944816	30945149	0	2	520,692,	0,2145,	chr16	30942293	30945080	retro_human_1039	0	-	ZNF764	2526
chr16	30959178	30970890	ENSG00000239791[1,2,2]	0	+	30959178	30959178	0	2	212,1381,	0,10331,	chr16	30969672	30972555	retro_human_1040	0	-	ZNF785	1218
chr16	30967585	30972799	ENSG00000197162[1,1,1]	0	-	30969542	30972591	0	3	2838,129,413,	0,4516,4801,	chr16	30969672	30972555	retro_human_1040	0	-	ZNF785	2883
chr16	30967790	30972799	ENSG00000197162[1,1,5]	0	-	30969542	30972591	0	3	2633,129,413,	0,4311,4596,	chr16	30969672	30972555	retro_human_1040	0	-	ZNF785	2883
chr16	30968436	30972799	ENSG00000197162[1,1,6]	0	-	30969542	30972591	0	3	1987,129,413,	0,3665,3950,	chr16	30969672	30972555	retro_human_1040	0	-	ZNF785	2883
chr16	30970058	30972527	ENSG00000197162[3,4,4]	0	-	30972145	30972420	0	3	365,129,172,	0,2043,2297,	chr16	30969672	30972555	retro_human_1040	0	-	ZNF785	2469
chr16	31208779	31209426	ENSG00000274678[1,1,1]	0	+	31208817	31209069	0	1	647,	0,	chr16	31208559	31209602	retro_human_5256|AC106886.1-201|processed_pseudogene	0	-	LOC647086,LOC124903679	647
chr16	31526356	31537612	ENSG00000178226[1,1,1]	0	-	31526621	31537514	0	15	541,122,266,142,238,164,257,130,250,167,281,163,36,36,135,	0,1416,1614,2591,2845,3603,3859,4464,4710,6911,9517,10195,10585,10818,11121,	chr16	31531167	31536129	retro_human_5253	0	-	PRSS36	4962
chr16	32281960	32282502	ENSG00000259950[1,1,1]	0	-	32281960	32281960	0	1	542,	0,	chr16	32282010	32282452	AC034105.3-201|processed_pseudogene	0	-	LOC100422713	442
chr16	54268152	54268433	ENSG00000260688[1,1,1]	0	-	54268152	54268152	0	1	281,	0,	chr16	54268202	54268383	retro_human_299|AC026470.1-201|processed_pseudogene	0	-	LOC100526838	181
chr16	54397798	54398367	ENSG00000260033[1,1,1]	0	+	54397798	54397798	0	1	569,	0,	chr16	54397848	54398317	retro_human_5617|AC023813.2-201|processed_pseudogene	0	+	LOC105371239	469
chr16	58453157	58453996	ENSG00000234337[1,1,1]	0	+	58453157	58453157	0	1	839,	0,	chr16	58453207	58453946	retro_human_256|AC026462.1-201|processed_pseudogene	0	+	LOC146253	739
chr16	58732516	58733439	ENSG00000260326[1,1,1]	0	+	58732516	58732516	0	1	923,	0,	chr16	58732566	58733389	retro_human_257|PHBP21-201|processed_pseudogene	0	+	PHB1P21	823
chr16	59095969	59097638	ENSG00000261056[1,1,1]	0	+	59096602	59097157	0	1	1669,	0,	chr16	59096019	59097588	retro_human_259|AC079416.2-201|transcribed_processed_pseudogene	0	+	LOC100421174,LOC100310835	1569
chr16	63887306	63888311	ENSG00000261151[1,1,1]	0	-	63887306	63887306	0	1	1005,	0,	chr16	63887356	63888261	retro_human_7687|AC012182.1-201|processed_pseudogene	0	-	LOC100125393	905
chr16	74447300	74448293	ENSG00000260860[1,1,1]	0	-	74447300	74447300	0	1	993,	0,	chr16	74447350	74448243	retro_human_5355|AC126773.5-201|processed_pseudogene	0	-	LOC100418868	893
chr16	75559021	75560523	ENSG00000260290[1,1,1]	0	-	75559021	75559021	0	1	1502,	0,	chr16	75559071	75560473	retro_human_4841|AC092115.1-201|processed_pseudogene	0	-	NONOP1	1402
chr16	80598930	80599526	ENSG00000240861[1,1,1]	0	+	80598930	80598930	0	1	596,	0,	chr16	80598980	80599476	retro_human_8264|AC009153.1-201|processed_pseudogene	0	+	RPS10P23	496
chr16	82934391	82935154	ENSG00000260797[1,1,1]	0	-	82934391	82934391	0	1	763,	0,	chr16	82934441	82935104	retro_human_7289|AC106734.1-201|processed_pseudogene	0	-	LOC100128497	663
chr16	84111557	84112762	ENSG00000261776[1,1,1]	0	-	84111557	84111557	0	1	1205,	0,	chr16	84111607	84112712	retro_human_2987|AC079414.2-201|processed_pseudogene	0	-	LOC100131126	1105
chr16	91881297	91882061	ENSG00000214259[1,1,1]	0	-	91881297	91881297	0	1	764,	0,	chr16	91881347	91882011	retro_human_8447|AC018695.1-201|processed_pseudogene	0	-	RPL10AP12	664
chr16	94017611	94017856	ENSG00000260443[1,1,1]	0	-	94017611	94017611	0	1	245,	0,	chr16	94017661	94017806	AC127455.1-201|processed_pseudogene	0	-	LOC107984816	145
chr16	94706400	94708051	ENSG00000124391[1,2,2]	0	+	94706520	94706655	0	2	788,359,	0,1292,	chr16	94707556	94707939	retro_human_2533	0	+	IL17C	383
chr16	94706400	94708397	ENSG00000124391[1,1,1]	0	+	94706520	94707948	0	3	126,329,705,	0,459,1292,	chr16	94707556	94707939	retro_human_2533	0	+	IL17C	383
chr16	94731181	94756468	ENSG00000260630[1,12,6]	0	+	94731181	94731181	0	4	153,189,310,542,	0,9219,9755,24745,	chr16	94747605	94750482	retro_human_8444	0	-	SNAI3	2877
chr16	94746763	94750943	ENSG00000185669[4,2,1]	0	-	94747577	94750494	255	2	993,714,	0,3466,	chr16	94747605	94750482	retro_human_8444	0	-	SNAI3	2877
chr16	94746763	94750678	ENSG00000185669[3,2,1]	0	-	94747577	94750494	255	2	993,449,	0,3466,	chr16	94747605	94750482	retro_human_8444	0	-	SNAI3	2877
chr16	94746763	94750439	ENSG00000185669[2,2,1]	0	-	94747577	94750329	255	2	993,210,	0,3466,	chr16	94747605	94750482	retro_human_8444	0	-	SNAI3	2834
chr16	94746763	94755693	ENSG00000185669[1,1,1]	0	-	94747577	94755542	0	3	993,621,227,	0,3466,8703,	chr16	94747605	94750482	retro_human_8444	0	-	SNAI3	2877
chr16	95539469	95540137	ENSG00000270832[1,1,1]	0	+	95539469	95539469	0	1	668,	0,	chr16	95539519	95540087	retro_human_4020|AC092120.2-201|processed_pseudogene	0	+	LOC100130664	568
chr16	96179394	96182695	ENSG00000261812[1,1,2]	0	+	96179394	96179394	0	3	750,194,1271,	0,1238,2030,	chr16	96180591	96182408	retro_human_1368	0	+	TUBB8P7	1817
chr16	96262118	96264022	ENSG00000277349[1,1,1]	0	-	96262118	96262118	0	1	1904,	0,	chr16	96260210	96264022	retro_human_10875|CICP27-201|processed_pseudogene	0	-	CICP25	1904
chr17	637986	640672	ENSG00000231784[1,1,2]	0	+	637986	637986	0	1	2686,	0,	chr17	638223	638507	retro_human_6056	0	+	GEMIN4,DBIL5P	284
chr17	1042104	1042415	ENSG00000275997[1,1,1]	0	+	1042104	1042104	0	1	311,	0,	chr17	1042155	1042365	AC016292.2-201|processed_pseudogene	0	+	MRPL14P1	210
chr17	1309361	1351935	ENSG00000167193[2,2,1]	0	-	1312368	1344839	0	3	3012,366,7337,	0,16151,35237,	chr17	1325556	1344854	retro_human_158	0	-	CRK	19298
chr17	1309361	1345004	ENSG00000167193[1,2,1]	0	-	1312368	1344839	0	3	3012,366,406,	0,16151,35237,	chr17	1325556	1344854	retro_human_158	0	-	CRK	19298
chr17	1309361	1351935	ENSG00000167193[2,1,1]	0	-	1312238	1344839	0	3	3012,536,7337,	0,15981,35237,	chr17	1325556	1344854	retro_human_158	0	-	CRK	19298
chr17	1309361	1345004	ENSG00000167193[1,1,1]	0	-	1312238	1344839	0	3	3012,536,406,	0,15981,35237,	chr17	1325556	1344854	retro_human_158	0	-	CRK	19298
chr17	1312069	1351935	ENSG00000167193[2,4,3]	0	-	1312138	1312312	0	3	304,366,260,	0,13443,39606,	chr17	1325556	1344854	retro_human_158	0	-	CRK	19298
chr17	2194050	2195105	ENSG00000262333[1,1,1]	0	+	2194087	2194921	0	1	1055,	0,	chr17	2194100	2195055	retro_human_11214|HNRNPA1P16-201|processed_pseudogene	0	+	HNRNPA1P16,SRR	955
chr17	2502422	2503183	ENSG00000262480[1,1,1]	0	-	2502422	2502422	0	1	761,	0,	chr17	2502472	2503133	retro_human_5540|SAMD11P1-201|processed_pseudogene	0	-	SAMD11P1,PAFAH1B1	661
chr17	3554221	3554807	ENSG00000240898[1,1,1]	0	+	3554221	3554221	0	1	586,	0,	chr17	3554271	3554754	retro_human_9985|AC132942.1-201|processed_pseudogene	0	+	RPL21P125	483
chr17	4593911	4595309	ENSG00000244184[1,1,1]	0	+	4593911	4593911	0	2	191,380,	0,1018,	chr17	4594547	4594948	retro_human_7240|AC091153.1-201|processed_pseudogene	0	-	RPS12P29,PELP1-DT	401
chr17	4594497	4594998	ENSG00000213939[1,1,1]	0	-	4594497	4594497	0	1	501,	0,	chr17	4594547	4594948	retro_human_7240|AC091153.1-201|processed_pseudogene	0	-	RPS12P29,PELP1-DT	401
chr17	4998862	5005313	ENSG00000167840[1,21,3]	0	-	4999198	4999666	255	4	1043,475,144,142,	0,3905,5585,6309,	chr17	4999163	5003073	retro_human_7235	0	-	ZNF232	3910
chr17	4998862	5005313	ENSG00000167840[1,22,3]	0	-	4999198	5003184	255	5	1016,127,475,144,142,	0,3437,3905,5585,6309,	chr17	4999163	5003073	retro_human_7235	0	-	ZNF232	3910
chr17	4998862	5005313	ENSG00000167840[1,17,3]	0	-	5002608	5005194	255	3	1043,943,142,	0,3437,6309,	chr17	4999163	5003073	retro_human_7235	0	-	ZNF232	3910
chr17	4998862	5005313	ENSG00000167840[1,18,3]	0	-	4999740	5005194	255	3	1043,475,142,	0,3905,6309,	chr17	4999163	5003073	retro_human_7235	0	-	ZNF232	3910
chr17	4998862	5005313	ENSG00000167840[1,2,3]	0	-	4999198	5003121	255	4	1043,127,375,142,	0,3437,3905,6309,	chr17	4999163	5003073	retro_human_7235	0	-	ZNF232	3910
chr17	4998862	5005313	ENSG00000167840[1,20,3]	0	-	4999198	4999666	255	4	1043,943,144,142,	0,3437,5585,6309,	chr17	4999163	5003073	retro_human_7235	0	-	ZNF232	3910
chr17	4998862	5005313	ENSG00000167840[1,1,3]	0	-	4999198	5005194	255	4	1043,127,475,142,	0,3437,3905,6309,	chr17	4999163	5003073	retro_human_7235	0	-	ZNF232	3910
chr17	4998862	5005313	ENSG00000167840[1,3,3]	0	-	4999198	5005194	0	4	1016,127,475,142,	0,3437,3905,6309,	chr17	4999163	5003073	retro_human_7235	0	-	ZNF232	3910
chr17	4998862	5005313	ENSG00000167840[1,8,3]	0	-	4999198	4999666	0	5	1043,127,158,144,142,	0,3437,4222,5585,6309,	chr17	4999163	5003073	retro_human_7235	0	-	ZNF232	3910
chr17	4998862	5005313	ENSG00000167840[1,6,3]	0	-	4999198	4999666	0	3	1043,843,142,	0,3437,6309,	chr17	4999163	5003073	retro_human_7235	0	-	ZNF232	3910
chr17	4998862	5005313	ENSG00000167840[1,14,3]	0	-	4999198	5003184	0	5	1043,127,475,144,142,	0,3437,3905,5585,6309,	chr17	4999163	5003073	retro_human_7235	0	-	ZNF232	3910
chr17	4999056	5005313	ENSG00000167840[1,16,1]	0	-	5002608	5005194	255	3	822,943,142,	0,3243,6115,	chr17	4999163	5003073	retro_human_7235	0	-	ZNF232	3910
chr17	4999056	5005313	ENSG00000167840[1,21,1]	0	-	4999198	4999666	255	4	849,475,144,142,	0,3711,5391,6115,	chr17	4999163	5003073	retro_human_7235	0	-	ZNF232	3910
chr17	4999056	5005313	ENSG00000167840[1,22,1]	0	-	4999198	5003184	255	5	822,127,475,144,142,	0,3243,3711,5391,6115,	chr17	4999163	5003073	retro_human_7235	0	-	ZNF232	3910
chr17	4999056	5005313	ENSG00000167840[1,17,1]	0	-	5002608	5005194	255	3	849,943,142,	0,3243,6115,	chr17	4999163	5003073	retro_human_7235	0	-	ZNF232	3910
chr17	4999056	5005313	ENSG00000167840[1,18,1]	0	-	4999740	5005194	255	3	849,475,142,	0,3711,6115,	chr17	4999163	5003073	retro_human_7235	0	-	ZNF232	3910
chr17	4999056	5005313	ENSG00000167840[1,2,1]	0	-	4999198	5003121	255	4	849,127,375,142,	0,3243,3711,6115,	chr17	4999163	5003073	retro_human_7235	0	-	ZNF232	3910
chr17	4999056	5005313	ENSG00000167840[1,19,1]	0	-	4999198	5003121	255	5	849,127,375,144,142,	0,3243,3711,5391,6115,	chr17	4999163	5003073	retro_human_7235	0	-	ZNF232	3910
chr17	4999056	5005313	ENSG00000167840[1,20,1]	0	-	4999198	4999666	255	4	849,943,144,142,	0,3243,5391,6115,	chr17	4999163	5003073	retro_human_7235	0	-	ZNF232	3910
chr17	4999056	5005313	ENSG00000167840[1,1,1]	0	-	4999198	5005194	255	4	849,127,475,142,	0,3243,3711,6115,	chr17	4999163	5003073	retro_human_7235	0	-	ZNF232	3910
chr17	4999056	5005313	ENSG00000167840[1,3,1]	0	-	4999198	5005194	0	4	822,127,475,142,	0,3243,3711,6115,	chr17	4999163	5003073	retro_human_7235	0	-	ZNF232	3910
chr17	4999056	5005313	ENSG00000167840[1,8,1]	0	-	4999198	4999666	0	5	849,127,158,144,142,	0,3243,4028,5391,6115,	chr17	4999163	5003073	retro_human_7235	0	-	ZNF232	3910
chr17	4999056	5005313	ENSG00000167840[1,6,1]	0	-	4999198	4999666	0	3	849,843,142,	0,3243,6115,	chr17	4999163	5003073	retro_human_7235	0	-	ZNF232	3910
chr17	4999056	5005313	ENSG00000167840[1,14,1]	0	-	4999198	5003184	0	5	849,127,475,144,142,	0,3243,3711,5391,6115,	chr17	4999163	5003073	retro_human_7235	0	-	ZNF232	3910
chr17	4999056	5016592	ENSG00000167840[5,12,1]	0	-	4999198	4999666	0	5	849,943,144,552,236,	0,3243,5391,6115,17300,	chr17	4999163	5003073	retro_human_7235	0	-	ZNF232	3910
chr17	4999056	5016592	ENSG00000167840[5,15,1]	0	-	4999198	5005194	0	5	849,127,475,552,236,	0,3243,3711,6115,17300,	chr17	4999163	5003073	retro_human_7235	0	-	ZNF232	3910
chr17	4999726	5005313	ENSG00000167840[1,8,5]	0	-	5004464	5005194	0	5	179,127,158,144,142,	0,2573,3358,4721,5445,	chr17	4999163	5003073	retro_human_7235	0	-	ZNF232	3347
chr17	5005235	5008426	ENSG00000234327[2,7,2]	0	+	5005235	5005235	255	2	255,1669,	0,1522,	chr17	5007529	5007903	retro_human_9937	0	-	ZNF232-AS1	374
chr17	5005235	5007815	ENSG00000234327[2,7,1]	0	+	5005235	5005235	255	2	255,1058,	0,1522,	chr17	5007529	5007903	retro_human_9937	0	-	ZNF232-AS1	286
chr17	5005235	5007815	ENSG00000234327[2,2,1]	0	+	5005235	5005235	255	3	238,67,286,	0,1522,2294,	chr17	5007529	5007903	retro_human_9937	0	-	ZNF232-AS1	286
chr17	5005235	5008426	ENSG00000234327[2,3,2]	0	+	5005235	5005235	0	3	255,67,897,	0,1522,2294,	chr17	5007529	5007903	retro_human_9937	0	-	ZNF232-AS1	374
chr17	5005235	5007815	ENSG00000234327[2,3,1]	0	+	5005235	5005235	0	3	255,67,286,	0,1522,2294,	chr17	5007529	5007903	retro_human_9937	0	-	ZNF232-AS1	286
chr17	5006680	5008426	ENSG00000234327[3,5,2]	0	+	5006680	5006680	0	1	1746,	0,	chr17	5007529	5007903	retro_human_9937	0	-	ZNF232-AS1	374
chr17	5072831	5077794	ENSG00000180626[2,2,1]	0	-	5075182	5077603	0	1	4963,	0,	chr17	5074255	5075448	retro_human_7237	0	-	ZNF594	1193
chr17	5073374	5085267	ENSG00000180626[1,3,3]	0	-	5075182	5077603	0	2	4249,487,	0,11406,	chr17	5074255	5075448	retro_human_7237	0	-	ZNF594	1193
chr17	5073374	5085267	ENSG00000180626[1,1,3]	0	-	5075182	5077603	0	2	4249,171,	0,11722,	chr17	5074255	5075448	retro_human_7237	0	-	ZNF594	1193
chr17	5073539	5085267	ENSG00000180626[1,3,4]	0	-	5075182	5077603	0	2	4084,487,	0,11241,	chr17	5074255	5075448	retro_human_7237	0	-	ZNF594	1193
chr17	5073539	5085267	ENSG00000180626[1,1,4]	0	-	5075182	5077603	0	2	4084,171,	0,11557,	chr17	5074255	5075448	retro_human_7237	0	-	ZNF594	1193
chr17	5624483	5625380	ENSG00000262961[1,1,1]	0	+	5624483	5624483	0	1	897,	0,	chr17	5624533	5625330	retro_human_11038|AC006236.1-201|processed_pseudogene	0	+	LOC100128284	797
chr17	6942244	6944647	ENSG00000174326[3,1,1]	0	-	6942355	6944187	255	5	338,768,144,208,199,	0,425,1359,1741,2204,	chr17	6942485	6943429	retro_human_1790	0	-	SLC16A11	944
chr17	6942244	6944647	ENSG00000174326[3,7,1]	0	-	6942355	6943697	255	3	338,768,1044,	0,425,1359,	chr17	6942485	6943429	retro_human_1790	0	-	SLC16A11	944
chr17	6942244	6943767	ENSG00000174326[4,7,1]	0	-	6942355	6943697	255	3	338,768,164,	0,425,1359,	chr17	6942485	6943429	retro_human_1790	0	-	SLC16A11	944
chr17	6942244	6943767	ENSG00000174326[4,4,1]	0	-	6942355	6943697	0	2	338,164,	0,1359,	chr17	6942485	6943429	retro_human_1790	0	-	SLC16A11	944
chr17	6942244	6944647	ENSG00000174326[3,2,1]	0	-	6942355	6944259	0	4	338,768,144,662,	0,425,1359,1741,	chr17	6942485	6943429	retro_human_1790	0	-	SLC16A11	944
chr17	8467244	8467691	ENSG00000244604[1,1,1]	0	+	8467244	8467244	0	1	447,	0,	chr17	8467294	8467641	retro_human_10609|AC025518.1-201|processed_pseudogene	0	+	RPS26P53	347
chr17	10623502	10624112	ENSG00000264176[1,1,1]	0	-	10623625	10623871	0	1	610,	0,	chr17	10623552	10623981	retro_human_1071|MAGOH2P-202|transcribed_processed_pseudogene	0	-	MAGOH2P,TMEM220	429
chr17	10623502	10624112	ENSG00000264176[1,1,1]	0	-	10623625	10623871	0	1	610,	0,	chr17	10623626	10624062	MAGOH2P-201|transcribed_processed_pseudogene	0	-	MAGOH2P,TMEM220	436
chr17	12023509	12023949	ENSG00000263648[1,1,1]	0	+	12023777	12023933	0	1	440,	0,	chr17	12023560	12023899	retro_human_10647|AC005244.1-201|processed_pseudogene	0	+	LOC103156999	339
chr17	15946783	15947224	ENSG00000243686[1,1,1]	0	+	15946833	15947097	0	1	441,	0,	chr17	15946833	15947174	retro_human_6165|RPLP1P11-201|processed_pseudogene	0	+	RPLP1P11,TTC19	341
chr17	16519041	16520175	ENSG00000235554[1,1,1]	0	-	16519041	16519041	0	1	1134,	0,	chr17	16519091	16520125	retro_human_2178|AC005822.1-201|processed_pseudogene	0	-	SRSF6P2	1034
chr17	16522930	16527077	ENSG00000197566[2,2,1]	0	-	16524530	16526747	0	1	4147,	0,	chr17	16524531	16536991	retro_human_2179	0	-	ZNF624	2546
chr17	16522930	16556122	ENSG00000197566[1,1,1]	0	-	16524530	16551975	0	6	3819,96,127,66,89,143,	0,13166,13934,26629,28958,33049,	chr17	16524531	16536991	retro_human_2179	0	-	ZNF624	12460
chr17	16786599	16789035	ENSG00000131885[5,7,1]	0	-	16786599	16786599	255	4	1019,221,126,785,	0,1118,1425,1651,	chr17	16787723	16788139	retro_human_8011	0	-	KRT17P1	416
chr17	16786599	16788254	ENSG00000131885[2,6,1]	0	-	16786599	16786599	255	4	145,35,221,230,	0,984,1118,1425,	chr17	16787723	16788139	retro_human_8011	0	-	KRT17P1	416
chr17	16787243	16788254	ENSG00000131885[2,3,3]	0	-	16787243	16787243	0	3	375,221,230,	0,474,781,	chr17	16787723	16788139	retro_human_8011	0	-	KRT17P1	416
chr17	17440987	17443054	ENSG00000108551[1,4,1]	0	-	17441736	17442790	255	2	1303,550,	0,1517,	chr17	17441956	17442718	retro_human_3358	0	-	RASD1	762
chr17	17440987	17443054	ENSG00000108551[1,2,1]	0	-	17442139	17442790	0	2	1232,550,	0,1517,	chr17	17441956	17442718	retro_human_3358	0	-	RASD1	762
chr17	17440987	17443054	ENSG00000108551[1,1,1]	0	-	17441736	17442790	0	2	1306,550,	0,1517,	chr17	17441956	17442718	retro_human_3358	0	-	RASD1	762
chr17	18519532	18519842	ENSG00000227077[1,1,1]	0	+	18519532	18519532	0	1	310,	0,	chr17	18519582	18519792	retro_human_4802|AC107983.1-201|processed_pseudogene	0	+	RPS28P9	210
chr17	18596975	18598423	ENSG00000174977[1,1,1]	0	+	18596975	18596975	0	1	1448,	0,	chr17	18597025	18598373	retro_human_6531|AC026271.1-201|processed_pseudogene	0	+	PAIP1P2	1348
chr17	18612697	18629098	ENSG00000249459[2,4,6]	0	-	18619133	18628471	0	3	7180,89,664,	0,14863,15737,	chr17	18617728	18619748	retro_human_8006	0	-	FOXO3B	2020
chr17	18612697	18629098	ENSG00000249459[2,6,6]	0	-	18619133	18628471	0	4	7180,89,232,75,	0,14863,15737,16326,	chr17	18617728	18619748	retro_human_8006	0	-	FOXO3B	2020
chr17	18613473	18629098	ENSG00000249459[2,6,7]	0	-	18619133	18628471	0	4	6404,89,232,75,	0,14087,14961,15550,	chr17	18617728	18619748	retro_human_8006	0	-	FOXO3B	2020
chr17	18614404	18629098	ENSG00000249459[2,4,8]	0	-	18619133	18628471	0	3	5473,89,664,	0,13156,14030,	chr17	18617728	18619748	retro_human_8006	0	-	FOXO3B	2020
chr17	18614404	18629098	ENSG00000249459[2,6,8]	0	-	18619133	18628471	0	4	5473,89,232,75,	0,13156,14030,14619,	chr17	18617728	18619748	retro_human_8006	0	-	FOXO3B	2020
chr17	18616727	18629098	ENSG00000249459[2,4,9]	0	-	18619133	18628471	0	3	3150,89,664,	0,10833,11707,	chr17	18617728	18619748	retro_human_8006	0	-	FOXO3B	2020
chr17	18616727	18629098	ENSG00000249459[2,6,9]	0	-	18619133	18628471	0	4	3150,89,232,75,	0,10833,11707,12296,	chr17	18617728	18619748	retro_human_8006	0	-	FOXO3B	2020
chr17	18617094	18629098	ENSG00000249459[2,4,10]	0	-	18619133	18628471	0	3	2783,89,664,	0,10466,11340,	chr17	18617728	18619748	retro_human_8006	0	-	FOXO3B	2020
chr17	18617094	18629098	ENSG00000249459[2,6,10]	0	-	18619133	18628471	0	4	2783,89,232,75,	0,10466,11340,11929,	chr17	18617728	18619748	retro_human_8006	0	-	FOXO3B	2020
chr17	18617717	18619745	ENSG00000240445[3,5,4]	0	-	18617728	18618613	0	1	2028,	0,	chr17	18617728	18619748	retro_human_8006	0	-	FOXO3B	2017
chr17	20480869	20481705	ENSG00000265916[1,1,1]	0	-	20480869	20480869	0	1	836,	0,	chr17	20480919	20481655	AC015818.5-201|processed_pseudogene	0	-	LOC100996294	736
chr17	20789787	20795133	ENSG00000226981[2,2,2]	0	+	20789787	20789787	255	3	551,180,2284,	0,2783,3062,	chr17	20789861	20793072	retro_human_1767	0	+	ABHD17AP6	3211
chr17	20850704	20851546	ENSG00000265790[1,1,1]	0	-	20850704	20850704	0	1	842,	0,	chr17	20850754	20851496	retro_human_2536|RNASEH1P1-201|processed_pseudogene	0	-	RNASEH1P1,CCDC144NL-AS1	742
chr17	20932670	20932915	ENSG00000263729[1,1,1]	0	+	20932670	20932670	0	1	245,	0,	chr17	20932720	20932865	AC087393.1-201|processed_pseudogene	0	+	LOC124900389	145
chr17	21522352	21522663	ENSG00000266050[1,1,1]	0	-	21522352	21522352	0	1	311,	0,	chr17	21522402	21522613	AC233702.6-201|transcribed_processed_pseudogene	0	-	LOC124903953	211
chr17	22864587	22866849	ENSG00000263563[2,3,1]	0	+	22864587	22864587	0	2	441,1120,	0,1142,	chr17	22865735	22865963	retro_human_7933	0	+	UBBP4	228
chr17	22864587	22866849	ENSG00000263563[2,3,1]	0	+	22864587	22864587	0	2	441,1120,	0,1142,	chr17	22866186	22866421	retro_human_9215	0	+	UBBP4	235
chr17	22865685	22866849	ENSG00000263563[3,1,1]	0	+	22865685	22865685	0	1	1164,	0,	chr17	22865735	22865963	retro_human_7933	0	+	UBBP4	228
chr17	22865685	22866849	ENSG00000263563[3,1,1]	0	+	22865685	22865685	0	1	1164,	0,	chr17	22866186	22866421	retro_human_9215	0	+	UBBP4	235
chr17	28293232	28294059	ENSG00000265683[1,1,1]	0	-	28293232	28293232	0	1	827,	0,	chr17	28293282	28294009	retro_human_8383|SYPL1P2-201|processed_pseudogene	0	-	SYPL1P2,LOC124903957	727
chr17	29168340	29169943	ENSG00000237575[1,1,2]	0	+	29168340	29168340	0	2	366,810,	0,793,	chr17	29169134	29169502	retro_human_10729	0	+	PYY2	368
chr17	29964001	29964417	ENSG00000263781[1,1,1]	0	-	29964001	29964001	0	1	416,	0,	chr17	29964051	29964367	retro_human_550|AC024619.4-201|processed_pseudogene	0	-	NDUFS5P7	316
chr17	30659118	30659625	ENSG00000240531[1,1,1]	0	-	30659161	30659539	0	1	507,	0,	chr17	30659168	30659575	retro_human_5260|RPL21P123-201|transcribed_processed_pseudogene	0	-	RPL21P123,SSH2	407
chr17	30718566	30719621	ENSG00000265713[1,1,1]	0	-	30718896	30718998	0	1	1055,	0,	chr17	30718616	30719571	retro_human_8770|AC023389.2-201|transcribed_processed_pseudogene	0	-	LOC100421100	955
chr17	31011918	31013018	ENSG00000266876[1,1,1]	0	+	31011926	31012544	0	1	1100,	0,	chr17	31011968	31012968	retro_human_5324|AC104996.2-201|transcribed_processed_pseudogene	0	+	STX18P1	1000
chr17	31776559	31777077	ENSG00000242439[1,1,1]	0	+	31776559	31776559	0	1	518,	0,	chr17	31776609	31777027	retro_human_5111|AC127024.1-201|processed_pseudogene	0	+	RPS17P3	418
chr17	33029012	33042939	ENSG00000264164[1,2,1]	0	+	33029012	33029012	0	3	194,140,273,	0,11873,13654,	chr17	33029062	33042813	AC090616.2-201|transcribed_processed_pseudogene	0	+	LOC124903973,LOC102724625	13751
chr17	36138845	36139687	ENSG00000267744[1,1,1]	0	+	36139270	36139477	0	1	842,	0,	chr17	36138895	36139637	retro_human_10590|AC022916.3-201|transcribed_processed_pseudogene	0	+	LOC100130114	742
chr17	36325321	36325684	ENSG00000267315[1,1,1]	0	-	36325321	36325321	0	1	363,	0,	chr17	36325371	36325634	retro_human_3304|AC060766.3-201|processed_pseudogene	0	-	UFM1P2	263
chr17	36354607	36357792	ENSG00000267745[1,1,1]	0	-	36355045	36355282	0	2	958,354,	0,2831,	chr17	36354921	36355792	retro_human_3305|AC060766.5-201|transcribed_processed_pseudogene	0	-	LOC729839,SLFN12	871
chr17	36354871	36355842	ENSG00000267648[1,1,1]	0	-	36355045	36355282	0	1	971,	0,	chr17	36354921	36355792	retro_human_3305|AC060766.5-201|transcribed_processed_pseudogene	0	-	LOC729839,SLFN12	871
chr17	36357525	36358252	ENSG00000267102[1,1,1]	0	-	36357946	36358129	0	1	727,	0,	chr17	36357575	36358202	retro_human_3302|AC060766.1-201|transcribed_processed_pseudogene	0	-	SLFN12	627
chr17	36407421	36408591	ENSG00000267312[1,1,1]	0	-	36407421	36407421	0	1	1170,	0,	chr17	36407471	36408541	retro_human_3303|AC015911.4-201|processed_pseudogene	0	-	LOC100420061	1070
chr17	36418009	36418669	ENSG00000267554[1,1,1]	0	-	36418009	36418009	0	1	660,	0,	chr17	36418059	36418619	retro_human_3300|AC015911.8-201|processed_pseudogene	0	-	SLFN12L	560
chr17	36446094	36447170	ENSG00000267369[1,1,1]	0	+	36446094	36446094	0	1	1076,	0,	chr17	36446162	36447120	retro_human_10610|AC015911.7-201|processed_pseudogene	0	+	TAF5LP1	958
chr17	36514382	36514638	ENSG00000242660[1,1,1]	0	+	36514382	36514382	0	1	256,	0,	chr17	36514432	36514588	retro_human_6519|AC015911.1-201|processed_pseudogene	0	+	RPL39P32	156
chr17	37142707	37144396	ENSG00000276085[2,3,1]	0	-	37142707	37142707	0	3	558,115,102,	0,979,1587,	chr17	37143686	37143871	retro_human_3464	0	-	CCL3L3	185
chr17	38149544	38150168	ENSG00000276810[1,1,1]	0	+	38149544	38149544	0	1	624,	0,	chr17	38149594	38150118	retro_human_472|AC244093.2-201|processed_pseudogene	0	+	RPL18AP12	524
chr17	39718314	39718771	ENSG00000244086[1,1,1]	0	+	39718314	39718314	0	1	457,	0,	chr17	39718364	39718721	retro_human_475|AC110749.1-201|processed_pseudogene	0	+	RPS20P35	357
chr17	39927116	40015545	ENSG00000161381[1,21,1]	0	-	39931696	40015295	255	13	4697,161,136,61,82,96,100,119,123,70,144,179,326,	0,6593,14650,15841,20195,24344,42589,44142,44858,45639,45983,76395,88103,	chr17	39920872	39945305	RDM1P5-203|transcribed_processed_pseudogene	0	+	RDM1P5,PLXDC1	18189
chr17	39927116	40015545	ENSG00000161381[1,21,1]	0	-	39931696	40015295	255	13	4697,161,136,61,82,96,100,119,123,70,144,179,326,	0,6593,14650,15841,20195,24344,42589,44142,44858,45639,45983,76395,88103,	chr17	39920905	39976091	RDM1P5-202|transcribed_processed_pseudogene	0	+	RDM1P5,PLXDC1	48975
chr17	39927116	40015545	ENSG00000161381[1,1,1]	0	-	39931696	40015295	0	14	4697,161,36,136,61,82,96,100,119,123,70,144,179,326,	0,6593,9187,14650,15841,20195,24344,42589,44142,44858,45639,45983,76395,88103,	chr17	39920872	39945305	RDM1P5-203|transcribed_processed_pseudogene	0	+	RDM1P5,PLXDC1	18189
chr17	39927116	40015545	ENSG00000161381[1,1,1]	0	-	39931696	40015295	0	14	4697,161,36,136,61,82,96,100,119,123,70,144,179,326,	0,6593,9187,14650,15841,20195,24344,42589,44142,44858,45639,45983,76395,88103,	chr17	39920905	39976091	RDM1P5-202|transcribed_processed_pseudogene	0	+	RDM1P5,PLXDC1	48975
chr17	39930563	40015545	ENSG00000161381[1,21,14]	0	-	39931696	40015295	255	13	1250,161,136,61,82,96,100,119,123,70,144,179,326,	0,3146,11203,12394,16748,20897,39142,40695,41411,42192,42536,72948,84656,	chr17	39920872	39945305	RDM1P5-203|transcribed_processed_pseudogene	0	+	RDM1P5,PLXDC1	14742
chr17	39930563	40015545	ENSG00000161381[1,21,14]	0	-	39931696	40015295	255	13	1250,161,136,61,82,96,100,119,123,70,144,179,326,	0,3146,11203,12394,16748,20897,39142,40695,41411,42192,42536,72948,84656,	chr17	39920905	39976091	RDM1P5-202|transcribed_processed_pseudogene	0	+	RDM1P5,PLXDC1	45528
chr17	39930933	40015545	ENSG00000161381[1,22,2]	0	-	39943297	40015295	255	13	880,161,136,425,82,96,100,119,123,70,144,179,326,	0,2776,10833,12024,16378,20527,38772,40325,41041,41822,42166,72578,84286,	chr17	39920872	39945305	RDM1P5-203|transcribed_processed_pseudogene	0	+	RDM1P5,PLXDC1	14372
chr17	39930933	40015545	ENSG00000161381[1,22,2]	0	-	39943297	40015295	255	13	880,161,136,425,82,96,100,119,123,70,144,179,326,	0,2776,10833,12024,16378,20527,38772,40325,41041,41822,42166,72578,84286,	chr17	39920905	39976091	RDM1P5-202|transcribed_processed_pseudogene	0	+	RDM1P5,PLXDC1	45158
chr17	39930933	40015545	ENSG00000161381[1,21,2]	0	-	39931696	40015295	255	13	880,161,136,61,82,96,100,119,123,70,144,179,326,	0,2776,10833,12024,16378,20527,38772,40325,41041,41822,42166,72578,84286,	chr17	39920872	39945305	RDM1P5-203|transcribed_processed_pseudogene	0	+	RDM1P5,PLXDC1	14372
chr17	39930933	40015545	ENSG00000161381[1,21,2]	0	-	39931696	40015295	255	13	880,161,136,61,82,96,100,119,123,70,144,179,326,	0,2776,10833,12024,16378,20527,38772,40325,41041,41822,42166,72578,84286,	chr17	39920905	39976091	RDM1P5-202|transcribed_processed_pseudogene	0	+	RDM1P5,PLXDC1	45158
chr17	39930933	40016958	ENSG00000161381[9,15,2]	0	-	39943297	40003547	0	14	880,161,36,136,425,82,96,100,119,123,70,144,179,177,	0,2776,5370,10833,12024,16378,20527,38772,40325,41041,41822,42166,72578,85848,	chr17	39920872	39945305	RDM1P5-203|transcribed_processed_pseudogene	0	+	RDM1P5,PLXDC1	14372
chr17	39930933	40016958	ENSG00000161381[9,15,2]	0	-	39943297	40003547	0	14	880,161,36,136,425,82,96,100,119,123,70,144,179,177,	0,2776,5370,10833,12024,16378,20527,38772,40325,41041,41822,42166,72578,85848,	chr17	39920905	39976091	RDM1P5-202|transcribed_processed_pseudogene	0	+	RDM1P5,PLXDC1	45158
chr17	39930933	40015545	ENSG00000161381[1,11,2]	0	-	39945281	40015295	0	15	880,161,36,136,425,200,82,96,100,119,123,70,144,179,326,	0,2776,5370,10833,12024,14170,16378,20527,38772,40325,41041,41822,42166,72578,84286,	chr17	39920872	39945305	RDM1P5-203|transcribed_processed_pseudogene	0	+	RDM1P5,PLXDC1	14372
chr17	39930933	40015545	ENSG00000161381[1,11,2]	0	-	39945281	40015295	0	15	880,161,36,136,425,200,82,96,100,119,123,70,144,179,326,	0,2776,5370,10833,12024,14170,16378,20527,38772,40325,41041,41822,42166,72578,84286,	chr17	39920905	39976091	RDM1P5-202|transcribed_processed_pseudogene	0	+	RDM1P5,PLXDC1	45158
chr17	39930933	40015545	ENSG00000161381[1,10,2]	0	-	39943297	40015295	0	14	880,161,36,136,425,82,96,100,119,123,70,144,179,326,	0,2776,5370,10833,12024,16378,20527,38772,40325,41041,41822,42166,72578,84286,	chr17	39920872	39945305	RDM1P5-203|transcribed_processed_pseudogene	0	+	RDM1P5,PLXDC1	14372
chr17	39930933	40015545	ENSG00000161381[1,10,2]	0	-	39943297	40015295	0	14	880,161,36,136,425,82,96,100,119,123,70,144,179,326,	0,2776,5370,10833,12024,16378,20527,38772,40325,41041,41822,42166,72578,84286,	chr17	39920905	39976091	RDM1P5-202|transcribed_processed_pseudogene	0	+	RDM1P5,PLXDC1	45158
chr17	39930933	40015545	ENSG00000161381[1,1,2]	0	-	39931696	40015295	0	14	880,161,36,136,61,82,96,100,119,123,70,144,179,326,	0,2776,5370,10833,12024,16378,20527,38772,40325,41041,41822,42166,72578,84286,	chr17	39920872	39945305	RDM1P5-203|transcribed_processed_pseudogene	0	+	RDM1P5,PLXDC1	14372
chr17	39930933	40015545	ENSG00000161381[1,1,2]	0	-	39931696	40015295	0	14	880,161,36,136,61,82,96,100,119,123,70,144,179,326,	0,2776,5370,10833,12024,16378,20527,38772,40325,41041,41822,42166,72578,84286,	chr17	39920905	39976091	RDM1P5-202|transcribed_processed_pseudogene	0	+	RDM1P5,PLXDC1	45158
chr17	39931725	39934375	ENSG00000161381[3,3,3]	0	-	39931788	39933885	0	2	88,666,	0,1984,	chr17	39920872	39945305	RDM1P5-203|transcribed_processed_pseudogene	0	+	RDM1P5,PLXDC1	2650
chr17	40702888	40703144	ENSG00000226117[1,1,1]	0	-	40702888	40702888	0	1	256,	0,	chr17	40702938	40703094	retro_human_9327|AC090844.1-201|processed_pseudogene	0	-	RPL39P4	156
chr17	40956627	40964526	ENSG00000126368[1,1,1]	0	-	40956970	40963981	0	8	540,211,186,644,145,89,339,576,	0,1169,2192,2702,3702,3950,4324,7323,	chr17	40957708	40958951	retro_human_9328	0	-	NR1D1,THRA	1243
chr17	40956627	40964662	ENSG00000126368[2,1,1]	0	-	40956970	40963981	0	8	540,211,186,644,145,89,339,712,	0,1169,2192,2702,3702,3950,4324,7323,	chr17	40957708	40958951	retro_human_9328	0	-	NR1D1,THRA	1243
chr17	40956787	40964526	ENSG00000126368[1,1,2]	0	-	40956970	40963981	0	8	380,211,186,644,145,89,339,576,	0,1009,2032,2542,3542,3790,4164,7163,	chr17	40957708	40958951	retro_human_9328	0	-	NR1D1,THRA	1243
chr17	43571386	43571831	ENSG00000239671[1,1,1]	0	+	43571386	43571386	0	1	445,	0,	chr17	43571436	43571781	retro_human_9671|AC100793.1-201|processed_pseudogene	0	+	RPL34P30	345
chr17	43871840	43880310	ENSG00000108828[1,10,1]	0	-	43873347	43876665	255	6	1588,242,90,171,204,500,	0,1750,3881,4076,4632,7970,	chr17	43876471	43880059	retro_human_3076	0	-	VAT1	3588
chr17	43871840	43880310	ENSG00000108828[1,3,1]	0	-	43873347	43880197	0	6	1588,242,90,171,208,296,	0,1750,3881,4076,4632,8174,	chr17	43876471	43880059	retro_human_3076	0	-	VAT1	3588
chr17	43871840	43880310	ENSG00000108828[1,1,1]	0	-	43873347	43880197	0	6	1588,242,90,171,208,500,	0,1750,3881,4076,4632,7970,	chr17	43876471	43880059	retro_human_3076	0	-	VAT1	3588
chr17	43873132	43880310	ENSG00000108828[1,3,2]	0	-	43873347	43880197	0	6	296,242,90,171,208,296,	0,458,2589,2784,3340,6882,	chr17	43876471	43880059	retro_human_3076	0	-	VAT1	3588
chr17	43873132	43878201	ENSG00000108828[2,2,2]	0	-	43873347	43876665	0	6	296,242,90,171,208,181,	0,458,2589,2784,3340,4888,	chr17	43876471	43880059	retro_human_3076	0	-	VAT1	1730
chr17	43937831	43938410	ENSG00000240828[1,1,1]	0	+	43937831	43937831	0	1	579,	0,	chr17	43937881	43938360	retro_human_9670|RPL21P4-201|processed_pseudogene	0	+	RPL21P4,BRCA1	479
chr17	44028586	44028884	ENSG00000267340[1,1,1]	0	-	44028627	44028834	0	1	298,	0,	chr17	44028636	44028834	retro_human_8948|AC060780.2-201|processed_pseudogene	0	-	BRCA1P1,NBR1	198
chr17	44607111	44611159	ENSG00000167941[2,1,2]	0	-	44607902	44611134	0	2	1210,80,	0,3968,	chr17	44607945	44608373	retro_human_8946	0	-	SOST	428
chr17	44699651	44702513	ENSG00000161649[1,2,2]	0	+	44699770	44701518	0	2	162,1402,	0,1460,	chr17	44701105	44701488	retro_human_6661	0	+	CD300LG	383
chr17	44805231	44806539	ENSG00000131096[1,1,1]	0	-	44805507	44806032	255	4	298,81,188,141,	0,426,613,1167,	chr17	44805733	44805954	retro_human_8945	0	-	PYY	221
chr17	44805231	44806539	ENSG00000131096[1,3,1]	0	-	44805656	44806032	0	3	507,188,141,	0,613,1167,	chr17	44805733	44805954	retro_human_8945	0	-	PYY	221
chr17	47121529	47122676	ENSG00000262539[1,1,1]	0	-	47121529	47121529	0	1	1147,	0,	chr17	47121579	47122624	retro_human_4256|AC005829.2-201|processed_pseudogene	0	-	DND1P2	1045
chr17	47192286	47223829	ENSG00000228696[1,8,6]	0	-	47192572	47220379	0	5	304,266,111,165,172,	0,9218,22529,27945,31371,	chr17	47214700	47220322	retro_human_4255	0	-	ARL17B	5622
chr17	47192286	47223829	ENSG00000228696[1,6,6]	0	-	47192564	47220379	0	4	304,111,165,172,	0,22529,27945,31371,	chr17	47214700	47220322	retro_human_4255	0	-	ARL17B	5622
chr17	47201342	47223829	ENSG00000228696[1,1,9]	0	-	47201498	47220379	0	4	428,111,165,172,	0,13473,18889,22315,	chr17	47214700	47220322	retro_human_4255	0	-	ARL17B	5622
chr17	47388689	47441312	ENSG00000185829[1,8,8]	0	-	47390444	47437890	255	5	1818,266,111,165,141,	0,30325,43637,49053,52482,	chr17	47432211	47437833	retro_human_4254	0	-	ARL17A	5622
chr17	47388689	47441312	ENSG00000185829[1,3,8]	0	-	47390502	47437890	0	4	1818,111,165,141,	0,43637,49053,52482,	chr17	47432211	47437833	retro_human_4254	0	-	ARL17A	5622
chr17	47388689	47441312	ENSG00000185829[1,4,8]	0	-	47390419	47437890	0	5	1818,76,111,165,141,	0,11311,43637,49053,52482,	chr17	47432211	47437833	retro_human_4254	0	-	ARL17A	5622
chr17	47388915	47441312	ENSG00000185829[1,8,9]	0	-	47390444	47437890	255	5	1592,266,111,165,141,	0,30099,43411,48827,52256,	chr17	47432211	47437833	retro_human_4254	0	-	ARL17A	5622
chr17	47390282	47441312	ENSG00000185829[1,3,3]	0	-	47390502	47437890	0	4	225,111,165,141,	0,42044,47460,50889,	chr17	47432211	47437833	retro_human_4254	0	-	ARL17A	5622
chr17	47390282	47441312	ENSG00000185829[1,4,3]	0	-	47390419	47437890	0	5	225,76,111,165,141,	0,9718,42044,47460,50889,	chr17	47432211	47437833	retro_human_4254	0	-	ARL17A	5622
chr17	47408023	47441312	ENSG00000185829[1,9,10]	0	-	47410092	47437890	255	5	2087,266,111,165,141,	0,10991,24303,29719,33148,	chr17	47432211	47437833	retro_human_4254	0	-	ARL17A	5622
chr17	47408779	47441312	ENSG00000185829[1,9,11]	0	-	47410092	47437890	255	5	1331,266,111,165,141,	0,10235,23547,28963,32392,	chr17	47432211	47437833	retro_human_4254	0	-	ARL17A	5622
chr17	47408779	47441312	ENSG00000185829[1,5,11]	0	-	47410084	47437890	0	4	1331,111,165,141,	0,23547,28963,32392,	chr17	47432211	47437833	retro_human_4254	0	-	ARL17A	5622
chr17	47409806	47441312	ENSG00000185829[1,5,4]	0	-	47410084	47437890	0	4	304,111,165,141,	0,22520,27936,31365,	chr17	47432211	47437833	retro_human_4254	0	-	ARL17A	5622
chr17	47414132	47441312	ENSG00000185829[1,6,5]	0	-	47414338	47437890	0	4	208,111,165,141,	0,18194,23610,27039,	chr17	47432211	47437833	retro_human_4254	0	-	ARL17A	5622
chr17	47414355	47441312	ENSG00000185829[1,1,1]	0	-	47419008	47437890	0	4	4925,111,165,141,	0,17971,23387,26816,	chr17	47432211	47437833	retro_human_4254	0	-	ARL17A	5622
chr17	47415643	47441312	ENSG00000185829[1,1,7]	0	-	47419008	47437890	0	4	3637,111,165,141,	0,16683,22099,25528,	chr17	47432211	47437833	retro_human_4254	0	-	ARL17A	5622
chr17	48021475	48022378	ENSG00000239291[1,1,1]	0	-	48021528	48021984	0	1	903,	0,	chr17	48021525	48022328	retro_human_4260|AC002558.1-201|processed_pseudogene	0	-	RPS2P47	803
chr17	49738547	49738986	ENSG00000248278[1,1,1]	0	-	49738547	49738547	0	1	439,	0,	chr17	49738651	49738936	retro_human_10158|SUMO2P17-201|transcribed_processed_pseudogene	0	-	LOC105371814,SUMO2P17	285
chr17	57762235	57762516	ENSG00000262408[1,1,1]	0	-	57762235	57762235	0	1	281,	0,	chr17	57762285	57762466	AC015912.2-201|processed_pseudogene	0	-	MTVR2	181
chr17	59024874	59025747	ENSG00000229590[1,1,1]	0	+	59024874	59024874	0	1	873,	0,	chr17	59024924	59025697	retro_human_9398|MSX2P1-201|processed_pseudogene	0	+	MSX2P1,OR4D1	773
chr17	60023546	60070719	ENSG00000068489[3,1,8]	0	+	60037852	60069729	0	10	357,133,151,123,243,99,113,60,97,1056,	0,14301,29607,29993,38044,39311,39885,42098,42247,46117,	chr17	60043086	60048019	retro_human_8458	0	-	SPDYE22P	4933
chr17	60023779	60055356	ENSG00000068489[1,6,9]	0	+	60037852	60053313	0	3	124,133,2203,	0,14068,29374,	chr17	60043086	60048019	retro_human_8458	0	-	SPDYE22P	4933
chr17	60023779	60053712	ENSG00000068489[1,6,4]	0	+	60037852	60053313	0	3	124,133,559,	0,14068,29374,	chr17	60043086	60048019	retro_human_8458	0	-	SPDYE22P	4933
chr17	60023779	60072856	ENSG00000068489[1,1,7]	0	+	60037852	60069729	0	10	124,133,151,123,243,99,113,60,97,3193,	0,14068,29374,29760,37811,39078,39652,41865,42014,45884,	chr17	60043086	60048019	retro_human_8458	0	-	SPDYE22P	4933
chr17	60023779	60070719	ENSG00000068489[1,1,8]	0	+	60037852	60069729	0	10	124,133,151,123,243,99,113,60,97,1056,	0,14068,29374,29760,37811,39078,39652,41865,42014,45884,	chr17	60043086	60048019	retro_human_8458	0	-	SPDYE22P	4933
chr17	60023779	60070109	ENSG00000068489[1,1,10]	0	+	60037852	60069729	0	10	124,133,151,123,243,99,113,60,97,446,	0,14068,29374,29760,37811,39078,39652,41865,42014,45884,	chr17	60043086	60048019	retro_human_8458	0	-	SPDYE22P	4933
chr17	60971129	60971667	ENSG00000280852[1,1,2]	0	-	60971129	60971129	0	1	538,	0,	chr17	60970713	60971874	retro_human_5093|AC025048.6-201|transcribed_processed_pseudogene	0	-	LOC653653	538
chr17	60971129	60971667	ENSG00000280852[1,1,2]	0	-	60971129	60971129	0	1	538,	0,	chr17	60971179	60971617	AC025048.6-202|transcribed_processed_pseudogene	0	-	LOC653653	438
chr17	61114179	61114639	ENSG00000241157[1,1,1]	0	-	61114245	61114422	0	1	460,	0,	chr17	61114229	61114589	AC104763.1-201|processed_pseudogene	0	-	RPL32P32	360
chr17	61302556	61303191	ENSG00000213228[1,1,1]	0	-	61302556	61302556	0	1	635,	0,	chr17	61302606	61304925	retro_human_5099|RPL12P38-202|transcribed_processed_pseudogene	0	-	HMGN2P42,RPL12P38	585
chr17	61302556	61303191	ENSG00000213228[1,1,1]	0	-	61302556	61302556	0	1	635,	0,	chr17	61302606	61304925	retro_human_8465|RPL12P38-202|transcribed_processed_pseudogene	0	-	HMGN2P42,RPL12P38	585
chr17	61382061	61382522	ENSG00000270553[1,1,1]	0	+	61382061	61382061	0	1	461,	0,	chr17	61382111	61382472	retro_human_9402|AC011921.3-201|processed_pseudogene	0	+	LOC107984970	361
chr17	61595940	61596358	ENSG00000224011[1,1,1]	0	-	61595940	61595940	0	1	418,	0,	chr17	61595990	61596308	retro_human_5098|AC110602.1-201|processed_pseudogene	0	-	RPL36AP46	318
chr17	63386231	63386778	ENSG00000239246[1,1,1]	0	-	63386231	63386231	0	1	547,	0,	chr17	63386281	63386728	retro_human_1557|AC008026.1-201|processed_pseudogene	0	-	RPS10P26	447
chr17	63958370	63959506	ENSG00000272383[1,1,1]	0	-	63958370	63958370	0	1	1136,	0,	chr17	63958420	63959456	AC006270.2-201|processed_pseudogene	0	-	LOC100419888	1036
chr17	65762451	65762669	ENSG00000272220[1,1,1]	0	+	65762451	65762451	0	1	218,	0,	chr17	65762501	65762619	AC103810.7-201|transcribed_processed_pseudogene	0	+	LOC105376844	118
chr17	65821418	65821630	ENSG00000272006[1,1,1]	0	-	65821418	65821418	0	1	212,	0,	chr17	65821468	65821580	AC037487.3-201|processed_pseudogene	0	-	LOC124907954	112
chr17	69009940	69012777	ENSG00000277476[1,1,1]	0	+	69009940	69009940	0	1	2837,	0,	chr17	69011466	69012396	retro_human_3255|SH3GL1P3-201|processed_pseudogene	0	-	SH3GL1P3,LINC00674	930
chr17	69009956	69012446	ENSG00000267352[1,1,2]	0	-	69009956	69009956	0	1	2490,	0,	chr17	69011466	69012396	retro_human_3255|SH3GL1P3-201|processed_pseudogene	0	-	SH3GL1P3,LINC00674	930
chr17	69010589	69012777	ENSG00000277476[2,1,1]	0	+	69010589	69010589	0	1	2188,	0,	chr17	69011466	69012396	retro_human_3255|SH3GL1P3-201|processed_pseudogene	0	-	SH3GL1P3,LINC00674	930
chr17	69010896	69012777	ENSG00000277476[3,1,1]	0	+	69010896	69010896	0	1	1881,	0,	chr17	69011466	69012396	retro_human_3255|SH3GL1P3-201|processed_pseudogene	0	-	SH3GL1P3,LINC00674	930
chr17	69011236	69012777	ENSG00000277476[4,1,1]	0	+	69011236	69011236	0	1	1541,	0,	chr17	69011466	69012396	retro_human_3255|SH3GL1P3-201|processed_pseudogene	0	-	SH3GL1P3,LINC00674	930
chr17	69011416	69012446	ENSG00000267352[1,1,1]	0	-	69011416	69011416	0	1	1030,	0,	chr17	69011466	69012396	retro_human_3255|SH3GL1P3-201|processed_pseudogene	0	-	SH3GL1P3,LINC00674	930
chr17	69012169	69012777	ENSG00000277476[5,1,1]	0	+	69012169	69012169	0	1	608,	0,	chr17	69011466	69012396	retro_human_3255|SH3GL1P3-201|processed_pseudogene	0	-	SH3GL1P3,LINC00674	227
chr17	73956718	73957237	ENSG00000266501[1,1,1]	0	-	73956954	73957188	0	1	519,	0,	chr17	73956768	73957187	retro_human_3251|AC025198.1-201|processed_pseudogene	0	-	ATG12P1	419
chr17	76230990	76231411	ENSG00000228007[1,1,1]	0	+	76230990	76230990	0	1	421,	0,	chr17	76231040	76231361	retro_human_10244|AC011933.1-201|processed_pseudogene	0	+	RPL36AP7	321
chr17	77242278	77242699	ENSG00000267518[1,1,1]	0	+	77242278	77242278	0	1	421,	0,	chr17	77242328	77242649	AC090699.2-201|processed_pseudogene	0	+	HMGN2P43	321
chr17	82426980	82430019	ENSG00000184009[1,53,1]	0	-	82427810	82428741	255	8	467,355,182,439,41,240,129,168,	0,616,1064,1325,1900,2040,2369,2871,	chr17	82427811	82428657	retro_human_2377	0	-	ACTG1	846
chr17	82426980	82430019	ENSG00000184009[1,52,1]	0	-	82427810	82429472	255	7	467,330,182,439,240,129,168,	0,641,1064,1325,2040,2369,2871,	chr17	82427811	82428657	retro_human_2377	0	-	ACTG1	846
chr17	82426980	82430019	ENSG00000184009[1,51,1]	0	-	82427810	82429472	255	7	423,477,182,439,240,129,168,	0,494,1064,1325,2040,2369,2871,	chr17	82427811	82428657	retro_human_2377	0	-	ACTG1	846
chr17	82426980	82430019	ENSG00000184009[1,39,1]	0	-	82428174	82429472	255	5	971,182,443,240,670,	0,1064,1321,2040,2369,	chr17	82427811	82428657	retro_human_2377	0	-	ACTG1	846
chr17	82426980	82430019	ENSG00000184009[1,37,1]	0	-	82427810	82429254	255	5	971,182,439,240,674,	0,1064,1325,2040,2365,	chr17	82427811	82428657	retro_human_2377	0	-	ACTG1	846
chr17	82426980	82430019	ENSG00000184009[1,47,1]	0	-	82428249	82429472	255	4	1764,240,129,168,	0,2040,2369,2871,	chr17	82427811	82428657	retro_human_2377	0	-	ACTG1	846
chr17	82426980	82430019	ENSG00000184009[1,50,1]	0	-	82427119	82429472	255	6	169,182,439,240,129,168,	0,1064,1325,2040,2369,2871,	chr17	82427811	82428657	retro_human_2377	0	-	ACTG1	846
chr17	82426980	82430019	ENSG00000184009[1,49,1]	0	-	82427978	82429472	255	5	1246,439,240,129,168,	0,1325,2040,2369,2871,	chr17	82427811	82428657	retro_human_2377	0	-	ACTG1	846
chr17	82426980	82430019	ENSG00000184009[1,3,1]	0	-	82427810	82429472	255	6	971,182,439,240,129,438,	0,1064,1325,2040,2369,2601,	chr17	82427811	82428657	retro_human_2377	0	-	ACTG1	846
chr17	82426980	82430019	ENSG00000184009[1,43,1]	0	-	82427810	82428741	255	4	971,182,1173,168,	0,1064,1325,2871,	chr17	82427811	82428657	retro_human_2377	0	-	ACTG1	846
chr17	82426980	82430628	ENSG00000184009[9,54,1]	0	-	82427810	82429472	255	6	971,182,439,240,129,143,	0,1064,1325,2040,2369,3505,	chr17	82427811	82428657	retro_human_2377	0	-	ACTG1	846
chr17	82426980	82430019	ENSG00000184009[1,41,1]	0	-	82428249	82428741	255	2	2498,168,	0,2871,	chr17	82427811	82428657	retro_human_2377	0	-	ACTG1	846
chr17	82426980	82430019	ENSG00000184009[1,44,1]	0	-	82427810	82429341	255	5	971,182,439,458,168,	0,1064,1325,2040,2871,	chr17	82427811	82428657	retro_human_2377	0	-	ACTG1	846
chr17	82426980	82430019	ENSG00000184009[1,38,1]	0	-	82427810	82428741	255	4	971,182,955,670,	0,1064,1325,2369,	chr17	82427811	82428657	retro_human_2377	0	-	ACTG1	846
chr17	82426980	82430019	ENSG00000184009[1,46,1]	0	-	82428249	82428741	255	4	971,1216,129,168,	0,1064,2369,2871,	chr17	82427811	82428657	retro_human_2377	0	-	ACTG1	846
chr17	82426980	82430019	ENSG00000184009[1,45,1]	0	-	82427810	82429254	255	6	971,182,439,240,133,168,	0,1064,1325,2040,2365,2871,	chr17	82427811	82428657	retro_human_2377	0	-	ACTG1	846
chr17	82426980	82430019	ENSG00000184009[1,15,1]	0	-	82427810	82429472	255	7	467,355,182,439,240,129,287,	0,616,1064,1325,2040,2369,2752,	chr17	82427811	82428657	retro_human_2377	0	-	ACTG1	846
chr17	82426980	82430019	ENSG00000184009[1,35,1]	0	-	82428249	82428741	255	2	467,2423,	0,616,	chr17	82427811	82428657	retro_human_2377	0	-	ACTG1	846
chr17	82426980	82430019	ENSG00000184009[1,21,1]	0	-	82427810	82428741	255	6	971,182,616,240,129,168,	0,1064,1325,2040,2369,2871,	chr17	82427811	82428657	retro_human_2377	0	-	ACTG1	846
chr17	82426980	82430019	ENSG00000184009[1,4,1]	0	-	82427810	82429472	255	6	971,182,439,240,129,301,	0,1064,1325,2040,2369,2738,	chr17	82427811	82428657	retro_human_2377	0	-	ACTG1	846
chr17	82426980	82430019	ENSG00000184009[1,48,1]	0	-	82428174	82429472	255	6	971,182,443,240,129,168,	0,1064,1321,2040,2369,2871,	chr17	82427811	82428657	retro_human_2377	0	-	ACTG1	846
chr17	82426980	82430019	ENSG00000184009[1,16,1]	0	-	82427810	82428741	255	5	971,182,955,129,168,	0,1064,1325,2369,2871,	chr17	82427811	82428657	retro_human_2377	0	-	ACTG1	846
chr17	82426980	82430019	ENSG00000184009[1,40,1]	0	-	82427810	82429472	255	6	971,182,439,240,129,282,	0,1064,1325,2040,2369,2757,	chr17	82427811	82428657	retro_human_2377	0	-	ACTG1	846
chr17	82426980	82430019	ENSG00000184009[1,42,1]	0	-	82428249	82428741	255	3	971,1434,168,	0,1064,2871,	chr17	82427811	82428657	retro_human_2377	0	-	ACTG1	846
chr17	82426980	82430019	ENSG00000184009[1,14,1]	0	-	82427810	82429472	255	6	467,355,182,439,240,670,	0,616,1064,1325,2040,2369,	chr17	82427811	82428657	retro_human_2377	0	-	ACTG1	846
chr17	82426980	82430019	ENSG00000184009[1,36,1]	0	-	82428249	82428741	255	2	971,1975,	0,1064,	chr17	82427811	82428657	retro_human_2377	0	-	ACTG1	846
chr17	82426980	82430019	ENSG00000184009[1,6,1]	0	-	82427810	82429472	0	6	971,182,439,240,129,287,	0,1064,1325,2040,2369,2752,	chr17	82427811	82428657	retro_human_2377	0	-	ACTG1	846
chr17	82426980	82430019	ENSG00000184009[1,29,1]	0	-	82427810	82429472	0	7	467,354,182,439,240,129,168,	0,617,1064,1325,2040,2369,2871,	chr17	82427811	82428657	retro_human_2377	0	-	ACTG1	846
chr17	82426980	82430019	ENSG00000184009[1,17,1]	0	-	82428249	82429472	0	5	971,700,240,129,168,	0,1064,2040,2369,2871,	chr17	82427811	82428657	retro_human_2377	0	-	ACTG1	846
chr17	82426980	82430019	ENSG00000184009[1,20,1]	0	-	82427810	82429472	0	7	467,355,182,439,240,129,168,	0,616,1064,1325,2040,2369,2871,	chr17	82427811	82428657	retro_human_2377	0	-	ACTG1	846
chr17	82426980	82430019	ENSG00000184009[1,30,1]	0	-	82427978	82428741	0	5	1246,616,240,129,168,	0,1325,2040,2369,2871,	chr17	82427811	82428657	retro_human_2377	0	-	ACTG1	846
chr17	82426980	82430019	ENSG00000184009[1,13,1]	0	-	82427810	82429341	0	4	971,182,439,999,	0,1064,1325,2040,	chr17	82427811	82428657	retro_human_2377	0	-	ACTG1	846
chr17	82426980	82429318	ENSG00000184009[5,13,1]	0	-	82427810	82429254	0	4	971,182,439,298,	0,1064,1325,2040,	chr17	82427811	82428657	retro_human_2377	0	-	ACTG1	846
chr17	82426980	82430628	ENSG00000184009[9,2,1]	0	-	82427810	82429472	0	5	971,182,439,240,1279,	0,1064,1325,2040,2369,	chr17	82427811	82428657	retro_human_2377	0	-	ACTG1	846
chr17	82426980	82430019	ENSG00000184009[1,2,1]	0	-	82427810	82429472	0	5	971,182,439,240,670,	0,1064,1325,2040,2369,	chr17	82427811	82428657	retro_human_2377	0	-	ACTG1	846
chr17	82426980	82430019	ENSG00000184009[1,5,1]	0	-	82427810	82429472	0	6	971,182,439,240,129,296,	0,1064,1325,2040,2369,2743,	chr17	82427811	82428657	retro_human_2377	0	-	ACTG1	846
chr17	82426980	82430019	ENSG00000184009[1,26,1]	0	-	82427810	82428741	0	3	971,182,1714,	0,1064,1325,	chr17	82427811	82428657	retro_human_2377	0	-	ACTG1	846
chr17	82426980	82429016	ENSG00000184009[8,26,1]	0	-	82427810	82428741	0	3	971,182,711,	0,1064,1325,	chr17	82427811	82428657	retro_human_2377	0	-	ACTG1	846
chr17	82426980	82430628	ENSG00000184009[9,1,1]	0	-	82427810	82429472	0	6	971,182,439,240,129,777,	0,1064,1325,2040,2369,2871,	chr17	82427811	82428657	retro_human_2377	0	-	ACTG1	846
chr17	82426980	82430019	ENSG00000184009[1,1,1]	0	-	82427810	82429472	0	6	971,182,439,240,129,168,	0,1064,1325,2040,2369,2871,	chr17	82427811	82428657	retro_human_2377	0	-	ACTG1	846
chr17	82426980	82430019	ENSG00000184009[1,23,1]	0	-	82427810	82428741	0	7	971,182,439,41,240,129,168,	0,1064,1325,1900,2040,2369,2871,	chr17	82427811	82428657	retro_human_2377	0	-	ACTG1	846
chr17	82427556	82430019	ENSG00000184009[1,6,4]	0	-	82427810	82429472	0	6	395,182,439,240,129,287,	0,488,749,1464,1793,2176,	chr17	82427811	82428657	retro_human_2377	0	-	ACTG1	846
chr17	82427757	82430019	ENSG00000184009[1,23,3]	0	-	82427810	82428741	0	7	194,182,439,41,240,129,168,	0,287,548,1123,1263,1592,2094,	chr17	82427811	82428657	retro_human_2377	0	-	ACTG1	846
chr17	82428152	82430019	ENSG00000184009[1,30,5]	0	-	82428804	82429472	0	5	74,616,240,129,168,	0,153,868,1197,1699,	chr17	82427811	82428657	retro_human_2377	0	-	ACTG1	505
chr17	82700606	82702265	ENSG00000182676[1,4,1]	0	-	82701770	82702118	255	2	411,598,	0,1061,	chr17	82701670	82701843	retro_human_719	0	-	PPP1R27	173
chr17	82700606	82702265	ENSG00000182676[1,5,1]	0	-	82700896	82702118	255	3	384,151,337,	0,1061,1322,	chr17	82701670	82701843	retro_human_719	0	-	PPP1R27	173
chr17	82700606	82702265	ENSG00000182676[1,2,1]	0	-	82701666	82702118	0	2	1212,337,	0,1322,	chr17	82701670	82701843	retro_human_719	0	-	PPP1R27	173
chr17	82700606	82702265	ENSG00000182676[1,1,1]	0	-	82700896	82702118	0	3	411,151,337,	0,1061,1322,	chr17	82701670	82701843	retro_human_719	0	-	PPP1R27	173
chr17	82712795	82713722	ENSG00000185624[15,73,6]	0	-	82712795	82712795	0	2	361,129,	0,798,	chr17	82712705	82712905	retro_human_718	0	-	P4HB	110
chr17	82788669	82790743	ENSG00000197063[2,2,2]	0	-	82789767	82790345	0	3	1548,65,230,	0,1640,1844,	chr17	82790035	82790262	retro_human_717	0	-	MAFG	227
chr17	82788795	82790743	ENSG00000197063[2,2,4]	0	-	82789767	82790345	0	3	1422,65,230,	0,1514,1718,	chr17	82790035	82790262	retro_human_717	0	-	MAFG	227
chr17	83183572	83186421	ENSG00000173762[1,3,1]	0	-	83184906	83186258	0	3	1600,315,245,	0,1857,2604,	chr17	83185389	83185799	retro_human_8176	0	-	CD7	410
chr17	83183572	83186421	ENSG00000173762[1,2,1]	0	-	83184078	83185526	0	3	614,215,992,	0,1385,1857,	chr17	83185389	83185799	retro_human_8176	0	-	CD7	410
chr17	83183572	83186421	ENSG00000173762[1,1,1]	0	-	83184078	83186258	0	4	614,215,315,245,	0,1385,1857,2604,	chr17	83185389	83185799	retro_human_8176	0	-	CD7	410
chr17	83184844	83186421	ENSG00000173762[1,6,3]	0	-	83185328	83186258	0	2	900,245,	0,1332,	chr17	83185389	83185799	retro_human_8176	0	-	CD7	410
chr18	2721278	2727306	ENSG00000101574[1,8,7]	0	-	2722519	2722960	255	2	2120,411,	0,5617,	chr18	2724135	2724869	retro_human_721|AP005136.2-201|processed_pseudogene	0	+	LOC100128926	734
chr18	2721278	2727030	ENSG00000101574[5,8,7]	0	-	2722519	2722960	255	2	2120,135,	0,5617,	chr18	2724135	2724869	retro_human_721|AP005136.2-201|processed_pseudogene	0	+	LOC100128926	734
chr18	2722974	2727306	ENSG00000101574[1,8,8]	0	-	2727136	2727250	255	2	424,411,	0,3921,	chr18	2724135	2724869	retro_human_721|AP005136.2-201|processed_pseudogene	0	+	LOC100128926	734
chr18	2722974	2727030	ENSG00000101574[5,8,8]	0	-	2723032	2723134	255	2	424,135,	0,3921,	chr18	2724135	2724869	retro_human_721|AP005136.2-201|processed_pseudogene	0	+	LOC100128926	734
chr18	3739646	3740332	ENSG00000266373[1,1,1]	0	+	3739646	3739646	0	1	686,	0,	chr18	3739696	3740282	AP002472.1-201|processed_pseudogene	0	+	LOC100419892	586
chr18	5400020	5405919	ENSG00000263753[3,19,11]	0	+	5400020	5400020	255	2	1274,3027,	0,2872,	chr18	5402499	5403412	retro_human_1362|AP001496.3-201|processed_pseudogene	0	-	LOC100422274	913
chr18	5400020	5408824	ENSG00000263753[3,25,5]	0	+	5400020	5400020	0	3	1274,191,2981,	0,3923,5823,	chr18	5402499	5403412	retro_human_1362|AP001496.3-201|processed_pseudogene	0	-	LOC100422274	913
chr18	5400020	5405919	ENSG00000263753[3,25,11]	0	+	5400020	5400020	0	3	1274,191,76,	0,3923,5823,	chr18	5402499	5403412	retro_human_1362|AP001496.3-201|processed_pseudogene	0	-	LOC100422274	913
chr18	5400238	5408824	ENSG00000263753[1,33,5]	0	+	5400238	5400238	255	3	1203,191,2981,	0,3705,5605,	chr18	5402499	5403412	retro_human_1362|AP001496.3-201|processed_pseudogene	0	-	LOC100422274	913
chr18	5400238	5407498	ENSG00000263753[1,33,4]	0	+	5400238	5400238	255	3	1203,191,1655,	0,3705,5605,	chr18	5402499	5403412	retro_human_1362|AP001496.3-201|processed_pseudogene	0	-	LOC100422274	913
chr18	5400238	5406084	ENSG00000263753[1,33,2]	0	+	5400238	5400238	255	3	1203,191,241,	0,3705,5605,	chr18	5402499	5403412	retro_human_1362|AP001496.3-201|processed_pseudogene	0	-	LOC100422274	913
chr18	5400238	5405919	ENSG00000263753[1,33,11]	0	+	5400238	5400238	255	3	1203,191,76,	0,3705,5605,	chr18	5402499	5403412	retro_human_1362|AP001496.3-201|processed_pseudogene	0	-	LOC100422274	913
chr18	5400238	5406264	ENSG00000263753[1,33,3]	0	+	5400238	5400238	255	3	1203,191,421,	0,3705,5605,	chr18	5402499	5403412	retro_human_1362|AP001496.3-201|processed_pseudogene	0	-	LOC100422274	913
chr18	5400238	5407498	ENSG00000263753[1,21,4]	0	+	5400238	5400238	255	4	1056,608,191,1655,	0,2654,3705,5605,	chr18	5402499	5403412	retro_human_1362|AP001496.3-201|processed_pseudogene	0	-	LOC100422274	913
chr18	5400238	5406264	ENSG00000263753[1,21,3]	0	+	5400238	5400238	255	4	1056,608,191,421,	0,2654,3705,5605,	chr18	5402499	5403412	retro_human_1362|AP001496.3-201|processed_pseudogene	0	-	LOC100422274	913
chr18	5400238	5406084	ENSG00000263753[1,21,2]	0	+	5400238	5400238	255	4	1056,608,191,241,	0,2654,3705,5605,	chr18	5402499	5403412	retro_human_1362|AP001496.3-201|processed_pseudogene	0	-	LOC100422274	913
chr18	5400238	5405919	ENSG00000263753[1,21,11]	0	+	5400238	5400238	255	4	1056,608,191,76,	0,2654,3705,5605,	chr18	5402499	5403412	retro_human_1362|AP001496.3-201|processed_pseudogene	0	-	LOC100422274	913
chr18	5400238	5408824	ENSG00000263753[1,21,5]	0	+	5400238	5400238	255	4	1056,608,191,2981,	0,2654,3705,5605,	chr18	5402499	5403412	retro_human_1362|AP001496.3-201|processed_pseudogene	0	-	LOC100422274	913
chr18	5400238	5408824	ENSG00000263753[1,19,5]	0	+	5400238	5400238	255	2	1056,5932,	0,2654,	chr18	5402499	5403412	retro_human_1362|AP001496.3-201|processed_pseudogene	0	-	LOC100422274	913
chr18	5400238	5407498	ENSG00000263753[1,19,4]	0	+	5400238	5400238	255	2	1056,4606,	0,2654,	chr18	5402499	5403412	retro_human_1362|AP001496.3-201|processed_pseudogene	0	-	LOC100422274	913
chr18	5400238	5406264	ENSG00000263753[1,19,3]	0	+	5400238	5400238	255	2	1056,3372,	0,2654,	chr18	5402499	5403412	retro_human_1362|AP001496.3-201|processed_pseudogene	0	-	LOC100422274	913
chr18	5400238	5406084	ENSG00000263753[1,19,2]	0	+	5400238	5400238	255	2	1056,3192,	0,2654,	chr18	5402499	5403412	retro_human_1362|AP001496.3-201|processed_pseudogene	0	-	LOC100422274	913
chr18	5400238	5405919	ENSG00000263753[1,19,11]	0	+	5400238	5400238	255	2	1056,3027,	0,2654,	chr18	5402499	5403412	retro_human_1362|AP001496.3-201|processed_pseudogene	0	-	LOC100422274	913
chr18	5400238	5405564	ENSG00000263753[1,19,1]	0	+	5400238	5400238	255	2	1056,2672,	0,2654,	chr18	5402499	5403412	retro_human_1362|AP001496.3-201|processed_pseudogene	0	-	LOC100422274	913
chr18	5400238	5405434	ENSG00000263753[1,19,18]	0	+	5400238	5400238	255	2	1056,2542,	0,2654,	chr18	5402499	5403412	retro_human_1362|AP001496.3-201|processed_pseudogene	0	-	LOC100422274	913
chr18	5400238	5407498	ENSG00000263753[1,23,4]	0	+	5400238	5400238	0	3	1056,114,1655,	0,3705,5605,	chr18	5402499	5403412	retro_human_1362|AP001496.3-201|processed_pseudogene	0	-	LOC100422274	913
chr18	5400238	5406264	ENSG00000263753[1,23,3]	0	+	5400238	5400238	0	3	1056,114,421,	0,3705,5605,	chr18	5402499	5403412	retro_human_1362|AP001496.3-201|processed_pseudogene	0	-	LOC100422274	913
chr18	5400238	5406084	ENSG00000263753[1,23,2]	0	+	5400238	5400238	0	3	1056,114,241,	0,3705,5605,	chr18	5402499	5403412	retro_human_1362|AP001496.3-201|processed_pseudogene	0	-	LOC100422274	913
chr18	5400238	5405919	ENSG00000263753[1,23,11]	0	+	5400238	5400238	0	3	1056,114,76,	0,3705,5605,	chr18	5402499	5403412	retro_human_1362|AP001496.3-201|processed_pseudogene	0	-	LOC100422274	913
chr18	5400238	5408824	ENSG00000263753[1,23,5]	0	+	5400238	5400238	0	3	1056,114,2981,	0,3705,5605,	chr18	5402499	5403412	retro_human_1362|AP001496.3-201|processed_pseudogene	0	-	LOC100422274	913
chr18	5400238	5405919	ENSG00000263753[1,10,11]	0	+	5400238	5400238	0	1	5681,	0,	chr18	5402499	5403412	retro_human_1362|AP001496.3-201|processed_pseudogene	0	-	LOC100422274	913
chr18	5400238	5405564	ENSG00000263753[1,10,1]	0	+	5400238	5400238	0	1	5326,	0,	chr18	5402499	5403412	retro_human_1362|AP001496.3-201|processed_pseudogene	0	-	LOC100422274	913
chr18	5400238	5405434	ENSG00000263753[1,10,18]	0	+	5400238	5400238	0	1	5196,	0,	chr18	5402499	5403412	retro_human_1362|AP001496.3-201|processed_pseudogene	0	-	LOC100422274	913
chr18	5400238	5407498	ENSG00000263753[1,25,4]	0	+	5400238	5400238	0	3	1056,191,1655,	0,3705,5605,	chr18	5402499	5403412	retro_human_1362|AP001496.3-201|processed_pseudogene	0	-	LOC100422274	913
chr18	5400238	5406264	ENSG00000263753[1,25,3]	0	+	5400238	5400238	0	3	1056,191,421,	0,3705,5605,	chr18	5402499	5403412	retro_human_1362|AP001496.3-201|processed_pseudogene	0	-	LOC100422274	913
chr18	5400238	5406084	ENSG00000263753[1,25,2]	0	+	5400238	5400238	0	3	1056,191,241,	0,3705,5605,	chr18	5402499	5403412	retro_human_1362|AP001496.3-201|processed_pseudogene	0	-	LOC100422274	913
chr18	5400238	5405919	ENSG00000263753[1,25,11]	0	+	5400238	5400238	0	3	1056,191,76,	0,3705,5605,	chr18	5402499	5403412	retro_human_1362|AP001496.3-201|processed_pseudogene	0	-	LOC100422274	913
chr18	5400238	5408824	ENSG00000263753[1,25,5]	0	+	5400238	5400238	0	3	1056,191,2981,	0,3705,5605,	chr18	5402499	5403412	retro_human_1362|AP001496.3-201|processed_pseudogene	0	-	LOC100422274	913
chr18	5400238	5407498	ENSG00000263753[1,12,4]	0	+	5400238	5400238	0	2	900,4606,	0,2654,	chr18	5402499	5403412	retro_human_1362|AP001496.3-201|processed_pseudogene	0	-	LOC100422274	913
chr18	5400238	5406264	ENSG00000263753[1,12,3]	0	+	5400238	5400238	0	2	900,3372,	0,2654,	chr18	5402499	5403412	retro_human_1362|AP001496.3-201|processed_pseudogene	0	-	LOC100422274	913
chr18	5400238	5405919	ENSG00000263753[1,12,11]	0	+	5400238	5400238	0	2	900,3027,	0,2654,	chr18	5402499	5403412	retro_human_1362|AP001496.3-201|processed_pseudogene	0	-	LOC100422274	913
chr18	5400238	5405564	ENSG00000263753[1,12,1]	0	+	5400238	5400238	0	2	900,2672,	0,2654,	chr18	5402499	5403412	retro_human_1362|AP001496.3-201|processed_pseudogene	0	-	LOC100422274	913
chr18	5400238	5405434	ENSG00000263753[1,12,18]	0	+	5400238	5400238	0	2	900,2542,	0,2654,	chr18	5402499	5403412	retro_human_1362|AP001496.3-201|processed_pseudogene	0	-	LOC100422274	913
chr18	5400238	5403976	ENSG00000263753[1,12,9]	0	+	5400238	5400238	0	2	900,1084,	0,2654,	chr18	5402499	5403412	retro_human_1362|AP001496.3-201|processed_pseudogene	0	-	LOC100422274	913
chr18	5400238	5407498	ENSG00000263753[1,1,4]	0	+	5400238	5400238	0	5	1056,91,608,191,1655,	0,2193,2654,3705,5605,	chr18	5402499	5403412	retro_human_1362|AP001496.3-201|processed_pseudogene	0	-	LOC100422274	913
chr18	5400238	5406264	ENSG00000263753[1,1,3]	0	+	5400238	5400238	0	5	1056,91,608,191,421,	0,2193,2654,3705,5605,	chr18	5402499	5403412	retro_human_1362|AP001496.3-201|processed_pseudogene	0	-	LOC100422274	913
chr18	5400650	5406264	ENSG00000263753[4,25,3]	0	+	5400650	5400650	0	3	644,191,421,	0,3293,5193,	chr18	5402499	5403412	retro_human_1362|AP001496.3-201|processed_pseudogene	0	-	LOC100422274	913
chr18	5400972	5408824	ENSG00000263753[2,1,5]	0	+	5400972	5400972	0	5	322,91,608,191,2981,	0,1459,1920,2971,4871,	chr18	5402499	5403412	retro_human_1362|AP001496.3-201|processed_pseudogene	0	-	LOC100422274	913
chr18	5402449	5403462	ENSG00000265188[1,1,1]	0	-	5402449	5402449	0	1	1013,	0,	chr18	5402499	5403412	retro_human_1362|AP001496.3-201|processed_pseudogene	0	-	LOC100422274	913
chr18	7085961	7089161	ENSG00000265933[1,1,2]	0	-	7085961	7085961	0	3	2159,100,186,	0,2697,3014,	chr18	7087479	7088749	SCML2P1-201|processed_pseudogene	0	+	SCML2P1,LINC00668	1270
chr18	7087791	7090555	ENSG00000265933[2,8,4]	0	-	7087791	7087791	0	4	329,100,118,102,	0,867,1598,2662,	chr18	7087479	7088749	SCML2P1-201|processed_pseudogene	0	+	SCML2P1,LINC00668	958
chr18	12237926	12239467	ENSG00000256616[1,1,2]	0	-	12237926	12237926	0	1	1541,	0,	chr18	12236003	12239359	retro_human_7203|AP002414.2-201|transcribed_processed_pseudogene	0	-	ADGRA3P1	1433
chr18	12237926	12239467	ENSG00000256616[1,1,2]	0	-	12237926	12237926	0	1	1541,	0,	chr18	12237976	12239417	AP002414.2-202|transcribed_processed_pseudogene	0	-	ADGRA3P1	1441
chr18	12254384	12255952	ENSG00000267478[1,1,1]	0	-	12254384	12254384	0	1	1568,	0,	chr18	12254434	12255902	retro_human_7196|AP002414.3-201|processed_pseudogene	0	-	LOC100533852	1468
chr18	12374299	12374830	ENSG00000267076[1,1,1]	0	+	12374299	12374299	0	1	531,	0,	chr18	12371365	12375437	retro_human_962|AP005264.5-202|transcribed_processed_pseudogene	0	+	MIX23P3,C18orf61	531
chr18	12374299	12374830	ENSG00000267076[1,1,1]	0	+	12374299	12374299	0	1	531,	0,	chr18	12374349	12374779	CCDC58P3-201|processed_pseudogene	0	+	MIX23P3	430
chr18	12381573	12386272	ENSG00000267733[5,5,5]	0	+	12381573	12381573	0	2	229,502,	0,4197,	chr18	12376378	12385969	AP005264.5-204|transcribed_processed_pseudogene	0	+	C18orf61	4396
chr18	12381573	12386272	ENSG00000267733[5,5,5]	0	+	12381573	12381573	0	2	229,502,	0,4197,	chr18	12381623	12386222	AP005264.5-205|transcribed_processed_pseudogene	0	+	C18orf61	4599
chr18	12381573	12386272	ENSG00000267733[5,5,5]	0	+	12381573	12381573	0	2	229,502,	0,4197,	chr18	12372303	12386510	AP005264.5-203|transcribed_processed_pseudogene	0	+	MIX23P3,C18orf61	4699
chr18	12612421	12617525	ENSG00000134278[4,6,2]	0	-	12612608	12617401	0	5	443,137,28,71,211,	0,2800,3030,3613,4893,	chr18	12613413	12614009	retro_human_5700|AP001029.3-201|processed_pseudogene	0	+	HMGB3P28	596
chr18	12612421	12615627	ENSG00000134278[3,5,2]	0	-	12612608	12615511	0	3	443,137,176,	0,2800,3030,	chr18	12613413	12614009	retro_human_5700|AP001029.3-201|processed_pseudogene	0	+	HMGB3P28	596
chr18	12613363	12614059	ENSG00000267515[1,1,1]	0	+	12613363	12613363	0	1	696,	0,	chr18	12613413	12614009	retro_human_5700|AP001029.3-201|processed_pseudogene	0	+	HMGB3P28	596
chr18	21304202	21304782	ENSG00000244527[1,1,1]	0	-	21304202	21304202	0	1	580,	0,	chr18	21304252	21304732	retro_human_1369|AC022795.1-201|processed_pseudogene	0	-	RPL21P128	480
chr18	22039630	22040078	ENSG00000243303[1,1,1]	0	-	22039630	22039630	0	1	448,	0,	chr18	22039680	22040028	retro_human_7477|AC103987.1-201|processed_pseudogene	0	-	RPL34P32	348
chr18	27025521	27026534	ENSG00000266184[1,1,1]	0	-	27025521	27025521	0	1	1013,	0,	chr18	27025571	27026484	retro_human_4284|AC018371.2-201|processed_pseudogene	0	-	LOC440489	913
chr18	31914678	31917537	ENSG00000265158[1,1,2]	0	+	31914678	31914678	0	1	2859,	0,	chr18	31916573	31916928	retro_human_9808|AC017100.2-201|processed_pseudogene	0	-	LOC390846	355
chr18	31914678	31917537	ENSG00000265158[1,1,2]	0	+	31914678	31914678	0	1	2859,	0,	chr18	31914728	31917487	LRRC37A7P-201|transcribed_processed_pseudogene	0	+	LOC124908036,B4GALT6,LOC390846,LRRC37A7P	2759
chr18	31914678	31917537	ENSG00000265158[1,1,2]	0	+	31914678	31914678	0	1	2859,	0,	chr18	31914758	31916295	LRRC37A7P-202|transcribed_processed_pseudogene	0	+	LOC124908036,B4GALT6,LRRC37A7P	1537
chr18	32073749	32074290	ENSG00000276486[1,1,1]	0	+	32073749	32073749	0	1	541,	0,	chr18	32073799	32074240	AC022960.3-201|processed_pseudogene	0	+	LOC100421591	441
chr18	32266228	32266716	ENSG00000214917[1,1,1]	0	-	32266228	32266228	0	1	488,	0,	chr18	32266278	32266666	retro_human_9807|AC011825.1-201|processed_pseudogene	0	-	RPS15AP35	388
chr18	34765775	34766412	ENSG00000267585[1,1,1]	0	-	34765775	34765775	0	1	637,	0,	chr18	34765825	34766362	retro_human_9804|AC013290.1-201|processed_pseudogene	0	-	RPL10AP13	537
chr18	35523515	35535846	ENSG00000172466[1,8,1]	0	-	35531137	35531991	255	3	7802,503,137,	0,8056,12194,	chr18	35528596	35531916	retro_human_9803	0	-	ZNF24	3320
chr18	35523515	35532045	ENSG00000172466[2,3,1]	0	-	35530403	35531991	0	3	6899,148,474,	0,7654,8056,	chr18	35528596	35531916	retro_human_9803	0	-	ZNF24	3320
chr18	35523515	35535846	ENSG00000172466[1,2,1]	0	-	35528574	35531991	0	4	5595,148,503,137,	0,7654,8056,12194,	chr18	35528596	35531916	retro_human_9803	0	-	ZNF24	3320
chr18	35523515	35535846	ENSG00000172466[1,1,1]	0	-	35528574	35531991	0	4	5595,148,503,147,	0,7654,8056,12184,	chr18	35528596	35531916	retro_human_9803	0	-	ZNF24	3320
chr18	35526516	35535846	ENSG00000172466[1,8,3]	0	-	35531137	35531991	255	3	4801,503,137,	0,5055,9193,	chr18	35528596	35531916	retro_human_9803	0	-	ZNF24	3320
chr18	35526516	35535846	ENSG00000172466[1,2,3]	0	-	35528574	35531991	0	4	2594,148,503,137,	0,4653,5055,9193,	chr18	35528596	35531916	retro_human_9803	0	-	ZNF24	3320
chr18	35526516	35535846	ENSG00000172466[1,1,3]	0	-	35528574	35531991	0	4	2594,148,503,147,	0,4653,5055,9183,	chr18	35528596	35531916	retro_human_9803	0	-	ZNF24	3320
chr18	35528325	35535846	ENSG00000172466[1,2,4]	0	-	35528574	35531991	0	4	785,148,503,137,	0,2844,3246,7384,	chr18	35528596	35531916	retro_human_9803	0	-	ZNF24	3320
chr18	35528325	35535846	ENSG00000172466[1,1,4]	0	-	35528574	35531991	0	4	785,148,503,147,	0,2844,3246,7374,	chr18	35528596	35531916	retro_human_9803	0	-	ZNF24	3320
chr18	35528523	35552829	ENSG00000172466[6,9,5]	0	-	35528574	35531991	255	4	587,148,503,252,	0,2646,3048,24054,	chr18	35528596	35531916	retro_human_9803	0	-	ZNF24	3320
chr18	35528523	35535846	ENSG00000172466[1,7,5]	0	-	35528574	35531991	255	3	587,148,4275,	0,2646,3048,	chr18	35528596	35531916	retro_human_9803	0	-	ZNF24	3320
chr18	35528523	35535846	ENSG00000172466[1,8,5]	0	-	35531137	35531991	255	3	2794,503,137,	0,3048,7186,	chr18	35528596	35531916	retro_human_9803	0	-	ZNF24	3320
chr18	35528523	35535846	ENSG00000172466[1,2,5]	0	-	35528574	35531991	0	4	587,148,503,137,	0,2646,3048,7186,	chr18	35528596	35531916	retro_human_9803	0	-	ZNF24	3320
chr18	35528523	35535846	ENSG00000172466[1,1,5]	0	-	35528574	35531991	0	4	587,148,503,147,	0,2646,3048,7176,	chr18	35528596	35531916	retro_human_9803	0	-	ZNF24	3320
chr18	36465120	36466246	ENSG00000267404[1,1,1]	0	+	36465120	36465120	0	1	1126,	0,	chr18	36465170	36466196	retro_human_7705|AC023043.2-201|processed_pseudogene	0	+	LOC791126	1026
chr18	43459614	43469356	ENSG00000132872[1,1,1]	0	-	43462115	43469052	0	4	2806,121,815,338,	0,3869,5737,9404,	chr18	43462125	43465750	retro_human_3877	0	-	SYT4	3625
chr18	43460000	43469356	ENSG00000132872[1,1,8]	0	-	43462115	43469052	0	4	2420,121,815,338,	0,3483,5351,9018,	chr18	43462125	43465750	retro_human_3877	0	-	SYT4	3625
chr18	43462221	43463973	ENSG00000132872[2,3,5]	0	-	43463716	43463857	0	2	199,490,	0,1262,	chr18	43462125	43465750	retro_human_3877	0	-	SYT4	1752
chr18	46219221	46220843	ENSG00000267293[1,1,1]	0	+	46219221	46219221	0	1	1622,	0,	chr18	46219271	46220793	retro_human_7707|AC012569.1-201|processed_pseudogene	0	+	LOC100422497	1522
chr18	47327282	47327655	ENSG00000267800[1,1,1]	0	+	47327282	47327282	0	1	373,	0,	chr18	47327332	47327605	retro_human_1871|AC012254.4-201|processed_pseudogene	0	+	LOC107985131,HDHD2	273
chr18	48217653	48328455	ENSG00000184828[2,2,1]	0	-	48220294	48232139	0	3	3290,1224,405,	0,13278,110397,	chr18	48220742	48232139	retro_human_3481	0	-	ZBTB7C	11397
chr18	60023687	60027218	ENSG00000267669[1,1,1]	0	+	60023687	60023687	0	2	78,550,	0,2981,	chr18	60023737	60027168	retro_human_7576|AC098847.1-201|transcribed_processed_pseudogene	0	+	RPLP0P12	3431
chr18	60023687	60027218	ENSG00000267669[1,1,1]	0	+	60023687	60023687	0	2	78,550,	0,2981,	chr18	60026731	60027968	AC098847.1-202|transcribed_processed_pseudogene	0	+	RPLP0P12	487
chr18	63620307	63621560	ENSG00000267430[1,1,1]	0	-	63621156	63621366	0	1	1253,	0,	chr18	63620357	63621510	retro_human_8969|AC036176.2-201|processed_pseudogene	0	-	LOC100422317	1153
chr18	67926510	67926928	ENSG00000265472[1,1,1]	0	-	67926510	67926510	0	1	418,	0,	chr18	67926560	67926878	retro_human_80|AC022655.2-201|processed_pseudogene	0	-	FAM32DP	318
chr18	69209332	69210090	ENSG00000264236[1,1,1]	0	-	69209332	69209332	0	1	758,	0,	chr18	69209382	69210040	retro_human_3095|AC096708.1-201|processed_pseudogene	0	-	LOC100418959	658
chr19	148517	149374	ENSG00000282416[1,1,1]	0	-	148517	148517	0	1	857,	0,	chr19	148567	149324	AC092299.1-201|processed_pseudogene	0	-	LINC01002	757
chr19	148517	149374	ENSG00000282416[1,1,1]	0	-	148517	148517	0	1	857,	0,	chr19	149218	149654	AC010507.1-201|transcribed_processed_pseudogene	0	+	LINC01002	156
chr19	544270	545241	ENSG00000267036[1,1,1]	0	-	544270	544270	0	1	971,	0,	chr19	544320	545191	AC005559.1-201|processed_pseudogene	0	-	LOC100420586,HCN2	871
chr19	2906763	2918509	ENSG00000175691[1,1,1]	0	-	2907087	2918328	0	4	1648,181,127,184,	0,3353,6001,11562,	chr19	2907034	2912891	retro_human_6818	0	-	ZNF77	5857
chr19	4027423	4050075	ENSG00000178951[1,1,3]	0	-	4030864	4038344	0	3	3931,1277,268,	0,9659,22384,	chr19	4031156	4038308	retro_human_990	0	-	ZBTB7A	7152
chr19	4027726	4050075	ENSG00000178951[1,1,4]	0	-	4030864	4038344	0	3	3628,1277,268,	0,9356,22081,	chr19	4031156	4038308	retro_human_990	0	-	ZBTB7A	7152
chr19	4028285	4050075	ENSG00000178951[1,1,5]	0	-	4030864	4038344	0	3	3069,1277,268,	0,8797,21522,	chr19	4031156	4038308	retro_human_990	0	-	ZBTB7A	7152
chr19	4029422	4050075	ENSG00000178951[1,1,6]	0	-	4030864	4038344	0	3	1932,1277,268,	0,7660,20385,	chr19	4031156	4038308	retro_human_990	0	-	ZBTB7A	7152
chr19	4029644	4050075	ENSG00000178951[1,1,7]	0	-	4030864	4038344	0	3	1710,1277,268,	0,7438,20163,	chr19	4031156	4038308	retro_human_990	0	-	ZBTB7A	7152
chr19	4030801	4048908	ENSG00000178951[2,2,2]	0	-	4030864	4038344	0	3	553,1277,353,	0,6281,17754,	chr19	4031156	4038308	retro_human_990	0	-	ZBTB7A	7152
chr19	4157365	4165919	ENSG00000077463[1,17,1]	0	-	4157682	4165842	255	8	458,124,81,96,60,183,128,143,	0,969,1621,1783,3020,5045,6719,8411,	chr19	4162410	4164212	retro_human_6216	0	-	SIRT6	1802
chr19	4157365	4165919	ENSG00000077463[1,16,1]	0	-	4158207	4165842	255	8	888,84,81,96,60,183,128,143,	0,969,1621,1783,3020,5045,6719,8411,	chr19	4162410	4164212	retro_human_6216	0	-	SIRT6	1802
chr19	4157365	4165919	ENSG00000077463[1,12,1]	0	-	4158325	4165842	0	6	1093,81,96,60,128,143,	0,1621,1783,3020,6719,8411,	chr19	4162410	4164212	retro_human_6216	0	-	SIRT6	1802
chr19	4157365	4165919	ENSG00000077463[1,3,1]	0	-	4158207	4165842	0	7	888,84,81,96,60,128,143,	0,969,1621,1783,3020,6719,8411,	chr19	4162410	4164212	retro_human_6216	0	-	SIRT6	1802
chr19	4157365	4165919	ENSG00000077463[1,11,1]	0	-	4157926	4158508	0	5	888,910,60,128,143,	0,969,3020,6719,8411,	chr19	4162410	4164212	retro_human_6216	0	-	SIRT6	1802
chr19	4157365	4165919	ENSG00000077463[1,9,1]	0	-	4157926	4162571	0	7	888,124,81,96,60,183,143,	0,969,1621,1783,3020,5045,8411,	chr19	4162410	4164212	retro_human_6216	0	-	SIRT6	1802
chr19	4157365	4165919	ENSG00000077463[1,8,1]	0	-	4157926	4158508	0	6	888,733,96,60,183,143,	0,969,1783,3020,5045,8411,	chr19	4162410	4164212	retro_human_6216	0	-	SIRT6	1802
chr19	4157365	4165919	ENSG00000077463[1,13,1]	0	-	4157926	4165842	0	7	888,124,81,96,60,128,143,	0,969,1621,1783,3020,6719,8411,	chr19	4162410	4164212	retro_human_6216	0	-	SIRT6	1802
chr19	4157365	4165919	ENSG00000077463[1,14,1]	0	-	4159147	4165842	0	7	888,124,258,60,183,128,143,	0,969,1621,3020,5045,6719,8411,	chr19	4162410	4164212	retro_human_6216	0	-	SIRT6	1802
chr19	4157365	4165919	ENSG00000077463[1,1,1]	0	-	4157926	4165842	0	8	888,124,81,96,60,183,128,143,	0,969,1621,1783,3020,5045,6719,8411,	chr19	4162410	4164212	retro_human_6216	0	-	SIRT6	1802
chr19	4157365	4165919	ENSG00000077463[1,4,1]	0	-	4157926	4165842	0	7	888,124,96,60,183,128,143,	0,969,1783,3020,5045,6719,8411,	chr19	4162410	4164212	retro_human_6216	0	-	SIRT6	1802
chr19	4159047	4162860	ENSG00000077463[3,5,5]	0	-	4159147	4162571	0	3	197,60,450,	0,1338,3363,	chr19	4162410	4164212	retro_human_6216	0	-	SIRT6	450
chr19	4163864	4165919	ENSG00000077463[1,10,6]	0	-	4163881	4164004	0	2	348,143,	0,1912,	chr19	4162410	4164212	retro_human_6216	0	-	SIRT6	348
chr19	5192051	5199109	ENSG00000105426[8,14,1]	0	-	5193370	5198801	255	7	1385,136,155,126,127,179,551,	0,2464,2779,5011,5221,6132,6507,	chr19	5197075	5198329	retro_human_992	0	-	PTPRS	1254
chr19	5192051	5201300	ENSG00000105426[9,16,1]	0	-	5193370	5201217	255	10	1385,136,155,126,127,179,286,155,120,146,	0,2464,2779,5011,5221,6132,6507,6879,8903,9103,	chr19	5197075	5198329	retro_human_992	0	-	PTPRS	1254
chr19	5192051	5199109	ENSG00000105426[8,15,1]	0	-	5193370	5198801	255	8	1385,136,155,126,127,179,286,179,	0,2464,2779,5011,5221,6132,6507,6879,	chr19	5197075	5198329	retro_human_992	0	-	PTPRS	1254
chr19	6582936	6583763	ENSG00000268785[1,1,1]	0	+	6582936	6582936	0	1	827,	0,	chr19	6582986	6583713	retro_human_4426|RPL7P50-201|processed_pseudogene	0	+	RPL7P50,CD70	727
chr19	6995273	6996436	ENSG00000269761[1,1,1]	0	-	6995273	6995273	0	1	1163,	0,	chr19	6995323	6996386	retro_human_986|AC025278.2-201|processed_pseudogene	0	-	FLJ25758	1063
chr19	7740970	7748641	ENSG00000090659[1,1,1]	0	-	7744068	7748538	0	7	3297,113,152,570,72,60,149,	0,4163,4997,5574,6516,7362,7522,	chr19	7741939	7742940	retro_human_7812	0	+	LOC100129391,CD209	1001
chr19	9282155	9287677	ENSG00000130803[2,5,3]	0	+	9283554	9287624	0	5	80,783,96,83,1370,	0,650,2018,2864,4152,	chr19	9286263	9287804	retro_human_2356	0	+	ZNF317	1414
chr19	9284215	9289668	ENSG00000130803[3,6,1]	0	+	9289360	9289474	0	3	54,83,420,	0,804,5033,	chr19	9286263	9287804	retro_human_2356	0	+	ZNF317	1541
chr19	9450334	9508477	ENSG00000270011[2,18,2]	0	+	9504530	9508011	255	14	105,86,63,89,127,83,87,143,108,86,127,93,83,1573,	0,569,13677,14375,15074,16977,40740,47493,52195,54143,54846,55411,55959,56570,	chr19	9474333	9480798	retro_human_1276	0	-	LOC100128428	6465
chr19	9450334	9506419	ENSG00000270011[2,13,9]	0	+	9504530	9506409	0	7	105,86,108,86,127,93,126,	0,569,52195,54143,54846,55411,55959,	chr19	9474333	9480798	retro_human_1276	0	-	LOC100128428	6465
chr19	9450334	9508477	ENSG00000270011[2,15,2]	0	+	9504530	9508011	0	9	281,86,87,108,86,127,93,83,1093,	0,569,40740,52195,54143,54846,55411,55959,57050,	chr19	9474333	9480798	retro_human_1276	0	-	LOC100128428	6465
chr19	9816062	9827007	ENSG00000224689[2,2,1]	0	-	9816062	9816062	0	3	1396,155,439,	0,6212,10506,	chr19	9816348	9820006	retro_human_6260	0	-	ZNF812P	3658
chr19	9946234	9946649	ENSG00000267119[1,1,1]	0	+	9946234	9946234	0	1	415,	0,	chr19	9946284	9946599	retro_human_7452|RPL10P15-201|processed_pseudogene	0	+	RPL10P15,FBXL12	315
chr19	10232520	10241624	ENSG00000130810[1,2,8]	0	+	10232850	10237371	0	11	360,102,51,171,77,108,124,79,130,170,4471,	0,1193,1492,1652,3319,3601,3811,4012,4173,4385,4633,	chr19	10239703	10240698	retro_human_7451	0	+	P2RY11,PPAN-P2RY11	995
chr19	10232520	10241624	ENSG00000130810[1,1,8]	0	+	10232603	10237371	0	12	101,171,102,51,171,77,108,124,79,130,170,4471,	0,189,1193,1492,1652,3319,3601,3811,4012,4173,4385,4633,	chr19	10239703	10240698	retro_human_7451	0	+	P2RY11,PPAN-P2RY11	995
chr19	10232553	10241624	ENSG00000243207[1,2,2]	0	+	10232603	10240060	0	13	68,171,102,51,171,77,108,124,79,130,170,140,1783,	0,156,1160,1459,1619,3286,3568,3778,3979,4140,4352,4600,7288,	chr19	10239703	10240698	retro_human_7451	0	+	P2RY11,PPAN-P2RY11	995
chr19	10232553	10241624	ENSG00000243207[1,1,2]	0	+	10232603	10240944	0	13	68,171,102,51,171,77,108,124,79,130,170,78,1783,	0,156,1160,1459,1619,3286,3568,3778,3979,4140,4352,4600,7288,	chr19	10239703	10240698	retro_human_7451	0	+	P2RY11,PPAN-P2RY11	995
chr19	10237696	10241631	ENSG00000244165[3,1,1]	0	+	10237930	10240944	0	2	253,1790,	0,2145,	chr19	10239703	10240698	retro_human_7451	0	+	P2RY11,PPAN-P2RY11	995
chr19	10237851	10241631	ENSG00000244165[1,1,1]	0	+	10237930	10240944	0	2	98,1790,	0,1990,	chr19	10239703	10240698	retro_human_7451	0	+	P2RY11,PPAN-P2RY11	995
chr19	10238262	10240093	ENSG00000244165[2,2,2]	0	+	10239958	10240060	0	2	402,252,	0,1579,	chr19	10239703	10240698	retro_human_7451	0	+	P2RY11,PPAN-P2RY11	390
chr19	10612518	10629841	ENSG00000079999[1,18,1]	0	-	10613255	10626468	255	4	744,686,686,166,	0,5496,13311,17157,	chr19	10618014	10626318	retro_human_6258	0	-	KEAP1	8304
chr19	10612518	10630043	ENSG00000079999[9,18,1]	0	-	10613255	10626468	255	4	744,686,686,368,	0,5496,13311,17157,	chr19	10618014	10626318	retro_human_6258	0	-	KEAP1	8304
chr19	10612518	10629381	ENSG00000079999[2,14,1]	0	-	10613255	10626468	255	4	744,686,686,250,	0,5496,13311,16613,	chr19	10618014	10626318	retro_human_6258	0	-	KEAP1	8304
chr19	10612518	10629841	ENSG00000079999[1,17,1]	0	-	10613098	10626468	255	6	744,177,206,686,686,314,	0,3114,3570,5496,13311,17009,	chr19	10618014	10626318	retro_human_6258	0	-	KEAP1	8304
chr19	10612518	10629671	ENSG00000079999[8,17,1]	0	-	10613098	10626468	255	6	744,177,206,686,686,144,	0,3114,3570,5496,13311,17009,	chr19	10618014	10626318	retro_human_6258	0	-	KEAP1	8304
chr19	10612518	10629172	ENSG00000079999[7,12,1]	0	-	10613098	10626468	255	6	744,177,206,686,686,350,	0,3114,3570,5496,13311,16304,	chr19	10618014	10626318	retro_human_6258	0	-	KEAP1	8304
chr19	10612518	10629381	ENSG00000079999[2,16,1]	0	-	10613098	10626468	255	5	744,206,686,686,250,	0,3570,5496,13311,16613,	chr19	10618014	10626318	retro_human_6258	0	-	KEAP1	8304
chr19	10612518	10629841	ENSG00000079999[1,19,1]	0	-	10613098	10626468	255	5	744,206,686,686,166,	0,3570,5496,13311,17157,	chr19	10618014	10626318	retro_human_6258	0	-	KEAP1	8304
chr19	10612518	10630043	ENSG00000079999[9,19,1]	0	-	10613098	10626468	255	5	744,206,686,686,368,	0,3570,5496,13311,17157,	chr19	10618014	10626318	retro_human_6258	0	-	KEAP1	8304
chr19	10612518	10629381	ENSG00000079999[2,15,1]	0	-	10615766	10626468	255	5	744,177,686,686,250,	0,3114,5496,13311,16613,	chr19	10618014	10626318	retro_human_6258	0	-	KEAP1	8304
chr19	10612518	10626566	ENSG00000079999[11,11,1]	0	-	10613098	10626468	255	5	744,177,206,686,737,	0,3114,3570,5496,13311,	chr19	10618014	10626318	retro_human_6258	0	-	KEAP1	8304
chr19	10612518	10629172	ENSG00000079999[7,13,1]	0	-	10613098	10626468	255	6	744,177,206,686,686,329,	0,3114,3570,5496,13311,16325,	chr19	10618014	10626318	retro_human_6258	0	-	KEAP1	8304
chr19	10612518	10629381	ENSG00000079999[2,2,1]	0	-	10613098	10626468	0	6	744,177,206,686,686,250,	0,3114,3570,5496,13311,16613,	chr19	10618014	10626318	retro_human_6258	0	-	KEAP1	8304
chr19	10612518	10629841	ENSG00000079999[1,1,1]	0	-	10613098	10626468	0	6	744,177,206,686,686,166,	0,3114,3570,5496,13311,17157,	chr19	10618014	10626318	retro_human_6258	0	-	KEAP1	8304
chr19	10612518	10630227	ENSG00000079999[10,1,1]	0	-	10613098	10626468	0	6	744,177,206,686,686,552,	0,3114,3570,5496,13311,17157,	chr19	10618014	10626318	retro_human_6258	0	-	KEAP1	8304
chr19	10618334	10629671	ENSG00000079999[8,9,3]	0	-	10626002	10626209	0	3	366,686,144,	0,7495,11193,	chr19	10618014	10626318	retro_human_6258	0	-	KEAP1	7984
chr19	11649420	11650051	ENSG00000213304[1,1,1]	0	+	11649420	11649420	0	1	631,	0,	chr19	11649470	11650001	retro_human_7448|AC008481.2-201|processed_pseudogene	0	+	RPL18AP13	531
chr19	11650888	11651384	ENSG00000213303[1,1,1]	0	+	11650888	11650888	0	1	496,	0,	chr19	11650938	11651334	retro_human_7447|AC008481.1-201|processed_pseudogene	0	+	RPS12P32	396
chr19	12270007	12271624	ENSG00000242615[2,1,1]	0	-	12270599	12271028	0	1	1617,	0,	chr19	12270057	12271574	retro_human_5347|AC022415.1-201|transcribed_processed_pseudogene	0	-	RPL17P47,ZNF625-ZNF20	1517
chr19	12270007	12271624	ENSG00000242615[2,1,1]	0	-	12270599	12271028	0	1	1617,	0,	chr19	12270622	12271145	AC022415.1-202|transcribed_processed_pseudogene	0	-	RPL17P47,ZNF625-ZNF20	523
chr19	12270572	12271195	ENSG00000242615[1,1,2]	0	-	12270599	12271028	0	1	623,	0,	chr19	12270057	12271574	retro_human_5347|AC022415.1-201|transcribed_processed_pseudogene	0	-	RPL17P47,ZNF625-ZNF20	623
chr19	12270572	12271195	ENSG00000242615[1,1,2]	0	-	12270599	12271028	0	1	623,	0,	chr19	12270622	12271145	AC022415.1-202|transcribed_processed_pseudogene	0	-	RPL17P47,ZNF625-ZNF20	523
chr19	12323205	12338160	ENSG00000234773[1,1,2]	0	+	12323205	12323205	0	3	179,377,1646,	0,12370,13309,	chr19	12335576	12337478	retro_human_7058	0	+	LOC100289333	1902
chr19	12388351	12388863	ENSG00000213293[1,1,1]	0	+	12388351	12388351	0	1	512,	0,	chr19	12388401	12388813	retro_human_7057|AC012618.1-201|processed_pseudogene	0	+	RPL28P5	412
chr19	12412594	12413543	ENSG00000234750[1,1,1]	0	+	12412594	12412594	0	1	949,	0,	chr19	12412644	12413493	retro_human_1598|AC012618.2-201|processed_pseudogene	0	+	RPS2P53,ZNF44	849
chr19	12589537	12613270	ENSG00000242852[1,1,1]	0	-	12592402	12613061	0	4	4600,58,127,212,	0,5328,5590,23521,	chr19	12592367	12595239	retro_human_5362	0	-	ZNF709	2872
chr19	12589912	12613270	ENSG00000242852[1,1,4]	0	-	12592402	12613061	0	4	4225,58,127,212,	0,4953,5215,23146,	chr19	12592367	12595239	retro_human_5362	0	-	ZNF709	2872
chr19	12590916	12613270	ENSG00000242852[1,1,5]	0	-	12592402	12613061	0	4	3221,58,127,212,	0,3949,4211,22142,	chr19	12592367	12595239	retro_human_5362	0	-	ZNF709	2872
chr19	12591217	12613270	ENSG00000242852[1,1,6]	0	-	12592402	12613061	0	4	2920,58,127,212,	0,3648,3910,21841,	chr19	12592367	12595239	retro_human_5362	0	-	ZNF709	2872
chr19	14641426	14645165	ENSG00000132002[1,5,1]	0	-	14643146	14645057	255	2	2328,319,	0,3420,	chr19	14642657	14643692	retro_human_10867	0	-	DNAJB1	1035
chr19	14641426	14645165	ENSG00000132002[1,34,1]	0	-	14642650	14643665	255	3	1452,581,321,	0,1747,3418,	chr19	14642657	14643692	retro_human_10867	0	-	DNAJB1	1035
chr19	14641426	14645165	ENSG00000132002[1,2,1]	0	-	14642650	14643665	255	2	1452,1992,	0,1747,	chr19	14642657	14643692	retro_human_10867	0	-	DNAJB1	1035
chr19	14641426	14645165	ENSG00000132002[1,1,1]	0	-	14642650	14645057	0	3	1452,581,319,	0,1747,3420,	chr19	14642657	14643692	retro_human_10867	0	-	DNAJB1	1035
chr19	14642306	14645165	ENSG00000132002[1,5,2]	0	-	14643146	14645057	255	2	1448,319,	0,2540,	chr19	14642657	14643692	retro_human_10867	0	-	DNAJB1	1035
chr19	14642306	14645165	ENSG00000132002[1,34,2]	0	-	14642650	14643665	255	3	572,581,321,	0,867,2538,	chr19	14642657	14643692	retro_human_10867	0	-	DNAJB1	1035
chr19	14642306	14645165	ENSG00000132002[1,2,2]	0	-	14642650	14643665	255	2	572,1992,	0,867,	chr19	14642657	14643692	retro_human_10867	0	-	DNAJB1	1035
chr19	14642306	14645165	ENSG00000132002[1,1,2]	0	-	14642650	14645057	0	3	572,581,319,	0,867,2540,	chr19	14642657	14643692	retro_human_10867	0	-	DNAJB1	1035
chr19	14642770	14644593	ENSG00000132002[2,4,6]	0	-	14643535	14643709	0	3	108,581,295,	0,403,1528,	chr19	14642657	14643692	retro_human_10867	0	-	DNAJB1	922
chr19	14919822	14920138	ENSG00000256210[1,1,1]	0	+	14919822	14919822	0	1	316,	0,	chr19	14919872	14920088	retro_human_6649|AC005255.1-201|processed_pseudogene	0	+	TMEM167AP2	216
chr19	15074790	15104803	ENSG00000105143[1,1,1]	0	-	15075004	15097736	255	10	407,135,195,234,344,43,205,138,212,606,	0,2955,4162,6503,12035,14352,18334,21768,22741,29407,	chr19	15093100	15096682	retro_human_9116	0	-	SLC1A6	3582
chr19	15074790	15104803	ENSG00000105143[1,14,1]	0	-	15075004	15097736	255	10	407,135,195,234,344,43,205,138,212,402,	0,2955,4162,6503,12035,14352,18334,21768,22741,29611,	chr19	15093100	15096682	retro_human_9116	0	-	SLC1A6	3582
chr19	15074790	15097794	ENSG00000105143[2,2,1]	0	-	15075004	15097736	0	9	407,135,195,234,344,43,205,138,263,	0,2955,4162,6503,12035,14352,18334,21768,22741,	chr19	15093100	15096682	retro_human_9116	0	-	SLC1A6	3582
chr19	15086083	15104803	ENSG00000105143[1,13,2]	0	-	15086824	15097736	255	6	1086,43,205,138,212,606,	0,3059,7041,10475,11448,18114,	chr19	15093100	15096682	retro_human_9116	0	-	SLC1A6	3582
chr19	15086083	15104803	ENSG00000105143[1,4,2]	0	-	15086824	15097736	0	6	1086,43,205,138,212,402,	0,3059,7041,10475,11448,18318,	chr19	15093100	15096682	retro_human_9116	0	-	SLC1A6	3582
chr19	15086083	15105237	ENSG00000105143[4,4,2]	0	-	15086824	15097736	0	6	1086,43,205,138,212,836,	0,3059,7041,10475,11448,18318,	chr19	15093100	15096682	retro_human_9116	0	-	SLC1A6	3582
chr19	15463837	15464227	ENSG00000270802[1,1,1]	0	+	15463837	15463837	0	1	390,	0,	chr19	15463887	15464177	retro_human_6653|AC005776.1-201|processed_pseudogene	0	+	LOC124904643	290
chr19	16460073	16462452	ENSG00000127528[2,3,4]	0	+	16460166	16461904	255	2	835,721,	0,1658,	chr19	16461644	16461901	retro_human_1236	0	+	KLF2	257
chr19	16547448	16548439	ENSG00000240418[1,1,1]	0	+	16547448	16547448	0	1	991,	0,	chr19	16547498	16548389	retro_human_1237|AC020917.1-201|processed_pseudogene	0	+	RPS2P51	891
chr19	17366715	17381440	ENSG00000160113[3,1,1]	0	-	17367237	17380093	0	4	794,567,95,1625,	0,3661,8828,13100,	chr19	17370378	17379922	retro_human_10352	0	-	NR2F6	9544
chr19	17366715	17380842	ENSG00000160113[1,1,1]	0	-	17367237	17380093	0	4	794,567,95,1027,	0,3661,8828,13100,	chr19	17370378	17379922	retro_human_10352	0	-	NR2F6	9544
chr19	17551727	17553085	ENSG00000254503[1,1,1]	0	-	17551727	17551727	0	1	1358,	0,	chr19	17551777	17553035	AC010319.1-201|processed_pseudogene	0	-	HMGB3P29	1258
chr19	18156429	18166227	ENSG00000273654[1,2,1]	0	+	18156429	18156429	0	2	315,1454,	0,8344,	chr19	18156479	18166177	retro_human_9370|AC020904.2-201|transcribed_processed_pseudogene	0	+	CSP3	9698
chr19	18156429	18166227	ENSG00000273654[1,2,1]	0	+	18156429	18156429	0	2	315,1454,	0,8344,	chr19	18164706	18166107	AC020904.2-202|transcribed_processed_pseudogene	0	+	CSP3	1401
chr19	18164656	18166227	ENSG00000273654[2,1,1]	0	+	18164656	18164656	0	1	1571,	0,	chr19	18156479	18166177	retro_human_9370|AC020904.2-201|transcribed_processed_pseudogene	0	+	CSP3	1521
chr19	18164656	18166227	ENSG00000273654[2,1,1]	0	+	18164656	18164656	0	1	1571,	0,	chr19	18164706	18166107	AC020904.2-202|transcribed_processed_pseudogene	0	+	CSP3	1401
chr19	18174384	18175213	ENSG00000268623[1,1,1]	0	+	18174384	18174384	0	1	829,	0,	chr19	18174434	18175163	retro_human_9369|AC020904.1-201|processed_pseudogene	0	+	LOC646666	729
chr19	18330858	18338193	ENSG00000105649[1,6,1]	0	-	18331595	18336841	255	5	925,125,119,228,637,	0,1952,3554,5755,6698,	chr19	18334412	18336793	retro_human_10349	0	-	RAB3A	2381
chr19	18330858	18338193	ENSG00000105649[1,5,1]	0	-	18331595	18336841	255	4	925,125,119,1580,	0,1952,3554,5755,	chr19	18334412	18336793	retro_human_10349	0	-	RAB3A	2381
chr19	18330858	18338193	ENSG00000105649[1,2,1]	0	-	18331595	18334474	0	4	925,125,119,197,	0,1952,3554,7138,	chr19	18334412	18336793	retro_human_10349	0	-	RAB3A	2381
chr19	18330858	18338193	ENSG00000105649[1,1,1]	0	-	18331595	18336841	0	5	925,125,119,228,197,	0,1952,3554,5755,7138,	chr19	18334412	18336793	retro_human_10349	0	-	RAB3A	2381
chr19	20168401	20177278	ENSG00000197124[1,12,6]	0	-	20168589	20168816	0	3	216,121,213,	0,326,8664,	chr19	20171177	20172066	retro_human_3901|AC006539.2-201|processed_pseudogene	0	+	LOC101928960,LOC105372308	889
chr19	20215285	20217711	ENSG00000213988[1,2,2]	0	+	20217297	20217405	0	2	192,583,	0,1843,	chr19	20217159	20217881	retro_human_5056|AC006539.1-201|processed_pseudogene	0	-	LOC100419301	552
chr19	20224308	20224972	ENSG00000274612[1,1,1]	0	-	20224308	20224308	0	1	664,	0,	chr19	20224358	20224922	retro_human_5055|AC011447.5-201|processed_pseudogene	0	-	BNIP3P14	564
chr19	20262343	20262884	ENSG00000224864[1,1,1]	0	+	20262393	20262831	0	1	541,	0,	chr19	20262393	20262834	retro_human_11188|AC011447.1-201|transcribed_processed_pseudogene	0	+	RPS16P10	441
chr19	20359323	20360018	ENSG00000271524[1,1,1]	0	+	20359323	20359323	0	1	695,	0,	chr19	20359373	20359968	retro_human_10446|BNIP3P17-201|processed_pseudogene	0	+	BNIP3P17,LOC105372310	595
chr19	21861335	21906245	ENSG00000197020[1,1,1]	0	-	21865300	21906045	0	5	5269,99,127,93,203,	0,21287,22211,42969,44707,	chr19	21865352	21882719	retro_human_9510	0	-	ZNF100	17367
chr19	21861925	21906245	ENSG00000197020[1,9,7]	0	-	21865300	21906045	255	5	4679,96,127,93,203,	0,20697,21621,42379,44117,	chr19	21865352	21882719	retro_human_9510	0	-	ZNF100	17367
chr19	21862602	21906245	ENSG00000197020[1,8,8]	0	-	21865300	21906045	255	4	4002,127,93,203,	0,20944,41702,43440,	chr19	21865352	21882719	retro_human_9510	0	-	ZNF100	17367
chr19	21862602	21906245	ENSG00000197020[1,7,8]	0	-	21865300	21866281	255	3	4002,93,203,	0,41702,43440,	chr19	21865352	21882719	retro_human_9510	0	-	ZNF100	17367
chr19	21862602	21906245	ENSG00000197020[1,9,8]	0	-	21865300	21906045	255	5	4002,96,127,93,203,	0,20020,20944,41702,43440,	chr19	21865352	21882719	retro_human_9510	0	-	ZNF100	17367
chr19	21862602	21906245	ENSG00000197020[1,1,8]	0	-	21865300	21906045	0	5	4002,99,127,93,203,	0,20020,20944,41702,43440,	chr19	21865352	21882719	retro_human_9510	0	-	ZNF100	17367
chr19	21863037	21906245	ENSG00000197020[1,8,9]	0	-	21865300	21906045	255	4	3567,127,93,203,	0,20509,41267,43005,	chr19	21865352	21882719	retro_human_9510	0	-	ZNF100	17367
chr19	21863037	21906245	ENSG00000197020[1,7,9]	0	-	21865300	21866281	255	3	3567,93,203,	0,41267,43005,	chr19	21865352	21882719	retro_human_9510	0	-	ZNF100	17367
chr19	21863037	21906245	ENSG00000197020[1,9,9]	0	-	21865300	21906045	255	5	3567,96,127,93,203,	0,19585,20509,41267,43005,	chr19	21865352	21882719	retro_human_9510	0	-	ZNF100	17367
chr19	21863037	21906245	ENSG00000197020[1,1,9]	0	-	21865300	21906045	0	5	3567,99,127,93,203,	0,19585,20509,41267,43005,	chr19	21865352	21882719	retro_human_9510	0	-	ZNF100	17367
chr19	21864055	21906245	ENSG00000197020[1,8,10]	0	-	21865300	21906045	255	4	2549,127,93,203,	0,19491,40249,41987,	chr19	21865352	21882719	retro_human_9510	0	-	ZNF100	17367
chr19	21864055	21906245	ENSG00000197020[1,7,10]	0	-	21865300	21866281	255	3	2549,93,203,	0,40249,41987,	chr19	21865352	21882719	retro_human_9510	0	-	ZNF100	17367
chr19	21864055	21906245	ENSG00000197020[1,9,10]	0	-	21865300	21906045	255	5	2549,96,127,93,203,	0,18567,19491,40249,41987,	chr19	21865352	21882719	retro_human_9510	0	-	ZNF100	17367
chr19	21864055	21906245	ENSG00000197020[1,1,10]	0	-	21865300	21906045	0	5	2549,99,127,93,203,	0,18567,19491,40249,41987,	chr19	21865352	21882719	retro_human_9510	0	-	ZNF100	17367
chr19	21864531	21906245	ENSG00000197020[1,8,11]	0	-	21865300	21906045	255	4	2073,127,93,203,	0,19015,39773,41511,	chr19	21865352	21882719	retro_human_9510	0	-	ZNF100	17367
chr19	21864531	21906245	ENSG00000197020[1,7,11]	0	-	21865300	21866281	255	3	2073,93,203,	0,39773,41511,	chr19	21865352	21882719	retro_human_9510	0	-	ZNF100	17367
chr19	21864531	21906245	ENSG00000197020[1,9,11]	0	-	21865300	21906045	255	5	2073,96,127,93,203,	0,18091,19015,39773,41511,	chr19	21865352	21882719	retro_human_9510	0	-	ZNF100	17367
chr19	21864531	21906245	ENSG00000197020[1,1,11]	0	-	21865300	21906045	0	5	2073,99,127,93,203,	0,18091,19015,39773,41511,	chr19	21865352	21882719	retro_human_9510	0	-	ZNF100	17367
chr19	21864757	21906245	ENSG00000197020[1,8,2]	0	-	21865300	21906045	255	4	1847,127,93,203,	0,18789,39547,41285,	chr19	21865352	21882719	retro_human_9510	0	-	ZNF100	17367
chr19	21864757	21906245	ENSG00000197020[1,7,2]	0	-	21865300	21866281	255	3	1847,93,203,	0,39547,41285,	chr19	21865352	21882719	retro_human_9510	0	-	ZNF100	17367
chr19	21864757	21906245	ENSG00000197020[1,9,2]	0	-	21865300	21906045	255	5	1847,96,127,93,203,	0,17865,18789,39547,41285,	chr19	21865352	21882719	retro_human_9510	0	-	ZNF100	17367
chr19	21864757	21906245	ENSG00000197020[1,1,2]	0	-	21865300	21906045	0	5	1847,99,127,93,203,	0,17865,18789,39547,41285,	chr19	21865352	21882719	retro_human_9510	0	-	ZNF100	17367
chr19	21865093	21906245	ENSG00000197020[1,8,6]	0	-	21865300	21906045	255	4	1511,127,93,203,	0,18453,39211,40949,	chr19	21865352	21882719	retro_human_9510	0	-	ZNF100	17367
chr19	21865093	21906245	ENSG00000197020[1,7,6]	0	-	21865300	21866281	255	3	1511,93,203,	0,39211,40949,	chr19	21865352	21882719	retro_human_9510	0	-	ZNF100	17367
chr19	21865093	21906245	ENSG00000197020[1,9,6]	0	-	21865300	21906045	255	5	1511,96,127,93,203,	0,17529,18453,39211,40949,	chr19	21865352	21882719	retro_human_9510	0	-	ZNF100	17367
chr19	21865093	21906245	ENSG00000197020[1,1,6]	0	-	21865300	21906045	0	5	1511,99,127,93,203,	0,17529,18453,39211,40949,	chr19	21865352	21882719	retro_human_9510	0	-	ZNF100	17367
chr19	21943365	21990643	ENSG00000198521[3,13,1]	0	-	21946077	21957672	255	6	4910,99,127,182,115,271,	0,12988,14195,38247,40493,47007,	chr19	21947365	21957687	retro_human_7585	0	-	ZNF43	10322
chr19	21943365	21974704	ENSG00000198521[1,8,1]	0	-	21946077	21956387	0	3	4910,99,202,	0,12988,31137,	chr19	21947365	21957687	retro_human_7585	0	-	ZNF43	10322
chr19	21943365	21990643	ENSG00000198521[3,6,1]	0	-	21946077	21957672	0	7	4910,99,127,182,115,225,271,	0,12988,14195,38247,40493,46040,47007,	chr19	21947365	21957687	retro_human_7585	0	-	ZNF43	10322
chr19	21943365	21990643	ENSG00000198521[3,5,1]	0	-	21946077	21957672	0	7	4910,99,127,182,115,90,271,	0,12988,14195,38247,40493,46040,47007,	chr19	21947365	21957687	retro_human_7585	0	-	ZNF43	10322
chr19	21943365	21990643	ENSG00000198521[3,3,1]	0	-	21946077	21990402	0	4	4910,99,127,271,	0,12988,14195,47007,	chr19	21947365	21957687	retro_human_7585	0	-	ZNF43	10322
chr19	21943365	21974704	ENSG00000198521[1,1,1]	0	-	21946077	21974505	0	4	4910,99,127,202,	0,12988,14195,31137,	chr19	21947365	21957687	retro_human_7585	0	-	ZNF43	10322
chr19	21944613	21990643	ENSG00000198521[3,13,9]	0	-	21946077	21957672	255	6	3662,99,127,182,115,271,	0,11740,12947,36999,39245,45759,	chr19	21947365	21957687	retro_human_7585	0	-	ZNF43	10322
chr19	21944613	21974704	ENSG00000198521[1,8,9]	0	-	21946077	21956387	0	3	3662,99,202,	0,11740,29889,	chr19	21947365	21957687	retro_human_7585	0	-	ZNF43	10322
chr19	21944613	21990643	ENSG00000198521[3,5,9]	0	-	21946077	21957672	0	7	3662,99,127,182,115,90,271,	0,11740,12947,36999,39245,44792,45759,	chr19	21947365	21957687	retro_human_7585	0	-	ZNF43	10322
chr19	21944613	21990643	ENSG00000198521[3,3,9]	0	-	21946077	21990402	0	4	3662,99,127,271,	0,11740,12947,45759,	chr19	21947365	21957687	retro_human_7585	0	-	ZNF43	10322
chr19	21944613	21974704	ENSG00000198521[1,1,9]	0	-	21946077	21974505	0	4	3662,99,127,202,	0,11740,12947,29889,	chr19	21947365	21957687	retro_human_7585	0	-	ZNF43	10322
chr19	21945030	21990643	ENSG00000198521[3,13,10]	0	-	21946077	21957672	255	6	3245,99,127,182,115,271,	0,11323,12530,36582,38828,45342,	chr19	21947365	21957687	retro_human_7585	0	-	ZNF43	10322
chr19	21945030	21974704	ENSG00000198521[1,8,10]	0	-	21946077	21956387	0	3	3245,99,202,	0,11323,29472,	chr19	21947365	21957687	retro_human_7585	0	-	ZNF43	10322
chr19	21945030	21990643	ENSG00000198521[3,10,10]	0	-	21946077	21956387	0	3	3245,99,271,	0,11323,45342,	chr19	21947365	21957687	retro_human_7585	0	-	ZNF43	10322
chr19	21945030	21990643	ENSG00000198521[3,5,10]	0	-	21946077	21957672	0	7	3245,99,127,182,115,90,271,	0,11323,12530,36582,38828,44375,45342,	chr19	21947365	21957687	retro_human_7585	0	-	ZNF43	10322
chr19	21945030	21990643	ENSG00000198521[3,3,10]	0	-	21946077	21990402	0	4	3245,99,127,271,	0,11323,12530,45342,	chr19	21947365	21957687	retro_human_7585	0	-	ZNF43	10322
chr19	21945030	21974704	ENSG00000198521[1,1,10]	0	-	21946077	21974505	0	4	3245,99,127,202,	0,11323,12530,29472,	chr19	21947365	21957687	retro_human_7585	0	-	ZNF43	10322
chr19	21945514	21990643	ENSG00000198521[3,13,11]	0	-	21946077	21957672	255	6	2761,99,127,182,115,271,	0,10839,12046,36098,38344,44858,	chr19	21947365	21957687	retro_human_7585	0	-	ZNF43	10322
chr19	21945514	21974704	ENSG00000198521[1,8,11]	0	-	21946077	21956387	0	3	2761,99,202,	0,10839,28988,	chr19	21947365	21957687	retro_human_7585	0	-	ZNF43	10322
chr19	21945514	21990643	ENSG00000198521[3,6,11]	0	-	21946077	21957672	0	7	2761,99,127,182,115,225,271,	0,10839,12046,36098,38344,43891,44858,	chr19	21947365	21957687	retro_human_7585	0	-	ZNF43	10322
chr19	21945514	21990643	ENSG00000198521[3,5,11]	0	-	21946077	21957672	0	7	2761,99,127,182,115,90,271,	0,10839,12046,36098,38344,43891,44858,	chr19	21947365	21957687	retro_human_7585	0	-	ZNF43	10322
chr19	21945514	21990643	ENSG00000198521[3,3,11]	0	-	21946077	21990402	0	4	2761,99,127,271,	0,10839,12046,44858,	chr19	21947365	21957687	retro_human_7585	0	-	ZNF43	10322
chr19	21945514	21974704	ENSG00000198521[1,1,11]	0	-	21946077	21974505	0	4	2761,99,127,202,	0,10839,12046,28988,	chr19	21947365	21957687	retro_human_7585	0	-	ZNF43	10322
chr19	21945698	21990643	ENSG00000198521[3,13,2]	0	-	21946077	21957672	255	6	2577,99,127,182,115,271,	0,10655,11862,35914,38160,44674,	chr19	21947365	21957687	retro_human_7585	0	-	ZNF43	10322
chr19	21945698	21974704	ENSG00000198521[1,8,2]	0	-	21946077	21956387	0	3	2577,99,202,	0,10655,28804,	chr19	21947365	21957687	retro_human_7585	0	-	ZNF43	10322
chr19	21945698	21990643	ENSG00000198521[3,4,2]	0	-	21946077	21957672	0	6	2577,99,127,182,77,271,	0,10655,11862,35914,38198,44674,	chr19	21947365	21957687	retro_human_7585	0	-	ZNF43	10322
chr19	21945698	21990643	ENSG00000198521[3,10,2]	0	-	21946077	21956387	0	3	2577,99,271,	0,10655,44674,	chr19	21947365	21957687	retro_human_7585	0	-	ZNF43	10322
chr19	21945698	21990643	ENSG00000198521[3,6,2]	0	-	21946077	21957672	0	7	2577,99,127,182,115,225,271,	0,10655,11862,35914,38160,43707,44674,	chr19	21947365	21957687	retro_human_7585	0	-	ZNF43	10322
chr19	21945698	21990643	ENSG00000198521[3,5,2]	0	-	21946077	21957672	0	7	2577,99,127,182,115,90,271,	0,10655,11862,35914,38160,43707,44674,	chr19	21947365	21957687	retro_human_7585	0	-	ZNF43	10322
chr19	21945698	21990643	ENSG00000198521[3,3,2]	0	-	21946077	21990402	0	4	2577,99,127,271,	0,10655,11862,44674,	chr19	21947365	21957687	retro_human_7585	0	-	ZNF43	10322
chr19	21945698	21974704	ENSG00000198521[1,1,2]	0	-	21946077	21974505	0	4	2577,99,127,202,	0,10655,11862,28804,	chr19	21947365	21957687	retro_human_7585	0	-	ZNF43	10322
chr19	21946037	21990643	ENSG00000198521[3,3,12]	0	-	21946077	21990402	0	4	2238,99,127,271,	0,10316,11523,44335,	chr19	21947365	21957687	retro_human_7585	0	-	ZNF43	10322
chr19	21946037	21974704	ENSG00000198521[1,1,12]	0	-	21946077	21974505	0	4	2238,99,127,202,	0,10316,11523,28465,	chr19	21947365	21957687	retro_human_7585	0	-	ZNF43	10322
chr19	21946620	21990643	ENSG00000198521[3,13,13]	0	-	21957604	21983926	255	6	1655,99,127,182,115,271,	0,9733,10940,34992,37238,43752,	chr19	21947365	21957687	retro_human_7585	0	-	ZNF43	10322
chr19	21946620	21974704	ENSG00000198521[1,8,13]	0	-	21946620	21946620	0	3	1655,99,202,	0,9733,27882,	chr19	21947365	21957687	retro_human_7585	0	-	ZNF43	10322
chr19	21946620	21990643	ENSG00000198521[3,5,13]	0	-	21957604	21983926	0	7	1655,99,127,182,115,90,271,	0,9733,10940,34992,37238,42785,43752,	chr19	21947365	21957687	retro_human_7585	0	-	ZNF43	10322
chr19	21946620	21990643	ENSG00000198521[3,3,13]	0	-	21946620	21946620	0	4	1655,99,127,271,	0,9733,10940,43752,	chr19	21947365	21957687	retro_human_7585	0	-	ZNF43	10322
chr19	21946620	21974704	ENSG00000198521[1,1,13]	0	-	21946620	21946620	0	4	1655,99,127,202,	0,9733,10940,27882,	chr19	21947365	21957687	retro_human_7585	0	-	ZNF43	10322
chr19	21947296	21990643	ENSG00000198521[3,13,14]	0	-	21957604	21983926	255	6	979,99,127,182,115,271,	0,9057,10264,34316,36562,43076,	chr19	21947365	21957687	retro_human_7585	0	-	ZNF43	10322
chr19	21947296	21974704	ENSG00000198521[1,8,14]	0	-	21947296	21947296	0	3	979,99,202,	0,9057,27206,	chr19	21947365	21957687	retro_human_7585	0	-	ZNF43	10322
chr19	21947296	21990643	ENSG00000198521[3,5,14]	0	-	21957604	21983926	0	7	979,99,127,182,115,90,271,	0,9057,10264,34316,36562,42109,43076,	chr19	21947365	21957687	retro_human_7585	0	-	ZNF43	10322
chr19	21947296	21990643	ENSG00000198521[3,3,14]	0	-	21947296	21947296	0	4	979,99,127,271,	0,9057,10264,43076,	chr19	21947365	21957687	retro_human_7585	0	-	ZNF43	10322
chr19	21947296	21974704	ENSG00000198521[1,1,14]	0	-	21947296	21947296	0	4	979,99,127,202,	0,9057,10264,27206,	chr19	21947365	21957687	retro_human_7585	0	-	ZNF43	10322
chr19	21947896	21974704	ENSG00000198521[1,8,4]	0	-	21947896	21947896	0	3	379,99,202,	0,8457,26606,	chr19	21947365	21957687	retro_human_7585	0	-	ZNF43	9791
chr19	21948098	21990643	ENSG00000198521[3,10,5]	0	-	21948098	21948098	0	3	177,99,271,	0,8255,42274,	chr19	21947365	21957687	retro_human_7585	0	-	ZNF43	9589
chr19	23115870	23143679	ENSG00000269067[1,1,3]	0	-	23115923	23143483	0	4	1693,96,127,199,	0,11890,12907,27610,	chr19	23116614	23128901	retro_human_9260	0	-	ZNF728	12287
chr19	23258253	23259262	ENSG00000270479[1,1,1]	0	-	23258253	23258253	0	1	1009,	0,	chr19	23258303	23259212	retro_human_9261|BNIP3P37-201|processed_pseudogene	0	-	BNIP3P37,ZNF730	909
chr19	23261642	23262967	ENSG00000267920[1,1,1]	0	-	23261642	23261642	0	1	1325,	0,	chr19	23260788	23263668	retro_human_7721|AC124856.1-201|processed_pseudogene	0	+	SNX6P1,LOC100419307	1325
chr19	23356383	23385270	ENSG00000196081[1,3,1]	0	-	23357222	23367105	0	5	2470,96,127,122,205,	0,9709,10610,21042,28682,	chr19	23357832	23366186	retro_human_9258	0	-	ZNF724	8354
chr19	23356383	23385270	ENSG00000196081[1,1,1]	0	-	23357222	23385068	0	4	2470,96,127,205,	0,9709,10610,28682,	chr19	23357832	23366186	retro_human_9258	0	-	ZNF724	8354
chr19	23357175	23385270	ENSG00000196081[1,3,4]	0	-	23357222	23367105	0	5	1678,96,127,122,205,	0,8917,9818,20250,27890,	chr19	23357832	23366186	retro_human_9258	0	-	ZNF724	8354
chr19	23357175	23385270	ENSG00000196081[1,1,4]	0	-	23357222	23385068	0	4	1678,96,127,205,	0,8917,9818,27890,	chr19	23357832	23366186	retro_human_9258	0	-	ZNF724	8354
chr19	23358714	23385270	ENSG00000196081[1,3,3]	0	-	23358714	23358714	0	5	139,96,127,122,205,	0,7378,8279,18711,26351,	chr19	23357832	23366186	retro_human_9258	0	-	ZNF724	7472
chr19	23439742	23533357	ENSG00000167232[1,12,4]	0	-	23443865	23533190	0	4	4158,96,127,197,	0,71835,72731,93418,	chr19	23496399	23512597	retro_human_9259	0	-	ZNF91	16198
chr19	23441561	23533357	ENSG00000167232[1,12,5]	0	-	23443865	23533190	0	4	2339,96,127,197,	0,70016,70912,91599,	chr19	23496399	23512597	retro_human_9259	0	-	ZNF91	16198
chr19	23443655	23533357	ENSG00000167232[1,12,7]	0	-	23443865	23533190	0	4	245,96,127,197,	0,67922,68818,89505,	chr19	23496399	23512597	retro_human_9259	0	-	ZNF91	16198
chr19	23474764	23533357	ENSG00000167232[1,3,10]	0	-	23476785	23533190	0	4	2134,96,127,197,	0,36813,37709,58396,	chr19	23496399	23512597	retro_human_9259	0	-	ZNF91	16198
chr19	23475624	23533357	ENSG00000167232[1,3,8]	0	-	23476785	23533190	0	4	1274,96,127,197,	0,35953,36849,57536,	chr19	23496399	23512597	retro_human_9259	0	-	ZNF91	16198
chr19	23495490	23533357	ENSG00000167232[1,11,1]	0	-	23497250	23500526	0	2	5080,197,	0,37670,	chr19	23496399	23512597	retro_human_9259	0	-	ZNF91	16198
chr19	23495490	23533357	ENSG00000167232[1,2,1]	0	-	23497250	23533190	0	3	5080,127,197,	0,16983,37670,	chr19	23496399	23512597	retro_human_9259	0	-	ZNF91	16198
chr19	23495490	23533357	ENSG00000167232[1,1,1]	0	-	23497250	23533190	0	4	5080,96,127,197,	0,16087,16983,37670,	chr19	23496399	23512597	retro_human_9259	0	-	ZNF91	16198
chr19	23497197	23632000	ENSG00000167232[5,13,3]	0	-	23497250	23500526	255	2	3387,1164,	0,133639,	chr19	23496399	23512597	retro_human_9259	0	-	ZNF91	15400
chr19	23497197	23533357	ENSG00000167232[1,11,3]	0	-	23497250	23500526	0	2	3373,197,	0,35963,	chr19	23496399	23512597	retro_human_9259	0	-	ZNF91	15400
chr19	23497197	23533357	ENSG00000167232[1,2,3]	0	-	23497250	23533190	0	3	3373,127,197,	0,15276,35963,	chr19	23496399	23512597	retro_human_9259	0	-	ZNF91	15400
chr19	23497197	23533357	ENSG00000167232[1,1,3]	0	-	23497250	23533190	0	4	3373,96,127,197,	0,14380,15276,35963,	chr19	23496399	23512597	retro_human_9259	0	-	ZNF91	15400
chr19	23498667	23533357	ENSG00000167232[1,11,12]	0	-	23500498	23533190	0	2	1903,197,	0,34493,	chr19	23496399	23512597	retro_human_9259	0	-	ZNF91	13930
chr19	23498667	23533357	ENSG00000167232[1,2,12]	0	-	23499394	23499625	0	3	1903,127,197,	0,13806,34493,	chr19	23496399	23512597	retro_human_9259	0	-	ZNF91	13930
chr19	23498667	23533357	ENSG00000167232[1,1,12]	0	-	23499394	23499625	0	4	1903,96,127,197,	0,12910,13806,34493,	chr19	23496399	23512597	retro_human_9259	0	-	ZNF91	13930
chr19	23498835	23533357	ENSG00000167232[1,11,13]	0	-	23500498	23533190	0	2	1735,197,	0,34325,	chr19	23496399	23512597	retro_human_9259	0	-	ZNF91	13762
chr19	23498835	23533357	ENSG00000167232[1,2,13]	0	-	23499394	23499625	0	3	1735,127,197,	0,13638,34325,	chr19	23496399	23512597	retro_human_9259	0	-	ZNF91	13762
chr19	23498835	23533357	ENSG00000167232[1,1,13]	0	-	23499394	23499625	0	4	1735,96,127,197,	0,12742,13638,34325,	chr19	23496399	23512597	retro_human_9259	0	-	ZNF91	13762
chr19	23499919	23533357	ENSG00000167232[1,11,9]	0	-	23500498	23533190	0	2	651,197,	0,33241,	chr19	23496399	23512597	retro_human_9259	0	-	ZNF91	12678
chr19	23500334	23533357	ENSG00000167232[1,11,14]	0	-	23500498	23533190	0	2	236,197,	0,32826,	chr19	23496399	23512597	retro_human_9259	0	-	ZNF91	12263
chr19	23500334	23533357	ENSG00000167232[1,2,14]	0	-	23533194	23533323	0	3	236,127,197,	0,12139,32826,	chr19	23496399	23512597	retro_human_9259	0	-	ZNF91	12263
chr19	23500334	23533357	ENSG00000167232[1,1,14]	0	-	23533194	23533323	0	4	236,96,127,197,	0,11243,12139,32826,	chr19	23496399	23512597	retro_human_9259	0	-	ZNF91	12263
chr19	23879104	23899356	ENSG00000196172[1,4,1]	0	-	23883575	23885067	255	2	6178,195,	0,20057,	chr19	23884188	23895337	retro_human_9264	0	-	ZNF681	11149
chr19	23879104	23899356	ENSG00000196172[1,3,1]	0	-	23883575	23895259	0	3	6178,96,195,	0,16136,20057,	chr19	23884188	23895337	retro_human_9264	0	-	ZNF681	11149
chr19	23879104	23899356	ENSG00000196172[1,1,1]	0	-	23883575	23899164	0	4	6178,96,127,195,	0,16136,16738,20057,	chr19	23884188	23895337	retro_human_9264	0	-	ZNF681	11149
chr19	23879828	23899356	ENSG00000196172[1,4,3]	0	-	23883575	23885067	255	2	5454,195,	0,19333,	chr19	23884188	23895337	retro_human_9264	0	-	ZNF681	11149
chr19	23879828	23899356	ENSG00000196172[1,3,3]	0	-	23883575	23895259	0	3	5454,96,195,	0,15412,19333,	chr19	23884188	23895337	retro_human_9264	0	-	ZNF681	11149
chr19	23879828	23899356	ENSG00000196172[1,1,3]	0	-	23883575	23899164	0	4	5454,96,127,195,	0,15412,16014,19333,	chr19	23884188	23895337	retro_human_9264	0	-	ZNF681	11149
chr19	23880311	23899356	ENSG00000196172[1,1,4]	0	-	23883575	23899164	0	4	4971,96,127,195,	0,14929,15531,18850,	chr19	23884188	23895337	retro_human_9264	0	-	ZNF681	11149
chr19	23883268	23899356	ENSG00000196172[1,4,5]	0	-	23883575	23885067	255	2	2014,195,	0,15893,	chr19	23884188	23895337	retro_human_9264	0	-	ZNF681	11149
chr19	23883268	23899356	ENSG00000196172[1,2,5]	0	-	23883575	23895259	0	3	2014,75,195,	0,11972,15893,	chr19	23884188	23895337	retro_human_9264	0	-	ZNF681	11149
chr19	23883268	23899356	ENSG00000196172[1,3,5]	0	-	23883575	23895259	0	3	2014,96,195,	0,11972,15893,	chr19	23884188	23895337	retro_human_9264	0	-	ZNF681	11149
chr19	23883268	23899356	ENSG00000196172[1,1,5]	0	-	23883575	23899164	0	4	2014,96,127,195,	0,11972,12574,15893,	chr19	23884188	23895337	retro_human_9264	0	-	ZNF681	11149
chr19	23884796	23899356	ENSG00000196172[1,2,2]	0	-	23899194	23899353	0	3	486,75,195,	0,10444,14365,	chr19	23884188	23895337	retro_human_9264	0	-	ZNF681	10541
chr19	23884796	23899356	ENSG00000196172[1,3,2]	0	-	23899194	23899353	0	3	486,96,195,	0,10444,14365,	chr19	23884188	23895337	retro_human_9264	0	-	ZNF681	10541
chr19	24312511	24313667	ENSG00000268442[1,1,1]	0	-	24312511	24312511	0	1	1156,	0,	chr19	24312561	24313617	retro_human_9266|AC073534.1-201|processed_pseudogene	0	-	HAVCR1P1	1056
chr19	30331282	30331905	ENSG00000267264[1,1,1]	0	+	30331282	30331282	0	1	623,	0,	chr19	30331332	30331855	AC006504.3-201|processed_pseudogene	0	+	VN1R95P	523
chr19	30333167	30334050	ENSG00000267323[1,1,1]	0	-	30333167	30333167	0	1	883,	0,	chr19	30333217	30334000	retro_human_3378|SLC25A1P5-201|processed_pseudogene	0	-	LINC02987,SLC25A1P5	783
chr19	30512657	30513058	ENSG00000266906[1,1,1]	0	-	30512657	30512657	0	1	401,	0,	chr19	30512707	30513008	AC005357.1-201|processed_pseudogene	0	-	LOC100419833	301
chr19	37222175	37231018	ENSG00000089335[1,17,1]	0	+	37228902	37229805	255	6	245,77,132,121,84,2440,	0,1148,2239,5188,5566,6403,	chr19	37229101	37230132	retro_human_5352	0	+	ZNF302	1031
chr19	37222175	37231018	ENSG00000089335[1,18,1]	0	+	37223391	37229805	255	6	245,77,132,121,84,2196,	0,1148,2239,5188,5566,6647,	chr19	37229101	37230132	retro_human_5352	0	+	ZNF302	1031
chr19	37222175	37231018	ENSG00000089335[1,24,1]	0	+	37223391	37229805	255	6	514,77,132,121,84,2196,	0,1148,2239,5188,5566,6647,	chr19	37229101	37230132	retro_human_5352	0	+	ZNF302	1031
chr19	37222175	37231018	ENSG00000089335[1,21,1]	0	+	37223391	37229805	255	5	268,77,121,87,2196,	0,1148,5188,5563,6647,	chr19	37229101	37230132	retro_human_5352	0	+	ZNF302	1031
chr19	37222175	37231018	ENSG00000089335[1,16,1]	0	+	37223391	37229805	255	5	208,77,121,84,2196,	0,1148,5188,5566,6647,	chr19	37229101	37230132	retro_human_5352	0	+	ZNF302	1031
chr19	37222175	37231018	ENSG00000089335[1,23,1]	0	+	37227770	37229805	255	4	268,77,84,2196,	0,1148,5566,6647,	chr19	37229101	37230132	retro_human_5352	0	+	ZNF302	1031
chr19	37222175	37231018	ENSG00000089335[1,22,1]	0	+	37228902	37229805	255	5	268,77,121,84,2440,	0,1148,5188,5566,6403,	chr19	37229101	37230132	retro_human_5352	0	+	ZNF302	1031
chr19	37222175	37231018	ENSG00000089335[1,25,1]	0	+	37223391	37229805	255	4	1225,121,84,2196,	0,5188,5566,6647,	chr19	37229101	37230132	retro_human_5352	0	+	ZNF302	1031
chr19	37222175	37231018	ENSG00000089335[1,19,1]	0	+	37223391	37229805	255	5	245,77,121,87,2196,	0,1148,5188,5563,6647,	chr19	37229101	37230132	retro_human_5352	0	+	ZNF302	1031
chr19	37222175	37231018	ENSG00000089335[1,20,1]	0	+	37228902	37229805	255	5	245,77,121,84,2440,	0,1148,5188,5566,6403,	chr19	37229101	37230132	retro_human_5352	0	+	ZNF302	1031
chr19	37222175	37231018	ENSG00000089335[1,7,1]	0	+	37223391	37229805	0	5	514,77,121,87,2196,	0,1148,5188,5563,6647,	chr19	37229101	37230132	retro_human_5352	0	+	ZNF302	1031
chr19	37222175	37231018	ENSG00000089335[1,12,1]	0	+	37228902	37229805	0	3	268,77,3655,	0,1148,5188,	chr19	37229101	37230132	retro_human_5352	0	+	ZNF302	1031
chr19	37222175	37231018	ENSG00000089335[1,14,1]	0	+	37227450	37229805	0	3	5309,84,2196,	0,5566,6647,	chr19	37229101	37230132	retro_human_5352	0	+	ZNF302	1031
chr19	37222175	37231018	ENSG00000089335[1,4,1]	0	+	37228902	37229805	0	5	268,77,121,87,2440,	0,1148,5188,5563,6403,	chr19	37229101	37230132	retro_human_5352	0	+	ZNF302	1031
chr19	37222175	37231018	ENSG00000089335[1,8,1]	0	+	37228902	37229805	0	5	514,77,121,84,2440,	0,1148,5188,5566,6403,	chr19	37229101	37230132	retro_human_5352	0	+	ZNF302	1031
chr19	37222175	37231018	ENSG00000089335[1,1,1]	0	+	37223391	37229805	0	5	514,77,121,84,2196,	0,1148,5188,5566,6647,	chr19	37229101	37230132	retro_human_5352	0	+	ZNF302	1031
chr19	37222175	37231018	ENSG00000089335[1,11,1]	0	+	37228902	37229805	0	5	208,77,121,84,2440,	0,1148,5188,5566,6403,	chr19	37229101	37230132	retro_human_5352	0	+	ZNF302	1031
chr19	37222175	37231018	ENSG00000089335[1,3,1]	0	+	37223391	37229805	0	5	245,77,121,84,2196,	0,1148,5188,5566,6647,	chr19	37229101	37230132	retro_human_5352	0	+	ZNF302	1031
chr19	37222175	37231018	ENSG00000089335[1,2,1]	0	+	37223391	37229805	0	6	268,77,132,121,84,2196,	0,1148,2239,5188,5566,6647,	chr19	37229101	37230132	retro_human_5352	0	+	ZNF302	1031
chr19	37222175	37231018	ENSG00000089335[1,5,1]	0	+	37223391	37229805	0	5	268,77,121,84,2196,	0,1148,5188,5566,6647,	chr19	37229101	37230132	retro_human_5352	0	+	ZNF302	1031
chr19	37225819	37231018	ENSG00000089335[2,14,1]	0	+	37227450	37229805	0	3	1665,84,2196,	0,1922,3003,	chr19	37229101	37230132	retro_human_5352	0	+	ZNF302	1031
chr19	37500916	37508712	ENSG00000180884[3,1,1]	0	-	37502571	37508275	0	4	3268,123,127,470,	0,3931,4564,7326,	chr19	37502689	37504527	retro_human_9706	0	-	ZNF792	1838
chr19	37502036	37505366	ENSG00000180884[2,2,2]	0	-	37502571	37504929	0	2	2148,519,	0,2811,	chr19	37502689	37504527	retro_human_9706	0	-	ZNF792	1838
chr19	37502036	37508712	ENSG00000180884[3,1,2]	0	-	37502571	37508275	0	4	2148,123,127,470,	0,2811,3444,6206,	chr19	37502689	37504527	retro_human_9706	0	-	ZNF792	1838
chr19	38696689	38698318	ENSG00000161281[1,6,1]	0	-	38697356	38697671	255	3	163,85,831,	0,590,798,	chr19	38697278	38697556	retro_human_9696	0	-	COX7A1	278
chr19	38696689	38698318	ENSG00000161281[1,7,1]	0	-	38696802	38698226	255	4	163,82,87,107,	0,590,798,1522,	chr19	38697278	38697556	retro_human_9696	0	-	COX7A1	278
chr19	38696689	38698318	ENSG00000161281[1,8,1]	0	-	38697356	38698226	255	4	163,101,87,107,	0,590,798,1522,	chr19	38697278	38697556	retro_human_9696	0	-	COX7A1	278
chr19	38696689	38698318	ENSG00000161281[1,5,1]	0	-	38696802	38697671	255	2	163,1039,	0,590,	chr19	38697278	38697556	retro_human_9696	0	-	COX7A1	278
chr19	38696689	38698318	ENSG00000161281[1,4,1]	0	-	38696802	38698226	0	4	163,85,60,107,	0,590,825,1522,	chr19	38697278	38697556	retro_human_9696	0	-	COX7A1	278
chr19	38696689	38698318	ENSG00000161281[1,3,1]	0	-	38697411	38698226	0	3	163,295,107,	0,590,1522,	chr19	38697278	38697556	retro_human_9696	0	-	COX7A1	278
chr19	38696689	38698318	ENSG00000161281[1,2,1]	0	-	38698083	38698200	0	4	163,85,87,596,	0,590,798,1033,	chr19	38697278	38697556	retro_human_9696	0	-	COX7A1	278
chr19	38696689	38697894	ENSG00000161281[2,2,1]	0	-	38696689	38696689	0	4	163,85,87,172,	0,590,798,1033,	chr19	38697278	38697556	retro_human_9696	0	-	COX7A1	278
chr19	38696689	38698535	ENSG00000161281[4,1,1]	0	-	38696802	38698226	0	4	163,85,87,324,	0,590,798,1522,	chr19	38697278	38697556	retro_human_9696	0	-	COX7A1	278
chr19	38696689	38698318	ENSG00000161281[1,1,1]	0	-	38696802	38698226	0	4	163,85,87,107,	0,590,798,1522,	chr19	38697278	38697556	retro_human_9696	0	-	COX7A1	278
chr19	38696689	38698738	ENSG00000161281[3,1,1]	0	-	38696802	38698226	0	4	163,85,87,527,	0,590,798,1522,	chr19	38697278	38697556	retro_human_9696	0	-	COX7A1	278
chr19	39096419	39097518	ENSG00000267142[1,1,1]	0	+	39096419	39096419	0	1	1099,	0,	chr19	39096469	39097468	retro_human_5356|AC092296.3-201|processed_pseudogene	0	+	LOC644189	999
chr19	40469442	40494118	ENSG00000196381[1,3,1]	0	-	40470909	40471890	0	4	3146,72,98,214,	0,18753,23831,24462,	chr19	40471492	40478137	retro_human_6115	0	-	ZNF781	6645
chr19	40469442	40494118	ENSG00000196381[1,1,1]	0	-	40470909	40471890	0	4	2856,72,98,214,	0,18753,23831,24462,	chr19	40471492	40478137	retro_human_6115	0	-	ZNF781	6645
chr19	40469667	40494118	ENSG00000196381[1,3,5]	0	-	40470909	40471890	0	4	2921,72,98,214,	0,18528,23606,24237,	chr19	40471492	40478137	retro_human_6115	0	-	ZNF781	6645
chr19	40469667	40494118	ENSG00000196381[1,2,5]	0	-	40470909	40471890	0	5	2631,126,72,98,214,	0,8346,18528,23606,24237,	chr19	40471492	40478137	retro_human_6115	0	-	ZNF781	6645
chr19	40469667	40494118	ENSG00000196381[1,1,5]	0	-	40470909	40471890	0	4	2631,72,98,214,	0,18528,23606,24237,	chr19	40471492	40478137	retro_human_6115	0	-	ZNF781	6645
chr19	40470545	40494118	ENSG00000196381[1,3,2]	0	-	40470909	40471890	0	4	2043,72,98,214,	0,17650,22728,23359,	chr19	40471492	40478137	retro_human_6115	0	-	ZNF781	6645
chr19	40470545	40494118	ENSG00000196381[1,2,2]	0	-	40470909	40471890	0	5	1753,126,72,98,214,	0,7468,17650,22728,23359,	chr19	40471492	40478137	retro_human_6115	0	-	ZNF781	6645
chr19	40470545	40494118	ENSG00000196381[1,1,2]	0	-	40470909	40471890	0	4	1753,72,98,214,	0,17650,22728,23359,	chr19	40471492	40478137	retro_human_6115	0	-	ZNF781	6645
chr19	40581156	40594449	ENSG00000267422[1,2,1]	0	+	40581156	40581156	0	2	388,251,	0,13042,	chr19	40581206	40594306	AC016582.2-201|transcribed_processed_pseudogene	0	+	LOC728533	13100
chr19	40593256	40594449	ENSG00000267422[2,1,1]	0	+	40593256	40593256	0	1	1193,	0,	chr19	40593306	40594399	retro_human_5761|AC016582.2-202|transcribed_processed_pseudogene	0	+	LOC728533	1093
chr19	41605666	41607747	ENSG00000171747[2,2,1]	0	-	41605812	41607594	0	4	290,166,89,180,	0,371,695,1901,	chr19	41605816	41606274	retro_human_8449	0	-	LGALS4	458
chr19	43629102	43631826	ENSG00000233622[1,1,1]	0	-	43629102	43629102	0	2	2072,563,	0,2161,	chr19	43629298	43630780	retro_human_8868	0	-	CYP2T1P	1482
chr19	44327389	44328236	ENSG00000268034[1,1,1]	0	+	44327389	44327389	0	1	847,	0,	chr19	44327439	44328186	retro_human_8788|AC243960.2-201|processed_pseudogene	0	+	TPM3P5	747
chr19	44615758	44631082	ENSG00000170956[4,1,1]	0	+	44616049	44630712	0	7	355,360,118,53,32,66,433,	0,1202,12532,13684,14042,14551,14891,	chr19	44616897	44623240	retro_human_7158	0	+	CEACAM3	6343
chr19	45304428	45305167	ENSG00000269374[1,1,1]	0	-	45304428	45304428	0	1	739,	0,	chr19	45304478	45305117	retro_human_2994|AC011497.2-201|processed_pseudogene	0	-	LOC732229,LIPE-AS1	639
chr19	45339896	45347934	ENSG00000079385[1,12,6]	0	-	45340666	45347777	0	4	1030,279,360,221,	0,1432,6549,7817,	chr19	45340667	45341563	retro_human_2993	0	-	CEACAM1	896
chr19	46354672	46357715	ENSG00000176472[1,2,1]	0	+	46355957	46357219	0	4	384,108,96,1152,	0,657,1268,1891,	chr19	46356437	46357189	retro_human_2960	0	+	ZNF575	752
chr19	46354672	46357715	ENSG00000176472[1,1,1]	0	+	46355957	46357219	0	4	384,108,165,1152,	0,657,1199,1891,	chr19	46356437	46357189	retro_human_2960	0	+	ZNF575	752
chr19	46354672	46357386	ENSG00000176472[1,1,2]	0	+	46355957	46357219	0	4	384,108,165,823,	0,657,1199,1891,	chr19	46356437	46357189	retro_human_2960	0	+	ZNF575	752
chr19	46354897	46357715	ENSG00000176472[2,2,1]	0	+	46355957	46357219	0	4	159,108,96,1152,	0,432,1043,1666,	chr19	46356437	46357189	retro_human_2960	0	+	ZNF575	752
chr19	46354897	46357386	ENSG00000176472[2,2,2]	0	+	46355957	46357219	0	4	159,108,96,823,	0,432,1043,1666,	chr19	46356437	46357189	retro_human_2960	0	+	ZNF575	752
chr19	46354897	46357715	ENSG00000176472[2,5,1]	0	+	46356442	46357219	0	2	159,2386,	0,432,	chr19	46356437	46357189	retro_human_2960	0	+	ZNF575	752
chr19	46354897	46357715	ENSG00000176472[2,1,1]	0	+	46355957	46357219	0	4	159,108,165,1152,	0,432,974,1666,	chr19	46356437	46357189	retro_human_2960	0	+	ZNF575	752
chr19	47109131	47113450	ENSG00000159917[2,5,1]	0	-	47110054	47112010	0	1	4319,	0,	chr19	47112914	47113745	retro_human_8081|AC138473.1-201|processed_pseudogene	0	+	MRPS15P2	536
chr19	48605004	48605493	ENSG00000104936[8,14,8]	0	-	48605004	48605004	0	2	75,338,	0,151,	chr19	48604846	48605368	retro_human_6205	0	-	DMPK	364
chr19	48605004	48606489	ENSG00000104936[13,32,8]	0	-	48605119	48606121	0	3	358,94,508,	0,611,977,	chr19	48604846	48605368	retro_human_6205	0	-	DMPK	364
chr19	48986367	48988720	ENSG00000204866[4,4,1]	0	+	48986755	48987025	0	3	1473,268,279,	0,1618,2074,	chr19	48987940	48988254	retro_human_1070	0	+	IGFL2,LOC105372424	314
chr19	52030301	52031728	ENSG00000267631[1,2,1]	0	-	52030395	52031059	0	3	382,168,420,	0,617,1007,	chr19	52030871	52031149	retro_human_427	0	-	CGB1	278
chr19	52042374	52043948	ENSG00000213030[1,1,1]	0	-	52042444	52043526	0	3	382,168,437,	0,617,1137,	chr19	52042944	52043222	retro_human_426	0	-	CGB8	278
chr19	52719591	52720275	ENSG00000243829[1,1,1]	0	-	52719591	52719591	0	1	684,	0,	chr19	52719641	52720225	retro_human_429|AC011495.1-201|processed_pseudogene	0	-	RPS9P4	584
chr19	53908738	53910542	ENSG00000167748[2,2,1]	0	-	53908839	53910154	0	3	254,137,746,	0,803,1058,	chr19	53908846	53909874	retro_human_423	0	-	KLK1	1028
chr19	53908738	53913481	ENSG00000167748[1,1,1]	0	-	53908839	53913392	0	5	254,137,290,160,135,	0,803,1058,2616,4608,	chr19	53908846	53909874	retro_human_423	0	-	KLK1	1028
chr19	54502878	54503646	ENSG00000254760[1,1,1]	0	+	54502878	54502878	0	2	288,304,	0,464,	chr19	54503459	54504070	retro_human_802	0	-	SIGLEC10	187
chr19	54683159	54690489	ENSG00000269388[1,1,1]	0	+	54683159	54683159	0	2	136,628,	0,6702,	chr19	54683209	54690439	AC018755.3-201|transcribed_processed_pseudogene	0	+	LOC339352	7230
chr19	54683159	54690489	ENSG00000269388[1,1,1]	0	+	54683159	54683159	0	2	136,628,	0,6702,	chr19	54687196	54690358	AC018755.3-202|transcribed_processed_pseudogene	0	+	LOC339352	3162
chr19	54687889	54689171	ENSG00000267808[1,1,1]	0	+	54687889	54687889	0	1	1282,	0,	chr19	54683209	54690439	AC018755.3-201|transcribed_processed_pseudogene	0	+	LOC339352	1282
chr19	54687889	54689171	ENSG00000267808[1,1,1]	0	+	54687889	54687889	0	1	1282,	0,	chr19	54687196	54690358	AC018755.3-202|transcribed_processed_pseudogene	0	+	LOC339352	1282
chr19	54941128	54975225	ENSG00000161551[1,9,10]	0	-	54948122	54967577	0	7	2037,75,96,127,79,199,1210,	0,6969,23348,24455,26389,26745,32887,	chr19	54960048	54965698	retro_human_4839	0	-	ZNF577	5650
chr19	54942949	54992264	ENSG00000161551[7,21,3]	0	-	54968061	54987302	255	11	216,75,96,127,79,199,1065,96,127,202,156,	0,5148,21527,22634,24568,24924,35078,40717,41097,44338,49159,	chr19	54960048	54965698	retro_human_4839	0	-	ZNF577	5650
chr19	54942949	54975225	ENSG00000161551[1,9,3]	0	-	54948122	54967577	0	7	216,75,96,127,79,199,1210,	0,5148,21527,22634,24568,24924,31066,	chr19	54960048	54965698	retro_human_4839	0	-	ZNF577	5650
chr19	54942949	54966087	ENSG00000161551[4,7,3]	0	-	54948122	54964660	0	3	216,75,1611,	0,5148,21527,	chr19	54960048	54965698	retro_human_4839	0	-	ZNF577	5650
chr19	54958426	54975225	ENSG00000161551[1,2,7]	0	-	54959729	54967577	0	7	2475,96,127,79,199,92,135,	0,6050,7157,9091,9447,15589,16664,	chr19	54960048	54965698	retro_human_4839	0	-	ZNF577	5650
chr19	54959143	54975225	ENSG00000161551[1,20,8]	0	-	54959729	54967577	255	7	1758,96,127,79,199,92,187,	0,5333,6440,8374,8730,14872,15895,	chr19	54960048	54965698	retro_human_4839	0	-	ZNF577	5650
chr19	54959143	54975225	ENSG00000161551[1,19,8]	0	-	54959729	54967577	255	7	1758,96,127,79,199,92,199,	0,5333,6440,8374,8730,14872,15883,	chr19	54960048	54965698	retro_human_4839	0	-	ZNF577	5650
chr19	54959143	54975225	ENSG00000161551[1,3,8]	0	-	54959729	54967577	0	6	1581,96,127,79,199,1210,	0,5333,6440,8374,8730,14872,	chr19	54960048	54965698	retro_human_4839	0	-	ZNF577	5650
chr19	54959143	54975225	ENSG00000161551[1,1,8]	0	-	54959729	54967577	0	6	1758,96,127,79,199,1210,	0,5333,6440,8374,8730,14872,	chr19	54960048	54965698	retro_human_4839	0	-	ZNF577	5650
chr19	54959143	54975225	ENSG00000161551[1,4,8]	0	-	54959729	54967577	0	7	1581,96,127,79,199,92,199,	0,5333,6440,8374,8730,14872,15883,	chr19	54960048	54965698	retro_human_4839	0	-	ZNF577	5650
chr19	54959143	54975225	ENSG00000161551[1,2,8]	0	-	54959729	54967577	0	7	1758,96,127,79,199,92,135,	0,5333,6440,8374,8730,14872,15947,	chr19	54960048	54965698	retro_human_4839	0	-	ZNF577	5650
chr19	54959601	54975225	ENSG00000161551[1,20,9]	0	-	54959729	54967577	255	7	1300,96,127,79,199,92,187,	0,4875,5982,7916,8272,14414,15437,	chr19	54960048	54965698	retro_human_4839	0	-	ZNF577	5650
chr19	54959601	54975225	ENSG00000161551[1,19,9]	0	-	54959729	54967577	255	7	1300,96,127,79,199,92,199,	0,4875,5982,7916,8272,14414,15425,	chr19	54960048	54965698	retro_human_4839	0	-	ZNF577	5650
chr19	54959601	54975225	ENSG00000161551[1,1,9]	0	-	54959729	54967577	0	6	1300,96,127,79,199,1210,	0,4875,5982,7916,8272,14414,	chr19	54960048	54965698	retro_human_4839	0	-	ZNF577	5650
chr19	54959601	54975225	ENSG00000161551[1,2,9]	0	-	54959729	54967577	0	7	1300,96,127,79,199,92,135,	0,4875,5982,7916,8272,14414,15489,	chr19	54960048	54965698	retro_human_4839	0	-	ZNF577	5650
chr19	55648608	55648864	ENSG00000242255[1,1,1]	0	+	55648608	55648608	0	1	256,	0,	chr19	55648658	55648811	retro_human_3767	0	+	RPL39P34,ZNF808	153
chr19	55734839	55737775	ENSG00000269825[2,2,1]	0	-	55735957	55736312	0	1	2936,	0,	chr19	55736923	55738875	retro_human_4435	0	-	LOC122539214	852
chr19	55894246	55895240	ENSG00000255875[1,1,1]	0	+	55894246	55894246	0	1	994,	0,	chr19	55894296	55895190	retro_human_95|AC008813.1-201|processed_pseudogene	0	+	LOC124908065,ZNF28	894
chr19	55922255	55942002	ENSG00000204604[1,1,1]	0	-	55925023	55938569	0	4	4192,127,88,128,	0,11128,16299,19619,	chr19	55924182	55926478	retro_human_4373	0	-	ZNF468	2296
chr19	55922781	55942002	ENSG00000204604[1,14,2]	0	-	55925023	55926430	255	7	2482,848,118,127,255,88,128,	0,2818,6694,10602,15387,15773,19093,	chr19	55924182	55926478	retro_human_4373	0	-	ZNF468	2296
chr19	55922781	55942002	ENSG00000204604[1,12,2]	0	-	55925023	55933417	255	6	2482,848,127,255,88,128,	0,2818,10602,15387,15773,19093,	chr19	55924182	55926478	retro_human_4373	0	-	ZNF468	2296
chr19	55922781	55942002	ENSG00000204604[1,9,2]	0	-	55925023	55938569	255	5	2482,848,127,88,128,	0,2818,10602,15773,19093,	chr19	55924182	55926478	retro_human_4373	0	-	ZNF468	2296
chr19	55922781	55942002	ENSG00000204604[1,10,2]	0	-	55925023	55926430	255	6	2482,848,118,127,88,128,	0,2818,6694,10602,15773,19093,	chr19	55924182	55926478	retro_human_4373	0	-	ZNF468	2296
chr19	55922781	55942002	ENSG00000204604[1,11,2]	0	-	55925023	55933417	255	5	3666,127,255,88,128,	0,10602,15387,15773,19093,	chr19	55924182	55926478	retro_human_4373	0	-	ZNF468	2296
chr19	55922781	55942002	ENSG00000204604[1,13,2]	0	-	55925023	55926430	255	6	3666,118,127,255,88,128,	0,6694,10602,15387,15773,19093,	chr19	55924182	55926478	retro_human_4373	0	-	ZNF468	2296
chr19	55922781	55942002	ENSG00000204604[1,15,2]	0	-	55925023	55938247	255	5	3666,127,248,88,128,	0,10602,15394,15773,19093,	chr19	55924182	55926478	retro_human_4373	0	-	ZNF468	2296
chr19	55922781	55942002	ENSG00000204604[1,16,2]	0	-	55925023	55926430	255	6	3666,118,127,248,88,128,	0,6694,10602,15394,15773,19093,	chr19	55924182	55926478	retro_human_4373	0	-	ZNF468	2296
chr19	55922781	55942002	ENSG00000204604[1,1,2]	0	-	55925023	55938569	0	4	3666,127,88,128,	0,10602,15773,19093,	chr19	55924182	55926478	retro_human_4373	0	-	ZNF468	2296
chr19	55922781	55942002	ENSG00000204604[1,2,2]	0	-	55925023	55926430	0	5	3666,118,127,88,128,	0,6694,10602,15773,19093,	chr19	55924182	55926478	retro_human_4373	0	-	ZNF468	2296
chr19	56009606	56025183	ENSG00000213801[2,2,1]	0	-	56011422	56011914	0	2	2325,111,	0,15466,	chr19	56009651	56025133	ZNF321P-201|transcribed_processed_pseudogene	0	-	ZNF321P,ZNF816-ZNF321P,ZNF888	15482
chr19	56011369	56011964	ENSG00000213801[1,1,2]	0	-	56011422	56011914	0	1	595,	0,	chr19	56011419	56011914	retro_human_3174|ZNF321P-202|transcribed_processed_pseudogene	0	-	ZNF321P,ZNF816-ZNF321P,ZNF888	495
chr19	56011597	56025183	ENSG00000213801[2,2,3]	0	-	56011736	56011844	0	2	334,111,	0,13475,	chr19	56009651	56025133	ZNF321P-201|transcribed_processed_pseudogene	0	-	ZNF321P,ZNF816-ZNF321P,ZNF888	13536
chr19	56031860	56045493	ENSG00000180257[1,3,1]	0	-	56032353	56034099	0	3	3549,78,245,	0,6698,13388,	chr19	56031991	56034147	retro_human_3176	0	-	ZNF816	2156
chr19	56031860	56045493	ENSG00000180257[1,7,1]	0	-	56032353	56038621	0	4	2256,127,78,245,	0,3422,6698,13388,	chr19	56031991	56034147	retro_human_3176	0	-	ZNF816	2156
chr19	56031860	56045493	ENSG00000180257[1,1,1]	0	-	56032353	56038621	0	4	2256,127,78,235,	0,3422,6698,13398,	chr19	56031991	56034147	retro_human_3176	0	-	ZNF816	2156
chr19	56031860	56045493	ENSG00000180257[1,6,1]	0	-	56032353	56034099	0	4	2563,127,78,235,	0,3422,6698,13398,	chr19	56031991	56034147	retro_human_3176	0	-	ZNF816	2156
chr19	56031860	56045493	ENSG00000180257[1,2,1]	0	-	56032353	56038621	0	5	2256,127,78,151,235,	0,3422,6698,10698,13398,	chr19	56031991	56034147	retro_human_3176	0	-	ZNF816	2156
chr19	56031860	56045493	ENSG00000180257[1,5,1]	0	-	56032353	56034099	0	3	3549,78,235,	0,6698,13398,	chr19	56031991	56034147	retro_human_3176	0	-	ZNF816	2156
chr19	56048911	56120515	ENSG00000242779[3,15,12]	0	-	56048911	56048911	255	4	4464,81,272,224,	0,14510,20186,71380,	chr19	56049618	56075030	ZNF702P-213|transcribed_processed_pseudogene	0	-	LOC105372453,ZNF702P	25412
chr19	56048911	56120515	ENSG00000242779[3,15,12]	0	-	56048911	56048911	255	4	4464,81,272,224,	0,14510,20186,71380,	chr19	56050783	56076047	ZNF702P-201|transcribed_processed_pseudogene	0	-	LOC105372453,ZNF702P	25264
chr19	56048911	56120515	ENSG00000242779[3,15,12]	0	-	56048911	56048911	255	4	4464,81,272,224,	0,14510,20186,71380,	chr19	56053294	56076049	ZNF702P-209|transcribed_processed_pseudogene	0	-	LOC105372453,ZNF702P	22755
chr19	56048911	56120515	ENSG00000242779[3,15,12]	0	-	56048911	56048911	255	4	4464,81,272,224,	0,14510,20186,71380,	chr19	56056574	56076049	ZNF702P-205|transcribed_processed_pseudogene	0	-	LOC105372453,ZNF702P	19475
chr19	56048911	56120515	ENSG00000242779[3,15,12]	0	-	56048911	56048911	255	4	4464,81,272,224,	0,14510,20186,71380,	chr19	56057905	56076048	ZNF702P-208|transcribed_processed_pseudogene	0	-	LOC105372453,ZNF702P	18143
chr19	56048911	56120515	ENSG00000242779[3,15,12]	0	-	56048911	56048911	255	4	4464,81,272,224,	0,14510,20186,71380,	chr19	56061325	56076054	ZNF702P-212|transcribed_processed_pseudogene	0	-	LOC105372453,ZNF702P	14729
chr19	56048911	56120515	ENSG00000242779[3,15,12]	0	-	56048911	56048911	255	4	4464,81,272,224,	0,14510,20186,71380,	chr19	56052977	56120465	ZNF702P-210|transcribed_processed_pseudogene	0	-	LOC105372453,ZNF702P,ERVV-1,ARPC1AP2	67488
chr19	56048911	56120515	ENSG00000242779[3,15,12]	0	-	56048911	56048911	255	4	4464,81,272,224,	0,14510,20186,71380,	chr19	56061432	56120450	ZNF702P-203|transcribed_processed_pseudogene	0	-	LOC105372453,ZNF702P,ERVV-1,ARPC1AP2	59018
chr19	56048911	56120515	ENSG00000242779[3,3,12]	0	-	56048911	56048911	0	4	4464,81,272,179,	0,14510,20186,71425,	chr19	56049618	56075030	ZNF702P-213|transcribed_processed_pseudogene	0	-	LOC105372453,ZNF702P	25412
chr19	56048911	56120515	ENSG00000242779[3,3,12]	0	-	56048911	56048911	0	4	4464,81,272,179,	0,14510,20186,71425,	chr19	56050783	56076047	ZNF702P-201|transcribed_processed_pseudogene	0	-	LOC105372453,ZNF702P	25264
chr19	56048911	56120515	ENSG00000242779[3,3,12]	0	-	56048911	56048911	0	4	4464,81,272,179,	0,14510,20186,71425,	chr19	56053294	56076049	ZNF702P-209|transcribed_processed_pseudogene	0	-	LOC105372453,ZNF702P	22755
chr19	56048911	56120515	ENSG00000242779[3,3,12]	0	-	56048911	56048911	0	4	4464,81,272,179,	0,14510,20186,71425,	chr19	56056574	56076049	ZNF702P-205|transcribed_processed_pseudogene	0	-	LOC105372453,ZNF702P	19475
chr19	56048911	56120515	ENSG00000242779[3,3,12]	0	-	56048911	56048911	0	4	4464,81,272,179,	0,14510,20186,71425,	chr19	56057905	56076048	ZNF702P-208|transcribed_processed_pseudogene	0	-	LOC105372453,ZNF702P	18143
chr19	56048911	56120515	ENSG00000242779[3,3,12]	0	-	56048911	56048911	0	4	4464,81,272,179,	0,14510,20186,71425,	chr19	56061325	56076054	ZNF702P-212|transcribed_processed_pseudogene	0	-	LOC105372453,ZNF702P	14729
chr19	56048911	56120515	ENSG00000242779[3,3,12]	0	-	56048911	56048911	0	4	4464,81,272,179,	0,14510,20186,71425,	chr19	56052977	56120465	ZNF702P-210|transcribed_processed_pseudogene	0	-	LOC105372453,ZNF702P,ERVV-1,ARPC1AP2	67488
chr19	56048911	56120515	ENSG00000242779[3,3,12]	0	-	56048911	56048911	0	4	4464,81,272,179,	0,14510,20186,71425,	chr19	56061432	56120450	ZNF702P-203|transcribed_processed_pseudogene	0	-	LOC105372453,ZNF702P,ERVV-1,ARPC1AP2	59018
chr19	56048911	56076104	ENSG00000242779[6,12,12]	0	-	56048911	56048911	0	5	4464,81,272,118,102,	0,14510,20186,23704,27091,	chr19	56049618	56075030	ZNF702P-213|transcribed_processed_pseudogene	0	-	LOC105372453,ZNF702P	25412
chr19	56048911	56076104	ENSG00000242779[6,12,12]	0	-	56048911	56048911	0	5	4464,81,272,118,102,	0,14510,20186,23704,27091,	chr19	56050783	56076047	ZNF702P-201|transcribed_processed_pseudogene	0	-	LOC105372453,ZNF702P	25264
chr19	56048911	56076104	ENSG00000242779[6,12,12]	0	-	56048911	56048911	0	5	4464,81,272,118,102,	0,14510,20186,23704,27091,	chr19	56053294	56076049	ZNF702P-209|transcribed_processed_pseudogene	0	-	LOC105372453,ZNF702P	22755
chr19	56048911	56076104	ENSG00000242779[6,12,12]	0	-	56048911	56048911	0	5	4464,81,272,118,102,	0,14510,20186,23704,27091,	chr19	56056574	56076049	ZNF702P-205|transcribed_processed_pseudogene	0	-	LOC105372453,ZNF702P	19475
chr19	56048911	56076104	ENSG00000242779[6,12,12]	0	-	56048911	56048911	0	5	4464,81,272,118,102,	0,14510,20186,23704,27091,	chr19	56057905	56076048	ZNF702P-208|transcribed_processed_pseudogene	0	-	LOC105372453,ZNF702P	18143
chr19	56048911	56076104	ENSG00000242779[6,12,12]	0	-	56048911	56048911	0	5	4464,81,272,118,102,	0,14510,20186,23704,27091,	chr19	56061325	56076054	ZNF702P-212|transcribed_processed_pseudogene	0	-	LOC105372453,ZNF702P	14729
chr19	56048911	56076104	ENSG00000242779[6,12,12]	0	-	56048911	56048911	0	5	4464,81,272,118,102,	0,14510,20186,23704,27091,	chr19	56065361	56069242	ZNF702P-206|transcribed_processed_pseudogene	0	-	LOC105372453,ZNF702P	3881
chr19	56048911	56076104	ENSG00000242779[6,12,12]	0	-	56048911	56048911	0	5	4464,81,272,118,102,	0,14510,20186,23704,27091,	chr19	56052977	56120465	ZNF702P-210|transcribed_processed_pseudogene	0	-	LOC105372453,ZNF702P,ERVV-1,ARPC1AP2	23127
chr19	56048911	56076104	ENSG00000242779[6,12,12]	0	-	56048911	56048911	0	5	4464,81,272,118,102,	0,14510,20186,23704,27091,	chr19	56061432	56120450	ZNF702P-203|transcribed_processed_pseudogene	0	-	LOC105372453,ZNF702P,ERVV-1,ARPC1AP2	14672
chr19	56048911	56076104	ENSG00000242779[6,8,12]	0	-	56048911	56048911	0	4	4464,81,272,102,	0,14510,20186,27091,	chr19	56049618	56075030	ZNF702P-213|transcribed_processed_pseudogene	0	-	LOC105372453,ZNF702P	25412
chr19	56048911	56076104	ENSG00000242779[6,8,12]	0	-	56048911	56048911	0	4	4464,81,272,102,	0,14510,20186,27091,	chr19	56050783	56076047	ZNF702P-201|transcribed_processed_pseudogene	0	-	LOC105372453,ZNF702P	25264
chr19	56048911	56076104	ENSG00000242779[6,8,12]	0	-	56048911	56048911	0	4	4464,81,272,102,	0,14510,20186,27091,	chr19	56053294	56076049	ZNF702P-209|transcribed_processed_pseudogene	0	-	LOC105372453,ZNF702P	22755
chr19	56048911	56076104	ENSG00000242779[6,8,12]	0	-	56048911	56048911	0	4	4464,81,272,102,	0,14510,20186,27091,	chr19	56056574	56076049	ZNF702P-205|transcribed_processed_pseudogene	0	-	LOC105372453,ZNF702P	19475
chr19	56048911	56076104	ENSG00000242779[6,8,12]	0	-	56048911	56048911	0	4	4464,81,272,102,	0,14510,20186,27091,	chr19	56057905	56076048	ZNF702P-208|transcribed_processed_pseudogene	0	-	LOC105372453,ZNF702P	18143
chr19	56048911	56076104	ENSG00000242779[6,8,12]	0	-	56048911	56048911	0	4	4464,81,272,102,	0,14510,20186,27091,	chr19	56061325	56076054	ZNF702P-212|transcribed_processed_pseudogene	0	-	LOC105372453,ZNF702P	14729
chr19	56048911	56076104	ENSG00000242779[6,8,12]	0	-	56048911	56048911	0	4	4464,81,272,102,	0,14510,20186,27091,	chr19	56065361	56069242	ZNF702P-206|transcribed_processed_pseudogene	0	-	LOC105372453,ZNF702P	3881
chr19	56048911	56076104	ENSG00000242779[6,8,12]	0	-	56048911	56048911	0	4	4464,81,272,102,	0,14510,20186,27091,	chr19	56052977	56120465	ZNF702P-210|transcribed_processed_pseudogene	0	-	LOC105372453,ZNF702P,ERVV-1,ARPC1AP2	23127
chr19	56048911	56076104	ENSG00000242779[6,8,12]	0	-	56048911	56048911	0	4	4464,81,272,102,	0,14510,20186,27091,	chr19	56061432	56120450	ZNF702P-203|transcribed_processed_pseudogene	0	-	LOC105372453,ZNF702P,ERVV-1,ARPC1AP2	14672
chr19	56049378	56120515	ENSG00000242779[3,15,1]	0	-	56049378	56049378	255	4	3997,81,272,224,	0,14043,19719,70913,	chr19	56049618	56075030	ZNF702P-213|transcribed_processed_pseudogene	0	-	LOC105372453,ZNF702P	25412
chr19	56049378	56120515	ENSG00000242779[3,15,1]	0	-	56049378	56049378	255	4	3997,81,272,224,	0,14043,19719,70913,	chr19	56050783	56076047	ZNF702P-201|transcribed_processed_pseudogene	0	-	LOC105372453,ZNF702P	25264
chr19	56049378	56120515	ENSG00000242779[3,15,1]	0	-	56049378	56049378	255	4	3997,81,272,224,	0,14043,19719,70913,	chr19	56053294	56076049	ZNF702P-209|transcribed_processed_pseudogene	0	-	LOC105372453,ZNF702P	22755
chr19	56049378	56120515	ENSG00000242779[3,15,1]	0	-	56049378	56049378	255	4	3997,81,272,224,	0,14043,19719,70913,	chr19	56056574	56076049	ZNF702P-205|transcribed_processed_pseudogene	0	-	LOC105372453,ZNF702P	19475
chr19	56049378	56120515	ENSG00000242779[3,15,1]	0	-	56049378	56049378	255	4	3997,81,272,224,	0,14043,19719,70913,	chr19	56057905	56076048	ZNF702P-208|transcribed_processed_pseudogene	0	-	LOC105372453,ZNF702P	18143
chr19	56049378	56120515	ENSG00000242779[3,15,1]	0	-	56049378	56049378	255	4	3997,81,272,224,	0,14043,19719,70913,	chr19	56061325	56076054	ZNF702P-212|transcribed_processed_pseudogene	0	-	LOC105372453,ZNF702P	14729
chr19	56049378	56120515	ENSG00000242779[3,15,1]	0	-	56049378	56049378	255	4	3997,81,272,224,	0,14043,19719,70913,	chr19	56052977	56120465	ZNF702P-210|transcribed_processed_pseudogene	0	-	LOC105372453,ZNF702P,ERVV-1,ARPC1AP2	67488
chr19	56049378	56120515	ENSG00000242779[3,15,1]	0	-	56049378	56049378	255	4	3997,81,272,224,	0,14043,19719,70913,	chr19	56061432	56120450	ZNF702P-203|transcribed_processed_pseudogene	0	-	LOC105372453,ZNF702P,ERVV-1,ARPC1AP2	59018
chr19	56049378	56120515	ENSG00000242779[3,3,1]	0	-	56049378	56049378	0	4	3997,81,272,179,	0,14043,19719,70958,	chr19	56049618	56075030	ZNF702P-213|transcribed_processed_pseudogene	0	-	LOC105372453,ZNF702P	25412
chr19	56049378	56120515	ENSG00000242779[3,3,1]	0	-	56049378	56049378	0	4	3997,81,272,179,	0,14043,19719,70958,	chr19	56050783	56076047	ZNF702P-201|transcribed_processed_pseudogene	0	-	LOC105372453,ZNF702P	25264
chr19	56049378	56120515	ENSG00000242779[3,3,1]	0	-	56049378	56049378	0	4	3997,81,272,179,	0,14043,19719,70958,	chr19	56053294	56076049	ZNF702P-209|transcribed_processed_pseudogene	0	-	LOC105372453,ZNF702P	22755
chr19	56049378	56120515	ENSG00000242779[3,3,1]	0	-	56049378	56049378	0	4	3997,81,272,179,	0,14043,19719,70958,	chr19	56056574	56076049	ZNF702P-205|transcribed_processed_pseudogene	0	-	LOC105372453,ZNF702P	19475
chr19	56049378	56120515	ENSG00000242779[3,3,1]	0	-	56049378	56049378	0	4	3997,81,272,179,	0,14043,19719,70958,	chr19	56057905	56076048	ZNF702P-208|transcribed_processed_pseudogene	0	-	LOC105372453,ZNF702P	18143
chr19	56049378	56120515	ENSG00000242779[3,3,1]	0	-	56049378	56049378	0	4	3997,81,272,179,	0,14043,19719,70958,	chr19	56061325	56076054	ZNF702P-212|transcribed_processed_pseudogene	0	-	LOC105372453,ZNF702P	14729
chr19	56049378	56120515	ENSG00000242779[3,3,1]	0	-	56049378	56049378	0	4	3997,81,272,179,	0,14043,19719,70958,	chr19	56052977	56120465	ZNF702P-210|transcribed_processed_pseudogene	0	-	LOC105372453,ZNF702P,ERVV-1,ARPC1AP2	67488
chr19	56049378	56120515	ENSG00000242779[3,3,1]	0	-	56049378	56049378	0	4	3997,81,272,179,	0,14043,19719,70958,	chr19	56061432	56120450	ZNF702P-203|transcribed_processed_pseudogene	0	-	LOC105372453,ZNF702P,ERVV-1,ARPC1AP2	59018
chr19	56049378	56076104	ENSG00000242779[6,12,1]	0	-	56049378	56049378	0	5	3997,81,272,118,102,	0,14043,19719,23237,26624,	chr19	56049618	56075030	ZNF702P-213|transcribed_processed_pseudogene	0	-	LOC105372453,ZNF702P	25412
chr19	56049378	56076104	ENSG00000242779[6,12,1]	0	-	56049378	56049378	0	5	3997,81,272,118,102,	0,14043,19719,23237,26624,	chr19	56050783	56076047	ZNF702P-201|transcribed_processed_pseudogene	0	-	LOC105372453,ZNF702P	25264
chr19	56049378	56076104	ENSG00000242779[6,12,1]	0	-	56049378	56049378	0	5	3997,81,272,118,102,	0,14043,19719,23237,26624,	chr19	56053294	56076049	ZNF702P-209|transcribed_processed_pseudogene	0	-	LOC105372453,ZNF702P	22755
chr19	56049378	56076104	ENSG00000242779[6,12,1]	0	-	56049378	56049378	0	5	3997,81,272,118,102,	0,14043,19719,23237,26624,	chr19	56056574	56076049	ZNF702P-205|transcribed_processed_pseudogene	0	-	LOC105372453,ZNF702P	19475
chr19	56049378	56076104	ENSG00000242779[6,12,1]	0	-	56049378	56049378	0	5	3997,81,272,118,102,	0,14043,19719,23237,26624,	chr19	56057905	56076048	ZNF702P-208|transcribed_processed_pseudogene	0	-	LOC105372453,ZNF702P	18143
chr19	56049378	56076104	ENSG00000242779[6,12,1]	0	-	56049378	56049378	0	5	3997,81,272,118,102,	0,14043,19719,23237,26624,	chr19	56061325	56076054	ZNF702P-212|transcribed_processed_pseudogene	0	-	LOC105372453,ZNF702P	14729
chr19	56049378	56076104	ENSG00000242779[6,12,1]	0	-	56049378	56049378	0	5	3997,81,272,118,102,	0,14043,19719,23237,26624,	chr19	56065361	56069242	ZNF702P-206|transcribed_processed_pseudogene	0	-	LOC105372453,ZNF702P	3881
chr19	56049378	56076104	ENSG00000242779[6,12,1]	0	-	56049378	56049378	0	5	3997,81,272,118,102,	0,14043,19719,23237,26624,	chr19	56052977	56120465	ZNF702P-210|transcribed_processed_pseudogene	0	-	LOC105372453,ZNF702P,ERVV-1,ARPC1AP2	23127
chr19	56049378	56076104	ENSG00000242779[6,12,1]	0	-	56049378	56049378	0	5	3997,81,272,118,102,	0,14043,19719,23237,26624,	chr19	56061432	56120450	ZNF702P-203|transcribed_processed_pseudogene	0	-	LOC105372453,ZNF702P,ERVV-1,ARPC1AP2	14672
chr19	56049378	56076104	ENSG00000242779[6,8,1]	0	-	56049378	56049378	0	4	3997,81,272,102,	0,14043,19719,26624,	chr19	56049618	56075030	ZNF702P-213|transcribed_processed_pseudogene	0	-	LOC105372453,ZNF702P	25412
chr19	56049378	56076104	ENSG00000242779[6,8,1]	0	-	56049378	56049378	0	4	3997,81,272,102,	0,14043,19719,26624,	chr19	56050783	56076047	ZNF702P-201|transcribed_processed_pseudogene	0	-	LOC105372453,ZNF702P	25264
chr19	56049378	56076104	ENSG00000242779[6,8,1]	0	-	56049378	56049378	0	4	3997,81,272,102,	0,14043,19719,26624,	chr19	56053294	56076049	ZNF702P-209|transcribed_processed_pseudogene	0	-	LOC105372453,ZNF702P	22755
chr19	56049378	56076104	ENSG00000242779[6,8,1]	0	-	56049378	56049378	0	4	3997,81,272,102,	0,14043,19719,26624,	chr19	56056574	56076049	ZNF702P-205|transcribed_processed_pseudogene	0	-	LOC105372453,ZNF702P	19475
chr19	56049378	56076104	ENSG00000242779[6,8,1]	0	-	56049378	56049378	0	4	3997,81,272,102,	0,14043,19719,26624,	chr19	56057905	56076048	ZNF702P-208|transcribed_processed_pseudogene	0	-	LOC105372453,ZNF702P	18143
chr19	56049378	56076104	ENSG00000242779[6,8,1]	0	-	56049378	56049378	0	4	3997,81,272,102,	0,14043,19719,26624,	chr19	56061325	56076054	ZNF702P-212|transcribed_processed_pseudogene	0	-	LOC105372453,ZNF702P	14729
chr19	56049378	56076104	ENSG00000242779[6,8,1]	0	-	56049378	56049378	0	4	3997,81,272,102,	0,14043,19719,26624,	chr19	56065361	56069242	ZNF702P-206|transcribed_processed_pseudogene	0	-	LOC105372453,ZNF702P	3881
chr19	56049378	56076104	ENSG00000242779[6,8,1]	0	-	56049378	56049378	0	4	3997,81,272,102,	0,14043,19719,26624,	chr19	56052977	56120465	ZNF702P-210|transcribed_processed_pseudogene	0	-	LOC105372453,ZNF702P,ERVV-1,ARPC1AP2	23127
chr19	56049378	56076104	ENSG00000242779[6,8,1]	0	-	56049378	56049378	0	4	3997,81,272,102,	0,14043,19719,26624,	chr19	56061432	56120450	ZNF702P-203|transcribed_processed_pseudogene	0	-	LOC105372453,ZNF702P,ERVV-1,ARPC1AP2	14672
chr19	56050122	56120515	ENSG00000242779[3,15,13]	0	-	56050122	56050122	255	4	3253,81,272,224,	0,13299,18975,70169,	chr19	56049618	56075030	ZNF702P-213|transcribed_processed_pseudogene	0	-	LOC105372453,ZNF702P	24908
chr19	56050122	56120515	ENSG00000242779[3,15,13]	0	-	56050122	56050122	255	4	3253,81,272,224,	0,13299,18975,70169,	chr19	56050783	56076047	ZNF702P-201|transcribed_processed_pseudogene	0	-	LOC105372453,ZNF702P	25264
chr19	56050122	56120515	ENSG00000242779[3,15,13]	0	-	56050122	56050122	255	4	3253,81,272,224,	0,13299,18975,70169,	chr19	56053294	56076049	ZNF702P-209|transcribed_processed_pseudogene	0	-	LOC105372453,ZNF702P	22755
chr19	56050122	56120515	ENSG00000242779[3,15,13]	0	-	56050122	56050122	255	4	3253,81,272,224,	0,13299,18975,70169,	chr19	56056574	56076049	ZNF702P-205|transcribed_processed_pseudogene	0	-	LOC105372453,ZNF702P	19475
chr19	56050122	56120515	ENSG00000242779[3,15,13]	0	-	56050122	56050122	255	4	3253,81,272,224,	0,13299,18975,70169,	chr19	56057905	56076048	ZNF702P-208|transcribed_processed_pseudogene	0	-	LOC105372453,ZNF702P	18143
chr19	56050122	56120515	ENSG00000242779[3,15,13]	0	-	56050122	56050122	255	4	3253,81,272,224,	0,13299,18975,70169,	chr19	56061325	56076054	ZNF702P-212|transcribed_processed_pseudogene	0	-	LOC105372453,ZNF702P	14729
chr19	56050122	56120515	ENSG00000242779[3,15,13]	0	-	56050122	56050122	255	4	3253,81,272,224,	0,13299,18975,70169,	chr19	56052977	56120465	ZNF702P-210|transcribed_processed_pseudogene	0	-	LOC105372453,ZNF702P,ERVV-1,ARPC1AP2	67488
chr19	56050122	56120515	ENSG00000242779[3,15,13]	0	-	56050122	56050122	255	4	3253,81,272,224,	0,13299,18975,70169,	chr19	56061432	56120450	ZNF702P-203|transcribed_processed_pseudogene	0	-	LOC105372453,ZNF702P,ERVV-1,ARPC1AP2	59018
chr19	56050122	56120515	ENSG00000242779[3,3,13]	0	-	56050122	56050122	0	4	3253,81,272,179,	0,13299,18975,70214,	chr19	56049618	56075030	ZNF702P-213|transcribed_processed_pseudogene	0	-	LOC105372453,ZNF702P	24908
chr19	56050122	56120515	ENSG00000242779[3,3,13]	0	-	56050122	56050122	0	4	3253,81,272,179,	0,13299,18975,70214,	chr19	56050783	56076047	ZNF702P-201|transcribed_processed_pseudogene	0	-	LOC105372453,ZNF702P	25264
chr19	56050122	56120515	ENSG00000242779[3,3,13]	0	-	56050122	56050122	0	4	3253,81,272,179,	0,13299,18975,70214,	chr19	56053294	56076049	ZNF702P-209|transcribed_processed_pseudogene	0	-	LOC105372453,ZNF702P	22755
chr19	56050122	56120515	ENSG00000242779[3,3,13]	0	-	56050122	56050122	0	4	3253,81,272,179,	0,13299,18975,70214,	chr19	56056574	56076049	ZNF702P-205|transcribed_processed_pseudogene	0	-	LOC105372453,ZNF702P	19475
chr19	56050122	56120515	ENSG00000242779[3,3,13]	0	-	56050122	56050122	0	4	3253,81,272,179,	0,13299,18975,70214,	chr19	56057905	56076048	ZNF702P-208|transcribed_processed_pseudogene	0	-	LOC105372453,ZNF702P	18143
chr19	56050122	56120515	ENSG00000242779[3,3,13]	0	-	56050122	56050122	0	4	3253,81,272,179,	0,13299,18975,70214,	chr19	56061325	56076054	ZNF702P-212|transcribed_processed_pseudogene	0	-	LOC105372453,ZNF702P	14729
chr19	56050122	56120515	ENSG00000242779[3,3,13]	0	-	56050122	56050122	0	4	3253,81,272,179,	0,13299,18975,70214,	chr19	56052977	56120465	ZNF702P-210|transcribed_processed_pseudogene	0	-	LOC105372453,ZNF702P,ERVV-1,ARPC1AP2	67488
chr19	56050122	56120515	ENSG00000242779[3,3,13]	0	-	56050122	56050122	0	4	3253,81,272,179,	0,13299,18975,70214,	chr19	56061432	56120450	ZNF702P-203|transcribed_processed_pseudogene	0	-	LOC105372453,ZNF702P,ERVV-1,ARPC1AP2	59018
chr19	56050122	56076104	ENSG00000242779[6,12,13]	0	-	56050122	56050122	0	5	3253,81,272,118,102,	0,13299,18975,22493,25880,	chr19	56049618	56075030	ZNF702P-213|transcribed_processed_pseudogene	0	-	LOC105372453,ZNF702P	24908
chr19	56050122	56076104	ENSG00000242779[6,12,13]	0	-	56050122	56050122	0	5	3253,81,272,118,102,	0,13299,18975,22493,25880,	chr19	56050783	56076047	ZNF702P-201|transcribed_processed_pseudogene	0	-	LOC105372453,ZNF702P	25264
chr19	56050122	56076104	ENSG00000242779[6,12,13]	0	-	56050122	56050122	0	5	3253,81,272,118,102,	0,13299,18975,22493,25880,	chr19	56053294	56076049	ZNF702P-209|transcribed_processed_pseudogene	0	-	LOC105372453,ZNF702P	22755
chr19	56050122	56076104	ENSG00000242779[6,12,13]	0	-	56050122	56050122	0	5	3253,81,272,118,102,	0,13299,18975,22493,25880,	chr19	56056574	56076049	ZNF702P-205|transcribed_processed_pseudogene	0	-	LOC105372453,ZNF702P	19475
chr19	56050122	56076104	ENSG00000242779[6,12,13]	0	-	56050122	56050122	0	5	3253,81,272,118,102,	0,13299,18975,22493,25880,	chr19	56057905	56076048	ZNF702P-208|transcribed_processed_pseudogene	0	-	LOC105372453,ZNF702P	18143
chr19	56050122	56076104	ENSG00000242779[6,12,13]	0	-	56050122	56050122	0	5	3253,81,272,118,102,	0,13299,18975,22493,25880,	chr19	56061325	56076054	ZNF702P-212|transcribed_processed_pseudogene	0	-	LOC105372453,ZNF702P	14729
chr19	56050122	56076104	ENSG00000242779[6,12,13]	0	-	56050122	56050122	0	5	3253,81,272,118,102,	0,13299,18975,22493,25880,	chr19	56065361	56069242	ZNF702P-206|transcribed_processed_pseudogene	0	-	LOC105372453,ZNF702P	3881
chr19	56050122	56076104	ENSG00000242779[6,12,13]	0	-	56050122	56050122	0	5	3253,81,272,118,102,	0,13299,18975,22493,25880,	chr19	56052977	56120465	ZNF702P-210|transcribed_processed_pseudogene	0	-	LOC105372453,ZNF702P,ERVV-1,ARPC1AP2	23127
chr19	56050122	56076104	ENSG00000242779[6,12,13]	0	-	56050122	56050122	0	5	3253,81,272,118,102,	0,13299,18975,22493,25880,	chr19	56061432	56120450	ZNF702P-203|transcribed_processed_pseudogene	0	-	LOC105372453,ZNF702P,ERVV-1,ARPC1AP2	14672
chr19	56050122	56076104	ENSG00000242779[6,8,13]	0	-	56050122	56050122	0	4	3253,81,272,102,	0,13299,18975,25880,	chr19	56049618	56075030	ZNF702P-213|transcribed_processed_pseudogene	0	-	LOC105372453,ZNF702P	24908
chr19	56050122	56076104	ENSG00000242779[6,8,13]	0	-	56050122	56050122	0	4	3253,81,272,102,	0,13299,18975,25880,	chr19	56050783	56076047	ZNF702P-201|transcribed_processed_pseudogene	0	-	LOC105372453,ZNF702P	25264
chr19	56050122	56076104	ENSG00000242779[6,8,13]	0	-	56050122	56050122	0	4	3253,81,272,102,	0,13299,18975,25880,	chr19	56053294	56076049	ZNF702P-209|transcribed_processed_pseudogene	0	-	LOC105372453,ZNF702P	22755
chr19	56050122	56076104	ENSG00000242779[6,8,13]	0	-	56050122	56050122	0	4	3253,81,272,102,	0,13299,18975,25880,	chr19	56056574	56076049	ZNF702P-205|transcribed_processed_pseudogene	0	-	LOC105372453,ZNF702P	19475
chr19	56050122	56076104	ENSG00000242779[6,8,13]	0	-	56050122	56050122	0	4	3253,81,272,102,	0,13299,18975,25880,	chr19	56057905	56076048	ZNF702P-208|transcribed_processed_pseudogene	0	-	LOC105372453,ZNF702P	18143
chr19	56050122	56076104	ENSG00000242779[6,8,13]	0	-	56050122	56050122	0	4	3253,81,272,102,	0,13299,18975,25880,	chr19	56061325	56076054	ZNF702P-212|transcribed_processed_pseudogene	0	-	LOC105372453,ZNF702P	14729
chr19	56050122	56076104	ENSG00000242779[6,8,13]	0	-	56050122	56050122	0	4	3253,81,272,102,	0,13299,18975,25880,	chr19	56065361	56069242	ZNF702P-206|transcribed_processed_pseudogene	0	-	LOC105372453,ZNF702P	3881
chr19	56050122	56076104	ENSG00000242779[6,8,13]	0	-	56050122	56050122	0	4	3253,81,272,102,	0,13299,18975,25880,	chr19	56052977	56120465	ZNF702P-210|transcribed_processed_pseudogene	0	-	LOC105372453,ZNF702P,ERVV-1,ARPC1AP2	23127
chr19	56050122	56076104	ENSG00000242779[6,8,13]	0	-	56050122	56050122	0	4	3253,81,272,102,	0,13299,18975,25880,	chr19	56061432	56120450	ZNF702P-203|transcribed_processed_pseudogene	0	-	LOC105372453,ZNF702P,ERVV-1,ARPC1AP2	14672
chr19	56050733	56120515	ENSG00000242779[3,15,5]	0	-	56050733	56050733	255	4	2642,81,272,224,	0,12688,18364,69558,	chr19	56049618	56075030	ZNF702P-213|transcribed_processed_pseudogene	0	-	LOC105372453,ZNF702P	24297
chr19	56050733	56120515	ENSG00000242779[3,15,5]	0	-	56050733	56050733	255	4	2642,81,272,224,	0,12688,18364,69558,	chr19	56050783	56076047	ZNF702P-201|transcribed_processed_pseudogene	0	-	LOC105372453,ZNF702P	25264
chr19	56050733	56120515	ENSG00000242779[3,15,5]	0	-	56050733	56050733	255	4	2642,81,272,224,	0,12688,18364,69558,	chr19	56053294	56076049	ZNF702P-209|transcribed_processed_pseudogene	0	-	LOC105372453,ZNF702P	22755
chr19	56050733	56120515	ENSG00000242779[3,15,5]	0	-	56050733	56050733	255	4	2642,81,272,224,	0,12688,18364,69558,	chr19	56056574	56076049	ZNF702P-205|transcribed_processed_pseudogene	0	-	LOC105372453,ZNF702P	19475
chr19	56050733	56120515	ENSG00000242779[3,15,5]	0	-	56050733	56050733	255	4	2642,81,272,224,	0,12688,18364,69558,	chr19	56057905	56076048	ZNF702P-208|transcribed_processed_pseudogene	0	-	LOC105372453,ZNF702P	18143
chr19	56050733	56120515	ENSG00000242779[3,15,5]	0	-	56050733	56050733	255	4	2642,81,272,224,	0,12688,18364,69558,	chr19	56061325	56076054	ZNF702P-212|transcribed_processed_pseudogene	0	-	LOC105372453,ZNF702P	14729
chr19	56050733	56120515	ENSG00000242779[3,15,5]	0	-	56050733	56050733	255	4	2642,81,272,224,	0,12688,18364,69558,	chr19	56052977	56120465	ZNF702P-210|transcribed_processed_pseudogene	0	-	LOC105372453,ZNF702P,ERVV-1,ARPC1AP2	67488
chr19	56050733	56120515	ENSG00000242779[3,15,5]	0	-	56050733	56050733	255	4	2642,81,272,224,	0,12688,18364,69558,	chr19	56061432	56120450	ZNF702P-203|transcribed_processed_pseudogene	0	-	LOC105372453,ZNF702P,ERVV-1,ARPC1AP2	59018
chr19	56050733	56120515	ENSG00000242779[3,3,5]	0	-	56050733	56050733	0	4	2642,81,272,179,	0,12688,18364,69603,	chr19	56049618	56075030	ZNF702P-213|transcribed_processed_pseudogene	0	-	LOC105372453,ZNF702P	24297
chr19	56050733	56120515	ENSG00000242779[3,3,5]	0	-	56050733	56050733	0	4	2642,81,272,179,	0,12688,18364,69603,	chr19	56050783	56076047	ZNF702P-201|transcribed_processed_pseudogene	0	-	LOC105372453,ZNF702P	25264
chr19	56050733	56120515	ENSG00000242779[3,3,5]	0	-	56050733	56050733	0	4	2642,81,272,179,	0,12688,18364,69603,	chr19	56053294	56076049	ZNF702P-209|transcribed_processed_pseudogene	0	-	LOC105372453,ZNF702P	22755
chr19	56050733	56120515	ENSG00000242779[3,3,5]	0	-	56050733	56050733	0	4	2642,81,272,179,	0,12688,18364,69603,	chr19	56056574	56076049	ZNF702P-205|transcribed_processed_pseudogene	0	-	LOC105372453,ZNF702P	19475
chr19	56050733	56120515	ENSG00000242779[3,3,5]	0	-	56050733	56050733	0	4	2642,81,272,179,	0,12688,18364,69603,	chr19	56057905	56076048	ZNF702P-208|transcribed_processed_pseudogene	0	-	LOC105372453,ZNF702P	18143
chr19	56050733	56120515	ENSG00000242779[3,3,5]	0	-	56050733	56050733	0	4	2642,81,272,179,	0,12688,18364,69603,	chr19	56061325	56076054	ZNF702P-212|transcribed_processed_pseudogene	0	-	LOC105372453,ZNF702P	14729
chr19	56050733	56120515	ENSG00000242779[3,3,5]	0	-	56050733	56050733	0	4	2642,81,272,179,	0,12688,18364,69603,	chr19	56052977	56120465	ZNF702P-210|transcribed_processed_pseudogene	0	-	LOC105372453,ZNF702P,ERVV-1,ARPC1AP2	67488
chr19	56050733	56120515	ENSG00000242779[3,3,5]	0	-	56050733	56050733	0	4	2642,81,272,179,	0,12688,18364,69603,	chr19	56061432	56120450	ZNF702P-203|transcribed_processed_pseudogene	0	-	LOC105372453,ZNF702P,ERVV-1,ARPC1AP2	59018
chr19	56050733	56076104	ENSG00000242779[6,12,5]	0	-	56050733	56050733	0	5	2642,81,272,118,102,	0,12688,18364,21882,25269,	chr19	56049618	56075030	ZNF702P-213|transcribed_processed_pseudogene	0	-	LOC105372453,ZNF702P	24297
chr19	56050733	56076104	ENSG00000242779[6,12,5]	0	-	56050733	56050733	0	5	2642,81,272,118,102,	0,12688,18364,21882,25269,	chr19	56050783	56076047	ZNF702P-201|transcribed_processed_pseudogene	0	-	LOC105372453,ZNF702P	25264
chr19	56050733	56076104	ENSG00000242779[6,12,5]	0	-	56050733	56050733	0	5	2642,81,272,118,102,	0,12688,18364,21882,25269,	chr19	56053294	56076049	ZNF702P-209|transcribed_processed_pseudogene	0	-	LOC105372453,ZNF702P	22755
chr19	56050733	56076104	ENSG00000242779[6,12,5]	0	-	56050733	56050733	0	5	2642,81,272,118,102,	0,12688,18364,21882,25269,	chr19	56056574	56076049	ZNF702P-205|transcribed_processed_pseudogene	0	-	LOC105372453,ZNF702P	19475
chr19	56050733	56076104	ENSG00000242779[6,12,5]	0	-	56050733	56050733	0	5	2642,81,272,118,102,	0,12688,18364,21882,25269,	chr19	56057905	56076048	ZNF702P-208|transcribed_processed_pseudogene	0	-	LOC105372453,ZNF702P	18143
chr19	56050733	56076104	ENSG00000242779[6,12,5]	0	-	56050733	56050733	0	5	2642,81,272,118,102,	0,12688,18364,21882,25269,	chr19	56061325	56076054	ZNF702P-212|transcribed_processed_pseudogene	0	-	LOC105372453,ZNF702P	14729
chr19	56050733	56076104	ENSG00000242779[6,12,5]	0	-	56050733	56050733	0	5	2642,81,272,118,102,	0,12688,18364,21882,25269,	chr19	56065361	56069242	ZNF702P-206|transcribed_processed_pseudogene	0	-	LOC105372453,ZNF702P	3881
chr19	56050733	56076104	ENSG00000242779[6,12,5]	0	-	56050733	56050733	0	5	2642,81,272,118,102,	0,12688,18364,21882,25269,	chr19	56052977	56120465	ZNF702P-210|transcribed_processed_pseudogene	0	-	LOC105372453,ZNF702P,ERVV-1,ARPC1AP2	23127
chr19	56050733	56076104	ENSG00000242779[6,12,5]	0	-	56050733	56050733	0	5	2642,81,272,118,102,	0,12688,18364,21882,25269,	chr19	56061432	56120450	ZNF702P-203|transcribed_processed_pseudogene	0	-	LOC105372453,ZNF702P,ERVV-1,ARPC1AP2	14672
chr19	56050733	56076104	ENSG00000242779[6,8,5]	0	-	56050733	56050733	0	4	2642,81,272,102,	0,12688,18364,25269,	chr19	56049618	56075030	ZNF702P-213|transcribed_processed_pseudogene	0	-	LOC105372453,ZNF702P	24297
chr19	56050733	56076104	ENSG00000242779[6,8,5]	0	-	56050733	56050733	0	4	2642,81,272,102,	0,12688,18364,25269,	chr19	56050783	56076047	ZNF702P-201|transcribed_processed_pseudogene	0	-	LOC105372453,ZNF702P	25264
chr19	56050733	56076104	ENSG00000242779[6,8,5]	0	-	56050733	56050733	0	4	2642,81,272,102,	0,12688,18364,25269,	chr19	56053294	56076049	ZNF702P-209|transcribed_processed_pseudogene	0	-	LOC105372453,ZNF702P	22755
chr19	56050733	56076104	ENSG00000242779[6,8,5]	0	-	56050733	56050733	0	4	2642,81,272,102,	0,12688,18364,25269,	chr19	56056574	56076049	ZNF702P-205|transcribed_processed_pseudogene	0	-	LOC105372453,ZNF702P	19475
chr19	56050733	56076104	ENSG00000242779[6,8,5]	0	-	56050733	56050733	0	4	2642,81,272,102,	0,12688,18364,25269,	chr19	56057905	56076048	ZNF702P-208|transcribed_processed_pseudogene	0	-	LOC105372453,ZNF702P	18143
chr19	56050733	56076104	ENSG00000242779[6,8,5]	0	-	56050733	56050733	0	4	2642,81,272,102,	0,12688,18364,25269,	chr19	56061325	56076054	ZNF702P-212|transcribed_processed_pseudogene	0	-	LOC105372453,ZNF702P	14729
chr19	56050733	56076104	ENSG00000242779[6,8,5]	0	-	56050733	56050733	0	4	2642,81,272,102,	0,12688,18364,25269,	chr19	56065361	56069242	ZNF702P-206|transcribed_processed_pseudogene	0	-	LOC105372453,ZNF702P	3881
chr19	56050733	56076104	ENSG00000242779[6,8,5]	0	-	56050733	56050733	0	4	2642,81,272,102,	0,12688,18364,25269,	chr19	56052977	56120465	ZNF702P-210|transcribed_processed_pseudogene	0	-	LOC105372453,ZNF702P,ERVV-1,ARPC1AP2	23127
chr19	56050733	56076104	ENSG00000242779[6,8,5]	0	-	56050733	56050733	0	4	2642,81,272,102,	0,12688,18364,25269,	chr19	56061432	56120450	ZNF702P-203|transcribed_processed_pseudogene	0	-	LOC105372453,ZNF702P,ERVV-1,ARPC1AP2	14672
chr19	56053244	56076104	ENSG00000242779[6,12,6]	0	-	56053244	56053244	0	5	131,81,272,118,102,	0,10177,15853,19371,22758,	chr19	56049618	56075030	ZNF702P-213|transcribed_processed_pseudogene	0	-	LOC105372453,ZNF702P	21786
chr19	56053244	56076104	ENSG00000242779[6,12,6]	0	-	56053244	56053244	0	5	131,81,272,118,102,	0,10177,15853,19371,22758,	chr19	56050783	56076047	ZNF702P-201|transcribed_processed_pseudogene	0	-	LOC105372453,ZNF702P	22803
chr19	56053244	56076104	ENSG00000242779[6,12,6]	0	-	56053244	56053244	0	5	131,81,272,118,102,	0,10177,15853,19371,22758,	chr19	56053294	56076049	ZNF702P-209|transcribed_processed_pseudogene	0	-	LOC105372453,ZNF702P	22755
chr19	56053244	56076104	ENSG00000242779[6,12,6]	0	-	56053244	56053244	0	5	131,81,272,118,102,	0,10177,15853,19371,22758,	chr19	56056574	56076049	ZNF702P-205|transcribed_processed_pseudogene	0	-	LOC105372453,ZNF702P	19475
chr19	56053244	56076104	ENSG00000242779[6,12,6]	0	-	56053244	56053244	0	5	131,81,272,118,102,	0,10177,15853,19371,22758,	chr19	56057905	56076048	ZNF702P-208|transcribed_processed_pseudogene	0	-	LOC105372453,ZNF702P	18143
chr19	56053244	56076104	ENSG00000242779[6,12,6]	0	-	56053244	56053244	0	5	131,81,272,118,102,	0,10177,15853,19371,22758,	chr19	56061325	56076054	ZNF702P-212|transcribed_processed_pseudogene	0	-	LOC105372453,ZNF702P	14729
chr19	56053244	56076104	ENSG00000242779[6,12,6]	0	-	56053244	56053244	0	5	131,81,272,118,102,	0,10177,15853,19371,22758,	chr19	56065361	56069242	ZNF702P-206|transcribed_processed_pseudogene	0	-	LOC105372453,ZNF702P	3881
chr19	56053244	56076104	ENSG00000242779[6,12,6]	0	-	56053244	56053244	0	5	131,81,272,118,102,	0,10177,15853,19371,22758,	chr19	56052977	56120465	ZNF702P-210|transcribed_processed_pseudogene	0	-	LOC105372453,ZNF702P,ERVV-1,ARPC1AP2	22860
chr19	56053244	56076104	ENSG00000242779[6,12,6]	0	-	56053244	56053244	0	5	131,81,272,118,102,	0,10177,15853,19371,22758,	chr19	56061432	56120450	ZNF702P-203|transcribed_processed_pseudogene	0	-	LOC105372453,ZNF702P,ERVV-1,ARPC1AP2	14672
chr19	56057855	56076104	ENSG00000242779[6,9,8]	0	-	56057855	56057855	0	4	478,81,272,102,	0,5566,11242,18147,	chr19	56049618	56075030	ZNF702P-213|transcribed_processed_pseudogene	0	-	LOC105372453,ZNF702P	17175
chr19	56057855	56076104	ENSG00000242779[6,9,8]	0	-	56057855	56057855	0	4	478,81,272,102,	0,5566,11242,18147,	chr19	56050783	56076047	ZNF702P-201|transcribed_processed_pseudogene	0	-	LOC105372453,ZNF702P	18192
chr19	56057855	56076104	ENSG00000242779[6,9,8]	0	-	56057855	56057855	0	4	478,81,272,102,	0,5566,11242,18147,	chr19	56053294	56076049	ZNF702P-209|transcribed_processed_pseudogene	0	-	LOC105372453,ZNF702P	18194
chr19	56057855	56076104	ENSG00000242779[6,9,8]	0	-	56057855	56057855	0	4	478,81,272,102,	0,5566,11242,18147,	chr19	56056574	56076049	ZNF702P-205|transcribed_processed_pseudogene	0	-	LOC105372453,ZNF702P	18194
chr19	56057855	56076104	ENSG00000242779[6,9,8]	0	-	56057855	56057855	0	4	478,81,272,102,	0,5566,11242,18147,	chr19	56057905	56076048	ZNF702P-208|transcribed_processed_pseudogene	0	-	LOC105372453,ZNF702P	18143
chr19	56057855	56076104	ENSG00000242779[6,9,8]	0	-	56057855	56057855	0	4	478,81,272,102,	0,5566,11242,18147,	chr19	56061325	56076054	ZNF702P-212|transcribed_processed_pseudogene	0	-	LOC105372453,ZNF702P	14729
chr19	56057855	56076104	ENSG00000242779[6,9,8]	0	-	56057855	56057855	0	4	478,81,272,102,	0,5566,11242,18147,	chr19	56065361	56069242	ZNF702P-206|transcribed_processed_pseudogene	0	-	LOC105372453,ZNF702P	3881
chr19	56057855	56076104	ENSG00000242779[6,9,8]	0	-	56057855	56057855	0	4	478,81,272,102,	0,5566,11242,18147,	chr19	56052977	56120465	ZNF702P-210|transcribed_processed_pseudogene	0	-	LOC105372453,ZNF702P,ERVV-1,ARPC1AP2	18249
chr19	56057855	56076104	ENSG00000242779[6,9,8]	0	-	56057855	56057855	0	4	478,81,272,102,	0,5566,11242,18147,	chr19	56061432	56120450	ZNF702P-203|transcribed_processed_pseudogene	0	-	LOC105372453,ZNF702P,ERVV-1,ARPC1AP2	14672
chr19	56068924	56076104	ENSG00000242779[6,11,11]	0	-	56068924	56068924	0	3	445,118,102,	0,3691,7078,	chr19	56049618	56075030	ZNF702P-213|transcribed_processed_pseudogene	0	-	LOC105372453,ZNF702P	6106
chr19	56068924	56076104	ENSG00000242779[6,11,11]	0	-	56068924	56068924	0	3	445,118,102,	0,3691,7078,	chr19	56050783	56076047	ZNF702P-201|transcribed_processed_pseudogene	0	-	LOC105372453,ZNF702P	7123
chr19	56068924	56076104	ENSG00000242779[6,11,11]	0	-	56068924	56068924	0	3	445,118,102,	0,3691,7078,	chr19	56053294	56076049	ZNF702P-209|transcribed_processed_pseudogene	0	-	LOC105372453,ZNF702P	7125
chr19	56068924	56076104	ENSG00000242779[6,11,11]	0	-	56068924	56068924	0	3	445,118,102,	0,3691,7078,	chr19	56056574	56076049	ZNF702P-205|transcribed_processed_pseudogene	0	-	LOC105372453,ZNF702P	7125
chr19	56068924	56076104	ENSG00000242779[6,11,11]	0	-	56068924	56068924	0	3	445,118,102,	0,3691,7078,	chr19	56057905	56076048	ZNF702P-208|transcribed_processed_pseudogene	0	-	LOC105372453,ZNF702P	7124
chr19	56068924	56076104	ENSG00000242779[6,11,11]	0	-	56068924	56068924	0	3	445,118,102,	0,3691,7078,	chr19	56061325	56076054	ZNF702P-212|transcribed_processed_pseudogene	0	-	LOC105372453,ZNF702P	7130
chr19	56068924	56076104	ENSG00000242779[6,11,11]	0	-	56068924	56068924	0	3	445,118,102,	0,3691,7078,	chr19	56052977	56120465	ZNF702P-210|transcribed_processed_pseudogene	0	-	LOC105372453,ZNF702P,ERVV-1,ARPC1AP2	7180
chr19	56068924	56076104	ENSG00000242779[6,11,11]	0	-	56068924	56068924	0	3	445,118,102,	0,3691,7078,	chr19	56061432	56120450	ZNF702P-203|transcribed_processed_pseudogene	0	-	LOC105372453,ZNF702P,ERVV-1,ARPC1AP2	7180
chr19	56086558	56087769	ENSG00000268282[1,1,1]	0	+	56086558	56086558	0	1	1211,	0,	chr19	56086608	56087719	retro_human_3764|AC010328.2-201|processed_pseudogene	0	+	ARPC1AP2	1111
chr19	56244639	56272936	ENSG00000197497[1,1,1]	0	-	56246721	56265173	0	4	3974,127,60,125,	0,13082,20519,28172,	chr19	56246707	56257845	retro_human_1847	0	-	ZNF665	11138
chr19	56246353	56272936	ENSG00000197497[1,1,2]	0	-	56246721	56265173	0	4	2260,127,60,125,	0,11368,18805,26458,	chr19	56246707	56257845	retro_human_1847	0	-	ZNF665	11138
chr19	56303457	56304464	ENSG00000267809[1,1,1]	0	-	56303457	56303457	0	1	1007,	0,	chr19	56303507	56304414	retro_human_1979|NDUFV2P1-201|processed_pseudogene	0	-	LOC124908091	907
chr19	56465684	56465940	ENSG00000241069[1,1,1]	0	+	56465684	56465684	0	1	256,	0,	chr19	56465734	56465890	retro_human_9635|AC125388.1-201|transcribed_processed_pseudogene	0	+	RPL39P35,ZNF525	156
chr19	56505523	56506104	ENSG00000249435[1,1,1]	0	-	56505523	56505523	0	1	581,	0,	chr19	56505573	56506054	AC022137.2-201|processed_pseudogene	0	-	ZNF765,ZNF765-ZNF761	481
chr19	56511488	56537864	ENSG00000241015[1,7,5]	0	+	56526822	56536299	255	6	95,219,111,88,127,3661,	0,13067,14292,15261,17576,22715,	chr19	56511538	56524227	TPM3P9-201|transcribed_processed_pseudogene	0	+	ZNF761,TPM3P9	12689
chr19	56511488	56537864	ENSG00000241015[1,8,5]	0	+	56534223	56536299	255	6	95,111,88,127,91,3661,	0,14292,15261,17576,19838,22715,	chr19	56511538	56524227	TPM3P9-201|transcribed_processed_pseudogene	0	+	ZNF761,TPM3P9	12689
chr19	56511488	56537864	ENSG00000241015[1,5,5]	0	+	56534223	56536299	255	7	95,123,111,88,127,91,3661,	0,13067,14292,15261,17576,19838,22715,	chr19	56511538	56524227	TPM3P9-201|transcribed_processed_pseudogene	0	+	ZNF761,TPM3P9	12689
chr19	56511488	56537864	ENSG00000241015[1,9,5]	0	+	56526822	56536299	255	5	95,111,88,127,3661,	0,14292,15261,17576,22715,	chr19	56511538	56524227	TPM3P9-201|transcribed_processed_pseudogene	0	+	ZNF761,TPM3P9	12689
chr19	56511488	56537864	ENSG00000241015[1,10,5]	0	+	56526822	56536299	255	4	95,88,127,3661,	0,15261,17576,22715,	chr19	56511538	56524227	TPM3P9-201|transcribed_processed_pseudogene	0	+	ZNF761,TPM3P9	12689
chr19	56511488	56524277	ENSG00000241015[1,3,2]	0	+	56521886	56522162	255	4	95,171,106,2924,	0,1646,7899,9865,	chr19	56511538	56524227	TPM3P9-201|transcribed_processed_pseudogene	0	+	ZNF761,TPM3P9	12689
chr19	56511488	56522512	ENSG00000241015[1,3,3]	0	+	56521886	56522162	255	4	95,171,106,1159,	0,1646,7899,9865,	chr19	56511538	56524227	TPM3P9-201|transcribed_processed_pseudogene	0	+	ZNF761,TPM3P9	10974
chr19	56511488	56522998	ENSG00000241015[1,3,4]	0	+	56521886	56522162	255	4	95,171,106,1645,	0,1646,7899,9865,	chr19	56511538	56524227	TPM3P9-201|transcribed_processed_pseudogene	0	+	ZNF761,TPM3P9	11460
chr19	56511488	56522512	ENSG00000241015[1,4,3]	0	+	56521886	56522162	255	3	95,106,1159,	0,7899,9865,	chr19	56511538	56524227	TPM3P9-201|transcribed_processed_pseudogene	0	+	ZNF761,TPM3P9	10974
chr19	56511488	56524277	ENSG00000241015[1,4,2]	0	+	56521886	56522162	255	3	95,106,2924,	0,7899,9865,	chr19	56511538	56524227	TPM3P9-201|transcribed_processed_pseudogene	0	+	ZNF761,TPM3P9	12689
chr19	56511488	56537864	ENSG00000241015[1,6,5]	0	+	56526822	56536299	255	6	95,123,111,88,127,3661,	0,13067,14292,15261,17576,22715,	chr19	56511538	56524227	TPM3P9-201|transcribed_processed_pseudogene	0	+	ZNF761,TPM3P9	12689
chr19	56511488	56522512	ENSG00000241015[1,2,3]	0	+	56521886	56522162	0	2	95,1159,	0,9865,	chr19	56511538	56524227	TPM3P9-201|transcribed_processed_pseudogene	0	+	ZNF761,TPM3P9	10974
chr19	56511488	56524277	ENSG00000241015[1,2,2]	0	+	56521886	56522162	0	2	95,2924,	0,9865,	chr19	56511538	56524227	TPM3P9-201|transcribed_processed_pseudogene	0	+	ZNF761,TPM3P9	12689
chr19	56511488	56529957	ENSG00000160336[1,3,2]	0	+	56526822	56529451	0	6	95,123,111,88,127,526,	0,13067,14292,15261,17576,17943,	chr19	56511538	56524227	TPM3P9-201|transcribed_processed_pseudogene	0	+	ZNF761,TPM3P9	12689
chr19	56511490	56524276	ENSG00000196417[4,9,13]	0	+	56521886	56522162	255	5	93,171,153,106,2923,	0,1644,2378,7897,9863,	chr19	56511538	56524227	TPM3P9-201|transcribed_processed_pseudogene	0	+	ZNF761,TPM3P9	12689
chr19	56511490	56522512	ENSG00000196417[4,9,12]	0	+	56521886	56522162	255	5	93,171,153,106,1159,	0,1644,2378,7897,9863,	chr19	56511538	56524227	TPM3P9-201|transcribed_processed_pseudogene	0	+	ZNF761,TPM3P9	10974
chr19	56575433	56575684	ENSG00000241434[1,1,1]	0	+	56575433	56575433	0	1	251,	0,	chr19	56575483	56575634	retro_human_9641|AC022137.1-201|transcribed_processed_pseudogene	0	+	RPL39P37,ZNF813	151
chr19	56582936	56583923	ENSG00000213777[1,1,1]	0	+	56582936	56582936	0	1	987,	0,	chr19	56582986	56583873	AC011487.1-201|transcribed_processed_pseudogene	0	+	ZNF331,VN1R103P	887
chr19	56583363	56592052	ENSG00000213777[2,3,3]	0	+	56583363	56583363	0	2	328,499,	0,8190,	chr19	56583413	56592278	AC011487.1-202|transcribed_processed_pseudogene	0	+	ZNF331,VN1R103P	8639
chr19	56583363	56592052	ENSG00000213777[2,3,3]	0	+	56583363	56583363	0	2	328,499,	0,8190,	chr19	56583562	56592002	AC011487.1-203|transcribed_processed_pseudogene	0	+	ZNF331,VN1R103P	8440
chr19	56855023	56855407	ENSG00000238150[1,1,1]	0	+	56855023	56855023	0	1	384,	0,	chr19	56855073	56855357	retro_human_4155|AC008753.1-201|processed_pseudogene	0	+	RPLP1P12	284
chr19	56873149	56914035	ENSG00000142405[3,8,1]	0	-	56873509	56913922	255	10	445,171,171,171,171,171,171,1702,81,231,	0,2472,4828,7813,10538,11865,14080,16171,21494,40655,	chr19	56885026	56890756	retro_human_2032	0	-	NLRP12	5730
chr19	56873149	56904248	ENSG00000142405[1,2,1]	0	-	56873509	56903978	0	9	445,171,171,171,171,171,1702,81,559,	0,2472,7813,10538,11865,14080,16171,21494,30540,	chr19	56885026	56890756	retro_human_2032	0	-	NLRP12	5730
chr19	56873149	56904248	ENSG00000142405[1,5,1]	0	-	56873509	56903978	0	10	445,171,171,171,171,171,174,1702,81,559,	0,2472,4828,7813,10538,11865,14080,16171,21494,30540,	chr19	56885026	56890756	retro_human_2032	0	-	NLRP12	5730
chr19	56873149	56904248	ENSG00000142405[1,1,1]	0	-	56873509	56903978	0	10	445,171,171,171,171,171,171,1702,81,559,	0,2472,4828,7813,10538,11865,14080,16171,21494,30540,	chr19	56885026	56890756	retro_human_2032	0	-	NLRP12	5730
chr19	57296615	57303944	ENSG00000204577[2,4,2]	0	-	57297483	57303364	0	14	1012,156,53,38,76,117,51,303,297,303,285,36,85,136,	0,1091,2133,2417,2535,2901,3927,4300,4855,5600,6050,6519,6715,7193,	chr19	57300887	57301840	retro_human_2056	0	-	LILRB3	953
chr19	57297221	57303525	ENSG00000204577[1,1,1]	0	-	57297483	57303364	0	13	406,159,53,38,76,117,51,303,297,303,285,36,195,	0,485,1527,1811,1929,2295,3321,3694,4249,4994,5444,5913,6109,	chr19	57300887	57301840	retro_human_2056	0	-	LILRB3	953
chr19	57831383	57845798	ENSG00000243772[1,1,1]	0	+	57831466	57845233	0	8	117,36,300,294,51,105,53,715,	0,909,3382,5200,8665,12982,13549,13700,	chr19	57833055	57835109	retro_human_10040	0	+	KIR2DL3	2054
chr19	58687259	58695616	ENSG00000179943[1,7,1]	0	-	58689435	58695546	255	2	2321,207,	0,8150,	chr19	58688399	58693738	retro_human_5929	0	-	FIZ1	5339
chr19	58687259	58695616	ENSG00000179943[1,6,1]	0	-	58688386	58693801	255	3	2321,330,1186,	0,6248,7171,	chr19	58688399	58693738	retro_human_5929	0	-	FIZ1	5339
chr19	58687259	58694774	ENSG00000179943[3,6,1]	0	-	58688386	58693801	255	3	2321,330,344,	0,6248,7171,	chr19	58688399	58693738	retro_human_5929	0	-	FIZ1	5339
chr19	58687259	58695616	ENSG00000179943[1,8,1]	0	-	58689566	58693801	255	4	2321,115,330,207,	0,4295,6248,8150,	chr19	58688399	58693738	retro_human_5929	0	-	FIZ1	5339
chr19	58687259	58695616	ENSG00000179943[1,3,1]	0	-	58688386	58693801	0	2	2321,2109,	0,6248,	chr19	58688399	58693738	retro_human_5929	0	-	FIZ1	5339
chr19	58687259	58694774	ENSG00000179943[3,3,1]	0	-	58688386	58693801	0	2	2321,1267,	0,6248,	chr19	58688399	58693738	retro_human_5929	0	-	FIZ1	5339
chr19	58687259	58694774	ENSG00000179943[3,4,1]	0	-	58689566	58693801	0	3	2321,115,1267,	0,4295,6248,	chr19	58688399	58693738	retro_human_5929	0	-	FIZ1	5339
chr19	58687259	58695616	ENSG00000179943[1,1,1]	0	-	58688386	58693801	0	3	2321,330,207,	0,6248,8150,	chr19	58688399	58693738	retro_human_5929	0	-	FIZ1	5339
chr19	58689243	58697955	ENSG00000179943[4,3,2]	0	-	58697341	58697611	0	2	337,4448,	0,4264,	chr19	58688399	58693738	retro_human_5929	0	-	FIZ1	4495
chr19	58689243	58693828	ENSG00000179943[2,4,2]	0	-	58689566	58693801	0	3	337,115,321,	0,2311,4264,	chr19	58688399	58693738	retro_human_5929	0	-	FIZ1	4495
chr19	58730883	58741588	ENSG00000171425[5,2,1]	0	+	58740486	58741077	0	2	745,1121,	0,9584,	chr19	58738693	58741077	retro_human_10698	0	+	ZNF581,ZNF580	2384
chr19	58731324	58741588	ENSG00000171425[2,2,1]	0	+	58740486	58741077	0	2	304,1121,	0,9143,	chr19	58738693	58741077	retro_human_10698	0	+	ZNF581,ZNF580	2384
chr19	58736851	58739435	ENSG00000213015[1,5,1]	0	+	58738425	58738941	0	2	249,1080,	0,1504,	chr19	58738693	58741077	retro_human_10698	0	+	ZNF581,ZNF580	742
chr19	58736851	58739435	ENSG00000213015[1,1,1]	0	+	58738425	58738941	0	2	249,1022,	0,1562,	chr19	58738693	58741077	retro_human_10698	0	+	ZNF581,ZNF580	742
chr19	58736897	58741588	ENSG00000171425[4,4,1]	0	+	58740486	58741077	0	2	203,1121,	0,3570,	chr19	58738693	58741077	retro_human_10698	0	+	ZNF581,ZNF580	2384
chr19	58736897	58740955	ENSG00000171425[4,4,2]	0	+	58736897	58736897	0	2	203,488,	0,3570,	chr19	58738693	58741077	retro_human_10698	0	+	ZNF581,ZNF580	2262
chr19	58737629	58739435	ENSG00000213015[2,2,1]	0	+	58738425	58738941	0	1	1806,	0,	chr19	58738693	58741077	retro_human_10698	0	+	ZNF581,ZNF580	742
chr19	58739254	58741588	ENSG00000171425[6,1,1]	0	+	58740486	58741077	0	2	435,1121,	0,1213,	chr19	58738693	58741077	retro_human_10698	0	+	ZNF581,ZNF580	1823
chr19	58739513	58741588	ENSG00000171425[1,1,1]	0	+	58740486	58741077	0	2	176,1121,	0,954,	chr19	58738693	58741077	retro_human_10698	0	+	ZNF581,ZNF580	1564
chr19	58739674	58741588	ENSG00000171425[3,6,1]	0	+	58740486	58741077	255	2	267,1121,	0,793,	chr19	58738693	58741077	retro_human_10698	0	+	ZNF581,ZNF580	1403
chr19	58739674	58741588	ENSG00000171425[3,3,1]	0	+	58740486	58741077	0	2	81,1121,	0,793,	chr19	58738693	58741077	retro_human_10698	0	+	ZNF581,ZNF580	1403
chr19	58804471	58804877	ENSG00000268593[1,1,1]	0	+	58804548	58804851	0	1	406,	0,	chr19	58804521	58804827	AC008749.1-201|processed_pseudogene	0	+	VN1R106P,EPN1	306
chr19	58858399	58862578	ENSG00000223638[1,1,2]	0	+	58861153	58862525	0	3	129,295,628,	0,2745,3551,	chr19	58861881	58862426	retro_human_10697	0	+	RFPL4A	545
chr19	59412925	59415806	ENSG00000267549[2,1,5]	0	+	59412925	59412925	0	1	2881,	0,	chr19	59414898	59415730	VN2R17P-201|processed_pseudogene	0	-	VN2R17P,LOC105372468	832
chr19	59435970	59436431	ENSG00000267145[1,1,1]	0	-	59435970	59435970	0	1	461,	0,	chr19	59436020	59436381	AC006116.4-201|processed_pseudogene	0	-	VN2R18P	361
chr19	59467593	59472416	ENSG00000240225[2,3,1]	0	+	59467593	59467593	0	4	84,93,72,1156,	0,331,1486,3667,	chr19	59471398	59472354	retro_human_4800	0	+	ZNF542P	956
chr19	59860389	59894736	ENSG00000269793[2,3,1]	0	+	59860389	59860389	0	2	121,1660,	0,32687,	chr19	59869738	59877170	retro_human_1267	0	-	ZIM2	7432
chr19	59860389	59894736	ENSG00000269793[2,2,1]	0	+	59860389	59860389	0	4	121,151,253,1660,	0,24622,25749,32687,	chr19	59869738	59877170	retro_human_1267	0	-	ZIM2	7432
chr19	59869582	59935849	ENSG00000269699[1,4,1]	0	-	59869776	59919361	0	12	1033,96,169,80,103,104,84,90,253,76,87,200,	0,4879,7455,15373,44102,47153,48254,49091,49763,51890,61520,66067,	chr19	59869738	59877170	retro_human_1267	0	-	ZIM2	7432
chr19	59869582	59935849	ENSG00000269699[1,3,1]	0	-	59869776	59919361	0	11	1033,96,169,80,103,104,84,90,166,87,200,	0,4879,7455,15373,44102,47153,48254,49091,49763,61520,66067,	chr19	59869738	59877170	retro_human_1267	0	-	ZIM2	7432
chr19	60460456	60475935	ENSG00000152433[1,2,6]	0	+	60468904	60475212	0	5	277,36,122,127,1778,	0,5117,7546,8355,13701,	chr19	60474073	60475656	retro_human_5610	0	+	ZNF547	1583
chr19	60460456	60475935	ENSG00000152433[1,1,6]	0	+	60465585	60475212	0	4	277,36,127,1778,	0,5117,8355,13701,	chr19	60474073	60475656	retro_human_5610	0	+	ZNF547	1583
chr19	60711111	60721701	ENSG00000213762[1,3,1]	0	+	60716397	60718329	0	4	321,86,97,4613,	0,4609,5229,5977,	chr19	60716950	60718344	retro_human_5980	0	+	ZNF134	1394
chr19	60711111	60720330	ENSG00000213762[1,3,5]	0	+	60716397	60718329	0	4	321,86,97,3242,	0,4609,5229,5977,	chr19	60716950	60718344	retro_human_5980	0	+	ZNF134	1394
chr19	60711111	60718903	ENSG00000213762[1,3,4]	0	+	60716397	60718329	0	4	321,86,97,1815,	0,4609,5229,5977,	chr19	60716950	60718344	retro_human_5980	0	+	ZNF134	1394
chr19	60711111	60720330	ENSG00000213762[1,2,5]	0	+	60717057	60718329	0	2	321,3990,	0,5229,	chr19	60716950	60718344	retro_human_5980	0	+	ZNF134	1394
chr19	60711111	60721701	ENSG00000213762[1,4,1]	0	+	60717567	60718329	0	2	321,4613,	0,5977,	chr19	60716950	60718344	retro_human_5980	0	+	ZNF134	1394
chr19	60711111	60720330	ENSG00000213762[1,4,5]	0	+	60717567	60718329	0	2	321,3242,	0,5977,	chr19	60716950	60718344	retro_human_5980	0	+	ZNF134	1394
chr19	60711111	60718903	ENSG00000213762[1,4,4]	0	+	60717567	60718329	0	2	321,1815,	0,5977,	chr19	60716950	60718344	retro_human_5980	0	+	ZNF134	1394
chr19	60711111	60720330	ENSG00000213762[1,1,5]	0	+	60716397	60718329	0	3	321,97,3242,	0,5229,5977,	chr19	60716950	60718344	retro_human_5980	0	+	ZNF134	1394
chr19	60711111	60718903	ENSG00000213762[1,1,4]	0	+	60716397	60718329	0	3	321,97,1815,	0,5229,5977,	chr19	60716950	60718344	retro_human_5980	0	+	ZNF134	1394
chr19	60711111	60721701	ENSG00000213762[1,1,1]	0	+	60716397	60718329	0	3	321,97,4613,	0,5229,5977,	chr19	60716950	60718344	retro_human_5980	0	+	ZNF134	1394
chr19	60794248	60806184	ENSG00000179909[1,4,2]	0	-	60798569	60805901	255	4	525,1801,127,316,	0,3671,7534,11620,	chr19	60798486	60801927	retro_human_6729	0	-	ZNF154	3441
chr19	60794248	60806184	ENSG00000179909[1,2,2]	0	-	60798569	60805901	0	4	3829,1551,127,316,	0,3921,7534,11620,	chr19	60798486	60801927	retro_human_6729	0	-	ZNF154	3441
chr19	60794248	60806184	ENSG00000179909[1,3,2]	0	-	60798569	60805901	0	5	525,158,1551,127,316,	0,3671,3921,7534,11620,	chr19	60798486	60801927	retro_human_6729	0	-	ZNF154	3441
chr19	60794453	60806184	ENSG00000179909[1,1,3]	0	-	60798569	60805901	255	3	5267,127,316,	0,7329,11415,	chr19	60798486	60801927	retro_human_6729	0	-	ZNF154	3441
chr19	60794453	60806184	ENSG00000179909[1,4,3]	0	-	60798569	60805901	255	4	320,1801,127,316,	0,3466,7329,11415,	chr19	60798486	60801927	retro_human_6729	0	-	ZNF154	3441
chr19	60794453	60806184	ENSG00000179909[1,3,3]	0	-	60798569	60805901	0	5	320,158,1551,127,316,	0,3466,3716,7329,11415,	chr19	60798486	60801927	retro_human_6729	0	-	ZNF154	3441
chr19	60797324	60806184	ENSG00000179909[1,1,4]	0	-	60798569	60805901	255	3	2396,127,316,	0,4458,8544,	chr19	60798486	60801927	retro_human_6729	0	-	ZNF154	3441
chr19	60797324	60806184	ENSG00000179909[1,2,4]	0	-	60798569	60805901	0	4	753,1551,127,316,	0,845,4458,8544,	chr19	60798486	60801927	retro_human_6729	0	-	ZNF154	3441
chr19	60799107	60806184	ENSG00000179909[1,1,5]	0	-	60799107	60799107	255	3	613,127,316,	0,2675,6761,	chr19	60798486	60801927	retro_human_6729	0	-	ZNF154	2820
chr19	60843702	60854295	ENSG00000152443[1,7,4]	0	+	60843996	60851622	255	4	327,127,2401,488,	0,4019,6526,10105,	chr19	60850693	60852109	retro_human_233	0	+	ZNF776	1416
chr19	60843702	60855134	ENSG00000152443[1,7,1]	0	+	60843996	60851622	255	4	327,127,2401,1327,	0,4019,6526,10105,	chr19	60850693	60852109	retro_human_233	0	+	ZNF776	1416
chr19	60843702	60855134	ENSG00000152443[1,8,1]	0	+	60843996	60853812	255	3	327,127,1327,	0,4019,10105,	chr19	60850693	60852109	retro_human_233	0	+	ZNF776	1416
chr19	60843702	60855134	ENSG00000152443[1,6,1]	0	+	60843996	60853984	255	4	327,127,89,1327,	0,4019,6526,10105,	chr19	60850693	60852109	retro_human_233	0	+	ZNF776	1416
chr19	60843702	60855134	ENSG00000152443[1,2,1]	0	+	60850347	60851622	0	3	327,127,4923,	0,4019,6509,	chr19	60850693	60852109	retro_human_233	0	+	ZNF776	1416
chr19	60843702	60854295	ENSG00000152443[1,1,4]	0	+	60843996	60851622	0	3	327,127,4067,	0,4019,6526,	chr19	60850693	60852109	retro_human_233	0	+	ZNF776	1416
chr19	60843702	60855134	ENSG00000152443[1,1,1]	0	+	60843996	60851622	0	3	327,127,4906,	0,4019,6526,	chr19	60850693	60852109	retro_human_233	0	+	ZNF776	1416
chr19	60843894	60855134	ENSG00000152443[4,7,1]	0	+	60843996	60851622	255	4	135,127,2401,1327,	0,3827,6334,9913,	chr19	60850693	60852109	retro_human_233	0	+	ZNF776	1416
chr19	60843894	60855134	ENSG00000152443[4,8,1]	0	+	60843996	60853812	255	3	135,127,1327,	0,3827,9913,	chr19	60850693	60852109	retro_human_233	0	+	ZNF776	1416
chr19	60843894	60855134	ENSG00000152443[4,6,1]	0	+	60843996	60853984	255	4	135,127,89,1327,	0,3827,6334,9913,	chr19	60850693	60852109	retro_human_233	0	+	ZNF776	1416
chr19	60843894	60855134	ENSG00000152443[4,1,1]	0	+	60843996	60851622	0	3	135,127,4906,	0,3827,6334,	chr19	60850693	60852109	retro_human_233	0	+	ZNF776	1416
chr19	60847690	60854295	ENSG00000152443[2,4,4]	0	+	60853849	60853984	0	2	158,488,	0,6117,	chr19	60850693	60852109	retro_human_233	0	+	ZNF776	1416
chr19	60850931	60854295	ENSG00000152443[3,5,4]	0	+	60851278	60851752	0	2	1698,488,	0,2876,	chr19	60850693	60852109	retro_human_233	0	+	ZNF776	1178
chr19	60866537	60877588	ENSG00000083828[1,1,1]	0	+	60866776	60876715	0	3	275,127,1916,	0,6928,9135,	chr19	60875621	60876919	retro_human_232	0	+	ZNF586	1298
chr19	60866537	60877588	ENSG00000083828[1,3,1]	0	+	60866776	60876266	0	2	275,1916,	0,9135,	chr19	60875621	60876919	retro_human_232	0	+	ZNF586	1298
chr19	60963897	60965135	ENSG00000269867[1,1,1]	0	-	60964171	60965010	0	2	410,372,	0,866,	chr19	60964882	60965747	retro_human_231|AC010326.4-202|transcribed_processed_pseudogene	0	+	ZNF814,UBE2CP5	253
chr19	60963897	60965135	ENSG00000269867[1,1,1]	0	-	60964171	60965010	0	2	410,372,	0,866,	chr19	60964797	60965688	AC010326.4-201|transcribed_processed_pseudogene	0	+	ZNF814,UBE2CP5	338
chr19	60964747	60965797	ENSG00000270804[1,1,1]	0	+	60964747	60964747	0	1	1050,	0,	chr19	60964882	60965747	retro_human_231|AC010326.4-202|transcribed_processed_pseudogene	0	+	ZNF814,UBE2CP5	865
chr19	60964747	60965797	ENSG00000270804[1,1,1]	0	+	60964747	60964747	0	1	1050,	0,	chr19	60964797	60965688	AC010326.4-201|transcribed_processed_pseudogene	0	+	ZNF814,UBE2CP5	891
chr19	61050054	61050756	ENSG00000243234[1,1,1]	0	-	61050054	61050054	0	1	702,	0,	chr19	61050104	61050706	retro_human_1494|AC010326.1-201|processed_pseudogene	0	-	RPL19P19	602
chr19	61415640	61416953	ENSG00000269794[1,1,1]	0	+	61415640	61415640	0	1	1313,	0,	chr19	61415690	61416903	retro_human_549|AC010642.1-201|processed_pseudogene	0	+	LOC100887072	1213
chr19	61504801	61514334	ENSG00000171574[1,10,1]	0	+	61505341	61513738	255	4	558,127,123,1567,	0,1357,6681,7966,	chr19	61512827	61513951	retro_human_304	0	+	ZNF584	1124
chr19	61504801	61514334	ENSG00000171574[1,11,1]	0	+	61513535	61513820	255	3	558,123,1567,	0,6681,7966,	chr19	61512827	61513951	retro_human_304	0	+	ZNF584	1124
chr19	61504801	61514334	ENSG00000171574[1,3,1]	0	+	61506251	61511873	0	5	558,86,123,148,1567,	0,1398,6681,6950,7966,	chr19	61512827	61513951	retro_human_304	0	+	ZNF584	1124
chr19	61504801	61514334	ENSG00000171574[1,4,1]	0	+	61506251	61513738	0	4	558,86,123,1567,	0,1398,6681,7966,	chr19	61512827	61513951	retro_human_304	0	+	ZNF584	1124
chr19	61504801	61514334	ENSG00000171574[1,2,1]	0	+	61505341	61512812	0	5	558,127,123,122,1567,	0,1357,6681,6976,7966,	chr19	61512827	61513951	retro_human_304	0	+	ZNF584	1124
chr19	61504801	61514334	ENSG00000171574[1,1,1]	0	+	61505341	61513738	0	4	558,151,123,1567,	0,1333,6681,7966,	chr19	61512827	61513951	retro_human_304	0	+	ZNF584	1124
chr19	61511523	61514334	ENSG00000171574[3,6,1]	0	+	61511654	61511873	0	1	2811,	0,	chr19	61512827	61513951	retro_human_304	0	+	ZNF584	1124
chr19	61513676	61514334	ENSG00000171574[4,6,1]	0	+	61514103	61514214	0	1	658,	0,	chr19	61512827	61513951	retro_human_304	0	+	ZNF584	275
chr19	61671130	61682113	ENSG00000213753[1,2,4]	0	+	61671130	61671130	0	2	217,3213,	0,7770,	chr19	61671180	61679302	CENPBD1P1-202|transcribed_processed_pseudogene	0	+	CENPBD2P,MZF1,MZF1-AS1	8122
chr19	61671130	61682113	ENSG00000213753[1,2,4]	0	+	61671130	61671130	0	2	217,3213,	0,7770,	chr19	61673137	61682063	CENPBD1P1-203|transcribed_processed_pseudogene	0	+	CENPBD2P	8926
chr19	61671130	61682113	ENSG00000213753[1,2,4]	0	+	61671130	61671130	0	2	217,3213,	0,7770,	chr19	61673115	61702367	CENPBD1P1-204|transcribed_processed_pseudogene	0	+	LOC107987272,CENPBD2P,RPL23AP79	8998
chr19	61671130	61679952	ENSG00000213753[1,2,7]	0	+	61671130	61671130	0	2	217,1052,	0,7770,	chr19	61671180	61679302	CENPBD1P1-202|transcribed_processed_pseudogene	0	+	CENPBD2P,MZF1,MZF1-AS1	8122
chr19	61671130	61679952	ENSG00000213753[1,2,7]	0	+	61671130	61671130	0	2	217,1052,	0,7770,	chr19	61673137	61682063	CENPBD1P1-203|transcribed_processed_pseudogene	0	+	CENPBD2P	6815
chr19	61671130	61679952	ENSG00000213753[1,2,7]	0	+	61671130	61671130	0	2	217,1052,	0,7770,	chr19	61673115	61702367	CENPBD1P1-204|transcribed_processed_pseudogene	0	+	LOC107987272,CENPBD2P,RPL23AP79	6837
chr19	61671130	61679352	ENSG00000213753[1,2,1]	0	+	61671130	61671130	0	2	217,452,	0,7770,	chr19	61671180	61679302	CENPBD1P1-202|transcribed_processed_pseudogene	0	+	CENPBD2P,MZF1,MZF1-AS1	8122
chr19	61671130	61679352	ENSG00000213753[1,2,1]	0	+	61671130	61671130	0	2	217,452,	0,7770,	chr19	61673137	61682063	CENPBD1P1-203|transcribed_processed_pseudogene	0	+	CENPBD2P	6215
chr19	61671130	61679352	ENSG00000213753[1,2,1]	0	+	61671130	61671130	0	2	217,452,	0,7770,	chr19	61673115	61702367	CENPBD1P1-204|transcribed_processed_pseudogene	0	+	LOC107987272,CENPBD2P,RPL23AP79	6237
chr19	61673065	61697368	ENSG00000213753[2,10,5]	0	+	61673065	61673065	255	2	201,885,	0,23418,	chr19	61671180	61679302	CENPBD1P1-202|transcribed_processed_pseudogene	0	+	CENPBD2P,MZF1,MZF1-AS1	6237
chr19	61673065	61697368	ENSG00000213753[2,10,5]	0	+	61673065	61673065	255	2	201,885,	0,23418,	chr19	61673137	61682063	CENPBD1P1-203|transcribed_processed_pseudogene	0	+	CENPBD2P	8926
chr19	61673065	61697368	ENSG00000213753[2,10,5]	0	+	61673065	61673065	255	2	201,885,	0,23418,	chr19	61673115	61702367	CENPBD1P1-204|transcribed_processed_pseudogene	0	+	LOC107987272,CENPBD2P,RPL23AP79	24253
chr19	61673065	61697002	ENSG00000213753[2,10,2]	0	+	61673065	61673065	255	2	201,519,	0,23418,	chr19	61671180	61679302	CENPBD1P1-202|transcribed_processed_pseudogene	0	+	CENPBD2P,MZF1,MZF1-AS1	6237
chr19	61673065	61697002	ENSG00000213753[2,10,2]	0	+	61673065	61673065	255	2	201,519,	0,23418,	chr19	61673137	61682063	CENPBD1P1-203|transcribed_processed_pseudogene	0	+	CENPBD2P	8926
chr19	61673065	61697002	ENSG00000213753[2,10,2]	0	+	61673065	61673065	255	2	201,519,	0,23418,	chr19	61673115	61702367	CENPBD1P1-204|transcribed_processed_pseudogene	0	+	LOC107987272,CENPBD2P,RPL23AP79	23887
chr19	61673065	61683166	ENSG00000213753[2,4,9]	0	+	61673065	61673065	0	2	201,4266,	0,5835,	chr19	61671180	61679302	CENPBD1P1-202|transcribed_processed_pseudogene	0	+	CENPBD2P,MZF1,MZF1-AS1	6237
chr19	61673065	61683166	ENSG00000213753[2,4,9]	0	+	61673065	61673065	0	2	201,4266,	0,5835,	chr19	61673137	61682063	CENPBD1P1-203|transcribed_processed_pseudogene	0	+	CENPBD2P	8926
chr19	61673065	61683166	ENSG00000213753[2,4,9]	0	+	61673065	61673065	0	2	201,4266,	0,5835,	chr19	61673115	61702367	CENPBD1P1-204|transcribed_processed_pseudogene	0	+	LOC107987272,CENPBD2P,RPL23AP79	10051
chr19	61673065	61680472	ENSG00000213753[2,4,8]	0	+	61673065	61673065	0	2	201,1572,	0,5835,	chr19	61671180	61679302	CENPBD1P1-202|transcribed_processed_pseudogene	0	+	CENPBD2P,MZF1,MZF1-AS1	6237
chr19	61673065	61680472	ENSG00000213753[2,4,8]	0	+	61673065	61673065	0	2	201,1572,	0,5835,	chr19	61673137	61682063	CENPBD1P1-203|transcribed_processed_pseudogene	0	+	CENPBD2P	7335
chr19	61673065	61680472	ENSG00000213753[2,4,8]	0	+	61673065	61673065	0	2	201,1572,	0,5835,	chr19	61673115	61702367	CENPBD1P1-204|transcribed_processed_pseudogene	0	+	LOC107987272,CENPBD2P,RPL23AP79	7357
chr19	61673065	61679952	ENSG00000213753[2,4,7]	0	+	61673065	61673065	0	2	201,1052,	0,5835,	chr19	61671180	61679302	CENPBD1P1-202|transcribed_processed_pseudogene	0	+	CENPBD2P,MZF1,MZF1-AS1	6237
chr19	61673065	61679952	ENSG00000213753[2,4,7]	0	+	61673065	61673065	0	2	201,1052,	0,5835,	chr19	61673137	61682063	CENPBD1P1-203|transcribed_processed_pseudogene	0	+	CENPBD2P	6815
chr19	61673065	61679952	ENSG00000213753[2,4,7]	0	+	61673065	61673065	0	2	201,1052,	0,5835,	chr19	61673115	61702367	CENPBD1P1-204|transcribed_processed_pseudogene	0	+	LOC107987272,CENPBD2P,RPL23AP79	6837
chr19	61673065	61682113	ENSG00000213753[2,4,4]	0	+	61673065	61673065	0	2	201,3213,	0,5835,	chr19	61671180	61679302	CENPBD1P1-202|transcribed_processed_pseudogene	0	+	CENPBD2P,MZF1,MZF1-AS1	6237
chr19	61673065	61682113	ENSG00000213753[2,4,4]	0	+	61673065	61673065	0	2	201,3213,	0,5835,	chr19	61673137	61682063	CENPBD1P1-203|transcribed_processed_pseudogene	0	+	CENPBD2P	8926
chr19	61673065	61682113	ENSG00000213753[2,4,4]	0	+	61673065	61673065	0	2	201,3213,	0,5835,	chr19	61673115	61702367	CENPBD1P1-204|transcribed_processed_pseudogene	0	+	LOC107987272,CENPBD2P,RPL23AP79	8998
chr19	61673065	61697002	ENSG00000213753[2,5,2]	0	+	61673065	61673065	0	4	201,202,127,519,	0,10601,15947,23418,	chr19	61671180	61679302	CENPBD1P1-202|transcribed_processed_pseudogene	0	+	CENPBD2P,MZF1,MZF1-AS1	6237
chr19	61673065	61697002	ENSG00000213753[2,5,2]	0	+	61673065	61673065	0	4	201,202,127,519,	0,10601,15947,23418,	chr19	61673137	61682063	CENPBD1P1-203|transcribed_processed_pseudogene	0	+	CENPBD2P	8926
chr19	61673065	61697002	ENSG00000213753[2,5,2]	0	+	61673065	61673065	0	4	201,202,127,519,	0,10601,15947,23418,	chr19	61673115	61702367	CENPBD1P1-204|transcribed_processed_pseudogene	0	+	LOC107987272,CENPBD2P,RPL23AP79	23887
chr19	61673065	61697368	ENSG00000213753[2,5,5]	0	+	61673065	61673065	0	4	201,202,127,885,	0,10601,15947,23418,	chr19	61671180	61679302	CENPBD1P1-202|transcribed_processed_pseudogene	0	+	CENPBD2P,MZF1,MZF1-AS1	6237
chr19	61673065	61697368	ENSG00000213753[2,5,5]	0	+	61673065	61673065	0	4	201,202,127,885,	0,10601,15947,23418,	chr19	61673137	61682063	CENPBD1P1-203|transcribed_processed_pseudogene	0	+	CENPBD2P	8926
chr19	61673065	61697368	ENSG00000213753[2,5,5]	0	+	61673065	61673065	0	4	201,202,127,885,	0,10601,15947,23418,	chr19	61673115	61702367	CENPBD1P1-204|transcribed_processed_pseudogene	0	+	LOC107987272,CENPBD2P,RPL23AP79	24253
chr19	61673065	61697368	ENSG00000213753[2,6,5]	0	+	61673065	61673065	0	3	201,202,885,	0,10601,23418,	chr19	61671180	61679302	CENPBD1P1-202|transcribed_processed_pseudogene	0	+	CENPBD2P,MZF1,MZF1-AS1	6237
chr19	61673065	61697368	ENSG00000213753[2,6,5]	0	+	61673065	61673065	0	3	201,202,885,	0,10601,23418,	chr19	61673137	61682063	CENPBD1P1-203|transcribed_processed_pseudogene	0	+	CENPBD2P	8926
chr19	61673065	61697368	ENSG00000213753[2,6,5]	0	+	61673065	61673065	0	3	201,202,885,	0,10601,23418,	chr19	61673115	61702367	CENPBD1P1-204|transcribed_processed_pseudogene	0	+	LOC107987272,CENPBD2P,RPL23AP79	24253
chr19	61673065	61697002	ENSG00000213753[2,6,2]	0	+	61673065	61673065	0	3	201,202,519,	0,10601,23418,	chr19	61671180	61679302	CENPBD1P1-202|transcribed_processed_pseudogene	0	+	CENPBD2P,MZF1,MZF1-AS1	6237
chr19	61673065	61697002	ENSG00000213753[2,6,2]	0	+	61673065	61673065	0	3	201,202,519,	0,10601,23418,	chr19	61673137	61682063	CENPBD1P1-203|transcribed_processed_pseudogene	0	+	CENPBD2P	8926
chr19	61673065	61697002	ENSG00000213753[2,6,2]	0	+	61673065	61673065	0	3	201,202,519,	0,10601,23418,	chr19	61673115	61702367	CENPBD1P1-204|transcribed_processed_pseudogene	0	+	LOC107987272,CENPBD2P,RPL23AP79	23887
chr19	61691360	61696922	ENSG00000269600[1,2,3]	0	-	61691360	61691360	0	3	280,111,306,	0,3862,5256,	chr19	61673115	61702367	CENPBD1P1-204|transcribed_processed_pseudogene	0	+	LOC107987272,CENPBD2P,RPL23AP79	5562
chr19	61694144	61696922	ENSG00000269600[1,1,4]	0	-	61694144	61694144	0	2	1189,306,	0,2472,	chr19	61696483	61696952	retro_human_10427|CENPBD1P1-201|transcribed_processed_pseudogene	0	+	RPL23AP79	439
chr19	61694144	61696922	ENSG00000269600[1,1,4]	0	-	61694144	61694144	0	2	1189,306,	0,2472,	chr19	61696487	61696952	RPL23AP84-201|processed_pseudogene	0	+	RPL23AP79	435
chr19	61694649	61696922	ENSG00000269600[1,1,2]	0	-	61694649	61694649	0	2	684,306,	0,1967,	chr19	61696483	61696952	retro_human_10427|CENPBD1P1-201|transcribed_processed_pseudogene	0	+	RPL23AP79	439
chr19	61694649	61696922	ENSG00000269600[1,1,2]	0	-	61694649	61694649	0	2	684,306,	0,1967,	chr19	61696487	61696952	RPL23AP84-201|processed_pseudogene	0	+	RPL23AP79	435
chr19	61694877	61696922	ENSG00000269600[1,1,5]	0	-	61694877	61694877	0	2	456,306,	0,1739,	chr19	61696483	61696952	retro_human_10427|CENPBD1P1-201|transcribed_processed_pseudogene	0	+	RPL23AP79	439
chr19	61694877	61696922	ENSG00000269600[1,1,5]	0	-	61694877	61694877	0	2	456,306,	0,1739,	chr19	61696487	61696952	RPL23AP84-201|processed_pseudogene	0	+	RPL23AP79	435
chr19	61696433	61697002	ENSG00000213753[3,1,2]	0	+	61696433	61696433	0	1	569,	0,	chr19	61696483	61696952	retro_human_10427|CENPBD1P1-201|transcribed_processed_pseudogene	0	+	RPL23AP79	469
chr19	61696433	61697002	ENSG00000213753[3,1,2]	0	+	61696433	61696433	0	1	569,	0,	chr19	61696487	61696952	RPL23AP84-201|processed_pseudogene	0	+	RPL23AP79	465
chr20	886509	887140	ENSG00000101278[1,1,1]	0	-	886509	886509	0	1	631,	0,	chr20	886559	887090	retro_human_6493|RPS10P5-201|processed_pseudogene	0	-	RPS10P5,FAM110A	531
chr20	6254875	6256658	ENSG00000234241[1,1,1]	0	+	6254875	6254875	0	1	1783,	0,	chr20	6254925	6256608	retro_human_1302|AL109618.1-201|processed_pseudogene	0	+	LOC149844	1683
chr20	10655824	10657293	ENSG00000235036[1,1,1]	0	-	10655824	10655824	0	1	1469,	0,	chr20	10655874	10657243	retro_human_1185|AL035456.1-201|processed_pseudogene	0	-	LOC100421490	1369
chr20	21555854	21559628	ENSG00000278041[1,1,1]	0	-	21555854	21555854	0	1	3774,	0,	chr20	21558038	21558612	retro_human_6632|GSTM3P1-201|processed_pseudogene	0	+	GSTM3P1,LOC112268271	574
chr20	21567606	21570421	ENSG00000125820[3,1,1]	0	-	21568565	21570309	0	2	1519,371,	0,2444,	chr20	21568764	21569216	retro_human_3789	0	-	NKX2-2	452
chr20	21567606	21570193	ENSG00000125820[2,1,1]	0	-	21568565	21568838	0	2	1519,143,	0,2444,	chr20	21568764	21569216	retro_human_3789	0	-	NKX2-2	452
chr20	21567606	21570754	ENSG00000125820[1,1,1]	0	-	21568565	21570309	0	2	1519,704,	0,2444,	chr20	21568764	21569216	retro_human_3789	0	-	NKX2-2	452
chr20	24050564	24051827	ENSG00000167390[1,1,1]	0	+	24050564	24050564	0	1	1263,	0,	chr20	24050749	24052323	retro_human_10654	0	+	POM121L3P	1078
chr20	33009410	33011029	ENSG00000224628[1,1,1]	0	-	33009410	33009410	0	1	1619,	0,	chr20	33009460	33010979	retro_human_4203|AL121723.1-201|processed_pseudogene	0	-	LOC149935	1519
chr20	33446068	33448071	ENSG00000281376[1,1,1]	0	+	33446068	33446068	0	1	2003,	0,	chr20	33446216	33446575	retro_human_4197	0	-	ABALON,BCL2L1	359
chr20	33446216	33447760	ENSG00000171552[6,17,4]	0	-	33446637	33446745	0	2	726,531,	0,1013,	chr20	33446216	33446575	retro_human_4197	0	-	ABALON,BCL2L1	359
chr20	33910349	33912540	ENSG00000235217[5,1,1]	0	-	33910349	33910349	0	1	2191,	0,	chr20	33910399	33914283	retro_human_4196|TSPY26P-202|transcribed_processed_pseudogene	0	-	TSPY26P	2141
chr20	33910349	33912115	ENSG00000235217[4,1,1]	0	-	33910349	33910349	0	1	1766,	0,	chr20	33910399	33914283	retro_human_4196|TSPY26P-202|transcribed_processed_pseudogene	0	-	TSPY26P	1716
chr20	33910349	33911812	ENSG00000235217[3,1,1]	0	-	33910349	33910349	0	1	1463,	0,	chr20	33910399	33914283	retro_human_4196|TSPY26P-202|transcribed_processed_pseudogene	0	-	TSPY26P	1413
chr20	33910349	33914333	ENSG00000235217[1,1,1]	0	-	33910349	33910349	0	1	3984,	0,	chr20	33910399	33914283	retro_human_4196|TSPY26P-202|transcribed_processed_pseudogene	0	-	TSPY26P	3884
chr20	33911895	33912540	ENSG00000235217[5,1,3]	0	-	33911895	33911895	0	1	645,	0,	chr20	33910399	33914283	retro_human_4196|TSPY26P-202|transcribed_processed_pseudogene	0	-	TSPY26P	645
chr20	33911895	33914333	ENSG00000235217[1,1,3]	0	-	33911895	33911895	0	1	2438,	0,	chr20	33910399	33914283	retro_human_4196|TSPY26P-202|transcribed_processed_pseudogene	0	-	TSPY26P	2388
chr20	33913074	33914500	ENSG00000235217[2,1,2]	0	-	33913074	33913074	0	1	1426,	0,	chr20	33910399	33914283	retro_human_4196|TSPY26P-202|transcribed_processed_pseudogene	0	-	TSPY26P	1209
chr20	35968989	35969674	ENSG00000236456[1,1,1]	0	-	35968989	35968989	0	1	685,	0,	chr20	35969039	35969624	retro_human_10103|AL035458.1-201|processed_pseudogene	0	-	LOC729557	585
chr20	36938733	36939010	ENSG00000229230[1,1,1]	0	+	36938733	36938733	0	1	277,	0,	chr20	36938783	36938960	retro_human_3535|MT1P3-201|processed_pseudogene	0	+	MT1P3,MMP24-AS1-EDEM2	177
chr20	37154157	37159123	ENSG00000125965[1,1,1]	0	-	37154772	37158773	0	2	1487,981,	0,3985,	chr20	37154773	37155750	retro_human_4607	0	-	GDF5,GDF5-AS1	977
chr20	45256453	45256865	ENSG00000234271[1,1,1]	0	-	45256453	45256453	0	1	412,	0,	chr20	45256503	45256815	retro_human_10506|Z98752.2-201|processed_pseudogene	0	-	LOC107985380	312
chr20	47559654	47560933	ENSG00000101470[4,3,1]	0	-	47560748	47560862	255	2	216,452,	0,827,	chr20	47560782	47561109	retro_human_5007	0	-	TNNC2	151
chr20	47559654	47560933	ENSG00000101470[4,4,1]	0	-	47559841	47560862	255	3	216,137,151,	0,827,1128,	chr20	47560782	47561109	retro_human_5007	0	-	TNNC2	151
chr20	48199949	48201424	ENSG00000225849[1,1,2]	0	-	48199949	48199949	0	1	1475,	0,	chr20	48199999	48201374	retro_human_10910|MKRN7P-201|transcribed_processed_pseudogene	0	-	MKRN7P,ZNF334	1375
chr20	48199949	48201424	ENSG00000225849[1,1,2]	0	-	48199949	48199949	0	1	1475,	0,	chr20	48199818	48213336	MKRN7P-202|transcribed_processed_pseudogene	0	-	MKRN7P,ZNF334	1475
chr20	58236867	58237123	ENSG00000228601[1,1,1]	0	-	58236867	58236867	0	1	256,	0,	chr20	58236917	58237073	retro_human_5401|RPL39P-201|processed_pseudogene	0	-	RPL39P,CASS4	156
chr20	63826717	63827345	ENSG00000235018[1,1,1]	0	-	63826744	63826942	0	1	628,	0,	chr20	63826767	63827295	retro_human_9495|AL137077.1-201|processed_pseudogene	0	-	RPL17P48	528
chr20	64645175	64645524	ENSG00000233838[1,1,1]	0	+	64645175	64645175	0	1	349,	0,	chr20	64645225	64645474	retro_human_881|DPH3P1-201|processed_pseudogene	0	+	DPH3P1,TCFL5	249
chr20	65149321	65168024	ENSG00000101204[1,1,1]	0	-	65152891	65167790	0	6	3693,1375,110,45,152,310,	0,6482,13296,13692,16821,18393,	chr20	65156437	65162730	retro_human_9507	0	-	CHRNA4	6293
chr20	65150167	65168024	ENSG00000101204[1,1,2]	0	-	65152891	65167790	0	6	2847,1375,110,45,152,310,	0,5636,12450,12846,15975,17547,	chr20	65156437	65162730	retro_human_9507	0	-	CHRNA4	6293
chr20	65150545	65168024	ENSG00000101204[1,1,16]	0	-	65152891	65167790	0	6	2469,1375,110,45,152,310,	0,5258,12072,12468,15597,17169,	chr20	65156437	65162730	retro_human_9507	0	-	CHRNA4	6293
chr20	65893208	65897340	ENSG00000171700[5,8,1]	0	-	65893914	65897281	255	5	895,235,75,122,176,	0,994,1317,3371,3956,	chr20	65893948	65894433	retro_human_8314	0	-	RGS19	485
chr20	65893208	65894396	ENSG00000171700[4,6,1]	0	-	65893914	65894382	255	2	895,194,	0,994,	chr20	65893948	65894433	retro_human_8314	0	-	RGS19	448
chr20	65893208	65897340	ENSG00000171700[5,9,1]	0	-	65893914	65896941	255	6	895,235,75,122,98,176,	0,994,1317,3371,3703,3956,	chr20	65893948	65894433	retro_human_8314	0	-	RGS19	485
chr20	66147746	66148401	ENSG00000274727[1,1,1]	0	-	66147746	66147746	0	1	655,	0,	chr20	66147796	66148351	AL137028.1-201|processed_pseudogene	0	-	IQSEC3P3	555
chr21	12106594	12108684	ENSG00000280172[1,1,1]	0	+	12106594	12106594	0	1	2090,	0,	chr21	12106644	12108634	retro_human_3935|FP475955.4-201|processed_pseudogene	0	+	FEM1AP1	1990
chr21	3001194	3002486	ENSG00000280330[1,1,1]	0	+	3001194	3001194	0	1	1292,	0,	chr21	3001245	3002436	retro_human_2547|CTBP2P9-1|processed_pseudogene	0	+	LOC124908150	1191
chr13	5663425	5664716	ENSG00000279177[1,1,1]	0	+	5664716	5664716	0	1	1291,	0,	chr13	5663475	5664666	retro_human_10766|CTBP2P9-201|processed_pseudogene	0	+	LOC124907016	1191
chr21	5650974	5651583	ENSG00000279414[1,1,1]	0	-	5650974	5650974	0	1	609,	0,	chr21	5651024	5651533	CR392039.3-201|processed_pseudogene	0	-	CDRT15P9	509
chr21	5692525	5695728	ENSG00000188681[5,21,1]	0	-	5692525	5692525	255	4	385,155,231,689,	0,1170,1938,2514,	chr21	5694461	5697695	retro_human_10618	0	-	TEKT4P2	1267
chr21	5692525	5695911	ENSG00000188681[6,21,1]	0	-	5692525	5692525	255	4	385,155,231,872,	0,1170,1938,2514,	chr21	5694461	5697695	retro_human_10618	0	-	TEKT4P2	1450
chr21	9718060	9732729	ENSG00000270533[2,3,3]	0	-	9718060	9718060	255	2	351,119,	0,14550,	chr21	9588384	9732679	CR382285.1-201|transcribed_processed_pseudogene	0	-	LOC105372734,LOC105372733	14619
chr13	13705270	13706177	ENSG00000275945[1,1,1]	0	+	13705270	13705270	0	1	907,	0,	chr13	13705230	13706127	retro_human_11146|AL356585.1-201|processed_pseudogene	0	+	EIF3FP2	857
chr21	12106593	12108688	ENSG00000229231[1,1,1]	0	+	12106593	12106593	0	1	2095,	0,	chr21	12106644	12108634	retro_human_3935|FP475955.4-201|processed_pseudogene	0	+	FEM1AP1	1990
chr21	25193794	25200603	ENSG00000154734[7,14,1]	0	-	25195670	25200043	255	8	2573,176,176,187,287,168,133,176,	0,2733,3881,4169,4570,5292,6152,6633,	chr21	25195752	25196703	retro_human_10146	0	-	ADAMTS1	951
chr21	25194325	25203550	ENSG00000154734[1,17,2]	0	-	25199030	25203045	255	7	2042,176,176,1291,133,347,1235,	0,2202,3350,3638,5621,6102,7990,	chr21	25195752	25196703	retro_human_10146	0	-	ADAMTS1	951
chr21	25194325	25203550	ENSG00000154734[1,19,2]	0	-	25196526	25203045	255	8	2378,176,187,287,168,133,347,1235,	0,3350,3638,4039,4761,5621,6102,7990,	chr21	25195752	25196703	retro_human_10146	0	-	ADAMTS1	951
chr21	25194325	25203550	ENSG00000154734[1,16,2]	0	-	25195670	25199294	255	8	2042,176,176,187,287,993,347,1235,	0,2202,3350,3638,4039,4761,6102,7990,	chr21	25195752	25196703	retro_human_10146	0	-	ADAMTS1	951
chr21	25194325	25203550	ENSG00000154734[1,18,2]	0	-	25198319	25203045	255	8	2042,176,176,688,168,133,347,1235,	0,2202,3350,3638,4761,5621,6102,7990,	chr21	25195752	25196703	retro_human_10146	0	-	ADAMTS1	951
chr21	25194325	25203550	ENSG00000154734[1,15,2]	0	-	25195670	25198126	255	7	2042,176,176,688,993,347,1235,	0,2202,3350,3638,4761,6102,7990,	chr21	25195752	25196703	retro_human_10146	0	-	ADAMTS1	951
chr21	25194325	25203550	ENSG00000154734[1,14,2]	0	-	25195670	25200718	255	8	2042,176,176,187,287,168,133,3123,	0,2202,3350,3638,4039,4761,5621,6102,	chr21	25195752	25196703	retro_human_10146	0	-	ADAMTS1	951
chr21	25194325	25200603	ENSG00000154734[7,14,2]	0	-	25195670	25200043	255	8	2042,176,176,187,287,168,133,176,	0,2202,3350,3638,4039,4761,5621,6102,	chr21	25195752	25196703	retro_human_10146	0	-	ADAMTS1	951
chr21	25194325	25203550	ENSG00000154734[1,1,2]	0	-	25195670	25203045	0	9	2042,176,176,187,287,168,133,347,1235,	0,2202,3350,3638,4039,4761,5621,6102,7990,	chr21	25195752	25196703	retro_human_10146	0	-	ADAMTS1	951
chr21	25195233	25203550	ENSG00000154734[1,16,6]	0	-	25195670	25199294	255	8	1134,176,176,187,287,993,347,1235,	0,1294,2442,2730,3131,3853,5194,7082,	chr21	25195752	25196703	retro_human_10146	0	-	ADAMTS1	951
chr21	25195233	25203550	ENSG00000154734[1,18,6]	0	-	25198319	25203045	255	8	1134,176,176,688,168,133,347,1235,	0,1294,2442,2730,3853,4713,5194,7082,	chr21	25195752	25196703	retro_human_10146	0	-	ADAMTS1	951
chr21	25195233	25200603	ENSG00000154734[7,14,6]	0	-	25195670	25200043	255	8	1134,176,176,187,287,168,133,176,	0,1294,2442,2730,3131,3853,4713,5194,	chr21	25195752	25196703	retro_human_10146	0	-	ADAMTS1	951
chr21	25195233	25203550	ENSG00000154734[1,1,6]	0	-	25195670	25203045	0	9	1134,176,176,187,287,168,133,347,1235,	0,1294,2442,2730,3131,3853,4713,5194,7082,	chr21	25195752	25196703	retro_human_10146	0	-	ADAMTS1	951
chr21	25196131	25198628	ENSG00000154734[3,3,3]	0	-	25196699	25198038	0	4	236,176,176,665,	0,396,1544,1832,	chr21	25195752	25196703	retro_human_10146	0	-	ADAMTS1	572
chr21	25276285	25324950	ENSG00000154736[3,1,1]	0	-	25282472	25324778	0	8	6752,176,176,184,284,168,133,1276,	0,12013,14132,14995,16600,25520,36866,47389,	chr21	25313069	25324523	retro_human_10036	0	-	LOC124908133,ADAMTS5	11454
chr21	25281282	25324282	ENSG00000154736[4,1,3]	0	-	25282472	25323944	0	8	1755,176,176,184,284,168,133,608,	0,7016,9135,9998,11603,20523,31869,42392,	chr21	25313069	25324523	retro_human_10036	0	-	LOC124908133,ADAMTS5	11213
chr21	25281962	25324445	ENSG00000154736[5,1,4]	0	-	25282472	25323944	0	8	1075,176,176,184,284,168,133,771,	0,6336,8455,9318,10923,19843,31189,41712,	chr21	25313069	25324523	retro_human_10036	0	-	LOC124908133,ADAMTS5	11376
chr21	34514743	34518664	ENSG00000236830[2,1,1]	0	-	34514743	34514743	0	2	1362,1008,	0,2913,	chr21	34515480	34516063	retro_human_9414|RPS9P1-201|processed_pseudogene	0	+	RPS9P1,CBR3-AS1	583
chr21	34514743	34518664	ENSG00000236830[2,4,1]	0	-	34514743	34514743	0	2	1362,340,	0,3581,	chr21	34515480	34516063	retro_human_9414|RPS9P1-201|processed_pseudogene	0	+	RPS9P1,CBR3-AS1	583
chr21	34515430	34516113	ENSG00000214889[1,1,1]	0	+	34515430	34515430	0	1	683,	0,	chr21	34515480	34516063	retro_human_9414|RPS9P1-201|processed_pseudogene	0	+	RPS9P1,CBR3-AS1	583
chr21	34515721	34518664	ENSG00000236830[2,4,4]	0	-	34515721	34515721	0	2	384,340,	0,2603,	chr21	34515480	34516063	retro_human_9414|RPS9P1-201|processed_pseudogene	0	+	RPS9P1,CBR3-AS1	342
chr21	42685968	42687571	ENSG00000160226[3,5,3]	0	-	42685968	42685968	0	2	103,482,	0,1121,	chr21	42687088	42687348	retro_human_97	0	-	CFAP410	260
chr21	43433195	43436273	ENSG00000235374[4,3,1]	0	-	43433195	43433195	255	2	1422,1569,	0,1509,	chr21	43434026	43436448	retro_human_10903|SSR4P1-202|transcribed_processed_pseudogene	0	-	LOC105372836,SSR4P1	2247
chr21	43433195	43436498	ENSG00000235374[3,3,1]	0	-	43433195	43433195	255	2	1422,1794,	0,1509,	chr21	43434026	43436448	retro_human_10903|SSR4P1-202|transcribed_processed_pseudogene	0	-	LOC105372836,SSR4P1	2422
chr21	43433195	43435555	ENSG00000235374[2,1,1]	0	-	43433195	43433195	0	1	2360,	0,	chr21	43434026	43436448	retro_human_10903|SSR4P1-202|transcribed_processed_pseudogene	0	-	LOC105372836,SSR4P1	1529
chr21	43433195	43436273	ENSG00000235374[4,2,1]	0	-	43433195	43433195	0	2	1422,190,	0,2888,	chr21	43434026	43436448	retro_human_10903|SSR4P1-202|transcribed_processed_pseudogene	0	-	LOC105372836,SSR4P1	2247
chr21	43433976	43436273	ENSG00000235374[4,3,2]	0	-	43433976	43433976	255	2	641,1569,	0,728,	chr21	43434026	43436448	retro_human_10903|SSR4P1-202|transcribed_processed_pseudogene	0	-	LOC105372836,SSR4P1	2247
chr21	43433976	43436498	ENSG00000235374[3,2,2]	0	-	43433976	43433976	0	2	641,415,	0,2107,	chr21	43434026	43436448	retro_human_10903|SSR4P1-202|transcribed_processed_pseudogene	0	-	LOC105372836,SSR4P1	2422
chr21	43433976	43434583	ENSG00000235374[1,1,2]	0	-	43433976	43433976	0	1	607,	0,	chr21	43434026	43436448	retro_human_10903|SSR4P1-202|transcribed_processed_pseudogene	0	-	LOC105372836,SSR4P1	557
chr21	45039857	45040422	ENSG00000230982[1,1,1]	0	-	45039857	45039857	0	1	565,	0,	chr21	45039907	45040372	DSTNP1-201|processed_pseudogene	0	-	DSTNP1,PRMT2	465
chr22	16135970	16138339	ENSG00000215268[1,1,1]	0	-	16135970	16135970	0	1	2369,	0,	chr22	16136020	16138289	retro_human_11112|AP000533.2-201|processed_pseudogene	0	-	LOC780780	2269
chr22	16428181	16429330	ENSG00000215270[1,1,1]	0	-	16428181	16428181	0	1	1149,	0,	chr22	16428231	16429280	retro_human_9276|TOMM40P2-201|processed_pseudogene	0	-	TOMM40P2,NBEAP3	1049
chr22	17770349	17770777	ENSG00000235328[1,1,1]	0	-	17770349	17770349	0	1	428,	0,	chr22	17770399	17770727	retro_human_9271|AC006946.1-201|processed_pseudogene	0	-	RPL31P62	328
chr22	17869373	17869846	ENSG00000236325[1,1,1]	0	+	17869373	17869373	0	1	473,	0,	chr22	17869423	17869796	retro_human_6933|AC005300.1-201|processed_pseudogene	0	+	RPL32P5	373
chr22	18086365	18087597	ENSG00000229492[1,1,1]	0	+	18086449	18086881	0	1	1232,	0,	chr22	18086415	18087547	FO681548.1-201|processed_pseudogene	0	+	TERF2IPP1	1132
chr22	19523065	19524882	ENSG00000063515[1,1,2]	0	-	19523533	19524823	0	3	570,254,318,	0,1137,1499,	chr22	19524065	19524376	retro_human_3798	0	-	GSC2	311
chr22	20169113	20170014	ENSG00000235776[1,1,1]	0	+	20169113	20169113	0	1	901,	0,	chr22	20169163	20169964	retro_human_3496|AC000089.1-201|processed_pseudogene	0	+	RPL7AP70	801
chr22	20264109	20264891	ENSG00000232926[1,1,1]	0	+	20264109	20264109	0	1	782,	0,	chr22	20264159	20264841	retro_human_8117|AC000078.1-201|processed_pseudogene	0	+	RPL8P5	682
chr22	20854357	20856160	ENSG00000215493[1,1,1]	0	+	20854357	20854357	0	1	1803,	0,	chr22	20854407	20856110	retro_human_8108|AC007731.1-201|processed_pseudogene	0	+	LOC100420177	1703
chr22	21416733	21423116	ENSG00000161149[1,2,3]	0	-	21416733	21416733	0	3	1494,207,561,	0,3424,5822,	chr22	21417535	21418287	retro_human_8876	0	-	TUBA3FP,THAP7-AS1	752
chr22	21416733	21423116	ENSG00000161149[1,1,3]	0	-	21416733	21416733	0	4	1494,207,143,561,	0,3424,5082,5822,	chr22	21417535	21418287	retro_human_8876	0	-	TUBA3FP,THAP7-AS1	752
chr22	21416916	21423116	ENSG00000161149[1,2,2]	0	-	21416916	21416916	0	3	1311,207,561,	0,3241,5639,	chr22	21417535	21418287	retro_human_8876	0	-	TUBA3FP,THAP7-AS1	752
chr22	21417360	21423116	ENSG00000161149[1,1,1]	0	-	21417360	21417360	0	4	867,207,143,561,	0,2797,4455,5195,	chr22	21417535	21418287	retro_human_8876	0	-	TUBA3FP,THAP7-AS1	752
chr22	21437426	21441370	ENSG00000099960[1,4,1]	0	-	21437816	21439695	255	5	563,109,641,144,81,	0,668,1043,2163,3863,	chr22	21438848	21440535	retro_human_8879	0	-	SLC7A4	1687
chr22	21437426	21441370	ENSG00000099960[1,2,1]	0	-	21437816	21440571	0	5	563,109,641,1025,81,	0,668,1043,2163,3863,	chr22	21438848	21440535	retro_human_8879	0	-	SLC7A4	1687
chr22	21437426	21441370	ENSG00000099960[1,1,1]	0	-	21437816	21440571	0	5	563,109,641,1022,81,	0,668,1043,2163,3863,	chr22	21438848	21440535	retro_human_8879	0	-	SLC7A4	1687
chr22	22528339	22531601	ENSG00000263366[1,1,1]	0	-	22528339	22528339	0	2	452,571,	0,2691,	chr22	22528389	22531551	retro_human_7103|ABHD17AP5-201|processed_pseudogene	0	-	ABHD17AP5,IGL	3162
chr22	22636690	22638170	ENSG00000228050[1,1,1]	0	-	22636690	22636690	0	1	1480,	0,	chr22	22636740	22638120	TOP3BP1-201|processed_pseudogene	0	-	TOP3BP1,IGL	1380
chr22	22658268	22659104	ENSG00000169575[1,1,1]	0	+	22658352	22658873	0	2	130,620,	0,216,	chr22	22658436	22658792	retro_human_478	0	+	VPREB1,IGL	356
chr22	22658268	22659104	ENSG00000169575[1,2,1]	0	+	22658341	22658873	0	2	130,606,	0,230,	chr22	22658436	22658792	retro_human_478	0	+	VPREB1,IGL	356
chr22	23411083	23411502	ENSG00000237472[1,1,1]	0	+	23411083	23411083	0	1	419,	0,	chr22	23411133	23411452	retro_human_2206|AC245054.2-201|processed_pseudogene	0	+	LOC100287966	319
chr22	23813307	23825374	ENSG00000133519[2,2,1]	0	-	23813307	23813307	0	3	1169,824,262,	0,9204,11805,	chr22	23815305	23817684	retro_human_3324	0	+	CCDC188BP,ZDHHC8BP	2379
chr22	23813307	23825528	ENSG00000133519[3,2,1]	0	-	23813307	23813307	0	3	1169,824,416,	0,9204,11805,	chr22	23815305	23817684	retro_human_3324	0	+	CCDC188BP,ZDHHC8BP	2379
chr22	24380447	24381947	ENSG00000099977[1,6,2]	0	-	24381121	24381820	0	2	902,235,	0,1265,	chr22	24381122	24381358	retro_human_2747	0	-	DDT	236
chr22	24380447	24381947	ENSG00000099977[1,4,2]	0	-	24380727	24381820	0	3	317,176,235,	0,726,1265,	chr22	24381122	24381358	retro_human_2747	0	-	DDT	236
chr22	24380447	24381947	ENSG00000099977[1,3,2]	0	-	24380546	24381820	0	3	313,176,235,	0,726,1265,	chr22	24381122	24381358	retro_human_2747	0	-	DDT	236
chr22	24713565	24714950	ENSG00000128262[2,1,1]	0	+	24713565	24713565	0	1	1385,	0,	chr22	24713739	24715450	retro_human_3331	0	+	POM121L9P	1211
chr22	25640519	25640865	ENSG00000271181[1,1,1]	0	-	25640519	25640519	0	1	346,	0,	chr22	25640569	25640815	retro_human_6377|Z99916.2-201|processed_pseudogene	0	-	LOC101232810	246
chr22	25810642	25811526	ENSG00000231466[1,1,1]	0	-	25810642	25810642	0	1	884,	0,	chr22	25810692	25811476	retro_human_8482|AL022324.2-201|processed_pseudogene	0	-	LOC100419673	784
chr22	29297146	29297491	ENSG00000224256[1,1,1]	0	-	29297146	29297146	0	1	345,	0,	chr22	29297196	29297441	Z93930.1-201|processed_pseudogene	0	-	LOC646408	245
chr22	30568393	30568808	ENSG00000226573[1,1,1]	0	-	30568393	30568393	0	1	415,	0,	chr22	30568443	30568758	retro_human_3028|AC003071.1-201|processed_pseudogene	0	-	RPL36P17	315
chr22	31005890	31007760	ENSG00000225774[1,1,1]	0	+	31005890	31005890	0	1	1870,	0,	chr22	31005940	31007710	retro_human_5212|SIRPAP1-201|processed_pseudogene	0	+	SIRPAP1,SEC14L6	1770
chr22	31576479	31576959	ENSG00000235573[1,1,1]	0	+	31576479	31576479	0	1	480,	0,	chr22	31576529	31576909	retro_human_6828|AC005005.2-201|processed_pseudogene	0	+	RPS15AP37	380
chr22	32503589	32504096	ENSG00000232346[1,1,1]	0	+	32503589	32503589	0	1	507,	0,	chr22	32503639	32504046	retro_human_6832|Z74021.1-201|processed_pseudogene	0	+	RPS17P16	407
chr22	32654466	32669206	ENSG00000128253[1,7,1]	0	-	32654856	32657269	255	5	968,291,54,218,417,	0,2517,3960,11949,14323,	chr22	32654989	32657278	retro_human_8114	0	-	RFPL2	2289
chr22	32654466	32666704	ENSG00000128253[2,5,1]	0	-	32654856	32657269	0	3	968,291,289,	0,2517,11949,	chr22	32654989	32657278	retro_human_8114	0	-	RFPL2	2289
chr22	32654466	32667610	ENSG00000128253[3,3,1]	0	-	32654856	32666534	0	5	968,291,146,218,887,	0,2517,3960,11949,12257,	chr22	32654989	32657278	retro_human_8114	0	-	RFPL2	2289
chr22	32654466	32657533	ENSG00000128253[4,4,1]	0	-	32654856	32657356	0	2	968,550,	0,2517,	chr22	32654989	32657278	retro_human_8114	0	-	RFPL2	2289
chr22	32654735	32666704	ENSG00000128253[2,6,2]	0	-	32654856	32657269	0	4	699,291,54,289,	0,2248,3691,11680,	chr22	32654989	32657278	retro_human_8114	0	-	RFPL2	2289
chr22	32733417	32737249	ENSG00000214076[1,1,1]	0	+	32733417	32733417	0	1	3832,	0,	chr22	32733467	32737199	retro_human_7579|CPSF1P1-201|transcribed_processed_pseudogene	0	+	CPSF1P1,SLC5A4-AS1	3732
chr22	35578586	35689999	ENSG00000233080[2,2,1]	0	-	35578586	35578586	0	6	131,55,168,122,163,109,	0,239,51732,52636,75124,111304,	chr22	35578636	35689949	LINC01399-201|transcribed_processed_pseudogene	0	-	LINC01399,COX7BP1	111313
chr22	40440313	40442226	ENSG00000100351[5,7,2]	0	+	40440462	40442070	0	2	209,333,	0,1580,	chr22	40441822	40442055	retro_human_7026	0	+	GRAP2	233
chr22	41538943	41539625	ENSG00000237214[1,1,1]	0	+	41538943	41538943	0	1	682,	0,	chr22	41538993	41539575	retro_human_1638|AL080243.2-201|processed_pseudogene	0	+	RPS9P2	582
chr22	41664611	41665173	ENSG00000215771[1,1,1]	0	-	41664611	41664611	0	1	562,	0,	chr22	41664661	41665123	LRRC37A14P-201|processed_pseudogene	0	-	LOC646927,LRRC37A14P	462
chr22	43334268	43334765	ENSG00000226989[1,1,1]	0	-	43334384	43334693	0	1	497,	0,	chr22	43334318	43334715	retro_human_4671|AL049758.1-201|processed_pseudogene	0	-	LOC692246	397
chr22	43573314	43573772	ENSG00000234735[1,1,1]	0	+	43573314	43573314	0	1	458,	0,	chr22	43573364	43573722	retro_human_1649|AL022237.1-201|processed_pseudogene	0	+	RPS25P10	358
chr22	44242020	44242832	ENSG00000233157[1,1,1]	0	-	44242265	44242445	0	1	812,	0,	chr22	44242070	44242782	retro_human_4670|Z97055.1-201|processed_pseudogene	0	-	LOC100419506	712
chr22	44440121	44440543	ENSG00000224856[1,1,1]	0	+	44440171	44440441	0	1	422,	0,	chr22	44440171	44440493	retro_human_1594|AL035398.1-201|processed_pseudogene	0	+	RPL35AP36	322
chr22	46277072	46278391	ENSG00000235347[1,1,1]	0	-	46277072	46277072	0	1	1319,	0,	chr22	46277122	46278341	retro_human_5983|Z84478.1-201|processed_pseudogene	0	-	LOC100113375	1219
chr22	50465123	50468783	ENSG00000198355[2,6,1]	0	+	50465608	50467785	255	6	570,110,51,370,177,1138,	0,662,855,979,2226,2522,	chr22	50466247	50466729	retro_human_6716	0	+	PIM3	482
chr22	50465123	50468783	ENSG00000198355[2,8,1]	0	+	50467444	50467785	255	5	570,110,494,177,1183,	0,662,855,2226,2477,	chr22	50466247	50466729	retro_human_6716	0	+	PIM3	482
chr22	50465123	50468783	ENSG00000198355[2,5,1]	0	+	50465608	50467694	255	6	570,110,51,370,177,1181,	0,662,855,979,2226,2479,	chr22	50466247	50466729	retro_human_6716	0	+	PIM3	482
chr22	50465123	50468783	ENSG00000198355[2,1,1]	0	+	50465608	50467785	0	6	570,110,51,370,177,1183,	0,662,855,979,2226,2477,	chr22	50466247	50466729	retro_human_6716	0	+	PIM3	482
chr22	50465378	50468783	ENSG00000198355[1,15,1]	0	+	50467444	50467785	255	2	2148,1183,	0,2222,	chr22	50466247	50466729	retro_human_6716	0	+	PIM3	482
chr22	50465378	50468783	ENSG00000198355[1,11,1]	0	+	50467444	50467785	255	4	517,494,177,1183,	0,600,1971,2222,	chr22	50466247	50466729	retro_human_6716	0	+	PIM3	482
chr22	50465378	50468783	ENSG00000198355[1,13,1]	0	+	50467683	50467785	255	2	1094,1434,	0,1971,	chr22	50466247	50466729	retro_human_6716	0	+	PIM3	482
chr22	50465378	50468783	ENSG00000198355[1,14,1]	0	+	50467444	50467785	255	3	1094,177,1183,	0,1971,2222,	chr22	50466247	50466729	retro_human_6716	0	+	PIM3	482
chr22	50465378	50468783	ENSG00000198355[1,7,1]	0	+	50465608	50467785	255	6	315,110,51,157,177,1183,	0,407,600,937,1971,2222,	chr22	50466247	50466729	retro_human_6716	0	+	PIM3	482
chr22	50465378	50468783	ENSG00000198355[1,9,1]	0	+	50467444	50467785	255	5	315,244,370,177,1183,	0,407,724,1971,2222,	chr22	50466247	50466729	retro_human_6716	0	+	PIM3	482
chr22	50465378	50468783	ENSG00000198355[1,12,1]	0	+	50467444	50467785	255	4	651,370,177,1183,	0,724,1971,2222,	chr22	50466247	50466729	retro_human_6716	0	+	PIM3	482
chr22	50465378	50468783	ENSG00000198355[1,6,1]	0	+	50465608	50467785	255	6	315,110,51,370,177,1138,	0,407,600,724,1971,2267,	chr22	50466247	50466729	retro_human_6716	0	+	PIM3	482
chr22	50465378	50468783	ENSG00000198355[1,4,1]	0	+	50465608	50467579	255	5	315,110,51,370,1434,	0,407,600,724,1971,	chr22	50466247	50466729	retro_human_6716	0	+	PIM3	482
chr22	50465378	50468783	ENSG00000198355[1,8,1]	0	+	50467444	50467785	255	5	315,110,494,177,1183,	0,407,600,1971,2222,	chr22	50466247	50466729	retro_human_6716	0	+	PIM3	482
chr22	50465378	50468783	ENSG00000198355[1,10,1]	0	+	50467444	50467785	255	5	517,51,370,177,1183,	0,600,724,1971,2222,	chr22	50466247	50466729	retro_human_6716	0	+	PIM3	482
chr22	50465378	50468783	ENSG00000198355[1,5,1]	0	+	50465608	50467694	255	6	315,110,51,370,177,1181,	0,407,600,724,1971,2224,	chr22	50466247	50466729	retro_human_6716	0	+	PIM3	482
chr22	50465378	50466357	ENSG00000198355[1,2,2]	0	+	50465608	50465985	0	3	517,51,255,	0,600,724,	chr22	50466247	50466729	retro_human_6716	0	+	PIM3	110
chr22	50465378	50468783	ENSG00000198355[1,1,1]	0	+	50465608	50467785	0	6	315,110,51,370,177,1183,	0,407,600,724,1971,2222,	chr22	50466247	50466729	retro_human_6716	0	+	PIM3	482
chr22	51135478	51138733	ENSG00000100299[1,10,2]	0	-	51135658	51137419	255	6	497,103,128,125,170,1389,	0,611,968,1186,1623,1866,	chr22	51137680	51138230	retro_human_10562	0	-	ARSA	550
chr22	51135478	51138327	ENSG00000100299[6,12,2]	0	-	51135658	51137196	255	6	497,103,128,125,816,261,	0,611,968,1186,1623,2588,	chr22	51137680	51138230	retro_human_10562	0	-	ARSA	550
chr22	51135478	51138733	ENSG00000100299[1,12,2]	0	-	51135658	51137196	255	6	497,103,128,125,816,667,	0,611,968,1186,1623,2588,	chr22	51137680	51138230	retro_human_10562	0	-	ARSA	550
chr22	51135478	51138327	ENSG00000100299[6,14,2]	0	-	51135921	51138290	255	7	497,128,125,170,219,241,261,	0,968,1186,1623,1866,2198,2588,	chr22	51137680	51138230	retro_human_10562	0	-	ARSA	550
chr22	51135478	51138733	ENSG00000100299[1,14,2]	0	-	51135921	51138290	255	7	497,128,125,170,219,241,667,	0,968,1186,1623,1866,2198,2588,	chr22	51137680	51138230	retro_human_10562	0	-	ARSA	550
chr22	51135478	51138327	ENSG00000100299[6,13,2]	0	-	51135658	51137419	255	7	497,103,128,125,170,573,261,	0,611,968,1186,1623,1866,2588,	chr22	51137680	51138230	retro_human_10562	0	-	ARSA	550
chr22	51135478	51138733	ENSG00000100299[1,13,2]	0	-	51135658	51137419	255	7	497,103,128,125,170,573,667,	0,611,968,1186,1623,1866,2588,	chr22	51137680	51138230	retro_human_10562	0	-	ARSA	550
chr22	51135478	51138733	ENSG00000100299[1,9,2]	0	-	51135658	51137196	255	5	497,103,128,125,1632,	0,611,968,1186,1623,	chr22	51137680	51138230	retro_human_10562	0	-	ARSA	550
chr22	51135478	51138327	ENSG00000100299[6,9,2]	0	-	51135658	51137196	255	5	497,103,128,125,1226,	0,611,968,1186,1623,	chr22	51137680	51138230	retro_human_10562	0	-	ARSA	550
chr22	51135478	51138733	ENSG00000100299[1,5,2]	0	-	51135658	51137883	0	8	497,103,128,125,170,219,241,277,	0,611,968,1186,1623,1866,2198,2978,	chr22	51137680	51138230	retro_human_10562	0	-	ARSA	550
chr22	51135478	51138733	ENSG00000100299[1,2,2]	0	-	51135658	51138290	0	9	497,103,128,125,170,219,241,237,325,	0,611,968,1186,1623,1866,2198,2588,2930,	chr22	51137680	51138230	retro_human_10562	0	-	ARSA	550
chr22	51135478	51138733	ENSG00000100299[1,4,2]	0	-	51135658	51138290	0	9	497,103,128,125,170,219,241,237,232,	0,611,968,1186,1623,1866,2198,2588,3023,	chr22	51137680	51138230	retro_human_10562	0	-	ARSA	550
chr22	51135478	51138733	ENSG00000100299[1,3,2]	0	-	51135658	51138290	0	9	497,103,128,125,170,219,241,237,277,	0,611,968,1186,1623,1866,2198,2588,2978,	chr22	51137680	51138230	retro_human_10562	0	-	ARSA	550
chr22	51135478	51138327	ENSG00000100299[6,1,2]	0	-	51135658	51138290	0	8	497,103,128,125,170,219,241,261,	0,611,968,1186,1623,1866,2198,2588,	chr22	51137680	51138230	retro_human_10562	0	-	ARSA	550
chr22	51135478	51138733	ENSG00000100299[1,1,2]	0	-	51135658	51138290	0	8	497,103,128,125,170,219,241,667,	0,611,968,1186,1623,1866,2198,2588,	chr22	51137680	51138230	retro_human_10562	0	-	ARSA	550
chr22	51137051	51138733	ENSG00000100299[1,8,3]	0	-	51137547	51138290	0	2	866,667,	0,1015,	chr22	51137680	51138230	retro_human_10562	0	-	ARSA	550
chr22	51268122	51268982	ENSG00000213683[1,1,1]	0	-	51268122	51268122	0	1	860,	0,	chr22	51268172	51268932	retro_human_10563|AC002056.1-201|processed_pseudogene	0	-	LOC150417	760
chr22	51312134	51313120	ENSG00000184319[3,1,2]	0	+	51312134	51312134	0	1	986,	0,	chr22	51312286	51312645	retro_human_4140	0	+	RPL23AP82	359
chr1	16478290	16481348	TALONG000059677[1,1,1]	0	-	16481348	16481348	0	9	323,140,107,147,78,121,37,885,240,	0,447,683,871,1145,1395,1604,1732,2818,	chr1	16480738	16482323	retro_human_5052	0	-	LOC102724562	610
chr1	16478290	16481159	TALONG000059677[2,2,1]	0	-	16481159	16481159	0	6	323,140,107,147,496,1137,	0,447,683,871,1145,1732,	chr1	16480738	16482323	retro_human_5052	0	-	LOC102724562	421
