chr1	146488	151124	ENSG00000230021[8,12,3]	0	-	146488	146488	0	2	227,257,	0,4379,	chr1	148607	151413	retro_human_9205|CICP3-201|processed_pseudogene	0	+	CICP3	2517
chr1	809162	809629	ENSG00000223663[1,1,1]	0	+	809162	809162	0	1	467,	0,	chr1	809212	809579	retro_human_7358|NDUFB4P8-201|processed_pseudogene	0	+	intergenic	367
chr1	11421822	11424559	ENSG00000224904[1,1,1]	0	+	11421822	11421822	0	1	2737,	0,	chr1	11421872	11424509	retro_human_7777|SBF1P2-201|processed_pseudogene	0	+	SBF1P2	2637
chr1	15049257	15049804	ENSG00000235084[1,1,1]	0	+	15049257	15049257	0	1	547,	0,	chr1	15049307	15049754	retro_human_8340|CHCHD2P6-201|processed_pseudogene	0	+	CHCHD2P6	447
chr1	15059304	15059629	ENSG00000236500[1,1,1]	0	-	15059304	15059304	0	1	325,	0,	chr1	15059354	15059579	retro_human_336|CD24P1-201|processed_pseudogene	0	-	CD24P1	225
chr1	15682495	15682781	ENSG00000233929[1,1,1]	0	-	15682495	15682495	0	1	286,	0,	chr1	15682545	15682731	retro_human_338|MT1XP1-201|processed_pseudogene	0	-	MT1XP1	186
chr1	16401182	16401717	ENSG00000236698[1,1,1]	0	-	16401182	16401182	0	1	535,	0,	chr1	16401232	16401667	retro_human_341|EIF1AXP1-201|processed_pseudogene	0	-	EIF1AXP1	435
chr1	18415442	18415765	ENSG00000225478[1,1,1]	0	+	18415442	18415442	0	1	323,	0,	chr1	18415492	18415715	AL031737.1-201|processed_pseudogene	0	+	intergenic	223
chr1	27042009	27042749	ENSG00000214973[1,1,1]	0	-	27042009	27042009	0	1	740,	0,	chr1	27042059	27042699	retro_human_5477|CHCHD3P3-201|processed_pseudogene	0	-	CHCHD3P3	640
chr1	27937524	27938305	ENSG00000228589[1,1,1]	0	-	27937524	27937524	0	1	781,	0,	chr1	27937574	27938255	retro_human_10996|SPCS2P4-201|processed_pseudogene	0	-	SPCS2P4	681
chr1	32259974	32261081	ENSG00000224333[1,1,1]	0	-	32259974	32259974	0	1	1107,	0,	chr1	32260024	32261031	retro_human_4221|GAPDHP20-201|processed_pseudogene	0	-	GAPDHP20	1007
chr1	40002176	40002961	ENSG00000226745[1,1,1]	0	+	40002176	40002176	0	1	785,	0,	chr1	40002226	40002911	retro_human_11102|OAZ1P1-201|processed_pseudogene	0	+	OAZ1P1	685
chr1	44651273	44651758	ENSG00000234093[1,1,1]	0	-	44651273	44651273	0	1	485,	0,	chr1	44651323	44651708	retro_human_6703|RPS15AP11-201|processed_pseudogene	0	-	RPS15AP11	385
chr1	44715105	44715367	ENSG00000226499[1,1,1]	0	-	44715105	44715105	0	1	262,	0,	chr1	44715155	44715317	AL136380.1-201|processed_pseudogene	0	-	intergenic	162
chr1	52250091	52250759	ENSG00000224680[1,1,1]	0	+	52250091	52250091	0	1	668,	0,	chr1	52250141	52250709	retro_human_5996|PLA2G12AP1-201|processed_pseudogene	0	+	PLA2G12AP1	568
chr1	52454533	52455336	ENSG00000236290[1,1,1]	0	+	52454533	52454533	0	1	803,	0,	chr1	52454583	52455286	retro_human_5989|EEF1GP7-201|processed_pseudogene	0	+	EEF1GP7	703
chr1	53319222	53321857	ENSG00000236253[4,1,3]	0	-	53319222	53319222	0	1	2635,	0,	chr1	53320608	53321539	SLC25A3P1-201|transcribed_processed_pseudogene	0	-	SLC25A3P1	931
chr1	53319222	53321857	ENSG00000236253[4,1,3]	0	-	53319222	53319222	0	1	2635,	0,	chr1	53320948	53321807	SLC25A3P1-202|transcribed_processed_pseudogene	0	-	SLC25A3P1	859
chr1	53320557	53321589	ENSG00000236253[1,1,2]	0	-	53320557	53320557	0	1	1032,	0,	chr1	53320608	53321539	SLC25A3P1-201|transcribed_processed_pseudogene	0	-	SLC25A3P1	931
chr1	53320557	53321589	ENSG00000236253[1,1,2]	0	-	53320557	53320557	0	1	1032,	0,	chr1	53320948	53321807	SLC25A3P1-202|transcribed_processed_pseudogene	0	-	SLC25A3P1	641
chr1	53857827	53858990	ENSG00000219102[1,1,1]	0	-	53857827	53857827	0	1	1163,	0,	chr1	53857877	53858940	retro_human_6468|HNRNPA3P12-201|processed_pseudogene	0	-	HNRNPA3P12	1063
chr1	56498222	56498465	ENSG00000225475[1,1,1]	0	-	56498222	56498222	0	1	243,	0,	chr1	56498274	56498415	AC099789.1-201|processed_pseudogene	0	-	intergenic	141
chr1	58430826	58431347	ENSG00000270209[1,1,1]	0	-	58430826	58430826	0	1	521,	0,	chr1	58430876	58431297	AL035411.2-201|processed_pseudogene	0	-	intergenic	421
chr1	67438560	67439034	ENSG00000238139[1,1,1]	0	+	67438560	67438560	0	1	474,	0,	chr1	67438610	67438984	AL590559.1-201|processed_pseudogene	0	+	intergenic	374
chr1	71244763	71245113	ENSG00000226324[1,1,1]	0	-	71244763	71244763	0	1	350,	0,	chr1	71244813	71245063	retro_human_8970|AL358453.1-201|processed_pseudogene	0	-	intergenic	250
chr1	76537373	76538223	ENSG00000226415[1,1,1]	0	+	76537373	76537373	0	1	850,	0,	chr1	76537423	76538173	retro_human_6606|TPI1P1-201|processed_pseudogene	0	+	TPI1P1	750
chr1	80120972	80121691	ENSG00000236407[1,1,1]	0	+	80120972	80120972	0	1	719,	0,	chr1	80121022	80121641	retro_human_1197|HMGB1P18-201|processed_pseudogene	0	+	HMGB1P18	619
chr1	88947587	88948170	ENSG00000234518[1,1,1]	0	-	88947587	88947587	0	1	583,	0,	chr1	88947637	88948120	retro_human_1829|PTGES3P1-201|processed_pseudogene	0	-	PTGES3P1	483
chr1	89836764	89837593	ENSG00000228175[1,1,1]	0	-	89836764	89836764	0	1	829,	0,	chr1	89836814	89837543	retro_human_109|GEMIN8P4-201|processed_pseudogene	0	-	GEMIN8P4	729
chr1	90868487	90869473	ENSG00000232393[1,1,1]	0	+	90868487	90868487	0	1	986,	0,	chr1	90868537	90869423	retro_human_6206|RPL5P6-201|processed_pseudogene	0	+	RPL5P6	886
chr1	93769478	93769978	ENSG00000223490[1,1,1]	0	-	93769478	93769478	0	1	500,	0,	chr1	93769528	93769928	CHCHD2P5-201|processed_pseudogene	0	-	CHCHD2P5	400
chr1	96526957	96527804	ENSG00000137970[1,1,1]	0	-	96526957	96526957	0	1	847,	0,	chr1	96527007	96527754	retro_human_10319|RPL7P9-201|processed_pseudogene	0	-	RPL7P9	747
chr1	108541679	108542445	ENSG00000226483[1,1,1]	0	+	108541679	108541679	0	1	766,	0,	chr1	108541729	108542395	retro_human_5372|AL392088.1-201|processed_pseudogene	0	+	intergenic	666
chr1	109679810	109680640	ENSG00000235045[1,1,1]	0	+	109679810	109679810	0	1	830,	0,	chr1	109679860	109680590	retro_human_35|RPL7P8-201|processed_pseudogene	0	+	RPL7P8	730
chr1	109820735	109821192	ENSG00000224927[1,1,1]	0	-	109820735	109820735	0	1	457,	0,	chr1	109820785	109821142	retro_human_7083|NDUFA5P10-201|processed_pseudogene	0	-	NDUFA5P10	357
chr1	111394923	111395304	ENSG00000236012[1,1,1]	0	+	111394923	111394923	0	1	381,	0,	chr1	111394973	111395254	retro_human_4569|HIGD1AP12-201|processed_pseudogene	0	+	HIGD1AP12	281
chr1	111452147	111452771	ENSG00000233337[1,1,1]	0	+	111452147	111452147	0	1	624,	0,	chr1	111452197	111452721	retro_human_8213|UBE2FP3-201|processed_pseudogene	0	+	UBE2FP3	524
chr1	115575696	115576628	ENSG00000232185[1,1,1]	0	+	115575696	115575696	0	1	932,	0,	chr1	115575746	115576578	retro_human_2739|CNOT7P2-201|processed_pseudogene	0	+	CNOT7P2	832
chr1	117787258	117787778	ENSG00000228217[1,1,1]	0	-	117787258	117787258	0	1	520,	0,	chr1	117787308	117787728	PNRC2P1-201|processed_pseudogene	0	-	PNRC2P1	420
chr1	118627493	118628907	ENSG00000226126[1,1,1]	0	-	118627493	118627493	0	1	1414,	0,	chr1	118627543	118628857	retro_human_856|PSMC1P12-201|processed_pseudogene	0	-	PSMC1P12	1314
chr1	121511661	121513309	ENSG00000233432[1,1,1]	0	+	121511661	121511661	0	1	1648,	0,	chr1	121511711	121513259	retro_human_1733|MTIF2P1-201|processed_pseudogene	0	+	MTIF2P1	1548
chr1	142838601	142841245	ENSG00000242352[1,1,1]	0	+	142838601	142838601	0	1	2644,	0,	chr1	142838651	142841195	retro_human_2142|FAM91A3P-201|transcribed_processed_pseudogene	0	+	FAM91A3P	2544
chr1	146489311	146489742	ENSG00000235988[1,1,1]	0	+	146489742	146489742	0	1	431,	0,	chr1	146489361	146489692	AC245100.5-201|processed_pseudogene	0	+	intergenic	331
chr1	156195995	156197626	ENSG00000237842[1,1,1]	0	-	156195995	156195995	0	1	1631,	0,	chr1	156196045	156197576	retro_human_3832|SMU1P1-201|processed_pseudogene	0	-	SMU1P1	1531
chr1	156210022	156211570	ENSG00000224520[1,1,1]	0	+	156210022	156210022	0	1	1548,	0,	chr1	156210072	156211520	retro_human_183|KRT8P45-201|processed_pseudogene	0	+	KRT8P45	1448
chr1	156998213	156998577	ENSG00000227425[1,1,1]	0	+	156998213	156998213	0	1	364,	0,	chr1	156998263	156998527	retro_human_181|MRPS21P2-201|processed_pseudogene	0	+	MRPS21P2	264
chr1	161029106	161029621	ENSG00000213075[1,1,2]	0	-	161029106	161029106	0	1	515,	0,	chr1	161028012	161029571	retro_human_5977|RPL31P11-201|transcribed_processed_pseudogene	0	-	RPL31P11	465
chr1	161029106	161029621	ENSG00000213075[1,1,2]	0	-	161029106	161029106	0	1	515,	0,	chr1	161029156	161029528	RPL31P11-202|transcribed_processed_pseudogene	0	-	RPL31P11	372
chr1	163702501	163703199	ENSG00000213070[1,1,1]	0	+	163702501	163702501	0	1	698,	0,	chr1	163702551	163703149	retro_human_8960|HMGB3P6-201|processed_pseudogene	0	+	HMGB3P6	598
chr1	166093169	166094550	ENSG00000232341[1,1,1]	0	+	166093169	166093169	0	1	1381,	0,	chr1	166093219	166094500	retro_human_3470|RPL4P2-201|processed_pseudogene	0	+	RPL4P2	1281
chr1	167562072	167562526	ENSG00000237049[1,1,1]	0	+	167562072	167562072	0	1	454,	0,	chr1	167562122	167562476	retro_human_1754|RPL34P1-201|processed_pseudogene	0	+	RPL34P1	354
chr1	171039543	171040954	ENSG00000230364[1,1,1]	0	-	171039543	171039543	0	1	1411,	0,	chr1	171039593	171040904	retro_human_1899|RPL4P3-201|processed_pseudogene	0	-	RPL4P3	1311
chr1	175277246	175277517	ENSG00000230777[1,1,1]	0	+	175277246	175277246	0	1	271,	0,	chr1	175277296	175277467	retro_human_4076|RPS29P5-201|processed_pseudogene	0	+	RPS29P5	171
chr1	181695520	181695954	ENSG00000231684[1,1,1]	0	+	181695520	181695520	0	1	434,	0,	chr1	181695570	181695904	retro_human_5502|EIF1P3-201|processed_pseudogene	0	+	EIF1P3	334
chr1	185933017	185934138	ENSG00000228238[1,1,1]	0	+	185933017	185933017	0	1	1121,	0,	chr1	185933067	185934088	retro_human_6966|AL096803.1-201|processed_pseudogene	0	+	intergenic	1021
chr1	190492387	190493424	ENSG00000228020[1,1,1]	0	-	190492387	190492387	0	1	1037,	0,	chr1	190492437	190493374	retro_human_5863|HNRNPA1P46-201|processed_pseudogene	0	-	HNRNPA1P46	937
chr1	200120733	200121178	ENSG00000231333[1,1,1]	0	+	200120733	200120733	0	1	445,	0,	chr1	200120783	200121128	retro_human_3648|RPL34P6-201|processed_pseudogene	0	+	RPL34P6	345
chr1	202518473	202519304	ENSG00000236523[1,1,1]	0	+	202518473	202518473	0	1	831,	0,	chr1	202518523	202519254	retro_human_9117|NPM1P40-201|processed_pseudogene	0	+	NPM1P40	731
chr1	203167628	203168019	ENSG00000232917[1,1,1]	0	-	203167628	203167628	0	1	391,	0,	chr1	203167678	203167969	retro_human_5485|HSPE1P6-201|processed_pseudogene	0	-	HSPE1P6	291
chr1	210687843	210688476	ENSG00000238137[1,1,1]	0	+	210687843	210687843	0	1	633,	0,	chr1	210687893	210688426	retro_human_2837|ARPC3P2-201|processed_pseudogene	0	+	ARPC3P2	533
chr1	212098209	212098455	ENSG00000235182[1,1,1]	0	+	212098209	212098209	0	1	246,	0,	chr1	212098259	212098405	AC104333.1-201|processed_pseudogene	0	+	intergenic	146
chr1	221495756	221496820	ENSG00000227613[1,1,1]	0	-	221495756	221495756	0	1	1064,	0,	chr1	221495806	221496770	retro_human_4043|QRSL1P2-201|processed_pseudogene	0	-	QRSL1P2	964
chr1	223053403	223054629	ENSG00000188460[1,1,1]	0	-	223053403	223053403	0	1	1226,	0,	chr1	223053453	223054579	retro_human_1299|ACTBP11-201|processed_pseudogene	0	-	ACTBP11	1126
chr1	228949235	228949600	ENSG00000229367[1,1,1]	0	+	228949235	228949235	0	1	365,	0,	chr1	228949285	228949550	retro_human_2071|HMGN2P19-201|processed_pseudogene	0	+	HMGN2P19	265
chr1	234488863	234489189	ENSG00000233018[1,1,1]	0	-	234488863	234488863	0	1	326,	0,	chr1	234488913	234489139	retro_human_5729|AL732292.1-201|processed_pseudogene	0	-	intergenic	226
chr1	242386024	242386204	ENSG00000230199[1,1,1]	0	+	242386024	242386024	0	1	180,	0,	chr1	242386074	242386154	AL603825.1-201|processed_pseudogene	0	+	intergenic	80
chr1	243811315	243812100	ENSG00000225401[1,1,1]	0	-	243811315	243811315	0	1	785,	0,	chr1	243811365	243812050	retro_human_4845|TGIF2P1-201|processed_pseudogene	0	-	TGIF2P1	685
chr1	246551987	246552697	ENSG00000226164[1,1,1]	0	+	246551987	246551987	0	1	710,	0,	chr1	246552037	246552647	FGFR3P6-201|processed_pseudogene	0	+	FGFR3P6	610
chr1	246608262	246608632	ENSG00000224014[1,1,1]	0	+	246608262	246608262	0	1	370,	0,	chr1	246608312	246608582	retro_human_130|AL390728.3-201|processed_pseudogene	0	+	intergenic	270
chr1	248375151	248375714	ENSG00000233084[1,1,1]	0	+	248375151	248375151	0	1	563,	0,	chr1	248375201	248375664	retro_human_4465|RPL23AP25-201|processed_pseudogene	0	+	RPL23AP25	463
chr2	19859761	19860188	ENSG00000213403[1,1,1]	0	+	19859761	19859761	0	1	427,	0,	chr2	19859811	19860138	retro_human_7359|CISD1P1-201|processed_pseudogene	0	+	CISD1P1	327
chr2	20273380	20274635	ENSG00000235411[1,1,1]	0	-	20273380	20273380	0	1	1255,	0,	chr2	20273430	20274585	retro_human_5692|DRG1P1-201|processed_pseudogene	0	-	DRG1P1	1155
chr2	26717273	26717665	ENSG00000225024[1,1,1]	0	-	26717273	26717273	0	1	392,	0,	chr2	26717323	26717615	retro_human_325|RPL37P11-201|processed_pseudogene	0	-	RPL37P11	292
chr2	31868910	31871896	ENSG00000237007[1,1,1]	0	-	31868910	31868910	0	1	2986,	0,	chr2	31869007	31871846	retro_human_3107|KRT18P52-201|processed_pseudogene	0	-	KRT18P52	2839
chr2	31868910	31871896	ENSG00000237007[1,1,1]	0	-	31868910	31868910	0	1	2986,	0,	chr2	31869007	31871846	retro_human_6102|KRT18P52-201|processed_pseudogene	0	-	KRT18P52	2839
chr2	38542428	38543210	ENSG00000271443[2,2,2]	0	-	38542428	38542428	0	2	242,428,	0,354,	chr2	38542168	38542606	retro_human_10337|AC011247.2-201|transcribed_processed_pseudogene	0	-	intergenic	178
chr2	38542428	38543210	ENSG00000271443[2,2,2]	0	-	38542428	38542428	0	2	242,428,	0,354,	chr2	38542478	38543160	AC011247.2-202|transcribed_processed_pseudogene	0	-	intergenic	682
chr2	57045308	57046395	ENSG00000271115[1,1,1]	0	-	57045308	57045308	0	1	1087,	0,	chr2	57045358	57046345	retro_human_3162|EIF2S2P7-201|processed_pseudogene	0	-	EIF2S2P7	987
chr2	58256218	58257404	ENSG00000233426[1,1,1]	0	+	58256218	58256218	0	1	1186,	0,	chr2	58256268	58257354	retro_human_8545|EIF3FP3-201|processed_pseudogene	0	+	EIF3FP3	1086
chr2	60942604	60943935	ENSG00000237522[1,1,1]	0	-	60942604	60942604	0	1	1331,	0,	chr2	60942654	60943885	retro_human_9440|NONOP2-201|processed_pseudogene	0	-	NONOP2	1231
chr2	60943989	60944488	ENSG00000232713[1,1,1]	0	-	60943989	60943989	0	1	499,	0,	chr2	60944037	60944438	retro_human_9439|RPS12P3-201|processed_pseudogene	0	-	RPS12P3	401
chr2	62152589	62153430	ENSG00000242735[1,1,1]	0	+	62152589	62152589	0	1	841,	0,	chr2	62152639	62153380	retro_human_5408|RPSAP26-201|processed_pseudogene	0	+	RPSAP26	741
chr2	64674995	64675553	ENSG00000227791[1,1,1]	0	+	64674995	64674995	0	1	558,	0,	chr2	64675045	64675503	retro_human_9108|RPS10P9-201|processed_pseudogene	0	+	RPS10P9	458
chr2	65213121	65213533	ENSG00000273763[1,1,1]	0	-	65213121	65213121	0	1	412,	0,	chr2	65213240	65213483	AC007318.1-202|transcribed_processed_pseudogene	0	-	intergenic	243
chr2	65214727	65215708	ENSG00000172974[1,1,1]	0	+	65214727	65214727	0	1	981,	0,	chr2	65214777	65215658	retro_human_10945|VDAC2P5-201|processed_pseudogene	0	+	VDAC2P5	881
chr2	65677444	65678587	ENSG00000214533[1,1,1]	0	+	65677444	65677444	0	1	1143,	0,	chr2	65677494	65678537	retro_human_8955|KRT18P33-201|processed_pseudogene	0	+	KRT18P33	1043
chr2	68135763	68136346	ENSG00000236259[1,1,1]	0	+	68135763	68135763	0	1	583,	0,	chr2	68135813	68136296	retro_human_8954|PPIAP64-201|processed_pseudogene	0	+	PPIAP64	483
chr2	71996880	71997233	ENSG00000233971[1,1,1]	0	-	71996880	71996880	0	1	353,	0,	chr2	71996930	71997183	retro_human_3962|RPS20P10-201|processed_pseudogene	0	-	RPS20P10	253
chr2	74359645	74360031	ENSG00000225658[1,1,1]	0	+	74359645	74359645	0	1	386,	0,	chr2	74359695	74359981	retro_human_7540|TAF13P2-201|processed_pseudogene	0	+	TAF13P2	286
chr2	78417700	78418102	ENSG00000214429[1,1,1]	0	-	78417700	78417700	0	1	402,	0,	chr2	78417750	78418052	retro_human_4347|CYCSP6-201|processed_pseudogene	0	-	CYCSP6	302
chr2	84917642	84918537	ENSG00000213399[1,1,1]	0	+	84917642	84917642	0	1	895,	0,	chr2	84917693	84918487	retro_human_8980|RPS2P17-201|processed_pseudogene	0	+	RPS2P17	794
chr2	85343221	85343879	ENSG00000270532[1,1,1]	0	-	85343221	85343221	0	1	658,	0,	chr2	85343271	85343829	retro_human_10677|PEBP1P2-201|processed_pseudogene	0	-	PEBP1P2	558
chr2	85688062	85689161	ENSG00000203363[1,1,1]	0	-	85688062	85688062	0	1	1099,	0,	chr2	85688112	85689111	GPR160P1-201|processed_pseudogene	0	-	GPR160P1	999
chr2	87577847	87578884	ENSG00000214354[1,1,1]	0	-	87577847	87577847	0	1	1037,	0,	chr2	87577897	87578834	retro_human_10673|PAFAH1B1P1-201|processed_pseudogene	0	-	PAFAH1B1P1	937
chr2	87666824	87667278	ENSG00000225933[1,1,1]	0	+	87666824	87666824	0	1	454,	0,	chr2	87666874	87667228	retro_human_4002|RPS14P5-201|processed_pseudogene	0	+	RPS14P5	354
chr2	92100323	92101796	ENSG00000226481[1,1,1]	0	-	92101796	92101796	0	1	1473,	0,	chr2	92100373	92101746	retro_human_3267|ACTR3BP2-201|processed_pseudogene	0	-	ACTR3BP2	1373
chr2	95243809	95244822	ENSG00000213355[1,1,1]	0	+	95243809	95243809	0	1	1013,	0,	chr2	95243859	95244772	retro_human_8214|CNN2P8-201|processed_pseudogene	0	+	CNN2P8	913
chr2	100829048	100829439	ENSG00000269383[1,1,1]	0	-	100829048	100829048	0	1	391,	0,	chr2	100829098	100829389	retro_human_4376|CYCSP7-201|processed_pseudogene	0	-	CYCSP7	291
chr2	102708077	102708575	ENSG00000205716[1,1,1]	0	-	102708077	102708077	0	1	498,	0,	chr2	102708127	102708525	retro_human_9459|FAM183DP-201|processed_pseudogene	0	-	FAM183DP	398
chr2	108382260	108382851	ENSG00000235325[1,1,1]	0	-	108382260	108382260	0	1	591,	0,	chr2	108382310	108382801	retro_human_3986|SRSF3P5-201|processed_pseudogene	0	-	SRSF3P5	491
chr2	108737643	108738874	ENSG00000227597[1,1,1]	0	+	108737643	108737643	0	1	1231,	0,	chr2	108737693	108738824	retro_human_3612|WASF1P1-201|processed_pseudogene	0	+	WASF1P1	1131
chr2	109172812	109173551	ENSG00000235644[1,1,1]	0	-	109172812	109172812	0	1	739,	0,	chr2	109172862	109173501	retro_human_3990|RPL10P5-201|processed_pseudogene	0	-	RPL10P5	639
chr2	110406267	110407298	ENSG00000240069[1,1,1]	0	+	110406267	110406267	0	1	1031,	0,	chr2	110406317	110407248	retro_human_9959|GPAA1P1-201|transcribed_processed_pseudogene	0	+	GPAA1P1	931
chr2	111056794	111057281	ENSG00000216867[1,1,1]	0	+	111056794	111056794	0	1	487,	0,	chr2	111056844	111057231	retro_human_2159|RPL22P12-201|processed_pseudogene	0	+	RPL22P12	387
chr2	114030549	114051868	ENSG00000240356[2,4,3]	0	-	114030549	114030549	255	3	6428,121,663,	0,19787,20656,	chr2	114035231	114051768	RPL23AP7-202|transcribed_processed_pseudogene	0	-	RPL23AP7	16537
chr2	114030549	114051868	ENSG00000240356[2,4,3]	0	-	114030549	114030549	255	3	6428,121,663,	0,19787,20656,	chr2	114036413	114051818	RPL23AP7-201|transcribed_processed_pseudogene	0	-	RPL23AP7	15405
chr2	114030549	114051868	ENSG00000240356[2,5,3]	0	-	114030549	114030549	255	3	6428,121,260,	0,19787,21059,	chr2	114035231	114051768	RPL23AP7-202|transcribed_processed_pseudogene	0	-	RPL23AP7	16537
chr2	114030549	114051868	ENSG00000240356[2,5,3]	0	-	114030549	114030549	255	3	6428,121,260,	0,19787,21059,	chr2	114036413	114051818	RPL23AP7-201|transcribed_processed_pseudogene	0	-	RPL23AP7	15405
chr2	114030549	114051868	ENSG00000240356[2,2,3]	0	-	114030549	114030549	0	3	6428,121,311,	0,19787,21008,	chr2	114035231	114051768	RPL23AP7-202|transcribed_processed_pseudogene	0	-	RPL23AP7	16537
chr2	114030549	114051868	ENSG00000240356[2,2,3]	0	-	114030549	114030549	0	3	6428,121,311,	0,19787,21008,	chr2	114036413	114051818	RPL23AP7-201|transcribed_processed_pseudogene	0	-	RPL23AP7	15405
chr2	114030549	114051868	ENSG00000240356[2,3,3]	0	-	114030549	114030549	0	3	6428,121,103,	0,19787,21216,	chr2	114035231	114051768	RPL23AP7-202|transcribed_processed_pseudogene	0	-	RPL23AP7	16537
chr2	114030549	114051868	ENSG00000240356[2,3,3]	0	-	114030549	114030549	0	3	6428,121,103,	0,19787,21216,	chr2	114036413	114051818	RPL23AP7-201|transcribed_processed_pseudogene	0	-	RPL23AP7	15405
chr2	114031376	114051868	ENSG00000240356[2,5,4]	0	-	114031376	114031376	255	3	5601,121,260,	0,18960,20232,	chr2	114035231	114051768	RPL23AP7-202|transcribed_processed_pseudogene	0	-	RPL23AP7	16537
chr2	114031376	114051868	ENSG00000240356[2,5,4]	0	-	114031376	114031376	255	3	5601,121,260,	0,18960,20232,	chr2	114036413	114051818	RPL23AP7-201|transcribed_processed_pseudogene	0	-	RPL23AP7	15405
chr2	114035181	114051868	ENSG00000240356[2,4,1]	0	-	114035181	114035181	255	3	1796,121,663,	0,15155,16024,	chr2	114035231	114051768	RPL23AP7-202|transcribed_processed_pseudogene	0	-	RPL23AP7	16537
chr2	114035181	114051868	ENSG00000240356[2,4,1]	0	-	114035181	114035181	255	3	1796,121,663,	0,15155,16024,	chr2	114036413	114051818	RPL23AP7-201|transcribed_processed_pseudogene	0	-	RPL23AP7	15405
chr2	114035181	114051868	ENSG00000240356[2,5,1]	0	-	114035181	114035181	255	3	1796,121,260,	0,15155,16427,	chr2	114035231	114051768	RPL23AP7-202|transcribed_processed_pseudogene	0	-	RPL23AP7	16537
chr2	114035181	114051868	ENSG00000240356[2,5,1]	0	-	114035181	114035181	255	3	1796,121,260,	0,15155,16427,	chr2	114036413	114051818	RPL23AP7-201|transcribed_processed_pseudogene	0	-	RPL23AP7	15405
chr2	114035181	114051868	ENSG00000240356[2,2,1]	0	-	114035181	114035181	0	3	1796,121,311,	0,15155,16376,	chr2	114035231	114051768	RPL23AP7-202|transcribed_processed_pseudogene	0	-	RPL23AP7	16537
chr2	114035181	114051868	ENSG00000240356[2,2,1]	0	-	114035181	114035181	0	3	1796,121,311,	0,15155,16376,	chr2	114036413	114051818	RPL23AP7-201|transcribed_processed_pseudogene	0	-	RPL23AP7	15405
chr2	114035181	114051868	ENSG00000240356[2,3,1]	0	-	114035181	114035181	0	3	1796,121,103,	0,15155,16584,	chr2	114035231	114051768	RPL23AP7-202|transcribed_processed_pseudogene	0	-	RPL23AP7	16537
chr2	114035181	114051868	ENSG00000240356[2,3,1]	0	-	114035181	114035181	0	3	1796,121,103,	0,15155,16584,	chr2	114036413	114051818	RPL23AP7-201|transcribed_processed_pseudogene	0	-	RPL23AP7	15405
chr2	114036363	114051868	ENSG00000240356[2,4,2]	0	-	114036363	114036363	255	3	614,121,663,	0,13973,14842,	chr2	114035231	114051768	RPL23AP7-202|transcribed_processed_pseudogene	0	-	RPL23AP7	15405
chr2	114036363	114051868	ENSG00000240356[2,4,2]	0	-	114036363	114036363	255	3	614,121,663,	0,13973,14842,	chr2	114036413	114051818	RPL23AP7-201|transcribed_processed_pseudogene	0	-	RPL23AP7	15405
chr2	114036363	114051868	ENSG00000240356[2,5,2]	0	-	114036363	114036363	255	3	614,121,260,	0,13973,15245,	chr2	114035231	114051768	RPL23AP7-202|transcribed_processed_pseudogene	0	-	RPL23AP7	15405
chr2	114036363	114051868	ENSG00000240356[2,5,2]	0	-	114036363	114036363	255	3	614,121,260,	0,13973,15245,	chr2	114036413	114051818	RPL23AP7-201|transcribed_processed_pseudogene	0	-	RPL23AP7	15405
chr2	114036363	114051868	ENSG00000240356[2,2,2]	0	-	114036363	114036363	0	3	614,121,311,	0,13973,15194,	chr2	114035231	114051768	RPL23AP7-202|transcribed_processed_pseudogene	0	-	RPL23AP7	15405
chr2	114036363	114051868	ENSG00000240356[2,2,2]	0	-	114036363	114036363	0	3	614,121,311,	0,13973,15194,	chr2	114036413	114051818	RPL23AP7-201|transcribed_processed_pseudogene	0	-	RPL23AP7	15405
chr2	114036363	114051868	ENSG00000240356[2,3,2]	0	-	114036363	114036363	0	3	614,121,103,	0,13973,15402,	chr2	114035231	114051768	RPL23AP7-202|transcribed_processed_pseudogene	0	-	RPL23AP7	15405
chr2	114036363	114051868	ENSG00000240356[2,3,2]	0	-	114036363	114036363	0	3	614,121,103,	0,13973,15402,	chr2	114036413	114051818	RPL23AP7-201|transcribed_processed_pseudogene	0	-	RPL23AP7	15405
chr2	114082589	114083457	ENSG00000144158[1,1,1]	0	+	114082589	114082589	0	1	868,	0,	chr2	114082639	114083407	retro_human_8616|SNRPA1P1-201|processed_pseudogene	0	+	SNRPA1P1	768
chr2	120645762	120646525	ENSG00000236878[1,1,1]	0	+	120645762	120645762	0	1	763,	0,	chr2	120645813	120646475	MTATP6P26-201|processed_pseudogene	0	+	MTATP6P26	662
chr2	124199493	124200494	ENSG00000227738[1,1,1]	0	+	124199493	124199493	0	1	1001,	0,	chr2	124199543	124200444	retro_human_5329|PSMD14P1-201|processed_pseudogene	0	+	PSMD14P1	901
chr2	128275792	128277050	ENSG00000274010[1,1,1]	0	-	128275792	128275792	0	1	1258,	0,	chr2	128275842	128277000	retro_human_9137|ZFP91P1-201|processed_pseudogene	0	-	ZFP91P1	1158
chr2	130646715	130647436	ENSG00000230756[1,1,1]	0	-	130646715	130646715	0	1	721,	0,	chr2	130646765	130647386	retro_human_3188|RHOQP3-201|processed_pseudogene	0	-	RHOQP3	621
chr2	130663224	130665559	ENSG00000213225[1,1,1]	0	+	130663224	130663224	0	1	2335,	0,	chr2	130663274	130665509	retro_human_10407|NOC2LP1-202|transcribed_processed_pseudogene	0	+	NOC2LP1	2235
chr2	130663224	130665559	ENSG00000213225[1,1,1]	0	+	130663224	130663224	0	1	2335,	0,	chr2	130665250	130666002	NOC2LP1-201|transcribed_processed_pseudogene	0	+	NOC2LP1	309
chr2	130665200	130666052	ENSG00000213225[2,1,2]	0	+	130665200	130665200	0	1	852,	0,	chr2	130663274	130665509	retro_human_10407|NOC2LP1-202|transcribed_processed_pseudogene	0	+	NOC2LP1	309
chr2	130665200	130666052	ENSG00000213225[2,1,2]	0	+	130665200	130665200	0	1	852,	0,	chr2	130665250	130666002	NOC2LP1-201|transcribed_processed_pseudogene	0	+	NOC2LP1	752
chr2	130665378	130666052	ENSG00000213225[3,1,2]	0	+	130665378	130665378	0	1	674,	0,	chr2	130665250	130666002	NOC2LP1-201|transcribed_processed_pseudogene	0	+	NOC2LP1	624
chr2	130685413	130686505	ENSG00000236595[1,1,1]	0	+	130685413	130685413	0	1	1092,	0,	chr2	130685463	130686455	MED15P5-201|processed_pseudogene	0	+	MED15P5	992
chr2	131854360	131854580	ENSG00000284659[1,1,1]	0	-	131854360	131854360	0	1	220,	0,	chr2	131854410	131854530	AC073869.6-201|processed_pseudogene	0	-	intergenic	120
chr2	131858495	131859662	ENSG00000214077[1,1,1]	0	-	131858495	131858495	0	1	1167,	0,	chr2	131858545	131859612	retro_human_5102|GNAQP1-201|processed_pseudogene	0	-	GNAQP1	1067
chr2	131895715	131896394	ENSG00000232742[1,1,1]	0	+	131895715	131895715	0	1	679,	0,	chr2	131895765	131896344	retro_human_7483|RHOQP2-201|processed_pseudogene	0	+	RHOQP2	579
chr2	132789016	132789713	ENSG00000230992[1,1,1]	0	+	132789016	132789016	0	1	697,	0,	chr2	132789066	132789663	FAM201B-201|processed_pseudogene	0	+	FAM201B	597
chr2	138724226	138724963	ENSG00000233045[1,1,1]	0	+	138724226	138724226	0	1	737,	0,	chr2	138724276	138724913	retro_human_2117|RPL15P5-201|processed_pseudogene	0	+	RPL15P5	637
chr2	143302376	143304380	ENSG00000229781[1,1,1]	0	+	143302376	143302376	0	1	2004,	0,	chr2	143302426	143304330	retro_human_6118|RRN3P4-201|processed_pseudogene	0	+	RRN3P4	1904
chr2	143541297	143542506	ENSG00000224288[1,1,1]	0	-	143541297	143541297	0	1	1209,	0,	chr2	143541347	143542456	MTCYBP11-201|processed_pseudogene	0	-	MTCYBP11	1109
chr2	143542474	143543057	ENSG00000226839[1,1,1]	0	+	143542474	143542474	0	1	583,	0,	chr2	143542524	143543007	MTND6P11-201|processed_pseudogene	0	+	MTND6P11	483
chr2	149320335	149320792	ENSG00000228848[1,1,1]	0	-	149320335	149320335	0	1	457,	0,	chr2	149320384	149320742	retro_human_1324|RPS20P13-201|processed_pseudogene	0	-	RPS20P13	358
chr2	157832814	157833605	ENSG00000230562[1,1,1]	0	-	157832814	157832814	0	1	791,	0,	chr2	157832864	157833555	FAM133DP-201|processed_pseudogene	0	-	FAM133DP	691
chr2	164779206	164779597	ENSG00000229641[1,1,1]	0	+	164779206	164779206	0	1	391,	0,	chr2	164779256	164779547	CYP2C56P-201|processed_pseudogene	0	+	CYP2C56P	291
chr2	171994373	171994917	ENSG00000233762[1,1,1]	0	-	171994373	171994373	0	1	544,	0,	chr2	171994420	171994867	retro_human_8427|RPS15P4-201|processed_pseudogene	0	-	RPS15P4	447
chr2	174192198	174192499	ENSG00000237617[1,1,1]	0	-	174192198	174192198	0	1	301,	0,	chr2	174192248	174192449	AC013410.2-201|processed_pseudogene	0	-	intergenic	201
chr2	174529314	174530287	ENSG00000235414[1,1,1]	0	+	174529314	174529314	0	1	973,	0,	chr2	174529364	174530237	retro_human_6919|RPSAP24-201|processed_pseudogene	0	+	RPSAP24	873
chr2	174990572	174991033	ENSG00000179997[1,1,1]	0	+	174990572	174990572	0	1	461,	0,	chr2	174990622	174990983	retro_human_8620|RPA3P1-201|processed_pseudogene	0	+	RPA3P1	361
chr2	175208555	175209590	ENSG00000235655[1,1,3]	0	+	175208555	175208555	0	1	1035,	0,	chr2	175208605	175209016	retro_human_8619|H3P6-201|processed_pseudogene	0	+	H3P6	411
chr2	175208555	175209430	ENSG00000235655[1,1,2]	0	+	175208555	175208555	0	1	875,	0,	chr2	175208605	175209016	retro_human_8619|H3P6-201|processed_pseudogene	0	+	H3P6	411
chr2	175208555	175209066	ENSG00000235655[1,1,1]	0	+	175208555	175208555	0	1	511,	0,	chr2	175208605	175209016	retro_human_8619|H3P6-201|processed_pseudogene	0	+	H3P6	411
chr2	176330901	176331417	ENSG00000223976[1,1,1]	0	+	176330901	176330901	0	1	516,	0,	chr2	176330951	176331367	EXTL2P1-201|processed_pseudogene	0	+	EXTL2P1	416
chr2	176826712	176827253	ENSG00000237260[1,1,1]	0	+	176826712	176826712	0	1	541,	0,	chr2	176826762	176827203	retro_human_8638|PPIAP67-201|processed_pseudogene	0	+	PPIAP67	441
chr2	184096092	184096870	ENSG00000177855[1,1,1]	0	-	184096092	184096092	0	1	778,	0,	chr2	184096142	184096820	retro_human_2591|CACYBPP2-201|processed_pseudogene	0	-	CACYBPP2	678
chr2	186853862	186854493	ENSG00000227692[1,1,1]	0	+	186853862	186853862	0	1	631,	0,	chr2	186853912	186854443	retro_human_2816|MED28P3-201|processed_pseudogene	0	+	MED28P3	531
chr2	190412654	190413636	ENSG00000204253[1,1,1]	0	+	190412654	190412654	0	1	982,	0,	chr2	190412704	190413586	retro_human_10600|HNRNPCP2-201|processed_pseudogene	0	+	HNRNPCP2	882
chr2	192369353	192370477	ENSG00000213946[1,1,1]	0	-	192369353	192369353	0	1	1124,	0,	chr2	192369403	192370427	retro_human_9234|DNAJB1P1-201|processed_pseudogene	0	-	DNAJB1P1	1024
chr2	193764985	193766032	ENSG00000235218[1,1,1]	0	-	193764985	193764985	0	1	1047,	0,	chr2	193765035	193765982	retro_human_9235|DNAJC17P1-201|processed_pseudogene	0	-	DNAJC17P1	947
chr2	197863329	197864613	ENSG00000213104[1,1,1]	0	-	197863329	197863329	0	2	667,298,	0,986,	chr2	197863379	197864563	retro_human_3752|NPM1P46-201|processed_pseudogene	0	-	NPM1P46	1184
chr2	200143255	200144525	ENSG00000213938[1,1,1]	0	+	200143255	200143255	0	1	1270,	0,	chr2	200143305	200144484	retro_human_2414|SEPHS1P6-201|processed_pseudogene	0	+	SEPHS1P6	1179
chr2	201327643	201328965	ENSG00000224346[1,1,1]	0	+	201327643	201327643	0	1	1322,	0,	chr2	201327693	201328915	retro_human_2416|BICD1P1-201|processed_pseudogene	0	+	BICD1P1	1222
chr2	201584775	201586630	ENSG00000232719[1,1,1]	0	+	201584775	201584775	0	2	554,815,	0,1040,	chr2	201585532	201586401	retro_human_708|RPL17P10-201|processed_pseudogene	0	-	RPL17P10	869
chr2	208156039	208156583	ENSG00000213082[1,1,1]	0	+	208156039	208156039	0	1	544,	0,	chr2	208156089	208156533	retro_human_2060|PPP1R14BP2-201|processed_pseudogene	0	+	PPP1R14BP2	444
chr2	213312912	213313797	ENSG00000231254[1,1,1]	0	+	213312912	213312912	0	1	885,	0,	chr2	213312962	213313747	retro_human_7524|PCED1CP-201|processed_pseudogene	0	+	PCED1CP	785
chr2	217092687	217093407	ENSG00000235444[1,1,1]	0	-	217092687	217092687	0	1	720,	0,	chr2	217092739	217093357	retro_human_4796|PSMB3P2-201|processed_pseudogene	0	-	PSMB3P2	618
chr2	218243811	218244656	ENSG00000231035[1,1,1]	0	-	218243811	218243811	0	1	845,	0,	chr2	218243861	218244606	retro_human_905|RPL7L1P9-201|processed_pseudogene	0	-	RPL7L1P9	745
chr2	219441723	219442473	ENSG00000224928[1,1,1]	0	-	219441723	219441723	0	1	750,	0,	chr2	219441773	219442423	retro_human_56|KRT8P30-201|processed_pseudogene	0	-	KRT8P30	650
chr2	223211513	223211993	ENSG00000235225[1,1,1]	0	+	223211513	223211513	0	1	480,	0,	chr2	223211563	223211941	retro_human_7149|RPL31P17-201|processed_pseudogene	0	+	RPL31P17	378
chr2	231918312	231918916	ENSG00000172799[1,1,1]	0	-	231918312	231918312	0	1	604,	0,	chr2	231918362	231918866	retro_human_3177|ZBTB8OSP2-201|processed_pseudogene	0	-	ZBTB8OSP2	504
chr2	231978096	231979788	ENSG00000283312[1,1,1]	0	-	231978096	231978096	0	1	1692,	0,	chr2	231978146	231979738	AC017104.3-201|processed_pseudogene	0	-	intergenic	1592
chr2	234354189	234357298	ENSG00000224287[2,2,1]	0	-	234354189	234354189	0	2	1964,168,	0,2941,	chr2	234354239	234357248	retro_human_3971|MSL3P1-201|transcribed_processed_pseudogene	0	-	MSL3P1	3009
chr2	234354189	234357298	ENSG00000224287[2,2,1]	0	-	234354189	234354189	0	2	1964,168,	0,2941,	chr2	234354931	234357034	MSL3P1-202|transcribed_processed_pseudogene	0	-	MSL3P1	2103
chr2	242685038	242685589	ENSG00000271153[1,1,1]	0	+	242685038	242685038	0	1	551,	0,	chr2	242685088	242685539	retro_human_6773|RPL23AP88-1|processed_pseudogene	0	+	RPL23AP88	451
chr3	1724126	1724631	ENSG00000214074[1,1,1]	0	+	1724126	1724126	0	1	505,	0,	chr3	1724176	1724581	retro_human_2551|RPL23AP39-201|processed_pseudogene	0	+	RPL23AP39	405
chr3	3977882	3980296	ENSG00000229241[1,1,1]	0	-	3978770	3979694	0	1	2414,	0,	chr3	3977932	3980246	retro_human_4567|PNPT1P1-201|processed_pseudogene	0	-	PNPT1P1	2314
chr3	14004305	14067981	ENSG00000180438[4,10,5]	0	+	14004305	14004305	0	3	15294,130,2029,	0,61001,61647,	chr3	14050136	14066166	TPRXL-205|transcribed_processed_pseudogene	0	+	TPRXL	16030
chr3	14019150	14067981	ENSG00000180438[5,10,5]	0	+	14019150	14019150	0	3	449,130,2029,	0,46156,46802,	chr3	14050136	14066166	TPRXL-205|transcribed_processed_pseudogene	0	+	TPRXL	16030
chr3	20016469	20016724	ENSG00000229468[1,1,1]	0	+	20016469	20016469	0	1	255,	0,	chr3	20016519	20016674	retro_human_9199|RPL39P18-201|processed_pseudogene	0	+	RPL39P18	155
chr3	21416142	21417016	ENSG00000236380[1,1,1]	0	+	21416142	21416142	0	1	874,	0,	chr3	21416192	21416966	retro_human_9200|VENTXP7-201|processed_pseudogene	0	+	VENTXP7	774
chr3	22386523	22387725	ENSG00000132967[1,1,2]	0	+	22386523	22386523	0	1	1202,	0,	chr3	22386573	22387206	retro_human_9197|HMGB1P5-201|transcribed_processed_pseudogene	0	+	HMGB1P5	633
chr3	22386523	22387725	ENSG00000132967[1,1,2]	0	+	22386523	22386523	0	1	1202,	0,	chr3	22386699	22387675	HMGB1P5-202|transcribed_processed_pseudogene	0	+	HMGB1P5	976
chr3	22386523	22387256	ENSG00000132967[1,1,1]	0	+	22386523	22386523	0	1	733,	0,	chr3	22386573	22387206	retro_human_9197|HMGB1P5-201|transcribed_processed_pseudogene	0	+	HMGB1P5	633
chr3	22386523	22387256	ENSG00000132967[1,1,1]	0	+	22386523	22386523	0	1	733,	0,	chr3	22386699	22387675	HMGB1P5-202|transcribed_processed_pseudogene	0	+	HMGB1P5	557
chr3	32187774	32188752	ENSG00000237433[1,1,1]	0	+	32187774	32187774	0	1	978,	0,	chr3	32187824	32188702	retro_human_2557|RPSAP11-201|processed_pseudogene	0	+	RPSAP11	878
chr3	32783801	32784371	ENSG00000227337[1,1,1]	0	+	32783801	32783801	0	1	570,	0,	chr3	32783850	32784321	retro_human_2553|RPL23AP43-201|processed_pseudogene	0	+	RPL23AP43	471
chr3	36768410	36770193	ENSG00000230067[1,1,1]	0	-	36768410	36768410	0	1	1783,	0,	chr3	36768460	36770143	retro_human_4584|HSPD1P6-201|transcribed_processed_pseudogene	0	-	HSPD1P6	1683
chr3	36977632	36978257	ENSG00000236165[1,1,1]	0	+	36977632	36977632	0	1	625,	0,	chr3	36977682	36978207	retro_human_8406|PRADC1P1-201|processed_pseudogene	0	+	PRADC1P1	525
chr3	38532795	38533419	ENSG00000232439[1,1,1]	0	-	38532795	38532795	0	1	624,	0,	chr3	38532845	38533369	retro_human_10484|RPL18AP7-201|processed_pseudogene	0	-	RPL18AP7	524
chr3	39347825	39348886	ENSG00000228168[1,1,1]	0	+	39347825	39347825	0	1	1061,	0,	chr3	39347875	39348836	retro_human_2948|HNRNPA1P21-201|processed_pseudogene	0	+	HNRNPA1P21	961
chr3	42904881	42905927	ENSG00000236459[1,1,1]	0	+	42905113	42905740	0	1	1046,	0,	chr3	42904931	42905877	retro_human_1778|HNRNPA1P22-201|processed_pseudogene	0	+	HNRNPA1P22	946
chr3	45176143	45176645	ENSG00000224094[1,1,1]	0	-	45176143	45176143	0	1	502,	0,	chr3	45176193	45176595	retro_human_9416|RPS24P8-201|processed_pseudogene	0	-	RPS24P8	402
chr3	57982153	57982740	ENSG00000213509[1,1,1]	0	+	57982153	57982153	0	1	587,	0,	chr3	57982203	57982690	retro_human_11054|PPIAP16-201|processed_pseudogene	0	+	PPIAP16	487
chr3	68681101	68682521	ENSG00000241506[1,1,1]	0	+	68681101	68681101	0	1	1420,	0,	chr3	68681151	68682471	retro_human_10666|PSMC1P1-201|processed_pseudogene	0	+	PSMC1P1	1320
chr3	72926058	72926604	ENSG00000271266[1,1,1]	0	+	72926058	72926058	0	1	546,	0,	chr3	72926108	72926554	retro_human_10668|LAPTM4BP2-201|processed_pseudogene	0	+	LAPTM4BP2	446
chr3	75256395	75257501	ENSG00000213300[1,1,1]	0	+	75256395	75256395	0	1	1106,	0,	chr3	75256445	75257451	retro_human_4772|HNRNPA3P6-201|processed_pseudogene	0	+	HNRNPA3P6	1006
chr3	75437217	75437450	ENSG00000240665[1,1,1]	0	+	75437217	75437217	0	1	233,	0,	chr3	75437267	75437400	LSP1P2-201|processed_pseudogene	0	+	LSP1P2	133
chr3	75437433	75437666	ENSG00000242953[1,1,1]	0	-	75437433	75437433	0	1	233,	0,	chr3	75437483	75437616	AC139453.1-201|processed_pseudogene	0	-	intergenic	133
chr3	75593393	75633251	ENSG00000272710[1,2,1]	0	-	75593393	75593393	0	2	229,72,	0,39786,	chr3	75627857	75634052	retro_human_635	0	-	intergenic	5394
chr3	75677830	75678398	ENSG00000243422[1,1,2]	0	-	75677830	75677830	0	1	568,	0,	chr3	75677880	75678348	retro_human_634|RPL23AP49-201|transcribed_processed_pseudogene	0	-	RPL23AP49	468
chr3	83991209	83992501	ENSG00000242195[1,1,1]	0	+	83991209	83991209	0	1	1292,	0,	chr3	83991259	83992451	SRRM1P2-201|processed_pseudogene	0	+	SRRM1P2	1192
chr3	90337926	90338321	ENSG00000271024[1,1,1]	0	-	90337926	90337926	0	1	395,	0,	chr3	90337976	90338271	retro_human_1835|HSPE1P19-201|processed_pseudogene	0	-	HSPE1P19	295
chr3	98357175	98358146	ENSG00000244681[1,1,2]	0	-	98357175	98357175	0	1	971,	0,	chr3	98357225	98358096	retro_human_10221|MTHFD2P1-202|transcribed_processed_pseudogene	0	-	MTHFD2P1	871
chr3	99053199	99054685	ENSG00000243547[1,1,1]	0	+	99053199	99053199	0	1	1486,	0,	chr3	99053249	99054635	retro_human_4339|HNRNPKP4-201|processed_pseudogene	0	+	HNRNPKP4	1386
chr3	101228694	101229008	ENSG00000250562[1,1,1]	0	-	101228694	101228694	0	1	314,	0,	chr3	101228744	101228958	retro_human_10216|RPL38P4-201|processed_pseudogene	0	-	RPL38P4	214
chr3	104228105	104229294	ENSG00000175841[1,1,1]	0	+	104228105	104228105	0	1	1189,	0,	chr3	104228155	104229244	retro_human_6896|FAM172BP-201|processed_pseudogene	0	+	FAM172BP	1089
chr3	104425090	104426020	ENSG00000244119[2,1,2]	0	+	104425090	104425090	0	1	930,	0,	chr3	104425140	104425860	retro_human_3583|PDCL3P4-201|processed_pseudogene	0	+	PDCL3P4	720
chr3	109568484	109569174	ENSG00000239997[1,1,1]	0	+	109568484	109568484	0	1	690,	0,	chr3	109568534	109569124	retro_human_9442|FCF1P3-201|processed_pseudogene	0	+	FCF1P3	590
chr3	119365739	119366665	ENSG00000198406[1,1,1]	0	-	119365739	119365739	0	1	926,	0,	chr3	119365789	119366615	retro_human_4820|BZW1P2-201|processed_pseudogene	0	-	BZW1P2	826
chr3	119746546	119746988	ENSG00000243014[1,1,1]	0	+	119746546	119746546	0	1	442,	0,	chr3	119746596	119746938	retro_human_3131|PTMAP8-201|processed_pseudogene	0	+	PTMAP8	342
chr3	122355178	122355903	ENSG00000242052[1,1,1]	0	-	122355178	122355178	0	1	725,	0,	chr3	122355228	122355853	retro_human_5536|RPL10P7-201|processed_pseudogene	0	-	RPL10P7	625
chr3	128548553	128548858	ENSG00000241346[1,1,1]	0	-	128548553	128548553	0	1	305,	0,	chr3	128548603	128548808	SNRPCP11-201|processed_pseudogene	0	-	SNRPCP11	205
chr3	132090151	132091004	ENSG00000270773[1,1,1]	0	+	132090151	132090151	0	1	853,	0,	chr3	132090201	132090954	AC137695.2-201|processed_pseudogene	0	+	intergenic	753
chr3	137096956	137097294	ENSG00000214289[1,1,1]	0	-	137096956	137096956	0	1	338,	0,	chr3	137097093	137097244	retro_human_8294|RPL39P5-202|transcribed_processed_pseudogene	0	-	RPL39P5	151
chr3	140620889	140622932	ENSG00000241478[1,1,1]	0	+	140620889	140620889	0	1	2043,	0,	chr3	140620939	140622882	retro_human_5114|HSPA8P9-201|processed_pseudogene	0	+	HSPA8P9	1943
chr3	143649314	143649872	ENSG00000224085[1,1,1]	0	+	143649314	143649314	0	1	558,	0,	chr3	143649364	143649822	retro_human_9145|RPL23AP41-201|processed_pseudogene	0	+	RPL23AP41	458
chr3	144218248	144219617	ENSG00000215606[1,1,1]	0	-	144218248	144218248	0	1	1369,	0,	chr3	144218298	144219567	retro_human_7904|KRT18P35-201|processed_pseudogene	0	-	KRT18P35	1269
chr3	148439496	148440117	ENSG00000241695[1,1,1]	0	+	148439496	148439496	0	1	621,	0,	chr3	148439546	148440067	retro_human_6231|GM2AP1-201|processed_pseudogene	0	+	GM2AP1	521
chr3	152735719	152736222	ENSG00000182000[1,1,1]	0	+	152735719	152735719	0	1	503,	0,	chr3	152735769	152736172	retro_human_6227|PPIAP73-201|processed_pseudogene	0	+	PPIAP73	403
chr3	158761880	158762853	ENSG00000240489[1,1,1]	0	+	158761880	158761880	0	1	973,	0,	chr3	158761930	158762803	retro_human_449|SETP14-201|processed_pseudogene	0	+	SETP14	873
chr3	161614923	161615891	ENSG00000232374[1,1,1]	0	-	161614923	161614923	0	1	968,	0,	chr3	161614973	161615841	retro_human_940|GPR79-201|processed_pseudogene	0	-	GPR79	868
chr3	163342416	163343913	ENSG00000229320[2,1,2]	0	+	163342416	163342416	0	1	1497,	0,	chr3	163342466	163343863	KRT8P12-202|transcribed_processed_pseudogene	0	+	KRT8P12	1397
chr3	163359509	163360452	ENSG00000242285[1,1,1]	0	+	163359509	163359509	0	1	943,	0,	chr3	163359559	163360402	retro_human_6641|RPL6P8-201|processed_pseudogene	0	+	RPL6P8	843
chr3	169645067	169645334	ENSG00000239227[1,1,1]	0	+	169645067	169645067	0	1	267,	0,	chr3	169645117	169645284	AC069439.1-201|processed_pseudogene	0	+	intergenic	167
chr3	172267582	172268092	ENSG00000213178[1,1,1]	0	-	172267635	172267920	0	1	510,	0,	chr3	172267632	172268042	retro_human_6756|RPL22P1-201|processed_pseudogene	0	-	RPL22P1	410
chr3	178772419	178773593	ENSG00000230362[1,1,1]	0	-	178772419	178772419	0	1	1174,	0,	chr3	178772469	178773543	retro_human_10530|ACTG1P23-201|processed_pseudogene	0	-	ACTG1P23	1074
chr3	183126202	183128255	ENSG00000239880[1,1,1]	0	+	183126202	183126202	0	1	2053,	0,	chr3	183126252	183128205	retro_human_7047|RALBP1P1-201|processed_pseudogene	0	+	RALBP1P1	1953
chr3	185415333	185416174	ENSG00000228766[1,1,1]	0	+	185415333	185415333	0	1	841,	0,	chr3	185415383	185416124	retro_human_1223|RPL7L1P8-201|processed_pseudogene	0	+	RPL7L1P8	741
chr3	186694598	186697769	ENSG00000234371[1,2,1]	0	+	186694598	186694598	0	2	334,482,	0,2689,	chr3	186697279	186698174	retro_human_1227|RPSAP31-201|transcribed_processed_pseudogene	0	+	RPSAP31	490
chr3	189582993	189583855	ENSG00000226652[2,1,1]	0	+	189582993	189582993	0	1	862,	0,	chr3	189582724	189584080	retro_human_7444|PSMD10P2-202|transcribed_processed_pseudogene	0	+	PSMD10P2	862
chr3	189582993	189583855	ENSG00000226652[2,1,1]	0	+	189582993	189582993	0	1	862,	0,	chr3	189583043	189584080	PSMD10P2-203|transcribed_processed_pseudogene	0	+	PSMD10P2	812
chr3	189582993	189583855	ENSG00000226652[2,1,1]	0	+	189582993	189582993	0	1	862,	0,	chr3	189583133	189583805	PSMD10P2-201|transcribed_processed_pseudogene	0	+	PSMD10P2	672
chr3	189717934	189718394	ENSG00000223803[1,1,1]	0	+	189717934	189717934	0	1	460,	0,	chr3	189717984	189718344	retro_human_7445|RPS20P14-201|processed_pseudogene	0	+	RPS20P14	360
chr3	192983016	192984004	ENSG00000238077[1,1,1]	0	+	192983016	192983016	0	1	988,	0,	chr3	192983066	192983954	retro_human_7446|NMNAT1P3-201|processed_pseudogene	0	+	NMNAT1P3	888
chr3	199255738	199256009	ENSG00000225770[1,1,1]	0	+	199255738	199255738	0	1	271,	0,	chr3	199255788	199255959	retro_human_4566|RPS29P3-201|processed_pseudogene	0	+	RPS29P3	171
chr4	329597	330226	ENSG00000251535[1,1,1]	0	-	329597	329597	0	1	629,	0,	chr4	329647	330176	AC079140.4-201|processed_pseudogene	0	-	intergenic	529
chr4	419117	421327	ENSG00000251595[1,1,2]	0	-	419890	420511	0	1	2210,	0,	chr4	419167	421277	retro_human_3822|ABCA11P-202|transcribed_processed_pseudogene	0	-	ABCA11P	2110
chr4	420360	429272	ENSG00000251595[3,5,5]	0	-	420360	420360	255	2	154,108,	0,8804,	chr4	419167	421277	retro_human_3822|ABCA11P-202|transcribed_processed_pseudogene	0	-	ABCA11P	917
chr4	8152751	8153432	ENSG00000250471[1,1,1]	0	+	8152751	8152751	0	1	681,	0,	chr4	8152801	8153380	retro_human_10138|GMPSP1-201|processed_pseudogene	0	+	GMPSP1	579
chr4	9559362	9560242	ENSG00000244004[1,1,1]	0	+	9559362	9559362	0	1	880,	0,	chr4	9559412	9560192	retro_human_6131|RPS3AP19-201|processed_pseudogene	0	+	RPS3AP19	780
chr4	11347983	11349001	ENSG00000250896[1,1,1]	0	+	11347983	11347983	0	1	1018,	0,	chr4	11348033	11348951	retro_human_6128|RNPS1P1-201|processed_pseudogene	0	+	RNPS1P1	918
chr4	17043447	17043835	ENSG00000251212[1,1,1]	0	+	17043447	17043447	0	1	388,	0,	chr4	17043497	17043785	MTND5P4-201|processed_pseudogene	0	+	MTND5P4	288
chr4	25660771	25661042	ENSG00000242640[1,1,1]	0	+	25660771	25660771	0	1	271,	0,	chr4	25660821	25660992	retro_human_7350|RPS29P11-201|processed_pseudogene	0	+	RPS29P11	171
chr4	29735199	29736643	ENSG00000249542[1,1,1]	0	+	29735199	29735199	0	1	1444,	0,	chr4	29735249	29736593	retro_human_7349|EEF1A1P21-201|processed_pseudogene	0	+	EEF1A1P21	1344
chr4	43866091	43866581	ENSG00000124399[1,1,1]	0	+	43866091	43866091	0	1	490,	0,	chr4	43866141	43866531	retro_human_6921|NDUFB4P12-201|processed_pseudogene	0	+	NDUFB4P12	390
chr4	46690939	46691618	ENSG00000249936[1,1,1]	0	-	46690939	46690939	0	1	679,	0,	chr4	46690989	46691568	retro_human_2095|RAC1P2-201|processed_pseudogene	0	-	RAC1P2	579
chr4	57473793	57474355	ENSG00000229585[1,1,1]	0	-	57473793	57473793	0	1	562,	0,	chr4	57473833	57474305	retro_human_8045|RPL21P44-201|processed_pseudogene	0	-	RPL21P44	472
chr4	66253946	66256015	ENSG00000180673[1,1,1]	0	+	66253946	66253946	0	1	2069,	0,	chr4	66253996	66255965	retro_human_4911|EXOC5P1-201|processed_pseudogene	0	+	EXOC5P1	1969
chr4	71817347	71817630	ENSG00000162840[1,1,1]	0	+	71817347	71817347	0	1	283,	0,	chr4	71817397	71817580	retro_human_9768|MT2P1-201|processed_pseudogene	0	+	MT2P1	183
chr4	72743616	72758049	ENSG00000249956[1,1,1]	0	+	72743616	72743616	0	6	780,149,132,88,220,328,	0,2071,6307,9236,10164,14105,	chr4	72743666	72757999	retro_human_4269|UGT2B24P-201|processed_pseudogene	0	+	UGT2B24P	14333
chr4	78441567	78442134	ENSG00000250315[1,1,1]	0	+	78441567	78441567	0	1	567,	0,	chr4	78441617	78442084	retro_human_4264|AC110760.2-201|transcribed_processed_pseudogene	0	+	intergenic	467
chr4	78441567	78442134	ENSG00000250315[1,1,1]	0	+	78441567	78441567	0	1	567,	0,	chr4	78441631	78442002	AC110760.2-202|transcribed_processed_pseudogene	0	+	intergenic	371
chr4	78534938	78535251	ENSG00000250560[1,1,1]	0	+	78534938	78534938	0	1	313,	0,	chr4	78534988	78535201	retro_human_4263|AC093870.1-201|processed_pseudogene	0	+	intergenic	213
chr4	83491380	83492363	ENSG00000244002[1,1,1]	0	+	83491380	83491380	0	1	983,	0,	chr4	83491430	83492313	retro_human_10159|RPSAP39-201|processed_pseudogene	0	+	RPSAP39	883
chr4	91218219	91220501	ENSG00000183199[1,1,1]	0	+	91218219	91218219	0	1	2282,	0,	chr4	91218269	91220451	retro_human_10582|HSP90AB3P-201|processed_pseudogene	0	+	HSP90AB3P	2182
chr4	100217555	100217905	ENSG00000236764[1,1,1]	0	+	100217555	100217555	0	1	350,	0,	chr4	100217605	100217855	retro_human_5087|COX7A2P2-201|processed_pseudogene	0	+	COX7A2P2	250
chr4	108307850	108308103	ENSG00000276992[1,1,1]	0	-	108307850	108307850	0	1	253,	0,	chr4	108307900	108308053	AC096577.2-201|processed_pseudogene	0	-	intergenic	153
chr4	108795511	108796994	ENSG00000249264[1,1,1]	0	+	108795511	108795511	0	1	1483,	0,	chr4	108795561	108796944	retro_human_10986|EEF1A1P9-201|processed_pseudogene	0	+	EEF1A1P9	1383
chr4	112648395	112649629	ENSG00000249465[1,1,1]	0	-	112648395	112648395	0	1	1234,	0,	chr4	112648445	112649579	retro_human_3747|RBMXP4-201|processed_pseudogene	0	-	RBMXP4	1134
chr4	112855325	112856277	ENSG00000225094[1,1,1]	0	-	112855325	112855325	0	1	952,	0,	chr4	112855375	112856227	retro_human_3744|SETP20-201|processed_pseudogene	0	-	SETP20	852
chr4	112857252	112857915	ENSG00000249965[1,1,1]	0	+	112857252	112857252	0	1	663,	0,	chr4	112857302	112857865	retro_human_10983|CDC42P4-201|processed_pseudogene	0	+	CDC42P4	563
chr4	114365086	114365831	ENSG00000251312[1,1,1]	0	+	114365086	114365086	0	1	745,	0,	chr4	114365136	114365781	retro_human_5470|AC004062.1-201|processed_pseudogene	0	+	intergenic	645
chr4	115764217	115766179	ENSG00000248697[1,1,1]	0	+	115764217	115764217	0	1	1962,	0,	chr4	115764267	115766129	retro_human_5466|TOX4P1-201|processed_pseudogene	0	+	TOX4P1	1862
chr4	118016548	118017990	ENSG00000250215[1,1,1]	0	-	118016548	118016548	0	1	1442,	0,	chr4	118016598	118017940	CIR1P2-201|processed_pseudogene	0	-	CIR1P2	1342
chr4	118931518	118932514	ENSG00000250693[1,1,1]	0	+	118931518	118931518	0	1	996,	0,	chr4	118931568	118932464	retro_human_8179|RPF2P2-201|processed_pseudogene	0	+	RPF2P2	896
chr4	119346441	119347180	ENSG00000250442[1,1,1]	0	-	119346441	119346441	0	1	739,	0,	chr4	119346491	119347130	retro_human_5421|EIF3KP3-201|processed_pseudogene	0	-	EIF3KP3	639
chr4	121705479	121705900	ENSG00000230671[1,1,1]	0	-	121705479	121705479	0	1	421,	0,	chr4	121705529	121705850	retro_human_65|NDUFS5P5-201|processed_pseudogene	0	-	NDUFS5P5	321
chr4	121765189	121765367	ENSG00000273716[1,1,1]	0	-	121765189	121765189	0	1	178,	0,	chr4	121765239	121765317	AC092670.1-201|processed_pseudogene	0	-	intergenic	78
chr4	121941221	121944134	ENSG00000248213[1,1,1]	0	-	121941221	121941221	0	1	2913,	0,	chr4	121941271	121944084	retro_human_64|CICP16-201|processed_pseudogene	0	-	CICP16	2813
chr4	121945924	121946210	ENSG00000251155[1,1,1]	0	+	121945924	121945924	0	1	286,	0,	chr4	121945974	121946160	SEPTIN14P4-201|processed_pseudogene	0	+	SEPTIN14P4	186
chr4	124422535	124423071	ENSG00000271302[1,1,1]	0	+	124422535	124422535	0	1	536,	0,	chr4	124422585	124423021	AC105254.2-201|processed_pseudogene	0	+	intergenic	436
chr4	137649497	137651333	ENSG00000248191[1,1,1]	0	+	137649497	137649497	0	1	1836,	0,	chr4	137649547	137651283	retro_human_2822|PES1P1-201|processed_pseudogene	0	+	PES1P1	1736
chr4	140771437	140771952	ENSG00000213448[1,1,1]	0	+	140771437	140771437	0	1	515,	0,	chr4	140771487	140771902	retro_human_8283|RPS23P2-201|processed_pseudogene	0	+	RPS23P2	415
chr4	146876602	146890959	ENSG00000251600[11,14,14]	0	+	146876602	146876602	0	2	742,1317,	0,13040,	chr4	146876667	146878656	retro_human_2618|GUSBP5-202|transcribed_processed_pseudogene	0	+	GUSBP5	1989
chr4	146876617	146878706	ENSG00000236296[1,1,2]	0	+	146876617	146876617	0	1	2089,	0,	chr4	146876667	146878656	retro_human_2618|GUSBP5-202|transcribed_processed_pseudogene	0	+	GUSBP5	1989
chr4	146876617	146878706	ENSG00000236296[1,1,2]	0	+	146876617	146876617	0	1	2089,	0,	chr4	146876682	146877260	GUSBP5-201|transcribed_processed_pseudogene	0	+	GUSBP5	578
chr4	146876840	146890006	ENSG00000251600[12,14,13]	0	+	146876840	146876840	0	2	504,364,	0,12802,	chr4	146876667	146878656	retro_human_2618|GUSBP5-202|transcribed_processed_pseudogene	0	+	GUSBP5	1816
chr4	148238031	148238583	ENSG00000251452[1,1,1]	0	-	148238123	148238231	0	1	552,	0,	chr4	148238081	148238533	AC109811.2-201|processed_pseudogene	0	-	intergenic	452
chr4	150782795	150783493	ENSG00000249004[1,1,1]	0	-	150782795	150782795	0	1	698,	0,	chr4	150782845	150783443	retro_human_5022|PRMT5P1-201|processed_pseudogene	0	-	PRMT5P1	598
chr4	161629696	161630715	ENSG00000251429[2,1,1]	0	+	161629696	161629696	0	1	1019,	0,	chr4	161629746	161630665	retro_human_3593|AIDAP2-203|transcribed_processed_pseudogene	0	+	AIDAP2	919
chr4	168290901	168291649	ENSG00000121089[1,1,1]	0	+	168290901	168290901	0	1	748,	0,	chr4	168290951	168291599	NACA3P-201|processed_pseudogene	0	+	NACA3P	648
chr4	168393402	168393814	ENSG00000249617[1,1,1]	0	+	168393402	168393402	0	1	412,	0,	chr4	168393452	168393764	retro_human_2127|AC106872.6-201|processed_pseudogene	0	+	intergenic	312
chr4	171100460	171100969	ENSG00000270336[1,1,1]	0	-	171100460	171100460	0	1	509,	0,	chr4	171100510	171100919	AC105148.1-201|processed_pseudogene	0	-	intergenic	409
chr4	173151377	173151959	ENSG00000229204[1,1,1]	0	-	173151377	173151377	0	1	582,	0,	chr4	173151427	173151909	retro_human_9975|PTGES3P3-201|processed_pseudogene	0	-	PTGES3P3	482
chr4	174171745	174172055	ENSG00000249943[1,1,1]	0	-	174171745	174171745	0	1	310,	0,	chr4	174171795	174172005	AC097486.1-201|processed_pseudogene	0	-	intergenic	210
chr4	176955649	176956720	ENSG00000234801[1,1,1]	0	-	176955649	176955649	0	1	1071,	0,	chr4	176955699	176956670	retro_human_1971|MORF4-201|processed_pseudogene	0	-	MORF4	971
chr4	186826235	186827031	ENSG00000213434[1,1,1]	0	+	186826235	186826235	0	1	796,	0,	chr4	186826285	186826981	retro_human_9464|VTI1BP2-201|processed_pseudogene	0	+	VTI1BP2	696
chr4	187642867	187643479	ENSG00000227765[1,1,1]	0	-	187642867	187642867	0	1	612,	0,	chr4	187642917	187643429	MYL12BP2-201|processed_pseudogene	0	-	MYL12BP2	512
chr4	193409495	193411668	ENSG00000214273[1,1,1]	0	+	193409495	193409495	0	1	2173,	0,	chr4	193409545	193411618	retro_human_9901|AGGF1P1-201|processed_pseudogene	0	+	AGGF1P1	2073
chr5	14578866	14580559	ENSG00000250526[1,1,1]	0	-	14578866	14578866	0	1	1693,	0,	chr5	14578916	14580509	retro_human_8198|CCT6P2-201|processed_pseudogene	0	-	CCT6P2	1593
chr5	14813794	14814206	ENSG00000249928[1,1,1]	0	-	14813794	14813794	0	1	412,	0,	chr5	14813844	14814156	retro_human_8190|UQCRBP3-201|processed_pseudogene	0	-	UQCRBP3	312
chr5	17293037	17294067	ENSG00000223361[2,1,1]	0	-	17293037	17293037	0	1	1030,	0,	chr5	17293087	17294017	retro_human_2708|FTH1P10-201|transcribed_processed_pseudogene	0	-	FTH1P10	930
chr5	17293037	17294067	ENSG00000223361[2,1,1]	0	-	17293037	17293037	0	1	1030,	0,	chr5	17293267	17293817	FTH1P10-202|transcribed_processed_pseudogene	0	-	FTH1P10	550
chr5	17293217	17293867	ENSG00000223361[1,1,2]	0	-	17293217	17293217	0	1	650,	0,	chr5	17293087	17294017	retro_human_2708|FTH1P10-201|transcribed_processed_pseudogene	0	-	FTH1P10	650
chr5	17293217	17293867	ENSG00000223361[1,1,2]	0	-	17293217	17293217	0	1	650,	0,	chr5	17293267	17293817	FTH1P10-202|transcribed_processed_pseudogene	0	-	FTH1P10	550
chr5	17451223	17451729	ENSG00000249620[1,1,1]	0	-	17451223	17451223	0	1	506,	0,	chr5	17451273	17451679	retro_human_2703|H3P18-201|processed_pseudogene	0	-	H3P18	406
chr5	17625717	17626226	ENSG00000250386[1,1,1]	0	-	17625717	17625717	0	1	509,	0,	chr5	17625767	17626176	retro_human_8557|H3P21-201|processed_pseudogene	0	-	H3P21	409
chr5	26014155	26015990	ENSG00000251593[1,1,1]	0	+	26014155	26014155	0	1	1835,	0,	chr5	26014205	26015940	retro_human_443|MSNP1-201|processed_pseudogene	0	+	MSNP1	1735
chr5	37536203	37536832	ENSG00000270558[1,1,1]	0	-	37536203	37536203	0	1	629,	0,	chr5	37536253	37536782	retro_human_7795|AC025449.1-201|processed_pseudogene	0	-	intergenic	529
chr5	42982013	42982495	ENSG00000270513[1,1,1]	0	+	42982013	42982013	0	1	482,	0,	chr5	42982063	42982445	retro_human_10272|AC113368.1-201|processed_pseudogene	0	+	intergenic	382
chr5	57332545	57333083	ENSG00000226221[1,1,1]	0	-	57332545	57332545	0	1	538,	0,	chr5	57332595	57333033	retro_human_4922|RPL26P19-201|processed_pseudogene	0	-	RPL26P19	438
chr5	59321084	59321590	ENSG00000271257[1,1,1]	0	+	59321084	59321084	0	1	506,	0,	chr5	59321134	59321540	retro_human_5965|AC008814.1-201|processed_pseudogene	0	+	intergenic	406
chr5	63596508	63596995	ENSG00000217416[1,1,1]	0	-	63596508	63596508	0	1	487,	0,	chr5	63596558	63596945	retro_human_10412|ISCA1P1-201|processed_pseudogene	0	-	ISCA1P1	387
chr5	67394082	67394672	ENSG00000234838[1,1,1]	0	+	67394082	67394082	0	1	590,	0,	chr5	67394132	67394622	retro_human_11062|PPIAP78-201|processed_pseudogene	0	+	PPIAP78	490
chr5	68514986	68515475	ENSG00000249721[1,1,1]	0	-	68514986	68514986	0	1	489,	0,	chr5	68515036	68515425	retro_human_4520|AC112206.3-201|processed_pseudogene	0	-	intergenic	389
chr5	68981390	68982166	ENSG00000213864[1,1,1]	0	-	68981390	68981390	0	1	776,	0,	chr5	68981440	68982116	retro_human_4518|EEF1B2P2-201|processed_pseudogene	0	-	EEF1B2P2	676
chr5	70159580	70160001	ENSG00000215006[1,1,1]	0	+	70159580	70159580	0	1	421,	0,	chr5	70159630	70159951	retro_human_5570|CHCHD2P2-201|processed_pseudogene	0	+	CHCHD2P2	321
chr5	70295472	70295826	ENSG00000244717[1,1,1]	0	+	70295472	70295472	0	1	354,	0,	chr5	70295522	70295776	retro_human_5568|RPS27P14-201|processed_pseudogene	0	+	RPS27P14	254
chr5	73989956	73990626	ENSG00000255883[1,1,1]	0	+	73989956	73989956	0	1	670,	0,	chr5	73990006	73990576	retro_human_9045|FUNDC2P1-201|processed_pseudogene	0	+	FUNDC2P1	570
chr5	76858379	76858954	ENSG00000251235[1,1,1]	0	+	76858379	76858379	0	1	575,	0,	chr5	76858429	76858904	retro_human_10972|SNRPCP2-201|processed_pseudogene	0	+	SNRPCP2	475
chr5	79675731	79676030	ENSG00000249829[1,1,1]	0	+	79675731	79675731	0	1	299,	0,	chr5	79675781	79675980	retro_human_9163|AC016559.2-201|processed_pseudogene	0	+	intergenic	199
chr5	82750895	82751098	ENSG00000251374[1,1,1]	0	-	82750895	82750895	0	1	203,	0,	chr5	82750945	82751048	AC010598.1-201|processed_pseudogene	0	-	intergenic	103
chr5	83263559	83264449	ENSG00000240411[1,1,1]	0	+	83263559	83263559	0	1	890,	0,	chr5	83263609	83264399	retro_human_3272|RPL5P16-201|processed_pseudogene	0	+	RPL5P16	790
chr5	83310618	83311019	ENSG00000248105[1,1,1]	0	+	83310618	83310618	0	1	401,	0,	chr5	83310668	83310969	retro_human_3273|AC008885.1-201|processed_pseudogene	0	+	intergenic	301
chr5	85947488	85948465	ENSG00000243859[1,1,1]	0	+	85947488	85947488	0	1	977,	0,	chr5	85947538	85948415	retro_human_8722|RPL5P17-201|processed_pseudogene	0	+	RPL5P17	877
chr5	91960208	91960945	ENSG00000251356[1,1,1]	0	+	91960208	91960208	0	1	737,	0,	chr5	91960258	91960895	retro_human_2892|RAB5CP2-201|processed_pseudogene	0	+	RAB5CP2	637
chr5	93324839	93325761	ENSG00000248950[1,1,1]	0	-	93324839	93324839	0	1	922,	0,	chr5	93324889	93325711	retro_human_9189|LDHBP3-201|processed_pseudogene	0	-	LDHBP3	822
chr5	97837832	97838115	ENSG00000249761[1,1,1]	0	-	97837832	97837832	0	1	283,	0,	chr5	97837882	97838065	retro_human_6536|AC074133.1-201|processed_pseudogene	0	-	intergenic	183
chr5	98895238	98896799	ENSG00000250221[1,1,1]	0	-	98895238	98895238	0	1	1561,	0,	chr5	98895288	98896749	retro_human_6538|KRT8P32-201|processed_pseudogene	0	-	KRT8P32	1461
chr5	99079541	99080561	ENSG00000251102[1,1,1]	0	+	99079541	99079541	0	1	1020,	0,	chr5	99079591	99080511	retro_human_10000|CTBP2P4-201|processed_pseudogene	0	+	CTBP2P4	920
chr5	99182605	99184671	ENSG00000251553[1,1,1]	0	+	99182605	99182605	0	1	2066,	0,	chr5	99182655	99184621	retro_human_9999|DDX18P4-201|processed_pseudogene	0	+	DDX18P4	1966
chr5	107698057	107698334	ENSG00000250273[1,1,1]	0	+	107698057	107698057	0	1	277,	0,	chr5	107698107	107698284	PSMC1P5-201|processed_pseudogene	0	+	PSMC1P5	177
chr5	111702808	111703725	ENSG00000214784[1,1,1]	0	-	111702808	111702808	0	1	917,	0,	chr5	111702858	111703675	retro_human_7547|RPS3AP21-201|processed_pseudogene	0	-	RPS3AP21	817
chr5	116024821	116026539	ENSG00000250444[1,1,1]	0	+	116024821	116024821	0	1	1718,	0,	chr5	116024871	116026489	retro_human_9553|CCT5P1-201|processed_pseudogene	0	+	CCT5P1	1618
chr5	117228285	117228793	ENSG00000197575[1,1,1]	0	+	117228285	117228285	0	1	508,	0,	chr5	117228335	117228743	retro_human_9550|RPS17P2-201|processed_pseudogene	0	+	RPS17P2	408
chr5	117813706	117814144	ENSG00000243758[1,1,1]	0	-	117813706	117813706	0	1	438,	0,	chr5	117813761	117814100	retro_human_2105|RPL35AP15-201|processed_pseudogene	0	-	RPL35AP15	339
chr5	138327564	138337012	ENSG00000226306[1,2,3]	0	+	138327564	138327564	0	2	310,2567,	0,6881,	chr5	138334632	138335744	retro_human_6581|NPY6R-201|transcribed_processed_pseudogene	0	+	NPY6R	1112
chr5	138327564	138337012	ENSG00000226306[1,2,3]	0	+	138327564	138327564	0	2	310,2567,	0,6881,	chr5	138327614	138337173	NPY6R-202|transcribed_processed_pseudogene	0	+	NPY6R	9398
chr5	138327564	138337227	ENSG00000226306[1,2,2]	0	+	138327564	138327564	0	2	310,2782,	0,6881,	chr5	138334632	138335744	retro_human_6581|NPY6R-201|transcribed_processed_pseudogene	0	+	NPY6R	1112
chr5	138327564	138337227	ENSG00000226306[1,2,2]	0	+	138327564	138327564	0	2	310,2782,	0,6881,	chr5	138327614	138337173	NPY6R-202|transcribed_processed_pseudogene	0	+	NPY6R	9559
chr5	138334582	138335794	ENSG00000226306[2,1,1]	0	+	138334582	138334582	0	1	1212,	0,	chr5	138334632	138335744	retro_human_6581|NPY6R-201|transcribed_processed_pseudogene	0	+	NPY6R	1112
chr5	138334582	138335794	ENSG00000226306[2,1,1]	0	+	138334582	138334582	0	1	1212,	0,	chr5	138327614	138337173	NPY6R-202|transcribed_processed_pseudogene	0	+	NPY6R	1212
chr5	138335039	138337227	ENSG00000226306[3,1,2]	0	+	138335039	138335039	0	1	2188,	0,	chr5	138334632	138335744	retro_human_6581|NPY6R-201|transcribed_processed_pseudogene	0	+	NPY6R	705
chr5	138335039	138337227	ENSG00000226306[3,1,2]	0	+	138335039	138335039	0	1	2188,	0,	chr5	138327614	138337173	NPY6R-202|transcribed_processed_pseudogene	0	+	NPY6R	2134
chr5	140019280	140021241	ENSG00000249215[1,1,1]	0	+	140019280	140019280	0	1	1961,	0,	chr5	140019330	140021191	retro_human_6579|NCOA4P4-201|processed_pseudogene	0	+	NCOA4P4	1861
chr5	152304788	152305408	ENSG00000213433[1,1,1]	0	-	152304788	152304788	0	1	620,	0,	chr5	152304838	152305358	retro_human_2457|RPLP1P6-202|transcribed_processed_pseudogene	0	-	RPLP1P6	520
chr5	152304788	152305408	ENSG00000213433[1,1,1]	0	-	152304788	152304788	0	1	620,	0,	chr5	152304876	152305219	RPLP1P6-201|transcribed_processed_pseudogene	0	-	RPLP1P6	343
chr5	155093239	155094472	ENSG00000253146[1,1,1]	0	-	155093239	155093239	0	1	1233,	0,	chr5	155093289	155094422	retro_human_5919|CIR1P1-201|processed_pseudogene	0	-	CIR1P1	1133
chr5	160776022	160776823	ENSG00000253772[1,1,1]	0	+	160776022	160776022	0	1	801,	0,	chr5	160776072	160776773	retro_human_1940|AC112191.1-201|processed_pseudogene	0	+	intergenic	701
chr5	169151078	169151823	ENSG00000233913[1,1,1]	0	+	169151078	169151078	0	1	745,	0,	chr5	169151128	169151773	retro_human_1942|RPL10P9-201|processed_pseudogene	0	+	RPL10P9	645
chr5	173765856	173766544	ENSG00000254200[1,1,1]	0	-	173765856	173765856	0	1	688,	0,	chr5	173765906	173766494	retro_human_4245|RPL7AP33-201|processed_pseudogene	0	-	RPL7AP33	588
chr5	178522768	178523811	ENSG00000249129[1,1,1]	0	+	178522768	178522768	0	1	1043,	0,	chr5	178522818	178523761	retro_human_2341|SUDS3P1-201|processed_pseudogene	0	+	SUDS3P1	943
chr5	181538593	181539032	ENSG00000231228[1,1,1]	0	+	181538643	181538979	0	1	439,	0,	chr5	181538643	181538982	retro_human_2721|ARPP19P1-201|processed_pseudogene	0	+	ARPP19P1	339
chr6	2891993	2892724	ENSG00000271361[1,1,1]	0	-	2891993	2891993	0	1	731,	0,	chr6	2892043	2892674	HTATSF1P2-201|processed_pseudogene	0	-	HTATSF1P2	631
chr6	3810865	3811485	ENSG00000217566[1,1,1]	0	+	3810865	3810865	0	1	620,	0,	chr6	3810915	3811435	retro_human_9318|TDGF1P4-201|processed_pseudogene	0	+	TDGF1P4	520
chr6	3847639	3848777	ENSG00000216657[1,1,1]	0	+	3847639	3847639	0	1	1138,	0,	chr6	3847689	3848727	retro_human_9317|GLRX3P2-201|processed_pseudogene	0	+	GLRX3P2	1038
chr6	5841227	5842928	ENSG00000215057[1,1,1]	0	+	5841227	5841227	0	1	1701,	0,	chr6	5841277	5842878	retro_human_3456|PKMP5-201|processed_pseudogene	0	+	PKMP5	1601
chr6	10501418	10502452	ENSG00000205318[1,1,1]	0	+	10501418	10501418	0	1	1034,	0,	chr6	10501468	10502402	GCNT2P1-201|processed_pseudogene	0	+	GCNT2P1	934
chr6	12382464	12383179	ENSG00000212802[1,1,1]	0	+	12382464	12382464	0	1	715,	0,	chr6	12382514	12383129	retro_human_9762|RPL15P3-201|processed_pseudogene	0	+	RPL15P3	615
chr6	13394703	13395583	ENSG00000218265[1,1,1]	0	+	13394703	13394703	0	1	880,	0,	chr6	13394753	13395533	retro_human_9757|RPS4XP7-201|processed_pseudogene	0	+	RPS4XP7	780
chr6	17454131	17454503	ENSG00000218359[1,1,1]	0	+	17454131	17454131	0	1	372,	0,	chr6	17454181	17454453	retro_human_3842|SUMO2P13-201|processed_pseudogene	0	+	SUMO2P13	272
chr6	19484336	19485718	ENSG00000214012[1,1,1]	0	+	19484336	19484336	0	1	1382,	0,	chr6	19484386	19485668	retro_human_3846|KRT18P38-201|processed_pseudogene	0	+	KRT18P38	1282
chr6	21474736	21475092	ENSG00000220771[1,1,1]	0	+	21474736	21474736	0	1	356,	0,	chr6	21474786	21475042	retro_human_3843|BOLA2P3-201|processed_pseudogene	0	+	BOLA2P3	256
chr6	25084481	25084963	ENSG00000219681[1,1,1]	0	+	25084481	25084481	0	1	482,	0,	chr6	25084531	25084913	retro_human_8537|AL590084.2-201|processed_pseudogene	0	+	intergenic	382
chr6	26190193	26190710	ENSG00000220875[1,1,1]	0	-	26190193	26190193	0	1	517,	0,	chr6	26190243	26190660	retro_human_968|H3C9P-201|processed_pseudogene	0	-	H3C9P	417
chr6	27226926	27244485	ENSG00000204789[2,7,3]	0	-	27226926	27226926	255	4	2441,124,108,134,	0,5398,12355,17425,	chr6	27226970	27229367	retro_human_971|ZNF204P-201|processed_pseudogene	0	-	ZNF204P	2397
chr6	27226926	27244485	ENSG00000204789[2,5,3]	0	-	27226926	27226926	255	4	2441,124,89,778,	0,5398,12355,16781,	chr6	27226970	27229367	retro_human_971|ZNF204P-201|processed_pseudogene	0	-	ZNF204P	2397
chr6	27226926	27244485	ENSG00000204789[2,8,3]	0	-	27226926	27226926	255	5	2441,124,96,108,134,	0,5398,9736,12355,17425,	chr6	27226970	27229367	retro_human_971|ZNF204P-201|processed_pseudogene	0	-	ZNF204P	2397
chr6	27226926	27243823	ENSG00000204789[4,3,3]	0	-	27226926	27226926	255	5	2441,124,96,89,116,	0,5398,9736,12355,16781,	chr6	27226970	27229367	retro_human_971|ZNF204P-201|processed_pseudogene	0	-	ZNF204P	2397
chr6	27226926	27244485	ENSG00000204789[2,6,3]	0	-	27226926	27226926	255	4	2441,124,89,134,	0,5398,12355,17425,	chr6	27226970	27229367	retro_human_971|ZNF204P-201|processed_pseudogene	0	-	ZNF204P	2397
chr6	27226926	27244485	ENSG00000204789[2,2,3]	0	-	27226926	27226926	255	5	2441,124,96,89,134,	0,5398,9736,12355,17425,	chr6	27226970	27229367	retro_human_971|ZNF204P-201|processed_pseudogene	0	-	ZNF204P	2397
chr6	27226926	27229417	ENSG00000204789[3,1,3]	0	-	27226926	27226926	0	1	2491,	0,	chr6	27226970	27229367	retro_human_971|ZNF204P-201|processed_pseudogene	0	-	ZNF204P	2397
chr6	27606644	27608239	ENSG00000216915[1,1,1]	0	-	27606644	27606644	0	1	1595,	0,	chr6	27606694	27608189	retro_human_6348|GPR89P-201|processed_pseudogene	0	-	GPR89P	1495
chr6	28089663	28090755	ENSG00000176933[1,1,1]	0	-	28089663	28089663	0	1	1092,	0,	chr6	28089713	28090705	TOB2P1-201|processed_pseudogene	0	-	TOB2P1	992
chr6	28318363	28319298	ENSG00000231162[1,1,1]	0	+	28318363	28318363	0	1	935,	0,	chr6	28318413	28319248	retro_human_7466|COX11P1-201|processed_pseudogene	0	+	COX11P1	835
chr6	29457137	29457755	ENSG00000231301[1,1,1]	0	+	29457137	29457137	0	1	618,	0,	chr6	29457187	29457705	retro_human_1989|RPL13AP-207|processed_pseudogene	0	+	RPL13AP	518
chr6	29622761	29623282	ENSG00000235821[1,1,1]	0	-	29622761	29622761	0	1	521,	0,	chr6	29622811	29623232	retro_human_2578|IFITM4P-207|processed_pseudogene	0	-	IFITM4P	421
chr6	29674955	29675852	ENSG00000213880[1,1,1]	0	-	29674955	29674955	0	1	897,	0,	chr6	29675005	29675802	retro_human_2579|RPL7AP7-201|processed_pseudogene	0	-	RPL7AP7	797
chr6	30350080	30350831	ENSG00000236603[1,1,1]	0	+	30350080	30350080	0	1	751,	0,	chr6	30350130	30350781	retro_human_7824|RANP1-206|processed_pseudogene	0	+	RANP1	651
chr6	30560959	30561789	ENSG00000230449[1,1,1]	0	-	30560959	30560959	0	1	830,	0,	chr6	30561009	30561739	retro_human_6000|RPL7P4-203|processed_pseudogene	0	-	RPL7P4	730
chr6	31146372	31147675	ENSG00000227939[1,1,1]	0	+	31146372	31146372	0	1	1303,	0,	chr6	31146422	31147625	retro_human_7819|RPL3P2-204|processed_pseudogene	0	+	RPL3P2	1203
chr6	31464095	31464460	ENSG00000230622[1,1,1]	0	-	31464095	31464095	0	1	365,	0,	chr6	31464136	31464410	retro_human_8430|UQCRHP1-204|processed_pseudogene	0	-	UQCRHP1	274
chr6	34043113	34043843	ENSG00000214810[1,1,1]	0	+	34043113	34043113	0	2	320,94,	0,636,	chr6	34043163	34043793	retro_human_5036|CYCSP55-201|processed_pseudogene	0	+	CYCSP55	630
chr6	34086918	34087381	ENSG00000220583[1,1,1]	0	-	34086918	34086918	0	1	463,	0,	chr6	34086968	34087331	retro_human_8388|RPL35P2-201|processed_pseudogene	0	-	RPL35P2	363
chr6	34400060	34400559	ENSG00000196114[1,1,1]	0	-	34400060	34400060	0	1	499,	0,	chr6	34400110	34400509	retro_human_8391|IFITM3P3-201|processed_pseudogene	0	-	IFITM3P3	399
chr6	36868364	36868794	ENSG00000226976[1,1,1]	0	+	36868364	36868364	0	1	430,	0,	chr6	36868414	36868744	retro_human_10934|COX6A1P2-201|processed_pseudogene	0	+	COX6A1P2	330
chr6	43139119	43139345	ENSG00000219222[1,1,1]	0	+	43139119	43139119	0	1	226,	0,	chr6	43139169	43139296	RPL12P47-201|processed_pseudogene	0	+	RPL12P47	127
chr6	50699956	50700464	ENSG00000060303[1,1,1]	0	-	50699956	50699956	0	1	508,	0,	chr6	50700006	50700414	retro_human_2472|RPS17P5-201|processed_pseudogene	0	-	RPS17P5	408
chr6	53046084	53048284	ENSG00000218713[1,1,1]	0	-	53046084	53046084	0	1	2200,	0,	chr6	53046134	53048234	retro_human_8059|AL512378.1-201|processed_pseudogene	0	-	intergenic	2100
chr6	54325279	54326061	ENSG00000213335[1,1,1]	0	-	54325279	54325279	0	1	782,	0,	chr6	54325329	54326011	retro_human_8061|CLNS1AP1-201|processed_pseudogene	0	-	CLNS1AP1	682
chr6	66989213	66990423	ENSG00000233859[1,1,1]	0	-	66989213	66989213	0	1	1210,	0,	chr6	66989263	66990373	retro_human_6837|ADH5P4-201|processed_pseudogene	0	-	ADH5P4	1110
chr6	72345447	72346242	ENSG00000218350[1,1,1]	0	+	72345447	72345447	0	1	795,	0,	chr6	72345497	72346192	retro_human_10026|LYPLA1P3-201|processed_pseudogene	0	+	LYPLA1P3	695
chr6	86876676	86877491	ENSG00000220563[1,1,1]	0	-	86876676	86876676	0	1	815,	0,	chr6	86876726	86877441	retro_human_5546|PKMP3-201|transcribed_processed_pseudogene	0	-	PKMP3	715
chr6	87938359	87938860	ENSG00000218561[1,1,1]	0	-	87938359	87938359	0	1	501,	0,	chr6	87938409	87938810	retro_human_10287|AL353133.1-201|processed_pseudogene	0	-	intergenic	401
chr6	93225429	93226422	ENSG00000220553[1,1,1]	0	+	93225429	93225429	0	1	993,	0,	chr6	93225479	93226372	retro_human_7661|RPL5P19-201|processed_pseudogene	0	+	RPL5P19	893
chr6	94303917	94304802	ENSG00000213187[1,1,1]	0	-	94303917	94303917	0	1	885,	0,	chr6	94303967	94304752	retro_human_9882|COPS5P1-201|processed_pseudogene	0	-	COPS5P1	785
chr6	97820395	97821076	ENSG00000213183[1,1,1]	0	-	97820395	97820395	0	1	681,	0,	chr6	97820445	97821026	retro_human_9886|RPS7P8-201|processed_pseudogene	0	-	RPS7P8	581
chr6	97825203	97826172	ENSG00000219139[1,1,1]	0	+	97825203	97825203	0	1	969,	0,	chr6	97825253	97826122	retro_human_150|TYMSP1-201|processed_pseudogene	0	+	TYMSP1	869
chr6	100349052	100349888	ENSG00000232699[1,1,1]	0	+	100349052	100349052	0	1	836,	0,	chr6	100349102	100349838	retro_human_7352|BDH2P1-201|processed_pseudogene	0	+	BDH2P1	736
chr6	109181461	109182772	ENSG00000225093[1,1,1]	0	-	109181461	109181461	0	1	1311,	0,	chr6	109181511	109182723	retro_human_2044|RPL3P7-201|processed_pseudogene	0	-	RPL3P7	1212
chr6	114765426	114765973	ENSG00000218208[1,1,1]	0	+	114765426	114765426	0	1	547,	0,	chr6	114765476	114765923	retro_human_224|RPS27AP11-201|processed_pseudogene	0	+	RPS27AP11	447
chr6	122840770	122841765	ENSG00000218180[1,1,1]	0	+	122840770	122840770	0	1	995,	0,	chr6	122840819	122841715	retro_human_2556|SLC25A5P7-201|processed_pseudogene	0	+	SLC25A5P7	896
chr6	124047920	124048331	ENSG00000232362[1,1,1]	0	-	124047920	124047920	0	1	411,	0,	chr6	124047970	124048281	retro_human_8742|ATP5MGP2-201|processed_pseudogene	0	-	ATP5MGP2	311
chr6	127832064	127833067	ENSG00000217325[1,1,1]	0	+	127832064	127832064	0	1	1003,	0,	chr6	127832114	127833017	retro_human_11072|PRELID1P1-202|transcribed_processed_pseudogene	0	+	PRELID1P1	903
chr6	127832064	127833067	ENSG00000217325[1,1,1]	0	+	127832064	127832064	0	1	1003,	0,	chr6	127832266	127832926	PRELID1P1-201|transcribed_processed_pseudogene	0	+	PRELID1P1	660
chr6	132663469	132664046	ENSG00000219776[1,1,1]	0	+	132663469	132663469	0	1	577,	0,	chr6	132663519	132663997	retro_human_11075|RPL21P67-201|processed_pseudogene	0	+	RPL21P67	478
chr6	134063204	134063946	ENSG00000220557[1,1,1]	0	-	134063204	134063204	0	1	742,	0,	chr6	134063254	134063896	retro_human_7462|HMGB1P13-201|processed_pseudogene	0	-	HMGB1P13	642
chr6	134192466	134193056	ENSG00000213122[1,1,1]	0	-	134192466	134192466	0	1	590,	0,	chr6	134192516	134193006	retro_human_7456|RPL23AP46-201|processed_pseudogene	0	-	RPL23AP46	490
chr6	145393019	145393638	ENSG00000217027[1,1,1]	0	-	145393019	145393019	0	1	619,	0,	chr6	145393069	145393588	retro_human_469|TPT1P4-201|processed_pseudogene	0	-	TPT1P4	519
chr6	145449602	145450293	ENSG00000216475[1,1,1]	0	-	145449602	145449602	0	1	691,	0,	chr6	145449652	145450243	retro_human_463|AL024474.1-201|processed_pseudogene	0	-	intergenic	591
chr6	149763600	149763977	ENSG00000217824[1,1,1]	0	-	149763600	149763600	0	1	377,	0,	chr6	149763650	149763927	retro_human_466|SNRPEP6-201|processed_pseudogene	0	-	SNRPEP6	277
chr6	150793767	150794327	ENSG00000220848[2,1,1]	0	+	150793767	150793767	0	1	560,	0,	chr6	150793817	150794277	retro_human_5188|RPS18P9-201|transcribed_processed_pseudogene	0	+	RPS18P9	460
chr6	155751480	155752306	ENSG00000220181[1,1,1]	0	+	155751480	155751480	0	1	826,	0,	chr6	155751530	155752256	retro_human_10288|MTRES1P1-201|processed_pseudogene	0	+	MTRES1P1	726
chr6	156047025	156047672	ENSG00000218757[1,1,1]	0	-	156047025	156047025	0	1	647,	0,	chr6	156047075	156047622	retro_human_833|AL121952.1-201|processed_pseudogene	0	-	intergenic	547
chr6	166483200	166483630	ENSG00000217878[1,1,1]	0	-	166483200	166483200	0	1	430,	0,	chr6	166483250	166483580	AL136100.1-201|processed_pseudogene	0	-	intergenic	330
chr7	137212	137758	ENSG00000273644[1,1,1]	0	+	137212	137212	0	1	546,	0,	chr7	137262	137708	AC215522.1-201|processed_pseudogene	0	+	intergenic	446
chr7	1727046	1727882	ENSG00000230444[1,1,1]	0	+	1727046	1727046	0	1	836,	0,	chr7	1727096	1727832	retro_human_9902|TFAMP1-201|processed_pseudogene	0	+	TFAMP1	736
chr7	15834646	15835064	ENSG00000235828[1,1,1]	0	-	15834646	15834646	0	1	418,	0,	chr7	15834696	15835014	retro_human_8678|RPL36AP26-201|processed_pseudogene	0	-	RPL36AP26	318
chr7	20963326	20963854	ENSG00000219451[1,1,1]	0	+	20963326	20963326	0	1	528,	0,	chr7	20963376	20963804	retro_human_4810|RPL23P8-201|processed_pseudogene	0	+	RPL23P8	428
chr7	21356255	21357571	ENSG00000225308[1,1,1]	0	-	21356255	21356255	0	1	1316,	0,	chr7	21356305	21357521	retro_human_3235|ASS1P11-201|processed_pseudogene	0	-	ASS1P11	1216
chr7	22646451	22647936	ENSG00000233476[1,1,1]	0	-	22646451	22646451	0	1	1485,	0,	chr7	22646501	22647886	retro_human_3236|EEF1A1P6-201|processed_pseudogene	0	-	EEF1A1P6	1385
chr7	23626830	23627822	ENSG00000232818[1,1,1]	0	+	23626830	23626830	0	1	992,	0,	chr7	23626880	23627772	retro_human_10703|RPS2P32-201|processed_pseudogene	0	+	RPS2P32	892
chr7	27118592	27119292	ENSG00000226059[1,1,1]	0	-	27118592	27118592	0	1	700,	0,	chr7	27118642	27119242	retro_human_8332|HMGB3P20-201|processed_pseudogene	0	-	HMGB3P20	600
chr7	27594464	27595251	ENSG00000233830[1,1,1]	0	-	27594464	27594464	0	1	787,	0,	chr7	27594514	27595201	retro_human_2865|EIF4HP1-201|processed_pseudogene	0	-	EIF4HP1	687
chr7	29763621	29763835	ENSG00000223437[1,1,1]	0	+	29763621	29763621	0	1	214,	0,	chr7	29763671	29763785	retro_human_4681|TMSB4XP3-201|processed_pseudogene	0	+	TMSB4XP3	114
chr7	32610655	32611652	ENSG00000226421[1,1,1]	0	+	32610655	32610655	0	1	997,	0,	chr7	32610705	32611602	retro_human_4714|SLC25A5P5-201|processed_pseudogene	0	+	SLC25A5P5	897
chr7	32868138	32868681	ENSG00000237004[1,1,1]	0	+	32868138	32868138	0	1	543,	0,	chr7	32868188	32868631	ZNRF2P1-201|transcribed_processed_pseudogene	0	+	ZNRF2P1	443
chr7	33268496	33268752	ENSG00000228015[1,1,1]	0	-	33268496	33268496	0	1	256,	0,	chr7	33268546	33268702	AC074338.1-201|processed_pseudogene	0	-	intergenic	156
chr7	46942723	46944893	ENSG00000242948[1,1,2]	0	+	46942723	46942723	0	1	2170,	0,	chr7	46942773	46944843	EPS15P1-202|transcribed_processed_pseudogene	0	+	EPS15P1	2070
chr7	46942723	46944893	ENSG00000242948[1,1,2]	0	+	46942723	46942723	0	1	2170,	0,	chr7	46944200	46944536	EPS15P1-201|transcribed_processed_pseudogene	0	+	EPS15P1	336
chr7	48118965	48119591	ENSG00000225507[1,1,1]	0	+	48118965	48118965	0	1	626,	0,	chr7	48119015	48119541	AC069282.1-201|processed_pseudogene	0	+	intergenic	526
chr7	49419495	49420946	ENSG00000270763[1,1,1]	0	-	49419495	49419495	0	1	1451,	0,	chr7	49419545	49420896	DDX43P2-201|processed_pseudogene	0	-	DDX43P2	1351
chr7	53349212	53350863	ENSG00000227344[1,1,1]	0	+	53349212	53349212	0	1	1651,	0,	chr7	53349262	53350813	retro_human_1461|HAUS6P1-201|processed_pseudogene	0	+	HAUS6P1	1551
chr7	54023809	54025016	ENSG00000235454[1,1,1]	0	+	54023809	54023809	0	1	1207,	0,	chr7	54023859	54024966	retro_human_7917|HAUS6P3-201|processed_pseudogene	0	+	HAUS6P3	1107
chr7	54580346	54581331	ENSG00000213673[1,1,1]	0	+	54580346	54580346	0	1	985,	0,	chr7	54580396	54581281	retro_human_7918|SLC25A5P3-201|processed_pseudogene	0	+	SLC25A5P3	885
chr7	54816239	54816716	ENSG00000232612[1,1,1]	0	+	54816239	54816239	0	1	477,	0,	chr7	54816289	54816666	retro_human_7920|RPL31P35-201|processed_pseudogene	0	+	RPL31P35	377
chr7	55805839	55807271	ENSG00000235207[1,1,1]	0	+	55805839	55805839	0	1	1432,	0,	chr7	55805889	55807221	retro_human_7931|TUBBP6-201|processed_pseudogene	0	+	TUBBP6	1332
chr7	65116796	65118384	ENSG00000226342[1,1,1]	0	-	65116796	65116796	0	1	1588,	0,	chr7	65116846	65118334	retro_human_6155|NMD3P1-201|processed_pseudogene	0	-	NMD3P1	1488
chr7	65132608	65134228	ENSG00000227910[2,3,1]	0	-	65132608	65132608	0	2	431,503,	0,1117,	chr7	65132658	65133618	AC092634.3-201|transcribed_processed_pseudogene	0	-	intergenic	960
chr7	65641655	65642518	ENSG00000232727[1,1,1]	0	+	65641655	65641655	0	1	863,	0,	chr7	65641705	65642468	retro_human_4293|YWHAEP1-201|processed_pseudogene	0	+	YWHAEP1	763
chr7	66148357	66149241	ENSG00000270948[1,1,1]	0	-	66148357	66148357	0	1	884,	0,	chr7	66148407	66149191	MTDHP1-201|processed_pseudogene	0	-	MTDHP1	784
chr7	67642999	67643588	ENSG00000231234[1,1,1]	0	-	67642999	67642999	0	1	589,	0,	chr7	67643049	67643538	retro_human_366|SKP1P1-201|transcribed_processed_pseudogene	0	-	SKP1P1	489
chr7	67826336	67826806	ENSG00000225573[1,1,1]	0	-	67826336	67826336	0	1	470,	0,	chr7	67826386	67826756	retro_human_5732|RPL35P5-201|processed_pseudogene	0	-	RPL35P5	370
chr7	77358935	77362530	ENSG00000230882[1,1,1]	0	-	77358935	77358935	0	1	3595,	0,	chr7	77358985	77362480	AC005077.4-201|processed_pseudogene	0	-	intergenic	3495
chr7	78247043	78248197	ENSG00000231087[1,1,1]	0	-	78247043	78247043	0	1	1154,	0,	chr7	78247093	78248147	retro_human_11229|FDPSP7-201|processed_pseudogene	0	-	FDPSP7	1054
chr7	86885849	86886281	ENSG00000227785[1,1,1]	0	-	86885849	86885849	0	1	432,	0,	chr7	86885899	86886231	retro_human_6941|AC092013.1-201|processed_pseudogene	0	-	intergenic	332
chr7	95081376	95081996	ENSG00000213483[1,1,1]	0	+	95081376	95081376	0	1	620,	0,	chr7	95081426	95081946	retro_human_10955|NDUFAF4P2-201|processed_pseudogene	0	+	NDUFAF4P2	520
chr7	95930862	95931756	ENSG00000232385[1,1,1]	0	-	95930862	95930862	0	1	894,	0,	chr7	95930912	95931705	retro_human_1126|RPS3AP25-201|processed_pseudogene	0	-	RPS3AP25	793
chr7	101810162	101811269	ENSG00000184414[1,1,1]	0	+	101810162	101810162	0	1	1107,	0,	chr7	101810212	101811219	IRS3P-201|processed_pseudogene	0	+	IRS3P	1007
chr7	106896415	106897514	ENSG00000231167[1,1,1]	0	-	106896787	106897123	0	1	1099,	0,	chr7	106896465	106897464	retro_human_4527|YBX1P2-201|processed_pseudogene	0	-	YBX1P2	999
chr7	108944637	108945735	ENSG00000250474[1,1,1]	0	+	108945087	108945441	0	1	1098,	0,	chr7	108944687	108945685	retro_human_4242|WBP1LP2-201|processed_pseudogene	0	+	WBP1LP2	998
chr7	132979804	132980576	ENSG00000213261[1,1,1]	0	-	132979804	132979804	0	1	772,	0,	chr7	132979854	132980526	retro_human_3886|EEF1B2P6-201|processed_pseudogene	0	-	EEF1B2P6	672
chr7	133212492	133212845	ENSG00000236386[1,1,1]	0	+	133212492	133212492	0	1	353,	0,	chr7	133212542	133212795	retro_human_6695|AC009518.2-201|processed_pseudogene	0	+	intergenic	253
chr7	139713838	139714267	ENSG00000213237[1,1,1]	0	-	139713838	139713838	0	1	429,	0,	chr7	139713888	139714217	retro_human_9800|PTMAP10-201|processed_pseudogene	0	-	PTMAP10	329
chr7	139750333	139751982	ENSG00000214815[1,1,1]	0	+	139750333	139750333	0	1	1649,	0,	chr7	139750383	139751932	retro_human_1679|IMPDH1P3-201|processed_pseudogene	0	+	IMPDH1P3	1549
chr7	143118250	143119356	ENSG00000224354[1,1,1]	0	-	143118250	143118250	0	1	1106,	0,	chr7	143118300	143119306	MTND2P5-201|processed_pseudogene	0	-	MTND2P5	1006
chr7	146220269	146221312	ENSG00000225918[1,1,1]	0	-	146220269	146220269	0	1	1043,	0,	chr7	146220319	146221262	retro_human_10183|RPL7P59-201|processed_pseudogene	0	-	RPL7P59	943
chr7	146449638	146450610	ENSG00000226592[1,1,1]	0	+	146449638	146449638	0	1	972,	0,	chr7	146449688	146450560	AC004911.1-201|processed_pseudogene	0	+	intergenic	872
chr7	150503587	150503916	ENSG00000231397[1,1,1]	0	-	150503587	150503587	0	1	329,	0,	chr7	150503638	150503866	AC004941.2-201|processed_pseudogene	0	-	intergenic	228
chr7	151690875	151692256	ENSG00000213205[1,1,1]	0	-	151690875	151690875	0	1	1381,	0,	chr7	151690925	151692206	retro_human_4696|STRADBP1-201|processed_pseudogene	0	-	STRADBP1	1281
chr7	151919750	151920686	ENSG00000177590[1,1,1]	0	-	151919750	151919750	0	1	936,	0,	chr7	151919800	151920636	retro_human_4695|GIMAP3P-201|processed_pseudogene	0	-	GIMAP3P	836
chr7	151922593	151923052	ENSG00000241134[1,1,1]	0	+	151922643	151922994	0	1	459,	0,	chr7	151922643	151923002	retro_human_8724|BET1P1-201|processed_pseudogene	0	+	BET1P1	359
chr7	153301715	153302624	ENSG00000213188[1,1,1]	0	+	153301715	153301715	0	1	909,	0,	chr7	153301765	153302574	retro_human_8714|YBX1P4-201|processed_pseudogene	0	+	YBX1P4	809
chr7	153615387	153616122	ENSG00000241735[2,1,1]	0	+	153615387	153615387	0	1	735,	0,	chr7	153615437	153615845	retro_human_8706|FABP5P3-201|transcribed_processed_pseudogene	0	+	FABP5P3	408
chr7	153618322	153620096	ENSG00000020219[1,1,1]	0	+	153618322	153618322	0	1	1774,	0,	chr7	153618372	153620046	retro_human_8694|CCT8L1P-201|processed_pseudogene	0	+	CCT8L1P	1674
chr7	159850369	159850731	ENSG00000224324[1,1,1]	0	-	159850369	159850369	0	1	362,	0,	chr7	159850419	159850681	retro_human_1962|THAP5P1-201|processed_pseudogene	0	-	THAP5P1	262
chr8	9912	10532	ENSG00000223508[1,1,1]	0	-	9912	9912	0	1	620,	0,	chr8	10027	10482	retro_human_5381|RPL23AP53-201|transcribed_processed_pseudogene	0	-	RPL23AP53	455
chr8	11667049	11673550	ENSG00000284655[1,2,2]	0	-	11667049	11667049	255	2	379,268,	0,6233,	chr8	11667965	11672193	retro_human_10064	0	-	intergenic	4228
chr8	11667100	11673550	ENSG00000284661[1,2,2]	0	-	11673550	11673550	255	2	328,268,	0,6182,	chr8	11667965	11672193	retro_human_10064	0	-	intergenic	4228
chr8	10780280	10782969	ENSG00000233609[1,2,2]	0	-	10782969	10782969	0	3	621,96,105,	0,1295,2584,	chr8	10782061	10782362	retro_human_10061|RPL10P19-201|transcribed_processed_pseudogene	0	-	RPL10P19	301
chr8	23909810	23910539	ENSG00000253488[1,1,1]	0	-	23909810	23909810	0	1	729,	0,	chr8	23909860	23910489	SINHCAFP3-201|processed_pseudogene	0	-	SINHCAFP3	629
chr8	26655092	26659563	ENSG00000228451[2,3,3]	0	-	26655092	26655092	0	2	3334,616,	0,3855,	chr8	26652471	26659501	retro_human_1205|SDAD1P1-203|transcribed_processed_pseudogene	0	-	SDAD1P1	4409
chr8	26655092	26659563	ENSG00000228451[2,3,3]	0	-	26655092	26655092	0	2	3334,616,	0,3855,	chr8	26655818	26659513	SDAD1P1-201|transcribed_processed_pseudogene	0	-	SDAD1P1	3695
chr8	26655092	26659563	ENSG00000228451[2,3,3]	0	-	26655092	26655092	0	2	3334,616,	0,3855,	chr8	26655951	26658079	SDAD1P1-202|transcribed_processed_pseudogene	0	-	SDAD1P1	2128
chr8	26655768	26659563	ENSG00000228451[2,3,2]	0	-	26655768	26655768	0	2	2658,616,	0,3179,	chr8	26652471	26659501	retro_human_1205|SDAD1P1-203|transcribed_processed_pseudogene	0	-	SDAD1P1	3733
chr8	26655768	26659563	ENSG00000228451[2,3,2]	0	-	26655768	26655768	0	2	2658,616,	0,3179,	chr8	26655818	26659513	SDAD1P1-201|transcribed_processed_pseudogene	0	-	SDAD1P1	3695
chr8	26655768	26659563	ENSG00000228451[2,3,2]	0	-	26655768	26655768	0	2	2658,616,	0,3179,	chr8	26655951	26658079	SDAD1P1-202|transcribed_processed_pseudogene	0	-	SDAD1P1	2128
chr8	28577799	28578783	ENSG00000239198[1,1,1]	0	+	28577799	28577799	0	1	984,	0,	chr8	28577849	28578733	retro_human_6799|RPL5P22-201|processed_pseudogene	0	+	RPL5P22	884
chr8	30630726	30632472	ENSG00000127589[1,1,2]	0	+	30630726	30630726	0	1	1746,	0,	chr8	30630776	30632422	retro_human_6806|TUBBP1-202|transcribed_processed_pseudogene	0	+	TUBBP1	1646
chr8	30630726	30632472	ENSG00000127589[1,1,2]	0	+	30630726	30630726	0	1	1746,	0,	chr8	30630911	30632246	TUBBP1-201|transcribed_processed_pseudogene	0	+	TUBBP1	1335
chr8	38877643	38878286	ENSG00000253570[1,1,1]	0	-	38877643	38877643	0	1	643,	0,	chr8	38877693	38878236	retro_human_7602|RNF5P1-201|processed_pseudogene	0	-	RNF5P1	543
chr8	41784880	41786262	ENSG00000253943[1,1,1]	0	+	41784880	41784880	0	1	1382,	0,	chr8	41784930	41786212	retro_human_5561|KRT18P37-201|processed_pseudogene	0	+	KRT18P37	1282
chr8	43394877	43395380	ENSG00000254198[1,1,1]	0	-	43394877	43394877	0	1	503,	0,	chr8	43394927	43395330	retro_human_4500|AC113191.1-201|processed_pseudogene	0	-	intergenic	403
chr8	43558754	43559035	ENSG00000253707[1,1,1]	0	-	43558754	43558754	0	1	281,	0,	chr8	43558804	43558985	AC022616.5-201|processed_pseudogene	0	-	intergenic	181
chr8	47532838	47533590	ENSG00000188873[1,1,1]	0	+	47532838	47532838	0	1	752,	0,	chr8	47532888	47533542	retro_human_5559|RPL10AP2-201|processed_pseudogene	0	+	RPL10AP2	654
chr8	54624876	54625250	ENSG00000253840[1,1,1]	0	+	54624876	54624876	0	1	374,	0,	chr8	54624926	54625200	AC044836.1-201|processed_pseudogene	0	+	intergenic	274
chr8	56965597	56966100	ENSG00000241431[1,1,1]	0	+	56965597	56965597	0	1	503,	0,	chr8	56965647	56966050	retro_human_5951|RPL37P6-202|transcribed_processed_pseudogene	0	+	RPL37P6	403
chr8	56965597	56966100	ENSG00000241431[1,1,1]	0	+	56965597	56965597	0	1	503,	0,	chr8	56965669	56965963	RPL37P6-201|transcribed_processed_pseudogene	0	+	RPL37P6	294
chr8	56965844	56966100	ENSG00000241431[2,1,1]	0	+	56965844	56965844	0	1	256,	0,	chr8	56965647	56966050	retro_human_5951|RPL37P6-202|transcribed_processed_pseudogene	0	+	RPL37P6	206
chr8	56965844	56966100	ENSG00000241431[2,1,1]	0	+	56965844	56965844	0	1	256,	0,	chr8	56965669	56965963	RPL37P6-201|transcribed_processed_pseudogene	0	+	RPL37P6	119
chr8	68720095	68720568	ENSG00000253964[1,1,1]	0	-	68720095	68720095	0	1	473,	0,	chr8	68720145	68720518	retro_human_3290|RPL31P40-201|processed_pseudogene	0	-	RPL31P40	373
chr8	75731707	75732086	ENSG00000253229[1,1,1]	0	+	75731707	75731707	0	1	379,	0,	chr8	75731757	75732036	retro_human_4139|HIGD1AP6-201|processed_pseudogene	0	+	HIGD1AP6	279
chr8	80990408	80991396	ENSG00000188856[1,1,1]	0	+	80990408	80990408	0	1	988,	0,	chr8	80990458	80991346	retro_human_4135|RPSAP47-201|processed_pseudogene	0	+	RPSAP47	888
chr8	88698871	88699882	ENSG00000253401[1,1,1]	0	-	88698871	88698871	0	1	1011,	0,	chr8	88698921	88699832	VTA1P2-201|processed_pseudogene	0	-	VTA1P2	911
chr8	95082369	95082823	ENSG00000240509[1,1,1]	0	-	95082369	95082369	0	1	454,	0,	chr8	95082419	95082773	retro_human_6048|RPL34P18-201|processed_pseudogene	0	-	RPL34P18	354
chr8	98990501	98991033	ENSG00000243504[1,1,1]	0	+	98990501	98990501	0	1	532,	0,	chr8	98990551	98990983	retro_human_10448|RPS23P1-201|processed_pseudogene	0	+	RPS23P1	432
chr8	102021433	102021881	ENSG00000212994[1,1,1]	0	+	102021433	102021433	0	1	448,	0,	chr8	102021483	102021831	retro_human_4954|RPS26P6-201|processed_pseudogene	0	+	RPS26P6	348
chr8	102494576	102495317	ENSG00000228224[2,1,1]	0	+	102494576	102494576	0	1	741,	0,	chr8	102494626	102495267	NACA4P-202|transcribed_processed_pseudogene	0	+	NACA4P	641
chr8	104213538	104214578	ENSG00000253795[1,1,1]	0	+	104213538	104213538	0	1	1040,	0,	chr8	104213588	104214528	MTND1P5-201|processed_pseudogene	0	+	MTND1P5	940
chr8	108108679	108109384	ENSG00000275905[1,1,1]	0	-	108108679	108108679	0	1	705,	0,	chr8	108108768	108109334	retro_human_6860	0	-	intergenic	566
chr8	111233695	111234684	ENSG00000240590[1,1,1]	0	-	111233695	111233695	0	1	989,	0,	chr8	111233745	111234634	retro_human_6857|RPSAP48-201|processed_pseudogene	0	-	RPSAP48	889
chr8	122510308	122510737	ENSG00000239872[1,1,1]	0	-	122510308	122510308	0	1	429,	0,	chr8	122510358	122510687	retro_human_1419|RPL35AP19-201|processed_pseudogene	0	-	RPL35AP19	329
chr8	134531819	134533021	ENSG00000225259[1,1,1]	0	+	134531819	134531819	0	1	1202,	0,	chr8	134531869	134532971	retro_human_10883|ST13P6-201|processed_pseudogene	0	+	ST13P6	1102
chr9	4773679	4775058	ENSG00000270639[1,1,1]	0	-	4773679	4773679	0	1	1379,	0,	chr9	4773729	4775008	ECM1P1-201|processed_pseudogene	0	-	ECM1P1	1279
chr9	7473529	7474905	ENSG00000230207[1,1,1]	0	-	7473529	7473529	0	1	1376,	0,	chr9	7473579	7474855	retro_human_10628|RPL4P5-201|processed_pseudogene	0	-	RPL4P5	1276
chr9	14050171	14051417	ENSG00000223568[1,1,1]	0	-	14050171	14050171	0	1	1246,	0,	chr9	14050221	14051367	retro_human_4436|RPL3P11-201|processed_pseudogene	0	-	RPL3P11	1146
chr9	14931065	14932163	ENSG00000214110[1,1,1]	0	-	14931065	14931065	0	1	1098,	0,	chr9	14931115	14932113	retro_human_10629|LDHAP4-201|transcribed_processed_pseudogene	0	-	LDHAP4	998
chr9	21709327	21711196	ENSG00000229835[1,1,1]	0	+	21709327	21709327	0	1	1869,	0,	chr9	21709377	21711145	retro_human_9020|KHSRPP1-201|processed_pseudogene	0	+	KHSRPP1	1768
chr9	29649615	29650083	ENSG00000229834[1,1,1]	0	+	29649615	29649615	0	1	468,	0,	chr9	29649665	29650033	retro_human_3147|AL354676.1-201|processed_pseudogene	0	+	intergenic	368
chr9	30574134	30574836	ENSG00000232060[1,1,1]	0	-	30574134	30574134	0	1	702,	0,	chr9	30574184	30574786	SLC4A1APP1-201|processed_pseudogene	0	-	SLC4A1APP1	602
chr9	30704378	30705646	ENSG00000215210[1,1,1]	0	+	30704378	30704378	0	1	1268,	0,	chr9	30704428	30705596	retro_human_3148|RBMXP2-201|processed_pseudogene	0	+	RBMXP2	1168
chr9	30847432	30847880	ENSG00000233278[1,1,1]	0	-	30847432	30847432	0	1	448,	0,	chr9	30847482	30847830	retro_human_3916|RPS26P2-201|processed_pseudogene	0	-	RPS26P2	348
chr9	32942584	32943085	ENSG00000223807[1,1,1]	0	+	32942584	32942584	0	1	501,	0,	chr9	32942634	32943034	retro_human_3144|BOLA3P4-201|processed_pseudogene	0	+	BOLA3P4	400
chr9	32962525	32963852	ENSG00000237437[1,1,1]	0	+	32962525	32962525	0	1	1327,	0,	chr9	32962575	32963802	retro_human_3141|ASS1P12-201|processed_pseudogene	0	+	ASS1P12	1227
chr9	33594853	33595588	ENSG00000234373[1,1,1]	0	+	33594853	33594853	0	1	735,	0,	chr9	33594903	33595538	SNX18P7-201|processed_pseudogene	0	+	SNX18P7	635
chr9	33642730	33643850	ENSG00000231991[1,1,1]	0	+	33642730	33642730	0	1	1120,	0,	chr9	33642780	33643800	retro_human_3142|ANXA2P2-201|processed_pseudogene	0	+	ANXA2P2	1020
chr9	33693616	33696060	ENSG00000237984[2,1,3]	0	-	33693616	33693616	0	1	2444,	0,	chr9	33693947	33695162	PTENP1-201|transcribed_processed_pseudogene	0	-	PTENP1	1215
chr9	33693897	33695212	ENSG00000237984[1,1,2]	0	-	33693897	33693897	0	1	1315,	0,	chr9	33693947	33695162	PTENP1-201|transcribed_processed_pseudogene	0	-	PTENP1	1215
chr9	35029834	35030517	ENSG00000233148[1,1,1]	0	+	35029834	35029834	0	1	683,	0,	chr9	35029884	35030467	retro_human_7309|SYF2P2-201|processed_pseudogene	0	+	SYF2P2	583
chr9	35613398	35613664	ENSG00000227852[1,1,1]	0	+	35613398	35613398	0	1	266,	0,	chr9	35613448	35613614	retro_human_8596|RPS29P17-201|processed_pseudogene	0	+	RPS29P17	166
chr9	35992967	35994042	ENSG00000213866[1,1,1]	0	-	35992967	35992967	0	1	1075,	0,	chr9	35993017	35993992	retro_human_4319|YBX1P10-201|processed_pseudogene	0	-	YBX1P10	975
chr9	37500810	37502079	ENSG00000187988[1,1,1]	0	+	37500810	37500810	0	1	1269,	0,	chr9	37500860	37502029	retro_human_2770|KCTD9P3-201|processed_pseudogene	0	+	KCTD9P3	1169
chr9	40120069	40120877	ENSG00000237846[1,1,1]	0	+	40120069	40120069	0	1	808,	0,	chr9	40120119	40120827	AL773545.3-201|processed_pseudogene	0	+	intergenic	708
chr9	43937857	43939289	ENSG00000268234[1,1,1]	0	+	43937857	43937857	0	1	1432,	0,	chr9	43937907	43939239	retro_human_5892|FKBP4P6-201|processed_pseudogene	0	+	FKBP4P6	1332
chr9	44524644	44525648	ENSG00000213816[1,1,1]	0	-	44524644	44524644	0	1	1004,	0,	chr9	44524694	44525598	retro_human_7403|CNN2P4-201|processed_pseudogene	0	-	CNN2P4	904
chr9	42935508	42936514	ENSG00000235832[1,1,1]	0	+	42936514	42936514	0	1	1006,	0,	chr9	42935558	42936464	retro_human_3938|CNN2P3-201|processed_pseudogene	0	+	CNN2P3	906
chr9	78748577	78749149	ENSG00000274355[1,1,1]	0	-	78748577	78748577	0	1	572,	0,	chr9	78748627	78749099	FAM74A3-201|transcribed_processed_pseudogene	0	-	FAM74A3	472
chr9	79508323	79509282	ENSG00000278763[2,2,1]	0	-	79508323	79508323	255	2	253,144,	0,815,	chr9	79508373	79508586	FAM27B-201|processed_pseudogene	0	-	FAM27B	213
chr9	79508323	79508636	ENSG00000278763[1,1,1]	0	-	79508323	79508323	0	1	313,	0,	chr9	79508373	79508586	FAM27B-201|processed_pseudogene	0	-	FAM27B	213
chr9	83740010	83740443	ENSG00000229814[1,1,1]	0	+	83740010	83740010	0	1	433,	0,	chr9	83740060	83740393	retro_human_770|RPL35AP21-201|processed_pseudogene	0	+	RPL35AP21	333
chr9	84158470	84158826	ENSG00000236060[1,1,1]	0	-	84158470	84158470	0	1	356,	0,	chr9	84158520	84158776	retro_human_6994|HSPB1P1-201|processed_pseudogene	0	-	HSPB1P1	256
chr9	84258621	84259216	ENSG00000224820[1,1,1]	0	-	84258621	84258621	0	1	595,	0,	chr9	84258671	84259166	retro_human_6993|BTF3P4-201|processed_pseudogene	0	-	BTF3P4	495
chr9	91549630	91550186	ENSG00000186940[1,1,1]	0	+	91549630	91549630	0	1	556,	0,	chr9	91549680	91550136	retro_human_1914|CHCHD2P9-201|processed_pseudogene	0	+	CHCHD2P9	456
chr9	100170346	100170940	ENSG00000217716[1,1,1]	0	+	100170346	100170346	0	1	594,	0,	chr9	100170396	100170890	retro_human_6970|RPS10P3-201|processed_pseudogene	0	+	RPS10P3	494
chr9	104337697	104340051	ENSG00000224809[1,1,1]	0	+	104337697	104337697	0	1	2354,	0,	chr9	104337747	104340001	retro_human_8162|BEND3P2-201|processed_pseudogene	0	+	BEND3P2	2254
chr9	108317314	108319264	ENSG00000224546[1,1,1]	0	+	108317314	108317314	0	1	1950,	0,	chr9	108317364	108319214	retro_human_8157|EIF4BP3-201|processed_pseudogene	0	+	EIF4BP3	1850
chr9	108858748	108945807	ENSG00000224848[1,7,2]	0	+	108858748	108858748	255	3	352,165,570,	0,33991,86489,	chr9	108900888	108910164	retro_human_2654	0	+	intergenic	9276
chr9	109239474	109240454	ENSG00000197214[1,1,1]	0	+	109239474	109239474	0	1	980,	0,	chr9	109239524	109240404	retro_human_2650|TCEA1P1-201|processed_pseudogene	0	+	TCEA1P1	880
chr9	109247970	109249426	ENSG00000228376[1,1,2]	0	-	109247970	109247970	0	1	1456,	0,	chr9	109247445	109253719	GAS2L1P2-202|transcribed_processed_pseudogene	0	-	GAS2L1P2	1456
chr9	109247970	109249426	ENSG00000228376[1,1,2]	0	-	109247970	109247970	0	1	1456,	0,	chr9	109248020	109249376	GAS2L1P2-201|transcribed_processed_pseudogene	0	-	GAS2L1P2	1356
chr9	111476810	111478346	ENSG00000255815[1,1,1]	0	+	111476810	111476810	0	1	1536,	0,	chr9	111476860	111478296	retro_human_9147|KRT8P11-201|processed_pseudogene	0	+	KRT8P11	1436
chr9	126888281	126888775	ENSG00000230284[1,1,1]	0	-	126888281	126888281	0	1	494,	0,	chr9	126888331	126888725	retro_human_5645|AL160275.1-201|processed_pseudogene	0	-	intergenic	394
chr9	132916778	132918176	ENSG00000238181[1,1,1]	0	+	132916778	132916778	0	1	1398,	0,	chr9	132916828	132918126	retro_human_8346|AHCYP2-201|processed_pseudogene	0	+	AHCYP2	1298
chr9	133008583	133009054	ENSG00000270917[1,1,1]	0	-	133008583	133008583	0	1	471,	0,	chr9	133008633	133009004	AL161911.1-201|processed_pseudogene	0	-	intergenic	371
chr9	133715799	133716508	ENSG00000213467[1,1,1]	0	-	133715799	133715799	0	1	709,	0,	chr9	133715849	133716458	retro_human_288|HMGB1P37-201|processed_pseudogene	0	-	HMGB1P37	609
chr9	134883206	134885746	ENSG00000226783[1,1,1]	0	+	134883206	134883206	0	1	2540,	0,	chr9	134883256	134885696	retro_human_8347|TLK1P1-201|processed_pseudogene	0	+	TLK1P1	2440
chr9	137571458	137572000	ENSG00000227845[1,1,1]	0	-	137571458	137571458	0	1	542,	0,	chr9	137571508	137571950	retro_human_5251|AL627223.1-201|processed_pseudogene	0	-	intergenic	442
chr7	22646447	22647936	ENSG00000196205[1,1,1]	0	-	22647936	22647936	0	1	1489,	0,	chr7	22646501	22647886	retro_human_3236|EEF1A1P6-201|processed_pseudogene	0	-	EEF1A1P6	1385
chr9	149170149	149171566	ENSG00000213590[1,1,1]	0	+	149170149	149170149	0	1	1417,	0,	chr9	149170199	149171516	AL807752.1-201|processed_pseudogene	0	+	intergenic	1317
chrX	15781884	15782846	ENSG00000215313[1,1,1]	0	-	15781884	15781884	0	1	962,	0,	chrX	15781934	15782796	retro_human_11065|RPL6P30-201|processed_pseudogene	0	-	RPL6P30	862
chrX	26244635	26244952	ENSG00000236160[1,1,1]	0	-	26244635	26244635	0	1	317,	0,	chrX	26244685	26244902	AC005345.1-201|processed_pseudogene	0	-	intergenic	217
chrX	30222349	30222977	ENSG00000232368[1,1,1]	0	+	30222349	30222349	0	1	628,	0,	chrX	30222399	30222927	retro_human_6270|FTLP2-201|processed_pseudogene	0	+	FTLP2	528
chrX	34312051	34312720	ENSG00000225384[1,1,1]	0	-	34312051	34312051	0	1	669,	0,	chrX	34312117	34312670	AL606662.1-201|processed_pseudogene	0	-	intergenic	553
chrX	35221130	35222153	ENSG00000230227[1,1,1]	0	+	35221130	35221130	0	1	1023,	0,	chrX	35221180	35222103	retro_human_6264|SIAH1P1-201|processed_pseudogene	0	+	SIAH1P1	923
chrX	35460376	35465250	ENSG00000271519[1,1,1]	0	+	35460376	35460376	0	1	4874,	0,	chrX	35460426	35465200	AL590065.1-201|processed_pseudogene	0	+	intergenic	4774
chrX	40336112	40337095	ENSG00000216866[1,1,1]	0	-	40336112	40336112	0	1	983,	0,	chrX	40336162	40337045	retro_human_7111|RPS2P55-201|processed_pseudogene	0	-	RPS2P55	883
chrX	41503650	41504170	ENSG00000228847[1,1,1]	0	-	41503650	41503650	0	1	520,	0,	chrX	41503700	41504120	retro_human_7100|ATP5MC2P4-201|processed_pseudogene	0	-	ATP5MC2P4	420
chrX	45695245	45696458	ENSG00000229145[1,1,1]	0	-	45695245	45695245	0	1	1213,	0,	chrX	45695295	45696408	retro_human_4966|ACTBP1-201|processed_pseudogene	0	-	ACTBP1	1113
chrX	45846644	45847750	ENSG00000235587[1,1,1]	0	-	45846644	45846644	0	1	1106,	0,	chrX	45846694	45847700	retro_human_10405|GAPDHP65-201|processed_pseudogene	0	-	GAPDHP65	1006
chrX	46922440	46923422	ENSG00000235636[1,1,1]	0	-	46922440	46922440	0	1	982,	0,	chrX	46922490	46923372	retro_human_4873|NUS1P1-201|processed_pseudogene	0	-	NUS1P1	882
chrX	47992046	47992393	ENSG00000220125[1,1,1]	0	-	47992046	47992046	0	1	347,	0,	chrX	47992096	47992343	MRPL32P1-201|processed_pseudogene	0	-	MRPL32P1	247
chrX	48645765	48646411	ENSG00000230216[1,1,1]	0	-	48645765	48645765	0	1	646,	0,	chrX	48645815	48646361	retro_human_5303|HSPB1P2-201|processed_pseudogene	0	-	HSPB1P2	546
chrX	48948284	48949234	ENSG00000213856[1,1,1]	0	-	48948284	48948284	0	1	950,	0,	chrX	48948334	48949184	retro_human_1435|VDAC1P2-201|processed_pseudogene	0	-	VDAC1P2	850
chrX	67033573	67034048	ENSG00000236735[1,1,1]	0	+	67033573	67033573	0	1	475,	0,	chrX	67033623	67033998	retro_human_8840|RPL31P63-201|processed_pseudogene	0	+	RPL31P63	375
chrX	69396987	69397417	ENSG00000230629[1,1,1]	0	+	69396987	69396987	0	1	430,	0,	chrX	69397037	69397367	retro_human_8839|RPS23P8-201|processed_pseudogene	0	+	RPS23P8	330
chrX	70223095	70223446	ENSG00000224617[1,1,1]	0	-	70223095	70223095	0	1	351,	0,	chrX	70223145	70223396	retro_human_152|BX276092.1-201|processed_pseudogene	0	-	intergenic	251
chrX	71559514	71561661	ENSG00000204118[2,1,1]	0	-	71559514	71559514	0	1	2147,	0,	chrX	71559564	71561611	retro_human_164|NAP1L6P-201|transcribed_processed_pseudogene	0	-	NAP1L6P	2047
chrX	71559514	71561661	ENSG00000204118[2,1,1]	0	-	71559514	71559514	0	1	2147,	0,	chrX	71560041	71561266	NAP1L6P-202|transcribed_processed_pseudogene	0	-	NAP1L6P	1225
chrX	71559991	71561316	ENSG00000204118[1,1,2]	0	-	71559991	71559991	0	1	1325,	0,	chrX	71559564	71561611	retro_human_164|NAP1L6P-201|transcribed_processed_pseudogene	0	-	NAP1L6P	1325
chrX	71559991	71561316	ENSG00000204118[1,1,2]	0	-	71559991	71559991	0	1	1325,	0,	chrX	71560041	71561266	NAP1L6P-202|transcribed_processed_pseudogene	0	-	NAP1L6P	1225
chrX	71907892	71908260	ENSG00000233162[1,1,1]	0	+	71907892	71907892	0	1	368,	0,	chrX	71907942	71908210	retro_human_9909|MORF4L1P6-201|processed_pseudogene	0	+	MORF4L1P6	268
chrX	72842927	72843610	ENSG00000213695[1,1,1]	0	+	72842927	72842927	0	1	683,	0,	chrX	72842977	72843560	retro_human_4391|RPS7P14-201|processed_pseudogene	0	+	RPS7P14	583
chrX	74768572	74769677	ENSG00000213684[1,1,1]	0	-	74768572	74768572	0	1	1105,	0,	chrX	74768622	74769627	retro_human_1325|LDHBP2-201|processed_pseudogene	0	-	LDHBP2	1005
chrX	75089258	75090420	ENSG00000235447[1,1,1]	0	-	75089258	75089258	0	1	1162,	0,	chrX	75089308	75090370	retro_human_4289|TRAPPC13P1-201|processed_pseudogene	0	-	TRAPPC13P1	1062
chrX	79363230	79364178	ENSG00000073905[1,1,1]	0	+	79363230	79363230	0	1	948,	0,	chrX	79363280	79364128	retro_human_4004|VDAC1P1-201|processed_pseudogene	0	+	VDAC1P1	848
chrX	86130309	86131270	ENSG00000237506[1,1,1]	0	-	86130309	86130309	0	1	961,	0,	chrX	86130359	86131220	retro_human_9816|RPSAP15-201|processed_pseudogene	0	-	RPSAP15	861
chrX	92018909	92019755	ENSG00000228301[1,1,1]	0	+	92018909	92018909	0	1	846,	0,	chrX	92018959	92019705	retro_human_9084|RPL7P55-201|processed_pseudogene	0	+	RPL7P55	746
chrX	93945593	93946126	ENSG00000223467[1,1,1]	0	+	93945593	93945593	0	1	533,	0,	chrX	93945643	93946076	retro_human_9082|CALM1P1-201|processed_pseudogene	0	+	CALM1P1	433
chrX	99781797	99782462	ENSG00000270813[1,1,1]	0	-	99781797	99781797	0	1	665,	0,	chrX	99781847	99782412	NANOGNBP3-201|processed_pseudogene	0	-	NANOGNBP3	565
chrX	100453073	100453696	ENSG00000234901[1,1,1]	0	-	100453073	100453073	0	1	623,	0,	chrX	100453123	100453646	MTND6P13-201|processed_pseudogene	0	-	MTND6P13	523
chrX	100991163	100992743	ENSG00000176318[1,1,1]	0	-	100991163	100991163	0	1	1580,	0,	chrX	100991213	100992693	retro_human_4010|FOXN3P1-201|processed_pseudogene	0	-	FOXN3P1	1480
chrX	102503556	102504152	ENSG00000235946[1,1,1]	0	-	102503556	102503556	0	1	596,	0,	chrX	102503606	102504102	H2BW3P-1|processed_pseudogene	0	-	H2BW3P	496
chrX	105708931	105710106	ENSG00000204053[1,1,1]	0	+	105708931	105708931	0	1	1175,	0,	chrX	105708981	105710056	retro_human_1558|MYCLP1-201|processed_pseudogene	0	+	MYCLP1	1075
chrX	108968165	108970975	ENSG00000225366[1,1,1]	0	+	108968165	108968165	0	1	2810,	0,	chrX	108968215	108970925	TDGF1P3-202|transcribed_processed_pseudogene	0	+	TDGF1P3	2710
chrX	108968983	108969650	ENSG00000225366[2,1,2]	0	+	108968983	108968983	0	1	667,	0,	chrX	108968215	108970925	TDGF1P3-202|transcribed_processed_pseudogene	0	+	TDGF1P3	667
chrX	110067866	110069779	ENSG00000225031[1,1,1]	0	-	110067866	110067866	0	1	1913,	0,	chrX	110067916	110069729	retro_human_10170|EIF4BP7-201|processed_pseudogene	0	-	EIF4BP7	1813
chrX	118596353	118620380	ENSG00000233382[2,6,6]	0	-	118596353	118596353	0	2	348,560,	0,23467,	chrX	118611514	118620290	NKAPP1-201|transcribed_processed_pseudogene	0	-	NKAPP1	8776
chrX	118596353	118620380	ENSG00000233382[2,6,6]	0	-	118596353	118596353	0	2	348,560,	0,23467,	chrX	118615452	118620268	NKAPP1-206|transcribed_processed_pseudogene	0	-	NKAPP1	4816
chrX	118611464	118620380	ENSG00000233382[2,3,2]	0	-	118611464	118611464	0	3	1835,129,560,	0,3819,8356,	chrX	118611514	118620290	NKAPP1-201|transcribed_processed_pseudogene	0	-	NKAPP1	8776
chrX	118611464	118620380	ENSG00000233382[2,3,2]	0	-	118611464	118611464	0	3	1835,129,560,	0,3819,8356,	chrX	118615452	118620268	NKAPP1-206|transcribed_processed_pseudogene	0	-	NKAPP1	4816
chrX	118612987	118620380	ENSG00000233382[2,3,7]	0	-	118612987	118612987	0	3	312,129,560,	0,2296,6833,	chrX	118611514	118620290	NKAPP1-201|transcribed_processed_pseudogene	0	-	NKAPP1	7303
chrX	118612987	118620380	ENSG00000233382[2,3,7]	0	-	118612987	118612987	0	3	312,129,560,	0,2296,6833,	chrX	118615452	118620268	NKAPP1-206|transcribed_processed_pseudogene	0	-	NKAPP1	4816
chrX	118619765	118620380	ENSG00000233382[2,1,3]	0	-	118619765	118619765	0	1	615,	0,	chrX	118615452	118620268	NKAPP1-206|transcribed_processed_pseudogene	0	-	NKAPP1	503
chrX	118619765	118620380	ENSG00000233382[2,1,3]	0	-	118619765	118619765	0	1	615,	0,	chrX	118619815	118620182	NKAPP1-205|transcribed_processed_pseudogene	0	-	NKAPP1	367
chrX	121823152	121823652	ENSG00000179101[1,1,1]	0	+	121823152	121823152	0	1	500,	0,	chrX	121823202	121823602	retro_human_5694|H3P47-201|processed_pseudogene	0	+	H3P47	400
chrX	126626732	126627600	ENSG00000235735[1,1,1]	0	+	126626732	126626732	0	1	868,	0,	chrX	126626782	126627550	retro_human_10508|RPL7AP72-201|processed_pseudogene	0	+	RPL7AP72	768
chrX	127726858	127727198	ENSG00000226339[1,1,1]	0	+	127726858	127726858	0	1	340,	0,	chrX	127726908	127727148	retro_human_1142|RPS26P56-201|processed_pseudogene	0	+	RPS26P56	240
chrX	128814738	128816462	ENSG00000221930[1,1,2]	0	+	128814738	128814738	0	1	1724,	0,	chrX	128814788	128816412	retro_human_1140|DENND10P1-202|transcribed_processed_pseudogene	0	+	DENND10P1	1624
chrX	128814738	128816462	ENSG00000221930[1,1,2]	0	+	128814738	128814738	0	1	1724,	0,	chrX	128814982	128816056	DENND10P1-201|transcribed_processed_pseudogene	0	+	DENND10P1	1074
chrX	130261829	130262113	ENSG00000235190[1,1,1]	0	+	130261829	130261829	0	1	284,	0,	chrX	130261879	130262063	retro_human_8170|AL008629.1-201|processed_pseudogene	0	+	intergenic	184
chrX	132491778	132492129	ENSG00000224908[1,1,1]	0	+	132491778	132491778	0	1	351,	0,	chrX	132491828	132492079	retro_human_1|TIMM8BP2-201|processed_pseudogene	0	+	TIMM8BP2	251
chrX	133758652	133764427	ENSG00000225769[1,1,1]	0	+	133758652	133758652	0	1	5775,	0,	chrX	133758702	133764377	retro_human_10193|CROCCP1-201|processed_pseudogene	0	+	CROCCP1	5675
chrX	134406185	134406799	ENSG00000231513[1,1,1]	0	-	134406185	134406185	0	1	614,	0,	chrX	134406235	134406749	retro_human_1930|E2F6P4-201|processed_pseudogene	0	-	E2F6P4	514
chrX	135115874	135116629	ENSG00000225125[1,1,1]	0	-	135115874	135115874	0	1	755,	0,	chrX	135115924	135116579	retro_human_9815|RANP4-201|processed_pseudogene	0	-	RANP4	655
chrX	135156054	135156805	ENSG00000225400[1,1,1]	0	+	135156054	135156054	0	1	751,	0,	chrX	135156104	135156755	retro_human_4693|RAB28P5-201|processed_pseudogene	0	+	RAB28P5	651
chrX	135634953	135635130	ENSG00000214748[1,1,1]	0	-	135634953	135634953	0	1	177,	0,	chrX	135635002	135635080	AL355309.1-201|processed_pseudogene	0	-	intergenic	78
chrX	138344218	138345455	ENSG00000214653[1,1,1]	0	+	138344218	138344218	0	1	1237,	0,	chrX	138344268	138345405	retro_human_3816|HNRNPA3P3-201|processed_pseudogene	0	+	HNRNPA3P3	1137
chrX	146317710	146318324	ENSG00000219507[1,1,1]	0	+	146317710	146317710	0	1	614,	0,	chrX	146317760	146318274	retro_human_7217|FTH1P8-201|processed_pseudogene	0	+	FTH1P8	514
chrX	148498583	148500505	ENSG00000234825[1,1,1]	0	-	148498583	148498583	0	1	1922,	0,	chrX	148498633	148500455	retro_human_902|XRCC6P2-201|processed_pseudogene	0	-	XRCC6P2	1822
chrX	149260918	149261609	ENSG00000230508[1,1,1]	0	+	149260918	149260918	0	1	691,	0,	chrX	149260968	149261559	retro_human_10870|RPL19P21-201|processed_pseudogene	0	+	RPL19P21	591
chrX	150746127	150747675	ENSG00000223940[1,1,1]	0	+	150746127	150746127	0	1	1548,	0,	chrX	150746177	150747625	retro_human_10901|KRT8P8-201|processed_pseudogene	0	+	KRT8P8	1448
chrX	153053447	153053850	ENSG00000229237[1,1,1]	0	-	153053500	153053800	0	1	403,	0,	chrX	153053497	153053800	retro_human_7212|HMGN1P37-201|processed_pseudogene	0	-	HMGN1P37	303
chrY	5473271	5473809	ENSG00000235175[1,1,1]	0	-	5473271	5473271	0	1	538,	0,	chrY	5473321	5473759	retro_human_10013|RPL26P37-201|processed_pseudogene	0	-	RPL26P37	438
chrY	19085366	19085795	ENSG00000236599[1,1,1]	0	-	19085366	19085366	0	1	429,	0,	chrY	19085416	19085745	ELOCP26-201|processed_pseudogene	0	-	ELOCP26	329
chr10	7153849	7154066	ENSG00000270811[1,1,1]	0	+	7153849	7153849	0	1	217,	0,	chr10	7153899	7154016	AL590095.1-201|processed_pseudogene	0	+	intergenic	117
chr10	13171256	13172811	ENSG00000203414[1,1,1]	0	-	13171256	13171256	0	1	1555,	0,	chr10	13171306	13172761	BTBD7P1-201|processed_pseudogene	0	-	BTBD7P1	1455
chr10	17595812	17596763	ENSG00000236582[1,1,1]	0	+	17595812	17595812	0	1	951,	0,	chr10	17595862	17596713	retro_human_10748|PRPF38AP2-201|processed_pseudogene	0	+	PRPF38AP2	851
chr10	22244706	22245133	ENSG00000227462[1,1,1]	0	+	22244706	22244706	0	1	427,	0,	chr10	22244756	22245083	retro_human_10348|PSME2P6-201|processed_pseudogene	0	+	PSME2P6	327
chr10	22285973	22286429	ENSG00000233318[1,1,1]	0	+	22285973	22285973	0	1	456,	0,	chr10	22286023	22286379	retro_human_10347|RPL31P45-201|processed_pseudogene	0	+	RPL31P45	356
chr10	23155872	23156710	ENSG00000229932[1,1,1]	0	+	23155872	23155872	0	1	838,	0,	chr10	23155922	23156660	retro_human_10346|YWHAZP3-201|processed_pseudogene	0	+	YWHAZP3	738
chr10	27273098	27280869	ENSG00000262412[1,1,1]	0	+	27273098	27273098	0	2	305,797,	0,6974,	chr10	27276368	27281808	retro_human_6725|LRRC37A6P-202|transcribed_processed_pseudogene	0	-	LRRC37A6P	4501
chr10	27273098	27280869	ENSG00000262412[1,1,1]	0	+	27273098	27273098	0	2	305,797,	0,6974,	chr10	27277319	27280577	LRRC37A6P-201|transcribed_processed_pseudogene	0	-	LRRC37A6P	3258
chr10	27277269	27280627	ENSG00000230445[3,1,3]	0	-	27277269	27277269	0	1	3358,	0,	chr10	27276368	27281808	retro_human_6725|LRRC37A6P-202|transcribed_processed_pseudogene	0	-	LRRC37A6P	3358
chr10	27277269	27280627	ENSG00000230445[3,1,3]	0	-	27277269	27277269	0	1	3358,	0,	chr10	27277319	27280577	LRRC37A6P-201|transcribed_processed_pseudogene	0	-	LRRC37A6P	3258
chr10	27408223	27408548	ENSG00000237956[1,1,1]	0	-	27408223	27408223	0	1	325,	0,	chr10	27408273	27408498	retro_human_6723|TRIAP1P1-201|processed_pseudogene	0	-	TRIAP1P1	225
chr10	28930832	28931421	ENSG00000229605[1,1,1]	0	-	28930832	28930832	0	1	589,	0,	chr10	28930882	28931371	RPL21P93-201|processed_pseudogene	0	-	RPL21P93	489
chr10	30434149	30434829	ENSG00000224473[1,1,1]	0	-	30434149	30434149	0	1	680,	0,	chr10	30434199	30434779	retro_human_6720|CCND3P1-201|processed_pseudogene	0	-	CCND3P1	580
chr10	32131451	32132323	ENSG00000234335[1,1,1]	0	-	32131451	32131451	0	1	872,	0,	chr10	32131501	32132273	retro_human_1281|RPS4XP11-201|processed_pseudogene	0	-	RPS4XP11	772
chr10	32217328	32217923	ENSG00000217094[1,1,1]	0	-	32217328	32217328	0	1	595,	0,	chr10	32217378	32217873	retro_human_1282|PPIAP31-201|processed_pseudogene	0	-	PPIAP31	495
chr10	34903677	34903990	ENSG00000232525[1,1,1]	0	+	34903677	34903677	0	1	313,	0,	chr10	34903727	34903940	retro_human_4022|SS18L2P1-201|processed_pseudogene	0	+	SS18L2P1	213
chr10	36552989	36555603	ENSG00000229644[1,1,1]	0	-	36552989	36552989	0	1	2614,	0,	chr10	36553039	36555553	retro_human_7133|NAMPTP1-201|processed_pseudogene	0	-	NAMPTP1	2514
chr10	38756850	38758429	ENSG00000227264[1,1,1]	0	+	38756850	38756850	0	1	1579,	0,	chr10	38756900	38758379	retro_human_611|ACTR3BP5-201|processed_pseudogene	0	+	ACTR3BP5	1479
chr10	43397188	43398640	ENSG00000234420[1,1,2]	0	-	43397188	43397188	0	1	1452,	0,	chr10	43397238	43398590	retro_human_115|ZNF37BP-203|transcribed_processed_pseudogene	0	-	ZNF37BP	1352
chr10	43398314	43430421	ENSG00000234420[2,4,3]	0	-	43398314	43398314	0	5	357,124,127,121,2319,	0,2411,2843,4771,29788,	chr10	43391051	43430340	ZNF37BP-202|transcribed_processed_pseudogene	0	-	ZNF37BP	32026
chr10	43398314	43430421	ENSG00000234420[2,4,3]	0	-	43398314	43398314	0	5	357,124,127,121,2319,	0,2411,2843,4771,29788,	chr10	43398330	43430368	ZNF37BP-201|transcribed_processed_pseudogene	0	-	ZNF37BP	32038
chr10	43398314	43430421	ENSG00000234420[2,4,3]	0	-	43398314	43398314	0	5	357,124,127,121,2319,	0,2411,2843,4771,29788,	chr10	43398366	43430354	ZNF37BP-204|transcribed_processed_pseudogene	0	-	ZNF37BP	31988
chr10	44485714	44487223	ENSG00000232004[1,1,1]	0	-	44485714	44485714	0	1	1509,	0,	chr10	44485764	44487173	retro_human_974|CAP1P2-201|processed_pseudogene	0	-	CAP1P2	1409
chr10	45954081	45954577	ENSG00000228462[1,1,1]	0	-	45954081	45954081	0	1	496,	0,	chr10	45954131	45954527	retro_human_5884|RPS19P7-201|processed_pseudogene	0	-	RPS19P7	396
chr10	46693662	46694059	ENSG00000270434[1,1,1]	0	-	46693662	46693662	0	1	397,	0,	chr10	46693712	46694009	AC012044.1-201|processed_pseudogene	0	-	intergenic	297
chr10	46944091	46944657	ENSG00000280012[1,1,1]	0	+	46944091	46944091	0	1	566,	0,	chr10	46944141	46944607	retro_human_7378|RPL23AP61-201|processed_pseudogene	0	+	RPL23AP61	466
chr10	51113111	51115049	ENSG00000225137[1,1,1]	0	+	51113111	51113111	0	1	1938,	0,	chr10	51113161	51114999	retro_human_7763|DYNC1I2P1-201|processed_pseudogene	0	+	DYNC1I2P1	1838
chr10	51507087	51509131	ENSG00000231345[2,1,2]	0	+	51507087	51507087	0	1	2044,	0,	chr10	51504578	51508877	BEND3P1-202|transcribed_processed_pseudogene	0	+	BEND3P1	1790
chr10	51507087	51509131	ENSG00000231345[2,1,2]	0	+	51507087	51507087	0	1	2044,	0,	chr10	51507137	51509081	BEND3P1-201|transcribed_processed_pseudogene	0	+	BEND3P1	1944
chr10	56517657	56518767	ENSG00000236993[1,1,1]	0	-	56517657	56517657	0	1	1110,	0,	chr10	56517707	56518717	retro_human_273|GAPDHP21-201|processed_pseudogene	0	-	GAPDHP21	1010
chr10	66029161	66029693	ENSG00000227173[1,1,1]	0	-	66029161	66029161	0	1	532,	0,	chr10	66029211	66029643	retro_human_6416|MYL6P3-201|processed_pseudogene	0	-	MYL6P3	432
chr10	69129678	69130721	ENSG00000234102[1,1,1]	0	+	69129678	69129678	0	1	1043,	0,	chr10	69129728	69130671	retro_human_645|KRT19P4-201|processed_pseudogene	0	+	KRT19P4	943
chr10	70646942	70647919	ENSG00000230469[1,1,1]	0	+	70646942	70646942	0	1	977,	0,	chr10	70646992	70647869	retro_human_3049|RPL5P26-201|processed_pseudogene	0	+	RPL5P26	877
chr10	71258445	71259747	ENSG00000224725[1,1,1]	0	+	71258445	71258445	0	1	1302,	0,	chr10	71258495	71259696	retro_human_3050|CEP57L1P1-201|processed_pseudogene	0	+	CEP57L1P1	1201
chr10	74293623	74294161	ENSG00000229659[1,1,1]	0	-	74293623	74293623	0	1	538,	0,	chr10	74293673	74294111	retro_human_10736|RPL26P6-201|processed_pseudogene	0	-	RPL26P6	438
chr10	74601925	74605462	ENSG00000250959[1,2,6]	0	+	74601925	74601925	0	2	362,2861,	0,676,	chr10	74603237	74605054	retro_human_8506|DUSP8P5-201|processed_pseudogene	0	+	DUSP8P5	1817
chr10	74601949	74605462	ENSG00000235316[2,1,2]	0	+	74601949	74601949	0	1	3513,	0,	chr10	74603237	74605054	retro_human_8506|DUSP8P5-201|processed_pseudogene	0	+	DUSP8P5	1817
chr10	74603187	74605462	ENSG00000235316[1,1,2]	0	+	74603187	74603187	0	1	2275,	0,	chr10	74603237	74605054	retro_human_8506|DUSP8P5-201|processed_pseudogene	0	+	DUSP8P5	1817
chr10	74603187	74605104	ENSG00000235316[1,1,1]	0	+	74603187	74603187	0	1	1917,	0,	chr10	74603237	74605054	retro_human_8506|DUSP8P5-201|processed_pseudogene	0	+	DUSP8P5	1817
chr10	74603697	74605462	ENSG00000235316[3,1,2]	0	+	74603697	74603697	0	1	1765,	0,	chr10	74603237	74605054	retro_human_8506|DUSP8P5-201|processed_pseudogene	0	+	DUSP8P5	1357
chr10	76142859	76143113	ENSG00000227271[1,1,1]	0	-	76142859	76142859	0	1	254,	0,	chr10	76142909	76143063	retro_human_5630|RPL39P25-201|processed_pseudogene	0	-	RPL39P25	154
chr10	80549941	80554657	ENSG00000224886[2,1,2]	0	-	80549941	80549941	0	1	4716,	0,	chr10	80552298	80554738	BEND3P3-201|processed_pseudogene	0	+	BEND3P3	2359
chr10	80551473	80554657	ENSG00000224886[2,1,3]	0	-	80551473	80551473	0	1	3184,	0,	chr10	80552298	80554738	BEND3P3-201|processed_pseudogene	0	+	BEND3P3	2359
chr10	80552248	80554788	ENSG00000278616[1,1,1]	0	+	80552248	80552248	0	1	2540,	0,	chr10	80552298	80554738	BEND3P3-201|processed_pseudogene	0	+	BEND3P3	2440
chr10	80553745	80554335	ENSG00000224886[1,1,1]	0	-	80553745	80553745	0	1	590,	0,	chr10	80552298	80554738	BEND3P3-201|processed_pseudogene	0	+	BEND3P3	590
chr10	80909742	80910266	ENSG00000227515[1,1,1]	0	-	80909742	80909742	0	1	524,	0,	chr10	80909792	80910216	retro_human_11114|C1DP4-201|processed_pseudogene	0	-	C1DP4	424
chr10	80995015	80995492	ENSG00000230171[1,1,1]	0	+	80995015	80995015	0	1	477,	0,	chr10	80995065	80995442	retro_human_3425|RPL22P18-201|processed_pseudogene	0	+	RPL22P18	377
chr10	88526452	88526900	ENSG00000234192[1,1,1]	0	+	88526452	88526452	0	1	448,	0,	chr10	88526502	88526850	retro_human_8912|RPS26P38-201|processed_pseudogene	0	+	RPS26P38	348
chr10	90862177	90862631	ENSG00000228938[1,1,1]	0	+	90862177	90862177	0	1	454,	0,	chr10	90862227	90862581	retro_human_4210|SNRPD2P1-201|processed_pseudogene	0	+	SNRPD2P1	354
chr10	93548036	93549135	ENSG00000236493[1,1,1]	0	-	93548036	93548036	0	1	1099,	0,	chr10	93548086	93549085	retro_human_1803|EIF2S2P3-201|processed_pseudogene	0	-	EIF2S2P3	999
chr10	94837851	94840684	ENSG00000180764[1,1,2]	0	-	94837851	94837851	0	1	2833,	0,	chr10	94837272	94840634	retro_human_3362|PIPSL-201|transcribed_processed_pseudogene	0	-	PIPSL	2783
chr10	94837851	94840684	ENSG00000180764[1,1,2]	0	-	94837851	94837851	0	1	2833,	0,	chr10	94837901	94840634	PIPSL-202|transcribed_processed_pseudogene	0	-	PIPSL	2733
chr10	97631471	97632183	ENSG00000236552[1,1,1]	0	+	97631471	97631471	0	1	712,	0,	chr10	97631521	97632133	retro_human_9717|RPL13AP5-201|processed_pseudogene	0	+	RPL13AP5	612
chr10	103731329	103731785	ENSG00000236937[1,1,1]	0	+	103731329	103731329	0	1	456,	0,	chr10	103731379	103731735	retro_human_3802|PTGES3P4-201|processed_pseudogene	0	+	PTGES3P4	356
chr10	104101907	104103099	ENSG00000229256[1,1,1]	0	+	104101907	104101907	0	1	1192,	0,	chr10	104101957	104103049	retro_human_3807|ST13P13-201|processed_pseudogene	0	+	ST13P13	1092
chr10	110551732	110552069	ENSG00000270333[1,1,1]	0	+	110551732	110551732	0	1	337,	0,	chr10	110551782	110552019	AL390123.1-201|processed_pseudogene	0	+	XIAPP1	237
chr10	111334394	111335107	ENSG00000237642[1,1,1]	0	+	111334394	111334394	0	1	713,	0,	chr10	111334444	111335056	retro_human_9283|HMGB3P5-201|processed_pseudogene	0	+	HMGB3P5	612
chr10	119767353	119768003	ENSG00000236058[1,1,1]	0	-	119767353	119767353	0	1	650,	0,	chr10	119767404	119767953	retro_human_4184|RPL17P36-201|processed_pseudogene	0	-	RPL17P36	549
chr10	120535982	120536709	ENSG00000227437[1,1,1]	0	+	120535982	120535982	0	1	727,	0,	chr10	120536032	120536659	retro_human_8900|RPS8P4-201|processed_pseudogene	0	+	RPS8P4	627
chr10	121252722	121253304	ENSG00000220842[1,1,1]	0	-	121252722	121252722	0	1	582,	0,	chr10	121252771	121253254	retro_human_4182|RPL21P16-201|processed_pseudogene	0	-	RPL21P16	483
chr10	123754618	123773754	ENSG00000255624[1,1,2]	0	+	123754618	123754618	0	6	130,86,70,136,455,974,	0,1040,1967,5086,8638,18162,	chr10	123754668	123773603	C10orf88B-202|transcribed_processed_pseudogene	0	+	C10orf88B	18935
chr10	123754618	123773754	ENSG00000255624[1,1,2]	0	+	123754618	123754618	0	6	130,86,70,136,455,974,	0,1040,1967,5086,8638,18162,	chr10	123754838	123773012	C10orf88B-201|transcribed_processed_pseudogene	0	+	C10orf88B	18174
chr10	124046506	124046947	ENSG00000227586[1,1,1]	0	-	124046506	124046506	0	1	441,	0,	chr10	124046556	124046897	retro_human_4180|RPS26P39-201|processed_pseudogene	0	-	RPS26P39	341
chr10	124199886	124200151	ENSG00000270902[1,1,1]	0	-	124199886	124199886	0	1	265,	0,	chr10	124199936	124200101	retro_human_4192|AL160290.2-201|processed_pseudogene	0	-	intergenic	165
chr10	124869044	124869904	ENSG00000213438[1,1,1]	0	+	124869044	124869044	0	1	860,	0,	chr10	124869094	124869854	retro_human_8495|YBX2P1-201|processed_pseudogene	0	+	YBX2P1	760
chr10	134745834	134746388	ENSG00000213147[1,1,1]	0	+	134745834	134745834	0	1	554,	0,	chr10	134745884	134746338	retro_human_7516|RPL23AP60-1|processed_pseudogene	0	+	RPL23AP60	454
chr11	3380391	3380774	ENSG00000273813[1,1,1]	0	-	3380391	3380391	0	1	383,	0,	chr11	3380444	3380776	AC109309.2-201|processed_pseudogene	0	-	intergenic	330
chr11	6355561	6357079	ENSG00000270435[1,1,1]	0	-	6355561	6355561	0	1	1518,	0,	chr11	6355611	6357029	retro_human_3533|AC068733.2-201|processed_pseudogene	0	-	intergenic	1418
chr11	6806524	6808818	ENSG00000254781[1,1,1]	0	+	6806524	6806524	0	1	2294,	0,	chr11	6806574	6808768	GVINP2-201|processed_pseudogene	0	+	GVINP2	2194
chr11	9690251	9690819	ENSG00000243964[1,1,1]	0	+	9690251	9690251	0	1	568,	0,	chr11	9690301	9690769	retro_human_10211|RPL23AP65-201|processed_pseudogene	0	+	RPL23AP65	468
chr11	18357458	18358668	ENSG00000212789[1,1,1]	0	+	18357458	18357458	0	1	1210,	0,	chr11	18357508	18358618	retro_human_5908|ST13P5-201|processed_pseudogene	0	+	ST13P5	1110
chr11	18763081	18763680	ENSG00000257043[1,1,1]	0	+	18763081	18763081	0	1	599,	0,	chr11	18763131	18763630	retro_human_5911|SRSF3P1-201|processed_pseudogene	0	+	SRSF3P1	499
chr11	28029421	28031717	ENSG00000224411[1,1,1]	0	-	28029421	28029421	0	1	2296,	0,	chr11	28029471	28031667	retro_human_2757|HSP90AA2P-201|processed_pseudogene	0	-	HSP90AA2P	2196
chr11	44785324	44785742	ENSG00000244267[1,1,1]	0	+	44785324	44785324	0	1	418,	0,	chr11	44785374	44785692	retro_human_6749|RPL34P22-201|processed_pseudogene	0	+	RPL34P22	318
chr11	58191394	58192549	ENSG00000254589[1,1,1]	0	-	58191394	58191394	0	1	1155,	0,	chr11	58191444	58192499	retro_human_1015|EIF4A2P3-201|processed_pseudogene	0	-	EIF4A2P3	1055
chr11	61603855	61628370	ENSG00000243742[1,2,2]	0	+	61603855	61603855	0	5	143,143,198,226,2917,	0,9999,13855,21142,21598,	chr11	61603905	61628320	RPLP0P2-206|transcribed_processed_pseudogene	0	+	RPLP0P2	24415
chr11	61603855	61628370	ENSG00000243742[1,2,2]	0	+	61603855	61603855	0	5	143,143,198,226,2917,	0,9999,13855,21142,21598,	chr11	61603906	61625110	RPLP0P2-203|transcribed_processed_pseudogene	0	+	RPLP0P2	21204
chr11	61603855	61628370	ENSG00000243742[1,2,2]	0	+	61603855	61603855	0	5	143,143,198,226,2917,	0,9999,13855,21142,21598,	chr11	61617641	61625181	RPLP0P2-202|transcribed_processed_pseudogene	0	+	RPLP0P2	7540
chr11	61603855	61628370	ENSG00000243742[1,2,2]	0	+	61603855	61603855	0	5	143,143,198,226,2917,	0,9999,13855,21142,21598,	chr11	61617696	61625256	RPLP0P2-201|transcribed_processed_pseudogene	0	+	RPLP0P2	7560
chr11	61603855	61628370	ENSG00000243742[1,2,2]	0	+	61603855	61603855	0	5	143,143,198,226,2917,	0,9999,13855,21142,21598,	chr11	61617729	61625391	RPLP0P2-205|transcribed_processed_pseudogene	0	+	RPLP0P2	7662
chr11	61603855	61628370	ENSG00000243742[1,3,2]	0	+	61603855	61603855	0	4	143,143,198,3400,	0,9999,13855,21115,	chr11	61603905	61628320	RPLP0P2-206|transcribed_processed_pseudogene	0	+	RPLP0P2	24415
chr11	61603855	61628370	ENSG00000243742[1,3,2]	0	+	61603855	61603855	0	4	143,143,198,3400,	0,9999,13855,21115,	chr11	61603906	61625110	RPLP0P2-203|transcribed_processed_pseudogene	0	+	RPLP0P2	21204
chr11	61603855	61628370	ENSG00000243742[1,3,2]	0	+	61603855	61603855	0	4	143,143,198,3400,	0,9999,13855,21115,	chr11	61617641	61625181	RPLP0P2-202|transcribed_processed_pseudogene	0	+	RPLP0P2	7540
chr11	61603855	61628370	ENSG00000243742[1,3,2]	0	+	61603855	61603855	0	4	143,143,198,3400,	0,9999,13855,21115,	chr11	61617696	61625256	RPLP0P2-201|transcribed_processed_pseudogene	0	+	RPLP0P2	7560
chr11	61603855	61628370	ENSG00000243742[1,3,2]	0	+	61603855	61603855	0	4	143,143,198,3400,	0,9999,13855,21115,	chr11	61617729	61625391	RPLP0P2-205|transcribed_processed_pseudogene	0	+	RPLP0P2	7662
chr11	61603855	61625441	ENSG00000243742[1,3,3]	0	+	61603855	61603855	0	4	143,143,198,471,	0,9999,13855,21115,	chr11	61603905	61628320	RPLP0P2-206|transcribed_processed_pseudogene	0	+	RPLP0P2	21536
chr11	61603855	61625441	ENSG00000243742[1,3,3]	0	+	61603855	61603855	0	4	143,143,198,471,	0,9999,13855,21115,	chr11	61603906	61625110	RPLP0P2-203|transcribed_processed_pseudogene	0	+	RPLP0P2	21204
chr11	61603855	61625441	ENSG00000243742[1,3,3]	0	+	61603855	61603855	0	4	143,143,198,471,	0,9999,13855,21115,	chr11	61617641	61625181	RPLP0P2-202|transcribed_processed_pseudogene	0	+	RPLP0P2	7540
chr11	61603855	61625441	ENSG00000243742[1,3,3]	0	+	61603855	61603855	0	4	143,143,198,471,	0,9999,13855,21115,	chr11	61617696	61625256	RPLP0P2-201|transcribed_processed_pseudogene	0	+	RPLP0P2	7560
chr11	61603855	61625441	ENSG00000243742[1,3,3]	0	+	61603855	61603855	0	4	143,143,198,471,	0,9999,13855,21115,	chr11	61617729	61625391	RPLP0P2-205|transcribed_processed_pseudogene	0	+	RPLP0P2	7662
chr11	61617591	61625441	ENSG00000243742[3,6,3]	0	+	61617591	61617591	0	2	317,444,	0,7406,	chr11	61603905	61628320	RPLP0P2-206|transcribed_processed_pseudogene	0	+	RPLP0P2	7850
chr11	61617591	61625441	ENSG00000243742[3,6,3]	0	+	61617591	61617591	0	2	317,444,	0,7406,	chr11	61603906	61625110	RPLP0P2-203|transcribed_processed_pseudogene	0	+	RPLP0P2	7519
chr11	61617591	61625441	ENSG00000243742[3,6,3]	0	+	61617591	61617591	0	2	317,444,	0,7406,	chr11	61617641	61625181	RPLP0P2-202|transcribed_processed_pseudogene	0	+	RPLP0P2	7540
chr11	61617591	61625441	ENSG00000243742[3,6,3]	0	+	61617591	61617591	0	2	317,444,	0,7406,	chr11	61617696	61625256	RPLP0P2-201|transcribed_processed_pseudogene	0	+	RPLP0P2	7560
chr11	61617591	61625441	ENSG00000243742[3,6,3]	0	+	61617591	61617591	0	2	317,444,	0,7406,	chr11	61617729	61625391	RPLP0P2-205|transcribed_processed_pseudogene	0	+	RPLP0P2	7662
chr11	61625498	61626559	ENSG00000243742[2,1,1]	0	+	61625498	61625498	0	1	1061,	0,	chr11	61625548	61626509	retro_human_9977|RPLP0P2-204|transcribed_processed_pseudogene	0	+	RPLP0P2	961
chr11	65138928	65139310	ENSG00000254455[1,1,1]	0	-	65138928	65138928	0	1	382,	0,	chr11	65138978	65139260	retro_human_8815|HIGD1AP10-201|processed_pseudogene	0	-	HIGD1AP10	282
chr11	65168292	65168845	ENSG00000255200[1,1,2]	0	-	65168292	65168292	0	1	553,	0,	chr11	65167426	65169778	retro_human_8813|PGAM1P8-202|transcribed_processed_pseudogene	0	-	PGAM1P8	553
chr11	65168292	65168845	ENSG00000255200[1,1,2]	0	-	65168292	65168292	0	1	553,	0,	chr11	65168342	65168795	PGAM1P8-201|transcribed_processed_pseudogene	0	-	PGAM1P8	453
chr11	67677651	67678038	ENSG00000239559[1,1,1]	0	-	67677651	67677651	0	1	387,	0,	chr11	67677701	67677988	retro_human_5513|RPL37P2-201|processed_pseudogene	0	-	RPL37P2	287
chr11	75008760	75009727	ENSG00000213333[1,1,1]	0	-	75008760	75008760	0	1	967,	0,	chr11	75008810	75009677	retro_human_2208|NPM1P50-201|transcribed_processed_pseudogene	0	-	NPM1P50	867
chr11	76520671	76520960	ENSG00000254755[1,1,1]	0	+	76520671	76520671	0	1	289,	0,	chr11	76520721	76520910	AP001189.2-201|processed_pseudogene	0	+	intergenic	189
chr11	82625952	82626262	ENSG00000227097[1,1,1]	0	+	82625952	82625952	0	1	310,	0,	chr11	82626002	82626212	retro_human_11170|RPS28P7-201|processed_pseudogene	0	+	RPS28P7	210
chr11	83047479	83047962	ENSG00000254965[1,1,1]	0	-	83047479	83047479	0	1	483,	0,	chr11	83047529	83047912	retro_human_6310|C1DP5-201|processed_pseudogene	0	-	C1DP5	383
chr11	86237113	86238030	ENSG00000255222[1,1,1]	0	+	86237113	86237113	0	1	917,	0,	chr11	86237163	86237980	retro_human_5292|SETP17-201|processed_pseudogene	0	+	SETP17	817
chr11	89620398	89621060	ENSG00000255385[1,1,1]	0	+	89620398	89620398	0	1	662,	0,	chr11	89620448	89621010	UBTFL10-201|processed_pseudogene	0	+	UBTFL10	562
chr11	95150705	95152294	ENSG00000270689[1,1,1]	0	+	95150705	95150705	0	1	1589,	0,	chr11	95150755	95152244	retro_human_8705|BUD13P1-201|processed_pseudogene	0	+	BUD13P1	1489
chr11	102750737	102755658	ENSG00000255282[1,4,4]	0	+	102750737	102750737	0	2	203,501,	0,4420,	chr11	102750829	102755608	WTAPP1-205|transcribed_processed_pseudogene	0	+	intergenic	4779
chr11	113799519	113801549	ENSG00000256167[1,1,1]	0	+	113799519	113799519	0	1	2030,	0,	chr11	113800656	113801705	ATF4P4-202|transcribed_processed_pseudogene	0	+	ATF4P4	893
chr11	121388009	121389121	ENSG00000232460[1,1,1]	0	-	121388009	121388009	0	1	1112,	0,	chr11	121388059	121389071	retro_human_9594|BMPR1AP2-201|processed_pseudogene	0	-	BMPR1AP2	1012
chr11	121452781	121453653	ENSG00000271022[1,1,1]	0	-	121452781	121452781	0	1	872,	0,	chr11	121452831	121453603	retro_human_1792|AP002365.1-201|processed_pseudogene	0	-	intergenic	772
chr11	123079690	123080031	ENSG00000233541[1,1,1]	0	+	123079690	123079690	0	1	341,	0,	chr11	123079740	123079981	retro_human_1932|RPL31P47-201|processed_pseudogene	0	+	RPL31P47	241
chr11	125142179	125143510	ENSG00000187686[2,1,1]	0	+	125142179	125142179	0	1	1331,	0,	chr11	125142229	125143460	retro_human_6981|KRT18P59-201|transcribed_processed_pseudogene	0	+	KRT18P59	1231
chr11	126096987	126098150	ENSG00000254759[1,1,1]	0	+	126096987	126096987	0	1	1163,	0,	chr11	126097037	126098100	retro_human_6982|NAP1L1P1-201|processed_pseudogene	0	+	NAP1L1P1	1063
chr11	127974108	127974950	ENSG00000254612[1,1,1]	0	-	127974108	127974108	0	1	842,	0,	chr11	127974158	127974900	retro_human_2729|DNAJB6P1-201|processed_pseudogene	0	-	DNAJB6P1	742
chr11	130068835	130069290	ENSG00000255262[1,1,1]	0	-	130068835	130068835	0	1	455,	0,	chr11	130068885	130069240	retro_human_8510|ELOBP2-201|processed_pseudogene	0	-	ELOBP2	355
chr12	4104088	4106257	ENSG00000256356[1,1,1]	0	+	4104088	4104088	0	1	2169,	0,	chr12	4104138	4106207	retro_human_4705|HSPA8P5-201|processed_pseudogene	0	+	HSPA8P5	2069
chr12	6448831	6449286	ENSG00000224906[1,1,1]	0	+	6448831	6448831	0	1	455,	0,	chr12	6448881	6449236	retro_human_773|SRP14P1-201|processed_pseudogene	0	+	SRP14P1	355
chr12	6882636	6895097	ENSG00000240370[1,6,4]	0	+	6893321	6893753	255	2	443,2135,	0,10326,	chr12	6882950	6885017	RPL13P5-201|transcribed_processed_pseudogene	0	+	intergenic	2067
chr12	6882636	6895097	ENSG00000240370[1,5,4]	0	+	6894211	6894643	0	3	443,216,1468,	0,10326,10993,	chr12	6882950	6885017	RPL13P5-201|transcribed_processed_pseudogene	0	+	intergenic	2067
chr12	6882636	6893747	ENSG00000240370[1,5,3]	0	+	6882986	6893157	0	3	443,216,118,	0,10326,10993,	chr12	6882950	6885017	RPL13P5-201|transcribed_processed_pseudogene	0	+	intergenic	2067
chr12	6882636	6895097	ENSG00000240370[1,3,4]	0	+	6894211	6894643	0	4	443,132,216,1468,	0,8819,10326,10993,	chr12	6882950	6885017	RPL13P5-201|transcribed_processed_pseudogene	0	+	intergenic	2067
chr12	6882636	6895097	ENSG00000240370[1,2,4]	0	+	6893321	6893753	0	3	443,132,2135,	0,8819,10326,	chr12	6882950	6885017	RPL13P5-201|transcribed_processed_pseudogene	0	+	intergenic	2067
chr12	6882636	6894053	ENSG00000240370[1,2,1]	0	+	6893321	6893753	0	3	443,132,1091,	0,8819,10326,	chr12	6882950	6885017	RPL13P5-201|transcribed_processed_pseudogene	0	+	intergenic	2067
chr12	6882900	6894053	ENSG00000240370[2,3,1]	0	+	6882986	6891548	0	4	179,132,216,424,	0,8555,10062,10729,	chr12	6882950	6885017	RPL13P5-201|transcribed_processed_pseudogene	0	+	intergenic	2067
chr12	11381850	11383364	ENSG00000270863[1,1,1]	0	+	11381850	11381850	0	1	1514,	0,	chr12	11381900	11383314	retro_human_6038|DDX55P1-201|processed_pseudogene	0	+	DDX55P1	1414
chr12	11980238	11980665	ENSG00000198134[1,1,1]	0	+	11980288	11980642	0	1	427,	0,	chr12	11980288	11980615	retro_human_10361|PTMAP9-201|processed_pseudogene	0	+	PTMAP9	327
chr12	12749030	12749739	ENSG00000234498[1,1,1]	0	+	12749030	12749030	0	1	709,	0,	chr12	12749080	12749689	retro_human_7257|RPL13AP20-201|processed_pseudogene	0	+	RPL13AP20	609
chr12	16999064	16999909	ENSG00000242991[1,1,1]	0	+	16999064	16999064	0	1	845,	0,	chr12	16999114	16999859	retro_human_9953|RPL7P40-201|processed_pseudogene	0	+	intergenic	745
chr12	18965814	18966652	ENSG00000227525[1,1,1]	0	+	18965814	18965814	0	1	838,	0,	chr12	18965864	18966602	retro_human_9955|RPL7P6-201|processed_pseudogene	0	+	RPL7P6	738
chr12	22980051	22980187	ENSG00000256353[1,1,1]	0	-	22980051	22980051	0	1	136,	0,	chr12	22980101	22980137	AC087258.1-201|processed_pseudogene	0	-	intergenic	36
chr12	25308593	25309351	ENSG00000256079[1,1,1]	0	-	25308593	25308593	0	1	758,	0,	chr12	25308643	25309301	FAM133GP-201|processed_pseudogene	0	-	FAM133GP	658
chr12	25675830	25677159	ENSG00000255725[1,1,1]	0	+	25675830	25675830	0	1	1329,	0,	chr12	25675880	25677109	retro_human_8982|TDGP1-201|processed_pseudogene	0	+	TDGP1	1229
chr12	31120911	31121257	ENSG00000270766[1,1,1]	0	+	31120911	31120911	0	1	346,	0,	chr12	31120961	31121207	retro_human_4084|AC024940.4-201|processed_pseudogene	0	+	intergenic	246
chr12	31492258	31493027	ENSG00000233381[2,3,3]	0	-	31492258	31492258	0	1	769,	0,	chr12	31492308	31492977	retro_human_6095|AK4P3-201|processed_pseudogene	0	-	AK4P3	669
chr12	31824252	31824846	ENSG00000242314[1,1,1]	0	+	31824252	31824252	0	1	594,	0,	chr12	31824302	31824796	retro_human_2504|RPL12P32-201|processed_pseudogene	0	+	RPL12P32	494
chr12	31976581	31976932	ENSG00000271357[1,1,1]	0	-	31976581	31976581	0	1	351,	0,	chr12	31976631	31976882	AC048344.3-201|processed_pseudogene	0	-	intergenic	251
chr12	34085998	34087359	ENSG00000258794[1,1,1]	0	-	34085998	34085998	0	1	1361,	0,	chr12	34086048	34087309	retro_human_9336|DUX4L27-201|processed_pseudogene	0	-	DUX4L27	1261
chr12	38028162	38028733	ENSG00000257173[1,1,1]	0	-	38028162	38028162	0	1	571,	0,	chr12	38028212	38028683	retro_human_9335|AK6P2-201|processed_pseudogene	0	-	AK6P2	471
chr12	45131618	45133385	ENSG00000134297[1,1,2]	0	-	45131618	45131618	0	1	1767,	0,	chr12	45131811	45133335	retro_human_7685|PLEKHA8P1-202|transcribed_processed_pseudogene	0	-	PLEKHA8P1	1524
chr12	53106379	53106754	ENSG00000258016[1,1,1]	0	+	53106379	53106379	0	1	375,	0,	chr12	53106429	53106704	retro_human_10864|HIGD1AP1-201|processed_pseudogene	0	+	HIGD1AP1	275
chr12	53118817	53120130	ENSG00000257790[1,1,1]	0	+	53118817	53118817	0	1	1313,	0,	chr12	53118867	53120080	retro_human_10862|EIF4A1P4-201|processed_pseudogene	0	+	EIF4A1P4	1213
chr12	55378224	55381385	ENSG00000179899[1,1,1]	0	-	55378224	55378224	0	1	3161,	0,	chr12	55378274	55381335	retro_human_3860|PHC1P1-201|processed_pseudogene	0	-	PHC1P1	3061
chr12	55628922	55629187	ENSG00000270458[1,1,1]	0	-	55628922	55628922	0	1	265,	0,	chr12	55628972	55629137	AC009779.6-201|processed_pseudogene	0	-	intergenic	165
chr12	55866994	55867413	ENSG00000257569[1,1,1]	0	+	55866994	55866994	0	1	419,	0,	chr12	55867044	55867363	retro_human_1945|GSTP1P1-201|processed_pseudogene	0	+	GSTP1P1	319
chr12	56381291	56381790	ENSG00000274569[1,1,1]	0	-	56381291	56381291	0	1	499,	0,	chr12	56381341	56381740	AC024884.1-201|processed_pseudogene	0	-	intergenic	399
chr12	56478618	56480420	ENSG00000257576[1,1,1]	0	+	56478618	56478618	0	1	1802,	0,	chr12	56478668	56480370	retro_human_8171|HSPD1P4-201|processed_pseudogene	0	+	HSPD1P4	1702
chr12	62944014	62944753	ENSG00000139239[1,1,1]	0	+	62944014	62944014	0	1	739,	0,	chr12	62944064	62944703	retro_human_8526|RPL14P1-201|processed_pseudogene	0	+	RPL14P1	639
chr12	65737449	65737945	ENSG00000241749[3,1,1]	0	-	65737449	65737449	0	1	496,	0,	chr12	65737600	65738478	retro_human_1780|RPSAP52-202|transcribed_processed_pseudogene	0	-	RPSAP52	345
chr12	65737449	65738528	ENSG00000241749[1,1,1]	0	-	65737449	65737449	0	1	1079,	0,	chr12	65737600	65738478	retro_human_1780|RPSAP52-202|transcribed_processed_pseudogene	0	-	RPSAP52	878
chr12	66016655	66017236	ENSG00000213343[1,1,1]	0	+	66016655	66016655	0	1	581,	0,	chr12	66016705	66017185	retro_human_2678|RPL21P18-201|processed_pseudogene	0	+	RPL21P18	480
chr12	67245178	67246403	ENSG00000237766[1,1,1]	0	-	67245178	67245178	0	1	1225,	0,	chr12	67245228	67246353	retro_human_1772|GGTA2P-201|processed_pseudogene	0	-	GGTA2P	1125
chr12	67245178	67246403	ENSG00000237766[1,1,1]	0	-	67245178	67245178	0	1	1225,	0,	chr12	67245228	67246353	retro_human_6136|GGTA2P-201|processed_pseudogene	0	-	GGTA2P	1125
chr12	67330916	67331620	ENSG00000256037[1,1,1]	0	+	67330916	67330916	0	1	704,	0,	chr12	67330966	67331570	retro_human_2679|MRPL40P1-201|processed_pseudogene	0	+	MRPL40P1	604
chr12	68015232	68016420	ENSG00000236946[1,1,1]	0	+	68015232	68015232	0	1	1188,	0,	chr12	68015282	68016369	retro_human_2680|HNRNPA1P70-201|transcribed_processed_pseudogene	0	+	HNRNPA1P70	1087
chr12	69263281	69264471	ENSG00000257818[1,1,1]	0	+	69263281	69263281	0	1	1190,	0,	chr12	69263331	69264421	retro_human_9556|C1GALT1P1-201|processed_pseudogene	0	+	C1GALT1P1	1090
chr12	76090714	76091204	ENSG00000258304[1,1,1]	0	+	76090714	76090714	0	1	490,	0,	chr12	76090764	76091154	retro_human_2626|AC233290.2-201|processed_pseudogene	0	+	intergenic	390
chr12	80007606	80008445	ENSG00000239473[1,1,1]	0	+	80007606	80007606	0	1	839,	0,	chr12	80007656	80008395	retro_human_9965|RPL7P38-201|processed_pseudogene	0	+	RPL7P38	739
chr12	89901275	89901715	ENSG00000258290[1,1,1]	0	-	89901275	89901275	0	1	440,	0,	chr12	89901325	89901665	BRWD1P2-201|processed_pseudogene	0	-	BRWD1P2	340
chr12	98427024	98430435	ENSG00000227825[1,1,1]	0	-	98427024	98427024	0	1	3411,	0,	chr12	98427074	98430385	retro_human_8411|SLC9A7P1-201|transcribed_processed_pseudogene	0	-	SLC9A7P1	3311
chr12	98427024	98430435	ENSG00000227825[1,1,1]	0	-	98427024	98427024	0	1	3411,	0,	chr12	98428116	98430355	SLC9A7P1-202|transcribed_processed_pseudogene	0	-	SLC9A7P1	2239
chr12	98428066	98430435	ENSG00000227825[1,1,2]	0	-	98428066	98428066	0	1	2369,	0,	chr12	98427074	98430385	retro_human_8411|SLC9A7P1-201|transcribed_processed_pseudogene	0	-	SLC9A7P1	2319
chr12	98428066	98430435	ENSG00000227825[1,1,2]	0	-	98428066	98428066	0	1	2369,	0,	chr12	98428116	98430355	SLC9A7P1-202|transcribed_processed_pseudogene	0	-	SLC9A7P1	2239
chr12	99970220	99971107	ENSG00000214203[1,1,1]	0	-	99970220	99970220	0	1	887,	0,	chr12	99970270	99971057	retro_human_8397|RPS4XP1-201|processed_pseudogene	0	-	RPS4XP1	787
chr12	101834483	101834891	ENSG00000258153[1,1,1]	0	-	101834483	101834483	0	1	408,	0,	chr12	101834533	101834841	retro_human_1650|HSPE1P4-201|processed_pseudogene	0	-	HSPE1P4	308
chr12	111349706	111383918	ENSG00000257595[1,1,1]	0	+	111349706	111349706	0	3	110,102,223,	0,2759,33989,	chr12	111362372	111366144	HSPA8P14-201|processed_pseudogene	0	+	HSPA8P14	3772
chr12	113030663	113031137	ENSG00000242461[1,1,1]	0	+	113030663	113030663	0	1	474,	0,	chr12	113030713	113031087	retro_human_3692|RPS15AP32-201|processed_pseudogene	0	+	RPS15AP32	374
chr12	120269424	120269938	ENSG00000123009[1,1,1]	0	+	120269424	120269424	0	1	514,	0,	chr12	120269474	120269888	retro_human_5736|NME2P1-201|processed_pseudogene	0	+	NME2P1	414
chr12	120358514	120358915	ENSG00000239881[2,1,1]	0	+	120358514	120358514	0	1	401,	0,	chr12	120358564	120358812	retro_human_5741|RPS27P25-201|transcribed_processed_pseudogene	0	+	RPS27P25	248
chr12	120905789	120906381	ENSG00000244585[1,1,1]	0	+	120905789	120905789	0	1	592,	0,	chr12	120905839	120906331	retro_human_5739|RPL12P33-201|processed_pseudogene	0	+	RPL12P33	492
chr12	132175848	132176249	ENSG00000256804[1,1,1]	0	-	132175848	132175848	0	1	401,	0,	chr12	132175898	132176199	retro_human_10759|AC138466.2-201|processed_pseudogene	0	-	intergenic	301
chr12	133029654	133030307	ENSG00000256563[1,1,1]	0	-	133029654	133029654	0	1	653,	0,	chr12	133029704	133030257	NANOGNBP2-201|processed_pseudogene	0	-	NANOGNBP2	553
chr13	17894331	17895638	ENSG00000226361[1,1,1]	0	+	17894331	17894331	0	1	1307,	0,	chr13	17894381	17895588	retro_human_11149|TERF1P5-201|processed_pseudogene	0	+	TERF1P5	1207
chr13	17910964	17911569	ENSG00000228797[1,1,1]	0	+	17910964	17910964	0	1	605,	0,	chr13	17911014	17911519	retro_human_11150|FAM207BP-201|processed_pseudogene	0	+	FAM207BP	505
chr13	17948019	17948936	ENSG00000227784[1,1,1]	0	+	17948019	17948019	0	1	917,	0,	chr13	17948069	17948886	ZNF965P-201|processed_pseudogene	0	+	intergenic	817
chr13	19014284	19014882	ENSG00000233469[1,1,1]	0	-	19014284	19014284	0	1	598,	0,	chr13	19014334	19014832	retro_human_10918|ST6GALNAC4P1-201|processed_pseudogene	0	-	ST6GALNAC4P1	498
chr13	20154371	20155357	ENSG00000213621[1,1,1]	0	+	20154371	20154371	0	1	986,	0,	chr13	20154421	20155307	retro_human_2765|RPSAP54-201|processed_pseudogene	0	+	RPSAP54	886
chr13	20287352	20287852	ENSG00000180172[1,1,1]	0	-	20287352	20287352	0	1	500,	0,	chr13	20287402	20287802	retro_human_7626|RPS12P23-201|processed_pseudogene	0	-	RPS12P23	400
chr13	20822691	20823394	ENSG00000226525[1,1,1]	0	-	20822691	20822691	0	1	703,	0,	chr13	20822741	20823344	retro_human_7624|RPS7P10-201|processed_pseudogene	0	-	RPS7P10	603
chr13	22035025	22035980	ENSG00000226507[1,1,1]	0	-	22035025	22035025	0	1	955,	0,	chr13	22035075	22035930	retro_human_1116|IPMKP1-201|processed_pseudogene	0	-	IPMKP1	855
chr13	23535240	23536202	ENSG00000234627[1,1,1]	0	+	23535240	23535240	0	1	962,	0,	chr13	23535290	23536152	retro_human_307|NUS1P3-201|processed_pseudogene	0	+	NUS1P3	862
chr13	24197240	24197723	ENSG00000232858[1,1,1]	0	-	24197240	24197240	0	1	483,	0,	chr13	24197289	24197638	retro_human_2188|RPL34P27-201|processed_pseudogene	0	-	RPL34P27	349
chr13	24575437	24575894	ENSG00000234152[1,1,1]	0	-	24575437	24575437	0	1	457,	0,	chr13	24575487	24575844	retro_human_2190|ELOBP1-201|processed_pseudogene	0	-	ELOBP1	357
chr13	27166656	27166912	ENSG00000180389[1,1,1]	0	+	27166656	27166656	0	1	256,	0,	chr13	27166706	27166862	retro_human_3034|ATP5F1EP2-201|processed_pseudogene	0	+	ATP5F1EP2	156
chr13	36440171	36440656	ENSG00000230283[1,1,1]	0	-	36440171	36440171	0	1	485,	0,	chr13	36440221	36440606	retro_human_9247|RPS12P24-201|processed_pseudogene	0	-	RPS12P24	385
chr13	38389204	38389620	ENSG00000214823[1,1,1]	0	-	38389204	38389204	0	1	416,	0,	chr13	38389254	38389570	retro_human_9298|NXT1P1-201|processed_pseudogene	0	-	NXT1P1	316
chr13	43187292	43190168	ENSG00000179611[1,1,1]	0	+	43187292	43187292	0	1	2876,	0,	chr13	43187342	43190118	retro_human_6628|DGKZP1-201|processed_pseudogene	0	+	DGKZP1	2776
chr13	43814584	43815909	ENSG00000230793[1,1,1]	0	+	43814584	43814584	0	1	1325,	0,	chr13	43814634	43815859	retro_human_1067|SMARCE1P5-201|processed_pseudogene	0	+	SMARCE1P5	1225
chr13	45658346	45659041	ENSG00000241353[1,1,1]	0	-	45658346	45658346	0	1	695,	0,	chr13	45658396	45658991	retro_human_1395|PPP1R2P4-201|processed_pseudogene	0	-	PPP1R2P4	595
chr13	45711735	45712027	ENSG00000205105[1,1,1]	0	+	45711735	45711735	0	1	292,	0,	chr13	45711785	45711977	retro_human_6627|COX17P1-201|processed_pseudogene	0	+	COX17P1	192
chr13	47991162	47991962	ENSG00000225131[1,1,1]	0	+	47991162	47991162	0	1	800,	0,	chr13	47991212	47991912	retro_human_6826|PSME2P2-201|processed_pseudogene	0	+	PSME2P2	700
chr13	50675394	50676285	ENSG00000224892[2,1,2]	0	+	50675394	50675394	0	1	891,	0,	chr13	50675444	50676235	RPS4XP16-201|transcribed_processed_pseudogene	0	+	RPS4XP16	791
chr13	53656722	53657438	ENSG00000136149[1,1,1]	0	-	53656722	53656722	0	1	716,	0,	chr13	53656776	53657388	retro_human_5229|RPL13AP25-201|processed_pseudogene	0	-	RPL13AP25	612
chr13	59494399	59495730	ENSG00000238213[1,1,1]	0	+	59494399	59494399	0	1	1331,	0,	chr13	59494449	59495680	retro_human_7501|TARDBPP2-201|processed_pseudogene	0	+	TARDBPP2	1231
chr13	63032541	63033236	ENSG00000213232[1,1,1]	0	-	63032541	63032541	0	1	695,	0,	chr13	63032591	63033186	retro_human_1020|PPP1R2P10-201|processed_pseudogene	0	-	PPP1R2P10	595
chr13	63197238	63198314	ENSG00000237849[1,1,1]	0	-	63197238	63197238	0	1	1076,	0,	chr13	63197288	63198264	NFYAP1-201|processed_pseudogene	0	-	NFYAP1	976
chr13	67553797	67554173	ENSG00000236433[1,1,1]	0	-	67553797	67553797	0	1	376,	0,	chr13	67553847	67554123	retro_human_6030|RPL37P21-201|processed_pseudogene	0	-	RPL37P21	276
chr13	68207035	68208142	ENSG00000232380[1,1,1]	0	+	68207035	68207035	0	1	1107,	0,	chr13	68207085	68208092	retro_human_7505|ZDHHC20P4-201|processed_pseudogene	0	+	ZDHHC20P4	1007
chr13	68324008	68324337	ENSG00000225501[1,1,1]	0	-	68324008	68324008	0	1	329,	0,	chr13	68324062	68324287	retro_human_6028|SNRPFP3-201|processed_pseudogene	0	-	SNRPFP3	225
chr13	71925172	71925720	ENSG00000226617[1,1,1]	0	+	71925172	71925172	0	1	548,	0,	chr13	71925222	71925668	retro_human_1655|RPL21P110-201|processed_pseudogene	0	+	RPL21P110	446
chr13	72257873	72258421	ENSG00000232041[1,1,1]	0	+	72257873	72257873	0	1	548,	0,	chr13	72257923	72258371	retro_human_1654|PSMD10P3-201|processed_pseudogene	0	+	PSMD10P3	448
chr13	72321996	72322507	ENSG00000236972[1,1,1]	0	-	72321996	72321996	0	1	511,	0,	chr13	72322046	72322457	retro_human_6037|FABP5P1-201|processed_pseudogene	0	-	FABP5P1	411
chr13	72629691	72630376	ENSG00000229708[1,1,1]	0	-	72629691	72629691	0	1	685,	0,	chr13	72629741	72630326	retro_human_2857|MARK2P12-201|processed_pseudogene	0	-	MARK2P12	585
chr13	79848541	79849611	ENSG00000227862[1,1,1]	0	-	79848541	79848541	0	1	1070,	0,	chr13	79848591	79849561	retro_human_10834|HNRNPA1P31-201|processed_pseudogene	0	-	HNRNPA1P31	970
chr13	80118224	80118844	ENSG00000231222[1,1,1]	0	+	80118224	80118224	0	1	620,	0,	chr13	80118274	80118794	retro_human_7125|ARF4P4-201|processed_pseudogene	0	+	ARF4P4	520
chr13	80503258	80503638	ENSG00000237148[1,1,1]	0	+	80503258	80503258	0	1	380,	0,	chr13	80503308	80503588	retro_human_7126|HIGD1AP2-201|processed_pseudogene	0	+	HIGD1AP2	280
chr13	80920178	80921440	ENSG00000214182[1,1,2]	0	+	80920178	80920178	0	1	1262,	0,	chr13	80920228	80921390	retro_human_2795|PTMAP5-202|transcribed_processed_pseudogene	0	+	PTMAP5	1162
chr13	80920178	80921440	ENSG00000214182[1,1,2]	0	+	80920178	80920178	0	1	1262,	0,	chr13	80920385	80920718	PTMAP5-201|transcribed_processed_pseudogene	0	+	PTMAP5	333
chr13	85217378	85218013	ENSG00000228241[1,1,1]	0	+	85217378	85217378	0	1	635,	0,	chr13	85217428	85217963	retro_human_2796|MOB1AP1-201|processed_pseudogene	0	+	MOB1AP1	535
chr13	87093663	87096064	ENSG00000232204[1,1,1]	0	-	87093663	87093663	0	1	2401,	0,	chr13	87093713	87096014	retro_human_4986|TET1P1-201|processed_pseudogene	0	-	TET1P1	2301
chr13	88182453	88182892	ENSG00000233211[1,1,1]	0	-	88182453	88182453	0	1	439,	0,	chr13	88182503	88182842	retro_human_4988|GRPEL2P1-201|processed_pseudogene	0	-	GRPEL2P1	339
chr13	88565203	88567368	ENSG00000225530[1,1,1]	0	-	88565203	88565203	0	1	2165,	0,	chr13	88565253	88567318	retro_human_4985|SP3P-201|processed_pseudogene	0	-	SP3P	2065
chr13	97839617	97840021	ENSG00000233549[1,1,1]	0	-	97839617	97839617	0	1	404,	0,	chr13	97839667	97839971	retro_human_10489|CYCSP35-201|processed_pseudogene	0	-	CYCSP35	304
chr13	107708035	107709727	ENSG00000232087[1,1,1]	0	+	107708035	107708035	0	1	1692,	0,	chr13	107708085	107709677	retro_human_2402|HCFC2P1-201|processed_pseudogene	0	+	HCFC2P1	1592
chr13	110166772	110170091	ENSG00000227105[1,1,1]	0	+	110166772	110166772	0	1	3319,	0,	chr13	110166822	110170041	retro_human_7865|PARP1P1-201|processed_pseudogene	0	+	PARP1P1	3219
chr13	113515655	113516176	ENSG00000226158[1,1,1]	0	+	113515655	113515655	0	1	521,	0,	chr13	113515705	113516126	retro_human_7868|CLCP2-201|processed_pseudogene	0	+	CLCP2	421
chr14	13375414	13419213	ENSG00000225210[1,10,10]	0	+	13375414	13375414	255	3	201,91,2384,	0,30653,41415,	chr14	13375464	13381335	DUXAP9-202|transcribed_processed_pseudogene	0	+	DUXAP9	5871
chr14	13375414	13419213	ENSG00000225210[1,10,10]	0	+	13375414	13375414	255	3	201,91,2384,	0,30653,41415,	chr14	13375543	13388257	DUXAP9-206|transcribed_processed_pseudogene	0	+	DUXAP9	12714
chr14	13375414	13418445	ENSG00000225210[1,4,7]	0	+	13375414	13375414	0	8	201,111,148,112,138,136,91,1616,	0,2320,3705,3973,5814,6170,30653,41415,	chr14	13375464	13381335	DUXAP9-202|transcribed_processed_pseudogene	0	+	DUXAP9	5871
chr14	13375414	13418445	ENSG00000225210[1,4,7]	0	+	13375414	13375414	0	8	201,111,148,112,138,136,91,1616,	0,2320,3705,3973,5814,6170,30653,41415,	chr14	13375543	13388257	DUXAP9-206|transcribed_processed_pseudogene	0	+	DUXAP9	12714
chr14	13375414	13417228	ENSG00000225210[1,8,6]	0	+	13375414	13375414	0	4	201,136,91,399,	0,6170,30653,41415,	chr14	13375464	13381335	DUXAP9-202|transcribed_processed_pseudogene	0	+	DUXAP9	5871
chr14	13375414	13417228	ENSG00000225210[1,8,6]	0	+	13375414	13375414	0	4	201,136,91,399,	0,6170,30653,41415,	chr14	13375543	13388257	DUXAP9-206|transcribed_processed_pseudogene	0	+	DUXAP9	12714
chr14	13375414	13381385	ENSG00000225210[1,2,1]	0	+	13375414	13375414	0	5	201,111,115,112,157,	0,2320,3738,3973,5814,	chr14	13375464	13381335	DUXAP9-202|transcribed_processed_pseudogene	0	+	DUXAP9	5871
chr14	13375414	13381385	ENSG00000225210[1,2,1]	0	+	13375414	13375414	0	5	201,111,115,112,157,	0,2320,3738,3973,5814,	chr14	13375543	13388257	DUXAP9-206|transcribed_processed_pseudogene	0	+	DUXAP9	5842
chr14	13417202	13417916	ENSG00000225210[2,1,2]	0	+	13417202	13417202	0	1	714,	0,	chr14	13417252	13417866	retro_human_8618|DUXAP9-208|transcribed_processed_pseudogene	0	+	DUXAP9	614
chr14	13580207	13581357	ENSG00000277156[1,1,1]	0	+	13580207	13580207	0	1	1150,	0,	chr14	13580257	13581307	retro_human_8615|TOMM40P1-201|processed_pseudogene	0	+	TOMM40P1	1050
chr14	15305407	15314168	ENSG00000178107[1,1,1]	0	+	15305407	15305407	0	2	167,291,	0,8470,	chr14	15307709	15310887	CKAP2P1-201|processed_pseudogene	0	-	CKAP2P1	3178
chr14	15359847	15361178	ENSG00000259102[1,1,1]	0	+	15359847	15359847	0	1	1331,	0,	chr14	15359897	15361128	retro_human_2792|SMARCE1P3-201|processed_pseudogene	0	+	SMARCE1P3	1231
chr14	15809467	15810025	ENSG00000256385[1,1,1]	0	-	15809467	15809467	0	1	558,	0,	chr14	15809517	15809975	retro_human_8454|UBE2NP1-201|processed_pseudogene	0	-	UBE2NP1	458
chr14	19465235	19465608	ENSG00000257179[1,1,1]	0	-	19465235	19465235	0	1	373,	0,	chr14	19465285	19465558	retro_human_3217|HMGN2P6-201|processed_pseudogene	0	-	HMGN2P6	273
chr14	22462222	22463907	ENSG00000197358[1,1,2]	0	+	22462222	22462222	0	1	1685,	0,	chr14	22462272	22463857	retro_human_3154|BNIP3P1-202|transcribed_processed_pseudogene	0	+	BNIP3P1	1585
chr14	22462222	22463907	ENSG00000197358[1,1,2]	0	+	22462222	22462222	0	1	1685,	0,	chr14	22462436	22463016	BNIP3P1-201|transcribed_processed_pseudogene	0	+	BNIP3P1	580
chr14	29617959	29618431	ENSG00000259022[1,1,1]	0	+	29617959	29617959	0	1	472,	0,	chr14	29618009	29618381	retro_human_3545|DNAJC8P1-201|processed_pseudogene	0	+	DNAJC8P1	372
chr14	30007525	30008009	ENSG00000258300[1,1,1]	0	+	30007525	30007525	0	1	484,	0,	chr14	30007575	30007959	retro_human_3544|NUTF2P2-201|processed_pseudogene	0	+	NUTF2P2	384
chr14	39052217	39058249	ENSG00000259000[1,1,1]	0	-	39052217	39052217	0	1	6032,	0,	chr14	39052267	39058199	retro_human_7849|DOCK11P1-201|processed_pseudogene	0	-	DOCK11P1	5932
chr14	39482005	39482456	ENSG00000258608[1,1,1]	0	+	39482005	39482005	0	1	451,	0,	chr14	39482055	39482406	retro_human_4291|DNAJC19P9-201|processed_pseudogene	0	+	DNAJC19P9	351
chr14	49749050	49749919	ENSG00000213641[1,1,1]	0	+	49749050	49749050	0	1	869,	0,	chr14	49749100	49749869	retro_human_7266|RPL7AP4-201|processed_pseudogene	0	+	RPL7AP4	769
chr14	54418707	54419258	ENSG00000242135[1,1,1]	0	-	54418707	54418707	0	1	551,	0,	chr14	54418757	54419208	retro_human_4827|RPL17P2-201|processed_pseudogene	0	-	RPL17P2	451
chr14	54604011	54604636	ENSG00000258427[1,1,1]	0	+	54604011	54604011	0	1	625,	0,	chr14	54604061	54604586	retro_human_8442|RBM8B-201|processed_pseudogene	0	+	RBM8B	525
chr14	60219766	60220826	ENSG00000224861[1,1,1]	0	-	60219766	60219766	0	1	1060,	0,	chr14	60219816	60220776	retro_human_1049|YBX1P1-201|processed_pseudogene	0	-	YBX1P1	960
chr14	69501473	69501938	ENSG00000119660[1,1,1]	0	-	69501473	69501473	0	1	465,	0,	chr14	69501523	69501888	retro_human_1427|DPPA5P4-201|processed_pseudogene	0	-	DPPA5P4	365
chr14	71096054	71096528	ENSG00000241081[1,1,1]	0	-	71096054	71096054	0	1	474,	0,	chr14	71096104	71096478	RPL22P2-201|processed_pseudogene	0	-	RPL22P2	374
chr14	75458408	75458777	ENSG00000205579[1,1,1]	0	-	75458408	75458408	0	1	369,	0,	chr14	75458458	75458727	retro_human_5650|DYNLL1P1-201|processed_pseudogene	0	-	DYNLL1P1	269
chr14	89030864	89031579	ENSG00000240914[1,1,1]	0	-	89030864	89030864	0	1	715,	0,	chr14	89030914	89031529	retro_human_6068|RPL15P2-201|processed_pseudogene	0	-	RPL15P2	615
chr14	93204531	93205054	ENSG00000232573[1,1,1]	0	-	93204531	93204531	0	1	523,	0,	chr14	93204581	93205004	retro_human_672|RPL3P4-201|processed_pseudogene	0	-	RPL3P4	423
chr14	97515201	97516034	ENSG00000270938[1,1,2]	0	+	97515201	97515201	0	1	833,	0,	chr14	97515251	97515729	RAP2CP1-201|transcribed_processed_pseudogene	0	+	RAP2CP1	478
chr14	97515201	97516034	ENSG00000270938[1,1,2]	0	+	97515201	97515201	0	1	833,	0,	chr14	97515341	97515984	RAP2CP1-202|transcribed_processed_pseudogene	0	+	RAP2CP1	643
chr14	97609897	97610881	ENSG00000243904[1,1,1]	0	-	97609897	97609897	0	1	984,	0,	chr14	97609947	97610831	retro_human_8089|RPSAP5-201|processed_pseudogene	0	-	RPSAP5	884
chr14	99076701	99077135	ENSG00000239365[1,1,1]	0	-	99076701	99076701	0	1	434,	0,	chr14	99076751	99077085	retro_human_8092|RPS26P49-201|processed_pseudogene	0	-	RPS26P49	334
chr14	99081860	99082821	ENSG00000196183[1,1,1]	0	-	99081860	99081860	0	1	961,	0,	chr14	99081910	99082766	retro_human_8093|RPS2P4-201|processed_pseudogene	0	-	RPS2P4	856
chr14	100780490	100781554	ENSG00000228966[1,1,1]	0	-	100780490	100780490	0	1	1064,	0,	chr14	100780540	100781504	retro_human_2662|HOMER2P1-201|processed_pseudogene	0	-	HOMER2P1	964
chr15	20863654	20865935	ENSG00000274099[1,1,1]	0	+	20863654	20863654	0	1	2281,	0,	chr15	20863704	20865885	retro_human_7743|ABCB10P1-201|processed_pseudogene	0	+	ABCB10P1	2181
chr15	26145458	26147721	ENSG00000261524[1,1,1]	0	+	26145458	26145458	0	1	2263,	0,	chr15	26145508	26147671	retro_human_3825|ABCB10P3-201|processed_pseudogene	0	+	ABCB10P3	2163
chr15	26283318	26285602	ENSG00000260053[1,1,1]	0	-	26283318	26283318	0	1	2284,	0,	chr15	26283368	26285552	retro_human_2542|ABCB10P4-201|processed_pseudogene	0	-	ABCB10P4	2184
chr15	26540114	26540906	ENSG00000260844[1,1,1]	0	-	26540114	26540114	0	1	792,	0,	chr15	26540164	26540856	AC055876.4-201|processed_pseudogene	0	-	intergenic	692
chr15	32173967	32175130	ENSG00000259904[1,1,1]	0	-	32173967	32173967	0	1	1163,	0,	chr15	32174017	32175080	retro_human_3710|ACTG1P15-201|processed_pseudogene	0	-	ACTG1P15	1063
chr15	32926859	32927471	ENSG00000259592[1,1,1]	0	-	32926859	32926859	0	1	612,	0,	chr15	32926909	32927421	retro_human_3720|PRELID1P4-201|processed_pseudogene	0	-	PRELID1P4	512
chr15	34622560	34623641	ENSG00000223518[1,1,2]	0	-	34622560	34622560	0	1	1081,	0,	chr15	34622610	34623591	retro_human_8258|CSNK1A1P1-202|transcribed_processed_pseudogene	0	-	CSNK1A1P1	981
chr15	34622560	34623641	ENSG00000223518[1,1,2]	0	-	34622560	34622560	0	1	1081,	0,	chr15	34622653	34623591	CSNK1A1P1-203|transcribed_processed_pseudogene	0	-	CSNK1A1P1	938
chr15	38566569	38566947	ENSG00000271236[1,1,1]	0	+	38566569	38566569	0	1	378,	0,	chr15	38566619	38566897	retro_human_5313|SUMO2P15-201|processed_pseudogene	0	+	SUMO2P15	278
chr15	40378889	40379496	ENSG00000260490[1,1,1]	0	+	40378889	40378889	0	1	607,	0,	chr15	40378939	40379446	retro_human_9810|MYL12BP1-201|processed_pseudogene	0	+	MYL12BP1	507
chr15	40746390	40747539	ENSG00000254793[1,1,1]	0	-	40746390	40746390	0	1	1149,	0,	chr15	40746440	40747489	retro_human_2782|FDPSP4-201|processed_pseudogene	0	-	FDPSP4	1049
chr15	40922943	40923834	ENSG00000205871[1,1,1]	0	-	40922943	40922943	0	1	891,	0,	chr15	40922992	40923784	retro_human_2781|RPS3AP47-201|processed_pseudogene	0	-	RPS3AP47	792
chr15	43363589	43364310	ENSG00000179362[3,1,1]	0	+	43363589	43363589	0	1	721,	0,	chr15	43363639	43364129	retro_human_10800|HMGN2P46-208|transcribed_processed_pseudogene	0	+	HMGN2P46	490
chr15	53809109	53810671	ENSG00000230183[1,1,1]	0	-	53809109	53809109	0	1	1562,	0,	chr15	53809159	53810621	retro_human_10237|CNOT6LP1-201|processed_pseudogene	0	-	CNOT6LP1	1462
chr15	57569993	57570888	ENSG00000234797[1,1,1]	0	+	57569993	57569993	0	1	895,	0,	chr15	57570043	57570838	retro_human_1546|RPS3AP6-201|processed_pseudogene	0	+	RPS3AP6	795
chr15	68619476	68620079	ENSG00000235420[1,1,1]	0	-	68619476	68619476	0	1	603,	0,	chr15	68619560	68620029	retro_human_6551|RPL29P30-202|transcribed_processed_pseudogene	0	-	RPL29P30	469
chr15	70195968	70196564	ENSG00000243007[1,1,1]	0	-	70195968	70195968	0	1	596,	0,	chr15	70196018	70196514	retro_human_3411|RPL12P35-201|processed_pseudogene	0	-	RPL12P35	496
chr15	73121751	73123044	ENSG00000261205[1,1,1]	0	-	73121751	73121751	0	1	1293,	0,	chr15	73121801	73122994	retro_human_3812|NIFKP4-201|processed_pseudogene	0	-	NIFKP4	1193
chr15	73191782	73192619	ENSG00000259790[1,1,2]	0	-	73191782	73191782	0	1	837,	0,	chr15	73191456	73192753	retro_human_3813|ANP32BP1-201|transcribed_processed_pseudogene	0	-	ANP32BP1	837
chr15	73191782	73192619	ENSG00000259790[1,1,2]	0	-	73191782	73191782	0	1	837,	0,	chr15	73191832	73192569	ANP32BP1-202|transcribed_processed_pseudogene	0	-	ANP32BP1	737
chr15	73617449	73618044	ENSG00000260815[1,1,1]	0	+	73617449	73617449	0	1	595,	0,	chr15	73617499	73617994	retro_human_795|PPIAP47-201|processed_pseudogene	0	+	PPIAP47	495
chr15	76524407	76525037	ENSG00000213307[1,1,1]	0	-	76524407	76524407	0	1	630,	0,	chr15	76524457	76524987	retro_human_2824|RPL18P11-201|processed_pseudogene	0	-	RPL18P11	530
chr15	76726868	76727449	ENSG00000243711[1,1,1]	0	-	76726868	76726868	0	1	581,	0,	chr15	76726916	76727399	retro_human_764|RPL21P116-201|processed_pseudogene	0	-	RPL21P116	483
chr15	80590077	80602932	ENSG00000259315[2,2,1]	0	-	80590077	80590077	0	2	1608,153,	0,12702,	chr15	80595043	80603170	ACTG1P17-203|transcribed_processed_pseudogene	0	-	ACTG1P17	7889
chr15	80590077	80602932	ENSG00000259315[2,2,1]	0	-	80590077	80590077	0	2	1608,153,	0,12702,	chr15	80590127	80602882	ACTG1P17-202|transcribed_processed_pseudogene	0	-	ACTG1P17	12755
chr15	80594993	80603220	ENSG00000259315[3,3,3]	0	-	80594993	80594993	0	2	196,441,	0,7786,	chr15	80595043	80603170	ACTG1P17-203|transcribed_processed_pseudogene	0	-	ACTG1P17	8127
chr15	80594993	80603220	ENSG00000259315[3,3,3]	0	-	80594993	80594993	0	2	196,441,	0,7786,	chr15	80590127	80602882	ACTG1P17-202|transcribed_processed_pseudogene	0	-	ACTG1P17	7889
chr15	88141775	88142125	ENSG00000259262[1,1,1]	0	+	88141775	88141775	0	1	350,	0,	chr15	88141825	88142075	retro_human_6200|NDUFA3P4-201|processed_pseudogene	0	+	NDUFA3P4	250
chr15	89503568	89504783	ENSG00000259057[1,1,1]	0	-	89503568	89503568	0	1	1215,	0,	chr15	89503618	89504733	THRAP3P2-201|processed_pseudogene	0	-	THRAP3P2	1115
chr15	90043892	90044593	ENSG00000258726[1,1,1]	0	+	90043892	90043892	0	1	701,	0,	chr15	90043942	90044543	retro_human_3066|DUXAP6-201|processed_pseudogene	0	+	DUXAP6	601
chr15	90557857	90558750	ENSG00000258527[1,1,1]	0	+	90557857	90557857	0	1	893,	0,	chr15	90557907	90558700	retro_human_8938|ASB9P1-201|processed_pseudogene	0	+	ASB9P1	793
chr15	91931399	91931902	ENSG00000258570[1,1,1]	0	+	91931399	91931399	0	1	503,	0,	chr15	91931449	91931852	retro_human_8941|H3P40-201|processed_pseudogene	0	+	H3P40	403
chr15	94521567	94523277	ENSG00000214424[1,1,1]	0	+	94521567	94521567	0	1	1710,	0,	chr15	94521617	94523227	retro_human_8932|FAM149B1P1-201|processed_pseudogene	0	+	FAM149B1P1	1610
chr16	1492493	1493347	ENSG00000219027[1,1,1]	0	+	1492493	1492493	0	1	854,	0,	chr16	1492543	1493297	retro_human_5020|RPS3AP2-201|processed_pseudogene	0	+	RPS3AP2	754
chr16	9189691	9190272	ENSG00000220793[1,1,1]	0	-	9189691	9189691	0	1	581,	0,	chr16	9189742	9190222	RPL21P119-201|processed_pseudogene	0	-	RPL21P119	480
chr16	11278836	11279836	ENSG00000263179[1,1,1]	0	+	11278836	11278836	0	1	1000,	0,	chr16	11278886	11279786	retro_human_11205|HNRNPCP4-201|processed_pseudogene	0	+	HNRNPCP4	900
chr16	25730786	25731195	ENSG00000260690[1,1,1]	0	-	25730786	25730786	0	1	409,	0,	chr16	25730836	25731145	retro_human_4131|CYCSP39-201|processed_pseudogene	0	-	CYCSP39	309
chr16	31553076	31553454	ENSG00000263343[1,1,1]	0	+	31553076	31553076	0	1	378,	0,	chr16	31553125	31553405	AC009088.4-201|processed_pseudogene	0	+	intergenic	280
chr16	31955729	31956919	ENSG00000261614[1,1,1]	0	-	31955729	31955729	0	1	1190,	0,	chr16	31955779	31956869	retro_human_5254|YBX3P1-201|processed_pseudogene	0	-	YBX3P1	1090
chr16	38958665	38959315	ENSG00000261461[1,1,1]	0	+	38959315	38959315	0	1	650,	0,	chr16	38958715	38959265	retro_human_4013|UBE2MP1-201|processed_pseudogene	0	+	UBE2MP1	550
chr16	38933248	38936323	ENSG00000260073[1,1,1]	0	+	38936323	38936323	0	1	3075,	0,	chr16	38935225	38935625	retro_human_654|AC023824.2-201|processed_pseudogene	0	-	intergenic	400
chr16	38325224	38325736	ENSG00000261620[1,1,1]	0	+	38325736	38325736	0	1	512,	0,	chr16	38325274	38325686	retro_human_6031|HMGN2P41-201|processed_pseudogene	0	+	HMGN2P41	412
chr16	52423207	52423896	ENSG00000259856[1,1,1]	0	-	52423207	52423207	0	1	689,	0,	chr16	52423257	52423846	retro_human_666|RAB43P1-201|processed_pseudogene	0	-	RAB43P1	589
chr16	53557533	53557775	ENSG00000260497[1,1,1]	0	-	53557533	53557533	0	1	242,	0,	chr16	53557583	53557725	AC141846.1-201|processed_pseudogene	0	-	intergenic	142
chr16	65546635	65547301	ENSG00000260240[2,1,2]	0	-	65546635	65546635	0	1	666,	0,	chr16	65546685	65547251	retro_human_7688|APOOP5-202|transcribed_processed_pseudogene	0	-	APOOP5	566
chr16	66843187	66843853	ENSG00000224631[1,1,1]	0	-	66843187	66843187	0	1	666,	0,	chr16	66843237	66843803	retro_human_7690|RPS27AP16-202|transcribed_processed_pseudogene	0	-	RPS27AP16	566
chr16	66843187	66843853	ENSG00000224631[1,1,1]	0	-	66843187	66843187	0	1	666,	0,	chr16	66843282	66843752	RPS27AP16-201|transcribed_processed_pseudogene	0	-	RPS27AP16	470
chr16	74273013	74273447	ENSG00000241334[1,1,1]	0	-	74273013	74273013	0	1	434,	0,	chr16	74273063	74273397	retro_human_2253|RPL35AP33-201|processed_pseudogene	0	-	RPL35AP33	334
chr16	76255651	76255990	ENSG00000240043[1,1,1]	0	-	76255651	76255651	0	1	339,	0,	chr16	76255701	76255940	retro_human_4848|RPS27P26-201|processed_pseudogene	0	-	RPS27P26	239
chr16	80714197	80715498	ENSG00000262904[1,1,1]	0	+	80714197	80714197	0	1	1301,	0,	chr16	80714247	80715448	retro_human_535|TMPOP2-201|processed_pseudogene	0	+	TMPOP2	1201
chr16	82291147	82291816	ENSG00000244485[1,1,1]	0	-	82291147	82291147	0	1	669,	0,	chr16	82291197	82291766	retro_human_4972|RPL18P13-201|processed_pseudogene	0	-	RPL18P13	569
chr17	4462043	4462456	ENSG00000262519[1,1,1]	0	+	4462043	4462043	0	1	413,	0,	chr17	4462096	4462406	retro_human_11027|TXNP4-201|processed_pseudogene	0	+	TXNP4	310
chr17	14610997	14611556	ENSG00000230897[1,1,1]	0	-	14610997	14610997	0	1	559,	0,	chr17	14611047	14611506	retro_human_2180|RPS18P12-201|processed_pseudogene	0	-	RPS18P12	459
chr17	16293702	16294251	ENSG00000265095[1,1,1]	0	+	16293702	16293702	0	1	549,	0,	chr17	16293752	16294201	retro_human_6422|FTLP12-201|processed_pseudogene	0	+	FTLP12	449
chr17	19112153	19122492	ENSG00000266311[1,1,1]	0	-	19112153	19112153	0	3	218,133,189,	0,7811,10150,	chr17	19115250	19117648	retro_human_2541|KYNUP2-201|processed_pseudogene	0	-	KYNUP2	2398
chr17	19112153	19122492	ENSG00000266311[1,2,1]	0	-	19112153	19112153	0	3	214,133,189,	0,7811,10150,	chr17	19115250	19117648	retro_human_2541|KYNUP2-201|processed_pseudogene	0	-	KYNUP2	2398
chr17	20288507	20291541	ENSG00000154898[3,3,3]	0	+	20288507	20288507	0	2	478,518,	0,2516,	chr17	20288557	20291491	CCDC144CP-203|transcribed_processed_pseudogene	0	+	CCDC144CP	2934
chr17	20724405	20725769	ENSG00000213671[1,1,1]	0	+	20724405	20724405	0	1	1364,	0,	chr17	20724455	20725719	retro_human_5832|OLA1P2-201|processed_pseudogene	0	+	OLA1P2	1264
chr17	21393713	21394420	ENSG00000265881[1,1,1]	0	-	21393713	21393713	0	1	707,	0,	chr17	21393763	21394370	retro_human_2537|PDLIM1P2-201|processed_pseudogene	0	-	PDLIM1P2	607
chr17	21453439	21454038	ENSG00000244582[1,1,1]	0	+	21453439	21453439	0	1	599,	0,	chr17	21453489	21453991	retro_human_5261|RPL21P120-201|processed_pseudogene	0	+	RPL21P120	502
chr17	22722611	22722880	ENSG00000265233[1,1,1]	0	-	22722611	22722611	0	1	269,	0,	chr17	22722661	22722830	ABBA01006766.1-201|processed_pseudogene	0	-	intergenic	169
chr17	28215472	28215944	ENSG00000239223[1,1,1]	0	+	28215472	28215472	0	1	472,	0,	chr17	28215522	28215894	retro_human_4163|RPL34P31-201|processed_pseudogene	0	+	RPL34P31	372
chr17	29410788	29411473	ENSG00000263266[1,1,1]	0	+	29410788	29410788	0	1	685,	0,	chr17	29410838	29411423	retro_human_2629|RPS7P1-201|processed_pseudogene	0	+	RPS7P1	585
chr17	30146077	30147226	ENSG00000178082[1,1,1]	0	-	30146077	30146077	0	1	1149,	0,	chr17	30146127	30147176	retro_human_2937|TWF1P1-201|processed_pseudogene	0	-	TWF1P1	1049
chr17	30283165	30283606	ENSG00000239256[1,1,1]	0	-	30283165	30283165	0	1	441,	0,	chr17	30283215	30283556	retro_human_2938|RPL35AP35-201|processed_pseudogene	0	-	RPL35AP35	341
chr17	31953824	31954090	ENSG00000264148[1,1,1]	0	-	31953824	31953824	0	1	266,	0,	chr17	31953874	31954040	AC138207.3-201|processed_pseudogene	0	-	intergenic	166
chr17	33173609	33173928	ENSG00000266282[1,1,1]	0	-	33173609	33173609	0	1	319,	0,	chr17	33173659	33173878	retro_human_8768|UBL5P2-201|processed_pseudogene	0	-	UBL5P2	219
chr17	43390668	43391246	ENSG00000267185[1,1,1]	0	+	43390668	43390668	0	1	578,	0,	chr17	43390718	43391196	retro_human_4067|PTP4A2P1-201|processed_pseudogene	0	+	PTP4A2P1	478
chr17	43610619	43610989	ENSG00000214578[1,1,1]	0	-	43610619	43610619	0	1	370,	0,	chr17	43610669	43610939	retro_human_3077|HMGN2P15-201|processed_pseudogene	0	-	HMGN2P15	270
chr17	44570819	44573042	ENSG00000267253[1,1,1]	0	-	44570819	44570819	0	1	2223,	0,	chr17	44570869	44572992	retro_human_8949|WHSC1L2P-201|processed_pseudogene	0	-	WHSC1L2P	2123
chr17	45081805	45083374	ENSG00000267691[1,1,1]	0	-	45081805	45081805	0	1	1569,	0,	chr17	45081855	45083324	retro_human_8943|SHC1P2-201|processed_pseudogene	0	-	SHC1P2	1469
chr17	46447501	46448660	ENSG00000264070[1,1,1]	0	+	46447501	46447501	0	1	1159,	0,	chr17	46447551	46448610	retro_human_869|DND1P1-201|processed_pseudogene	0	+	DND1P1	1059
chr17	46470204	46470652	ENSG00000204652[1,1,1]	0	+	46470204	46470204	0	1	448,	0,	chr17	46470254	46470602	retro_human_882|RPS26P8-201|processed_pseudogene	0	+	RPS26P8	348
chr17	50287228	50287982	ENSG00000229944[1,1,1]	0	-	50287228	50287228	0	1	754,	0,	chr17	50287278	50287932	retro_human_3852|EIF4EP2-201|processed_pseudogene	0	-	EIF4EP2	654
chr17	54556789	54557371	ENSG00000262384[1,1,1]	0	-	54556789	54556789	0	1	582,	0,	chr17	54556839	54557321	retro_human_3848|AC034268.1-201|processed_pseudogene	0	-	intergenic	482
chr17	55578479	55579074	ENSG00000263199[1,1,1]	0	+	55578479	55578479	0	1	595,	0,	chr17	55578529	55579024	retro_human_3930|AC005951.1-201|processed_pseudogene	0	+	intergenic	495
chr17	57919911	57921331	ENSG00000261192[1,1,2]	0	+	57919911	57919911	0	1	1420,	0,	chr17	57919961	57921281	retro_human_3932|RNF126P1-201|transcribed_processed_pseudogene	0	+	RNF126P1	1320
chr17	57919911	57921331	ENSG00000261192[1,1,2]	0	+	57919911	57919911	0	1	1420,	0,	chr17	57920004	57920929	RNF126P1-202|transcribed_processed_pseudogene	0	+	RNF126P1	925
chr17	61302556	61303191	ENSG00000213228[1,1,1]	0	-	61302556	61302556	0	1	635,	0,	chr17	61302651	61303141	RPL12P38-201|transcribed_processed_pseudogene	0	-	RPL12P38	490
chr17	63005809	63009577	ENSG00000266066[1,1,1]	0	-	63005809	63005809	0	1	3768,	0,	chr17	63005859	63009527	retro_human_5097|POLRMTP1-201|processed_pseudogene	0	-	POLRMTP1	3668
chr17	64341765	64342355	ENSG00000228979[1,1,1]	0	+	64341765	64341765	0	1	590,	0,	chr17	64341815	64342305	retro_human_10636|PPIAP55-201|processed_pseudogene	0	+	PPIAP55	490
chr17	65616964	65617293	ENSG00000270714[1,1,1]	0	-	65616964	65616964	0	1	329,	0,	chr17	65617014	65617243	retro_human_9595|MICOS10P2-201|processed_pseudogene	0	-	MICOS10P2	229
chr17	69075677	69076453	ENSG00000267472[1,1,1]	0	+	69075677	69075677	0	1	776,	0,	chr17	69075727	69076403	ARHGAP27P2-201|processed_pseudogene	0	+	ARHGAP27P2	676
chr17	77492238	77492527	ENSG00000267084[1,1,1]	0	-	77492238	77492238	0	1	289,	0,	chr17	77492288	77492477	retro_human_6495|AC015802.2-201|processed_pseudogene	0	-	intergenic	189
chr17	81416993	81417249	ENSG00000271340[1,1,1]	0	+	81416993	81416993	0	1	256,	0,	chr17	81417043	81417199	retro_human_4327|AC120024.3-201|processed_pseudogene	0	+	intergenic	156
chr17	84263786	84264352	ENSG00000232938[2,1,1]	0	+	84263786	84263786	0	1	566,	0,	chr17	84263836	84264302	retro_human_156|RPL23AP87-202|transcribed_processed_pseudogene	0	+	RPL23AP87	466
chr18	2807701	2811027	ENSG00000266405[2,2,1]	0	-	2807701	2807701	0	2	1183,346,	0,2980,	chr18	2807751	2810977	retro_human_6801|CBX3P2-201|transcribed_processed_pseudogene	0	-	CBX3P2	3226
chr18	2807701	2811027	ENSG00000266405[2,2,1]	0	-	2807701	2807701	0	2	1183,346,	0,2980,	chr18	2808306	2808841	CBX3P2-202|transcribed_processed_pseudogene	0	-	CBX3P2	535
chr18	2808256	2808891	ENSG00000266405[1,1,2]	0	-	2808256	2808256	0	1	635,	0,	chr18	2807751	2810977	retro_human_6801|CBX3P2-201|transcribed_processed_pseudogene	0	-	CBX3P2	635
chr18	2808256	2808891	ENSG00000266405[1,1,2]	0	-	2808256	2808256	0	1	635,	0,	chr18	2808306	2808841	CBX3P2-202|transcribed_processed_pseudogene	0	-	CBX3P2	535
chr18	5164978	5165574	ENSG00000264775[1,1,1]	0	-	5164978	5164978	0	1	596,	0,	chr18	5165028	5165524	retro_human_4709|PPIAP14-201|processed_pseudogene	0	-	PPIAP14	496
chr18	6622591	6623578	ENSG00000235552[1,1,1]	0	-	6622591	6622591	0	1	987,	0,	chr18	6622641	6623508	retro_human_1361|RPL6P27-201|transcribed_processed_pseudogene	0	-	RPL6P27	867
chr18	6622591	6623578	ENSG00000235552[1,1,1]	0	-	6622591	6622591	0	1	987,	0,	chr18	6622649	6623513	RPL6P27-202|transcribed_processed_pseudogene	0	-	RPL6P27	864
chr18	6623208	6623578	ENSG00000235552[1,1,2]	0	-	6623208	6623208	0	1	370,	0,	chr18	6622641	6623508	retro_human_1361|RPL6P27-201|transcribed_processed_pseudogene	0	-	RPL6P27	300
chr18	6623208	6623578	ENSG00000235552[1,1,2]	0	-	6623208	6623208	0	1	370,	0,	chr18	6622649	6623513	RPL6P27-202|transcribed_processed_pseudogene	0	-	RPL6P27	305
chr18	7295411	7296400	ENSG00000263716[1,1,1]	0	+	7295411	7295411	0	1	989,	0,	chr18	7295461	7296350	SLC25A51P2-201|processed_pseudogene	0	+	SLC25A51P2	889
chr18	13073836	13074774	ENSG00000267570[1,1,1]	0	+	13073836	13073836	0	1	938,	0,	chr18	13073886	13074724	retro_human_5696|STK25P1-201|processed_pseudogene	0	+	STK25P1	838
chr18	13075494	13076657	ENSG00000267336[1,1,1]	0	+	13075494	13075494	0	1	1163,	0,	chr18	13075544	13076607	retro_human_5697|EIF4A2P1-201|processed_pseudogene	0	+	EIF4A2P1	1063
chr18	14640798	14662230	ENSG00000265766[2,2,1]	0	-	14640798	14640798	0	4	1489,56,134,376,	0,12620,20681,21056,	chr18	14640848	14662180	CXADRP3-201|transcribed_processed_pseudogene	0	-	CXADRP3	21332
chr18	54609927	54610253	ENSG00000264350[1,1,1]	0	-	54609927	54609927	0	1	326,	0,	chr18	54609977	54610203	retro_human_10395|SNRPGP2-201|processed_pseudogene	0	-	SNRPGP2	226
chr18	58038668	58039259	ENSG00000231544[1,1,1]	0	+	58038668	58038668	0	1	591,	0,	chr18	58038718	58039209	retro_human_1745|RSL24D1P11-201|processed_pseudogene	0	+	RSL24D1P11	491
chr18	60219680	60220444	ENSG00000267742[1,1,1]	0	-	60219680	60219680	0	1	764,	0,	chr18	60219730	60220394	retro_human_8972|SINHCAFP2-201|processed_pseudogene	0	-	SINHCAFP2	664
chr18	60352489	60353379	ENSG00000242060[1,1,1]	0	+	60352489	60352489	0	1	890,	0,	chr18	60352539	60353329	retro_human_7577|RPS3AP49-201|processed_pseudogene	0	+	RPS3AP49	790
chr18	62644849	62646048	ENSG00000266920[1,1,1]	0	+	62644849	62644849	0	1	1199,	0,	chr18	62644899	62645998	retro_human_1928|ACTBP9-201|processed_pseudogene	0	+	ACTBP9	1099
chr18	67335672	67335913	ENSG00000264054[1,1,1]	0	-	67335672	67335672	0	1	241,	0,	chr18	67335722	67335863	RPL31P9-201|processed_pseudogene	0	-	RPL31P9	141
chr18	74617525	74618038	ENSG00000235297[1,1,1]	0	-	74617525	74617525	0	1	513,	0,	chr18	74617574	74617988	retro_human_3093|FAUP1-201|processed_pseudogene	0	-	FAUP1	414
chr19	144446	146903	ENSG00000282059[1,1,1]	0	+	144446	144446	0	1	2457,	0,	chr19	144496	146853	retro_human_8563|CICP19-201|processed_pseudogene	0	+	CICP19	2357
chr19	1171697	1172431	ENSG00000267736[1,1,1]	0	+	1171697	1171697	0	1	734,	0,	chr19	1171747	1172381	retro_human_2714|HMGB2P1-201|transcribed_processed_pseudogene	0	+	HMGB2P1	634
chr19	1276610	1277080	ENSG00000240846[1,1,1]	0	-	1276610	1276610	0	1	470,	0,	chr19	1276669	1277030	retro_human_6819|RPS15P9-201|processed_pseudogene	0	-	RPS15P9	361
chr19	5563292	5563671	ENSG00000233270[1,1,1]	0	-	5563292	5563292	0	1	379,	0,	chr19	5563342	5563621	retro_human_991|SNRPEP4-201|processed_pseudogene	0	-	SNRPEP4	279
chr19	11794189	11795251	ENSG00000214223[1,1,1]	0	-	11794189	11794189	0	1	1062,	0,	chr19	11794239	11795201	retro_human_866|HNRNPA1P10-201|processed_pseudogene	0	-	HNRNPA1P10	962
chr19	12508042	12512084	ENSG00000248406[1,1,1]	0	-	12510970	12512043	0	3	1691,61,177,	0,2875,3865,	chr19	12508736	12512040	retro_human_7507	0	-	intergenic	3304
chr19	12636484	12636719	ENSG00000235686[1,1,1]	0	+	12636484	12636484	0	1	235,	0,	chr19	12636534	12636669	PPIAP20-201|processed_pseudogene	0	+	PPIAP20	135
chr19	12767729	12768474	ENSG00000178464[1,1,1]	0	-	12767729	12767729	0	1	745,	0,	chr19	12767779	12768424	retro_human_5348|RPL10P16-201|processed_pseudogene	0	-	RPL10P16	645
chr19	14196582	14197578	ENSG00000228887[1,1,1]	0	+	14196582	14196582	0	1	996,	0,	chr19	14196632	14197528	retro_human_6650|EEF1DP1-201|processed_pseudogene	0	+	EEF1DP1	896
chr19	15736702	15737268	ENSG00000225067[1,1,1]	0	+	15736702	15736702	0	1	566,	0,	chr19	15736752	15737218	retro_human_1232|RPL23AP2-201|processed_pseudogene	0	+	RPL23AP2	466
chr19	16033473	16034515	ENSG00000267218[1,1,1]	0	-	16033473	16033473	0	1	1042,	0,	chr19	16033526	16034465	AC005336.2-201|processed_pseudogene	0	-	intergenic	939
chr19	16847072	16847289	ENSG00000269419[1,1,1]	0	+	16847072	16847072	0	1	217,	0,	chr19	16847122	16847240	AC008737.2-201|processed_pseudogene	0	+	intergenic	118
chr19	19994632	19995285	ENSG00000270325[1,1,1]	0	+	19994632	19994632	0	1	653,	0,	chr19	19994682	19995235	retro_human_3900|BNIP3P9-201|processed_pseudogene	0	+	BNIP3P9	553
chr19	20274236	20274637	ENSG00000270716[1,1,1]	0	+	20274236	20274236	0	1	401,	0,	chr19	20274286	20274587	retro_human_11153|BNIP3P15-201|processed_pseudogene	0	+	BNIP3P15	301
chr19	21816128	21816900	ENSG00000268433[1,1,1]	0	-	21816128	21816128	0	1	772,	0,	chr19	21816178	21816850	MTDHP3-201|processed_pseudogene	0	-	MTDHP3	672
chr19	22276275	22277426	ENSG00000268140[1,1,1]	0	+	22276275	22276275	0	1	1151,	0,	chr19	22276325	22277376	retro_human_10422|PCGF7P-201|processed_pseudogene	0	+	PCGF7P	1051
chr19	22507181	22507635	ENSG00000236312[1,1,1]	0	-	22507181	22507181	0	1	454,	0,	chr19	22507231	22507585	retro_human_10959|RPL34P34-201|processed_pseudogene	0	-	RPL34P34	354
chr19	22837921	22838355	ENSG00000241282[1,1,1]	0	+	22837921	22837921	0	1	434,	0,	chr19	22837971	22838305	retro_human_4958|RPL34P33-201|processed_pseudogene	0	+	RPL34P33	334
chr19	23338748	23339395	ENSG00000269471[1,1,1]	0	+	23338748	23338748	0	1	647,	0,	chr19	23338798	23339345	AC092329.2-201|processed_pseudogene	0	+	intergenic	547
chr19	23389803	23390285	ENSG00000269837[1,1,1]	0	-	23389876	23390032	0	1	482,	0,	chr19	23389853	23392738	IPO5P1-201|transcribed_processed_pseudogene	0	-	IPO5P1	432
chr19	23389803	23390285	ENSG00000269837[1,1,1]	0	-	23389876	23390032	0	1	482,	0,	chr19	23389948	23390235	IPO5P1-202|transcribed_processed_pseudogene	0	-	IPO5P1	287
chr19	23389803	23392788	ENSG00000269837[2,1,1]	0	-	23391958	23392120	0	1	2985,	0,	chr19	23389853	23392738	IPO5P1-201|transcribed_processed_pseudogene	0	-	IPO5P1	2885
chr19	23736798	23737150	ENSG00000240231[1,1,1]	0	+	23736798	23736798	0	1	352,	0,	chr19	23736848	23737100	retro_human_4959|RPS27P29-201|processed_pseudogene	0	+	RPS27P29	252
chr19	36109870	36110450	ENSG00000232429[1,1,1]	0	-	36109870	36109870	0	1	580,	0,	chr19	36109917	36110400	retro_human_3384|RPL21P131-201|processed_pseudogene	0	-	RPL21P131	483
chr19	42338670	42339329	ENSG00000269584[1,1,1]	0	+	42338670	42338670	0	1	659,	0,	chr19	42338720	42339279	retro_human_5757|TDGF1P7-201|processed_pseudogene	0	+	TDGF1P7	559
chr19	43619819	43648501	ENSG00000269858[1,20,5]	0	+	43621251	43647309	255	3	122,1077,1264,	0,1198,27418,	chr19	43639089	43647145	CYP2F2P-202|transcribed_processed_pseudogene	0	-	CYP2F2P	8056
chr19	43619819	43648501	ENSG00000269858[1,20,5]	0	+	43621251	43647309	255	3	122,1077,1264,	0,1198,27418,	chr19	43639396	43647446	CYP2F2P-201|transcribed_processed_pseudogene	0	-	CYP2F2P	8050
chr19	43619819	43648212	ENSG00000269858[1,20,4]	0	+	43621251	43647309	255	3	122,1077,975,	0,1198,27418,	chr19	43639089	43647145	CYP2F2P-202|transcribed_processed_pseudogene	0	-	CYP2F2P	8056
chr19	43619819	43648212	ENSG00000269858[1,20,4]	0	+	43621251	43647309	255	3	122,1077,975,	0,1198,27418,	chr19	43639396	43647446	CYP2F2P-201|transcribed_processed_pseudogene	0	-	CYP2F2P	8050
chr19	43619819	43651945	ENSG00000269858[1,20,6]	0	+	43621251	43647309	255	3	122,1077,4708,	0,1198,27418,	chr19	43639089	43647145	CYP2F2P-202|transcribed_processed_pseudogene	0	-	CYP2F2P	8056
chr19	43619819	43651945	ENSG00000269858[1,20,6]	0	+	43621251	43647309	255	3	122,1077,4708,	0,1198,27418,	chr19	43639396	43647446	CYP2F2P-201|transcribed_processed_pseudogene	0	-	CYP2F2P	8050
chr19	43619819	43648501	ENSG00000269858[1,18,5]	0	+	43621251	43647280	255	5	122,1077,120,137,1264,	0,1198,7414,7997,27418,	chr19	43639089	43647145	CYP2F2P-202|transcribed_processed_pseudogene	0	-	CYP2F2P	8056
chr19	43619819	43648501	ENSG00000269858[1,18,5]	0	+	43621251	43647280	255	5	122,1077,120,137,1264,	0,1198,7414,7997,27418,	chr19	43639396	43647446	CYP2F2P-201|transcribed_processed_pseudogene	0	-	CYP2F2P	8050
chr19	43619819	43648212	ENSG00000269858[1,18,4]	0	+	43621251	43647280	255	5	122,1077,120,137,975,	0,1198,7414,7997,27418,	chr19	43639089	43647145	CYP2F2P-202|transcribed_processed_pseudogene	0	-	CYP2F2P	8056
chr19	43619819	43648212	ENSG00000269858[1,18,4]	0	+	43621251	43647280	255	5	122,1077,120,137,975,	0,1198,7414,7997,27418,	chr19	43639396	43647446	CYP2F2P-201|transcribed_processed_pseudogene	0	-	CYP2F2P	8050
chr19	43620978	43648501	ENSG00000269858[12,24,5]	0	+	43621251	43647309	255	2	1116,1264,	0,26259,	chr19	43639089	43647145	CYP2F2P-202|transcribed_processed_pseudogene	0	-	CYP2F2P	8056
chr19	43620978	43648501	ENSG00000269858[12,24,5]	0	+	43621251	43647309	255	2	1116,1264,	0,26259,	chr19	43639396	43647446	CYP2F2P-201|transcribed_processed_pseudogene	0	-	CYP2F2P	8050
chr19	43620978	43648212	ENSG00000269858[12,24,4]	0	+	43621251	43647309	255	2	1116,975,	0,26259,	chr19	43639089	43647145	CYP2F2P-202|transcribed_processed_pseudogene	0	-	CYP2F2P	8056
chr19	43620978	43648212	ENSG00000269858[12,24,4]	0	+	43621251	43647309	255	2	1116,975,	0,26259,	chr19	43639396	43647446	CYP2F2P-201|transcribed_processed_pseudogene	0	-	CYP2F2P	8050
chr19	43639039	43647195	ENSG00000237118[1,1,1]	0	-	43639039	43639039	0	3	536,142,426,	0,6754,7730,	chr19	43639089	43647145	CYP2F2P-202|transcribed_processed_pseudogene	0	-	CYP2F2P	8056
chr19	43639039	43647195	ENSG00000237118[1,1,1]	0	-	43639039	43639039	0	3	536,142,426,	0,6754,7730,	chr19	43639396	43647446	CYP2F2P-201|transcribed_processed_pseudogene	0	-	CYP2F2P	7799
chr19	54530948	54531320	ENSG00000269181[1,1,1]	0	+	54530948	54530948	0	1	372,	0,	chr19	54530998	54531270	AC020914.5-201|processed_pseudogene	0	+	intergenic	272
chr19	55197480	55197989	ENSG00000270248[1,1,1]	0	-	55197480	55197480	0	1	509,	0,	chr19	55197530	55197939	retro_human_8547|AC011468.4-201|processed_pseudogene	0	-	intergenic	409
chr19	55230203	55230599	ENSG00000243680[1,1,1]	0	+	55230203	55230203	0	1	396,	0,	chr19	55230253	55230547	retro_human_9238|RPL37P23-201|processed_pseudogene	0	+	RPL37P23	294
chr19	55510495	55510935	ENSG00000269776[1,1,1]	0	-	55510495	55510495	0	1	440,	0,	chr19	55510545	55510885	retro_human_4160|DPPA5P1-201|processed_pseudogene	0	-	DPPA5P1	340
chr19	56048911	56120515	ENSG00000242779[3,15,12]	0	-	56048911	56048911	255	4	4464,81,272,224,	0,14510,20186,71380,	chr19	56052915	56064074	ZNF702P-207|transcribed_processed_pseudogene	0	-	ZNF702P	11159
chr19	56048911	56120515	ENSG00000242779[3,15,12]	0	-	56048911	56048911	255	4	4464,81,272,224,	0,14510,20186,71380,	chr19	56049428	56063995	ZNF702P-214|transcribed_processed_pseudogene	0	-	ZNF702P	14567
chr19	56048911	56120515	ENSG00000242779[3,3,12]	0	-	56048911	56048911	0	4	4464,81,272,179,	0,14510,20186,71425,	chr19	56052915	56064074	ZNF702P-207|transcribed_processed_pseudogene	0	-	ZNF702P	11159
chr19	56048911	56120515	ENSG00000242779[3,3,12]	0	-	56048911	56048911	0	4	4464,81,272,179,	0,14510,20186,71425,	chr19	56049428	56063995	ZNF702P-214|transcribed_processed_pseudogene	0	-	ZNF702P	14567
chr19	56048911	56076104	ENSG00000242779[6,12,12]	0	-	56048911	56048911	0	5	4464,81,272,118,102,	0,14510,20186,23704,27091,	chr19	56052915	56064074	ZNF702P-207|transcribed_processed_pseudogene	0	-	ZNF702P	11159
chr19	56048911	56076104	ENSG00000242779[6,12,12]	0	-	56048911	56048911	0	5	4464,81,272,118,102,	0,14510,20186,23704,27091,	chr19	56068974	56076049	ZNF702P-211|transcribed_processed_pseudogene	0	-	ZNF702P	7075
chr19	56048911	56076104	ENSG00000242779[6,12,12]	0	-	56048911	56048911	0	5	4464,81,272,118,102,	0,14510,20186,23704,27091,	chr19	56069088	56076054	ZNF702P-204|transcribed_processed_pseudogene	0	-	ZNF702P	6966
chr19	56048911	56076104	ENSG00000242779[6,12,12]	0	-	56048911	56048911	0	5	4464,81,272,118,102,	0,14510,20186,23704,27091,	chr19	56049428	56063995	ZNF702P-214|transcribed_processed_pseudogene	0	-	ZNF702P	14567
chr19	56048911	56076104	ENSG00000242779[6,8,12]	0	-	56048911	56048911	0	4	4464,81,272,102,	0,14510,20186,27091,	chr19	56052915	56064074	ZNF702P-207|transcribed_processed_pseudogene	0	-	ZNF702P	11159
chr19	56048911	56076104	ENSG00000242779[6,8,12]	0	-	56048911	56048911	0	4	4464,81,272,102,	0,14510,20186,27091,	chr19	56068974	56076049	ZNF702P-211|transcribed_processed_pseudogene	0	-	ZNF702P	7075
chr19	56048911	56076104	ENSG00000242779[6,8,12]	0	-	56048911	56048911	0	4	4464,81,272,102,	0,14510,20186,27091,	chr19	56069088	56076054	ZNF702P-204|transcribed_processed_pseudogene	0	-	ZNF702P	6966
chr19	56048911	56076104	ENSG00000242779[6,8,12]	0	-	56048911	56048911	0	4	4464,81,272,102,	0,14510,20186,27091,	chr19	56049428	56063995	ZNF702P-214|transcribed_processed_pseudogene	0	-	ZNF702P	14567
chr19	56049378	56120515	ENSG00000242779[3,15,1]	0	-	56049378	56049378	255	4	3997,81,272,224,	0,14043,19719,70913,	chr19	56052915	56064074	ZNF702P-207|transcribed_processed_pseudogene	0	-	ZNF702P	11159
chr19	56049378	56120515	ENSG00000242779[3,15,1]	0	-	56049378	56049378	255	4	3997,81,272,224,	0,14043,19719,70913,	chr19	56049428	56063995	ZNF702P-214|transcribed_processed_pseudogene	0	-	ZNF702P	14567
chr19	56049378	56120515	ENSG00000242779[3,3,1]	0	-	56049378	56049378	0	4	3997,81,272,179,	0,14043,19719,70958,	chr19	56052915	56064074	ZNF702P-207|transcribed_processed_pseudogene	0	-	ZNF702P	11159
chr19	56049378	56120515	ENSG00000242779[3,3,1]	0	-	56049378	56049378	0	4	3997,81,272,179,	0,14043,19719,70958,	chr19	56049428	56063995	ZNF702P-214|transcribed_processed_pseudogene	0	-	ZNF702P	14567
chr19	56049378	56076104	ENSG00000242779[6,12,1]	0	-	56049378	56049378	0	5	3997,81,272,118,102,	0,14043,19719,23237,26624,	chr19	56052915	56064074	ZNF702P-207|transcribed_processed_pseudogene	0	-	ZNF702P	11159
chr19	56049378	56076104	ENSG00000242779[6,12,1]	0	-	56049378	56049378	0	5	3997,81,272,118,102,	0,14043,19719,23237,26624,	chr19	56068974	56076049	ZNF702P-211|transcribed_processed_pseudogene	0	-	ZNF702P	7075
chr19	56049378	56076104	ENSG00000242779[6,12,1]	0	-	56049378	56049378	0	5	3997,81,272,118,102,	0,14043,19719,23237,26624,	chr19	56069088	56076054	ZNF702P-204|transcribed_processed_pseudogene	0	-	ZNF702P	6966
chr19	56049378	56076104	ENSG00000242779[6,12,1]	0	-	56049378	56049378	0	5	3997,81,272,118,102,	0,14043,19719,23237,26624,	chr19	56049428	56063995	ZNF702P-214|transcribed_processed_pseudogene	0	-	ZNF702P	14567
chr19	56049378	56076104	ENSG00000242779[6,8,1]	0	-	56049378	56049378	0	4	3997,81,272,102,	0,14043,19719,26624,	chr19	56052915	56064074	ZNF702P-207|transcribed_processed_pseudogene	0	-	ZNF702P	11159
chr19	56049378	56076104	ENSG00000242779[6,8,1]	0	-	56049378	56049378	0	4	3997,81,272,102,	0,14043,19719,26624,	chr19	56068974	56076049	ZNF702P-211|transcribed_processed_pseudogene	0	-	ZNF702P	7075
chr19	56049378	56076104	ENSG00000242779[6,8,1]	0	-	56049378	56049378	0	4	3997,81,272,102,	0,14043,19719,26624,	chr19	56069088	56076054	ZNF702P-204|transcribed_processed_pseudogene	0	-	ZNF702P	6966
chr19	56049378	56076104	ENSG00000242779[6,8,1]	0	-	56049378	56049378	0	4	3997,81,272,102,	0,14043,19719,26624,	chr19	56049428	56063995	ZNF702P-214|transcribed_processed_pseudogene	0	-	ZNF702P	14567
chr19	56050122	56120515	ENSG00000242779[3,15,13]	0	-	56050122	56050122	255	4	3253,81,272,224,	0,13299,18975,70169,	chr19	56052915	56064074	ZNF702P-207|transcribed_processed_pseudogene	0	-	ZNF702P	11159
chr19	56050122	56120515	ENSG00000242779[3,15,13]	0	-	56050122	56050122	255	4	3253,81,272,224,	0,13299,18975,70169,	chr19	56068974	56076049	ZNF702P-211|transcribed_processed_pseudogene	0	-	ZNF702P	7075
chr19	56050122	56120515	ENSG00000242779[3,15,13]	0	-	56050122	56050122	255	4	3253,81,272,224,	0,13299,18975,70169,	chr19	56049428	56063995	ZNF702P-214|transcribed_processed_pseudogene	0	-	ZNF702P	13873
chr19	56050122	56120515	ENSG00000242779[3,3,13]	0	-	56050122	56050122	0	4	3253,81,272,179,	0,13299,18975,70214,	chr19	56052915	56064074	ZNF702P-207|transcribed_processed_pseudogene	0	-	ZNF702P	11159
chr19	56050122	56120515	ENSG00000242779[3,3,13]	0	-	56050122	56050122	0	4	3253,81,272,179,	0,13299,18975,70214,	chr19	56068974	56076049	ZNF702P-211|transcribed_processed_pseudogene	0	-	ZNF702P	7075
chr19	56050122	56120515	ENSG00000242779[3,3,13]	0	-	56050122	56050122	0	4	3253,81,272,179,	0,13299,18975,70214,	chr19	56049428	56063995	ZNF702P-214|transcribed_processed_pseudogene	0	-	ZNF702P	13873
chr19	56050122	56076104	ENSG00000242779[6,12,13]	0	-	56050122	56050122	0	5	3253,81,272,118,102,	0,13299,18975,22493,25880,	chr19	56052915	56064074	ZNF702P-207|transcribed_processed_pseudogene	0	-	ZNF702P	11159
chr19	56050122	56076104	ENSG00000242779[6,12,13]	0	-	56050122	56050122	0	5	3253,81,272,118,102,	0,13299,18975,22493,25880,	chr19	56068974	56076049	ZNF702P-211|transcribed_processed_pseudogene	0	-	ZNF702P	7075
chr19	56050122	56076104	ENSG00000242779[6,12,13]	0	-	56050122	56050122	0	5	3253,81,272,118,102,	0,13299,18975,22493,25880,	chr19	56069088	56076054	ZNF702P-204|transcribed_processed_pseudogene	0	-	ZNF702P	6966
chr19	56050122	56076104	ENSG00000242779[6,12,13]	0	-	56050122	56050122	0	5	3253,81,272,118,102,	0,13299,18975,22493,25880,	chr19	56049428	56063995	ZNF702P-214|transcribed_processed_pseudogene	0	-	ZNF702P	13873
chr19	56050122	56076104	ENSG00000242779[6,8,13]	0	-	56050122	56050122	0	4	3253,81,272,102,	0,13299,18975,25880,	chr19	56052915	56064074	ZNF702P-207|transcribed_processed_pseudogene	0	-	ZNF702P	11159
chr19	56050122	56076104	ENSG00000242779[6,8,13]	0	-	56050122	56050122	0	4	3253,81,272,102,	0,13299,18975,25880,	chr19	56068974	56076049	ZNF702P-211|transcribed_processed_pseudogene	0	-	ZNF702P	7075
chr19	56050122	56076104	ENSG00000242779[6,8,13]	0	-	56050122	56050122	0	4	3253,81,272,102,	0,13299,18975,25880,	chr19	56069088	56076054	ZNF702P-204|transcribed_processed_pseudogene	0	-	ZNF702P	6966
chr19	56050122	56076104	ENSG00000242779[6,8,13]	0	-	56050122	56050122	0	4	3253,81,272,102,	0,13299,18975,25880,	chr19	56049428	56063995	ZNF702P-214|transcribed_processed_pseudogene	0	-	ZNF702P	13873
chr19	56050733	56120515	ENSG00000242779[3,15,5]	0	-	56050733	56050733	255	4	2642,81,272,224,	0,12688,18364,69558,	chr19	56052915	56064074	ZNF702P-207|transcribed_processed_pseudogene	0	-	ZNF702P	11159
chr19	56050733	56120515	ENSG00000242779[3,15,5]	0	-	56050733	56050733	255	4	2642,81,272,224,	0,12688,18364,69558,	chr19	56068974	56076049	ZNF702P-211|transcribed_processed_pseudogene	0	-	ZNF702P	7075
chr19	56050733	56120515	ENSG00000242779[3,15,5]	0	-	56050733	56050733	255	4	2642,81,272,224,	0,12688,18364,69558,	chr19	56049428	56063995	ZNF702P-214|transcribed_processed_pseudogene	0	-	ZNF702P	13262
chr19	56050733	56120515	ENSG00000242779[3,3,5]	0	-	56050733	56050733	0	4	2642,81,272,179,	0,12688,18364,69603,	chr19	56052915	56064074	ZNF702P-207|transcribed_processed_pseudogene	0	-	ZNF702P	11159
chr19	56050733	56120515	ENSG00000242779[3,3,5]	0	-	56050733	56050733	0	4	2642,81,272,179,	0,12688,18364,69603,	chr19	56068974	56076049	ZNF702P-211|transcribed_processed_pseudogene	0	-	ZNF702P	7075
chr19	56050733	56120515	ENSG00000242779[3,3,5]	0	-	56050733	56050733	0	4	2642,81,272,179,	0,12688,18364,69603,	chr19	56049428	56063995	ZNF702P-214|transcribed_processed_pseudogene	0	-	ZNF702P	13262
chr19	56050733	56076104	ENSG00000242779[6,12,5]	0	-	56050733	56050733	0	5	2642,81,272,118,102,	0,12688,18364,21882,25269,	chr19	56052915	56064074	ZNF702P-207|transcribed_processed_pseudogene	0	-	ZNF702P	11159
chr19	56050733	56076104	ENSG00000242779[6,12,5]	0	-	56050733	56050733	0	5	2642,81,272,118,102,	0,12688,18364,21882,25269,	chr19	56068974	56076049	ZNF702P-211|transcribed_processed_pseudogene	0	-	ZNF702P	7075
chr19	56050733	56076104	ENSG00000242779[6,12,5]	0	-	56050733	56050733	0	5	2642,81,272,118,102,	0,12688,18364,21882,25269,	chr19	56069088	56076054	ZNF702P-204|transcribed_processed_pseudogene	0	-	ZNF702P	6966
chr19	56050733	56076104	ENSG00000242779[6,12,5]	0	-	56050733	56050733	0	5	2642,81,272,118,102,	0,12688,18364,21882,25269,	chr19	56049428	56063995	ZNF702P-214|transcribed_processed_pseudogene	0	-	ZNF702P	13262
chr19	56050733	56076104	ENSG00000242779[6,8,5]	0	-	56050733	56050733	0	4	2642,81,272,102,	0,12688,18364,25269,	chr19	56052915	56064074	ZNF702P-207|transcribed_processed_pseudogene	0	-	ZNF702P	11159
chr19	56050733	56076104	ENSG00000242779[6,8,5]	0	-	56050733	56050733	0	4	2642,81,272,102,	0,12688,18364,25269,	chr19	56068974	56076049	ZNF702P-211|transcribed_processed_pseudogene	0	-	ZNF702P	7075
chr19	56050733	56076104	ENSG00000242779[6,8,5]	0	-	56050733	56050733	0	4	2642,81,272,102,	0,12688,18364,25269,	chr19	56069088	56076054	ZNF702P-204|transcribed_processed_pseudogene	0	-	ZNF702P	6966
chr19	56050733	56076104	ENSG00000242779[6,8,5]	0	-	56050733	56050733	0	4	2642,81,272,102,	0,12688,18364,25269,	chr19	56049428	56063995	ZNF702P-214|transcribed_processed_pseudogene	0	-	ZNF702P	13262
chr19	56053244	56076104	ENSG00000242779[6,12,6]	0	-	56053244	56053244	0	5	131,81,272,118,102,	0,10177,15853,19371,22758,	chr19	56052915	56064074	ZNF702P-207|transcribed_processed_pseudogene	0	-	ZNF702P	10830
chr19	56053244	56076104	ENSG00000242779[6,12,6]	0	-	56053244	56053244	0	5	131,81,272,118,102,	0,10177,15853,19371,22758,	chr19	56068974	56076049	ZNF702P-211|transcribed_processed_pseudogene	0	-	ZNF702P	7075
chr19	56053244	56076104	ENSG00000242779[6,12,6]	0	-	56053244	56053244	0	5	131,81,272,118,102,	0,10177,15853,19371,22758,	chr19	56069088	56076054	ZNF702P-204|transcribed_processed_pseudogene	0	-	ZNF702P	6966
chr19	56053244	56076104	ENSG00000242779[6,12,6]	0	-	56053244	56053244	0	5	131,81,272,118,102,	0,10177,15853,19371,22758,	chr19	56049428	56063995	ZNF702P-214|transcribed_processed_pseudogene	0	-	ZNF702P	10751
chr19	56057855	56076104	ENSG00000242779[6,9,8]	0	-	56057855	56057855	0	4	478,81,272,102,	0,5566,11242,18147,	chr19	56052915	56064074	ZNF702P-207|transcribed_processed_pseudogene	0	-	ZNF702P	6219
chr19	56057855	56076104	ENSG00000242779[6,9,8]	0	-	56057855	56057855	0	4	478,81,272,102,	0,5566,11242,18147,	chr19	56068974	56076049	ZNF702P-211|transcribed_processed_pseudogene	0	-	ZNF702P	7075
chr19	56057855	56076104	ENSG00000242779[6,9,8]	0	-	56057855	56057855	0	4	478,81,272,102,	0,5566,11242,18147,	chr19	56069088	56076054	ZNF702P-204|transcribed_processed_pseudogene	0	-	ZNF702P	6966
chr19	56057855	56076104	ENSG00000242779[6,9,8]	0	-	56057855	56057855	0	4	478,81,272,102,	0,5566,11242,18147,	chr19	56049428	56063995	ZNF702P-214|transcribed_processed_pseudogene	0	-	ZNF702P	6140
chr19	56068924	56076104	ENSG00000242779[6,11,11]	0	-	56068924	56068924	0	3	445,118,102,	0,3691,7078,	chr19	56068974	56076049	ZNF702P-211|transcribed_processed_pseudogene	0	-	ZNF702P	7075
chr19	56068924	56076104	ENSG00000242779[6,11,11]	0	-	56068924	56068924	0	3	445,118,102,	0,3691,7078,	chr19	56069088	56076054	ZNF702P-204|transcribed_processed_pseudogene	0	-	ZNF702P	6966
chr19	56851930	56852805	ENSG00000229000[1,1,1]	0	-	56851930	56851930	0	1	875,	0,	chr19	56851980	56852755	retro_human_2033|SEPTIN7P8-201|processed_pseudogene	0	-	SEPTIN7P8	775
chr20	4054811	4055439	ENSG00000226608[1,1,1]	0	+	4054811	4054811	0	1	628,	0,	chr20	4054861	4055389	retro_human_4795|FTLP3-201|processed_pseudogene	0	+	FTLP3	528
chr20	4668612	4669505	ENSG00000226948[1,1,2]	0	-	4668612	4668612	0	1	893,	0,	chr20	4668662	4669455	retro_human_5876|RPS4XP2-201|transcribed_processed_pseudogene	0	-	RPS4XP2	793
chr20	5333320	5333864	ENSG00000225022[1,1,1]	0	-	5333320	5333320	0	1	544,	0,	chr20	5333370	5333814	retro_human_2197|UBE2D3P1-201|processed_pseudogene	0	-	UBE2D3P1	444
chr20	5573507	5574065	ENSG00000225831[1,1,1]	0	+	5573507	5573507	0	1	558,	0,	chr20	5573557	5574015	retro_human_2004|RPS18P1-201|processed_pseudogene	0	+	RPS18P1	458
chr20	5968370	5969704	ENSG00000215589[1,1,1]	0	-	5968370	5968370	0	1	1334,	0,	chr20	5968420	5969654	retro_human_2198|KANK1P1-201|processed_pseudogene	0	-	KANK1P1	1234
chr20	8973005	8973249	ENSG00000228438[1,1,1]	0	-	8973005	8973005	0	1	244,	0,	chr20	8973055	8973199	retro_human_7637|AL445567.1-201|processed_pseudogene	0	-	intergenic	144
chr20	18063045	18063475	ENSG00000218902[1,1,1]	0	+	18063045	18063045	0	1	430,	0,	chr20	18063095	18063425	PTMAP3-201|processed_pseudogene	0	+	PTMAP3	330
chr20	18555637	18556171	ENSG00000214612[1,1,1]	0	+	18555637	18555637	0	1	534,	0,	chr20	18555687	18556121	retro_human_4760|RPS19P1-201|processed_pseudogene	0	+	RPS19P1	434
chr20	18834226	18835593	ENSG00000233324[1,1,1]	0	-	18834226	18834226	0	1	1367,	0,	chr20	18834276	18835543	retro_human_11106|EEF1A1P34-201|processed_pseudogene	0	-	EEF1A1P34	1267
chr20	21812228	21812409	ENSG00000227063[1,1,1]	0	+	21812228	21812228	0	1	181,	0,	chr20	21812278	21812359	RPL41P1-201|processed_pseudogene	0	+	RPL41P1	81
chr20	22945093	22945592	ENSG00000213882[1,1,1]	0	-	22945093	22945093	0	1	499,	0,	chr20	22945143	22945542	retro_human_3785|CYB5AP4-201|processed_pseudogene	0	-	intergenic	399
chr20	33533060	33533407	ENSG00000230801[1,1,1]	0	-	33533060	33533060	0	1	347,	0,	chr20	33533110	33533357	retro_human_4198|AL160175.1-201|processed_pseudogene	0	-	intergenic	247
chr20	33910349	33914333	ENSG00000235217[1,1,1]	0	-	33910349	33910349	0	1	3984,	0,	chr20	33913124	33914450	TSPY26P-201|transcribed_processed_pseudogene	0	-	TSPY26P	1209
chr20	33911895	33914333	ENSG00000235217[1,1,3]	0	-	33911895	33911895	0	1	2438,	0,	chr20	33913124	33914450	TSPY26P-201|transcribed_processed_pseudogene	0	-	TSPY26P	1209
chr20	33913074	33914500	ENSG00000235217[2,1,2]	0	-	33913074	33913074	0	1	1426,	0,	chr20	33913124	33914450	TSPY26P-201|transcribed_processed_pseudogene	0	-	TSPY26P	1326
chr20	44964744	44965345	ENSG00000226038[1,1,1]	0	+	44964744	44964744	0	1	601,	0,	chr20	44964794	44965295	retro_human_1752|PPIAP21-201|processed_pseudogene	0	+	PPIAP21	501
chr20	45156390	45156833	ENSG00000233711[1,1,1]	0	-	45156390	45156390	0	1	443,	0,	chr20	45156440	45156783	retro_human_10498|EIF4EBP2P1-201|processed_pseudogene	0	-	EIF4EBP2P1	343
chr20	46202279	46202658	ENSG00000226243[1,1,1]	0	-	46202279	46202279	0	1	379,	0,	chr20	46202329	46202608	retro_human_5001|RPL37AP1-201|processed_pseudogene	0	-	RPL37AP1	279
chr20	47376484	47377469	ENSG00000235508[1,1,1]	0	-	47376484	47376484	0	1	985,	0,	chr20	47376534	47377419	retro_human_5005|RPS2P7-201|processed_pseudogene	0	-	RPS2P7	885
chr20	48192008	48193243	ENSG00000215452[1,1,2]	0	-	48192008	48192008	0	1	1235,	0,	chr20	48192110	48192565	retro_human_10908	0	-	intergenic	455
chr20	51499091	51499443	ENSG00000231878[1,1,1]	0	-	51499091	51499091	0	1	352,	0,	chr20	51499141	51499393	retro_human_5405|SNRPFP1-201|processed_pseudogene	0	-	SNRPFP1	252
chr20	51726166	51727554	ENSG00000229222[1,1,1]	0	+	51726166	51726166	0	1	1388,	0,	chr20	51726216	51727504	retro_human_8800|KRT18P4-201|processed_pseudogene	0	+	KRT18P4	1288
chr20	55648571	55648978	ENSG00000241721[1,1,1]	0	-	55648571	55648571	0	1	407,	0,	chr20	55648622	55648928	retro_human_5402|SUMO1P1-201|processed_pseudogene	0	-	SUMO1P1	306
chr20	56849334	56849925	ENSG00000185834[1,1,1]	0	+	56849334	56849334	0	1	591,	0,	chr20	56849384	56849881	retro_human_7646|RPL12P4-201|processed_pseudogene	0	+	RPL12P4	497
chr20	59266156	59266892	ENSG00000124097[2,2,2]	0	-	59266156	59266156	0	1	736,	0,	chr20	59266206	59266842	retro_human_9497|HMGB1P1-201|processed_pseudogene	0	-	HMGB1P1	636
chr20	64371147	64371961	ENSG00000226094[1,1,1]	0	+	64371147	64371147	0	1	814,	0,	chr20	64371197	64371911	retro_human_897|RPL7P3-201|processed_pseudogene	0	+	RPL7P3	714
chr21	9125483	9125882	ENSG00000279864[2,1,1]	0	+	9125483	9125483	0	1	399,	0,	chr21	9125533	9125719	NCOR1P4-201|transcribed_processed_pseudogene	0	+	NCOR1P4	186
chr21	15855724	15855970	ENSG00000226580[1,1,1]	0	-	15855724	15855724	0	1	246,	0,	chr21	15855774	15855920	retro_human_8511|RPL39P40-201|processed_pseudogene	0	-	RPL39P40	146
chr21	17217367	17217965	ENSG00000198618[1,1,1]	0	+	17217367	17217367	0	1	598,	0,	chr21	17217417	17217915	retro_human_3505|PPIAP22-201|processed_pseudogene	0	+	PPIAP22	498
chr21	18100069	18100611	ENSG00000229336[1,1,1]	0	+	18100069	18100069	0	1	542,	0,	chr21	18100119	18100561	retro_human_3499|SREK1IP1P1-201|processed_pseudogene	0	+	SREK1IP1P1	442
chr21	23719629	23720342	ENSG00000213885[1,1,1]	0	+	23719629	23719629	0	1	713,	0,	chr21	23719679	23720292	retro_human_7174|RPL13AP7-201|transcribed_processed_pseudogene	0	+	RPL13AP7	613
chr21	25779062	25779806	ENSG00000217026[1,1,1]	0	-	25779062	25779062	0	1	744,	0,	chr21	25779112	25779756	retro_human_8848|RPL10P1-201|processed_pseudogene	0	-	RPL10P1	644
chr21	27360276	27360797	ENSG00000176054[1,1,1]	0	-	27360276	27360276	0	1	521,	0,	chr21	27360326	27360747	retro_human_8847|RPL23P2-201|processed_pseudogene	0	-	RPL23P2	421
chr21	30208563	30209181	ENSG00000234107[1,1,1]	0	+	30208563	30208563	0	1	618,	0,	chr21	30208613	30209131	retro_human_3584|TPT1P1-201|processed_pseudogene	0	+	TPT1P1	518
chr21	31863361	31864077	ENSG00000215088[1,1,1]	0	-	31863361	31863361	0	1	716,	0,	chr21	31863411	31864027	retro_human_10461|RPS5P3-201|processed_pseudogene	0	-	RPS5P3	616
chr21	34270189	34270902	ENSG00000234008[1,1,1]	0	+	34270189	34270189	0	1	713,	0,	chr21	34270239	34270852	retro_human_9375|PPP1R2P2-201|processed_pseudogene	0	+	PPP1R2P2	613
chr21	34513465	34514453	ENSG00000226054[1,1,1]	0	+	34513465	34513465	0	1	988,	0,	chr21	34513515	34514403	retro_human_9429|MEMO1P1-201|processed_pseudogene	0	+	MEMO1P1	888
chr21	34677676	34678306	ENSG00000214867[1,1,1]	0	-	34677676	34677676	0	1	630,	0,	chr21	34677726	34678256	retro_human_9379|SRSF9P1-201|processed_pseudogene	0	-	SRSF9P1	530
chr21	35376807	35377340	ENSG00000215734[1,1,1]	0	+	35376807	35376807	0	1	533,	0,	chr21	35376857	35377290	retro_human_2901|MRPL20P1-201|processed_pseudogene	0	+	MRPL20P1	433
chr21	37512142	37512715	ENSG00000228861[1,1,1]	0	+	37512142	37512142	0	1	573,	0,	chr21	37512192	37512665	retro_human_7674|RPL23AP12-201|processed_pseudogene	0	+	RPL23AP12	473
chr22	15924575	15925252	ENSG00000236097[1,1,1]	0	+	15924575	15924575	0	1	677,	0,	chr22	15924625	15925202	retro_human_5722|BNIP3P2-1|processed_pseudogene	0	+	BNIP3P2	577
chr22	16400430	16401152	ENSG00000271672[1,1,1]	0	+	16400430	16400430	0	1	722,	0,	chr22	16400480	16401102	retro_human_6932|DUXAP8-210|transcribed_processed_pseudogene	0	+	DUXAP8	622
chr22	17553198	17553649	ENSG00000237358[1,1,1]	0	-	17553198	17553198	0	1	451,	0,	chr22	17553248	17553599	AC007064.1-201|processed_pseudogene	0	-	intergenic	351
chr22	21061385	21063506	ENSG00000238125[1,1,1]	0	+	21061385	21061385	0	1	2121,	0,	chr22	21061435	21063456	retro_human_8106|SLC9A3P2-201|processed_pseudogene	0	+	SLC9A3P2	2021
chr22	21076500	21079749	ENSG00000229107[1,1,1]	0	-	21076500	21076500	0	2	435,574,	0,2675,	chr22	21076550	21079699	retro_human_8877|ABHD17AP4-201|processed_pseudogene	0	-	ABHD17AP4	3149
chr22	22298745	22299237	ENSG00000225544[1,1,1]	0	-	22298745	22298745	0	1	492,	0,	chr22	22298795	22299187	AC245452.1-201|processed_pseudogene	0	-	intergenic	392
chr22	23881079	23883634	ENSG00000227755[2,3,2]	0	+	23881079	23881079	0	2	155,531,	0,2024,	chr22	23881129	23883584	AP000344.1-202|transcribed_processed_pseudogene	0	+	intergenic	2455
chr22	23881079	23883634	ENSG00000227755[2,3,2]	0	+	23881079	23881079	0	2	155,531,	0,2024,	chr22	23869351	23883539	AP000344.1-201|transcribed_processed_pseudogene	0	+	intergenic	2460
chr22	25173690	25174019	ENSG00000182351[1,1,1]	0	+	25173690	25173690	0	1	329,	0,	chr22	25173740	25173969	retro_human_1629|CRIP1P4-201|processed_pseudogene	0	+	CRIP1P4	229
chr22	36881388	36881860	ENSG00000237668[1,1,1]	0	-	36881388	36881388	0	1	472,	0,	chr22	36881438	36881810	retro_human_2632|RPS15AP38-201|processed_pseudogene	0	-	RPS15AP38	372
chr22	39590599	39590973	ENSG00000226024[1,1,1]	0	-	39590599	39590599	0	1	374,	0,	chr22	39590649	39590923	retro_human_1640|COX5BP7-201|processed_pseudogene	0	-	COX5BP7	274
chr22	41145398	41146466	ENSG00000231907[1,1,1]	0	-	41145398	41145398	0	1	1068,	0,	chr22	41145448	41146416	retro_human_7733|GAPDHP37-201|processed_pseudogene	0	-	GAPDHP37	968
chr22	42611988	42612544	ENSG00000227370[1,1,1]	0	+	42611988	42611988	0	1	556,	0,	chr22	42612038	42612494	retro_human_1634|AC254562.1-201|processed_pseudogene	0	+	intergenic	456
chr22	43257297	43258288	ENSG00000234009[1,1,1]	0	-	43257297	43257297	0	1	991,	0,	chr22	43257347	43258238	retro_human_2277|RPL5P34-201|processed_pseudogene	0	-	RPL5P34	891
