kategoria,transkrypt,gc_5prime,gc_overall,dlugosc
INTERGENIC,"ENSG00000230021[8,12,3]|retro_human_9205|CICP3-201|processed_pseudogene|chr1:146488-151124(-)",0.6,0.5289256198347108,484
INTERGENIC,"ENSG00000223663[1,1,1]|retro_human_7358|NDUFB4P8-201|processed_pseudogene|chr1:809162-809629(+)",0.57,0.4689507494646681,467
INTERGENIC,"ENSG00000224904[1,1,1]|retro_human_7777|SBF1P2-201|processed_pseudogene|chr1:11421822-11424559(+)",0.6,0.6170990135184509,2737
INTERGENIC,"ENSG00000235084[1,1,1]|retro_human_8340|CHCHD2P6-201|processed_pseudogene|chr1:15049257-15049804(+)",0.71,0.5923217550274223,547
INTERGENIC,"ENSG00000236500[1,1,1]|retro_human_336|CD24P1-201|processed_pseudogene|chr1:15059304-15059629(-)",0.57,0.47692307692307695,325
INTERGENIC,"ENSG00000233929[1,1,1]|retro_human_338|MT1XP1-201|processed_pseudogene|chr1:15682495-15682781(-)",0.59,0.5664335664335665,286
INTERGENIC,"ENSG00000236698[1,1,1]|retro_human_341|EIF1AXP1-201|processed_pseudogene|chr1:16401182-16401717(-)",0.56,0.4074766355140187,535
INTERGENIC,"ENSG00000225478[1,1,1]|AL031737.1-201|processed_pseudogene|chr1:18415442-18415765(+)",0.4,0.38390092879256965,323
INTERGENIC,"ENSG00000214973[1,1,1]|retro_human_5477|CHCHD3P3-201|processed_pseudogene|chr1:27042009-27042749(-)",0.68,0.5108108108108108,740
INTERGENIC,"ENSG00000228589[1,1,1]|retro_human_10996|SPCS2P4-201|processed_pseudogene|chr1:27937524-27938305(-)",0.58,0.45966709346991036,781
INTERGENIC,"ENSG00000224333[1,1,1]|retro_human_4221|GAPDHP20-201|processed_pseudogene|chr1:32259974-32261081(-)",0.48,0.4986449864498645,1107
INTERGENIC,"ENSG00000226745[1,1,1]|retro_human_11102|OAZ1P1-201|processed_pseudogene|chr1:40002176-40002961(+)",0.6,0.6114649681528662,785
INTERGENIC,"ENSG00000234093[1,1,1]|retro_human_6703|RPS15AP11-201|processed_pseudogene|chr1:44651273-44651758(-)",0.58,0.4639175257731959,485
INTERGENIC,"ENSG00000226499[1,1,1]|AL136380.1-201|processed_pseudogene|chr1:44715105-44715367(-)",0.51,0.46564885496183206,262
INTERGENIC,"ENSG00000224680[1,1,1]|retro_human_5996|PLA2G12AP1-201|processed_pseudogene|chr1:52250091-52250759(+)",0.8,0.5254491017964071,668
INTERGENIC,"ENSG00000236290[1,1,1]|retro_human_5989|EEF1GP7-201|processed_pseudogene|chr1:52454533-52455336(+)",0.44,0.4806973848069738,803
INTERGENIC,"ENSG00000236253[1,1,2]|SLC25A3P1-201|transcribed_processed_pseudogene|chr1:53320557-53321589(-)",0.73,0.6501937984496124,1032
INTERGENIC,"ENSG00000236253[1,1,2]|SLC25A3P1-202|transcribed_processed_pseudogene|chr1:53320557-53321589(-)",0.73,0.6501937984496124,1032
INTERGENIC,"ENSG00000219102[1,1,1]|retro_human_6468|HNRNPA3P12-201|processed_pseudogene|chr1:53857827-53858990(-)",0.63,0.4514187446259673,1163
INTERGENIC,"ENSG00000225475[1,1,1]|AC099789.1-201|processed_pseudogene|chr1:56498222-56498465(-)",0.42,0.41975308641975306,243
INTERGENIC,"ENSG00000270209[1,1,1]|AL035411.2-201|processed_pseudogene|chr1:58430826-58431347(-)",0.38,0.40307101727447214,521
INTERGENIC,"ENSG00000238139[1,1,1]|AL590559.1-201|processed_pseudogene|chr1:67438560-67439034(+)",0.45,0.5147679324894515,474
INTERGENIC,"ENSG00000226324[1,1,1]|retro_human_8970|AL358453.1-201|processed_pseudogene|chr1:71244763-71245113(-)",0.56,0.5057142857142857,350
INTERGENIC,"ENSG00000226415[1,1,1]|retro_human_6606|TPI1P1-201|processed_pseudogene|chr1:76537373-76538223(+)",0.57,0.5682352941176471,850
INTERGENIC,"ENSG00000236407[1,1,1]|retro_human_1197|HMGB1P18-201|processed_pseudogene|chr1:80120972-80121691(+)",0.48,0.4047287899860918,719
INTERGENIC,"ENSG00000234518[1,1,1]|retro_human_1829|PTGES3P1-201|processed_pseudogene|chr1:88947587-88948170(-)",0.61,0.3927958833619211,583
INTERGENIC,"ENSG00000228175[1,1,1]|retro_human_109|GEMIN8P4-201|processed_pseudogene|chr1:89836764-89837593(-)",0.52,0.5464414957780458,829
INTERGENIC,"ENSG00000232393[1,1,1]|retro_human_6206|RPL5P6-201|processed_pseudogene|chr1:90868487-90869473(+)",0.44,0.43204868154158216,986
INTERGENIC,"ENSG00000223490[1,1,1]|CHCHD2P5-201|processed_pseudogene|chr1:93769478-93769978(-)",0.6,0.518,500
INTERGENIC,"ENSG00000137970[1,1,1]|retro_human_10319|RPL7P9-201|processed_pseudogene|chr1:96526957-96527804(-)",0.45,0.42621015348288077,847
INTERGENIC,"ENSG00000226483[1,1,1]|retro_human_5372|AL392088.1-201|processed_pseudogene|chr1:108541679-108542445(+)",0.32,0.43342036553524804,766
INTERGENIC,"ENSG00000235045[1,1,1]|retro_human_35|RPL7P8-201|processed_pseudogene|chr1:109679810-109680640(+)",0.44,0.40963855421686746,830
INTERGENIC,"ENSG00000224927[1,1,1]|retro_human_7083|NDUFA5P10-201|processed_pseudogene|chr1:109820735-109821192(-)",0.47,0.4048140043763676,457
INTERGENIC,"ENSG00000236012[1,1,1]|retro_human_4569|HIGD1AP12-201|processed_pseudogene|chr1:111394923-111395304(+)",0.47,0.4304461942257218,381
INTERGENIC,"ENSG00000233337[1,1,1]|retro_human_8213|UBE2FP3-201|processed_pseudogene|chr1:111452147-111452771(+)",0.49,0.38461538461538464,624
INTERGENIC,"ENSG00000232185[1,1,1]|retro_human_2739|CNOT7P2-201|processed_pseudogene|chr1:115575696-115576628(+)",0.48,0.40772532188841204,932
INTERGENIC,"ENSG00000228217[1,1,1]|PNRC2P1-201|processed_pseudogene|chr1:117787258-117787778(-)",0.45,0.38846153846153847,520
INTERGENIC,"ENSG00000226126[1,1,1]|retro_human_856|PSMC1P12-201|processed_pseudogene|chr1:118627493-118628907(-)",0.44,0.4243281471004243,1414
INTERGENIC,"ENSG00000233432[1,1,1]|retro_human_1733|MTIF2P1-201|processed_pseudogene|chr1:121511661-121513309(+)",0.36,0.37985436893203883,1648
INTERGENIC,"ENSG00000242352[1,1,1]|retro_human_2142|FAM91A3P-201|transcribed_processed_pseudogene|chr1:142838601-142841245(+)",0.67,0.4239788199697428,2644
INTERGENIC,"ENSG00000235988[1,1,1]|AC245100.5-201|processed_pseudogene|chr1:146489311-146489742(+)",0.34,0.5939675174013921,431
INTERGENIC,"ENSG00000237842[1,1,1]|retro_human_3832|SMU1P1-201|processed_pseudogene|chr1:156195995-156197626(-)",0.46,0.44083384426732064,1631
INTERGENIC,"ENSG00000224520[1,1,1]|retro_human_183|KRT8P45-201|processed_pseudogene|chr1:156210022-156211570(+)",0.6,0.5910852713178295,1548
INTERGENIC,"ENSG00000227425[1,1,1]|retro_human_181|MRPS21P2-201|processed_pseudogene|chr1:156998213-156998577(+)",0.51,0.489010989010989,364
INTERGENIC,"ENSG00000213075[1,1,2]|retro_human_5977|RPL31P11-201|transcribed_processed_pseudogene|chr1:161029106-161029621(-)",0.49,0.4601941747572815,515
INTERGENIC,"ENSG00000213075[1,1,2]|RPL31P11-202|transcribed_processed_pseudogene|chr1:161029106-161029621(-)",0.49,0.4601941747572815,515
INTERGENIC,"ENSG00000213070[1,1,1]|retro_human_8960|HMGB3P6-201|processed_pseudogene|chr1:163702501-163703199(+)",0.55,0.4584527220630373,698
INTERGENIC,"ENSG00000232341[1,1,1]|retro_human_3470|RPL4P2-201|processed_pseudogene|chr1:166093169-166094550(+)",0.57,0.46053584359160027,1381
INTERGENIC,"ENSG00000237049[1,1,1]|retro_human_1754|RPL34P1-201|processed_pseudogene|chr1:167562072-167562526(+)",0.41,0.41629955947136565,454
INTERGENIC,"ENSG00000230364[1,1,1]|retro_human_1899|RPL4P3-201|processed_pseudogene|chr1:171039543-171040954(-)",0.57,0.45357902197023386,1411
INTERGENIC,"ENSG00000230777[1,1,1]|retro_human_4076|RPS29P5-201|processed_pseudogene|chr1:175277246-175277517(+)",0.52,0.4797047970479705,271
INTERGENIC,"ENSG00000231684[1,1,1]|retro_human_5502|EIF1P3-201|processed_pseudogene|chr1:181695520-181695954(+)",0.53,0.4539170506912442,434
INTERGENIC,"ENSG00000228238[1,1,1]|retro_human_6966|AL096803.1-201|processed_pseudogene|chr1:185933017-185934138(+)",0.5,0.4433541480820696,1121
INTERGENIC,"ENSG00000228020[1,1,1]|retro_human_5863|HNRNPA1P46-201|processed_pseudogene|chr1:190492387-190493424(-)",0.47,0.4503375120540019,1037
INTERGENIC,"ENSG00000231333[1,1,1]|retro_human_3648|RPL34P6-201|processed_pseudogene|chr1:200120733-200121178(+)",0.45,0.41123595505617977,445
INTERGENIC,"ENSG00000236523[1,1,1]|retro_human_9117|NPM1P40-201|processed_pseudogene|chr1:202518473-202519304(+)",0.39,0.3971119133574007,831
INTERGENIC,"ENSG00000232917[1,1,1]|retro_human_5485|HSPE1P6-201|processed_pseudogene|chr1:203167628-203168019(-)",0.47,0.42455242966751916,391
INTERGENIC,"ENSG00000238137[1,1,1]|retro_human_2837|ARPC3P2-201|processed_pseudogene|chr1:210687843-210688476(+)",0.45,0.42496050552922593,633
INTERGENIC,"ENSG00000235182[1,1,1]|AC104333.1-201|processed_pseudogene|chr1:212098209-212098455(+)",0.29,0.3252032520325203,246
INTERGENIC,"ENSG00000227613[1,1,1]|retro_human_4043|QRSL1P2-201|processed_pseudogene|chr1:221495756-221496820(-)",0.39,0.3919172932330827,1064
INTERGENIC,"ENSG00000188460[1,1,1]|retro_human_1299|ACTBP11-201|processed_pseudogene|chr1:223053403-223054629(-)",0.63,0.5766721044045677,1226
INTERGENIC,"ENSG00000229367[1,1,1]|retro_human_2071|HMGN2P19-201|processed_pseudogene|chr1:228949235-228949600(+)",0.61,0.5205479452054794,365
INTERGENIC,"ENSG00000233018[1,1,1]|retro_human_5729|AL732292.1-201|processed_pseudogene|chr1:234488863-234489189(-)",0.5,0.5122699386503068,326
INTERGENIC,"ENSG00000230199[1,1,1]|AL603825.1-201|processed_pseudogene|chr1:242386024-242386204(+)",0.56,0.5388888888888889,180
INTERGENIC,"ENSG00000225401[1,1,1]|retro_human_4845|TGIF2P1-201|processed_pseudogene|chr1:243811315-243812100(-)",0.6,0.5936305732484076,785
INTERGENIC,"ENSG00000226164[1,1,1]|FGFR3P6-201|processed_pseudogene|chr1:246551987-246552697(+)",0.62,0.5957746478873239,710
INTERGENIC,"ENSG00000224014[1,1,1]|retro_human_130|AL390728.3-201|processed_pseudogene|chr1:246608262-246608632(+)",0.38,0.4702702702702703,370
INTERGENIC,"ENSG00000233084[1,1,1]|retro_human_4465|RPL23AP25-201|processed_pseudogene|chr1:248375151-248375714(+)",0.39,0.46536412078152756,563
INTERGENIC,"ENSG00000213403[1,1,1]|retro_human_7359|CISD1P1-201|processed_pseudogene|chr2:19859761-19860188(+)",0.5,0.4215456674473068,427
INTERGENIC,"ENSG00000235411[1,1,1]|retro_human_5692|DRG1P1-201|processed_pseudogene|chr2:20273380-20274635(-)",0.58,0.4613545816733068,1255
INTERGENIC,"ENSG00000225024[1,1,1]|retro_human_325|RPL37P11-201|processed_pseudogene|chr2:26717273-26717665(-)",0.47,0.4336734693877551,392
INTERGENIC,"ENSG00000237007[1,1,1]|retro_human_3107|KRT18P52-201|processed_pseudogene|chr2:31868910-31871896(-)",0.46,0.485934360348292,2986
INTERGENIC,"ENSG00000237007[1,1,1]|retro_human_6102|KRT18P52-201|processed_pseudogene|chr2:31868910-31871896(-)",0.46,0.485934360348292,2986
INTERGENIC,"ENSG00000271443[2,2,2]|retro_human_10337|AC011247.2-201|transcribed_processed_pseudogene|chr2:38542428-38543210(-)",0.74,0.6268656716417911,670
INTERGENIC,"ENSG00000271443[2,2,2]|AC011247.2-202|transcribed_processed_pseudogene|chr2:38542428-38543210(-)",0.74,0.6268656716417911,670
INTERGENIC,"ENSG00000271115[1,1,1]|retro_human_3162|EIF2S2P7-201|processed_pseudogene|chr2:57045308-57046395(-)",0.47,0.38546458141674333,1087
INTERGENIC,"ENSG00000233426[1,1,1]|retro_human_8545|EIF3FP3-201|processed_pseudogene|chr2:58256218-58257404(+)",0.51,0.5480607082630692,1186
INTERGENIC,"ENSG00000237522[1,1,1]|retro_human_9440|NONOP2-201|processed_pseudogene|chr2:60942604-60943935(-)",0.56,0.48159278737791134,1331
INTERGENIC,"ENSG00000232713[1,1,1]|retro_human_9439|RPS12P3-201|processed_pseudogene|chr2:60943989-60944488(-)",0.56,0.4749498997995992,499
INTERGENIC,"ENSG00000242735[1,1,1]|retro_human_5408|RPSAP26-201|processed_pseudogene|chr2:62152589-62153430(+)",0.5,0.5196195005945303,841
INTERGENIC,"ENSG00000227791[1,1,1]|retro_human_9108|RPS10P9-201|processed_pseudogene|chr2:64674995-64675553(+)",0.46,0.5232974910394266,558
INTERGENIC,"ENSG00000273763[1,1,1]|AC007318.1-202|transcribed_processed_pseudogene|chr2:65213121-65213533(-)",0.43,0.40048543689320387,412
INTERGENIC,"ENSG00000172974[1,1,1]|retro_human_10945|VDAC2P5-201|processed_pseudogene|chr2:65214727-65215708(+)",0.66,0.46279306829765543,981
INTERGENIC,"ENSG00000214533[1,1,1]|retro_human_8955|KRT18P33-201|processed_pseudogene|chr2:65677444-65678587(+)",0.6,0.5503062117235346,1143
INTERGENIC,"ENSG00000236259[1,1,1]|retro_human_8954|PPIAP64-201|processed_pseudogene|chr2:68135763-68136346(+)",0.54,0.483704974271012,583
INTERGENIC,"ENSG00000233971[1,1,1]|retro_human_3962|RPS20P10-201|processed_pseudogene|chr2:71996880-71997233(-)",0.32,0.37110481586402266,353
INTERGENIC,"ENSG00000225658[1,1,1]|retro_human_7540|TAF13P2-201|processed_pseudogene|chr2:74359645-74360031(+)",0.36,0.35233160621761656,386
INTERGENIC,"ENSG00000214429[1,1,1]|retro_human_4347|CYCSP6-201|processed_pseudogene|chr2:78417700-78418102(-)",0.42,0.43283582089552236,402
INTERGENIC,"ENSG00000213399[1,1,1]|retro_human_8980|RPS2P17-201|processed_pseudogene|chr2:84917642-84918537(+)",0.72,0.582122905027933,895
INTERGENIC,"ENSG00000270532[1,1,1]|retro_human_10677|PEBP1P2-201|processed_pseudogene|chr2:85343221-85343879(-)",0.66,0.5820668693009119,658
INTERGENIC,"ENSG00000203363[1,1,1]|GPR160P1-201|processed_pseudogene|chr2:85688062-85689161(-)",0.32,0.4049135577797998,1099
INTERGENIC,"ENSG00000214354[1,1,1]|retro_human_10673|PAFAH1B1P1-201|processed_pseudogene|chr2:87577847-87578884(-)",0.41,0.4522661523625844,1037
INTERGENIC,"ENSG00000225933[1,1,1]|retro_human_4002|RPS14P5-201|processed_pseudogene|chr2:87666824-87667278(+)",0.44,0.4889867841409692,454
INTERGENIC,"ENSG00000226481[1,1,1]|retro_human_3267|ACTR3BP2-201|processed_pseudogene|chr2:92100323-92101796(-)",0.59,0.4304141208418194,1473
INTERGENIC,"ENSG00000213355[1,1,1]|retro_human_8214|CNN2P8-201|processed_pseudogene|chr2:95243809-95244822(+)",0.67,0.5873642645607108,1013
INTERGENIC,"ENSG00000269383[1,1,1]|retro_human_4376|CYCSP7-201|processed_pseudogene|chr2:100829048-100829439(-)",0.37,0.41687979539641945,391
INTERGENIC,"ENSG00000205716[1,1,1]|retro_human_9459|FAM183DP-201|processed_pseudogene|chr2:102708077-102708575(-)",0.61,0.5843373493975904,498
INTERGENIC,"ENSG00000235325[1,1,1]|retro_human_3986|SRSF3P5-201|processed_pseudogene|chr2:108382260-108382851(-)",0.44,0.4619289340101523,591
INTERGENIC,"ENSG00000227597[1,1,1]|retro_human_3612|WASF1P1-201|processed_pseudogene|chr2:108737643-108738874(+)",0.28,0.4687246141348497,1231
INTERGENIC,"ENSG00000235644[1,1,1]|retro_human_3990|RPL10P5-201|processed_pseudogene|chr2:109172812-109173551(-)",0.55,0.5317997293640054,739
INTERGENIC,"ENSG00000240069[1,1,1]|retro_human_9959|GPAA1P1-201|transcribed_processed_pseudogene|chr2:110406267-110407298(+)",0.38,0.5955383123181377,1031
INTERGENIC,"ENSG00000216867[1,1,1]|retro_human_2159|RPL22P12-201|processed_pseudogene|chr2:111056794-111057281(+)",0.48,0.42299794661190965,487
INTERGENIC,"ENSG00000240356[2,4,3]|RPL23AP7-202|transcribed_processed_pseudogene|chr2:114030549-114051868(-)",0.71,0.41222961730449253,7212
INTERGENIC,"ENSG00000240356[2,4,3]|RPL23AP7-201|transcribed_processed_pseudogene|chr2:114030549-114051868(-)",0.71,0.41222961730449253,7212
INTERGENIC,"ENSG00000144158[1,1,1]|retro_human_8616|SNRPA1P1-201|processed_pseudogene|chr2:114082589-114083457(+)",0.58,0.4769585253456221,868
INTERGENIC,"ENSG00000236878[1,1,1]|MTATP6P26-201|processed_pseudogene|chr2:120645762-120646525(+)",0.36,0.3761467889908257,763
INTERGENIC,"ENSG00000227738[1,1,1]|retro_human_5329|PSMD14P1-201|processed_pseudogene|chr2:124199493-124200494(+)",0.44,0.3876123876123876,1001
INTERGENIC,"ENSG00000274010[1,1,1]|retro_human_9137|ZFP91P1-201|processed_pseudogene|chr2:128275792-128277050(-)",0.54,0.5023847376788553,1258
INTERGENIC,"ENSG00000230756[1,1,1]|retro_human_3188|RHOQP3-201|processed_pseudogene|chr2:130646715-130647436(-)",0.78,0.4909847434119279,721
INTERGENIC,"ENSG00000213225[1,1,1]|retro_human_10407|NOC2LP1-202|transcribed_processed_pseudogene|chr2:130663224-130665559(+)",0.76,0.6068522483940043,2335
INTERGENIC,"ENSG00000213225[3,1,2]|NOC2LP1-201|transcribed_processed_pseudogene|chr2:130665378-130666052(+)",0.7,0.5548961424332344,674
INTERGENIC,"ENSG00000236595[1,1,1]|MED15P5-201|processed_pseudogene|chr2:130685413-130686505(+)",0.57,0.63003663003663,1092
INTERGENIC,"ENSG00000284659[1,1,1]|AC073869.6-201|processed_pseudogene|chr2:131854360-131854580(-)",0.48,0.4863636363636364,220
INTERGENIC,"ENSG00000214077[1,1,1]|retro_human_5102|GNAQP1-201|processed_pseudogene|chr2:131858495-131859662(-)",0.65,0.4910025706940874,1167
INTERGENIC,"ENSG00000232742[1,1,1]|retro_human_7483|RHOQP2-201|processed_pseudogene|chr2:131895715-131896394(+)",0.77,0.4963181148748159,679
INTERGENIC,"ENSG00000230992[1,1,1]|FAM201B-201|processed_pseudogene|chr2:132789016-132789713(+)",0.72,0.7116212338593975,697
INTERGENIC,"ENSG00000233045[1,1,1]|retro_human_2117|RPL15P5-201|processed_pseudogene|chr2:138724226-138724963(+)",0.49,0.4898236092265943,737
INTERGENIC,"ENSG00000229781[1,1,1]|retro_human_6118|RRN3P4-201|processed_pseudogene|chr2:143302376-143304380(+)",0.58,0.4126746506986028,2004
INTERGENIC,"ENSG00000224288[1,1,1]|MTCYBP11-201|processed_pseudogene|chr2:143541297-143542506(-)",0.27,0.38213399503722084,1209
INTERGENIC,"ENSG00000226839[1,1,1]|MTND6P11-201|processed_pseudogene|chr2:143542474-143543057(+)",0.24,0.3481989708404803,583
INTERGENIC,"ENSG00000228848[1,1,1]|retro_human_1324|RPS20P13-201|processed_pseudogene|chr2:149320335-149320792(-)",0.55,0.4420131291028446,457
INTERGENIC,"ENSG00000230562[1,1,1]|FAM133DP-201|processed_pseudogene|chr2:157832814-157833605(-)",0.6,0.3919089759797724,791
INTERGENIC,"ENSG00000229641[1,1,1]|CYP2C56P-201|processed_pseudogene|chr2:164779206-164779597(+)",0.38,0.4680306905370844,391
INTERGENIC,"ENSG00000233762[1,1,1]|retro_human_8427|RPS15P4-201|processed_pseudogene|chr2:171994373-171994917(-)",0.51,0.5955882352941176,544
INTERGENIC,"ENSG00000237617[1,1,1]|AC013410.2-201|processed_pseudogene|chr2:174192198-174192499(-)",0.26,0.3754152823920266,301
INTERGENIC,"ENSG00000235414[1,1,1]|retro_human_6919|RPSAP24-201|processed_pseudogene|chr2:174529314-174530287(+)",0.46,0.4984583761562179,973
INTERGENIC,"ENSG00000179997[1,1,1]|retro_human_8620|RPA3P1-201|processed_pseudogene|chr2:174990572-174991033(+)",0.52,0.40997830802603036,461
INTERGENIC,"ENSG00000235655[1,1,1]|retro_human_8619|H3P6-201|processed_pseudogene|chr2:175208555-175209066(+)",0.58,0.49706457925636005,511
INTERGENIC,"ENSG00000223976[1,1,1]|EXTL2P1-201|processed_pseudogene|chr2:176330901-176331417(+)",0.43,0.374031007751938,516
INTERGENIC,"ENSG00000237260[1,1,1]|retro_human_8638|PPIAP67-201|processed_pseudogene|chr2:176826712-176827253(+)",0.49,0.4436229205175601,541
INTERGENIC,"ENSG00000177855[1,1,1]|retro_human_2591|CACYBPP2-201|processed_pseudogene|chr2:184096092-184096870(-)",0.57,0.4138817480719794,778
INTERGENIC,"ENSG00000227692[1,1,1]|retro_human_2816|MED28P3-201|processed_pseudogene|chr2:186853862-186854493(+)",0.48,0.45166402535657685,631
INTERGENIC,"ENSG00000204253[1,1,1]|retro_human_10600|HNRNPCP2-201|processed_pseudogene|chr2:190412654-190413636(+)",0.49,0.4694501018329939,982
INTERGENIC,"ENSG00000213946[1,1,1]|retro_human_9234|DNAJB1P1-201|processed_pseudogene|chr2:192369353-192370477(-)",0.73,0.5604982206405694,1124
INTERGENIC,"ENSG00000235218[1,1,1]|retro_human_9235|DNAJC17P1-201|processed_pseudogene|chr2:193764985-193766032(-)",0.5,0.5682903533906399,1047
INTERGENIC,"ENSG00000213104[1,1,1]|retro_human_3752|NPM1P46-201|processed_pseudogene|chr2:197863329-197864613(-)",0.54,0.41036269430051814,965
INTERGENIC,"ENSG00000213938[1,1,1]|retro_human_2414|SEPHS1P6-201|processed_pseudogene|chr2:200143255-200144525(+)",0.57,0.5141732283464567,1270
INTERGENIC,"ENSG00000224346[1,1,1]|retro_human_2416|BICD1P1-201|processed_pseudogene|chr2:201327643-201328965(+)",0.49,0.5907715582450832,1322
INTERGENIC,"ENSG00000232719[1,1,1]|retro_human_708|RPL17P10-201|processed_pseudogene|chr2:201584775-201586630(+)",0.46,0.44485025566106645,1369
INTERGENIC,"ENSG00000213082[1,1,1]|retro_human_2060|PPP1R14BP2-201|processed_pseudogene|chr2:208156039-208156583(+)",0.8,0.6525735294117647,544
INTERGENIC,"ENSG00000231254[1,1,1]|retro_human_7524|PCED1CP-201|processed_pseudogene|chr2:213312912-213313797(+)",0.71,0.6926553672316385,885
INTERGENIC,"ENSG00000235444[1,1,1]|retro_human_4796|PSMB3P2-201|processed_pseudogene|chr2:217092687-217093407(-)",0.48,0.5027777777777778,720
INTERGENIC,"ENSG00000231035[1,1,1]|retro_human_905|RPL7L1P9-201|processed_pseudogene|chr2:218243811-218244656(-)",0.38,0.4485207100591716,845
INTERGENIC,"ENSG00000224928[1,1,1]|retro_human_56|KRT8P30-201|processed_pseudogene|chr2:219441723-219442473(-)",0.47,0.5946666666666667,750
INTERGENIC,"ENSG00000235225[1,1,1]|retro_human_7149|RPL31P17-201|processed_pseudogene|chr2:223211513-223211993(+)",0.45,0.42291666666666666,480
INTERGENIC,"ENSG00000172799[1,1,1]|retro_human_3177|ZBTB8OSP2-201|processed_pseudogene|chr2:231918312-231918916(-)",0.44,0.41721854304635764,604
INTERGENIC,"ENSG00000283312[1,1,1]|AC017104.3-201|processed_pseudogene|chr2:231978096-231979788(-)",0.36,0.3599290780141844,1692
INTERGENIC,"ENSG00000224287[2,2,1]|retro_human_3971|MSL3P1-201|transcribed_processed_pseudogene|chr2:234354189-234357298(-)",0.62,0.4451219512195122,2132
INTERGENIC,"ENSG00000224287[2,2,1]|MSL3P1-202|transcribed_processed_pseudogene|chr2:234354189-234357298(-)",0.62,0.4451219512195122,2132
INTERGENIC,"ENSG00000271153[1,1,1]|retro_human_6773|RPL23AP88-1|processed_pseudogene|chr2:242685038-242685589(+)",0.41,0.4664246823956443,551
INTERGENIC,"ENSG00000214074[1,1,1]|retro_human_2551|RPL23AP39-201|processed_pseudogene|chr3:1724126-1724631(+)",0.51,0.46732673267326735,505
INTERGENIC,"ENSG00000229241[1,1,1]|retro_human_4567|PNPT1P1-201|processed_pseudogene|chr3:3977882-3980296(-)",0.57,0.39229494614747307,2414
INTERGENIC,"ENSG00000180438[4,10,5]|TPRXL-205|transcribed_processed_pseudogene|chr3:14004305-14067981(+)",0.49,0.3997593536927749,17453
INTERGENIC,"ENSG00000229468[1,1,1]|retro_human_9199|RPL39P18-201|processed_pseudogene|chr3:20016469-20016724(+)",0.48,0.42745098039215684,255
INTERGENIC,"ENSG00000236380[1,1,1]|retro_human_9200|VENTXP7-201|processed_pseudogene|chr3:21416142-21417016(+)",0.73,0.6521739130434783,874
INTERGENIC,"ENSG00000132967[1,1,1]|retro_human_9197|HMGB1P5-201|transcribed_processed_pseudogene|chr3:22386523-22387256(+)",0.51,0.44747612551159616,733
INTERGENIC,"ENSG00000132967[1,1,2]|HMGB1P5-202|transcribed_processed_pseudogene|chr3:22386523-22387725(+)",0.51,0.4068219633943428,1202
INTERGENIC,"ENSG00000237433[1,1,1]|retro_human_2557|RPSAP11-201|processed_pseudogene|chr3:32187774-32188752(+)",0.43,0.50920245398773,978
INTERGENIC,"ENSG00000227337[1,1,1]|retro_human_2553|RPL23AP43-201|processed_pseudogene|chr3:32783801-32784371(+)",0.49,0.45614035087719296,570
INTERGENIC,"ENSG00000230067[1,1,1]|retro_human_4584|HSPD1P6-201|transcribed_processed_pseudogene|chr3:36768410-36770193(-)",0.51,0.41839596186203026,1783
INTERGENIC,"ENSG00000236165[1,1,1]|retro_human_8406|PRADC1P1-201|processed_pseudogene|chr3:36977632-36978257(+)",0.69,0.5744,625
INTERGENIC,"ENSG00000232439[1,1,1]|retro_human_10484|RPL18AP7-201|processed_pseudogene|chr3:38532795-38533419(-)",0.57,0.5737179487179487,624
INTERGENIC,"ENSG00000228168[1,1,1]|retro_human_2948|HNRNPA1P21-201|processed_pseudogene|chr3:39347825-39348886(+)",0.46,0.46936852026390197,1061
INTERGENIC,"ENSG00000236459[1,1,1]|retro_human_1778|HNRNPA1P22-201|processed_pseudogene|chr3:42904881-42905927(+)",0.49,0.46749521988527726,1046
INTERGENIC,"ENSG00000224094[1,1,1]|retro_human_9416|RPS24P8-201|processed_pseudogene|chr3:45176143-45176645(-)",0.46,0.43227091633466136,502
INTERGENIC,"ENSG00000213509[1,1,1]|retro_human_11054|PPIAP16-201|processed_pseudogene|chr3:57982153-57982740(+)",0.55,0.48722316865417375,587
INTERGENIC,"ENSG00000241506[1,1,1]|retro_human_10666|PSMC1P1-201|processed_pseudogene|chr3:68681101-68682521(+)",0.53,0.4584507042253521,1420
INTERGENIC,"ENSG00000271266[1,1,1]|retro_human_10668|LAPTM4BP2-201|processed_pseudogene|chr3:72926058-72926604(+)",0.47,0.4468864468864469,546
INTERGENIC,"ENSG00000213300[1,1,1]|retro_human_4772|HNRNPA3P6-201|processed_pseudogene|chr3:75256395-75257501(+)",0.61,0.4538878842676311,1106
INTERGENIC,"ENSG00000240665[1,1,1]|LSP1P2-201|processed_pseudogene|chr3:75437217-75437450(+)",0.66,0.592274678111588,233
INTERGENIC,"ENSG00000242953[1,1,1]|AC139453.1-201|processed_pseudogene|chr3:75437433-75437666(-)",0.52,0.4721030042918455,233
INTERGENIC,"ENSG00000272710[1,2,1]|retro_human_635|chr3:75593393-75633251(-)",0.64,0.521594684385382,301
INTERGENIC,"ENSG00000243422[1,1,2]|retro_human_634|RPL23AP49-201|transcribed_processed_pseudogene|chr3:75677830-75678398(-)",0.36,0.44014084507042256,568
INTERGENIC,"ENSG00000242195[1,1,1]|SRRM1P2-201|processed_pseudogene|chr3:83991209-83992501(+)",0.43,0.35371517027863775,1292
INTERGENIC,"ENSG00000271024[1,1,1]|retro_human_1835|HSPE1P19-201|processed_pseudogene|chr3:90337926-90338321(-)",0.5,0.4151898734177215,395
INTERGENIC,"ENSG00000244681[1,1,2]|retro_human_10221|MTHFD2P1-202|transcribed_processed_pseudogene|chr3:98357175-98358146(-)",0.51,0.44387229660144184,971
INTERGENIC,"ENSG00000243547[1,1,1]|retro_human_4339|HNRNPKP4-201|processed_pseudogene|chr3:99053199-99054685(+)",0.38,0.4488559892328398,1486
INTERGENIC,"ENSG00000250562[1,1,1]|retro_human_10216|RPL38P4-201|processed_pseudogene|chr3:101228694-101229008(-)",0.6,0.4394904458598726,314
INTERGENIC,"ENSG00000175841[1,1,1]|retro_human_6896|FAM172BP-201|processed_pseudogene|chr3:104228105-104229294(+)",0.33,0.3885618166526493,1189
INTERGENIC,"ENSG00000244119[2,1,2]|retro_human_3583|PDCL3P4-201|processed_pseudogene|chr3:104425090-104426020(+)",0.47,0.4258064516129032,930
INTERGENIC,"ENSG00000239997[1,1,1]|retro_human_9442|FCF1P3-201|processed_pseudogene|chr3:109568484-109569174(+)",0.35,0.3869565217391304,690
INTERGENIC,"ENSG00000198406[1,1,1]|retro_human_4820|BZW1P2-201|processed_pseudogene|chr3:119365739-119366665(-)",0.39,0.3952483801295896,926
INTERGENIC,"ENSG00000243014[1,1,1]|retro_human_3131|PTMAP8-201|processed_pseudogene|chr3:119746546-119746988(+)",0.55,0.4841628959276018,442
INTERGENIC,"ENSG00000242052[1,1,1]|retro_human_5536|RPL10P7-201|processed_pseudogene|chr3:122355178-122355903(-)",0.48,0.5282758620689655,725
INTERGENIC,"ENSG00000241346[1,1,1]|SNRPCP11-201|processed_pseudogene|chr3:128548553-128548858(-)",0.48,0.5180327868852459,305
INTERGENIC,"ENSG00000270773[1,1,1]|AC137695.2-201|processed_pseudogene|chr3:132090151-132091004(+)",0.58,0.5076201641266119,853
INTERGENIC,"ENSG00000214289[1,1,1]|retro_human_8294|RPL39P5-202|transcribed_processed_pseudogene|chr3:137096956-137097294(-)",0.46,0.40828402366863903,338
INTERGENIC,"ENSG00000241478[1,1,1]|retro_human_5114|HSPA8P9-201|processed_pseudogene|chr3:140620889-140622932(+)",0.52,0.45080763582966227,2043
INTERGENIC,"ENSG00000224085[1,1,1]|retro_human_9145|RPL23AP41-201|processed_pseudogene|chr3:143649314-143649872(+)",0.42,0.45878136200716846,558
INTERGENIC,"ENSG00000215606[1,1,1]|retro_human_7904|KRT18P35-201|processed_pseudogene|chr3:144218248-144219617(-)",0.59,0.5463842220598978,1369
INTERGENIC,"ENSG00000241695[1,1,1]|retro_human_6231|GM2AP1-201|processed_pseudogene|chr3:148439496-148440117(+)",0.61,0.5668276972624798,621
INTERGENIC,"ENSG00000182000[1,1,1]|retro_human_6227|PPIAP73-201|processed_pseudogene|chr3:152735719-152736222(+)",0.4,0.4194831013916501,503
INTERGENIC,"ENSG00000240489[1,1,1]|retro_human_449|SETP14-201|processed_pseudogene|chr3:158761880-158762853(+)",0.56,0.42137718396711205,973
INTERGENIC,"ENSG00000232374[1,1,1]|retro_human_940|GPR79-201|processed_pseudogene|chr3:161614923-161615891(-)",0.52,0.5433884297520661,968
INTERGENIC,"ENSG00000229320[2,1,2]|KRT8P12-202|transcribed_processed_pseudogene|chr3:163342416-163343913(+)",0.57,0.5678022712090849,1497
INTERGENIC,"ENSG00000242285[1,1,1]|retro_human_6641|RPL6P8-201|processed_pseudogene|chr3:163359509-163360452(+)",0.41,0.41039236479321317,943
INTERGENIC,"ENSG00000239227[1,1,1]|AC069439.1-201|processed_pseudogene|chr3:169645067-169645334(+)",0.38,0.31835205992509363,267
INTERGENIC,"ENSG00000213178[1,1,1]|retro_human_6756|RPL22P1-201|processed_pseudogene|chr3:172267582-172268092(-)",0.24,0.3784313725490196,510
INTERGENIC,"ENSG00000230362[1,1,1]|retro_human_10530|ACTG1P23-201|processed_pseudogene|chr3:178772419-178773593(-)",0.62,0.5715502555366269,1174
INTERGENIC,"ENSG00000239880[1,1,1]|retro_human_7047|RALBP1P1-201|processed_pseudogene|chr3:183126202-183128255(+)",0.57,0.46419873356064295,2053
INTERGENIC,"ENSG00000228766[1,1,1]|retro_human_1223|RPL7L1P8-201|processed_pseudogene|chr3:185415333-185416174(+)",0.37,0.4470868014268728,841
INTERGENIC,"ENSG00000234371[1,2,1]|retro_human_1227|RPSAP31-201|transcribed_processed_pseudogene|chr3:186694598-186697769(+)",0.66,0.5563725490196079,816
INTERGENIC,"ENSG00000226652[2,1,1]|retro_human_7444|PSMD10P2-202|transcribed_processed_pseudogene|chr3:189582993-189583855(+)",0.44,0.4547563805104408,862
INTERGENIC,"ENSG00000226652[2,1,1]|PSMD10P2-203|transcribed_processed_pseudogene|chr3:189582993-189583855(+)",0.44,0.4547563805104408,862
INTERGENIC,"ENSG00000226652[2,1,1]|PSMD10P2-201|transcribed_processed_pseudogene|chr3:189582993-189583855(+)",0.44,0.4547563805104408,862
INTERGENIC,"ENSG00000223803[1,1,1]|retro_human_7445|RPS20P14-201|processed_pseudogene|chr3:189717934-189718394(+)",0.61,0.45217391304347826,460
INTERGENIC,"ENSG00000238077[1,1,1]|retro_human_7446|NMNAT1P3-201|processed_pseudogene|chr3:192983016-192984004(+)",0.43,0.4230769230769231,988
INTERGENIC,"ENSG00000225770[1,1,1]|retro_human_4566|RPS29P3-201|processed_pseudogene|chr3:199255738-199256009(+)",0.57,0.5129151291512916,271
INTERGENIC,"ENSG00000251535[1,1,1]|AC079140.4-201|processed_pseudogene|chr4:329597-330226(-)",0.81,0.7106518282988871,629
INTERGENIC,"ENSG00000251595[1,1,2]|retro_human_3822|ABCA11P-202|transcribed_processed_pseudogene|chr4:419117-421327(-)",0.4,0.4085972850678733,2210
INTERGENIC,"ENSG00000250471[1,1,1]|retro_human_10138|GMPSP1-201|processed_pseudogene|chr4:8152751-8153432(+)",0.44,0.42143906020558003,681
INTERGENIC,"ENSG00000244004[1,1,1]|retro_human_6131|RPS3AP19-201|processed_pseudogene|chr4:9559362-9560242(+)",0.42,0.39545454545454545,880
INTERGENIC,"ENSG00000250896[1,1,1]|retro_human_6128|RNPS1P1-201|processed_pseudogene|chr4:11347983-11349001(+)",0.45,0.5638506876227898,1018
INTERGENIC,"ENSG00000251212[1,1,1]|MTND5P4-201|processed_pseudogene|chr4:17043447-17043835(+)",0.53,0.45618556701030927,388
INTERGENIC,"ENSG00000242640[1,1,1]|retro_human_7350|RPS29P11-201|processed_pseudogene|chr4:25660771-25661042(+)",0.49,0.44280442804428044,271
INTERGENIC,"ENSG00000249542[1,1,1]|retro_human_7349|EEF1A1P21-201|processed_pseudogene|chr4:29735199-29736643(+)",0.38,0.41759002770083103,1444
INTERGENIC,"ENSG00000124399[1,1,1]|retro_human_6921|NDUFB4P12-201|processed_pseudogene|chr4:43866091-43866581(+)",0.57,0.4673469387755102,490
INTERGENIC,"ENSG00000249936[1,1,1]|retro_human_2095|RAC1P2-201|processed_pseudogene|chr4:46690939-46691618(-)",0.66,0.508100147275405,679
INTERGENIC,"ENSG00000229585[1,1,1]|retro_human_8045|RPL21P44-201|processed_pseudogene|chr4:57473793-57474355(-)",0.49,0.4181494661921708,562
INTERGENIC,"ENSG00000180673[1,1,1]|retro_human_4911|EXOC5P1-201|processed_pseudogene|chr4:66253946-66256015(+)",0.64,0.3876268728854519,2069
INTERGENIC,"ENSG00000162840[1,1,1]|retro_human_9768|MT2P1-201|processed_pseudogene|chr4:71817347-71817630(+)",0.67,0.6113074204946997,283
INTERGENIC,"ENSG00000249956[1,1,1]|retro_human_4269|UGT2B24P-201|processed_pseudogene|chr4:72743616-72758049(+)",0.37,0.4065998821449617,1697
INTERGENIC,"ENSG00000250315[1,1,1]|retro_human_4264|AC110760.2-201|transcribed_processed_pseudogene|chr4:78441567-78442134(+)",0.38,0.3333333333333333,567
INTERGENIC,"ENSG00000250315[1,1,1]|AC110760.2-202|transcribed_processed_pseudogene|chr4:78441567-78442134(+)",0.38,0.3333333333333333,567
INTERGENIC,"ENSG00000250560[1,1,1]|retro_human_4263|AC093870.1-201|processed_pseudogene|chr4:78534938-78535251(+)",0.5,0.4696485623003195,313
INTERGENIC,"ENSG00000244002[1,1,1]|retro_human_10159|RPSAP39-201|processed_pseudogene|chr4:83491380-83492363(+)",0.41,0.4923702950152594,983
INTERGENIC,"ENSG00000183199[1,1,1]|retro_human_10582|HSP90AB3P-201|processed_pseudogene|chr4:91218219-91220501(+)",0.48,0.4706397896581946,2282
INTERGENIC,"ENSG00000236764[1,1,1]|retro_human_5087|COX7A2P2-201|processed_pseudogene|chr4:100217555-100217905(+)",0.49,0.44857142857142857,350
INTERGENIC,"ENSG00000276992[1,1,1]|AC096577.2-201|processed_pseudogene|chr4:108307850-108308103(-)",0.33,0.43478260869565216,253
INTERGENIC,"ENSG00000249264[1,1,1]|retro_human_10986|EEF1A1P9-201|processed_pseudogene|chr4:108795511-108796994(+)",0.45,0.47403910991233983,1483
INTERGENIC,"ENSG00000249465[1,1,1]|retro_human_3747|RBMXP4-201|processed_pseudogene|chr4:112648395-112649629(-)",0.42,0.47244732576985415,1234
INTERGENIC,"ENSG00000225094[1,1,1]|retro_human_3744|SETP20-201|processed_pseudogene|chr4:112855325-112856277(-)",0.58,0.41491596638655465,952
INTERGENIC,"ENSG00000249965[1,1,1]|retro_human_10983|CDC42P4-201|processed_pseudogene|chr4:112857252-112857915(+)",0.33,0.40874811463046756,663
INTERGENIC,"ENSG00000251312[1,1,1]|retro_human_5470|AC004062.1-201|processed_pseudogene|chr4:114365086-114365831(+)",0.38,0.40939597315436244,745
INTERGENIC,"ENSG00000248697[1,1,1]|retro_human_5466|TOX4P1-201|processed_pseudogene|chr4:115764217-115766179(+)",0.54,0.49898063200815496,1962
INTERGENIC,"ENSG00000250215[1,1,1]|CIR1P2-201|processed_pseudogene|chr4:118016548-118017990(-)",0.48,0.3883495145631068,1442
INTERGENIC,"ENSG00000250693[1,1,1]|retro_human_8179|RPF2P2-201|processed_pseudogene|chr4:118931518-118932514(+)",0.37,0.3514056224899598,996
INTERGENIC,"ENSG00000250442[1,1,1]|retro_human_5421|EIF3KP3-201|processed_pseudogene|chr4:119346441-119347180(-)",0.54,0.4871447902571042,739
INTERGENIC,"ENSG00000230671[1,1,1]|retro_human_65|NDUFS5P5-201|processed_pseudogene|chr4:121705479-121705900(-)",0.42,0.45368171021377673,421
INTERGENIC,"ENSG00000273716[1,1,1]|AC092670.1-201|processed_pseudogene|chr4:121765189-121765367(-)",0.53,0.5224719101123596,178
INTERGENIC,"ENSG00000248213[1,1,1]|retro_human_64|CICP16-201|processed_pseudogene|chr4:121941221-121944134(-)",0.7,0.611740473738414,2913
INTERGENIC,"ENSG00000251155[1,1,1]|SEPTIN14P4-201|processed_pseudogene|chr4:121945924-121946210(+)",0.46,0.4090909090909091,286
INTERGENIC,"ENSG00000271302[1,1,1]|AC105254.2-201|processed_pseudogene|chr4:124422535-124423071(+)",0.4,0.42350746268656714,536
INTERGENIC,"ENSG00000248191[1,1,1]|retro_human_2822|PES1P1-201|processed_pseudogene|chr4:137649497-137651333(+)",0.62,0.5659041394335512,1836
INTERGENIC,"ENSG00000213448[1,1,1]|retro_human_8283|RPS23P2-201|processed_pseudogene|chr4:140771437-140771952(+)",0.5,0.4368932038834951,515
INTERGENIC,"ENSG00000251600[11,14,14]|retro_human_2618|GUSBP5-202|transcribed_processed_pseudogene|chr4:146876602-146890959(+)",0.75,0.49150072850898496,2059
INTERGENIC,"ENSG00000236296[1,1,2]|GUSBP5-201|transcribed_processed_pseudogene|chr4:146876617-146878706(+)",0.75,0.453326950694112,2089
INTERGENIC,"ENSG00000251452[1,1,1]|AC109811.2-201|processed_pseudogene|chr4:148238031-148238583(-)",0.57,0.5634057971014492,552
INTERGENIC,"ENSG00000249004[1,1,1]|retro_human_5022|PRMT5P1-201|processed_pseudogene|chr4:150782795-150783493(-)",0.38,0.4899713467048711,698
INTERGENIC,"ENSG00000251429[2,1,1]|retro_human_3593|AIDAP2-203|transcribed_processed_pseudogene|chr4:161629696-161630715(+)",0.62,0.40922473012757604,1019
INTERGENIC,"ENSG00000121089[1,1,1]|NACA3P-201|processed_pseudogene|chr4:168290901-168291649(+)",0.55,0.45588235294117646,748
INTERGENIC,"ENSG00000249617[1,1,1]|retro_human_2127|AC106872.6-201|processed_pseudogene|chr4:168393402-168393814(+)",0.51,0.5242718446601942,412
INTERGENIC,"ENSG00000270336[1,1,1]|AC105148.1-201|processed_pseudogene|chr4:171100460-171100969(-)",0.39,0.35363457760314343,509
INTERGENIC,"ENSG00000229204[1,1,1]|retro_human_9975|PTGES3P3-201|processed_pseudogene|chr4:173151377-173151959(-)",0.62,0.40378006872852235,582
INTERGENIC,"ENSG00000249943[1,1,1]|AC097486.1-201|processed_pseudogene|chr4:174171745-174172055(-)",0.27,0.3774193548387097,310
INTERGENIC,"ENSG00000234801[1,1,1]|retro_human_1971|MORF4-201|processed_pseudogene|chr4:176955649-176956720(-)",0.47,0.42483660130718953,1071
INTERGENIC,"ENSG00000213434[1,1,1]|retro_human_9464|VTI1BP2-201|processed_pseudogene|chr4:186826235-186827031(+)",0.69,0.5201005025125628,796
INTERGENIC,"ENSG00000227765[1,1,1]|MYL12BP2-201|processed_pseudogene|chr4:187642867-187643479(-)",0.52,0.44607843137254904,612
INTERGENIC,"ENSG00000214273[1,1,1]|retro_human_9901|AGGF1P1-201|processed_pseudogene|chr4:193409495-193411668(+)",0.76,0.41923607915324435,2173
INTERGENIC,"ENSG00000250526[1,1,1]|retro_human_8198|CCT6P2-201|processed_pseudogene|chr5:14578866-14580559(-)",0.58,0.42350856467808623,1693
INTERGENIC,"ENSG00000249928[1,1,1]|retro_human_8190|UQCRBP3-201|processed_pseudogene|chr5:14813794-14814206(-)",0.48,0.4174757281553398,412
INTERGENIC,"ENSG00000223361[2,1,1]|retro_human_2708|FTH1P10-201|transcribed_processed_pseudogene|chr5:17293037-17294067(-)",0.47,0.5058252427184466,1030
INTERGENIC,"ENSG00000223361[1,1,2]|FTH1P10-202|transcribed_processed_pseudogene|chr5:17293217-17293867(-)",0.67,0.5138461538461538,650
INTERGENIC,"ENSG00000249620[1,1,1]|retro_human_2703|H3P18-201|processed_pseudogene|chr5:17451223-17451729(-)",0.61,0.5830039525691699,506
INTERGENIC,"ENSG00000250386[1,1,1]|retro_human_8557|H3P21-201|processed_pseudogene|chr5:17625717-17626226(-)",0.62,0.6011787819253438,509
INTERGENIC,"ENSG00000251593[1,1,1]|retro_human_443|MSNP1-201|processed_pseudogene|chr5:26014155-26015990(+)",0.58,0.5286103542234333,1835
INTERGENIC,"ENSG00000270558[1,1,1]|retro_human_7795|AC025449.1-201|processed_pseudogene|chr5:37536203-37536832(-)",0.56,0.3847376788553259,629
INTERGENIC,"ENSG00000270513[1,1,1]|retro_human_10272|AC113368.1-201|processed_pseudogene|chr5:42982013-42982495(+)",0.28,0.32987551867219916,482
INTERGENIC,"ENSG00000226221[1,1,1]|retro_human_4922|RPL26P19-201|processed_pseudogene|chr5:57332545-57333083(-)",0.49,0.4275092936802974,538
INTERGENIC,"ENSG00000271257[1,1,1]|retro_human_5965|AC008814.1-201|processed_pseudogene|chr5:59321084-59321590(+)",0.39,0.3952569169960474,506
INTERGENIC,"ENSG00000217416[1,1,1]|retro_human_10412|ISCA1P1-201|processed_pseudogene|chr5:63596508-63596995(-)",0.68,0.4784394250513347,487
INTERGENIC,"ENSG00000234838[1,1,1]|retro_human_11062|PPIAP78-201|processed_pseudogene|chr5:67394082-67394672(+)",0.57,0.488135593220339,590
INTERGENIC,"ENSG00000249721[1,1,1]|retro_human_4520|AC112206.3-201|processed_pseudogene|chr5:68514986-68515475(-)",0.4,0.4171779141104294,489
INTERGENIC,"ENSG00000213864[1,1,1]|retro_human_4518|EEF1B2P2-201|processed_pseudogene|chr5:68981390-68982166(-)",0.6,0.45489690721649484,776
INTERGENIC,"ENSG00000215006[1,1,1]|retro_human_5570|CHCHD2P2-201|processed_pseudogene|chr5:70159580-70160001(+)",0.73,0.6389548693586699,421
INTERGENIC,"ENSG00000244717[1,1,1]|retro_human_5568|RPS27P14-201|processed_pseudogene|chr5:70295472-70295826(+)",0.51,0.4604519774011299,354
INTERGENIC,"ENSG00000255883[1,1,1]|retro_human_9045|FUNDC2P1-201|processed_pseudogene|chr5:73989956-73990626(+)",0.64,0.5223880597014925,670
INTERGENIC,"ENSG00000251235[1,1,1]|retro_human_10972|SNRPCP2-201|processed_pseudogene|chr5:76858379-76858954(+)",0.48,0.5165217391304348,575
INTERGENIC,"ENSG00000249829[1,1,1]|retro_human_9163|AC016559.2-201|processed_pseudogene|chr5:79675731-79676030(+)",0.48,0.4882943143812709,299
INTERGENIC,"ENSG00000251374[1,1,1]|AC010598.1-201|processed_pseudogene|chr5:82750895-82751098(-)",0.39,0.3448275862068966,203
INTERGENIC,"ENSG00000240411[1,1,1]|retro_human_3272|RPL5P16-201|processed_pseudogene|chr5:83263559-83264449(+)",0.41,0.3752808988764045,890
INTERGENIC,"ENSG00000248105[1,1,1]|retro_human_3273|AC008885.1-201|processed_pseudogene|chr5:83310618-83311019(+)",0.5,0.5311720698254364,401
INTERGENIC,"ENSG00000243859[1,1,1]|retro_human_8722|RPL5P17-201|processed_pseudogene|chr5:85947488-85948465(+)",0.42,0.42067553735926305,977
INTERGENIC,"ENSG00000251356[1,1,1]|retro_human_2892|RAB5CP2-201|processed_pseudogene|chr5:91960208-91960945(+)",0.59,0.5427408412483039,737
INTERGENIC,"ENSG00000248950[1,1,1]|retro_human_9189|LDHBP3-201|processed_pseudogene|chr5:93324839-93325761(-)",0.42,0.34273318872017355,922
INTERGENIC,"ENSG00000249761[1,1,1]|retro_human_6536|AC074133.1-201|processed_pseudogene|chr5:97837832-97838115(-)",0.51,0.4734982332155477,283
INTERGENIC,"ENSG00000250221[1,1,1]|retro_human_6538|KRT8P32-201|processed_pseudogene|chr5:98895238-98896799(-)",0.6,0.5759128763613068,1561
INTERGENIC,"ENSG00000251102[1,1,1]|retro_human_10000|CTBP2P4-201|processed_pseudogene|chr5:99079541-99080561(+)",0.47,0.5529411764705883,1020
INTERGENIC,"ENSG00000251553[1,1,1]|retro_human_9999|DDX18P4-201|processed_pseudogene|chr5:99182605-99184671(+)",0.48,0.3959341723136496,2066
INTERGENIC,"ENSG00000250273[1,1,1]|PSMC1P5-201|processed_pseudogene|chr5:107698057-107698334(+)",0.41,0.41155234657039713,277
INTERGENIC,"ENSG00000214784[1,1,1]|retro_human_7547|RPS3AP21-201|processed_pseudogene|chr5:111702808-111703725(-)",0.44,0.411123227917121,917
INTERGENIC,"ENSG00000250444[1,1,1]|retro_human_9553|CCT5P1-201|processed_pseudogene|chr5:116024821-116026539(+)",0.5,0.45925494761350405,1718
INTERGENIC,"ENSG00000197575[1,1,1]|retro_human_9550|RPS17P2-201|processed_pseudogene|chr5:117228285-117228793(+)",0.5,0.4704724409448819,508
INTERGENIC,"ENSG00000243758[1,1,1]|retro_human_2105|RPL35AP15-201|processed_pseudogene|chr5:117813706-117814144(-)",0.5,0.3972602739726027,438
INTERGENIC,"ENSG00000226306[2,1,1]|retro_human_6581|NPY6R-201|transcribed_processed_pseudogene|chr5:138334582-138335794(+)",0.39,0.4537953795379538,1212
INTERGENIC,"ENSG00000226306[1,2,2]|NPY6R-202|transcribed_processed_pseudogene|chr5:138327564-138337227(+)",0.52,0.4091203104786546,3092
INTERGENIC,"ENSG00000249215[1,1,1]|retro_human_6579|NCOA4P4-201|processed_pseudogene|chr5:140019280-140021241(+)",0.45,0.4594594594594595,1961
INTERGENIC,"ENSG00000213433[1,1,1]|retro_human_2457|RPLP1P6-202|transcribed_processed_pseudogene|chr5:152304788-152305408(-)",0.39,0.482258064516129,620
INTERGENIC,"ENSG00000213433[1,1,1]|RPLP1P6-201|transcribed_processed_pseudogene|chr5:152304788-152305408(-)",0.39,0.482258064516129,620
INTERGENIC,"ENSG00000253146[1,1,1]|retro_human_5919|CIR1P1-201|processed_pseudogene|chr5:155093239-155094472(-)",0.44,0.39902676399026765,1233
INTERGENIC,"ENSG00000253772[1,1,1]|retro_human_1940|AC112191.1-201|processed_pseudogene|chr5:160776022-160776823(+)",0.49,0.49812734082397003,801
INTERGENIC,"ENSG00000233913[1,1,1]|retro_human_1942|RPL10P9-201|processed_pseudogene|chr5:169151078-169151823(+)",0.55,0.5342281879194631,745
INTERGENIC,"ENSG00000254200[1,1,1]|retro_human_4245|RPL7AP33-201|processed_pseudogene|chr5:173765856-173766544(-)",0.47,0.4752906976744186,688
INTERGENIC,"ENSG00000249129[1,1,1]|retro_human_2341|SUDS3P1-201|processed_pseudogene|chr5:178522768-178523811(+)",0.79,0.5129434324065196,1043
INTERGENIC,"ENSG00000231228[1,1,1]|retro_human_2721|ARPP19P1-201|processed_pseudogene|chr5:181538593-181539032(+)",0.62,0.4760820045558087,439
INTERGENIC,"ENSG00000271361[1,1,1]|HTATSF1P2-201|processed_pseudogene|chr6:2891993-2892724(-)",0.57,0.5143638850889193,731
INTERGENIC,"ENSG00000217566[1,1,1]|retro_human_9318|TDGF1P4-201|processed_pseudogene|chr6:3810865-3811485(+)",0.45,0.4806451612903226,620
INTERGENIC,"ENSG00000216657[1,1,1]|retro_human_9317|GLRX3P2-201|processed_pseudogene|chr6:3847639-3848777(+)",0.55,0.4270650263620387,1138
INTERGENIC,"ENSG00000215057[1,1,1]|retro_human_3456|PKMP5-201|processed_pseudogene|chr6:5841227-5842928(+)",0.58,0.5432098765432098,1701
INTERGENIC,"ENSG00000205318[1,1,1]|GCNT2P1-201|processed_pseudogene|chr6:10501418-10502452(+)",0.35,0.39264990328820115,1034
INTERGENIC,"ENSG00000212802[1,1,1]|retro_human_9762|RPL15P3-201|processed_pseudogene|chr6:12382464-12383179(+)",0.52,0.5202797202797202,715
INTERGENIC,"ENSG00000218265[1,1,1]|retro_human_9757|RPS4XP7-201|processed_pseudogene|chr6:13394703-13395583(+)",0.49,0.4556818181818182,880
INTERGENIC,"ENSG00000218359[1,1,1]|retro_human_3842|SUMO2P13-201|processed_pseudogene|chr6:17454131-17454503(+)",0.51,0.45161290322580644,372
INTERGENIC,"ENSG00000214012[1,1,1]|retro_human_3846|KRT18P38-201|processed_pseudogene|chr6:19484336-19485718(+)",0.62,0.5578871201157742,1382
INTERGENIC,"ENSG00000220771[1,1,1]|retro_human_3843|BOLA2P3-201|processed_pseudogene|chr6:21474736-21475092(+)",0.65,0.5898876404494382,356
INTERGENIC,"ENSG00000219681[1,1,1]|retro_human_8537|AL590084.2-201|processed_pseudogene|chr6:25084481-25084963(+)",0.58,0.4315352697095436,482
INTERGENIC,"ENSG00000220875[1,1,1]|retro_human_968|H3C9P-201|processed_pseudogene|chr6:26190193-26190710(-)",0.59,0.4951644100580271,517
INTERGENIC,"ENSG00000204789[3,1,3]|retro_human_971|ZNF204P-201|processed_pseudogene|chr6:27226926-27229417(-)",0.43,0.3753512645523886,2491
INTERGENIC,"ENSG00000216915[1,1,1]|retro_human_6348|GPR89P-201|processed_pseudogene|chr6:27606644-27608239(-)",0.68,0.4445141065830721,1595
INTERGENIC,"ENSG00000176933[1,1,1]|TOB2P1-201|processed_pseudogene|chr6:28089663-28090755(-)",0.51,0.565018315018315,1092
INTERGENIC,"ENSG00000231162[1,1,1]|retro_human_7466|COX11P1-201|processed_pseudogene|chr6:28318363-28319298(+)",0.61,0.4994652406417112,935
INTERGENIC,"ENSG00000231301[1,1,1]|retro_human_1989|RPL13AP-207|processed_pseudogene|chr6:29457137-29457755(+)",0.55,0.5,618
INTERGENIC,"ENSG00000235821[1,1,1]|retro_human_2578|IFITM4P-207|processed_pseudogene|chr6:29622761-29623282(-)",0.55,0.5527831094049904,521
INTERGENIC,"ENSG00000213880[1,1,1]|retro_human_2579|RPL7AP7-201|processed_pseudogene|chr6:29674955-29675852(-)",0.45,0.47157190635451507,897
INTERGENIC,"ENSG00000236603[1,1,1]|retro_human_7824|RANP1-206|processed_pseudogene|chr6:30350080-30350831(+)",0.57,0.47536617842876167,751
INTERGENIC,"ENSG00000230449[1,1,1]|retro_human_6000|RPL7P4-203|processed_pseudogene|chr6:30560959-30561789(-)",0.43,0.41325301204819276,830
INTERGENIC,"ENSG00000227939[1,1,1]|retro_human_7819|RPL3P2-204|processed_pseudogene|chr6:31146372-31147675(+)",0.49,0.5272448196469686,1303
INTERGENIC,"ENSG00000230622[1,1,1]|retro_human_8430|UQCRHP1-204|processed_pseudogene|chr6:31464095-31464460(-)",0.51,0.4876712328767123,365
INTERGENIC,"ENSG00000214810[1,1,1]|retro_human_5036|CYCSP55-201|processed_pseudogene|chr6:34043113-34043843(+)",0.43,0.4323671497584541,414
INTERGENIC,"ENSG00000220583[1,1,1]|retro_human_8388|RPL35P2-201|processed_pseudogene|chr6:34086918-34087381(-)",0.67,0.5831533477321814,463
INTERGENIC,"ENSG00000196114[1,1,1]|retro_human_8391|IFITM3P3-201|processed_pseudogene|chr6:34400060-34400559(-)",0.57,0.5731462925851704,499
INTERGENIC,"ENSG00000226976[1,1,1]|retro_human_10934|COX6A1P2-201|processed_pseudogene|chr6:36868364-36868794(+)",0.53,0.5674418604651162,430
INTERGENIC,"ENSG00000219222[1,1,1]|RPL12P47-201|processed_pseudogene|chr6:43139119-43139345(+)",0.46,0.4336283185840708,226
INTERGENIC,"ENSG00000060303[1,1,1]|retro_human_2472|RPS17P5-201|processed_pseudogene|chr6:50699956-50700464(-)",0.46,0.4507874015748031,508
INTERGENIC,"ENSG00000218713[1,1,1]|retro_human_8059|AL512378.1-201|processed_pseudogene|chr6:53046084-53048284(-)",0.45,0.5031818181818182,2200
INTERGENIC,"ENSG00000213335[1,1,1]|retro_human_8061|CLNS1AP1-201|processed_pseudogene|chr6:54325279-54326061(-)",0.48,0.4373401534526854,782
INTERGENIC,"ENSG00000233859[1,1,1]|retro_human_6837|ADH5P4-201|processed_pseudogene|chr6:66989213-66990423(-)",0.46,0.45454545454545453,1210
INTERGENIC,"ENSG00000218350[1,1,1]|retro_human_10026|LYPLA1P3-201|processed_pseudogene|chr6:72345447-72346242(+)",0.68,0.46540880503144655,795
INTERGENIC,"ENSG00000220563[1,1,1]|retro_human_5546|PKMP3-201|transcribed_processed_pseudogene|chr6:86876676-86877491(-)",0.55,0.4883435582822086,815
INTERGENIC,"ENSG00000218561[1,1,1]|retro_human_10287|AL353133.1-201|processed_pseudogene|chr6:87938359-87938860(-)",0.45,0.5109780439121756,501
INTERGENIC,"ENSG00000220553[1,1,1]|retro_human_7661|RPL5P19-201|processed_pseudogene|chr6:93225429-93226422(+)",0.41,0.3856998992950655,993
INTERGENIC,"ENSG00000213187[1,1,1]|retro_human_9882|COPS5P1-201|processed_pseudogene|chr6:94303917-94304802(-)",0.38,0.4124293785310734,885
INTERGENIC,"ENSG00000213183[1,1,1]|retro_human_9886|RPS7P8-201|processed_pseudogene|chr6:97820395-97821076(-)",0.51,0.44052863436123346,681
INTERGENIC,"ENSG00000219139[1,1,1]|retro_human_150|TYMSP1-201|processed_pseudogene|chr6:97825203-97826172(+)",0.38,0.4086687306501548,969
INTERGENIC,"ENSG00000232699[1,1,1]|retro_human_7352|BDH2P1-201|processed_pseudogene|chr6:100349052-100349888(+)",0.53,0.46291866028708134,836
INTERGENIC,"ENSG00000225093[1,1,1]|retro_human_2044|RPL3P7-201|processed_pseudogene|chr6:109181461-109182772(-)",0.52,0.5316552250190694,1311
INTERGENIC,"ENSG00000218208[1,1,1]|retro_human_224|RPS27AP11-201|processed_pseudogene|chr6:114765426-114765973(+)",0.48,0.4149908592321755,547
INTERGENIC,"ENSG00000218180[1,1,1]|retro_human_2556|SLC25A5P7-201|processed_pseudogene|chr6:122840770-122841765(+)",0.63,0.49447236180904525,995
INTERGENIC,"ENSG00000232362[1,1,1]|retro_human_8742|ATP5MGP2-201|processed_pseudogene|chr6:124047920-124048331(-)",0.48,0.43795620437956206,411
INTERGENIC,"ENSG00000217325[1,1,1]|retro_human_11072|PRELID1P1-202|transcribed_processed_pseudogene|chr6:127832064-127833067(+)",0.64,0.5682951146560319,1003
INTERGENIC,"ENSG00000217325[1,1,1]|PRELID1P1-201|transcribed_processed_pseudogene|chr6:127832064-127833067(+)",0.64,0.5682951146560319,1003
INTERGENIC,"ENSG00000219776[1,1,1]|retro_human_11075|RPL21P67-201|processed_pseudogene|chr6:132663469-132664046(+)",0.48,0.42634315424610053,577
INTERGENIC,"ENSG00000220557[1,1,1]|retro_human_7462|HMGB1P13-201|processed_pseudogene|chr6:134063204-134063946(-)",0.46,0.4191374663072776,742
INTERGENIC,"ENSG00000213122[1,1,1]|retro_human_7456|RPL23AP46-201|processed_pseudogene|chr6:134192466-134193056(-)",0.43,0.45084745762711864,590
INTERGENIC,"ENSG00000217027[1,1,1]|retro_human_469|TPT1P4-201|processed_pseudogene|chr6:145393019-145393638(-)",0.52,0.420032310177706,619
INTERGENIC,"ENSG00000216475[1,1,1]|retro_human_463|AL024474.1-201|processed_pseudogene|chr6:145449602-145450293(-)",0.34,0.38205499276411,691
INTERGENIC,"ENSG00000217824[1,1,1]|retro_human_466|SNRPEP6-201|processed_pseudogene|chr6:149763600-149763977(-)",0.56,0.4244031830238727,377
INTERGENIC,"ENSG00000220848[2,1,1]|retro_human_5188|RPS18P9-201|transcribed_processed_pseudogene|chr6:150793767-150794327(+)",0.52,0.5017857142857143,560
INTERGENIC,"ENSG00000220181[1,1,1]|retro_human_10288|MTRES1P1-201|processed_pseudogene|chr6:155751480-155752306(+)",0.44,0.40314769975786924,826
INTERGENIC,"ENSG00000218757[1,1,1]|retro_human_833|AL121952.1-201|processed_pseudogene|chr6:156047025-156047672(-)",0.44,0.4095826893353941,647
INTERGENIC,"ENSG00000217878[1,1,1]|AL136100.1-201|processed_pseudogene|chr6:166483200-166483630(-)",0.53,0.513953488372093,430
INTERGENIC,"ENSG00000273644[1,1,1]|AC215522.1-201|processed_pseudogene|chr7:137212-137758(+)",0.55,0.47619047619047616,546
INTERGENIC,"ENSG00000230444[1,1,1]|retro_human_9902|TFAMP1-201|processed_pseudogene|chr7:1727046-1727882(+)",0.63,0.4055023923444976,836
INTERGENIC,"ENSG00000235828[1,1,1]|retro_human_8678|RPL36AP26-201|processed_pseudogene|chr7:15834646-15835064(-)",0.42,0.423444976076555,418
INTERGENIC,"ENSG00000219451[1,1,1]|retro_human_4810|RPL23P8-201|processed_pseudogene|chr7:20963326-20963854(+)",0.46,0.4602272727272727,528
INTERGENIC,"ENSG00000225308[1,1,1]|retro_human_3235|ASS1P11-201|processed_pseudogene|chr7:21356255-21357571(-)",0.56,0.5425531914893617,1316
INTERGENIC,"ENSG00000233476[1,1,1]|retro_human_3236|EEF1A1P6-201|processed_pseudogene|chr7:22646451-22647936(-)",0.45,0.48215488215488217,1485
INTERGENIC,"ENSG00000232818[1,1,1]|retro_human_10703|RPS2P32-201|processed_pseudogene|chr7:23626830-23627822(+)",0.79,0.6088709677419355,992
INTERGENIC,"ENSG00000226059[1,1,1]|retro_human_8332|HMGB3P20-201|processed_pseudogene|chr7:27118592-27119292(-)",0.53,0.4514285714285714,700
INTERGENIC,"ENSG00000233830[1,1,1]|retro_human_2865|EIF4HP1-201|processed_pseudogene|chr7:27594464-27595251(-)",0.52,0.5374841168996188,787
INTERGENIC,"ENSG00000223437[1,1,1]|retro_human_4681|TMSB4XP3-201|processed_pseudogene|chr7:29763621-29763835(+)",0.46,0.43457943925233644,214
INTERGENIC,"ENSG00000226421[1,1,1]|retro_human_4714|SLC25A5P5-201|processed_pseudogene|chr7:32610655-32611652(+)",0.59,0.5115346038114343,997
INTERGENIC,"ENSG00000237004[1,1,1]|ZNRF2P1-201|transcribed_processed_pseudogene|chr7:32868138-32868681(+)",0.78,0.7550644567219152,543
INTERGENIC,"ENSG00000228015[1,1,1]|AC074338.1-201|processed_pseudogene|chr7:33268496-33268752(-)",0.65,0.56640625,256
INTERGENIC,"ENSG00000242948[1,1,2]|EPS15P1-202|transcribed_processed_pseudogene|chr7:46942723-46944893(+)",0.41,0.35944700460829493,2170
INTERGENIC,"ENSG00000242948[1,1,2]|EPS15P1-201|transcribed_processed_pseudogene|chr7:46942723-46944893(+)",0.41,0.35944700460829493,2170
INTERGENIC,"ENSG00000225507[1,1,1]|AC069282.1-201|processed_pseudogene|chr7:48118965-48119591(+)",0.35,0.3498402555910543,626
INTERGENIC,"ENSG00000270763[1,1,1]|DDX43P2-201|processed_pseudogene|chr7:49419495-49420946(-)",0.39,0.35148173673328736,1451
INTERGENIC,"ENSG00000227344[1,1,1]|retro_human_1461|HAUS6P1-201|processed_pseudogene|chr7:53349212-53350863(+)",0.58,0.3985463355542096,1651
INTERGENIC,"ENSG00000235454[1,1,1]|retro_human_7917|HAUS6P3-201|processed_pseudogene|chr7:54023809-54025016(+)",0.36,0.3852526926263463,1207
INTERGENIC,"ENSG00000213673[1,1,1]|retro_human_7918|SLC25A5P3-201|processed_pseudogene|chr7:54580346-54581331(+)",0.6,0.5076142131979695,985
INTERGENIC,"ENSG00000232612[1,1,1]|retro_human_7920|RPL31P35-201|processed_pseudogene|chr7:54816239-54816716(+)",0.52,0.4381551362683438,477
INTERGENIC,"ENSG00000235207[1,1,1]|retro_human_7931|TUBBP6-201|processed_pseudogene|chr7:55805839-55807271(+)",0.4,0.520949720670391,1432
INTERGENIC,"ENSG00000226342[1,1,1]|retro_human_6155|NMD3P1-201|processed_pseudogene|chr7:65116796-65118384(-)",0.5,0.4093198992443325,1588
INTERGENIC,"ENSG00000227910[2,3,1]|AC092634.3-201|transcribed_processed_pseudogene|chr7:65132608-65134228(-)",0.63,0.48501070663811563,934
INTERGENIC,"ENSG00000232727[1,1,1]|retro_human_4293|YWHAEP1-201|processed_pseudogene|chr7:65641655-65642518(+)",0.61,0.44380069524913096,863
INTERGENIC,"ENSG00000270948[1,1,1]|MTDHP1-201|processed_pseudogene|chr7:66148357-66149241(-)",0.63,0.5169683257918553,884
INTERGENIC,"ENSG00000231234[1,1,1]|retro_human_366|SKP1P1-201|transcribed_processed_pseudogene|chr7:67642999-67643588(-)",0.47,0.43463497453310695,589
INTERGENIC,"ENSG00000225573[1,1,1]|retro_human_5732|RPL35P5-201|processed_pseudogene|chr7:67826336-67826806(-)",0.66,0.5659574468085107,470
INTERGENIC,"ENSG00000230882[1,1,1]|AC005077.4-201|processed_pseudogene|chr7:77358935-77362530(-)",0.63,0.6809457579972183,3595
INTERGENIC,"ENSG00000231087[1,1,1]|retro_human_11229|FDPSP7-201|processed_pseudogene|chr7:78247043-78248197(-)",0.38,0.5060658578856152,1154
INTERGENIC,"ENSG00000227785[1,1,1]|retro_human_6941|AC092013.1-201|processed_pseudogene|chr7:86885849-86886281(-)",0.3,0.39351851851851855,432
INTERGENIC,"ENSG00000213483[1,1,1]|retro_human_10955|NDUFAF4P2-201|processed_pseudogene|chr7:95081376-95081996(+)",0.59,0.4241935483870968,620
INTERGENIC,"ENSG00000232385[1,1,1]|retro_human_1126|RPS3AP25-201|processed_pseudogene|chr7:95930862-95931756(-)",0.4,0.3970917225950783,894
INTERGENIC,"ENSG00000184414[1,1,1]|IRS3P-201|processed_pseudogene|chr7:101810162-101811269(+)",0.78,0.6178861788617886,1107
INTERGENIC,"ENSG00000231167[1,1,1]|retro_human_4527|YBX1P2-201|processed_pseudogene|chr7:106896415-106897514(-)",0.72,0.5605095541401274,1099
INTERGENIC,"ENSG00000250474[1,1,1]|retro_human_4242|WBP1LP2-201|processed_pseudogene|chr7:108944637-108945735(+)",0.57,0.5683060109289617,1098
INTERGENIC,"ENSG00000213261[1,1,1]|retro_human_3886|EEF1B2P6-201|processed_pseudogene|chr7:132979804-132980576(-)",0.57,0.45984455958549225,772
INTERGENIC,"ENSG00000236386[1,1,1]|retro_human_6695|AC009518.2-201|processed_pseudogene|chr7:133212492-133212845(+)",0.45,0.41359773371104813,353
INTERGENIC,"ENSG00000213237[1,1,1]|retro_human_9800|PTMAP10-201|processed_pseudogene|chr7:139713838-139714267(-)",0.53,0.49417249417249415,429
INTERGENIC,"ENSG00000214815[1,1,1]|retro_human_1679|IMPDH1P3-201|processed_pseudogene|chr7:139750333-139751982(+)",0.63,0.5688295936931473,1649
INTERGENIC,"ENSG00000224354[1,1,1]|MTND2P5-201|processed_pseudogene|chr7:143118250-143119356(-)",0.36,0.36347197106690776,1106
INTERGENIC,"ENSG00000225918[1,1,1]|retro_human_10183|RPL7P59-201|processed_pseudogene|chr7:146220269-146221312(-)",0.39,0.40651965484180247,1043
INTERGENIC,"ENSG00000226592[1,1,1]|AC004911.1-201|processed_pseudogene|chr7:146449638-146450610(+)",0.46,0.5720164609053497,972
INTERGENIC,"ENSG00000231397[1,1,1]|AC004941.2-201|processed_pseudogene|chr7:150503587-150503916(-)",0.47,0.45592705167173253,329
INTERGENIC,"ENSG00000213205[1,1,1]|retro_human_4696|STRADBP1-201|processed_pseudogene|chr7:151690875-151692256(-)",0.36,0.4272266473569877,1381
INTERGENIC,"ENSG00000177590[1,1,1]|retro_human_4695|GIMAP3P-201|processed_pseudogene|chr7:151919750-151920686(-)",0.6,0.5480769230769231,936
INTERGENIC,"ENSG00000241134[1,1,1]|retro_human_8724|BET1P1-201|processed_pseudogene|chr7:151922593-151923052(+)",0.57,0.39433551198257083,459
INTERGENIC,"ENSG00000213188[1,1,1]|retro_human_8714|YBX1P4-201|processed_pseudogene|chr7:153301715-153302624(+)",0.73,0.6413641364136413,909
INTERGENIC,"ENSG00000241735[2,1,1]|retro_human_8706|FABP5P3-201|transcribed_processed_pseudogene|chr7:153615387-153616122(+)",0.64,0.4231292517006803,735
INTERGENIC,"ENSG00000020219[1,1,1]|retro_human_8694|CCT8L1P-201|processed_pseudogene|chr7:153618322-153620096(+)",0.63,0.5682074408117249,1774
INTERGENIC,"ENSG00000224324[1,1,1]|retro_human_1962|THAP5P1-201|processed_pseudogene|chr7:159850369-159850731(-)",0.62,0.43922651933701656,362
INTERGENIC,"ENSG00000223508[1,1,1]|retro_human_5381|RPL23AP53-201|transcribed_processed_pseudogene|chr8:9912-10532(-)",0.42,0.4483870967741935,620
INTERGENIC,"ENSG00000284655[1,2,2]|retro_human_10064|chr8:11667049-11673550(-)",0.7,0.5471406491499228,647
INTERGENIC,"ENSG00000233609[1,2,2]|retro_human_10061|RPL10P19-201|transcribed_processed_pseudogene|chr8:10780280-10782969(-)",0.54,0.5863746958637469,822
INTERGENIC,"ENSG00000253488[1,1,1]|SINHCAFP3-201|processed_pseudogene|chr8:23909810-23910539(-)",0.4,0.41426611796982166,729
INTERGENIC,"ENSG00000228451[2,3,3]|retro_human_1205|SDAD1P1-203|transcribed_processed_pseudogene|chr8:26655092-26659563(-)",0.73,0.4136708860759494,3950
INTERGENIC,"ENSG00000228451[2,3,3]|SDAD1P1-201|transcribed_processed_pseudogene|chr8:26655092-26659563(-)",0.73,0.4136708860759494,3950
INTERGENIC,"ENSG00000228451[2,3,2]|SDAD1P1-202|transcribed_processed_pseudogene|chr8:26655768-26659563(-)",0.73,0.4239462431276726,3274
INTERGENIC,"ENSG00000239198[1,1,1]|retro_human_6799|RPL5P22-201|processed_pseudogene|chr8:28577799-28578783(+)",0.49,0.4217479674796748,984
INTERGENIC,"ENSG00000127589[1,1,2]|retro_human_6806|TUBBP1-202|transcribed_processed_pseudogene|chr8:30630726-30632472(+)",0.57,0.5332187857961054,1746
INTERGENIC,"ENSG00000127589[1,1,2]|TUBBP1-201|transcribed_processed_pseudogene|chr8:30630726-30632472(+)",0.57,0.5332187857961054,1746
INTERGENIC,"ENSG00000253570[1,1,1]|retro_human_7602|RNF5P1-201|processed_pseudogene|chr8:38877643-38878286(-)",0.64,0.5723172628304821,643
INTERGENIC,"ENSG00000253943[1,1,1]|retro_human_5561|KRT18P37-201|processed_pseudogene|chr8:41784880-41786262(+)",0.52,0.5492040520984081,1382
INTERGENIC,"ENSG00000254198[1,1,1]|retro_human_4500|AC113191.1-201|processed_pseudogene|chr8:43394877-43395380(-)",0.6,0.42147117296222664,503
INTERGENIC,"ENSG00000253707[1,1,1]|AC022616.5-201|processed_pseudogene|chr8:43558754-43559035(-)",0.36,0.33807829181494664,281
INTERGENIC,"ENSG00000188873[1,1,1]|retro_human_5559|RPL10AP2-201|processed_pseudogene|chr8:47532838-47533590(+)",0.53,0.48138297872340424,752
INTERGENIC,"ENSG00000253840[1,1,1]|AC044836.1-201|processed_pseudogene|chr8:54624876-54625250(+)",0.56,0.5909090909090909,374
INTERGENIC,"ENSG00000241431[1,1,1]|retro_human_5951|RPL37P6-202|transcribed_processed_pseudogene|chr8:56965597-56966100(+)",0.4,0.38966202783300197,503
INTERGENIC,"ENSG00000241431[2,1,1]|RPL37P6-201|transcribed_processed_pseudogene|chr8:56965844-56966100(+)",0.46,0.33984375,256
INTERGENIC,"ENSG00000253964[1,1,1]|retro_human_3290|RPL31P40-201|processed_pseudogene|chr8:68720095-68720568(-)",0.5,0.45665961945031713,473
INTERGENIC,"ENSG00000253229[1,1,1]|retro_human_4139|HIGD1AP6-201|processed_pseudogene|chr8:75731707-75732086(+)",0.47,0.44854881266490765,379
INTERGENIC,"ENSG00000188856[1,1,1]|retro_human_4135|RPSAP47-201|processed_pseudogene|chr8:80990408-80991396(+)",0.47,0.5080971659919028,988
INTERGENIC,"ENSG00000253401[1,1,1]|VTA1P2-201|processed_pseudogene|chr8:88698871-88699882(-)",0.39,0.35509396636993074,1011
INTERGENIC,"ENSG00000240509[1,1,1]|retro_human_6048|RPL34P18-201|processed_pseudogene|chr8:95082369-95082823(-)",0.44,0.4185022026431718,454
INTERGENIC,"ENSG00000243504[1,1,1]|retro_human_10448|RPS23P1-201|processed_pseudogene|chr8:98990501-98991033(+)",0.56,0.44548872180451127,532
INTERGENIC,"ENSG00000212994[1,1,1]|retro_human_4954|RPS26P6-201|processed_pseudogene|chr8:102021433-102021881(+)",0.52,0.5178571428571429,448
INTERGENIC,"ENSG00000228224[2,1,1]|NACA4P-202|transcribed_processed_pseudogene|chr8:102494576-102495317(+)",0.54,0.45883940620782726,741
INTERGENIC,"ENSG00000253795[1,1,1]|MTND1P5-201|processed_pseudogene|chr8:104213538-104214578(+)",0.35,0.34423076923076923,1040
INTERGENIC,"ENSG00000275905[1,1,1]|retro_human_6860|chr8:108108679-108109384(-)",0.4,0.4666666666666667,705
INTERGENIC,"ENSG00000240590[1,1,1]|retro_human_6857|RPSAP48-201|processed_pseudogene|chr8:111233695-111234684(-)",0.45,0.448938321536906,989
INTERGENIC,"ENSG00000239872[1,1,1]|retro_human_1419|RPL35AP19-201|processed_pseudogene|chr8:122510308-122510737(-)",0.48,0.42657342657342656,429
INTERGENIC,"ENSG00000225259[1,1,1]|retro_human_10883|ST13P6-201|processed_pseudogene|chr8:134531819-134533021(+)",0.63,0.478369384359401,1202
INTERGENIC,"ENSG00000270639[1,1,1]|ECM1P1-201|processed_pseudogene|chr9:4773679-4775058(-)",0.53,0.5293691080493111,1379
INTERGENIC,"ENSG00000230207[1,1,1]|retro_human_10628|RPL4P5-201|processed_pseudogene|chr9:7473529-7474905(-)",0.64,0.49781976744186046,1376
INTERGENIC,"ENSG00000223568[1,1,1]|retro_human_4436|RPL3P11-201|processed_pseudogene|chr9:14050171-14051417(-)",0.51,0.4959871589085072,1246
INTERGENIC,"ENSG00000214110[1,1,1]|retro_human_10629|LDHAP4-201|transcribed_processed_pseudogene|chr9:14931065-14932163(-)",0.45,0.4444444444444444,1098
INTERGENIC,"ENSG00000229835[1,1,1]|retro_human_9020|KHSRPP1-201|processed_pseudogene|chr9:21709327-21711196(+)",0.54,0.5837346174424826,1869
INTERGENIC,"ENSG00000229834[1,1,1]|retro_human_3147|AL354676.1-201|processed_pseudogene|chr9:29649615-29650083(+)",0.56,0.5341880341880342,468
INTERGENIC,"ENSG00000232060[1,1,1]|SLC4A1APP1-201|processed_pseudogene|chr9:30574134-30574836(-)",0.39,0.42450142450142453,702
INTERGENIC,"ENSG00000215210[1,1,1]|retro_human_3148|RBMXP2-201|processed_pseudogene|chr9:30704378-30705646(+)",0.46,0.471608832807571,1268
INTERGENIC,"ENSG00000233278[1,1,1]|retro_human_3916|RPS26P2-201|processed_pseudogene|chr9:30847432-30847880(-)",0.46,0.5,448
INTERGENIC,"ENSG00000223807[1,1,1]|retro_human_3144|BOLA3P4-201|processed_pseudogene|chr9:32942584-32943085(+)",0.61,0.46506986027944114,501
INTERGENIC,"ENSG00000237437[1,1,1]|retro_human_3141|ASS1P12-201|processed_pseudogene|chr9:32962525-32963852(+)",0.57,0.5455915599095704,1327
INTERGENIC,"ENSG00000234373[1,1,1]|SNX18P7-201|processed_pseudogene|chr9:33594853-33595588(+)",0.52,0.4965986394557823,735
INTERGENIC,"ENSG00000231991[1,1,1]|retro_human_3142|ANXA2P2-201|processed_pseudogene|chr9:33642730-33643850(+)",0.55,0.49375,1120
INTERGENIC,"ENSG00000237984[1,1,2]|PTENP1-201|transcribed_processed_pseudogene|chr9:33693897-33695212(-)",0.47,0.38631178707224334,1315
INTERGENIC,"ENSG00000233148[1,1,1]|retro_human_7309|SYF2P2-201|processed_pseudogene|chr9:35029834-35030517(+)",0.53,0.3923865300146413,683
INTERGENIC,"ENSG00000227852[1,1,1]|retro_human_8596|RPS29P17-201|processed_pseudogene|chr9:35613398-35613664(+)",0.49,0.46616541353383456,266
INTERGENIC,"ENSG00000213866[1,1,1]|retro_human_4319|YBX1P10-201|processed_pseudogene|chr9:35992967-35994042(-)",0.74,0.5655813953488372,1075
INTERGENIC,"ENSG00000187988[1,1,1]|retro_human_2770|KCTD9P3-201|processed_pseudogene|chr9:37500810-37502079(+)",0.66,0.43577620173364856,1269
INTERGENIC,"ENSG00000237846[1,1,1]|AL773545.3-201|processed_pseudogene|chr9:40120069-40120877(+)",0.61,0.625,808
INTERGENIC,"ENSG00000268234[1,1,1]|retro_human_5892|FKBP4P6-201|processed_pseudogene|chr9:43937857-43939289(+)",0.65,0.5460893854748603,1432
INTERGENIC,"ENSG00000213816[1,1,1]|retro_human_7403|CNN2P4-201|processed_pseudogene|chr9:44524644-44525648(-)",0.68,0.598605577689243,1004
INTERGENIC,"ENSG00000235832[1,1,1]|retro_human_3938|CNN2P3-201|processed_pseudogene|chr9:42935508-42936514(+)",0.67,0.5904572564612326,1006
INTERGENIC,"ENSG00000274355[1,1,1]|FAM74A3-201|transcribed_processed_pseudogene|chr9:78748577-78749149(-)",0.55,0.506993006993007,572
INTERGENIC,"ENSG00000278763[1,1,1]|FAM27B-201|processed_pseudogene|chr9:79508323-79508636(-)",0.54,0.549520766773163,313
INTERGENIC,"ENSG00000229814[1,1,1]|retro_human_770|RPL35AP21-201|processed_pseudogene|chr9:83740010-83740443(+)",0.5,0.43187066974595845,433
INTERGENIC,"ENSG00000236060[1,1,1]|retro_human_6994|HSPB1P1-201|processed_pseudogene|chr9:84158470-84158826(-)",0.45,0.598314606741573,356
INTERGENIC,"ENSG00000224820[1,1,1]|retro_human_6993|BTF3P4-201|processed_pseudogene|chr9:84258621-84259216(-)",0.54,0.47058823529411764,595
INTERGENIC,"ENSG00000186940[1,1,1]|retro_human_1914|CHCHD2P9-201|processed_pseudogene|chr9:91549630-91550186(+)",0.65,0.5971223021582733,556
INTERGENIC,"ENSG00000217716[1,1,1]|retro_human_6970|RPS10P3-201|processed_pseudogene|chr9:100170346-100170940(+)",0.5,0.5218855218855218,594
INTERGENIC,"ENSG00000224809[1,1,1]|retro_human_8162|BEND3P2-201|processed_pseudogene|chr9:104337697-104340051(+)",0.43,0.5696686491079015,2354
INTERGENIC,"ENSG00000224546[1,1,1]|retro_human_8157|EIF4BP3-201|processed_pseudogene|chr9:108317314-108319264(+)",0.44,0.49333333333333335,1950
INTERGENIC,"ENSG00000224848[1,7,2]|retro_human_2654|chr9:108858748-108945807(+)",0.74,0.5418583256669733,1087
INTERGENIC,"ENSG00000197214[1,1,1]|retro_human_2650|TCEA1P1-201|processed_pseudogene|chr9:109239474-109240454(+)",0.63,0.4459183673469388,980
INTERGENIC,"ENSG00000228376[1,1,2]|GAS2L1P2-202|transcribed_processed_pseudogene|chr9:109247970-109249426(-)",0.7,0.6703296703296703,1456
INTERGENIC,"ENSG00000228376[1,1,2]|GAS2L1P2-201|transcribed_processed_pseudogene|chr9:109247970-109249426(-)",0.7,0.6703296703296703,1456
INTERGENIC,"ENSG00000255815[1,1,1]|retro_human_9147|KRT8P11-201|processed_pseudogene|chr9:111476810-111478346(+)",0.59,0.5872395833333334,1536
INTERGENIC,"ENSG00000230284[1,1,1]|retro_human_5645|AL160275.1-201|processed_pseudogene|chr9:126888281-126888775(-)",0.36,0.3825910931174089,494
INTERGENIC,"ENSG00000238181[1,1,1]|retro_human_8346|AHCYP2-201|processed_pseudogene|chr9:132916778-132918176(+)",0.58,0.555793991416309,1398
INTERGENIC,"ENSG00000270917[1,1,1]|AL161911.1-201|processed_pseudogene|chr9:133008583-133009054(-)",0.48,0.5074309978768577,471
INTERGENIC,"ENSG00000213467[1,1,1]|retro_human_288|HMGB1P37-201|processed_pseudogene|chr9:133715799-133716508(-)",0.49,0.4386459802538787,709
INTERGENIC,"ENSG00000226783[1,1,1]|retro_human_8347|TLK1P1-201|processed_pseudogene|chr9:134883206-134885746(+)",0.63,0.4094488188976378,2540
INTERGENIC,"ENSG00000227845[1,1,1]|retro_human_5251|AL627223.1-201|processed_pseudogene|chr9:137571458-137572000(-)",0.5,0.488929889298893,542
INTERGENIC,"ENSG00000213590[1,1,1]|AL807752.1-201|processed_pseudogene|chr9:149170149-149171566(+)",0.49,0.43754410726887794,1417
INTERGENIC,"ENSG00000215313[1,1,1]|retro_human_11065|RPL6P30-201|processed_pseudogene|chrX:15781884-15782846(-)",0.34,0.4282744282744283,962
INTERGENIC,"ENSG00000236160[1,1,1]|AC005345.1-201|processed_pseudogene|chrX:26244635-26244952(-)",0.3,0.30914826498422715,317
INTERGENIC,"ENSG00000232368[1,1,1]|retro_human_6270|FTLP2-201|processed_pseudogene|chrX:30222349-30222977(+)",0.55,0.5557324840764332,628
INTERGENIC,"ENSG00000225384[1,1,1]|AL606662.1-201|processed_pseudogene|chrX:34312051-34312720(-)",0.28,0.36472346786248133,669
INTERGENIC,"ENSG00000230227[1,1,1]|retro_human_6264|SIAH1P1-201|processed_pseudogene|chrX:35221130-35222153(+)",0.55,0.45161290322580644,1023
INTERGENIC,"ENSG00000271519[1,1,1]|AL590065.1-201|processed_pseudogene|chrX:35460376-35465250(+)",0.23,0.39762002462043494,4874
INTERGENIC,"ENSG00000216866[1,1,1]|retro_human_7111|RPS2P55-201|processed_pseudogene|chrX:40336112-40337095(-)",0.49,0.572736520854527,983
INTERGENIC,"ENSG00000228847[1,1,1]|retro_human_7100|ATP5MC2P4-201|processed_pseudogene|chrX:41503650-41504170(-)",0.6,0.5673076923076923,520
INTERGENIC,"ENSG00000229145[1,1,1]|retro_human_4966|ACTBP1-201|processed_pseudogene|chrX:45695245-45696458(-)",0.54,0.5482275350370981,1213
INTERGENIC,"ENSG00000235587[1,1,1]|retro_human_10405|GAPDHP65-201|processed_pseudogene|chrX:45846644-45847750(-)",0.53,0.5379746835443038,1106
INTERGENIC,"ENSG00000235636[1,1,1]|retro_human_4873|NUS1P1-201|processed_pseudogene|chrX:46922440-46923422(-)",0.7,0.5437881873727087,982
INTERGENIC,"ENSG00000220125[1,1,1]|MRPL32P1-201|processed_pseudogene|chrX:47992046-47992393(-)",0.4,0.45244956772334294,347
INTERGENIC,"ENSG00000230216[1,1,1]|retro_human_5303|HSPB1P2-201|processed_pseudogene|chrX:48645765-48646411(-)",0.62,0.6578947368421053,646
INTERGENIC,"ENSG00000213856[1,1,1]|retro_human_1435|VDAC1P2-201|processed_pseudogene|chrX:48948284-48949234(-)",0.62,0.48,950
INTERGENIC,"ENSG00000236735[1,1,1]|retro_human_8840|RPL31P63-201|processed_pseudogene|chrX:67033573-67034048(+)",0.44,0.4336842105263158,475
INTERGENIC,"ENSG00000230629[1,1,1]|retro_human_8839|RPS23P8-201|processed_pseudogene|chrX:69396987-69397417(+)",0.5,0.4232558139534884,430
INTERGENIC,"ENSG00000224617[1,1,1]|retro_human_152|BX276092.1-201|processed_pseudogene|chrX:70223095-70223446(-)",0.48,0.43874643874643876,351
INTERGENIC,"ENSG00000204118[2,1,1]|retro_human_164|NAP1L6P-201|transcribed_processed_pseudogene|chrX:71559514-71561661(-)",0.49,0.4778761061946903,2147
INTERGENIC,"ENSG00000204118[1,1,2]|NAP1L6P-202|transcribed_processed_pseudogene|chrX:71559991-71561316(-)",0.5,0.48603773584905663,1325
INTERGENIC,"ENSG00000233162[1,1,1]|retro_human_9909|MORF4L1P6-201|processed_pseudogene|chrX:71907892-71908260(+)",0.38,0.38315217391304346,368
INTERGENIC,"ENSG00000213695[1,1,1]|retro_human_4391|RPS7P14-201|processed_pseudogene|chrX:72842927-72843610(+)",0.51,0.43191800878477304,683
INTERGENIC,"ENSG00000213684[1,1,1]|retro_human_1325|LDHBP2-201|processed_pseudogene|chrX:74768572-74769677(-)",0.47,0.4144796380090498,1105
INTERGENIC,"ENSG00000235447[1,1,1]|retro_human_4289|TRAPPC13P1-201|processed_pseudogene|chrX:75089258-75090420(-)",0.35,0.34165232358003444,1162
INTERGENIC,"ENSG00000073905[1,1,1]|retro_human_4004|VDAC1P1-201|processed_pseudogene|chrX:79363230-79364178(+)",0.63,0.47890295358649787,948
INTERGENIC,"ENSG00000237506[1,1,1]|retro_human_9816|RPSAP15-201|processed_pseudogene|chrX:86130309-86131270(-)",0.47,0.5098855359001041,961
INTERGENIC,"ENSG00000228301[1,1,1]|retro_human_9084|RPL7P55-201|processed_pseudogene|chrX:92018909-92019755(+)",0.44,0.38416075650118203,846
INTERGENIC,"ENSG00000223467[1,1,1]|retro_human_9082|CALM1P1-201|processed_pseudogene|chrX:93945593-93946126(+)",0.54,0.42213883677298314,533
INTERGENIC,"ENSG00000270813[1,1,1]|NANOGNBP3-201|processed_pseudogene|chrX:99781797-99782462(-)",0.37,0.4120300751879699,665
INTERGENIC,"ENSG00000234901[1,1,1]|MTND6P13-201|processed_pseudogene|chrX:100453073-100453696(-)",0.28,0.3290529695024077,623
INTERGENIC,"ENSG00000176318[1,1,1]|retro_human_4010|FOXN3P1-201|processed_pseudogene|chrX:100991163-100992743(-)",0.55,0.5348101265822784,1580
INTERGENIC,"ENSG00000235946[1,1,1]|H2BW3P-1|processed_pseudogene|chrX:102503556-102504152(-)",0.54,0.5906040268456376,596
INTERGENIC,"ENSG00000204053[1,1,1]|retro_human_1558|MYCLP1-201|processed_pseudogene|chrX:105708931-105710106(+)",0.57,0.5668085106382978,1175
INTERGENIC,"ENSG00000225366[1,1,1]|TDGF1P3-202|transcribed_processed_pseudogene|chrX:108968165-108970975(+)",0.39,0.4370106761565836,2810
INTERGENIC,"ENSG00000225031[1,1,1]|retro_human_10170|EIF4BP7-201|processed_pseudogene|chrX:110067866-110069779(-)",0.43,0.49189754312598016,1913
INTERGENIC,"ENSG00000233382[2,3,2]|NKAPP1-201|transcribed_processed_pseudogene|chrX:118611464-118620380(-)",0.51,0.43621236133122027,2524
INTERGENIC,"ENSG00000233382[2,3,2]|NKAPP1-206|transcribed_processed_pseudogene|chrX:118611464-118620380(-)",0.51,0.43621236133122027,2524
INTERGENIC,"ENSG00000233382[2,1,3]|NKAPP1-205|transcribed_processed_pseudogene|chrX:118619765-118620380(-)",0.51,0.5886178861788618,615
INTERGENIC,"ENSG00000179101[1,1,1]|retro_human_5694|H3P47-201|processed_pseudogene|chrX:121823152-121823652(+)",0.6,0.508,500
INTERGENIC,"ENSG00000235735[1,1,1]|retro_human_10508|RPL7AP72-201|processed_pseudogene|chrX:126626732-126627600(+)",0.51,0.45852534562211983,868
INTERGENIC,"ENSG00000226339[1,1,1]|retro_human_1142|RPS26P56-201|processed_pseudogene|chrX:127726858-127727198(+)",0.32,0.4264705882352941,340
INTERGENIC,"ENSG00000221930[1,1,2]|retro_human_1140|DENND10P1-202|transcribed_processed_pseudogene|chrX:128814738-128816462(+)",0.43,0.4466357308584687,1724
INTERGENIC,"ENSG00000221930[1,1,2]|DENND10P1-201|transcribed_processed_pseudogene|chrX:128814738-128816462(+)",0.43,0.4466357308584687,1724
INTERGENIC,"ENSG00000235190[1,1,1]|retro_human_8170|AL008629.1-201|processed_pseudogene|chrX:130261829-130262113(+)",0.33,0.38028169014084506,284
INTERGENIC,"ENSG00000224908[1,1,1]|retro_human_1|TIMM8BP2-201|processed_pseudogene|chrX:132491778-132492129(+)",0.51,0.4985754985754986,351
INTERGENIC,"ENSG00000225769[1,1,1]|retro_human_10193|CROCCP1-201|processed_pseudogene|chrX:133758652-133764427(+)",0.63,0.6562770562770562,5775
INTERGENIC,"ENSG00000231513[1,1,1]|retro_human_1930|E2F6P4-201|processed_pseudogene|chrX:134406185-134406799(-)",0.64,0.44625407166123776,614
INTERGENIC,"ENSG00000225125[1,1,1]|retro_human_9815|RANP4-201|processed_pseudogene|chrX:135115874-135116629(-)",0.51,0.41589403973509936,755
INTERGENIC,"ENSG00000225400[1,1,1]|retro_human_4693|RAB28P5-201|processed_pseudogene|chrX:135156054-135156805(+)",0.6,0.42876165113182424,751
INTERGENIC,"ENSG00000214748[1,1,1]|AL355309.1-201|processed_pseudogene|chrX:135634953-135635130(-)",0.59,0.5706214689265536,177
INTERGENIC,"ENSG00000214653[1,1,1]|retro_human_3816|HNRNPA3P3-201|processed_pseudogene|chrX:138344218-138345455(+)",0.56,0.45755860953920774,1237
INTERGENIC,"ENSG00000219507[1,1,1]|retro_human_7217|FTH1P8-201|processed_pseudogene|chrX:146317710-146318324(+)",0.68,0.511400651465798,614
INTERGENIC,"ENSG00000234825[1,1,1]|retro_human_902|XRCC6P2-201|processed_pseudogene|chrX:148498583-148500505(-)",0.45,0.4745057232049948,1922
INTERGENIC,"ENSG00000230508[1,1,1]|retro_human_10870|RPL19P21-201|processed_pseudogene|chrX:149260918-149261609(+)",0.49,0.507959479015919,691
INTERGENIC,"ENSG00000223940[1,1,1]|retro_human_10901|KRT8P8-201|processed_pseudogene|chrX:150746127-150747675(+)",0.6,0.6007751937984496,1548
INTERGENIC,"ENSG00000229237[1,1,1]|retro_human_7212|HMGN1P37-201|processed_pseudogene|chrX:153053447-153053850(-)",0.71,0.511166253101737,403
INTERGENIC,"ENSG00000235175[1,1,1]|retro_human_10013|RPL26P37-201|processed_pseudogene|chrY:5473271-5473809(-)",0.45,0.4163568773234201,538
INTERGENIC,"ENSG00000236599[1,1,1]|ELOCP26-201|processed_pseudogene|chrY:19085366-19085795(-)",0.42,0.35664335664335667,429
INTERGENIC,"ENSG00000270811[1,1,1]|AL590095.1-201|processed_pseudogene|chr10:7153849-7154066(+)",0.44,0.41013824884792627,217
INTERGENIC,"ENSG00000203414[1,1,1]|BTBD7P1-201|processed_pseudogene|chr10:13171256-13172811(-)",0.46,0.445016077170418,1555
INTERGENIC,"ENSG00000236582[1,1,1]|retro_human_10748|PRPF38AP2-201|processed_pseudogene|chr10:17595812-17596763(+)",0.47,0.47213459516298634,951
INTERGENIC,"ENSG00000227462[1,1,1]|retro_human_10348|PSME2P6-201|processed_pseudogene|chr10:22244706-22245133(+)",0.39,0.4637002341920375,427
INTERGENIC,"ENSG00000233318[1,1,1]|retro_human_10347|RPL31P45-201|processed_pseudogene|chr10:22285973-22286429(+)",0.47,0.46271929824561403,456
INTERGENIC,"ENSG00000229932[1,1,1]|retro_human_10346|YWHAZP3-201|processed_pseudogene|chr10:23155872-23156710(+)",0.56,0.45346062052505964,838
INTERGENIC,"ENSG00000230445[3,1,3]|retro_human_6725|LRRC37A6P-202|transcribed_processed_pseudogene|chr10:27277269-27280627(-)",0.57,0.47409172126265636,3358
INTERGENIC,"ENSG00000230445[3,1,3]|LRRC37A6P-201|transcribed_processed_pseudogene|chr10:27277269-27280627(-)",0.57,0.47409172126265636,3358
INTERGENIC,"ENSG00000237956[1,1,1]|retro_human_6723|TRIAP1P1-201|processed_pseudogene|chr10:27408223-27408548(-)",0.49,0.4646153846153846,325
INTERGENIC,"ENSG00000229605[1,1,1]|RPL21P93-201|processed_pseudogene|chr10:28930832-28931421(-)",0.47,0.4159592529711375,589
INTERGENIC,"ENSG00000224473[1,1,1]|retro_human_6720|CCND3P1-201|processed_pseudogene|chr10:30434149-30434829(-)",0.66,0.575,680
INTERGENIC,"ENSG00000234335[1,1,1]|retro_human_1281|RPS4XP11-201|processed_pseudogene|chr10:32131451-32132323(-)",0.5,0.45298165137614677,872
INTERGENIC,"ENSG00000217094[1,1,1]|retro_human_1282|PPIAP31-201|processed_pseudogene|chr10:32217328-32217923(-)",0.55,0.47394957983193275,595
INTERGENIC,"ENSG00000232525[1,1,1]|retro_human_4022|SS18L2P1-201|processed_pseudogene|chr10:34903677-34903990(+)",0.57,0.4952076677316294,313
INTERGENIC,"ENSG00000229644[1,1,1]|retro_human_7133|NAMPTP1-201|processed_pseudogene|chr10:36552989-36555603(-)",0.58,0.3565416985462892,2614
INTERGENIC,"ENSG00000227264[1,1,1]|retro_human_611|ACTR3BP5-201|processed_pseudogene|chr10:38756850-38758429(+)",0.59,0.4357188093730209,1579
INTERGENIC,"ENSG00000234420[1,1,2]|retro_human_115|ZNF37BP-203|transcribed_processed_pseudogene|chr10:43397188-43398640(-)",0.29,0.3774104683195592,1452
INTERGENIC,"ENSG00000234420[2,4,3]|ZNF37BP-202|transcribed_processed_pseudogene|chr10:43398314-43430421(-)",0.59,0.4967191601049869,3048
INTERGENIC,"ENSG00000234420[2,4,3]|ZNF37BP-201|transcribed_processed_pseudogene|chr10:43398314-43430421(-)",0.59,0.4967191601049869,3048
INTERGENIC,"ENSG00000234420[2,4,3]|ZNF37BP-204|transcribed_processed_pseudogene|chr10:43398314-43430421(-)",0.59,0.4967191601049869,3048
INTERGENIC,"ENSG00000232004[1,1,1]|retro_human_974|CAP1P2-201|processed_pseudogene|chr10:44485714-44487223(-)",0.53,0.48111332007952284,1509
INTERGENIC,"ENSG00000228462[1,1,1]|retro_human_5884|RPS19P7-201|processed_pseudogene|chr10:45954081-45954577(-)",0.39,0.4959677419354839,496
INTERGENIC,"ENSG00000270434[1,1,1]|AC012044.1-201|processed_pseudogene|chr10:46693662-46694059(-)",0.51,0.5465994962216625,397
INTERGENIC,"ENSG00000280012[1,1,1]|retro_human_7378|RPL23AP61-201|processed_pseudogene|chr10:46944091-46944657(+)",0.47,0.46113074204946997,566
INTERGENIC,"ENSG00000225137[1,1,1]|retro_human_7763|DYNC1I2P1-201|processed_pseudogene|chr10:51113111-51115049(+)",0.49,0.43550051599587203,1938
INTERGENIC,"ENSG00000231345[2,1,2]|BEND3P1-202|transcribed_processed_pseudogene|chr10:51507087-51509131(+)",0.53,0.5924657534246576,2044
INTERGENIC,"ENSG00000231345[2,1,2]|BEND3P1-201|transcribed_processed_pseudogene|chr10:51507087-51509131(+)",0.53,0.5924657534246576,2044
INTERGENIC,"ENSG00000236993[1,1,1]|retro_human_273|GAPDHP21-201|processed_pseudogene|chr10:56517657-56518767(-)",0.54,0.5063063063063064,1110
INTERGENIC,"ENSG00000227173[1,1,1]|retro_human_6416|MYL6P3-201|processed_pseudogene|chr10:66029161-66029693(-)",0.48,0.4981203007518797,532
INTERGENIC,"ENSG00000234102[1,1,1]|retro_human_645|KRT19P4-201|processed_pseudogene|chr10:69129678-69130721(+)",0.56,0.5618408437200384,1043
INTERGENIC,"ENSG00000230469[1,1,1]|retro_human_3049|RPL5P26-201|processed_pseudogene|chr10:70646942-70647919(+)",0.46,0.4227226202661208,977
INTERGENIC,"ENSG00000224725[1,1,1]|retro_human_3050|CEP57L1P1-201|processed_pseudogene|chr10:71258445-71259747(+)",0.46,0.3847926267281106,1302
INTERGENIC,"ENSG00000229659[1,1,1]|retro_human_10736|RPL26P6-201|processed_pseudogene|chr10:74293623-74294161(-)",0.46,0.41263940520446096,538
INTERGENIC,"ENSG00000235316[3,1,2]|retro_human_8506|DUSP8P5-201|processed_pseudogene|chr10:74603697-74605462(+)",0.55,0.624929178470255,1765
INTERGENIC,"ENSG00000227271[1,1,1]|retro_human_5630|RPL39P25-201|processed_pseudogene|chr10:76142859-76143113(-)",0.49,0.4645669291338583,254
INTERGENIC,"ENSG00000278616[1,1,1]|BEND3P3-201|processed_pseudogene|chr10:80552248-80554788(+)",0.44,0.5909448818897638,2540
INTERGENIC,"ENSG00000227515[1,1,1]|retro_human_11114|C1DP4-201|processed_pseudogene|chr10:80909742-80910266(-)",0.47,0.3931297709923664,524
INTERGENIC,"ENSG00000230171[1,1,1]|retro_human_3425|RPL22P18-201|processed_pseudogene|chr10:80995015-80995492(+)",0.42,0.38784067085953877,477
INTERGENIC,"ENSG00000234192[1,1,1]|retro_human_8912|RPS26P38-201|processed_pseudogene|chr10:88526452-88526900(+)",0.46,0.47767857142857145,448
INTERGENIC,"ENSG00000228938[1,1,1]|retro_human_4210|SNRPD2P1-201|processed_pseudogene|chr10:90862177-90862631(+)",0.55,0.552863436123348,454
INTERGENIC,"ENSG00000236493[1,1,1]|retro_human_1803|EIF2S2P3-201|processed_pseudogene|chr10:93548036-93549135(-)",0.52,0.4140127388535032,1099
INTERGENIC,"ENSG00000180764[1,1,2]|retro_human_3362|PIPSL-201|transcribed_processed_pseudogene|chr10:94837851-94840684(-)",0.56,0.5104129897635016,2833
INTERGENIC,"ENSG00000180764[1,1,2]|PIPSL-202|transcribed_processed_pseudogene|chr10:94837851-94840684(-)",0.56,0.5104129897635016,2833
INTERGENIC,"ENSG00000236552[1,1,1]|retro_human_9717|RPL13AP5-201|processed_pseudogene|chr10:97631471-97632183(+)",0.52,0.5351123595505618,712
INTERGENIC,"ENSG00000236937[1,1,1]|retro_human_3802|PTGES3P4-201|processed_pseudogene|chr10:103731329-103731785(+)",0.46,0.4057017543859649,456
INTERGENIC,"ENSG00000229256[1,1,1]|retro_human_3807|ST13P13-201|processed_pseudogene|chr10:104101907-104103099(+)",0.54,0.4488255033557047,1192
INTERGENIC,"ENSG00000270333[1,1,1]|AL390123.1-201|processed_pseudogene|chr10:110551732-110552069(+)",0.47,0.4124629080118694,337
INTERGENIC,"ENSG00000237642[1,1,1]|retro_human_9283|HMGB3P5-201|processed_pseudogene|chr10:111334394-111335107(+)",0.38,0.4011220196353436,713
INTERGENIC,"ENSG00000236058[1,1,1]|retro_human_4184|RPL17P36-201|processed_pseudogene|chr10:119767353-119768003(-)",0.41,0.4169230769230769,650
INTERGENIC,"ENSG00000227437[1,1,1]|retro_human_8900|RPS8P4-201|processed_pseudogene|chr10:120535982-120536709(+)",0.59,0.5213204951856947,727
INTERGENIC,"ENSG00000220842[1,1,1]|retro_human_4182|RPL21P16-201|processed_pseudogene|chr10:121252722-121253304(-)",0.48,0.42439862542955326,582
INTERGENIC,"ENSG00000255624[1,1,2]|C10orf88B-202|transcribed_processed_pseudogene|chr10:123754618-123773754(+)",0.55,0.3722312263641275,1851
INTERGENIC,"ENSG00000255624[1,1,2]|C10orf88B-201|transcribed_processed_pseudogene|chr10:123754618-123773754(+)",0.55,0.3722312263641275,1851
INTERGENIC,"ENSG00000227586[1,1,1]|retro_human_4180|RPS26P39-201|processed_pseudogene|chr10:124046506-124046947(-)",0.46,0.4897959183673469,441
INTERGENIC,"ENSG00000270902[1,1,1]|retro_human_4192|AL160290.2-201|processed_pseudogene|chr10:124199886-124200151(-)",0.48,0.39245283018867927,265
INTERGENIC,"ENSG00000213438[1,1,1]|retro_human_8495|YBX2P1-201|processed_pseudogene|chr10:124869044-124869904(+)",0.81,0.6197674418604651,860
INTERGENIC,"ENSG00000213147[1,1,1]|retro_human_7516|RPL23AP60-1|processed_pseudogene|chr10:134745834-134746388(+)",0.41,0.4657039711191336,554
INTERGENIC,"ENSG00000273813[1,1,1]|AC109309.2-201|processed_pseudogene|chr11:3380391-3380774(-)",0.44,0.5195822454308094,383
INTERGENIC,"ENSG00000270435[1,1,1]|retro_human_3533|AC068733.2-201|processed_pseudogene|chr11:6355561-6357079(-)",0.5,0.3787878787878788,1518
INTERGENIC,"ENSG00000254781[1,1,1]|GVINP2-201|processed_pseudogene|chr11:6806524-6808818(+)",0.43,0.36573670444638184,2294
INTERGENIC,"ENSG00000243964[1,1,1]|retro_human_10211|RPL23AP65-201|processed_pseudogene|chr11:9690251-9690819(+)",0.53,0.47007042253521125,568
INTERGENIC,"ENSG00000212789[1,1,1]|retro_human_5908|ST13P5-201|processed_pseudogene|chr11:18357458-18358668(+)",0.6,0.4727272727272727,1210
INTERGENIC,"ENSG00000257043[1,1,1]|retro_human_5911|SRSF3P1-201|processed_pseudogene|chr11:18763081-18763680(+)",0.44,0.48080133555926546,599
INTERGENIC,"ENSG00000224411[1,1,1]|retro_human_2757|HSP90AA2P-201|processed_pseudogene|chr11:28029421-28031717(-)",0.59,0.4220383275261324,2296
INTERGENIC,"ENSG00000244267[1,1,1]|retro_human_6749|RPL34P22-201|processed_pseudogene|chr11:44785324-44785742(+)",0.45,0.4449760765550239,418
INTERGENIC,"ENSG00000254589[1,1,1]|retro_human_1015|EIF4A2P3-201|processed_pseudogene|chr11:58191394-58192549(-)",0.37,0.3774891774891775,1155
INTERGENIC,"ENSG00000243742[1,3,2]|RPLP0P2-206|transcribed_processed_pseudogene|chr11:61603855-61628370(+)",0.45,0.5249742533470649,3884
INTERGENIC,"ENSG00000243742[1,3,2]|RPLP0P2-203|transcribed_processed_pseudogene|chr11:61603855-61628370(+)",0.45,0.5249742533470649,3884
INTERGENIC,"ENSG00000243742[1,3,2]|RPLP0P2-202|transcribed_processed_pseudogene|chr11:61603855-61628370(+)",0.45,0.5249742533470649,3884
INTERGENIC,"ENSG00000243742[1,3,2]|RPLP0P2-201|transcribed_processed_pseudogene|chr11:61603855-61628370(+)",0.45,0.5249742533470649,3884
INTERGENIC,"ENSG00000243742[1,3,2]|RPLP0P2-205|transcribed_processed_pseudogene|chr11:61603855-61628370(+)",0.45,0.5249742533470649,3884
INTERGENIC,"ENSG00000243742[2,1,1]|retro_human_9977|RPLP0P2-204|transcribed_processed_pseudogene|chr11:61625498-61626559(+)",0.5,0.5381715362865221,1061
INTERGENIC,"ENSG00000254455[1,1,1]|retro_human_8815|HIGD1AP10-201|processed_pseudogene|chr11:65138928-65139310(-)",0.49,0.4476439790575916,382
INTERGENIC,"ENSG00000255200[1,1,2]|retro_human_8813|PGAM1P8-202|transcribed_processed_pseudogene|chr11:65168292-65168845(-)",0.58,0.5424954792043399,553
INTERGENIC,"ENSG00000255200[1,1,2]|PGAM1P8-201|transcribed_processed_pseudogene|chr11:65168292-65168845(-)",0.58,0.5424954792043399,553
INTERGENIC,"ENSG00000239559[1,1,1]|retro_human_5513|RPL37P2-201|processed_pseudogene|chr11:67677651-67678038(-)",0.47,0.4599483204134367,387
INTERGENIC,"ENSG00000213333[1,1,1]|retro_human_2208|NPM1P50-201|transcribed_processed_pseudogene|chr11:75008760-75009727(-)",0.56,0.41468459152016546,967
INTERGENIC,"ENSG00000254755[1,1,1]|AP001189.2-201|processed_pseudogene|chr11:76520671-76520960(+)",0.35,0.3875432525951557,289
INTERGENIC,"ENSG00000227097[1,1,1]|retro_human_11170|RPS28P7-201|processed_pseudogene|chr11:82625952-82626262(+)",0.63,0.6258064516129033,310
INTERGENIC,"ENSG00000254965[1,1,1]|retro_human_6310|C1DP5-201|processed_pseudogene|chr11:83047479-83047962(-)",0.4,0.36438923395445133,483
INTERGENIC,"ENSG00000255222[1,1,1]|retro_human_5292|SETP17-201|processed_pseudogene|chr11:86237113-86238030(+)",0.44,0.40567066521264994,917
INTERGENIC,"ENSG00000255385[1,1,1]|UBTFL10-201|processed_pseudogene|chr11:89620398-89621060(+)",0.38,0.43202416918429004,662
INTERGENIC,"ENSG00000270689[1,1,1]|retro_human_8705|BUD13P1-201|processed_pseudogene|chr11:95150705-95152294(+)",0.54,0.47828823159219636,1589
INTERGENIC,"ENSG00000255282[1,4,4]|WTAPP1-205|transcribed_processed_pseudogene|chr11:102750737-102755658(+)",0.59,0.4346590909090909,704
INTERGENIC,"ENSG00000256167[1,1,1]|ATF4P4-202|transcribed_processed_pseudogene|chr11:113799519-113801549(+)",0.74,0.5645320197044335,2030
INTERGENIC,"ENSG00000232460[1,1,1]|retro_human_9594|BMPR1AP2-201|processed_pseudogene|chr11:121388009-121389121(-)",0.39,0.45323741007194246,1112
INTERGENIC,"ENSG00000271022[1,1,1]|retro_human_1792|AP002365.1-201|processed_pseudogene|chr11:121452781-121453653(-)",0.75,0.5837155963302753,872
INTERGENIC,"ENSG00000233541[1,1,1]|retro_human_1932|RPL31P47-201|processed_pseudogene|chr11:123079690-123080031(+)",0.53,0.4780058651026393,341
INTERGENIC,"ENSG00000187686[2,1,1]|retro_human_6981|KRT18P59-201|transcribed_processed_pseudogene|chr11:125142179-125143510(+)",0.51,0.531930879038317,1331
INTERGENIC,"ENSG00000254759[1,1,1]|retro_human_6982|NAP1L1P1-201|processed_pseudogene|chr11:126096987-126098150(+)",0.4,0.3748925193465176,1163
INTERGENIC,"ENSG00000254612[1,1,1]|retro_human_2729|DNAJB6P1-201|processed_pseudogene|chr11:127974108-127974950(-)",0.54,0.4323040380047506,842
INTERGENIC,"ENSG00000255262[1,1,1]|retro_human_8510|ELOBP2-201|processed_pseudogene|chr11:130068835-130069290(-)",0.69,0.6373626373626373,455
INTERGENIC,"ENSG00000256356[1,1,1]|retro_human_4705|HSPA8P5-201|processed_pseudogene|chr12:4104088-4106257(+)",0.55,0.46426924850161366,2169
INTERGENIC,"ENSG00000224906[1,1,1]|retro_human_773|SRP14P1-201|processed_pseudogene|chr12:6448831-6449286(+)",0.47,0.4461538461538462,455
INTERGENIC,"ENSG00000240370[1,5,4]|RPL13P5-201|transcribed_processed_pseudogene|chr12:6882636-6895097(+)",0.77,0.5340855665256229,2127
INTERGENIC,"ENSG00000270863[1,1,1]|retro_human_6038|DDX55P1-201|processed_pseudogene|chr12:11381850-11383364(+)",0.43,0.43130779392338175,1514
INTERGENIC,"ENSG00000198134[1,1,1]|retro_human_10361|PTMAP9-201|processed_pseudogene|chr12:11980238-11980665(+)",0.58,0.5245901639344263,427
INTERGENIC,"ENSG00000234498[1,1,1]|retro_human_7257|RPL13AP20-201|processed_pseudogene|chr12:12749030-12749739(+)",0.58,0.5401974612129761,709
INTERGENIC,"ENSG00000242991[1,1,1]|retro_human_9953|RPL7P40-201|processed_pseudogene|chr12:16999064-16999909(+)",0.41,0.3952662721893491,845
INTERGENIC,"ENSG00000227525[1,1,1]|retro_human_9955|RPL7P6-201|processed_pseudogene|chr12:18965814-18966652(+)",0.48,0.43675417661097854,838
INTERGENIC,"ENSG00000256353[1,1,1]|AC087258.1-201|processed_pseudogene|chr12:22980051-22980187(-)",0.51,0.47794117647058826,136
INTERGENIC,"ENSG00000256079[1,1,1]|FAM133GP-201|processed_pseudogene|chr12:25308593-25309351(-)",0.53,0.3641160949868074,758
INTERGENIC,"ENSG00000255725[1,1,1]|retro_human_8982|TDGP1-201|processed_pseudogene|chr12:25675830-25677159(+)",0.65,0.43115124153498874,1329
INTERGENIC,"ENSG00000270766[1,1,1]|retro_human_4084|AC024940.4-201|processed_pseudogene|chr12:31120911-31121257(+)",0.5,0.45375722543352603,346
INTERGENIC,"ENSG00000233381[2,3,3]|retro_human_6095|AK4P3-201|processed_pseudogene|chr12:31492258-31493027(-)",0.75,0.5188556566970091,769
INTERGENIC,"ENSG00000242314[1,1,1]|retro_human_2504|RPL12P32-201|processed_pseudogene|chr12:31824252-31824846(+)",0.49,0.4696969696969697,594
INTERGENIC,"ENSG00000271357[1,1,1]|AC048344.3-201|processed_pseudogene|chr12:31976581-31976932(-)",0.43,0.5185185185185185,351
INTERGENIC,"ENSG00000258794[1,1,1]|retro_human_9336|DUX4L27-201|processed_pseudogene|chr12:34085998-34087359(-)",0.57,0.6098457016899339,1361
INTERGENIC,"ENSG00000257173[1,1,1]|retro_human_9335|AK6P2-201|processed_pseudogene|chr12:38028162-38028733(-)",0.58,0.4238178633975482,571
INTERGENIC,"ENSG00000134297[1,1,2]|retro_human_7685|PLEKHA8P1-202|transcribed_processed_pseudogene|chr12:45131618-45133385(-)",0.65,0.4289756649688738,1767
INTERGENIC,"ENSG00000258016[1,1,1]|retro_human_10864|HIGD1AP1-201|processed_pseudogene|chr12:53106379-53106754(+)",0.46,0.43733333333333335,375
INTERGENIC,"ENSG00000257790[1,1,1]|retro_human_10862|EIF4A1P4-201|processed_pseudogene|chr12:53118817-53120130(+)",0.44,0.492003046458492,1313
INTERGENIC,"ENSG00000179899[1,1,1]|retro_human_3860|PHC1P1-201|processed_pseudogene|chr12:55378224-55381385(-)",0.55,0.5637456501107244,3161
INTERGENIC,"ENSG00000270458[1,1,1]|AC009779.6-201|processed_pseudogene|chr12:55628922-55629187(-)",0.44,0.4188679245283019,265
INTERGENIC,"ENSG00000257569[1,1,1]|retro_human_1945|GSTP1P1-201|processed_pseudogene|chr12:55866994-55867413(+)",0.42,0.568019093078759,419
INTERGENIC,"ENSG00000274569[1,1,1]|AC024884.1-201|processed_pseudogene|chr12:56381291-56381790(-)",0.51,0.5250501002004008,499
INTERGENIC,"ENSG00000257576[1,1,1]|retro_human_8171|HSPD1P4-201|processed_pseudogene|chr12:56478618-56480420(+)",0.65,0.4306326304106548,1802
INTERGENIC,"ENSG00000139239[1,1,1]|retro_human_8526|RPL14P1-201|processed_pseudogene|chr12:62944014-62944753(+)",0.5,0.4749661705006766,739
INTERGENIC,"ENSG00000241749[1,1,1]|retro_human_1780|RPSAP52-202|transcribed_processed_pseudogene|chr12:65737449-65738528(-)",0.4,0.4726598702502317,1079
INTERGENIC,"ENSG00000213343[1,1,1]|retro_human_2678|RPL21P18-201|processed_pseudogene|chr12:66016655-66017236(+)",0.45,0.41308089500860584,581
INTERGENIC,"ENSG00000237766[1,1,1]|retro_human_1772|GGTA2P-201|processed_pseudogene|chr12:67245178-67246403(-)",0.36,0.4424489795918367,1225
INTERGENIC,"ENSG00000237766[1,1,1]|retro_human_6136|GGTA2P-201|processed_pseudogene|chr12:67245178-67246403(-)",0.36,0.4424489795918367,1225
INTERGENIC,"ENSG00000256037[1,1,1]|retro_human_2679|MRPL40P1-201|processed_pseudogene|chr12:67330916-67331620(+)",0.47,0.5056818181818182,704
INTERGENIC,"ENSG00000236946[1,1,1]|retro_human_2680|HNRNPA1P70-201|transcribed_processed_pseudogene|chr12:68015232-68016420(+)",0.49,0.4595959595959596,1188
INTERGENIC,"ENSG00000257818[1,1,1]|retro_human_9556|C1GALT1P1-201|processed_pseudogene|chr12:69263281-69264471(+)",0.53,0.38571428571428573,1190
INTERGENIC,"ENSG00000258304[1,1,1]|retro_human_2626|AC233290.2-201|processed_pseudogene|chr12:76090714-76091204(+)",0.59,0.5163265306122449,490
INTERGENIC,"ENSG00000239473[1,1,1]|retro_human_9965|RPL7P38-201|processed_pseudogene|chr12:80007606-80008445(+)",0.42,0.4064362336114422,839
INTERGENIC,"ENSG00000258290[1,1,1]|BRWD1P2-201|processed_pseudogene|chr12:89901275-89901715(-)",0.7,0.525,440
INTERGENIC,"ENSG00000227825[1,1,1]|retro_human_8411|SLC9A7P1-201|transcribed_processed_pseudogene|chr12:98427024-98430435(-)",0.78,0.49399003224860744,3411
INTERGENIC,"ENSG00000227825[1,1,2]|SLC9A7P1-202|transcribed_processed_pseudogene|chr12:98428066-98430435(-)",0.78,0.5280709159983116,2369
INTERGENIC,"ENSG00000214203[1,1,1]|retro_human_8397|RPS4XP1-201|processed_pseudogene|chr12:99970220-99971107(-)",0.49,0.45208568207440814,887
INTERGENIC,"ENSG00000258153[1,1,1]|retro_human_1650|HSPE1P4-201|processed_pseudogene|chr12:101834483-101834891(-)",0.47,0.42401960784313725,408
INTERGENIC,"ENSG00000257595[1,1,1]|HSPA8P14-201|processed_pseudogene|chr12:111349706-111383918(+)",0.61,0.5770114942528736,435
INTERGENIC,"ENSG00000242461[1,1,1]|retro_human_3692|RPS15AP32-201|processed_pseudogene|chr12:113030663-113031137(+)",0.42,0.3924050632911392,474
INTERGENIC,"ENSG00000123009[1,1,1]|retro_human_5736|NME2P1-201|processed_pseudogene|chr12:120269424-120269938(+)",0.63,0.5505836575875487,514
INTERGENIC,"ENSG00000239881[2,1,1]|retro_human_5741|RPS27P25-201|transcribed_processed_pseudogene|chr12:120358514-120358915(+)",0.53,0.4713216957605985,401
INTERGENIC,"ENSG00000244585[1,1,1]|retro_human_5739|RPL12P33-201|processed_pseudogene|chr12:120905789-120906381(+)",0.55,0.4831081081081081,592
INTERGENIC,"ENSG00000256804[1,1,1]|retro_human_10759|AC138466.2-201|processed_pseudogene|chr12:132175848-132176249(-)",0.53,0.4837905236907731,401
INTERGENIC,"ENSG00000256563[1,1,1]|NANOGNBP2-201|processed_pseudogene|chr12:133029654-133030307(-)",0.37,0.38131699846860645,653
INTERGENIC,"ENSG00000226361[1,1,1]|retro_human_11149|TERF1P5-201|processed_pseudogene|chr13:17894331-17895638(+)",0.37,0.40780413159908185,1307
INTERGENIC,"ENSG00000228797[1,1,1]|retro_human_11150|FAM207BP-201|processed_pseudogene|chr13:17910964-17911569(+)",0.42,0.596694214876033,605
INTERGENIC,"ENSG00000227784[1,1,1]|ZNF965P-201|processed_pseudogene|chr13:17948019-17948936(+)",0.46,0.3893129770992366,917
INTERGENIC,"ENSG00000233469[1,1,1]|retro_human_10918|ST6GALNAC4P1-201|processed_pseudogene|chr13:19014284-19014882(-)",0.46,0.5869565217391305,598
INTERGENIC,"ENSG00000213621[1,1,1]|retro_human_2765|RPSAP54-201|processed_pseudogene|chr13:20154371-20155357(+)",0.49,0.5202839756592292,986
INTERGENIC,"ENSG00000180172[1,1,1]|retro_human_7626|RPS12P23-201|processed_pseudogene|chr13:20287352-20287852(-)",0.55,0.466,500
INTERGENIC,"ENSG00000226525[1,1,1]|retro_human_7624|RPS7P10-201|processed_pseudogene|chr13:20822691-20823394(-)",0.58,0.4566145092460882,703
INTERGENIC,"ENSG00000226507[1,1,1]|retro_human_1116|IPMKP1-201|processed_pseudogene|chr13:22035025-22035980(-)",0.37,0.37591623036649213,955
INTERGENIC,"ENSG00000234627[1,1,1]|retro_human_307|NUS1P3-201|processed_pseudogene|chr13:23535240-23536202(+)",0.69,0.5395010395010394,962
INTERGENIC,"ENSG00000232858[1,1,1]|retro_human_2188|RPL34P27-201|processed_pseudogene|chr13:24197240-24197723(-)",0.37,0.4161490683229814,483
INTERGENIC,"ENSG00000234152[1,1,1]|retro_human_2190|ELOBP1-201|processed_pseudogene|chr13:24575437-24575894(-)",0.65,0.6192560175054704,457
INTERGENIC,"ENSG00000180389[1,1,1]|retro_human_3034|ATP5F1EP2-201|processed_pseudogene|chr13:27166656-27166912(+)",0.6,0.46484375,256
INTERGENIC,"ENSG00000230283[1,1,1]|retro_human_9247|RPS12P24-201|processed_pseudogene|chr13:36440171-36440656(-)",0.43,0.3958762886597938,485
INTERGENIC,"ENSG00000214823[1,1,1]|retro_human_9298|NXT1P1-201|processed_pseudogene|chr13:38389204-38389620(-)",0.56,0.5192307692307693,416
INTERGENIC,"ENSG00000179611[1,1,1]|retro_human_6628|DGKZP1-201|processed_pseudogene|chr13:43187292-43190168(+)",0.79,0.6338664812239221,2876
INTERGENIC,"ENSG00000230793[1,1,1]|retro_human_1067|SMARCE1P5-201|processed_pseudogene|chr13:43814584-43815909(+)",0.46,0.46641509433962264,1325
INTERGENIC,"ENSG00000241353[1,1,1]|retro_human_1395|PPP1R2P4-201|processed_pseudogene|chr13:45658346-45659041(-)",0.64,0.46474820143884893,695
INTERGENIC,"ENSG00000205105[1,1,1]|retro_human_6627|COX17P1-201|processed_pseudogene|chr13:45711735-45712027(+)",0.56,0.5034246575342466,292
INTERGENIC,"ENSG00000225131[1,1,1]|retro_human_6826|PSME2P2-201|processed_pseudogene|chr13:47991162-47991962(+)",0.54,0.495,800
INTERGENIC,"ENSG00000224892[2,1,2]|RPS4XP16-201|transcribed_processed_pseudogene|chr13:50675394-50676285(+)",0.51,0.4478114478114478,891
INTERGENIC,"ENSG00000136149[1,1,1]|retro_human_5229|RPL13AP25-201|processed_pseudogene|chr13:53656722-53657438(-)",0.56,0.5460893854748603,716
INTERGENIC,"ENSG00000238213[1,1,1]|retro_human_7501|TARDBPP2-201|processed_pseudogene|chr13:59494399-59495730(+)",0.46,0.4598046581517656,1331
INTERGENIC,"ENSG00000213232[1,1,1]|retro_human_1020|PPP1R2P10-201|processed_pseudogene|chr13:63032541-63033236(-)",0.64,0.4633093525179856,695
INTERGENIC,"ENSG00000237849[1,1,1]|NFYAP1-201|processed_pseudogene|chr13:63197238-63198314(-)",0.47,0.43866171003717475,1076
INTERGENIC,"ENSG00000236433[1,1,1]|retro_human_6030|RPL37P21-201|processed_pseudogene|chr13:67553797-67554173(-)",0.33,0.3537234042553192,376
INTERGENIC,"ENSG00000232380[1,1,1]|retro_human_7505|ZDHHC20P4-201|processed_pseudogene|chr13:68207035-68208142(+)",0.7,0.42728093947606144,1107
INTERGENIC,"ENSG00000225501[1,1,1]|retro_human_6028|SNRPFP3-201|processed_pseudogene|chr13:68324008-68324337(-)",0.38,0.3677811550151976,329
INTERGENIC,"ENSG00000226617[1,1,1]|retro_human_1655|RPL21P110-201|processed_pseudogene|chr13:71925172-71925720(+)",0.45,0.42700729927007297,548
INTERGENIC,"ENSG00000232041[1,1,1]|retro_human_1654|PSMD10P3-201|processed_pseudogene|chr13:72257873-72258421(+)",0.49,0.4726277372262774,548
INTERGENIC,"ENSG00000236972[1,1,1]|retro_human_6037|FABP5P1-201|processed_pseudogene|chr13:72321996-72322507(-)",0.66,0.46966731898238745,511
INTERGENIC,"ENSG00000229708[1,1,1]|retro_human_2857|MARK2P12-201|processed_pseudogene|chr13:72629691-72630376(-)",0.47,0.45985401459854014,685
INTERGENIC,"ENSG00000227862[1,1,1]|retro_human_10834|HNRNPA1P31-201|processed_pseudogene|chr13:79848541-79849611(-)",0.45,0.42990654205607476,1070
INTERGENIC,"ENSG00000231222[1,1,1]|retro_human_7125|ARF4P4-201|processed_pseudogene|chr13:80118224-80118844(+)",0.58,0.4338709677419355,620
INTERGENIC,"ENSG00000237148[1,1,1]|retro_human_7126|HIGD1AP2-201|processed_pseudogene|chr13:80503258-80503638(+)",0.34,0.3973684210526316,380
INTERGENIC,"ENSG00000214182[1,1,2]|retro_human_2795|PTMAP5-202|transcribed_processed_pseudogene|chr13:80920178-80921440(+)",0.5,0.4358161648177496,1262
INTERGENIC,"ENSG00000214182[1,1,2]|PTMAP5-201|transcribed_processed_pseudogene|chr13:80920178-80921440(+)",0.5,0.4358161648177496,1262
INTERGENIC,"ENSG00000228241[1,1,1]|retro_human_2796|MOB1AP1-201|processed_pseudogene|chr13:85217378-85218013(+)",0.32,0.3464566929133858,635
INTERGENIC,"ENSG00000232204[1,1,1]|retro_human_4986|TET1P1-201|processed_pseudogene|chr13:87093663-87096064(-)",0.36,0.4323198667221991,2401
INTERGENIC,"ENSG00000233211[1,1,1]|retro_human_4988|GRPEL2P1-201|processed_pseudogene|chr13:88182453-88182892(-)",0.45,0.4715261958997722,439
INTERGENIC,"ENSG00000225530[1,1,1]|retro_human_4985|SP3P-201|processed_pseudogene|chr13:88565203-88567368(-)",0.73,0.4420323325635104,2165
INTERGENIC,"ENSG00000233549[1,1,1]|retro_human_10489|CYCSP35-201|processed_pseudogene|chr13:97839617-97840021(-)",0.43,0.452970297029703,404
INTERGENIC,"ENSG00000232087[1,1,1]|retro_human_2402|HCFC2P1-201|processed_pseudogene|chr13:107708035-107709727(+)",0.34,0.3611111111111111,1692
INTERGENIC,"ENSG00000227105[1,1,1]|retro_human_7865|PARP1P1-201|processed_pseudogene|chr13:110166772-110170091(+)",0.6,0.507080445917445,3319
INTERGENIC,"ENSG00000226158[1,1,1]|retro_human_7868|CLCP2-201|processed_pseudogene|chr13:113515655-113516176(+)",0.41,0.45873320537428025,521
INTERGENIC,"ENSG00000225210[1,10,10]|DUXAP9-202|transcribed_processed_pseudogene|chr14:13375414-13419213(+)",0.63,0.41442451420029897,2676
INTERGENIC,"ENSG00000225210[1,10,10]|DUXAP9-206|transcribed_processed_pseudogene|chr14:13375414-13419213(+)",0.63,0.41442451420029897,2676
INTERGENIC,"ENSG00000225210[2,1,2]|retro_human_8618|DUXAP9-208|transcribed_processed_pseudogene|chr14:13417202-13417916(+)",0.47,0.41456582633053224,714
INTERGENIC,"ENSG00000277156[1,1,1]|retro_human_8615|TOMM40P1-201|processed_pseudogene|chr14:13580207-13581357(+)",0.77,0.6260869565217392,1150
INTERGENIC,"ENSG00000178107[1,1,1]|CKAP2P1-201|processed_pseudogene|chr14:15305407-15314168(+)",0.45,0.4039301310043668,458
INTERGENIC,"ENSG00000259102[1,1,1]|retro_human_2792|SMARCE1P3-201|processed_pseudogene|chr14:15359847-15361178(+)",0.44,0.45154019534184825,1331
INTERGENIC,"ENSG00000256385[1,1,1]|retro_human_8454|UBE2NP1-201|processed_pseudogene|chr14:15809467-15810025(-)",0.61,0.471326164874552,558
INTERGENIC,"ENSG00000257179[1,1,1]|retro_human_3217|HMGN2P6-201|processed_pseudogene|chr14:19465235-19465608(-)",0.59,0.517426273458445,373
INTERGENIC,"ENSG00000197358[1,1,2]|retro_human_3154|BNIP3P1-202|transcribed_processed_pseudogene|chr14:22462222-22463907(+)",0.51,0.41839762611275966,1685
INTERGENIC,"ENSG00000197358[1,1,2]|BNIP3P1-201|transcribed_processed_pseudogene|chr14:22462222-22463907(+)",0.51,0.41839762611275966,1685
INTERGENIC,"ENSG00000259022[1,1,1]|retro_human_3545|DNAJC8P1-201|processed_pseudogene|chr14:29617959-29618431(+)",0.37,0.4364406779661017,472
INTERGENIC,"ENSG00000258300[1,1,1]|retro_human_3544|NUTF2P2-201|processed_pseudogene|chr14:30007525-30008009(+)",0.62,0.53099173553719,484
INTERGENIC,"ENSG00000259000[1,1,1]|retro_human_7849|DOCK11P1-201|processed_pseudogene|chr14:39052217-39058249(-)",0.39,0.3854442970822281,6032
INTERGENIC,"ENSG00000258608[1,1,1]|retro_human_4291|DNAJC19P9-201|processed_pseudogene|chr14:39482005-39482456(+)",0.59,0.4146341463414634,451
INTERGENIC,"ENSG00000213641[1,1,1]|retro_human_7266|RPL7AP4-201|processed_pseudogene|chr14:49749050-49749919(+)",0.47,0.4948216340621404,869
INTERGENIC,"ENSG00000242135[1,1,1]|retro_human_4827|RPL17P2-201|processed_pseudogene|chr14:54418707-54419258(-)",0.4,0.426497277676951,551
INTERGENIC,"ENSG00000258427[1,1,1]|retro_human_8442|RBM8B-201|processed_pseudogene|chr14:54604011-54604636(+)",0.58,0.5248,625
INTERGENIC,"ENSG00000224861[1,1,1]|retro_human_1049|YBX1P1-201|processed_pseudogene|chr14:60219766-60220826(-)",0.76,0.5632075471698114,1060
INTERGENIC,"ENSG00000119660[1,1,1]|retro_human_1427|DPPA5P4-201|processed_pseudogene|chr14:69501473-69501938(-)",0.48,0.546236559139785,465
INTERGENIC,"ENSG00000241081[1,1,1]|RPL22P2-201|processed_pseudogene|chr14:71096054-71096528(-)",0.44,0.3987341772151899,474
INTERGENIC,"ENSG00000205579[1,1,1]|retro_human_5650|DYNLL1P1-201|processed_pseudogene|chr14:75458408-75458777(-)",0.57,0.5040650406504065,369
INTERGENIC,"ENSG00000240914[1,1,1]|retro_human_6068|RPL15P2-201|processed_pseudogene|chr14:89030864-89031579(-)",0.48,0.4937062937062937,715
INTERGENIC,"ENSG00000232573[1,1,1]|retro_human_672|RPL3P4-201|processed_pseudogene|chr14:93204531-93205054(-)",0.54,0.5009560229445507,523
INTERGENIC,"ENSG00000270938[1,1,2]|RAP2CP1-201|transcribed_processed_pseudogene|chr14:97515201-97516034(+)",0.76,0.7130852340936374,833
INTERGENIC,"ENSG00000270938[1,1,2]|RAP2CP1-202|transcribed_processed_pseudogene|chr14:97515201-97516034(+)",0.76,0.7130852340936374,833
INTERGENIC,"ENSG00000243904[1,1,1]|retro_human_8089|RPSAP5-201|processed_pseudogene|chr14:97609897-97610881(-)",0.43,0.5172764227642277,984
INTERGENIC,"ENSG00000239365[1,1,1]|retro_human_8092|RPS26P49-201|processed_pseudogene|chr14:99076701-99077135(-)",0.42,0.47235023041474655,434
INTERGENIC,"ENSG00000196183[1,1,1]|retro_human_8093|RPS2P4-201|processed_pseudogene|chr14:99081860-99082821(-)",0.73,0.595213319458897,961
INTERGENIC,"ENSG00000228966[1,1,1]|retro_human_2662|HOMER2P1-201|processed_pseudogene|chr14:100780490-100781554(-)",0.64,0.5798872180451128,1064
INTERGENIC,"ENSG00000274099[1,1,1]|retro_human_7743|ABCB10P1-201|processed_pseudogene|chr15:20863654-20865935(+)",0.52,0.5523893029373081,2281
INTERGENIC,"ENSG00000261524[1,1,1]|retro_human_3825|ABCB10P3-201|processed_pseudogene|chr15:26145458-26147721(+)",0.6,0.5536897923110915,2263
INTERGENIC,"ENSG00000260053[1,1,1]|retro_human_2542|ABCB10P4-201|processed_pseudogene|chr15:26283318-26285602(-)",0.51,0.5512259194395797,2284
INTERGENIC,"ENSG00000260844[1,1,1]|AC055876.4-201|processed_pseudogene|chr15:26540114-26540906(-)",0.39,0.4936868686868687,792
INTERGENIC,"ENSG00000259904[1,1,1]|retro_human_3710|ACTG1P15-201|processed_pseudogene|chr15:32173967-32175130(-)",0.54,0.528804815133276,1163
INTERGENIC,"ENSG00000259592[1,1,1]|retro_human_3720|PRELID1P4-201|processed_pseudogene|chr15:32926859-32927471(-)",0.66,0.5588235294117647,612
INTERGENIC,"ENSG00000223518[1,1,2]|retro_human_8258|CSNK1A1P1-202|transcribed_processed_pseudogene|chr15:34622560-34623641(-)",0.5,0.4495837187789084,1081
INTERGENIC,"ENSG00000223518[1,1,2]|CSNK1A1P1-203|transcribed_processed_pseudogene|chr15:34622560-34623641(-)",0.5,0.4495837187789084,1081
INTERGENIC,"ENSG00000271236[1,1,1]|retro_human_5313|SUMO2P15-201|processed_pseudogene|chr15:38566569-38566947(+)",0.47,0.43386243386243384,378
INTERGENIC,"ENSG00000260490[1,1,1]|retro_human_9810|MYL12BP1-201|processed_pseudogene|chr15:40378889-40379496(+)",0.52,0.42668863261943984,607
INTERGENIC,"ENSG00000254793[1,1,1]|retro_human_2782|FDPSP4-201|processed_pseudogene|chr15:40746390-40747539(-)",0.47,0.5108790252393386,1149
INTERGENIC,"ENSG00000205871[1,1,1]|retro_human_2781|RPS3AP47-201|processed_pseudogene|chr15:40922943-40923834(-)",0.5,0.4163860830527497,891
INTERGENIC,"ENSG00000179362[3,1,1]|retro_human_10800|HMGN2P46-208|transcribed_processed_pseudogene|chr15:43363589-43364310(+)",0.31,0.42857142857142855,721
INTERGENIC,"ENSG00000230183[1,1,1]|retro_human_10237|CNOT6LP1-201|processed_pseudogene|chr15:53809109-53810671(-)",0.63,0.44878361075544176,1562
INTERGENIC,"ENSG00000234797[1,1,1]|retro_human_1546|RPS3AP6-201|processed_pseudogene|chr15:57569993-57570888(+)",0.47,0.4134078212290503,895
INTERGENIC,"ENSG00000235420[1,1,1]|retro_human_6551|RPL29P30-202|transcribed_processed_pseudogene|chr15:68619476-68620079(-)",0.51,0.5621890547263682,603
INTERGENIC,"ENSG00000243007[1,1,1]|retro_human_3411|RPL12P35-201|processed_pseudogene|chr15:70195968-70196564(-)",0.54,0.4899328859060403,596
INTERGENIC,"ENSG00000261205[1,1,1]|retro_human_3812|NIFKP4-201|processed_pseudogene|chr15:73121751-73123044(-)",0.61,0.4176334106728538,1293
INTERGENIC,"ENSG00000259790[1,1,2]|retro_human_3813|ANP32BP1-201|transcribed_processed_pseudogene|chr15:73191782-73192619(-)",0.59,0.43966547192353644,837
INTERGENIC,"ENSG00000259790[1,1,2]|ANP32BP1-202|transcribed_processed_pseudogene|chr15:73191782-73192619(-)",0.59,0.43966547192353644,837
INTERGENIC,"ENSG00000260815[1,1,1]|retro_human_795|PPIAP47-201|processed_pseudogene|chr15:73617449-73618044(+)",0.56,0.4773109243697479,595
INTERGENIC,"ENSG00000213307[1,1,1]|retro_human_2824|RPL18P11-201|processed_pseudogene|chr15:76524407-76525037(-)",0.59,0.5619047619047619,630
INTERGENIC,"ENSG00000243711[1,1,1]|retro_human_764|RPL21P116-201|processed_pseudogene|chr15:76726868-76727449(-)",0.46,0.41824440619621345,581
INTERGENIC,"ENSG00000259315[2,2,1]|ACTG1P17-203|transcribed_processed_pseudogene|chr15:80590077-80602932(-)",0.53,0.5360590573537762,1761
INTERGENIC,"ENSG00000259315[2,2,1]|ACTG1P17-202|transcribed_processed_pseudogene|chr15:80590077-80602932(-)",0.53,0.5360590573537762,1761
INTERGENIC,"ENSG00000259262[1,1,1]|retro_human_6200|NDUFA3P4-201|processed_pseudogene|chr15:88141775-88142125(+)",0.44,0.5228571428571429,350
INTERGENIC,"ENSG00000259057[1,1,1]|THRAP3P2-201|processed_pseudogene|chr15:89503568-89504783(-)",0.38,0.45596707818930043,1215
INTERGENIC,"ENSG00000258726[1,1,1]|retro_human_3066|DUXAP6-201|processed_pseudogene|chr15:90043892-90044593(+)",0.51,0.43794579172610554,701
INTERGENIC,"ENSG00000258527[1,1,1]|retro_human_8938|ASB9P1-201|processed_pseudogene|chr15:90557857-90558750(+)",0.61,0.5240761478163494,893
INTERGENIC,"ENSG00000258570[1,1,1]|retro_human_8941|H3P40-201|processed_pseudogene|chr15:91931399-91931902(+)",0.55,0.4711729622266402,503
INTERGENIC,"ENSG00000214424[1,1,1]|retro_human_8932|FAM149B1P1-201|processed_pseudogene|chr15:94521567-94523277(+)",0.62,0.4672514619883041,1710
INTERGENIC,"ENSG00000219027[1,1,1]|retro_human_5020|RPS3AP2-201|processed_pseudogene|chr16:1492493-1493347(+)",0.54,0.4765807962529274,854
INTERGENIC,"ENSG00000220793[1,1,1]|RPL21P119-201|processed_pseudogene|chr16:9189691-9190272(-)",0.46,0.42168674698795183,581
INTERGENIC,"ENSG00000263179[1,1,1]|retro_human_11205|HNRNPCP4-201|processed_pseudogene|chr16:11278836-11279836(+)",0.44,0.463,1000
INTERGENIC,"ENSG00000260690[1,1,1]|retro_human_4131|CYCSP39-201|processed_pseudogene|chr16:25730786-25731195(-)",0.42,0.43765281173594134,409
INTERGENIC,"ENSG00000263343[1,1,1]|AC009088.4-201|processed_pseudogene|chr16:31553076-31553454(+)",0.5,0.4947089947089947,378
INTERGENIC,"ENSG00000261614[1,1,1]|retro_human_5254|YBX3P1-201|processed_pseudogene|chr16:31955729-31956919(-)",0.71,0.5983193277310924,1190
INTERGENIC,"ENSG00000261461[1,1,1]|retro_human_4013|UBE2MP1-201|processed_pseudogene|chr16:38958665-38959315(+)",0.7,0.58,650
INTERGENIC,"ENSG00000260073[1,1,1]|retro_human_654|AC023824.2-201|processed_pseudogene|chr16:38933248-38936323(+)",0.55,0.47544715447154473,3075
INTERGENIC,"ENSG00000261620[1,1,1]|retro_human_6031|HMGN2P41-201|processed_pseudogene|chr16:38325224-38325736(+)",0.39,0.46875,512
INTERGENIC,"ENSG00000259856[1,1,1]|retro_human_666|RAB43P1-201|processed_pseudogene|chr16:52423207-52423896(-)",0.49,0.6081277213352685,689
INTERGENIC,"ENSG00000260497[1,1,1]|AC141846.1-201|processed_pseudogene|chr16:53557533-53557775(-)",0.26,0.30578512396694213,242
INTERGENIC,"ENSG00000260240[2,1,2]|retro_human_7688|APOOP5-202|transcribed_processed_pseudogene|chr16:65546635-65547301(-)",0.65,0.47897897897897895,666
INTERGENIC,"ENSG00000224631[1,1,1]|retro_human_7690|RPS27AP16-202|transcribed_processed_pseudogene|chr16:66843187-66843853(-)",0.36,0.4009009009009009,666
INTERGENIC,"ENSG00000224631[1,1,1]|RPS27AP16-201|transcribed_processed_pseudogene|chr16:66843187-66843853(-)",0.36,0.4009009009009009,666
INTERGENIC,"ENSG00000241334[1,1,1]|retro_human_2253|RPL35AP33-201|processed_pseudogene|chr16:74273013-74273447(-)",0.39,0.4055299539170507,434
INTERGENIC,"ENSG00000240043[1,1,1]|retro_human_4848|RPS27P26-201|processed_pseudogene|chr16:76255651-76255990(-)",0.41,0.40707964601769914,339
INTERGENIC,"ENSG00000262904[1,1,1]|retro_human_535|TMPOP2-201|processed_pseudogene|chr16:80714197-80715498(+)",0.6,0.4350499615680246,1301
INTERGENIC,"ENSG00000244485[1,1,1]|retro_human_4972|RPL18P13-201|processed_pseudogene|chr16:82291147-82291816(-)",0.58,0.5680119581464873,669
INTERGENIC,"ENSG00000262519[1,1,1]|retro_human_11027|TXNP4-201|processed_pseudogene|chr17:4462043-4462456(+)",0.42,0.43341404358353514,413
INTERGENIC,"ENSG00000230897[1,1,1]|retro_human_2180|RPS18P12-201|processed_pseudogene|chr17:14610997-14611556(-)",0.51,0.4991055456171735,559
INTERGENIC,"ENSG00000265095[1,1,1]|retro_human_6422|FTLP12-201|processed_pseudogene|chr17:16293702-16294251(+)",0.55,0.5774134790528234,549
INTERGENIC,"ENSG00000266311[1,1,1]|retro_human_2541|KYNUP2-201|processed_pseudogene|chr17:19112153-19122492(-)",0.57,0.5370370370370371,540
INTERGENIC,"ENSG00000154898[3,3,3]|CCDC144CP-203|transcribed_processed_pseudogene|chr17:20288507-20291541(+)",0.38,0.39759036144578314,996
INTERGENIC,"ENSG00000213671[1,1,1]|retro_human_5832|OLA1P2-201|processed_pseudogene|chr17:20724405-20725769(+)",0.48,0.42888563049853373,1364
INTERGENIC,"ENSG00000265881[1,1,1]|retro_human_2537|PDLIM1P2-201|processed_pseudogene|chr17:21393713-21394420(-)",0.59,0.521923620933522,707
INTERGENIC,"ENSG00000244582[1,1,1]|retro_human_5261|RPL21P120-201|processed_pseudogene|chr17:21453439-21454038(+)",0.5,0.4323873121869783,599
INTERGENIC,"ENSG00000265233[1,1,1]|ABBA01006766.1-201|processed_pseudogene|chr17:22722611-22722880(-)",0.57,0.5427509293680297,269
INTERGENIC,"ENSG00000239223[1,1,1]|retro_human_4163|RPL34P31-201|processed_pseudogene|chr17:28215472-28215944(+)",0.5,0.4216101694915254,472
INTERGENIC,"ENSG00000263266[1,1,1]|retro_human_2629|RPS7P1-201|processed_pseudogene|chr17:29410788-29411473(+)",0.55,0.4569343065693431,685
INTERGENIC,"ENSG00000178082[1,1,1]|retro_human_2937|TWF1P1-201|processed_pseudogene|chr17:30146077-30147226(-)",0.64,0.4090513489991297,1149
INTERGENIC,"ENSG00000239256[1,1,1]|retro_human_2938|RPL35AP35-201|processed_pseudogene|chr17:30283165-30283606(-)",0.45,0.42630385487528344,441
INTERGENIC,"ENSG00000264148[1,1,1]|AC138207.3-201|processed_pseudogene|chr17:31953824-31954090(-)",0.5,0.45112781954887216,266
INTERGENIC,"ENSG00000266282[1,1,1]|retro_human_8768|UBL5P2-201|processed_pseudogene|chr17:33173609-33173928(-)",0.51,0.4827586206896552,319
INTERGENIC,"ENSG00000267185[1,1,1]|retro_human_4067|PTP4A2P1-201|processed_pseudogene|chr17:43390668-43391246(+)",0.46,0.42214532871972316,578
INTERGENIC,"ENSG00000214578[1,1,1]|retro_human_3077|HMGN2P15-201|processed_pseudogene|chr17:43610619-43610989(-)",0.59,0.5081081081081081,370
INTERGENIC,"ENSG00000267253[1,1,1]|retro_human_8949|WHSC1L2P-201|processed_pseudogene|chr17:44570819-44573042(-)",0.45,0.44579397210976157,2223
INTERGENIC,"ENSG00000267691[1,1,1]|retro_human_8943|SHC1P2-201|processed_pseudogene|chr17:45081805-45083374(-)",0.53,0.5538559592096877,1569
INTERGENIC,"ENSG00000264070[1,1,1]|retro_human_869|DND1P1-201|processed_pseudogene|chr17:46447501-46448660(+)",0.48,0.639344262295082,1159
INTERGENIC,"ENSG00000204652[1,1,1]|retro_human_882|RPS26P8-201|processed_pseudogene|chr17:46470204-46470652(+)",0.5,0.5089285714285714,448
INTERGENIC,"ENSG00000229944[1,1,1]|retro_human_3852|EIF4EP2-201|processed_pseudogene|chr17:50287228-50287982(-)",0.55,0.4297082228116711,754
INTERGENIC,"ENSG00000262384[1,1,1]|retro_human_3848|AC034268.1-201|processed_pseudogene|chr17:54556789-54557371(-)",0.36,0.35051546391752575,582
INTERGENIC,"ENSG00000263199[1,1,1]|retro_human_3930|AC005951.1-201|processed_pseudogene|chr17:55578479-55579074(+)",0.48,0.39663865546218485,595
INTERGENIC,"ENSG00000261192[1,1,2]|retro_human_3932|RNF126P1-201|transcribed_processed_pseudogene|chr17:57919911-57921331(+)",0.76,0.6450704225352113,1420
INTERGENIC,"ENSG00000261192[1,1,2]|RNF126P1-202|transcribed_processed_pseudogene|chr17:57919911-57921331(+)",0.76,0.6450704225352113,1420
INTERGENIC,"ENSG00000213228[1,1,1]|RPL12P38-201|transcribed_processed_pseudogene|chr17:61302556-61303191(-)",0.55,0.48346456692913387,635
INTERGENIC,"ENSG00000266066[1,1,1]|retro_human_5097|POLRMTP1-201|processed_pseudogene|chr17:63005809-63009577(-)",0.58,0.6555201698513801,3768
INTERGENIC,"ENSG00000228979[1,1,1]|retro_human_10636|PPIAP55-201|processed_pseudogene|chr17:64341765-64342355(+)",0.46,0.4610169491525424,590
INTERGENIC,"ENSG00000270714[1,1,1]|retro_human_9595|MICOS10P2-201|processed_pseudogene|chr17:65616964-65617293(-)",0.6,0.48328267477203646,329
INTERGENIC,"ENSG00000267472[1,1,1]|ARHGAP27P2-201|processed_pseudogene|chr17:69075677-69076453(+)",0.64,0.7319587628865979,776
INTERGENIC,"ENSG00000267084[1,1,1]|retro_human_6495|AC015802.2-201|processed_pseudogene|chr17:77492238-77492527(-)",0.58,0.44982698961937717,289
INTERGENIC,"ENSG00000271340[1,1,1]|retro_human_4327|AC120024.3-201|processed_pseudogene|chr17:81416993-81417249(+)",0.53,0.4765625,256
INTERGENIC,"ENSG00000232938[2,1,1]|retro_human_156|RPL23AP87-202|transcribed_processed_pseudogene|chr17:84263786-84264352(+)",0.39,0.4628975265017668,566
INTERGENIC,"ENSG00000266405[2,2,1]|retro_human_6801|CBX3P2-201|transcribed_processed_pseudogene|chr18:2807701-2811027(-)",0.71,0.4447351209941138,1529
INTERGENIC,"ENSG00000266405[1,1,2]|CBX3P2-202|transcribed_processed_pseudogene|chr18:2808256-2808891(-)",0.43,0.4015748031496063,635
INTERGENIC,"ENSG00000264775[1,1,1]|retro_human_4709|PPIAP14-201|processed_pseudogene|chr18:5164978-5165574(-)",0.51,0.4513422818791946,596
INTERGENIC,"ENSG00000235552[1,1,1]|retro_human_1361|RPL6P27-201|transcribed_processed_pseudogene|chr18:6622591-6623578(-)",0.37,0.4447821681864235,987
INTERGENIC,"ENSG00000235552[1,1,1]|RPL6P27-202|transcribed_processed_pseudogene|chr18:6622591-6623578(-)",0.37,0.4447821681864235,987
INTERGENIC,"ENSG00000263716[1,1,1]|SLC25A51P2-201|processed_pseudogene|chr18:7295411-7296400(+)",0.47,0.4287158746208291,989
INTERGENIC,"ENSG00000267570[1,1,1]|retro_human_5696|STK25P1-201|processed_pseudogene|chr18:13073836-13074774(+)",0.78,0.6823027718550106,938
INTERGENIC,"ENSG00000267336[1,1,1]|retro_human_5697|EIF4A2P1-201|processed_pseudogene|chr18:13075494-13076657(+)",0.48,0.412725709372313,1163
INTERGENIC,"ENSG00000265766[2,2,1]|CXADRP3-201|transcribed_processed_pseudogene|chr18:14640798-14662230(-)",0.24,0.3907542579075426,2055
INTERGENIC,"ENSG00000264350[1,1,1]|retro_human_10395|SNRPGP2-201|processed_pseudogene|chr18:54609927-54610253(-)",0.49,0.4294478527607362,326
INTERGENIC,"ENSG00000231544[1,1,1]|retro_human_1745|RSL24D1P11-201|processed_pseudogene|chr18:58038668-58039259(+)",0.55,0.39593908629441626,591
INTERGENIC,"ENSG00000267742[1,1,1]|retro_human_8972|SINHCAFP2-201|processed_pseudogene|chr18:60219680-60220444(-)",0.46,0.44502617801047123,764
INTERGENIC,"ENSG00000242060[1,1,1]|retro_human_7577|RPS3AP49-201|processed_pseudogene|chr18:60352489-60353379(+)",0.5,0.4134831460674157,890
INTERGENIC,"ENSG00000266920[1,1,1]|retro_human_1928|ACTBP9-201|processed_pseudogene|chr18:62644849-62646048(+)",0.62,0.5754795663052544,1199
INTERGENIC,"ENSG00000264054[1,1,1]|RPL31P9-201|processed_pseudogene|chr18:67335672-67335913(-)",0.4,0.36099585062240663,241
INTERGENIC,"ENSG00000235297[1,1,1]|retro_human_3093|FAUP1-201|processed_pseudogene|chr18:74617525-74618038(-)",0.59,0.5516569200779727,513
INTERGENIC,"ENSG00000282059[1,1,1]|retro_human_8563|CICP19-201|processed_pseudogene|chr19:144446-146903(+)",0.72,0.6166056166056166,2457
INTERGENIC,"ENSG00000267736[1,1,1]|retro_human_2714|HMGB2P1-201|transcribed_processed_pseudogene|chr19:1171697-1172431(+)",0.53,0.4591280653950954,734
INTERGENIC,"ENSG00000240846[1,1,1]|retro_human_6819|RPS15P9-201|processed_pseudogene|chr19:1276610-1277080(-)",0.53,0.6595744680851063,470
INTERGENIC,"ENSG00000233270[1,1,1]|retro_human_991|SNRPEP4-201|processed_pseudogene|chr19:5563292-5563671(-)",0.4,0.37994722955145116,379
INTERGENIC,"ENSG00000214223[1,1,1]|retro_human_866|HNRNPA1P10-201|processed_pseudogene|chr19:11794189-11795251(-)",0.52,0.4792843691148776,1062
INTERGENIC,"ENSG00000248406[1,1,1]|retro_human_7507|chr19:12508042-12512084(-)",0.49,0.40902021772939345,1929
INTERGENIC,"ENSG00000235686[1,1,1]|PPIAP20-201|processed_pseudogene|chr19:12636484-12636719(+)",0.46,0.4553191489361702,235
INTERGENIC,"ENSG00000178464[1,1,1]|retro_human_5348|RPL10P16-201|processed_pseudogene|chr19:12767729-12768474(-)",0.53,0.5369127516778524,745
INTERGENIC,"ENSG00000228887[1,1,1]|retro_human_6650|EEF1DP1-201|processed_pseudogene|chr19:14196582-14197578(+)",0.55,0.5863453815261044,996
INTERGENIC,"ENSG00000225067[1,1,1]|retro_human_1232|RPL23AP2-201|processed_pseudogene|chr19:15736702-15737268(+)",0.42,0.45229681978798586,566
INTERGENIC,"ENSG00000267218[1,1,1]|AC005336.2-201|processed_pseudogene|chr19:16033473-16034515(-)",0.49,0.5911708253358925,1042
INTERGENIC,"ENSG00000269419[1,1,1]|AC008737.2-201|processed_pseudogene|chr19:16847072-16847289(+)",0.51,0.391705069124424,217
INTERGENIC,"ENSG00000270325[1,1,1]|retro_human_3900|BNIP3P9-201|processed_pseudogene|chr19:19994632-19995285(+)",0.56,0.3905053598774885,653
INTERGENIC,"ENSG00000270716[1,1,1]|retro_human_11153|BNIP3P15-201|processed_pseudogene|chr19:20274236-20274637(+)",0.53,0.4314214463840399,401
INTERGENIC,"ENSG00000268433[1,1,1]|MTDHP3-201|processed_pseudogene|chr19:21816128-21816900(-)",0.57,0.5168393782383419,772
INTERGENIC,"ENSG00000268140[1,1,1]|retro_human_10422|PCGF7P-201|processed_pseudogene|chr19:22276275-22277426(+)",0.56,0.4882710686359687,1151
INTERGENIC,"ENSG00000236312[1,1,1]|retro_human_10959|RPL34P34-201|processed_pseudogene|chr19:22507181-22507635(-)",0.47,0.4251101321585903,454
INTERGENIC,"ENSG00000241282[1,1,1]|retro_human_4958|RPL34P33-201|processed_pseudogene|chr19:22837921-22838355(+)",0.49,0.4308755760368664,434
INTERGENIC,"ENSG00000269471[1,1,1]|AC092329.2-201|processed_pseudogene|chr19:23338748-23339395(+)",0.66,0.5795981452859351,647
INTERGENIC,"ENSG00000269837[2,1,1]|IPO5P1-201|transcribed_processed_pseudogene|chr19:23389803-23392788(-)",0.44,0.4676716917922948,2985
INTERGENIC,"ENSG00000269837[1,1,1]|IPO5P1-202|transcribed_processed_pseudogene|chr19:23389803-23390285(-)",0.42,0.4211618257261411,482
INTERGENIC,"ENSG00000240231[1,1,1]|retro_human_4959|RPS27P29-201|processed_pseudogene|chr19:23736798-23737150(+)",0.47,0.4630681818181818,352
INTERGENIC,"ENSG00000232429[1,1,1]|retro_human_3384|RPL21P131-201|processed_pseudogene|chr19:36109870-36110450(-)",0.47,0.41551724137931034,580
INTERGENIC,"ENSG00000269584[1,1,1]|retro_human_5757|TDGF1P7-201|processed_pseudogene|chr19:42338670-42339329(+)",0.46,0.503793626707132,659
INTERGENIC,"ENSG00000269858[1,20,6]|CYP2F2P-202|transcribed_processed_pseudogene|chr19:43619819-43651945(+)",0.82,0.521076688674454,5907
INTERGENIC,"ENSG00000269858[1,20,6]|CYP2F2P-201|transcribed_processed_pseudogene|chr19:43619819-43651945(+)",0.82,0.521076688674454,5907
INTERGENIC,"ENSG00000269181[1,1,1]|AC020914.5-201|processed_pseudogene|chr19:54530948-54531320(+)",0.5,0.4381720430107527,372
INTERGENIC,"ENSG00000270248[1,1,1]|retro_human_8547|AC011468.4-201|processed_pseudogene|chr19:55197480-55197989(-)",0.34,0.3988212180746562,509
INTERGENIC,"ENSG00000243680[1,1,1]|retro_human_9238|RPL37P23-201|processed_pseudogene|chr19:55230203-55230599(+)",0.55,0.46464646464646464,396
INTERGENIC,"ENSG00000269776[1,1,1]|retro_human_4160|DPPA5P1-201|processed_pseudogene|chr19:55510495-55510935(-)",0.5,0.5272727272727272,440
INTERGENIC,"ENSG00000242779[3,15,12]|ZNF702P-207|transcribed_processed_pseudogene|chr19:56048911-56120515(-)",0.66,0.39218409045824243,5041
INTERGENIC,"ENSG00000242779[3,15,12]|ZNF702P-214|transcribed_processed_pseudogene|chr19:56048911-56120515(-)",0.66,0.39218409045824243,5041
INTERGENIC,"ENSG00000242779[6,12,12]|ZNF702P-211|transcribed_processed_pseudogene|chr19:56048911-56076104(-)",0.65,0.3938852491562438,5037
INTERGENIC,"ENSG00000242779[6,12,12]|ZNF702P-204|transcribed_processed_pseudogene|chr19:56048911-56076104(-)",0.65,0.3938852491562438,5037
INTERGENIC,"ENSG00000229000[1,1,1]|retro_human_2033|SEPTIN7P8-201|processed_pseudogene|chr19:56851930-56852805(-)",0.39,0.3954285714285714,875
INTERGENIC,"ENSG00000226608[1,1,1]|retro_human_4795|FTLP3-201|processed_pseudogene|chr20:4054811-4055439(+)",0.55,0.5573248407643312,628
INTERGENIC,"ENSG00000226948[1,1,2]|retro_human_5876|RPS4XP2-201|transcribed_processed_pseudogene|chr20:4668612-4669505(-)",0.41,0.44568868980963045,893
INTERGENIC,"ENSG00000225022[1,1,1]|retro_human_2197|UBE2D3P1-201|processed_pseudogene|chr20:5333320-5333864(-)",0.5,0.4117647058823529,544
INTERGENIC,"ENSG00000225831[1,1,1]|retro_human_2004|RPS18P1-201|processed_pseudogene|chr20:5573507-5574065(+)",0.48,0.471326164874552,558
INTERGENIC,"ENSG00000215589[1,1,1]|retro_human_2198|KANK1P1-201|processed_pseudogene|chr20:5968370-5969704(-)",0.47,0.49250374812593706,1334
INTERGENIC,"ENSG00000228438[1,1,1]|retro_human_7637|AL445567.1-201|processed_pseudogene|chr20:8973005-8973249(-)",0.47,0.38114754098360654,244
INTERGENIC,"ENSG00000218902[1,1,1]|PTMAP3-201|processed_pseudogene|chr20:18063045-18063475(+)",0.54,0.5,430
INTERGENIC,"ENSG00000214612[1,1,1]|retro_human_4760|RPS19P1-201|processed_pseudogene|chr20:18555637-18556171(+)",0.63,0.5730337078651685,534
INTERGENIC,"ENSG00000233324[1,1,1]|retro_human_11106|EEF1A1P34-201|processed_pseudogene|chr20:18834226-18835593(-)",0.44,0.4703730797366496,1367
INTERGENIC,"ENSG00000227063[1,1,1]|RPL41P1-201|processed_pseudogene|chr20:21812228-21812409(+)",0.55,0.5359116022099447,181
INTERGENIC,"ENSG00000213882[1,1,1]|retro_human_3785|CYB5AP4-201|processed_pseudogene|chr20:22945093-22945592(-)",0.42,0.42084168336673344,499
INTERGENIC,"ENSG00000230801[1,1,1]|retro_human_4198|AL160175.1-201|processed_pseudogene|chr20:33533060-33533407(-)",0.4,0.44668587896253603,347
INTERGENIC,"ENSG00000235217[2,1,2]|TSPY26P-201|transcribed_processed_pseudogene|chr20:33913074-33914500(-)",0.63,0.6633941093969145,1426
INTERGENIC,"ENSG00000226038[1,1,1]|retro_human_1752|PPIAP21-201|processed_pseudogene|chr20:44964744-44965345(+)",0.48,0.46589018302828616,601
INTERGENIC,"ENSG00000233711[1,1,1]|retro_human_10498|EIF4EBP2P1-201|processed_pseudogene|chr20:45156390-45156833(-)",0.63,0.5169300225733634,443
INTERGENIC,"ENSG00000226243[1,1,1]|retro_human_5001|RPL37AP1-201|processed_pseudogene|chr20:46202279-46202658(-)",0.54,0.5171503957783641,379
INTERGENIC,"ENSG00000235508[1,1,1]|retro_human_5005|RPS2P7-201|processed_pseudogene|chr20:47376484-47377469(-)",0.55,0.5715736040609137,985
INTERGENIC,"ENSG00000215452[1,1,2]|retro_human_10908|chr20:48192008-48193243(-)",0.37,0.3902834008097166,1235
INTERGENIC,"ENSG00000231878[1,1,1]|retro_human_5405|SNRPFP1-201|processed_pseudogene|chr20:51499091-51499443(-)",0.48,0.45454545454545453,352
INTERGENIC,"ENSG00000229222[1,1,1]|retro_human_8800|KRT18P4-201|processed_pseudogene|chr20:51726166-51727554(+)",0.59,0.55835734870317,1388
INTERGENIC,"ENSG00000241721[1,1,1]|retro_human_5402|SUMO1P1-201|processed_pseudogene|chr20:55648571-55648978(-)",0.53,0.40786240786240785,407
INTERGENIC,"ENSG00000185834[1,1,1]|retro_human_7646|RPL12P4-201|processed_pseudogene|chr20:56849334-56849925(+)",0.59,0.5143824027072758,591
INTERGENIC,"ENSG00000124097[2,2,2]|retro_human_9497|HMGB1P1-201|processed_pseudogene|chr20:59266156-59266892(-)",0.49,0.44157608695652173,736
INTERGENIC,"ENSG00000226094[1,1,1]|retro_human_897|RPL7P3-201|processed_pseudogene|chr20:64371147-64371961(+)",0.6,0.5417690417690417,814
INTERGENIC,"ENSG00000279864[2,1,1]|NCOR1P4-201|transcribed_processed_pseudogene|chr21:9125483-9125882(+)",0.38,0.3333333333333333,399
INTERGENIC,"ENSG00000226580[1,1,1]|retro_human_8511|RPL39P40-201|processed_pseudogene|chr21:15855724-15855970(-)",0.42,0.4268292682926829,246
INTERGENIC,"ENSG00000198618[1,1,1]|retro_human_3505|PPIAP22-201|processed_pseudogene|chr21:17217367-17217965(+)",0.58,0.48327759197324416,598
INTERGENIC,"ENSG00000229336[1,1,1]|retro_human_3499|SREK1IP1P1-201|processed_pseudogene|chr21:18100069-18100611(+)",0.42,0.3376383763837638,542
INTERGENIC,"ENSG00000213885[1,1,1]|retro_human_7174|RPL13AP7-201|transcribed_processed_pseudogene|chr21:23719629-23720342(+)",0.56,0.5610098176718092,713
INTERGENIC,"ENSG00000217026[1,1,1]|retro_human_8848|RPL10P1-201|processed_pseudogene|chr21:25779062-25779806(-)",0.55,0.5295698924731183,744
INTERGENIC,"ENSG00000176054[1,1,1]|retro_human_8847|RPL23P2-201|processed_pseudogene|chr21:27360276-27360797(-)",0.38,0.42994241842610365,521
INTERGENIC,"ENSG00000234107[1,1,1]|retro_human_3584|TPT1P1-201|processed_pseudogene|chr21:30208563-30209181(+)",0.54,0.4320388349514563,618
INTERGENIC,"ENSG00000215088[1,1,1]|retro_human_10461|RPS5P3-201|processed_pseudogene|chr21:31863361-31864077(-)",0.59,0.5502793296089385,716
INTERGENIC,"ENSG00000234008[1,1,1]|retro_human_9375|PPP1R2P2-201|processed_pseudogene|chr21:34270189-34270902(+)",0.64,0.4361851332398317,713
INTERGENIC,"ENSG00000226054[1,1,1]|retro_human_9429|MEMO1P1-201|processed_pseudogene|chr21:34513465-34514453(+)",0.63,0.4493927125506073,988
INTERGENIC,"ENSG00000214867[1,1,1]|retro_human_9379|SRSF9P1-201|processed_pseudogene|chr21:34677676-34678306(-)",0.75,0.5587301587301587,630
INTERGENIC,"ENSG00000215734[1,1,1]|retro_human_2901|MRPL20P1-201|processed_pseudogene|chr21:35376807-35377340(+)",0.62,0.5365853658536586,533
INTERGENIC,"ENSG00000228861[1,1,1]|retro_human_7674|RPL23AP12-201|processed_pseudogene|chr21:37512142-37512715(+)",0.43,0.4607329842931937,573
INTERGENIC,"ENSG00000236097[1,1,1]|retro_human_5722|BNIP3P2-1|processed_pseudogene|chr22:15924575-15925252(+)",0.57,0.4239290989660266,677
INTERGENIC,"ENSG00000271672[1,1,1]|retro_human_6932|DUXAP8-210|transcribed_processed_pseudogene|chr22:16400430-16401152(+)",0.48,0.4155124653739612,722
INTERGENIC,"ENSG00000237358[1,1,1]|AC007064.1-201|processed_pseudogene|chr22:17553198-17553649(-)",0.42,0.4789356984478936,451
INTERGENIC,"ENSG00000238125[1,1,1]|retro_human_8106|SLC9A3P2-201|processed_pseudogene|chr22:21061385-21063506(+)",0.64,0.5417256011315418,2121
INTERGENIC,"ENSG00000229107[1,1,1]|retro_human_8877|ABHD17AP4-201|processed_pseudogene|chr22:21076500-21079749(-)",0.72,0.6818632309217046,1009
INTERGENIC,"ENSG00000225544[1,1,1]|AC245452.1-201|processed_pseudogene|chr22:22298745-22299237(-)",0.41,0.4735772357723577,492
INTERGENIC,"ENSG00000227755[2,3,2]|AP000344.1-202|transcribed_processed_pseudogene|chr22:23881079-23883634(+)",0.64,0.6355685131195336,686
INTERGENIC,"ENSG00000227755[2,3,2]|AP000344.1-201|transcribed_processed_pseudogene|chr22:23881079-23883634(+)",0.64,0.6355685131195336,686
INTERGENIC,"ENSG00000182351[1,1,1]|retro_human_1629|CRIP1P4-201|processed_pseudogene|chr22:25173690-25174019(+)",0.73,0.6413373860182371,329
INTERGENIC,"ENSG00000237668[1,1,1]|retro_human_2632|RPS15AP38-201|processed_pseudogene|chr22:36881388-36881860(-)",0.59,0.4555084745762712,472
INTERGENIC,"ENSG00000226024[1,1,1]|retro_human_1640|COX5BP7-201|processed_pseudogene|chr22:39590599-39590973(-)",0.46,0.5026737967914439,374
INTERGENIC,"ENSG00000231907[1,1,1]|retro_human_7733|GAPDHP37-201|processed_pseudogene|chr22:41145398-41146466(-)",0.5,0.5131086142322098,1068
INTERGENIC,"ENSG00000227370[1,1,1]|retro_human_1634|AC254562.1-201|processed_pseudogene|chr22:42611988-42612544(+)",0.54,0.5701438848920863,556
INTERGENIC,"ENSG00000234009[1,1,1]|retro_human_2277|RPL5P34-201|processed_pseudogene|chr22:43257297-43258288(-)",0.53,0.45408678102926336,991
INTRONIC,"ENSG00000230021[8,12,3]|CICP18-201|transcribed_processed_pseudogene|chr1:146488-151124(-)",0.6,0.5289256198347108,484
INTRONIC,"ENSG00000234619[1,1,1]|retro_human_7188|RPL7P11-201|processed_pseudogene|chr1:8283833-8284591(+)",0.49,0.4129287598944591,758
INTRONIC,"ENSG00000227875[1,1,1]|retro_human_5706|RPL23AP89-201|processed_pseudogene|chr1:11624381-11624736(-)",0.38,0.4507042253521127,355
INTRONIC,"ENSG00000234607[1,1,1]|AL355994.4-201|processed_pseudogene|chr1:15410868-15411531(+)",0.56,0.4720965309200603,663
INTRONIC,"ENSG00000233072[1,1,1]|retro_human_5047|RPS15AP6-201|processed_pseudogene|chr1:20830140-20830625(-)",0.38,0.38762886597938145,485
INTRONIC,"ENSG00000229010[1,1,1]|AL161672.1-201|processed_pseudogene|chr1:22965968-22966886(+)",0.41,0.5729847494553377,918
INTRONIC,"ENSG00000229106[1,1,1]|retro_human_10541|BTBD6P1-201|processed_pseudogene|chr1:23738835-23740190(-)",0.66,0.5874538745387454,1355
INTRONIC,"ENSG00000224183[1,1,1]|retro_human_7141|SDHDP6-201|processed_pseudogene|chr1:25130378-25130958(-)",0.6,0.5258620689655172,580
INTRONIC,"ENSG00000241547[1,1,1]|retro_human_10142|ACTG1P20-201|processed_pseudogene|chr1:27166512-27167080(+)",0.54,0.5422535211267606,568
INTRONIC,"ENSG00000237329[1,1,1]|retro_human_10755|AL356320.2-201|processed_pseudogene|chr1:30888816-30889423(+)",0.44,0.3871499176276771,607
INTRONIC,"ENSG00000229447[1,1,1]|retro_human_11003|AC114495.2-201|processed_pseudogene|chr1:31115413-31115950(-)",0.36,0.37057728119180633,537
INTRONIC,"ENSG00000229994[1,1,1]|retro_human_5607|RPL5P4-201|processed_pseudogene|chr1:35213725-35214711(+)",0.47,0.4279918864097363,986
INTRONIC,"ENSG00000271164[1,1,1]|retro_human_9728|CFAP97P1-201|processed_pseudogene|chr1:35736110-35736693(-)",0.35,0.3979416809605489,583
INTRONIC,"ENSG00000231849[1,1,1]|retro_human_9732|UBE2V2P4-201|processed_pseudogene|chr1:36104727-36105086(-)",0.33,0.36768802228412256,359
INTRONIC,"ENSG00000232273[1,1,1]|retro_human_5599|FTH1P1-201|processed_pseudogene|chr1:37409473-37410105(+)",0.7,0.509493670886076,632
INTRONIC,"ENSG00000215895[1,1,1]|retro_human_11098|HSPA5P1-201|processed_pseudogene|chr1:38576067-38578127(+)",0.69,0.4679611650485437,2060
INTRONIC,"ENSG00000284138[1,1,1]|ATP6V0CP4-201|processed_pseudogene|chr1:42822621-42823161(-)",0.57,0.562962962962963,540
INTRONIC,"ENSG00000233674[1,1,1]|retro_human_10715|AL451062.2-201|processed_pseudogene|chr1:43614221-43614592(+)",0.49,0.4393530997304582,371
INTRONIC,"ENSG00000224751[1,1,1]|retro_human_10130|SHMT1P1-201|processed_pseudogene|chr1:43721075-43722487(-)",0.51,0.5375354107648725,1412
INTRONIC,"ENSG00000229815[1,1,1]|retro_human_6386|CCNB1IP1P1-201|processed_pseudogene|chr1:44830135-44831074(+)",0.36,0.4355697550585729,939
INTRONIC,"ENSG00000234315[1,1,1]|retro_human_6711|OSTCP5-201|processed_pseudogene|chr1:44941495-44942048(-)",0.45,0.43399638336347196,553
INTRONIC,"ENSG00000236872[1,1,1]|retro_human_5067|PPIAP36-201|processed_pseudogene|chr1:45286521-45286946(+)",0.56,0.48,425
INTRONIC,"ENSG00000225447[1,1,1]|retro_human_892|RPS15AP10-201|processed_pseudogene|chr1:45518107-45518589(-)",0.46,0.41286307053941906,482
INTRONIC,"ENSG00000233647[1,1,1]|NENFP1-201|processed_pseudogene|chr1:46543099-46543665(-)",0.62,0.5070671378091873,566
INTRONIC,"ENSG00000236973[1,1,1]|retro_human_687|GAPDHP51-201|processed_pseudogene|chr1:51587014-51588114(-)",0.54,0.5072727272727273,1100
INTRONIC,"ENSG00000230604[1,1,1]|retro_human_609|TSEN15P2-201|processed_pseudogene|chr1:51740599-51741057(+)",0.27,0.3864628820960699,458
INTRONIC,"ENSG00000228929[1,1,1]|retro_human_693|RPS13P2-201|processed_pseudogene|chr1:52653672-52654227(-)",0.51,0.42882882882882883,555
INTRONIC,"ENSG00000237279[1,1,1]|retro_human_685|H3P2-201|processed_pseudogene|chr1:52825001-52825496(-)",0.49,0.48484848484848486,495
INTRONIC,"ENSG00000226147[1,1,1]|retro_human_5988|TUBBP10-201|processed_pseudogene|chr1:52876195-52877596(+)",0.47,0.5260528194147038,1401
INTRONIC,"ENSG00000227644[1,1,1]|retro_human_6470|HIGD1AP11-201|processed_pseudogene|chr1:52954561-52954941(-)",0.42,0.4473684210526316,380
INTRONIC,"ENSG00000236776[1,1,1]|retro_human_246|RPL21P23-201|processed_pseudogene|chr1:56417221-56417781(+)",0.46,0.4160714285714286,560
INTRONIC,"ENSG00000223416[1,1,1]|retro_human_6614|RPS26P15-201|processed_pseudogene|chr1:57934936-57935384(-)",0.5,0.5111607142857143,448
INTRONIC,"ENSG00000185031[1,1,1]|retro_human_1063|SLC2A3P2-201|processed_pseudogene|chr1:64862562-64864142(-)",0.41,0.46772151898734177,1580
INTRONIC,"ENSG00000228431[1,1,1]|retro_human_6882|ARL5AP3-201|processed_pseudogene|chr1:67926766-67927252(-)",0.46,0.3724279835390947,486
INTRONIC,"ENSG00000234383[1,1,1]|retro_human_7785|CTBP2P8-201|processed_pseudogene|chr1:68039141-68040571(-)",0.42,0.5475524475524476,1430
INTRONIC,"ENSG00000270615[1,1,1]|retro_human_8967|SGO1P1-201|processed_pseudogene|chr1:69483437-69484984(-)",0.46,0.34324499030381384,1547
INTRONIC,"ENSG00000181227[1,1,1]|retro_human_8962|DLSTP1-201|processed_pseudogene|chr1:75580035-75581489(-)",0.58,0.5027510316368639,1454
INTRONIC,"ENSG00000235613[1,1,1]|retro_human_6609|NSRP1P1-201|processed_pseudogene|chr1:77685875-77687668(+)",0.46,0.4143892916899052,1793
INTRONIC,"ENSG00000229505[1,1,1]|AC104455.1-201|processed_pseudogene|chr1:85870340-85871176(+)",0.28,0.423444976076555,836
INTRONIC,"ENSG00000241975[1,1,1]|retro_human_6210|ELOCP19-201|processed_pseudogene|chr1:88672439-88672857(+)",0.45,0.38516746411483255,418
INTRONIC,"ENSG00000229992[1,1,1]|retro_human_4412|HMGB3P9-201|processed_pseudogene|chr1:92491854-92492537(-)",0.46,0.43045387994143486,683
INTRONIC,"ENSG00000223896[1,1,1]|retro_human_809|CCNJP2-201|processed_pseudogene|chr1:92600955-92602218(+)",0.64,0.4489311163895487,1263
INTRONIC,"ENSG00000225297[1,1,1]|AC126124.1-201|processed_pseudogene|chr1:93045291-93045576(-)",0.51,0.5368421052631579,285
INTRONIC,"ENSG00000232857[1,1,1]|retro_human_4422|KATNBL1P2-201|processed_pseudogene|chr1:94498544-94499479(-)",0.33,0.36363636363636365,935
INTRONIC,"ENSG00000228057[1,1,1]|retro_human_5787|SEC63P1-201|processed_pseudogene|chr1:97393528-97394886(+)",0.41,0.4072164948453608,1358
INTRONIC,"ENSG00000226128[1,1,1]|retro_human_5786|RPL26P9-201|processed_pseudogene|chr1:97433693-97434227(+)",0.43,0.40074906367041196,534
INTRONIC,"ENSG00000225169[1,1,1]|retro_human_418|BRI3P1-201|processed_pseudogene|chr1:100061293-100061771(+)",0.76,0.6506276150627615,478
INTRONIC,"ENSG00000230287[1,1,1]|AL445928.1-201|processed_pseudogene|chr1:100097007-100097329(+)",0.47,0.48757763975155277,322
INTRONIC,"ENSG00000230946[1,1,1]|retro_human_10324|HNRNPA1P68-201|processed_pseudogene|chr1:100789803-100790882(-)",0.51,0.4494902687673772,1079
INTRONIC,"ENSG00000282852[1,1,1]|retro_human_37|AL137790.2-201|processed_pseudogene|chr1:110271678-110271955(+)",0.6,0.45126353790613716,277
INTRONIC,"ENSG00000215867[1,1,1]|retro_human_1262|KRT18P57-201|processed_pseudogene|chr1:111663125-111664479(-)",0.54,0.5391432791728212,1354
INTRONIC,"ENSG00000229020[1,1,1]|retro_human_8218|AKR7A2P1-201|processed_pseudogene|chr1:112935947-112936962(+)",0.66,0.5891625615763547,1015
INTRONIC,"ENSG00000225650[1,1,1]|retro_human_2741|EIF2S2P5-201|processed_pseudogene|chr1:114479953-114481021(+)",0.47,0.3960674157303371,1068
INTRONIC,"ENSG00000228453[1,1,1]|retro_human_2737|RPS15AP9-201|processed_pseudogene|chr1:117148668-117149149(+)",0.52,0.4282744282744283,481
INTRONIC,"ENSG00000223575[1,1,1]|retro_human_855|RBMX2P3-201|processed_pseudogene|chr1:119098157-119099214(-)",0.52,0.49952696310312206,1057
INTRONIC,"ENSG00000236804[1,1,1]|retro_human_854|RPS3AP12-201|processed_pseudogene|chr1:119139716-119140567(-)",0.47,0.4007050528789659,851
INTRONIC,"ENSG00000270392[1,1,1]|retro_human_7827|PFN1P2-201|transcribed_processed_pseudogene|chr1:120445453-120447402(-)",0.65,0.4191893278604413,1949
INTRONIC,"ENSG00000270392[1,1,2]|PFN1P2-202|transcribed_processed_pseudogene|chr1:120446905-120447402(-)",0.65,0.5674044265593562,497
INTRONIC,"ENSG00000271644[1,1,1]|AC242498.1-201|processed_pseudogene|chr1:144089716-144089927(+)",0.54,0.5071090047393365,211
INTRONIC,"ENSG00000244371[1,1,1]|retro_human_2514|PFN1P8-201|processed_pseudogene|chr1:147850721-147851364(+)",0.64,0.5474339035769828,643
INTRONIC,"ENSG00000180867[2,1,2]|retro_human_9314|PDIA3P1-202|transcribed_processed_pseudogene|chr1:147628736-147630346(-)",0.76,0.46645962732919255,1610
INTRONIC,"ENSG00000236806[1,1,1]|retro_human_10897|RPL7AP15-201|processed_pseudogene|chr1:147584025-147584920(-)",0.52,0.48268156424581005,895
INTRONIC,"ENSG00000225080[1,1,1]|retro_human_10887|PFN1P4-201|processed_pseudogene|chr1:146677455-146677957(-)",0.64,0.5537848605577689,502
INTRONIC,"ENSG00000236327[1,1,1]|retro_human_2915|AL831737.1-201|processed_pseudogene|chr1:153027802-153028173(+)",0.56,0.4366576819407008,371
INTRONIC,"ENSG00000228264[1,1,1]|retro_human_9750|PSMD8P1-201|processed_pseudogene|chr1:153551402-153552271(-)",0.62,0.5500575373993095,869
INTRONIC,"ENSG00000237872[1,1,1]|retro_human_5934|POU5F1P4-201|processed_pseudogene|chr1:154571686-154572871(+)",0.6,0.589873417721519,1185
INTRONIC,"ENSG00000235700[1,1,1]|retro_human_182|CYCSP52-201|processed_pseudogene|chr1:156265157-156265567(+)",0.42,0.4292682926829268,410
INTRONIC,"ENSG00000233473[1,1,1]|retro_human_3534|RAD1P2-201|processed_pseudogene|chr1:158218117-158218880(-)",0.47,0.36828309305373524,763
INTRONIC,"ENSG00000235082[1,1,1]|retro_human_3082|SUMO1P3-201|processed_pseudogene|chr1:159454423-159454827(+)",0.6,0.41089108910891087,404
INTRONIC,"ENSG00000225171[1,1,1]|retro_human_3466|DUTP6-201|processed_pseudogene|chr1:166214531-166215093(+)",0.58,0.45195729537366547,562
INTRONIC,"ENSG00000224837[1,1,1]|retro_human_7728|GCSHP5-201|processed_pseudogene|chr1:167407317-167407939(-)",0.77,0.5080385852090032,622
INTRONIC,"ENSG00000234604[1,1,1]|AL021068.1-201|processed_pseudogene|chr1:168829356-168829556(-)",0.36,0.36,200
INTRONIC,"ENSG00000223828[1,1,1]|retro_human_6766|BANF1P4-201|processed_pseudogene|chr1:174114759-174115129(-)",0.49,0.5216216216216216,370
INTRONIC,"ENSG00000228196[1,1,1]|retro_human_8222|PTPN2P1-201|processed_pseudogene|chr1:178101359-178102531(-)",0.62,0.4180887372013652,1172
INTRONIC,"ENSG00000234041[1,1,1]|AL512326.5-201|processed_pseudogene|chr1:178492702-178492973(+)",0.47,0.5239852398523985,271
INTRONIC,"ENSG00000233562[1,1,1]|retro_human_5498|RPS3AP8-201|processed_pseudogene|chr1:182625869-182626653(+)",0.37,0.4119897959183674,784
INTRONIC,"ENSG00000231084[1,1,1]|retro_human_907|RPL22P24-201|processed_pseudogene|chr1:184528193-184528669(-)",0.44,0.4096638655462185,476
INTRONIC,"ENSG00000213051[1,1,1]|retro_human_906|RPL5P5-201|processed_pseudogene|chr1:184583661-184584654(-)",0.48,0.418932527693857,993
INTRONIC,"ENSG00000232824[1,1,1]|PRR13P1-201|processed_pseudogene|chr1:197457106-197457614(-)",0.58,0.5610236220472441,508
INTRONIC,"ENSG00000223396[2,1,1]|retro_human_3649|RPS10P7-202|transcribed_processed_pseudogene|chr1:200777692-200778373(+)",0.36,0.4948604992657856,681
INTRONIC,"ENSG00000226148[1,1,1]|retro_human_3642|SLC25A39P1-201|processed_pseudogene|chr1:202058623-202059788(+)",0.53,0.5433476394849786,1165
INTRONIC,"ENSG00000230280[1,1,1]|retro_human_9121|HNRNPA1P59-201|processed_pseudogene|chr1:202174454-202175472(+)",0.52,0.4715127701375246,1018
INTRONIC,"ENSG00000236035[1,1,1]|retro_human_5488|NSA2P1-201|processed_pseudogene|chr1:202920134-202921026(-)",0.48,0.4103139013452915,892
INTRONIC,"ENSG00000235363[1,1,1]|retro_human_3242|SNRPGP10-201|processed_pseudogene|chr1:204615501-204615826(+)",0.48,0.4246153846153846,325
INTRONIC,"ENSG00000225483[1,1,1]|retro_human_103|RPL22P4-201|processed_pseudogene|chr1:205425021-205425511(-)",0.49,0.38979591836734695,490
INTRONIC,"ENSG00000271680[1,1,1]|AC098935.2-201|processed_pseudogene|chr1:206170182-206170748(+)",0.38,0.3992932862190813,566
INTRONIC,"ENSG00000220749[1,1,1]|RPL21P28-201|processed_pseudogene|chr1:211297554-211298137(-)",0.48,0.4202401372212693,583
INTRONIC,"ENSG00000225920[1,1,1]|retro_human_2852|RIMKLBP2-201|processed_pseudogene|chr1:218435838-218436592(-)",0.49,0.4363395225464191,754
INTRONIC,"ENSG00000232134[1,1,1]|retro_human_2846|RPS15AP12-201|processed_pseudogene|chr1:219383187-219383675(-)",0.42,0.42418032786885246,488
INTRONIC,"ENSG00000218283[1,1,1]|retro_human_8301|MORF4L1P1-201|processed_pseudogene|chr1:219492799-219493866(+)",0.59,0.44329896907216493,1067
INTRONIC,"ENSG00000213033[1,1,1]|retro_human_2845|AURKAP1-201|transcribed_processed_pseudogene|chr1:219505935-219507247(-)",0.47,0.44664634146341464,1312
INTRONIC,"ENSG00000234523[1,1,1]|retro_human_2424|NDUFB1P2-201|processed_pseudogene|chr1:222179518-222179794(+)",0.49,0.38405797101449274,276
INTRONIC,"ENSG00000228525[1,1,1]|AL353689.1-201|processed_pseudogene|chr1:226146030-226146329(-)",0.46,0.4080267558528428,299
INTRONIC,"ENSG00000225934[1,1,1]|FAM133FP-201|processed_pseudogene|chr1:226787308-226788079(-)",0.45,0.35667963683527887,771
INTRONIC,"ENSG00000183929[1,1,1]|retro_human_7896|DUSP5P1-201|processed_pseudogene|chr1:228028412-228029651(+)",0.7,0.5649717514124294,1239
INTRONIC,"ENSG00000234975[1,1,1]|retro_human_7897|FTH1P2-201|processed_pseudogene|chr1:228065263-228065775(+)",0.4,0.47265625,512
INTRONIC,"ENSG00000231940[1,1,1]|retro_human_9132|RPS7P3-201|processed_pseudogene|chr1:232675176-232675856(-)",0.58,0.4485294117647059,680
INTRONIC,"ENSG00000226498[1,1,1]|retro_human_4035|RPSAP21-201|processed_pseudogene|chr1:236230632-236231617(+)",0.47,0.5086294416243655,985
INTRONIC,"ENSG00000237991[1,1,1]|retro_human_4038|RPL35P1-201|processed_pseudogene|chr1:236392295-236392765(+)",0.58,0.5553191489361702,470
INTRONIC,"ENSG00000223694[1,1,1]|retro_human_3628|ADH5P3-201|processed_pseudogene|chr1:239583442-239584679(+)",0.49,0.4624090541632983,1237
INTRONIC,"ENSG00000227735[1,1,1]|retro_human_4467|CYCSP5-201|processed_pseudogene|chr1:244014612-244015009(-)",0.38,0.4256926952141058,397
INTRONIC,"ENSG00000225222[1,1,1]|retro_human_143|CHCHD4P5-201|processed_pseudogene|chr1:245599880-245600407(+)",0.48,0.47248576850094876,527
INTRONIC,"ENSG00000230154[1,1,1]|retro_human_1491|AIDAP1-201|processed_pseudogene|chr2:11341053-11342070(+)",0.69,0.4218289085545723,1017
INTRONIC,"ENSG00000229087[1,1,1]|retro_human_11185|RPS26P18-201|processed_pseudogene|chr2:15428775-15429223(-)",0.44,0.47098214285714285,448
INTRONIC,"ENSG00000279307[1,1,1]|retro_human_5690|NDUFAF2P1-201|processed_pseudogene|chr2:20562742-20563352(-)",0.62,0.44754098360655736,610
INTRONIC,"ENSG00000232963[1,1,1]|retro_human_1909|HMGN2P20-201|processed_pseudogene|chr2:24364978-24365351(+)",0.55,0.4932975871313673,373
INTRONIC,"ENSG00000187536[1,1,1]|retro_human_5684|TPM3P7-201|processed_pseudogene|chr2:25845184-25846016(-)",0.55,0.5,832
INTRONIC,"ENSG00000217643[1,1,1]|retro_human_1913|PTGES3P2-201|processed_pseudogene|chr2:25857730-25858312(+)",0.6,0.41237113402061853,582
INTRONIC,"ENSG00000218682[1,1,1]|retro_human_329|AC064847.1-201|processed_pseudogene|chr2:25891741-25892347(-)",0.34,0.5214521452145214,606
INTRONIC,"ENSG00000235440[1,1,1]|retro_human_332|RPS2P15-201|processed_pseudogene|chr2:26136583-26137504(-)",0.48,0.498371335504886,921
INTRONIC,"ENSG00000227770[1,1,1]|retro_human_4066|RPL7P12-201|processed_pseudogene|chr2:38238412-38239262(+)",0.38,0.4023529411764706,850
INTRONIC,"ENSG00000213553[1,1,1]|retro_human_4064|RPLP0P6-201|processed_pseudogene|chr2:38488704-38489758(+)",0.55,0.5294117647058824,1054
INTRONIC,"ENSG00000223922[1,1,1]|retro_human_10338|ASS1P2-201|processed_pseudogene|chr2:38819169-38820492(-)",0.54,0.5298563869992441,1323
INTRONIC,"ENSG00000232526[1,1,1]|retro_human_4859|VDAC1P13-201|processed_pseudogene|chr2:42468525-42469484(-)",0.59,0.47340980187695514,959
INTRONIC,"ENSG00000236913[1,1,1]|retro_human_8140|RPS13P3-201|processed_pseudogene|chr2:42475203-42475753(+)",0.54,0.41818181818181815,550
INTRONIC,"ENSG00000233829[1,1,1]|retro_human_4851|RPL26P15-201|processed_pseudogene|chr2:46009217-46009685(-)",0.47,0.4188034188034188,468
INTRONIC,"ENSG00000235369[1,1,1]|retro_human_9042|RPL36AP15-201|processed_pseudogene|chr2:47803713-47804079(-)",0.43,0.4262295081967213,366
INTRONIC,"ENSG00000236549[1,1,1]|retro_human_5807|RPS27AP7-201|processed_pseudogene|chr2:47889347-47889902(+)",0.42,0.4018018018018018,555
INTRONIC,"ENSG00000237887[1,1,1]|retro_human_8542|RPL23AP32-201|processed_pseudogene|chr2:54523298-54523857(+)",0.47,0.4669051878354204,559
INTRONIC,"ENSG00000162994[1,12,9]|retro_human_6739|CDPF1P1-201|processed_pseudogene|chr2:55215524-55229634(-)",0.51,0.39645776566757496,734
INTRONIC,"ENSG00000228305[1,1,1]|retro_human_3563|PRELID1P6-201|processed_pseudogene|chr2:63629745-63630498(-)",0.63,0.5577689243027888,753
INTRONIC,"ENSG00000229920[1,1,1]|retro_human_3564|RPS4XP5-202|transcribed_processed_pseudogene|chr2:63650021-63651456(-)",0.44,0.3679442508710801,1435
INTRONIC,"ENSG00000229920[2,1,2]|RPS4XP5-201|transcribed_processed_pseudogene|chr2:63650838-63651706(-)",0.42,0.42626728110599077,868
INTRONIC,"ENSG00000234488[1,1,1]|retro_human_9110|RPL27P6-201|processed_pseudogene|chr2:63691887-63692393(+)",0.5,0.4407114624505929,506
INTRONIC,"ENSG00000237217[1,1,1]|AC008074.1-201|processed_pseudogene|chr2:64459211-64459740(+)",0.38,0.4896030245746692,529
INTRONIC,"ENSG00000232228[1,1,1]|retro_human_9868|RPL36AP16-201|processed_pseudogene|chr2:69606996-69607414(-)",0.44,0.430622009569378,418
INTRONIC,"ENSG00000226186[1,1,1]|retro_human_3961|ELOCP21-201|processed_pseudogene|chr2:70966851-70967287(-)",0.42,0.3830275229357798,436
INTRONIC,"ENSG00000228568[1,1,1]|retro_human_2096|RPS15AP13-201|processed_pseudogene|chr2:72301837-72302263(+)",0.45,0.4014084507042254,426
INTRONIC,"ENSG00000229798[1,1,1]|retro_human_3956|KRT18P26-201|processed_pseudogene|chr2:74315179-74316561(-)",0.57,0.5477568740955138,1382
INTRONIC,"ENSG00000226247[1,1,1]|retro_human_4350|SUPT4H1P1-201|processed_pseudogene|chr2:75660527-75660967(-)",0.43,0.46136363636363636,440
INTRONIC,"ENSG00000237077[2,1,1]|retro_human_7542|RPL38P2-202|transcribed_processed_pseudogene|chr2:77797799-77798172(+)",0.57,0.39946380697050937,373
INTRONIC,"ENSG00000233444[1,1,1]|AC013262.1-201|processed_pseudogene|chr2:81666977-81667329(-)",0.31,0.38920454545454547,352
INTRONIC,"ENSG00000271014[1,1,1]|AC062037.1-201|processed_pseudogene|chr2:85362758-85362986(-)",0.34,0.3333333333333333,228
INTRONIC,"ENSG00000235833[1,1,1]|AC017099.1-201|processed_pseudogene|chr2:97982121-97983249(-)",0.27,0.32978723404255317,1128
INTRONIC,"ENSG00000235734[1,1,1]|retro_human_7049|HMGN1P36-201|processed_pseudogene|chr2:98285414-98285812(+)",0.74,0.5301507537688442,398
INTRONIC,"ENSG00000231822[1,1,1]|SMC3P1-201|processed_pseudogene|chr2:99560531-99561366(+)",0.3,0.39520958083832336,835
INTRONIC,"ENSG00000271532[1,1,1]|retro_human_1699|BBIP1P1-201|processed_pseudogene|chr2:101527024-101527403(+)",0.42,0.40105540897097625,379
INTRONIC,"ENSG00000237916[1,1,1]|retro_human_3620|RPL37P12-201|processed_pseudogene|chr2:110013549-110013960(+)",0.41,0.43309002433090027,411
INTRONIC,"ENSG00000233370[1,1,1]|retro_human_3994|ACTR1AP1-201|processed_pseudogene|chr2:110608508-110609734(-)",0.52,0.4926590538336052,1226
INTRONIC,"ENSG00000236330[1,1,1]|retro_human_9105|RPL5P9-201|processed_pseudogene|chr2:111390806-111391792(+)",0.47,0.43204868154158216,986
INTRONIC,"ENSG00000226928[1,1,1]|retro_human_9075|RPS14P4-201|processed_pseudogene|chr2:111721331-111721851(-)",0.45,0.4807692307692308,520
INTRONIC,"ENSG00000225496[1,1,1]|retro_human_9076|RTRAFP1-201|processed_pseudogene|chr2:112366692-112367527(-)",0.5,0.39880239520958083,835
INTRONIC,"ENSG00000235128[1,1,1]|AC013474.1-201|processed_pseudogene|chr2:127116611-127117510(+)",0.58,0.4671857619577308,899
INTRONIC,"ENSG00000232101[1,1,1]|AC108059.1-201|processed_pseudogene|chr2:128587058-128587309(-)",0.6,0.5219123505976095,251
INTRONIC,"ENSG00000227653[1,1,1]|retro_human_8630|ISCA1P6-201|processed_pseudogene|chr2:128954733-128955223(-)",0.68,0.48367346938775513,490
INTRONIC,"ENSG00000224425[1,1,1]|retro_human_3182|SSBP3P2-201|processed_pseudogene|chr2:131786859-131787985(-)",0.67,0.5692717584369449,1126
INTRONIC,"ENSG00000235651[1,1,1]|retro_human_3599|G3BP1P1-201|processed_pseudogene|chr2:135951018-135952516(-)",0.46,0.4712950600801068,1498
INTRONIC,"ENSG00000224007[1,1,1]|retro_human_11012|USP12P2-201|processed_pseudogene|chr2:148746006-148747130(-)",0.57,0.36298932384341637,1124
INTRONIC,"ENSG00000223604[1,1,1]|retro_human_6126|RPL17P13-201|processed_pseudogene|chr2:149890262-149890893(+)",0.43,0.410459587955626,631
INTRONIC,"ENSG00000213197[1,1,1]|retro_human_11207|NUDCP1-201|processed_pseudogene|chr2:152841983-152842777(+)",0.64,0.5390428211586902,794
INTRONIC,"ENSG00000213189[1,1,1]|retro_human_995|BTF3L4P2-201|processed_pseudogene|chr2:159465959-159466405(+)",0.38,0.39461883408071746,446
INTRONIC,"ENSG00000225369[1,1,1]|retro_human_7306|CAPZA1P2-201|processed_pseudogene|chr2:159919580-159920520(-)",0.38,0.4106382978723404,940
INTRONIC,"ENSG00000232320[1,1,1]|retro_human_7302|MXRA7P1-201|processed_pseudogene|chr2:161799051-161799662(-)",0.82,0.7201309328968903,611
INTRONIC,"ENSG00000214211[1,1,1]|retro_human_5495|CTAGE14P-201|processed_pseudogene|chr2:168171466-168173969(-)",0.65,0.4178985217738714,2503
INTRONIC,"ENSG00000128692[1,1,1]|retro_human_8010|EIF2S2P4-201|processed_pseudogene|chr2:171228912-171229996(+)",0.55,0.4151291512915129,1084
INTRONIC,"ENSG00000224553[1,1,1]|retro_human_8426|RPS26P20-201|processed_pseudogene|chr2:171852031-171852479(-)",0.45,0.48214285714285715,448
INTRONIC,"ENSG00000238082[1,1,1]|retro_human_8631|NUDCP2-201|processed_pseudogene|chr2:178937458-178938271(+)",0.42,0.5178351783517835,813
INTRONIC,"ENSG00000231739[1,1,1]|GAPDHP59-201|processed_pseudogene|chr2:187904456-187904823(+)",0.44,0.5095367847411444,367
INTRONIC,"ENSG00000225636[1,1,1]|retro_human_10652|HNRNPA3P15-201|processed_pseudogene|chr2:197498623-197499749(+)",0.47,0.44404973357015987,1126
INTRONIC,"ENSG00000231699[1,1,1]|retro_human_5105|AC020550.1-201|processed_pseudogene|chr2:198017348-198017611(+)",0.47,0.4144486692015209,263
INTRONIC,"ENSG00000225695[1,1,1]|retro_human_2415|HNRNPA1P35-201|processed_pseudogene|chr2:201546488-201547551(+)",0.53,0.47318908748824084,1063
INTRONIC,"ENSG00000213090[1,1,1]|SCYL2P1-201|processed_pseudogene|chr2:201891174-201894038(-)",0.4,0.38337988826815644,2864
INTRONIC,"ENSG00000230799[1,1,1]|retro_human_2418|RPS2P16-201|processed_pseudogene|chr2:202243283-202244220(+)",0.48,0.5378868729989328,937
INTRONIC,"ENSG00000224463[1,1,1]|retro_human_7882|RPL39P14-201|processed_pseudogene|chr2:202712683-202712937(+)",0.47,0.42913385826771655,254
INTRONIC,"ENSG00000270915[1,1,1]|retro_human_10294|H3P8-201|processed_pseudogene|chr2:202986025-202986457(-)",0.32,0.3773148148148148,432
INTRONIC,"ENSG00000236047[1,1,1]|retro_human_7887|RPL13AP12-201|processed_pseudogene|chr2:203001407-203002096(+)",0.51,0.4934687953555878,689
INTRONIC,"ENSG00000233579[1,1,1]|retro_human_10300|KRT8P15-201|processed_pseudogene|chr2:203321747-203323298(-)",0.57,0.5622179239200515,1551
INTRONIC,"ENSG00000232479[1,1,1]|retro_human_7884|KRT8P52-201|processed_pseudogene|chr2:203406009-203407405(+)",0.52,0.5179083094555874,1396
INTRONIC,"ENSG00000225124[1,1,1]|retro_human_10298|RPL23AP36-201|processed_pseudogene|chr2:203556135-203556693(-)",0.39,0.44802867383512546,558
INTRONIC,"ENSG00000213081[1,1,1]|retro_human_7972|ARPC1BP1-201|processed_pseudogene|chr2:208840390-208841229(-)",0.59,0.6090584028605482,839
INTRONIC,"ENSG00000227430[1,1,1]|retro_human_9890|H3P9-201|processed_pseudogene|chr2:208945986-208946475(-)",0.48,0.44171779141104295,489
INTRONIC,"ENSG00000237194[1,1,1]|retro_human_7529|SNAI1P1-201|processed_pseudogene|chr2:210288862-210289766(+)",0.64,0.6117256637168141,904
INTRONIC,"ENSG00000230076[1,1,1]|retro_human_7526|RPL10P6-201|processed_pseudogene|chr2:215332000-215332418(+)",0.54,0.5334928229665071,418
INTRONIC,"ENSG00000237930[1,1,1]|retro_human_9446|RPL31P14-201|processed_pseudogene|chr2:217268136-217268607(-)",0.47,0.40552016985138006,471
INTRONIC,"ENSG00000230580[1,1,1]|retro_human_1682|RPL19P5-201|processed_pseudogene|chr2:218840138-218840736(+)",0.47,0.5217391304347826,598
INTRONIC,"ENSG00000226726[1,1,1]|retro_human_1687|TMEM256P2-201|processed_pseudogene|chr2:222017657-222018098(+)",0.54,0.5328798185941043,441
INTRONIC,"ENSG00000233868[1,1,1]|retro_human_1689|LLPHP3-201|processed_pseudogene|chr2:222429295-222429785(+)",0.45,0.40816326530612246,490
INTRONIC,"ENSG00000203531[1,1,1]|retro_human_10992|AC104772.1-201|processed_pseudogene|chr2:223183650-223184612(-)",0.34,0.46673596673596673,962
INTRONIC,"ENSG00000224121[1,1,1]|retro_human_10993|ATG12P2-201|processed_pseudogene|chr2:223387677-223388193(-)",0.47,0.43023255813953487,516
INTRONIC,"ENSG00000228446[1,1,1]|ANKRD49P1-201|processed_pseudogene|chr2:224981579-224982393(-)",0.33,0.4090909090909091,814
INTRONIC,"ENSG00000235993[1,1,1]|retro_human_7152|AC007559.1-201|processed_pseudogene|chr2:230184314-230184769(+)",0.55,0.45714285714285713,455
INTRONIC,"ENSG00000237758[1,1,1]|retro_human_3195|BANF1P3-201|processed_pseudogene|chr2:231208179-231208540(-)",0.56,0.5706371191135734,361
INTRONIC,"ENSG00000235013[1,1,1]|retro_human_697|COX20P2-201|processed_pseudogene|chr2:231440958-231441416(+)",0.77,0.4650655021834061,458
INTRONIC,"ENSG00000237039[1,1,1]|retro_human_4296|RPS28P4-201|processed_pseudogene|chr2:231740540-231740850(+)",0.61,0.6193548387096774,310
INTRONIC,"ENSG00000228499[1,1,1]|retro_human_2051|TMSB10P1-201|processed_pseudogene|chr2:236372135-236372367(-)",0.52,0.5301724137931034,232
INTRONIC,"ENSG00000235861[1,1,1]|AC005237.2-201|processed_pseudogene|chr2:241617781-241618100(+)",0.55,0.6206896551724138,319
INTRONIC,"ENSG00000231660[1,1,1]|RPS8P6-201|processed_pseudogene|chr3:300484-301193(-)",0.49,0.5698166431593794,709
INTRONIC,"ENSG00000236152[1,1,1]|retro_human_10050|MRPS36P1-201|processed_pseudogene|chr3:6763571-6763978(-)",0.5,0.40540540540540543,407
INTRONIC,"ENSG00000213964[1,1,1]|retro_human_10047|CHCHD4P4-201|processed_pseudogene|chr3:11229157-11229584(-)",0.43,0.5199063231850117,427
INTRONIC,"ENSG00000233026[1,1,1]|MTCO1P5-201|processed_pseudogene|chr3:12163488-12163932(-)",0.46,0.3918918918918919,444
INTRONIC,"ENSG00000270409[2,1,1]|retro_human_3316|chr3:15735089-15735833(+)",0.34,0.42876344086021506,744
INTRONIC,"ENSG00000224728[1,1,1]|retro_human_3315|IMPDH1P8-201|processed_pseudogene|chr3:15881162-15882784(+)",0.69,0.5782983970406905,1622
INTRONIC,"ENSG00000229756[1,1,1]|retro_human_3728|RPL31P20-201|processed_pseudogene|chr3:24435120-24435580(+)",0.3,0.38913043478260867,460
INTRONIC,"ENSG00000227523[1,1,1]|retro_human_8037|RPS20P15-201|processed_pseudogene|chr3:27464552-27464965(+)",0.41,0.3946731234866828,413
INTRONIC,"ENSG00000226216[1,1,1]|retro_human_8031|RPS12P5-201|processed_pseudogene|chr3:29393105-29393576(+)",0.5,0.4288747346072187,471
INTRONIC,"ENSG00000234737[1,1,1]|retro_human_4708|KRT18P15-201|processed_pseudogene|chr3:32255969-32257360(+)",0.64,0.5679367361610352,1391
INTRONIC,"ENSG00000213842[1,1,1]|retro_human_2554|SUGT1P2-201|processed_pseudogene|chr3:32752366-32753458(+)",0.58,0.3882783882783883,1092
INTRONIC,"ENSG00000224858[1,1,1]|retro_human_4585|RPL29P11-201|processed_pseudogene|chr3:37017817-37018409(-)",0.54,0.5506756756756757,592
INTRONIC,"ENSG00000225558[1,1,1]|retro_human_8398|UBE2D3P2-201|processed_pseudogene|chr3:37135949-37136494(+)",0.45,0.41100917431192663,545
INTRONIC,"ENSG00000224080[1,1,1]|retro_human_4582|UBE2FP1-201|processed_pseudogene|chr3:37144805-37145352(-)",0.52,0.43144424131627057,547
INTRONIC,"ENSG00000230409[1,1,1]|retro_human_2952|TCEA1P2-201|processed_pseudogene|chr3:37277040-37278046(+)",0.63,0.4294234592445328,1006
INTRONIC,"ENSG00000235482[1,1,1]|retro_human_2951|RPL21P135-201|processed_pseudogene|chr3:37752233-37753122(+)",0.43,0.453318335208099,889
INTRONIC,"ENSG00000223513[1,1,1]|retro_human_4993|ATP6V0E1P2-201|processed_pseudogene|chr3:41876791-41877136(-)",0.54,0.4956521739130435,345
INTRONIC,"ENSG00000234270[1,1,1]|retro_human_7225|RPL36P20-201|processed_pseudogene|chr3:41973360-41973778(+)",0.69,0.5526315789473685,418
INTRONIC,"ENSG00000214820[1,1,1]|retro_human_9424|MPRIPP1-201|processed_pseudogene|chr3:44595620-44596810(-)",0.72,0.6109243697478992,1190
INTRONIC,"ENSG00000226933[1,1,1]|retro_human_191|NRBF2P2-201|processed_pseudogene|chr3:46039123-46040084(+)",0.59,0.4672216441207076,961
INTRONIC,"ENSG00000235695[1,1,1]|HIGD2AP2-201|processed_pseudogene|chr3:47682637-47683046(+)",0.58,0.5745721271393643,409
INTRONIC,"ENSG00000235627[1,1,1]|retro_human_5554|SNRPFP4-201|processed_pseudogene|chr3:48188284-48188626(+)",0.39,0.40350877192982454,342
INTRONIC,"ENSG00000231884[1,1,1]|retro_human_5553|NDUFB1P1-201|processed_pseudogene|chr3:48208665-48208945(+)",0.58,0.44642857142857145,280
INTRONIC,"ENSG00000229759[1,1,1]|retro_human_5435|MRPS18AP1-201|processed_pseudogene|chr3:48284076-48284764(-)",0.5,0.5334302325581395,688
INTRONIC,"ENSG00000228638[1,1,1]|retro_human_5438|FCF1P2-201|transcribed_processed_pseudogene|chr3:48318508-48319191(-)",0.43,0.41142020497803805,683
INTRONIC,"ENSG00000239576[1,1,1]|retro_human_5551|COX6CP14-201|processed_pseudogene|chr3:49788303-49788577(+)",0.49,0.41605839416058393,274
INTRONIC,"ENSG00000213587[1,1,1]|retro_human_72|AC126120.1-201|processed_pseudogene|chr3:50749398-50749968(-)",0.49,0.44035087719298244,570
INTRONIC,"ENSG00000226360[1,1,1]|retro_human_1010|RPL10AP6-201|processed_pseudogene|chr3:61785672-61786424(-)",0.58,0.4920212765957447,752
INTRONIC,"ENSG00000239926[1,1,1]|retro_human_8989|PRDX3P4-201|processed_pseudogene|chr3:64217935-64218781(+)",0.52,0.43380614657210403,846
INTRONIC,"ENSG00000244226[1,1,1]|retro_human_8991|ILF2P1-201|processed_pseudogene|chr3:65730895-65732163(+)",0.51,0.49369085173501576,1268
INTRONIC,"ENSG00000223409[1,1,1]|retro_human_5162|RPL17P17-201|processed_pseudogene|chr3:65887532-65888189(+)",0.44,0.4231354642313546,657
INTRONIC,"ENSG00000214552[1,1,1]|retro_human_10664|COPS8P2-201|processed_pseudogene|chr3:68190519-68191246(+)",0.52,0.4649243466299862,727
INTRONIC,"ENSG00000239263[1,1,1]|RBM43P1-201|processed_pseudogene|chr3:69508257-69509438(-)",0.4,0.37341236240474174,1181
INTRONIC,"ENSG00000242960[1,1,1]|retro_human_4769|FTH1P23-201|processed_pseudogene|chr3:72970872-72971522(+)",0.74,0.5246153846153846,650
INTRONIC,"ENSG00000243422[1,1,2]|AC108724.2-201|processed_pseudogene|chr3:75677830-75678398(-)",0.36,0.44014084507042256,568
INTRONIC,"ENSG00000241622[1,1,1]|retro_human_4773|RARRES2P1-201|processed_pseudogene|chr3:75711677-75712258(+)",0.7,0.6729776247848537,581
INTRONIC,"ENSG00000240404[1,1,1]|retro_human_6020|SETP6-201|processed_pseudogene|chr3:81666183-81666569(+)",0.54,0.4326424870466321,386
INTRONIC,"ENSG00000240404[1,1,1]|AC017015.1-201|processed_pseudogene|chr3:81666183-81666569(+)",0.54,0.4326424870466321,386
INTRONIC,"ENSG00000241535[1,1,1]|retro_human_1833|CBX5P1-201|processed_pseudogene|chr3:88171182-88171843(-)",0.45,0.4069591527987897,661
INTRONIC,"ENSG00000242457[1,1,1]|retro_human_1838|RBBP4P2-201|processed_pseudogene|chr3:96774310-96775674(-)",0.58,0.43841642228739003,1364
INTRONIC,"ENSG00000239280[1,1,1]|AC108693.1-201|processed_pseudogene|chr3:116461972-116462504(-)",0.53,0.37969924812030076,532
INTRONIC,"ENSG00000242829[1,1,1]|retro_human_3132|RPS26P21-201|processed_pseudogene|chr3:122018320-122018768(+)",0.46,0.4799107142857143,448
INTRONIC,"ENSG00000242445[1,1,1]|retro_human_9009|RPL7AP11-201|processed_pseudogene|chr3:124213983-124214882(+)",0.53,0.5161290322580645,899
INTRONIC,"ENSG00000275348[1,1,1]|AC096861.1-201|processed_pseudogene|chr3:125202201-125202541(+)",0.54,0.4323529411764706,340
INTRONIC,"ENSG00000229048[1,1,1]|retro_human_2748|DUTP1-201|processed_pseudogene|chr3:128037557-128038127(+)",0.5,0.41403508771929826,570
INTRONIC,"ENSG00000242229[1,1,1]|retro_human_8579|RPS3AP14-201|processed_pseudogene|chr3:128527484-128528364(+)",0.4,0.3875,880
INTRONIC,"ENSG00000242992[1,1,1]|retro_human_2434|FTH1P4-201|processed_pseudogene|chr3:131509065-131509718(-)",0.67,0.5007656967840735,653
INTRONIC,"ENSG00000239483[1,1,1]|retro_human_2435|RPS15AP16-201|processed_pseudogene|chr3:131543453-131543913(-)",0.43,0.40652173913043477,460
INTRONIC,"ENSG00000240303[7,2,10]|retro_human_2376|HSPA8P19-201|processed_pseudogene|chr3:135362919-135404625(-)",0.54,0.43452380952380953,2016
INTRONIC,"ENSG00000249820[1,1,1]|AC055753.1-201|processed_pseudogene|chr3:136154661-136155650(+)",0.51,0.4924165824064712,989
INTRONIC,"ENSG00000231845[1,1,1]|retro_human_8227|HMGB3P14-201|processed_pseudogene|chr3:136915546-136916245(+)",0.47,0.402002861230329,699
INTRONIC,"ENSG00000214283[1,1,1]|retro_human_2086|RAD51AP1P1-201|processed_pseudogene|chr3:139639738-139640840(-)",0.44,0.39473684210526316,1102
INTRONIC,"ENSG00000240668[1,1,1]|retro_human_2080|KRT8P36-201|processed_pseudogene|chr3:140842014-140843554(-)",0.61,0.5733766233766234,1540
INTRONIC,"ENSG00000239207[1,1,1]|retro_human_10851|GAPDHP39-201|processed_pseudogene|chr3:141518499-141519578(+)",0.45,0.4819277108433735,1079
INTRONIC,"ENSG00000241429[1,1,1]|retro_human_5059|EEF1A1P25-201|processed_pseudogene|chr3:141565727-141567094(+)",0.46,0.45574250182882226,1367
INTRONIC,"ENSG00000178631[1,1,1]|retro_human_5077|ACTG1P1-201|processed_pseudogene|chr3:142241228-142242457(+)",0.54,0.5427176566314077,1229
INTRONIC,"ENSG00000243759[1,1,1]|retro_human_3206|ST13P15-201|processed_pseudogene|chr3:146263639-146264846(-)",0.61,0.4747307373653687,1207
INTRONIC,"ENSG00000239351[1,1,1]|retro_human_9088|NPM1P29-201|processed_pseudogene|chr3:152690315-152691218(-)",0.54,0.4053156146179402,903
INTRONIC,"ENSG00000242810[1,1,1]|MRPL42P6-201|processed_pseudogene|chr3:154232786-154233257(-)",0.3,0.34182590233545646,471
INTRONIC,"ENSG00000221962[1,1,1]|TMEM14EP-202|transcribed_processed_pseudogene|chr3:155107545-155108941(-)",0.4,0.3982808022922636,1396
INTRONIC,"ENSG00000221962[1,1,2]|TMEM14EP-201|transcribed_processed_pseudogene|chr3:155108377-155108941(-)",0.4,0.4326241134751773,564
INTRONIC,"ENSG00000230457[1,1,1]|retro_human_8656|PA2G4P4-201|processed_pseudogene|chr3:159584206-159585488(-)",0.58,0.47581903276131043,1282
INTRONIC,"ENSG00000184100[1,1,1]|retro_human_6644|BRD7P2-201|processed_pseudogene|chr3:162875395-162877439(+)",0.7,0.450587084148728,2044
INTRONIC,"ENSG00000241416[1,1,1]|retro_human_7042|KRT8P13-201|processed_pseudogene|chr3:173279896-173281006(+)",0.63,0.5765765765765766,1110
INTRONIC,"ENSG00000214192[1,1,1]|retro_human_8292|UBE2V1P2-201|processed_pseudogene|chr3:178513161-178513700(-)",0.49,0.4174397031539889,539
INTRONIC,"ENSG00000229638[1,1,1]|retro_human_10946|RPL4P4-201|processed_pseudogene|chr3:188233013-188234397(-)",0.63,0.4841040462427746,1384
INTRONIC,"ENSG00000237418[1,1,1]|AC069257.2-201|processed_pseudogene|chr3:199017503-199017758(-)",0.41,0.4470588235294118,255
INTRONIC,"ENSG00000250321[1,1,1]|AC079140.2-201|processed_pseudogene|chr4:336161-336403(-)",0.34,0.384297520661157,242
INTRONIC,"ENSG00000249047[1,1,1]|retro_human_4643|COX6B1P5-201|processed_pseudogene|chr4:2232975-2233324(+)",0.39,0.4813753581661891,349
INTRONIC,"ENSG00000250342[1,1,1]|SNRPCP16-201|processed_pseudogene|chr4:9018583-9018893(-)",0.48,0.5161290322580645,310
INTRONIC,"ENSG00000237350[1,1,1]|retro_human_2441|CDC42P6-201|processed_pseudogene|chr4:22709104-22709780(-)",0.35,0.4260355029585799,676
INTRONIC,"ENSG00000249649[1,1,1]|retro_human_5217|MRPS33P2-201|processed_pseudogene|chr4:37975809-37976231(-)",0.5,0.4786729857819905,422
INTRONIC,"ENSG00000250568[1,1,1]|AC098591.3-201|processed_pseudogene|chr4:39943040-39943455(-)",0.43,0.44096385542168676,415
INTRONIC,"ENSG00000239627[1,1,1]|retro_human_6917|RPL12P20-201|processed_pseudogene|chr4:41362848-41363427(+)",0.49,0.459412780656304,579
INTRONIC,"ENSG00000249887[1,1,1]|AC108210.2-201|processed_pseudogene|chr4:41897942-41898243(+)",0.56,0.5249169435215947,301
INTRONIC,"ENSG00000251105[1,1,1]|retro_human_10827|AC110792.1-201|processed_pseudogene|chr4:57563816-57564140(+)",0.46,0.404320987654321,324
INTRONIC,"ENSG00000251111[1,1,1]|retro_human_8050|FCF1P8-201|processed_pseudogene|chr4:58839887-58840584(-)",0.44,0.4017216642754663,697
INTRONIC,"ENSG00000225405[1,1,1]|retro_human_2218|RPS15AP17-201|processed_pseudogene|chr4:65542920-65543410(-)",0.5,0.4326530612244898,490
INTRONIC,"ENSG00000248641[1,1,1]|retro_human_4267|HMGA1P2-201|processed_pseudogene|chr4:76442419-76442843(+)",0.55,0.5778301886792453,424
INTRONIC,"ENSG00000250214[1,1,1]|retro_human_10191|AC112225.1-201|processed_pseudogene|chr4:81205278-81205675(-)",0.49,0.380352644836272,397
INTRONIC,"ENSG00000249565[1,1,1]|retro_human_1440|SERBP1P5-201|processed_pseudogene|chr4:81521619-81522900(-)",0.65,0.5144418423106948,1281
INTRONIC,"ENSG00000251019[1,1,1]|retro_human_1441|HIGD1AP13-201|processed_pseudogene|chr4:81984482-81984871(-)",0.38,0.4087403598971722,389
INTRONIC,"ENSG00000213608[1,1,1]|retro_human_4680|SLC25A14P1-201|processed_pseudogene|chr4:86807531-86808532(+)",0.51,0.43756243756243757,1001
INTRONIC,"ENSG00000258013[1,1,1]|RPL3P13-201|processed_pseudogene|chr4:87874249-87874565(-)",0.43,0.4462025316455696,316
INTRONIC,"ENSG00000235043[1,1,1]|retro_human_7810|TECRP1-201|processed_pseudogene|chr4:90279010-90279555(-)",0.64,0.6201834862385321,545
INTRONIC,"ENSG00000248180[1,1,1]|retro_human_10580|GAPDHP60-201|processed_pseudogene|chr4:90536095-90537190(+)",0.54,0.5196347031963471,1095
INTRONIC,"ENSG00000187653[1,1,1]|retro_human_1061|TMSB4XP8-201|processed_pseudogene|chr4:94164336-94164571(-)",0.55,0.5106382978723404,235
INTRONIC,"ENSG00000248750[1,1,1]|AC020699.1-201|processed_pseudogene|chr4:96212332-96212877(+)",0.4,0.326605504587156,545
INTRONIC,"ENSG00000250651[1,1,1]|retro_human_10991|PABPC1P7-201|processed_pseudogene|chr4:106211015-106212628(+)",0.47,0.4190948543087415,1613
INTRONIC,"ENSG00000073331[1,13,8]|RTEL1P1-202|transcribed_processed_pseudogene|chr4:115605635-115693245(+)",0.34,0.3931034482758621,2900
INTRONIC,"ENSG00000251441[1,1,1]|retro_human_5474|RTEL1P1-201|transcribed_processed_pseudogene|chr4:115664431-115668216(+)",0.57,0.5941875825627477,3785
INTRONIC,"ENSG00000250966[1,1,1]|retro_human_5465|H3P14-201|processed_pseudogene|chr4:115873273-115873784(+)",0.53,0.4735812133072407,511
INTRONIC,"ENSG00000213492[1,1,2]|retro_human_60|NT5C3AP1-202|transcribed_processed_pseudogene|chr4:120878326-120879503(-)",0.49,0.4154630416312659,1177
INTRONIC,"ENSG00000213492[1,1,2]|NT5C3AP1-201|transcribed_processed_pseudogene|chr4:120878326-120879503(-)",0.49,0.4154630416312659,1177
INTRONIC,"ENSG00000251463[1,1,1]|retro_human_67|FKBP4P1-201|processed_pseudogene|chr4:121498324-121499771(-)",0.59,0.5169315825846579,1447
INTRONIC,"ENSG00000248394[1,1,1]|retro_human_6281|FOSL1P1-201|processed_pseudogene|chr4:131459440-131460356(+)",0.71,0.6342794759825328,916
INTRONIC,"ENSG00000234125[1,1,1]|retro_human_6279|EEF1GP8-201|processed_pseudogene|chr4:133206703-133207957(+)",0.5,0.5167464114832536,1254
INTRONIC,"ENSG00000248735[1,1,1]|retro_human_6277|R3HDM2P1-201|processed_pseudogene|chr4:136447290-136449350(+)",0.32,0.4621359223300971,2060
INTRONIC,"ENSG00000179967[1,1,1]|retro_human_4639|PPP1R14BP3-201|processed_pseudogene|chr4:142434507-142435052(-)",0.85,0.6752293577981652,545
INTRONIC,"ENSG00000178458[1,1,1]|retro_human_4640|H3P16-201|processed_pseudogene|chr4:143017696-143018207(-)",0.58,0.49706457925636005,511
INTRONIC,"ENSG00000250835[1,1,1]|retro_human_8777|LSM3P4-201|processed_pseudogene|chr4:145634420-145634829(+)",0.49,0.4156479217603912,409
INTRONIC,"ENSG00000243175[1,1,1]|retro_human_8289|RPSAP36-202|transcribed_processed_pseudogene|chr4:146741913-146743274(+)",0.47,0.4834680382072006,1361
INTRONIC,"ENSG00000243175[1,1,1]|RPSAP36-201|transcribed_processed_pseudogene|chr4:146741913-146743274(+)",0.47,0.4834680382072006,1361
INTRONIC,"ENSG00000225176[1,1,1]|retro_human_5029|ATP5MGP4-201|processed_pseudogene|chr4:152027548-152027955(-)",0.44,0.3955773955773956,407
INTRONIC,"ENSG00000250980[1,1,1]|retro_human_9406|NSA2P6-201|processed_pseudogene|chr4:156119075-156119944(-)",0.44,0.3993095512082854,869
INTRONIC,"ENSG00000231841[1,1,1]|retro_human_8627|FAM192BP-201|processed_pseudogene|chr4:156250596-156251458(+)",0.41,0.4651972157772622,862
INTRONIC,"ENSG00000213406[1,1,1]|retro_human_9408|ANXA2P1-201|processed_pseudogene|chr4:156632159-156633185(-)",0.46,0.46296296296296297,1026
INTRONIC,"ENSG00000249627[1,1,1]|retro_human_3598|AC017037.1-201|processed_pseudogene|chr4:161160831-161161402(+)",0.28,0.4010507880910683,571
INTRONIC,"ENSG00000251073[1,1,1]|retro_human_3597|NUDT19P5-201|processed_pseudogene|chr4:161534990-161535659(+)",0.61,0.4499252615844544,669
INTRONIC,"ENSG00000251596[1,1,1]|retro_human_7068|HADHAP1-201|processed_pseudogene|chr4:168750060-168752444(-)",0.51,0.4702181208053691,2384
INTRONIC,"ENSG00000214676[1,1,1]|retro_human_2135|RPL9P16-201|processed_pseudogene|chr4:172114787-172115454(+)",0.45,0.44227886056971516,667
INTRONIC,"ENSG00000242882[1,1,1]|retro_human_9983|RPL5P11-201|processed_pseudogene|chr4:176758769-176759762(-)",0.47,0.43705941591137965,993
INTRONIC,"ENSG00000251433[1,1,1]|retro_human_1973|CCNHP1-201|processed_pseudogene|chr4:185247870-185248648(-)",0.36,0.39331619537275064,778
INTRONIC,"ENSG00000249138[1,1,2]|retro_human_7433|SLED1-201|transcribed_processed_pseudogene|chr4:188141889-188142369(-)",0.45,0.5416666666666666,480
INTRONIC,"ENSG00000249138[1,1,2]|SLED1-202|transcribed_processed_pseudogene|chr4:188141889-188142369(-)",0.45,0.5416666666666666,480
INTRONIC,"ENSG00000285745[1,1,1]|AC104805.1-201|processed_pseudogene|chr4:189097716-189097936(-)",0.45,0.42272727272727273,220
INTRONIC,"ENSG00000261914[1,1,1]|retro_human_3213|RPL23AP60-201|processed_pseudogene|chr4:193562907-193563472(+)",0.42,0.46194690265486726,565
INTRONIC,"ENSG00000249485[1,1,1]|retro_human_8191|RBBP4P1-201|processed_pseudogene|chr5:14736516-14737892(-)",0.62,0.4491279069767442,1376
INTRONIC,"ENSG00000243538[1,1,1]|retro_human_2707|RPS26P28-201|processed_pseudogene|chr5:16841390-16841838(-)",0.48,0.5022321428571429,448
INTRONIC,"ENSG00000213430[1,1,1]|retro_human_439|HSPD1P1-201|processed_pseudogene|chr5:21990135-21991957(+)",0.64,0.4270032930845225,1822
INTRONIC,"ENSG00000250482[1,1,1]|retro_human_5814|DUX4L51-201|processed_pseudogene|chr5:31363419-31364628(+)",0.54,0.5392886683209264,1209
INTRONIC,"ENSG00000244073[1,1,1]|retro_human_5178|RPS4XP6-201|processed_pseudogene|chr5:37334838-37335735(+)",0.5,0.45261984392419174,897
INTRONIC,"ENSG00000228212[1,1,1]|retro_human_10276|OFD1P17-201|processed_pseudogene|chr5:37459139-37462257(+)",0.65,0.41661321359846054,3118
INTRONIC,"ENSG00000248216[1,1,1]|retro_human_7794|KCTD9P5-201|processed_pseudogene|chr5:37755270-37756540(-)",0.64,0.42913385826771655,1270
INTRONIC,"ENSG00000250422[1,1,1]|AC117529.2-201|processed_pseudogene|chr5:45811095-45813263(+)",0.4,0.3805350553505535,2168
INTRONIC,"ENSG00000251237[1,1,1]|B3GNTL1P1-201|processed_pseudogene|chr5:53717366-53717762(+)",0.65,0.4595959595959596,396
INTRONIC,"ENSG00000250853[1,1,1]|retro_human_9789|RNF138P1-201|processed_pseudogene|chr5:56357697-56358343(-)",0.49,0.39473684210526316,646
INTRONIC,"ENSG00000214244[1,1,1]|retro_human_4930|SETP21-201|processed_pseudogene|chr5:61278113-61279105(-)",0.54,0.4022177419354839,992
INTRONIC,"ENSG00000215032[1,1,1]|retro_human_10417|GNL3LP1-201|processed_pseudogene|chr5:61708268-61710011(-)",0.4,0.4911072862880092,1743
INTRONIC,"ENSG00000268942[1,1,1]|retro_human_10413|CKS1BP3-201|processed_pseudogene|chr5:63331826-63332163(-)",0.32,0.4332344213649852,337
INTRONIC,"ENSG00000241991[1,1,1]|AC114982.2-201|processed_pseudogene|chr5:63381439-63381897(-)",0.4,0.388646288209607,458
INTRONIC,"ENSG00000248803[1,1,1]|AC092349.1-201|processed_pseudogene|chr5:67444900-67445310(+)",0.48,0.47560975609756095,410
INTRONIC,"ENSG00000249238[1,1,1]|retro_human_11064|BCL9P1-201|processed_pseudogene|chr5:68458548-68461209(+)",0.49,0.47087561067267947,2661
INTRONIC,"ENSG00000248684[1,1,1]|retro_human_3571|BIN2P2-201|processed_pseudogene|chr5:76391619-76392987(+)",0.42,0.48903508771929827,1368
INTRONIC,"ENSG00000249014[1,1,1]|retro_human_4109|HMGN2P4-201|processed_pseudogene|chr5:76723504-76723985(-)",0.6,0.5571725571725572,481
INTRONIC,"ENSG00000251566[1,1,1]|retro_human_10957|HMGB1P35-201|transcribed_processed_pseudogene|chr5:77628441-77629136(+)",0.45,0.4201438848920863,695
INTRONIC,"ENSG00000251400[1,1,1]|retro_human_9166|ALDH7A1P1-201|processed_pseudogene|chr5:77772125-77773758(+)",0.55,0.4788732394366197,1633
INTRONIC,"ENSG00000244363[1,1,1]|retro_human_9168|RPL7P23-201|processed_pseudogene|chr5:78064902-78065749(+)",0.52,0.4344746162927981,847
INTRONIC,"ENSG00000249372[1,1,1]|retro_human_9162|ATP6V1G1P6-201|processed_pseudogene|chr5:78703978-78704412(+)",0.52,0.4838709677419355,434
INTRONIC,"ENSG00000213757[1,1,1]|retro_human_9581|RPS3AP20-201|processed_pseudogene|chr5:79768291-79769178(-)",0.46,0.41488162344983087,887
INTRONIC,"ENSG00000251050[1,1,1]|retro_human_3271|RBX1P2-201|processed_pseudogene|chr5:80503409-80503821(+)",0.44,0.4368932038834951,412
INTRONIC,"ENSG00000248794[1,1,1]|retro_human_3714|AC026436.1-201|processed_pseudogene|chr5:81726858-81727228(-)",0.47,0.4297297297297297,370
INTRONIC,"ENSG00000251552[1,1,1]|retro_human_3712|COQ10BP2-201|processed_pseudogene|chr5:83768636-83769460(-)",0.49,0.40048543689320387,824
INTRONIC,"ENSG00000251348[1,1,1]|retro_human_2889|HSPD1P11-201|processed_pseudogene|chr5:96270189-96271991(+)",0.57,0.40899001109877914,1802
INTRONIC,"ENSG00000251389[1,1,1]|retro_human_2897|YTHDF1P1-201|processed_pseudogene|chr5:97869757-97871503(+)",0.48,0.4742268041237113,1746
INTRONIC,"ENSG00000248350[1,1,1]|retro_human_7544|AC010265.1-201|processed_pseudogene|chr5:112873870-112874181(-)",0.48,0.40514469453376206,311
INTRONIC,"ENSG00000249947[1,1,1]|retro_human_9549|XBP1P1-201|processed_pseudogene|chr5:113395565-113396317(+)",0.55,0.4867021276595745,752
INTRONIC,"ENSG00000185641[1,1,1]|retro_human_2109|AC034236.1-201|processed_pseudogene|chr5:116564246-116564719(-)",0.6,0.47568710359408034,473
INTRONIC,"ENSG00000232916[1,1,1]|retro_human_1746|HMGN2P27-201|processed_pseudogene|chr5:116730407-116730777(-)",0.55,0.5027027027027027,370
INTRONIC,"ENSG00000197744[1,1,1]|retro_human_9545|PTMAP2-201|processed_pseudogene|chr5:119486798-119487225(+)",0.56,0.5081967213114754,427
INTRONIC,"ENSG00000248979[1,1,1]|retro_human_1762|LAMTOR3P2-201|processed_pseudogene|chr5:119653382-119653714(-)",0.36,0.39759036144578314,332
INTRONIC,"ENSG00000250539[1,1,1]|retro_human_7179|KRT8P33-201|processed_pseudogene|chr5:123917070-123918593(-)",0.61,0.5915955351280368,1523
INTRONIC,"ENSG00000213630[1,1,1]|retro_human_1709|BOLA3P3-201|processed_pseudogene|chr5:127180153-127180485(-)",0.54,0.46686746987951805,332
INTRONIC,"ENSG00000251032[1,1,1]|retro_human_1703|CUL1P1-201|processed_pseudogene|chr5:128304314-128306839(-)",0.49,0.4063366336633663,2525
INTRONIC,"ENSG00000072682[1,25,3]|retro_human_4940|AC063976.2-201|processed_pseudogene|chr5:132711661-132747785(-)",0.76,0.5220010476689366,3818
INTRONIC,"ENSG00000225364[1,1,1]|retro_human_4943|ATP6V0E1P1-201|processed_pseudogene|chr5:133468193-133468519(+)",0.47,0.4539877300613497,326
INTRONIC,"ENSG00000244921[1,1,1]|MTCYBP18-201|processed_pseudogene|chr5:135450215-135451062(-)",0.34,0.4592680047225502,847
INTRONIC,"ENSG00000247627[1,1,1]|MTND4P12-201|processed_pseudogene|chr5:135453572-135455049(-)",0.39,0.43940419769803657,1477
INTRONIC,"ENSG00000275506[1,1,1]|retro_human_2858|H3P25-201|processed_pseudogene|chr5:140137014-140137476(-)",0.47,0.4025974025974026,462
INTRONIC,"ENSG00000251453[1,1,1]|retro_human_1165|HAUS1P1-201|processed_pseudogene|chr5:141106884-141107816(+)",0.39,0.39914163090128757,932
INTRONIC,"ENSG00000248568[1,1,1]|retro_human_2452|KRT8P48-201|processed_pseudogene|chr5:147242216-147243536(-)",0.61,0.5727272727272728,1320
INTRONIC,"ENSG00000241907[1,1,1]|retro_human_2449|RPS20P4-201|processed_pseudogene|chr5:150558062-150558517(-)",0.55,0.42417582417582417,455
INTRONIC,"ENSG00000214485[1,1,1]|retro_human_1528|RPL7P1-201|processed_pseudogene|chr5:150630825-150631672(+)",0.45,0.42739079102715466,847
INTRONIC,"ENSG00000253119[1,1,1]|retro_human_5918|HNRNPA3P7-201|processed_pseudogene|chr5:154871360-154872442(-)",0.53,0.4685767097966728,1082
INTRONIC,"ENSG00000253218[1,1,1]|retro_human_10153|KLF3P1-201|processed_pseudogene|chr5:172794658-172795780(-)",0.49,0.49376114081996436,1122
INTRONIC,"ENSG00000251667[1,1,1]|retro_human_2336|BRCC3P1-201|processed_pseudogene|chr5:176852371-176853422(+)",0.45,0.45956232159847765,1051
INTRONIC,"ENSG00000253520[1,1,1]|retro_human_10576|AC136628.3-201|processed_pseudogene|chr5:180079773-180080163(-)",0.52,0.4282051282051282,390
INTRONIC,"ENSG00000225051[2,1,1]|retro_human_2726|HMGB3P22-202|transcribed_processed_pseudogene|chr5:180249328-180250001(+)",0.37,0.4175334323922734,673
INTRONIC,"ENSG00000236086[1,1,1]|retro_human_9322|HMGN2P28-201|processed_pseudogene|chr6:2205051-2205413(+)",0.51,0.4889502762430939,362
INTRONIC,"ENSG00000218868[1,1,1]|retro_human_3450|CNN3P1-201|processed_pseudogene|chr6:6403689-6404724(+)",0.61,0.4599033816425121,1035
INTRONIC,"ENSG00000219986[1,1,1]|retro_human_1344|BTF3P7-201|processed_pseudogene|chr6:6664104-6664692(-)",0.49,0.4489795918367347,588
INTRONIC,"ENSG00000217746[1,1,1]|AL096800.1-201|processed_pseudogene|chr6:7807125-7808118(-)",0.59,0.46727089627391744,993
INTRONIC,"ENSG00000218020[1,1,1]|retro_human_9763|THAP12P5-201|transcribed_processed_pseudogene|chr6:11382828-11385203(+)",0.5,0.3701052631578947,2375
INTRONIC,"ENSG00000184612[1,1,1]|retro_human_177|RPL7P26-201|processed_pseudogene|chr6:17402982-17403836(-)",0.42,0.41920374707259955,854
INTRONIC,"ENSG00000220517[1,1,1]|retro_human_561|ASS1P1-201|processed_pseudogene|chr6:24888391-24889728(-)",0.58,0.5534779356768885,1337
INTRONIC,"ENSG00000271108[1,1,1]|KATNBL1P5-201|processed_pseudogene|chr6:25113994-25114611(+)",0.39,0.33225283630470015,617
INTRONIC,"ENSG00000234127[3,4,1]|retro_human_5984|PAIP1P1-206|processed_pseudogene|chr6:30048634-30054683(-)",0.55,0.5186683260734287,3214
INTRONIC,"ENSG00000228415[1,1,1]|PTMAP1-205|processed_pseudogene|chr6:30497761-30498186(+)",0.53,0.48705882352941177,425
INTRONIC,"ENSG00000204194[1,1,1]|retro_human_8384|RPL12P1-201|processed_pseudogene|chr6:33221370-33221968(-)",0.55,0.4983277591973244,598
INTRONIC,"ENSG00000187762[1,1,1]|retro_human_5034|HSPE1P11-201|processed_pseudogene|chr6:34846271-34846681(+)",0.42,0.4268292682926829,410
INTRONIC,"ENSG00000218521[1,1,1]|AL589655.1-201|processed_pseudogene|chr6:37827528-37828110(-)",0.42,0.40378006872852235,582
INTRONIC,"ENSG00000181524[1,1,1]|retro_human_8344|RPL24P4-201|processed_pseudogene|chr6:42785441-42785961(-)",0.31,0.4576923076923077,520
INTRONIC,"ENSG00000179157[1,1,1]|retro_human_3338|RPS2P28-201|processed_pseudogene|chr6:43192342-43193183(+)",0.68,0.5790725326991677,841
INTRONIC,"ENSG00000277769[1,1,1]|retro_human_3339|RBM22P4-201|processed_pseudogene|chr6:44932743-44934083(+)",0.57,0.4746268656716418,1340
INTRONIC,"ENSG00000216854[1,1,1]|retro_human_2974|RPL17P26-201|processed_pseudogene|chr6:56712758-56713411(+)",0.47,0.4226646248085758,653
INTRONIC,"ENSG00000219085[1,1,1]|retro_human_5185|NPM1P37-201|processed_pseudogene|chr6:70885300-70886274(-)",0.51,0.39014373716632444,974
INTRONIC,"ENSG00000217767[1,1,1]|retro_human_10035|NDUFAB1P1-201|processed_pseudogene|chr6:71914997-71915557(+)",0.52,0.4642857142857143,560
INTRONIC,"ENSG00000235174[1,1,1]|retro_human_5181|RPL39P3-201|processed_pseudogene|chr6:74549755-74550011(-)",0.51,0.45703125,256
INTRONIC,"ENSG00000203489[1,1,1]|retro_human_10687|HMGB1P39-201|processed_pseudogene|chr6:76495829-76496808(-)",0.49,0.4821246169560776,979
INTRONIC,"ENSG00000261970[1,1,1]|AL391840.2-201|processed_pseudogene|chr6:80758238-80758705(+)",0.35,0.37259100642398285,467
INTRONIC,"ENSG00000219547[1,1,1]|retro_human_4794|RPL17P25-201|processed_pseudogene|chr6:81582351-81583006(-)",0.44,0.4213740458015267,655
INTRONIC,"ENSG00000219951[1,1,1]|retro_human_3753|AL391416.1-201|processed_pseudogene|chr6:84615571-84616665(+)",0.51,0.5356489945155393,1094
INTRONIC,"ENSG00000216990[1,1,1]|retro_human_3759|HSPD1P10-201|processed_pseudogene|chr6:88507525-88509301(+)",0.58,0.38963963963963966,1776
INTRONIC,"ENSG00000220418[1,1,1]|retro_human_1331|TUBB3P1-201|processed_pseudogene|chr6:90510994-90512426(+)",0.68,0.5963687150837989,1432
INTRONIC,"ENSG00000220871[1,1,1]|retro_human_1322|DNAJC19P6-201|processed_pseudogene|chr6:91006898-91007278(+)",0.5,0.4342105263157895,380
INTRONIC,"ENSG00000217653[1,1,1]|retro_human_7665|PIMREGP3-201|processed_pseudogene|chr6:91024019-91024874(+)",0.61,0.5789473684210527,855
INTRONIC,"ENSG00000276620[1,1,1]|AL591516.1-201|processed_pseudogene|chr6:108371183-108371557(+)",0.48,0.4572192513368984,374
INTRONIC,"ENSG00000220237[1,1,1]|retro_human_6370|RPS24P12-201|processed_pseudogene|chr6:108408603-108409097(+)",0.46,0.4149797570850202,494
INTRONIC,"ENSG00000233511[1,1,1]|retro_human_6372|Z98742.2-201|processed_pseudogene|chr6:109429282-109429569(+)",0.58,0.49825783972125437,287
INTRONIC,"ENSG00000228976[1,1,1]|retro_human_9449|SUMO2P8-201|processed_pseudogene|chr6:109795297-109795683(-)",0.47,0.4533678756476684,386
INTRONIC,"ENSG00000213149[1,1,1]|retro_human_6367|CNN2P9-201|processed_pseudogene|chr6:112036790-112037799(+)",0.66,0.5966303270564915,1009
INTRONIC,"ENSG00000220392[1,1,1]|retro_human_220|FCF1P5-201|processed_pseudogene|chr6:112536711-112537293(+)",0.38,0.3900343642611684,582
INTRONIC,"ENSG00000218676[1,1,1]|retro_human_221|BRD7P4-201|processed_pseudogene|chr6:112613192-112614814(+)",0.42,0.4272503082614057,1622
INTRONIC,"ENSG00000218089[1,1,1]|retro_human_3579|DNAJA1P4-201|processed_pseudogene|chr6:115532582-115533848(-)",0.51,0.41390205371248023,1266
INTRONIC,"ENSG00000217330[1,1,1]|retro_human_5972|SSXP10-201|processed_pseudogene|chr6:119774141-119774806(+)",0.57,0.4556390977443609,665
INTRONIC,"ENSG00000220884[1,1,1]|retro_human_1240|MESTP1-201|processed_pseudogene|chr6:130122137-130123231(-)",0.7,0.5091407678244972,1094
INTRONIC,"ENSG00000219642[1,1,1]|retro_human_1241|BMPR1AP1-201|processed_pseudogene|chr6:130350678-130352376(-)",0.34,0.44346289752650175,1698
INTRONIC,"ENSG00000219532[1,1,1]|SELENOKP2-201|processed_pseudogene|chr6:133014735-133015125(-)",0.51,0.441025641025641,390
INTRONIC,"ENSG00000218424[1,1,1]|retro_human_6240|NDUFS5P1-201|processed_pseudogene|chr6:137664008-137664397(-)",0.43,0.42159383033419023,389
INTRONIC,"ENSG00000225415[1,1,1]|ACKR4P1-201|processed_pseudogene|chr6:140011252-140012405(+)",0.43,0.4189071986123157,1153
INTRONIC,"ENSG00000218896[1,1,1]|retro_human_7976|TUBB8P2-201|processed_pseudogene|chr6:144628577-144629172(+)",0.37,0.49411764705882355,595
INTRONIC,"ENSG00000270890[1,1,1]|retro_human_468|AL049844.2-201|processed_pseudogene|chr6:145050691-145051419(-)",0.51,0.41208791208791207,728
INTRONIC,"ENSG00000220739[1,1,1]|AL513475.2-201|processed_pseudogene|chr6:145900681-145901174(-)",0.49,0.3671399594320487,493
INTRONIC,"ENSG00000187103[1,1,1]|retro_human_7967|FUNDC2P3-201|processed_pseudogene|chr6:147364327-147364960(+)",0.5,0.4423380726698262,633
INTRONIC,"ENSG00000228283[1,1,2]|retro_human_465|KATNBL1P6-202|transcribed_processed_pseudogene|chr6:147995970-147997100(-)",0.72,0.4088495575221239,1130
INTRONIC,"ENSG00000228283[1,1,2]|KATNBL1P6-201|transcribed_processed_pseudogene|chr6:147995970-147997100(-)",0.72,0.4088495575221239,1130
INTRONIC,"ENSG00000217733[1,1,1]|retro_human_5186|CCT7P1-201|processed_pseudogene|chr6:151079245-151080956(+)",0.52,0.5020455873758036,1711
INTRONIC,"ENSG00000213089[1,1,1]|retro_human_10282|PDCL3P5-201|processed_pseudogene|chr6:152028160-152028982(+)",0.48,0.4635036496350365,822
INTRONIC,"ENSG00000227913[1,1,1]|retro_human_4789|KRT8P44-201|processed_pseudogene|chr6:163931450-163932894(+)",0.56,0.5630193905817175,1444
INTRONIC,"ENSG00000233231[1,1,1]|retro_human_11053|HNRNPA1P49-201|processed_pseudogene|chr6:167711430-167712434(+)",0.55,0.4900398406374502,1004
INTRONIC,"ENSG00000213935[1,1,1]|RPL22P16-201|processed_pseudogene|chr7:4982583-4983056(-)",0.51,0.4249471458773784,473
INTRONIC,"ENSG00000230370[1,1,1]|retro_human_8683|RPL23AP52-201|processed_pseudogene|chr7:11136957-11137535(-)",0.51,0.47058823529411764,578
INTRONIC,"ENSG00000233167[1,1,1]|retro_human_11084|EEF1A1P26-201|processed_pseudogene|chr7:14322785-14324248(+)",0.39,0.42515379357484623,1463
INTRONIC,"ENSG00000232492[1,1,1]|retro_human_8890|NPM1P13-201|processed_pseudogene|chr7:19078838-19079803(-)",0.49,0.3917098445595855,965
INTRONIC,"ENSG00000213860[1,1,1]|RPL21P75-201|processed_pseudogene|chr7:20136997-20137576(+)",0.5,0.4283246977547496,579
INTRONIC,"ENSG00000230042[1,1,1]|retro_human_4812|AK3P3-201|processed_pseudogene|chr7:23265642-23266406(+)",0.61,0.468586387434555,764
INTRONIC,"ENSG00000234800[1,1,1]|PCMTD1P3-201|processed_pseudogene|chr7:23860530-23861104(-)",0.38,0.40418118466898956,574
INTRONIC,"ENSG00000271330[1,1,1]|retro_human_8327|AC005084.1-201|processed_pseudogene|chr7:24812274-24812678(-)",0.44,0.4158415841584158,404
INTRONIC,"ENSG00000237065[1,1,1]|retro_human_4694|NANOGP4-201|transcribed_processed_pseudogene|chr7:29350068-29351081(+)",0.45,0.47482724580454094,1013
INTRONIC,"ENSG00000229054[1,1,1]|retro_human_7942|RPS29P14-201|processed_pseudogene|chr7:33175765-33176036(-)",0.55,0.4870848708487085,271
INTRONIC,"ENSG00000224946[1,1,1]|AC007312.1-201|processed_pseudogene|chr7:33416694-33417052(-)",0.47,0.5335195530726257,358
INTRONIC,"ENSG00000230356[1,1,1]|retro_human_7943|NCAPD2P1-201|processed_pseudogene|chr7:34890008-34891909(-)",0.54,0.5213045765386639,1901
INTRONIC,"ENSG00000175741[1,1,1]|retro_human_2461|RWDD4P2-201|processed_pseudogene|chr7:40011995-40012658(-)",0.61,0.42684766214177977,663
INTRONIC,"ENSG00000237972[1,1,1]|retro_human_7319|TUBG1P-201|processed_pseudogene|chr7:44076947-44078405(+)",0.57,0.5596707818930041,1458
INTRONIC,"ENSG00000223974[1,1,1]|retro_human_707|BNIP3P42-201|processed_pseudogene|chr7:65758941-65759610(+)",0.59,0.414050822122571,669
INTRONIC,"ENSG00000177418[1,1,1]|retro_human_3351|SAPCD2P3-201|processed_pseudogene|chr7:67776488-67777062(-)",0.67,0.662020905923345,574
INTRONIC,"ENSG00000177418[1,1,1]|AC006001.1-201|processed_pseudogene|chr7:67776488-67777062(-)",0.67,0.662020905923345,574
INTRONIC,"ENSG00000271064[1,1,1]|AC027644.2-201|processed_pseudogene|chr7:67968465-67968805(-)",0.53,0.4852941176470588,340
INTRONIC,"ENSG00000235090[1,1,1]|retro_human_8827|RPL7L1P3-201|processed_pseudogene|chr7:77210322-77211111(+)",0.47,0.4600760456273764,789
INTRONIC,"ENSG00000231322[1,2,2]|RPL13AP17-201|transcribed_processed_pseudogene|chr7:79599008-79611406(+)",0.4,0.45964912280701753,1995
INTRONIC,"ENSG00000231322[1,2,2]|RPL13AP17-203|transcribed_processed_pseudogene|chr7:79599008-79611406(+)",0.4,0.45964912280701753,1995
INTRONIC,"ENSG00000231322[1,2,2]|RPL13AP17-204|transcribed_processed_pseudogene|chr7:79599008-79611406(+)",0.4,0.45964912280701753,1995
INTRONIC,"ENSG00000229436[1,1,1]|AC073850.1-201|processed_pseudogene|chr7:81913565-81913920(-)",0.45,0.5070422535211268,355
INTRONIC,"ENSG00000230196[1,1,1]|DDX43P3-201|processed_pseudogene|chr7:82862902-82863445(-)",0.57,0.5027624309392266,543
INTRONIC,"ENSG00000224059[1,1,1]|retro_human_10548|HSPA8P16-201|processed_pseudogene|chr7:86277609-86279574(+)",0.43,0.4340966921119593,1965
INTRONIC,"ENSG00000226744[1,1,1]|AC005326.1-201|processed_pseudogene|chr7:99100181-99100404(+)",0.48,0.3991031390134529,223
INTRONIC,"ENSG00000231812[1,1,1]|SNRPCP9-201|processed_pseudogene|chr7:99115881-99116188(+)",0.48,0.5342019543973942,307
INTRONIC,"ENSG00000214389[1,1,1]|retro_human_6546|RPS3AP26-201|processed_pseudogene|chr7:99616488-99617372(-)",0.5,0.4253393665158371,884
INTRONIC,"ENSG00000238109[1,1,1]|retro_human_6544|RNF14P3-201|processed_pseudogene|chr7:100231800-100233293(-)",0.41,0.4842598794373744,1493
INTRONIC,"ENSG00000235354[1,1,1]|retro_human_2392|RPS29P16-201|processed_pseudogene|chr7:104662988-104663259(+)",0.5,0.46863468634686345,271
INTRONIC,"ENSG00000197258[1,1,1]|retro_human_2393|EIF4BP6-201|processed_pseudogene|chr7:105982064-105983992(+)",0.43,0.4927385892116183,1928
INTRONIC,"ENSG00000237606[1,1,1]|retro_human_4241|AC091286.1-201|processed_pseudogene|chr7:106141374-106141935(+)",0.47,0.5008912655971479,561
INTRONIC,"ENSG00000244490[1,1,1]|retro_human_3531|RWDD4P1-201|processed_pseudogene|chr7:106616121-106616786(+)",0.56,0.4075187969924812,665
INTRONIC,"ENSG00000231006[1,1,1]|retro_human_4752|RPL7P32-201|processed_pseudogene|chr7:109834806-109835650(+)",0.44,0.43009478672985785,844
INTRONIC,"ENSG00000213050[1,1,1]|retro_human_8896|TPM3P1-201|processed_pseudogene|chr7:118287265-118288112(-)",0.58,0.4935064935064935,847
INTRONIC,"ENSG00000234927[1,1,1]|retro_human_4663|HMGN1P18-201|processed_pseudogene|chr7:122366210-122366587(+)",0.58,0.48010610079575594,377
INTRONIC,"ENSG00000235459[1,1,1]|retro_human_4660|RPS26P31-201|processed_pseudogene|chr7:123997276-123997724(+)",0.45,0.4888392857142857,448
INTRONIC,"ENSG00000213291[1,1,1]|retro_human_3484|AC010099.1-201|processed_pseudogene|chr7:126617835-126618310(-)",0.39,0.42526315789473684,475
INTRONIC,"ENSG00000224981[1,1,1]|AC000367.1-201|processed_pseudogene|chr7:128180509-128182375(-)",0.35,0.37352625937834943,1866
INTRONIC,"ENSG00000239722[1,1,1]|IMP3P2-201|processed_pseudogene|chr7:130005577-130006151(+)",0.54,0.5679442508710801,574
INTRONIC,"ENSG00000234995[1,1,1]|retro_human_9799|RPS3AP28-201|processed_pseudogene|chr7:139800257-139801138(-)",0.47,0.3927355278093076,881
INTRONIC,"ENSG00000240132[1,1,1]|retro_human_8711|ETF1P2-201|processed_pseudogene|chr7:152674655-152676340(+)",0.6,0.4391691394658754,1685
INTRONIC,"ENSG00000241007[1,1,1]|retro_human_8700|SEPTIN7P6-201|processed_pseudogene|chr7:153540370-153541613(+)",0.49,0.3917940466613033,1243
INTRONIC,"ENSG00000225224[1,1,1]|retro_human_2808|RPS27AP12-201|processed_pseudogene|chr7:158380138-158380703(+)",0.53,0.4389380530973451,565
INTRONIC,"ENSG00000254244[1,1,1]|retro_human_1957|PAICSP4-201|processed_pseudogene|chr8:4540090-4541443(+)",0.54,0.4286770140428677,1353
INTRONIC,"ENSG00000227203[1,1,1]|retro_human_4982|SUB1P1-201|processed_pseudogene|chr8:7949872-7950354(-)",0.51,0.41286307053941906,482
INTRONIC,"ENSG00000242607[1,1,1]|retro_human_9654|chr8:12837051-12837932(-)",0.41,0.39160045402951194,881
INTRONIC,"ENSG00000255253[1,1,1]|AC068587.3-201|processed_pseudogene|chr8:12904516-12904791(+)",0.43,0.4254545454545455,275
INTRONIC,"ENSG00000255365[1,1,1]|retro_human_6358|AC040926.1-201|processed_pseudogene|chr8:14956187-14956525(+)",0.56,0.44970414201183434,338
INTRONIC,"ENSG00000271654[1,1,1]|AC025062.2-201|processed_pseudogene|chr8:18654575-18655345(-)",0.52,0.6818181818181818,770
INTRONIC,"ENSG00000243265[1,1,1]|retro_human_1353|RPL23AP55-201|processed_pseudogene|chr8:23481752-23482304(+)",0.41,0.4311594202898551,552
INTRONIC,"ENSG00000232024[1,1,1]|retro_human_2165|LSM12P1-201|processed_pseudogene|chr8:35801239-35801927(-)",0.49,0.48546511627906974,688
INTRONIC,"ENSG00000239218[2,1,1]|retro_human_7601|RPS20P22-202|transcribed_processed_pseudogene|chr8:38711266-38712684(-)",0.51,0.47320169252468264,1418
INTRONIC,"ENSG00000239218[1,1,1]|RPS20P22-201|transcribed_processed_pseudogene|chr8:38711266-38711763(-)",0.51,0.44466800804828976,497
INTRONIC,"ENSG00000240395[1,1,1]|retro_human_2528|RPL5P23-201|processed_pseudogene|chr8:42611792-42612760(-)",0.48,0.4194214876033058,968
INTRONIC,"ENSG00000254131[1,1,1]|AC093367.1-201|processed_pseudogene|chr8:42754880-42755400(+)",0.47,0.5826923076923077,520
INTRONIC,"ENSG00000224594[1,1,1]|retro_human_573|RPL29P19-201|processed_pseudogene|chr8:48762380-48762940(+)",0.55,0.5446428571428571,560
INTRONIC,"ENSG00000244159[1,1,1]|retro_human_2928|RPS27AP13-201|processed_pseudogene|chr8:54264350-54264687(-)",0.34,0.3798219584569733,337
INTRONIC,"ENSG00000253541[1,1,1]|retro_human_8365|SEPTIN10P1-201|processed_pseudogene|chr8:56854012-56855274(-)",0.42,0.4120443740095087,1262
INTRONIC,"ENSG00000242595[1,1,1]|retro_human_8366|RPL26P26-201|processed_pseudogene|chr8:58534655-58535189(-)",0.41,0.4101123595505618,534
INTRONIC,"ENSG00000213881[1,1,1]|retro_human_2493|NPM1P6-201|processed_pseudogene|chr8:61626032-61627006(+)",0.56,0.41170431211498976,974
INTRONIC,"ENSG00000254285[1,1,1]|retro_human_2492|KRT8P3-201|processed_pseudogene|chr8:62001912-62003461(+)",0.64,0.5894125242091672,1549
INTRONIC,"ENSG00000213005[1,1,1]|retro_human_3298|PTTG3P-201|processed_pseudogene|chr8:67193118-67193824(-)",0.36,0.4178470254957507,706
INTRONIC,"ENSG00000254051[1,1,1]|retro_human_7961|AC011853.1-201|processed_pseudogene|chr8:68603421-68603975(+)",0.45,0.36823104693140796,554
INTRONIC,"ENSG00000213003[1,1,1]|retro_human_9603|BTF3P12-201|processed_pseudogene|chr8:70703240-70703809(+)",0.55,0.45166959578207383,569
INTRONIC,"ENSG00000241942[1,1,1]|retro_human_9608|RPS20P20-201|processed_pseudogene|chr8:72331040-72331480(+)",0.44,0.38636363636363635,440
INTRONIC,"ENSG00000254273[1,1,1]|AC018620.1-201|processed_pseudogene|chr8:73941146-73941623(-)",0.65,0.469601677148847,477
INTRONIC,"ENSG00000253383[1,1,1]|retro_human_9606|AC100784.1-201|processed_pseudogene|chr8:74020435-74020845(+)",0.49,0.4975609756097561,410
INTRONIC,"ENSG00000254105[1,1,1]|retro_human_9607|VENTXP6-201|processed_pseudogene|chr8:74080965-74081379(+)",0.65,0.6135265700483091,414
INTRONIC,"ENSG00000240047[1,1,1]|retro_human_4137|RPS3AP32-201|processed_pseudogene|chr8:74485095-74485961(+)",0.49,0.4214780600461894,866
INTRONIC,"ENSG00000253919[1,1,1]|retro_human_622|THAP12P7-201|processed_pseudogene|chr8:79191574-79193964(-)",0.74,0.41380753138075316,2390
INTRONIC,"ENSG00000254331[1,1,1]|retro_human_6007|CKS1BP7-201|processed_pseudogene|chr8:81076466-81076801(-)",0.52,0.48955223880597015,335
INTRONIC,"ENSG00000253516[1,1,1]|retro_human_6008|HMGB1P41-201|processed_pseudogene|chr8:81243669-81244209(-)",0.41,0.40370370370370373,540
INTRONIC,"ENSG00000231942[1,1,1]|retro_human_9209|HNRNPA1P36-201|processed_pseudogene|chr8:82239402-82240457(+)",0.48,0.47393364928909953,1055
INTRONIC,"ENSG00000268080[1,1,1]|AC016885.3-201|processed_pseudogene|chr8:94354399-94354757(+)",0.63,0.5977653631284916,358
INTRONIC,"ENSG00000270682[1,1,1]|retro_human_665|AP003357.1-201|processed_pseudogene|chr8:98913647-98913895(-)",0.48,0.4314516129032258,248
INTRONIC,"ENSG00000240870[1,1,1]|retro_human_4950|RPL19P14-201|processed_pseudogene|chr8:99907147-99907821(+)",0.44,0.4821958456973294,674
INTRONIC,"ENSG00000253912[1,1,1]|AC018442.3-201|processed_pseudogene|chr8:100929067-100929350(-)",0.51,0.5371024734982333,283
INTRONIC,"ENSG00000251013[1,1,1]|retro_human_6428|GAPDHP62-201|processed_pseudogene|chr8:101676721-101677811(-)",0.48,0.5082568807339449,1090
INTRONIC,"ENSG00000282989[1,1,1]|retro_human_1030|PDCL3P2-201|processed_pseudogene|chr8:102997638-102998458(-)",0.45,0.4573170731707317,820
INTRONIC,"ENSG00000253923[1,1,1]|AP002981.1-201|processed_pseudogene|chr8:103543839-103544914(+)",0.51,0.4595348837209302,1075
INTRONIC,"ENSG00000244052[1,1,1]|retro_human_1034|RPL5P24-201|processed_pseudogene|chr8:104051568-104052553(-)",0.47,0.42741116751269037,985
INTRONIC,"ENSG00000255105[1,1,1]|PTMAP15-201|processed_pseudogene|chr8:104686643-104687034(-)",0.54,0.45524296675191817,391
INTRONIC,"ENSG00000253454[1,1,1]|retro_human_10022|NDUFA5P2-201|processed_pseudogene|chr8:105693480-105693924(+)",0.45,0.4009009009009009,444
INTRONIC,"ENSG00000253676[1,1,1]|retro_human_6863|TAGLN2P1-201|processed_pseudogene|chr8:107825496-107826183(-)",0.64,0.5618631732168851,687
INTRONIC,"ENSG00000253463[1,1,1]|retro_human_14|HMGB1P19-201|processed_pseudogene|chr8:124254173-124254850(+)",0.49,0.42836041358936483,677
INTRONIC,"ENSG00000254388[1,1,1]|retro_human_13|DUTP2-201|processed_pseudogene|chr8:124483216-124483779(+)",0.58,0.4493783303730018,563
INTRONIC,"ENSG00000254294[1,1,1]|retro_human_17|IMPDH1P6-201|processed_pseudogene|chr8:124531639-124533253(+)",0.67,0.580545229244114,1614
INTRONIC,"ENSG00000271509[1,1,1]|retro_human_5754|AC018714.1-201|processed_pseudogene|chr8:128419391-128419699(+)",0.36,0.37987012987012986,308
INTRONIC,"ENSG00000283176[1,1,1]|AC103706.2-201|processed_pseudogene|chr8:134639311-134639651(+)",0.49,0.3764705882352941,340
INTRONIC,"ENSG00000253915[1,1,1]|retro_human_7264|MAPRE1P1-201|processed_pseudogene|chr8:136743054-136743951(-)",0.56,0.47491638795986624,897
INTRONIC,"ENSG00000254618[1,1,1]|retro_human_5380|TMED10P1-201|processed_pseudogene|chr8:146169979-146170734(+)",0.61,0.4768211920529801,755
INTRONIC,"ENSG00000233186[1,1,1]|retro_human_4730|KLF4P1-201|processed_pseudogene|chr9:4808852-4810137(-)",0.56,0.5961089494163424,1285
INTRONIC,"ENSG00000236567[1,1,1]|retro_human_2382|TCF3P1-201|processed_pseudogene|chr9:5115925-5117960(+)",0.63,0.6565110565110565,2035
INTRONIC,"ENSG00000228132[1,1,1]|retro_human_2385|AL360221.1-201|processed_pseudogene|chr9:6281643-6282078(+)",0.36,0.3586206896551724,435
INTRONIC,"ENSG00000231108[1,1,1]|retro_human_4735|PRELID3BP11-201|processed_pseudogene|chr9:6731065-6731644(-)",0.48,0.4265975820379965,579
INTRONIC,"ENSG00000230581[1,1,1]|retro_human_7840|ACTG1P14-201|processed_pseudogene|chr9:6830997-6832219(+)",0.61,0.5703764320785597,1222
INTRONIC,"ENSG00000212829[1,1,1]|retro_human_7837|RPS26P3-201|processed_pseudogene|chr9:9102296-9102744(+)",0.46,0.5,448
INTRONIC,"ENSG00000229268[1,1,1]|retro_human_2013|PES1P2-201|processed_pseudogene|chr9:13995582-13997417(+)",0.56,0.5395095367847411,1835
INTRONIC,"ENSG00000233551[1,1,1]|retro_human_5151|LSM1P1-201|processed_pseudogene|chr9:16787365-16787738(-)",0.53,0.46380697050938335,373
INTRONIC,"ENSG00000229298[1,1,1]|retro_human_11043|TUBB8P1-201|processed_pseudogene|chr9:21825800-21826627(-)",0.42,0.5151148730350665,827
INTRONIC,"ENSG00000232466[1,1,1]|retro_human_11045|H3P31-201|processed_pseudogene|chr9:26890742-26891214(-)",0.46,0.4788135593220339,472
INTRONIC,"ENSG00000225693[1,1,1]|retro_human_9837|LAGE3P1-201|processed_pseudogene|chr9:33036190-33036774(-)",0.44,0.5941780821917808,584
INTRONIC,"ENSG00000226801[1,1,1]|retro_human_9835|OSTCP8-201|processed_pseudogene|chr9:33986617-33987165(-)",0.5,0.4416058394160584,548
INTRONIC,"ENSG00000236156[1,1,1]|retro_human_6060|CHCHD4P3-201|processed_pseudogene|chr9:37457819-37458329(+)",0.52,0.5352941176470588,510
INTRONIC,"ENSG00000230188[1,1,1]|retro_human_10230|AL158156.1-201|processed_pseudogene|chr9:37514078-37514651(-)",0.39,0.4205933682373473,573
INTRONIC,"ENSG00000213839[1,1,1]|retro_human_2773|TMX2P1-201|processed_pseudogene|chr9:37909542-37910350(+)",0.53,0.4839108910891089,808
INTRONIC,"ENSG00000225254[1,1,1]|retro_human_10227|ARMC8P1-201|processed_pseudogene|chr9:38476910-38478299(-)",0.36,0.38372930165586755,1389
INTRONIC,"ENSG00000271454[1,1,1]|retro_human_9856|AL353729.2-201|processed_pseudogene|chr9:39172417-39173766(+)",0.34,0.4062268346923647,1349
INTRONIC,"ENSG00000243695[1,1,1]|AL353729.1-201|processed_pseudogene|chr9:39187143-39187963(-)",0.45,0.4,820
INTRONIC,"ENSG00000274688[1,1,1]|AL591926.1-201|processed_pseudogene|chr9:43250766-43251083(-)",0.57,0.5678233438485805,317
INTRONIC,"ENSG00000274688[1,1,1]|AL591926.4-201|processed_pseudogene|chr9:43250766-43251083(-)",0.57,0.5678233438485805,317
INTRONIC,"ENSG00000236801[1,1,1]|retro_human_772|RPL24P8-201|processed_pseudogene|chr9:82383951-82384525(+)",0.53,0.4529616724738676,574
INTRONIC,"ENSG00000234618[1,1,1]|retro_human_7375|RPSAP9-201|processed_pseudogene|chr9:88555218-88556206(+)",0.47,0.507085020242915,988
INTRONIC,"ENSG00000231007[1,1,1]|retro_human_6974|CDC20P1-201|processed_pseudogene|chr9:99165286-99166883(+)",0.65,0.567313713212273,1597
INTRONIC,"ENSG00000275017[1,1,1]|retro_human_6585|AL353748.2-201|processed_pseudogene|chr9:100545414-100545985(-)",0.5,0.436077057793345,571
INTRONIC,"ENSG00000231799[1,1,1]|retro_human_1507|PA2G4P6-201|processed_pseudogene|chr9:101613212-101614516(+)",0.62,0.4700920245398773,1304
INTRONIC,"ENSG00000227666[1,1,1]|retro_human_8160|CYCSP24-201|processed_pseudogene|chr9:106205716-106206132(+)",0.46,0.4230769230769231,416
INTRONIC,"ENSG00000282886[1,1,1]|PTMAP12-201|processed_pseudogene|chr9:106516797-106517227(-)",0.5,0.4790697674418605,430
INTRONIC,"ENSG00000278486[1,1,1]|retro_human_6191|YRDCP1-201|processed_pseudogene|chr9:106602223-106602964(-)",0.59,0.5357624831309041,741
INTRONIC,"ENSG00000238251[1,1,1]|retro_human_2652|NSA2P7-201|processed_pseudogene|chr9:108578953-108579567(+)",0.55,0.43322475570032576,614
INTRONIC,"ENSG00000269907[1,1,1]|retro_human_2648|PTMAP11-201|processed_pseudogene|chr9:109081815-109082245(+)",0.5,0.4813953488372093,430
INTRONIC,"ENSG00000236745[1,1,1]|retro_human_2647|YRDCP2-201|processed_pseudogene|chr9:109126548-109127290(+)",0.59,0.5363881401617251,742
INTRONIC,"ENSG00000188801[1,1,1]|retro_human_6189|ZNF322P1-201|processed_pseudogene|chr9:109370022-109371331(-)",0.4,0.4079449961802903,1309
INTRONIC,"ENSG00000234709[1,1,1]|retro_human_6188|UPF3AP3-201|transcribed_processed_pseudogene|chr9:112169879-112170748(-)",0.76,0.5431530494821634,869
INTRONIC,"ENSG00000231697[1,1,1]|retro_human_9146|NANOGP5-201|transcribed_processed_pseudogene|chr9:112346895-112347872(+)",0.41,0.4564994882292733,977
INTRONIC,"ENSG00000229419[1,1,1]|retro_human_9067|RALGAPA1P1-201|processed_pseudogene|chr9:117694734-117701066(+)",0.64,0.40445356917245734,6332
INTRONIC,"ENSG00000234782[1,1,1]|retro_human_287|TPT1P9-201|processed_pseudogene|chr9:130276722-130277336(-)",0.51,0.44136807817589574,614
INTRONIC,"ENSG00000234881[1,1,1]|retro_human_2499|PIGFP2-201|processed_pseudogene|chr9:136040879-136041630(+)",0.39,0.3581890812250333,751
INTRONIC,"ENSG00000177736[1,1,1]|retro_human_5248|FXNP2-201|processed_pseudogene|chr9:137166604-137167251(-)",0.57,0.49613601236476046,647
INTRONIC,"ENSG00000232630[1,1,1]|retro_human_8702|PRPS1P2-201|processed_pseudogene|chr9:137348944-137349981(+)",0.48,0.45805207328833175,1037
INTRONIC,"ENSG00000214761[1,1,1]|retro_human_8701|HNRNPA1P15-201|processed_pseudogene|chr9:137795521-137796581(+)",0.51,0.47264150943396227,1060
INTRONIC,"ENSG00000223551[1,1,1]|retro_human_2870|TMSB4XP4-201|processed_pseudogene|chr9:140549204-140549922(+)",0.53,0.43175487465181056,718
INTRONIC,"ENSG00000196642[1,12,2]|retro_human_2058|NCLP1-201|processed_pseudogene|chr9:149042054-149068589(+)",0.81,0.6173654671508749,3029
INTRONIC,"ENSG00000215319[1,1,1]|retro_human_4194|EIF5P1-201|processed_pseudogene|chrX:9400726-9402057(-)",0.38,0.4027047332832457,1331
INTRONIC,"ENSG00000231913[1,1,1]|retro_human_5997|RARRES2P3-201|processed_pseudogene|chrX:21005101-21005674(-)",0.53,0.5113438045375218,573
INTRONIC,"ENSG00000228610[1,1,1]|retro_human_87|PDCL2P1-201|processed_pseudogene|chrX:22781843-22782295(+)",0.42,0.37168141592920356,452
INTRONIC,"ENSG00000238103[1,1,1]|retro_human_4536|RPL9P7-201|processed_pseudogene|chrX:23420372-23421052(-)",0.38,0.4264705882352941,680
INTRONIC,"ENSG00000226222[1,1,1]|H2BP7-201|processed_pseudogene|chrX:24216495-24216940(+)",0.47,0.46741573033707867,445
INTRONIC,"ENSG00000232472[1,1,1]|retro_human_9611|EEF1B2P3-201|processed_pseudogene|chrX:24372601-24373380(-)",0.59,0.46469833119383824,779
INTRONIC,"ENSG00000227393[1,1,1]|AL031575.1-201|processed_pseudogene|chrX:28961016-28961961(-)",0.42,0.473015873015873,945
INTRONIC,"ENSG00000236285[1,1,1]|retro_human_6273|NPM1P8-201|processed_pseudogene|chrX:31804030-31804967(+)",0.52,0.41408751334044824,937
INTRONIC,"ENSG00000226781[1,1,1]|retro_human_6272|TBCAP1-201|processed_pseudogene|chrX:32639756-32640183(+)",0.63,0.4449648711943794,427
INTRONIC,"ENSG00000229384[1,1,1]|retro_human_5400|HMGB1P16-201|processed_pseudogene|chrX:35806802-35807442(+)",0.53,0.4171875,640
INTRONIC,"ENSG00000228232[1,1,1]|retro_human_1690|GAPDHP1-201|processed_pseudogene|chrX:39187261-39188366(-)",0.55,0.5411764705882353,1105
INTRONIC,"ENSG00000198414[1,1,1]|retro_human_1467|TATDN2P1-201|processed_pseudogene|chrX:43690178-43692609(+)",0.63,0.4870423693953106,2431
INTRONIC,"ENSG00000214018[1,1,1]|retro_human_7129|RRM2P3-201|processed_pseudogene|chrX:43715577-43716840(-)",0.7,0.48614410134600156,1263
INTRONIC,"ENSG00000213997[1,1,1]|retro_human_9915|PGAM1P7-201|processed_pseudogene|chrX:46053510-46054347(-)",0.53,0.5352449223416965,837
INTRONIC,"ENSG00000224401[1,1,1]|retro_human_10738|RPL7P57-201|processed_pseudogene|chrX:47250782-47251622(-)",0.39,0.4511904761904762,840
INTRONIC,"ENSG00000270497[1,1,1]|retro_human_10587|BX322635.1-201|processed_pseudogene|chrX:52349633-52350229(-)",0.4,0.3875838926174497,596
INTRONIC,"ENSG00000237748[1,1,1]|retro_human_8461|UQCRBP1-201|processed_pseudogene|chrX:56030588-56031024(-)",0.38,0.37844036697247707,436
INTRONIC,"ENSG00000228158[1,1,1]|retro_human_1450|TLE1P1-201|processed_pseudogene|chrX:63833624-63834313(+)",0.74,0.532656023222061,689
INTRONIC,"ENSG00000243468[2,1,2]|retro_human_5583|INGX-202|transcribed_processed_pseudogene|chrX:69926116-69927062(-)",0.79,0.6448202959830867,946
INTRONIC,"ENSG00000196933[1,1,1]|retro_human_3003|RPS26P11-201|processed_pseudogene|chrX:70478113-70478561(+)",0.5,0.5066964285714286,448
INTRONIC,"ENSG00000224430[1,1,1]|retro_human_7114|MKRN5P-201|processed_pseudogene|chrX:72594549-72596116(-)",0.57,0.5067007019783025,1567
INTRONIC,"ENSG00000204113[1,1,1]|BMP2KL-201|processed_pseudogene|chrX:72619405-72620730(+)",0.46,0.47245283018867923,1325
INTRONIC,"ENSG00000228492[1,1,1]|retro_human_4389|RAB11FIP1P1-201|processed_pseudogene|chrX:72636307-72638169(+)",0.55,0.47099892588614395,1862
INTRONIC,"ENSG00000215105[1,1,1]|retro_human_9411|TTC3P1-201|processed_pseudogene|chrX:74174452-74180633(-)",0.54,0.405759585827536,6181
INTRONIC,"ENSG00000234702[1,1,1]|retro_human_2874|VDAC1P3-201|processed_pseudogene|chrX:90434713-90435664(-)",0.59,0.47423764458464773,951
INTRONIC,"ENSG00000229132[1,1,1]|retro_human_4822|EIF4A1P10-201|processed_pseudogene|chrX:90565314-90566630(-)",0.42,0.49164133738601823,1316
INTRONIC,"ENSG00000215089[1,1,1]|retro_human_9085|KRT18P11-201|processed_pseudogene|chrX:90909925-90911308(+)",0.59,0.5770065075921909,1383
INTRONIC,"ENSG00000214628[1,1,1]|retro_human_8334|NDUFB5P2-201|processed_pseudogene|chrX:95392897-95393563(-)",0.42,0.38288288288288286,666
INTRONIC,"ENSG00000179031[1,1,1]|retro_human_8642|NSA2P3-201|processed_pseudogene|chrX:99353341-99354219(+)",0.48,0.4031890660592255,878
INTRONIC,"ENSG00000236509[1,1,1]|retro_human_3428|RPL21P133-201|processed_pseudogene|chrX:132932312-132932888(+)",0.42,0.4166666666666667,576
INTRONIC,"ENSG00000237432[1,1,1]|retro_human_3429|RPS7P12-201|processed_pseudogene|chrX:132975984-132976666(+)",0.53,0.42961876832844575,682
INTRONIC,"ENSG00000223600[1,1,1]|EEF1A1P41-201|processed_pseudogene|chrY:2672178-2672485(-)",0.38,0.41042345276872966,307
INTRONIC,"ENSG00000214207[1,1,1]|retro_human_8675|KRT18P10-201|processed_pseudogene|chrY:5253102-5254489(+)",0.57,0.5724585436193222,1387
INTRONIC,"ENSG00000215414[1,1,1]|retro_human_11221|PSMA6P1-201|processed_pseudogene|chrY:14193292-14194133(+)",0.51,0.4268727705112961,841
INTRONIC,"ENSG00000185275[1,1,1]|retro_human_482|CD24P4-201|processed_pseudogene|chrY:19898920-19899263(-)",0.68,0.5510204081632653,343
INTRONIC,"ENSG00000233944[1,1,1]|LINC00265-2P-1|processed_pseudogene|chrY:26205483-26206487(-)",0.69,0.648406374501992,1004
INTRONIC,"ENSG00000233990[1,1,1]|retro_human_7873|AL353754.1-201|processed_pseudogene|chr10:7834318-7834758(-)",0.58,0.5295454545454545,440
INTRONIC,"ENSG00000235763[1,1,1]|retro_human_7870|SNRPGP5-201|processed_pseudogene|chr10:13118857-13119177(-)",0.39,0.41875,320
INTRONIC,"ENSG00000215227[1,1,1]|retro_human_10749|NUTF2P5-201|processed_pseudogene|chr10:13883826-13884307(+)",0.57,0.5218295218295218,481
INTRONIC,"ENSG00000228753[1,1,1]|retro_human_4441|EIF4BP2-201|processed_pseudogene|chr10:21047519-21049414(+)",0.41,0.48548812664907653,1895
INTRONIC,"ENSG00000225976[1,1,1]|retro_human_10340|CKS1BP2-201|processed_pseudogene|chr10:29728908-29729248(+)",0.31,0.4294117647058823,340
INTRONIC,"ENSG00000231148[1,1,1]|retro_human_4026|HMGB1P7-201|processed_pseudogene|chr10:31944481-31945193(+)",0.37,0.398876404494382,712
INTRONIC,"ENSG00000228816[1,1,1]|retro_human_4024|AK3P5-201|processed_pseudogene|chr10:32973148-32973767(+)",0.6,0.4604200323101777,619
INTRONIC,"ENSG00000234167[1,1,1]|retro_human_1286|ELOBP4-201|processed_pseudogene|chr10:34516977-34517373(-)",0.54,0.5883838383838383,396
INTRONIC,"ENSG00000215184[1,1,1]|retro_human_1280|RPS12P16-201|processed_pseudogene|chr10:34704091-34704598(-)",0.58,0.4714003944773176,507
INTRONIC,"ENSG00000264217[1,1,1]|retro_human_7377|RPL35AP23-201|processed_pseudogene|chr10:46821374-46821804(+)",0.5,0.41627906976744183,430
INTRONIC,"ENSG00000229927[1,1,1]|retro_human_6043|RHEBP1-201|processed_pseudogene|chr10:47521294-47521950(-)",0.68,0.4329268292682927,656
INTRONIC,"ENSG00000230166[1,1,1]|retro_human_7764|RPL35AP24-201|processed_pseudogene|chr10:50759202-50759632(+)",0.51,0.41627906976744183,430
INTRONIC,"ENSG00000213659[1,1,1]|retro_human_7767|RSU1P3-201|processed_pseudogene|chr10:52168410-52169345(+)",0.48,0.4566844919786096,935
INTRONIC,"ENSG00000183055[1,1,1]|FAM133CP-201|processed_pseudogene|chr10:59569555-59570359(+)",0.6,0.38308457711442784,804
INTRONIC,"ENSG00000234369[1,1,1]|retro_human_2668|TATDN1P1-201|processed_pseudogene|chr10:64080215-64081206(+)",0.43,0.3632694248234107,991
INTRONIC,"ENSG00000270421[1,1,1]|AC022022.2-201|processed_pseudogene|chr10:64216834-64217294(+)",0.49,0.3630434782608696,460
INTRONIC,"ENSG00000213609[1,1,1]|retro_human_6411|RPL7AP50-201|processed_pseudogene|chr10:64760162-64761057(-)",0.57,0.5139664804469274,895
INTRONIC,"ENSG00000235489[1,1,1]|retro_human_6414|DBF4P1-201|processed_pseudogene|chr10:65026777-65028769(-)",0.62,0.3674698795180723,1992
INTRONIC,"ENSG00000237141[1,1,1]|retro_human_4107|DNAJC19P1-201|processed_pseudogene|chr10:68702222-68702641(+)",0.56,0.4033412887828162,419
INTRONIC,"ENSG00000226318[1,1,1]|retro_human_646|RPS3AP38-201|processed_pseudogene|chr10:68829420-68830283(-)",0.42,0.4044032444959444,863
INTRONIC,"ENSG00000213025[1,1,1]|retro_human_8154|COX20P1-201|processed_pseudogene|chr10:69501538-69501995(+)",0.6,0.43544857768052514,457
INTRONIC,"ENSG00000233163[1,1,1]|retro_human_641|RPS12P17-201|processed_pseudogene|chr10:70029827-70030304(-)",0.53,0.4549266247379455,477
INTRONIC,"ENSG00000229097[1,1,1]|retro_human_3051|CALM2P2-201|processed_pseudogene|chr10:71032576-71033116(+)",0.49,0.3925925925925926,540
INTRONIC,"ENSG00000214629[1,1,1]|retro_human_8507|RPSAP6-201|processed_pseudogene|chr10:75242822-75243804(+)",0.46,0.5020366598778004,982
INTRONIC,"ENSG00000214626[1,1,1]|retro_human_8505|POLR3DP1-201|processed_pseudogene|chr10:75526380-75527656(+)",0.59,0.5415360501567398,1276
INTRONIC,"ENSG00000236797[1,1,1]|retro_human_5632|SPA17P1-201|transcribed_processed_pseudogene|chr10:76256392-76256944(-)",0.48,0.44565217391304346,552
INTRONIC,"ENSG00000224886[1,1,1]|AL132656.1-201|transcribed_processed_pseudogene|chr10:80553745-80554335(-)",0.55,0.5847457627118644,590
INTRONIC,"ENSG00000233189[1,1,1]|retro_human_7616|RPL12P29-201|processed_pseudogene|chr10:85267611-85268168(-)",0.48,0.4631956912028725,557
INTRONIC,"ENSG00000225423[1,1,1]|retro_human_3422|TNPO1P1-201|processed_pseudogene|chr10:85269349-85270588(+)",0.38,0.4092009685230024,1239
INTRONIC,"ENSG00000213613[1,1,1]|retro_human_8909|RPL11P3-201|processed_pseudogene|chr10:88829353-88829976(+)",0.48,0.45264847512038525,623
INTRONIC,"ENSG00000180581[1,1,1]|retro_human_1801|SRP9P1-201|processed_pseudogene|chr10:92690388-92690749(-)",0.6,0.44598337950138506,361
INTRONIC,"ENSG00000105988[1,1,1]|retro_human_4215|NHP2P1-201|processed_pseudogene|chr10:93098662-93099224(+)",0.6,0.5782918149466192,562
INTRONIC,"ENSG00000138109[1,2,2]|MTND4P20-201|processed_pseudogene|chr10:95817736-95822446(+)",0.44,0.3932070542129327,1531
INTRONIC,"ENSG00000225533[1,1,1]|PAWRP1-201|processed_pseudogene|chr10:96062730-96063395(+)",0.7,0.6706766917293233,665
INTRONIC,"ENSG00000235677[1,1,1]|retro_human_2260|NPM1P26-201|processed_pseudogene|chr10:97441288-97442126(+)",0.54,0.4081145584725537,838
INTRONIC,"ENSG00000227032[1,1,1]|retro_human_3367|RPS2P36-201|processed_pseudogene|chr10:97501919-97502850(-)",0.51,0.5284640171858217,931
INTRONIC,"ENSG00000233690[1,1,1]|retro_human_9257|EBAG9P1-201|processed_pseudogene|chr10:100580361-100581004(-)",0.49,0.416796267496112,643
INTRONIC,"ENSG00000234118[1,1,1]|retro_human_8860|RPL13AP6-201|processed_pseudogene|chr10:111820360-111821083(-)",0.54,0.5228215767634855,723
INTRONIC,"ENSG00000227560[1,1,1]|retro_human_3408|RPS15AP30-201|processed_pseudogene|chr10:113878725-113879215(+)",0.39,0.42244897959183675,490
INTRONIC,"ENSG00000230306[1,1,1]|retro_human_3782|BANF1P2-201|processed_pseudogene|chr10:134299741-134300105(-)",0.57,0.5604395604395604,364
INTRONIC,"ENSG00000238184[1,1,1]|RPL26P30-202|transcribed_processed_pseudogene|chr11:2418014-2467410(-)",0.77,0.5666666666666667,1560
INTRONIC,"ENSG00000236264[1,1,2]|retro_human_6574|RPL26P30-201|transcribed_processed_pseudogene|chr11:2424619-2425154(-)",0.5,0.48785046728971965,535
INTRONIC,"ENSG00000230593[1,1,1]|PPIAP40-201|processed_pseudogene|chr11:3957662-3958252(-)",0.55,0.47796610169491527,590
INTRONIC,"ENSG00000254884[1,1,1]|retro_human_9014|PRR13P2-201|processed_pseudogene|chr11:9396401-9396907(-)",0.55,0.5632411067193676,506
INTRONIC,"ENSG00000240454[1,1,1]|RPL39P26-201|processed_pseudogene|chr11:13777757-13778015(-)",0.47,0.41472868217054265,258
INTRONIC,"ENSG00000256464[1,1,1]|retro_human_8587|YWHABP2-201|processed_pseudogene|chr11:18588212-18589025(-)",0.56,0.43911439114391143,813
INTRONIC,"ENSG00000256361[1,1,1]|retro_human_8588|AC027544.1-201|processed_pseudogene|chr11:18609042-18609575(-)",0.36,0.3771106941838649,533
INTRONIC,"ENSG00000255489[1,1,1]|retro_human_138|AC115990.1-201|processed_pseudogene|chr11:24832217-24832618(+)",0.55,0.4389027431421446,401
INTRONIC,"ENSG00000270903[1,1,1]|retro_human_2752|HNRNPA3P9-201|processed_pseudogene|chr11:32727259-32728338(-)",0.38,0.42539388322520855,1079
INTRONIC,"ENSG00000215380[1,1,1]|retro_human_11030|AC090625.1-201|processed_pseudogene|chr11:35512526-35512836(+)",0.43,0.45161290322580644,310
INTRONIC,"ENSG00000254463[1,1,1]|retro_human_11037|PPIAP41-201|processed_pseudogene|chr11:43621733-43622313(+)",0.57,0.45517241379310347,580
INTRONIC,"ENSG00000243721[1,1,1]|retro_human_11029|AC068205.3-201|processed_pseudogene|chr11:43874041-43874612(+)",0.45,0.4448336252189142,571
INTRONIC,"ENSG00000243721[1,1,1]|RPL23AP63-201|processed_pseudogene|chr11:43874041-43874612(+)",0.45,0.4448336252189142,571
INTRONIC,"ENSG00000213693[1,1,1]|retro_human_6746|SEC14L1P1-201|processed_pseudogene|chr11:44052772-44055053(+)",0.41,0.4984655852696186,2281
INTRONIC,"ENSG00000271543[1,1,1]|AC021443.1-201|processed_pseudogene|chr11:47961061-47961373(+)",0.45,0.3814102564102564,312
INTRONIC,"ENSG00000271557[1,1,1]|retro_human_6751|YPEL5P2-201|processed_pseudogene|chr11:48006216-48006675(+)",0.41,0.45098039215686275,459
INTRONIC,"ENSG00000213592[1,1,1]|retro_human_1635|PPIAP42-201|processed_pseudogene|chr11:57668327-57668915(-)",0.58,0.48639455782312924,588
INTRONIC,"ENSG00000234964[1,1,1]|retro_human_6853|FABP5P7-201|processed_pseudogene|chr11:59732558-59733063(-)",0.59,0.44356435643564357,505
INTRONIC,"ENSG00000270269[1,1,1]|retro_human_10367|IMMP1LP1-201|processed_pseudogene|chr11:63621519-63622107(+)",0.47,0.38945578231292516,588
INTRONIC,"ENSG00000271100[1,1,1]|AP000753.3-201|processed_pseudogene|chr11:63687888-63688157(-)",0.45,0.4200743494423792,269
INTRONIC,"ENSG00000254984[1,1,1]|FTLP6-201|processed_pseudogene|chr11:66767460-66767982(-)",0.45,0.49233716475095785,522
INTRONIC,"ENSG00000179038[2,1,2]|AP001885.1-202|transcribed_processed_pseudogene|chr11:67187537-67188891(-)",0.27,0.36927621861152143,1354
INTRONIC,"ENSG00000213275[1,1,1]|retro_human_1069|IFITM9P-201|processed_pseudogene|chr11:69320526-69321022(-)",0.55,0.5866935483870968,496
INTRONIC,"ENSG00000255329[1,1,1]|retro_human_133|H2AZP4-201|processed_pseudogene|chr11:70293822-70294299(-)",0.49,0.4779874213836478,477
INTRONIC,"ENSG00000244134[1,1,1]|retro_human_4889|RPS12P20-201|processed_pseudogene|chr11:72636370-72636850(+)",0.51,0.5083333333333333,480
INTRONIC,"ENSG00000255786[1,1,1]|AP000763.1-201|processed_pseudogene|chr11:73381107-73381532(+)",0.44,0.46588235294117647,425
INTRONIC,"ENSG00000212961[1,1,1]|retro_human_4894|HNRNPA1P40-201|processed_pseudogene|chr11:74283788-74285177(+)",0.5,0.48236141108711306,1389
INTRONIC,"ENSG00000227376[1,1,1]|retro_human_516|FTH1P16-201|processed_pseudogene|chr11:77667516-77668168(-)",0.67,0.504601226993865,652
INTRONIC,"ENSG00000255115[1,1,1]|AP002812.4-201|processed_pseudogene|chr11:77848178-77848564(-)",0.53,0.4326424870466321,386
INTRONIC,"ENSG00000255003[1,1,1]|retro_human_5286|CYCSP28-201|processed_pseudogene|chr11:83265305-83265726(+)",0.4,0.4180522565320665,421
INTRONIC,"ENSG00000271318[1,1,1]|retro_human_928|MOB4P2-201|processed_pseudogene|chr11:86761840-86762526(-)",0.4,0.36443148688046645,686
INTRONIC,"ENSG00000214391[1,1,1]|retro_human_5679|TUBAP2-201|processed_pseudogene|chr11:90202804-90204517(+)",0.44,0.4997081144191477,1713
INTRONIC,"ENSG00000234106[1,1,1]|retro_human_5673|SRP14P2-201|processed_pseudogene|chr11:93451807-93452244(+)",0.59,0.47368421052631576,437
INTRONIC,"ENSG00000255417[1,1,1]|MTCO2P15-201|processed_pseudogene|chr11:103407357-103408113(-)",0.36,0.373015873015873,756
INTRONIC,"ENSG00000235286[1,1,1]|retro_human_3196|AP000925.1-201|processed_pseudogene|chr11:111681054-111682603(-)",0.57,0.5416397675919948,1549
INTRONIC,"ENSG00000230911[1,1,1]|retro_human_7736|PPIHP1-201|processed_pseudogene|chr11:112040049-112040659(-)",0.51,0.46885245901639344,610
INTRONIC,"ENSG00000271025[1,1,1]|retro_human_9216|AP000907.3-201|processed_pseudogene|chr11:112046818-112047155(-)",0.45,0.36795252225519287,337
INTRONIC,"ENSG00000197580[1,14,6]|retro_human_1819|KCTD9P4-201|processed_pseudogene|chr11:112185788-112204174(+)",0.53,0.4197056941778631,1563
INTRONIC,"ENSG00000255231[1,1,1]|retro_human_2301|MRPS36P4-201|processed_pseudogene|chr11:112218901-112219299(+)",0.45,0.40703517587939697,398
INTRONIC,"ENSG00000243353[1,1,1]|retro_human_2289|RPS29P19-201|processed_pseudogene|chr11:113761391-113761662(-)",0.44,0.4354243542435424,271
INTRONIC,"ENSG00000271412[1,1,1]|retro_human_7766|PRR13P3-201|processed_pseudogene|chr11:117352859-117353335(-)",0.56,0.5672268907563025,476
INTRONIC,"ENSG00000243431[1,1,1]|retro_human_7385|RPL5P30-201|processed_pseudogene|chr11:118579935-118580926(+)",0.49,0.4318869828456105,991
INTRONIC,"ENSG00000254909[1,1,1]|AP003392.2-201|processed_pseudogene|chr11:119026038-119026346(-)",0.33,0.4025974025974026,308
INTRONIC,"ENSG00000255006[1,1,1]|retro_human_614|ELOCP22-201|processed_pseudogene|chr11:120642901-120643335(-)",0.43,0.38940092165898615,434
INTRONIC,"ENSG00000254449[1,1,1]|retro_human_8853|SF3A3P2-201|processed_pseudogene|chr11:123626865-123628472(-)",0.51,0.4673304293714997,1607
INTRONIC,"ENSG00000254509[1,1,1]|AP000866.3-201|processed_pseudogene|chr11:124819837-124820370(+)",0.48,0.5365853658536586,533
INTRONIC,"ENSG00000278215[1,1,1]|AP001318.3-201|processed_pseudogene|chr11:126408144-126408365(-)",0.41,0.4253393665158371,221
INTRONIC,"ENSG00000255220[1,1,1]|retro_human_1515|DDX18P5-201|processed_pseudogene|chr11:130331428-130332834(+)",0.31,0.4046941678520626,1406
INTRONIC,"ENSG00000254481[1,1,1]|retro_human_6565|PTP4A2P2-201|processed_pseudogene|chr11:134165912-134166514(-)",0.46,0.4368770764119601,602
INTRONIC,"ENSG00000243663[1,1,1]|retro_human_527|RPS4XP14-201|processed_pseudogene|chr12:1753487-1754368(-)",0.5,0.4551645856980704,881
INTRONIC,"ENSG00000240370[3,1,1]|retro_human_10779|RPL13P5-204|transcribed_processed_pseudogene|chr12:6893204-6894053(+)",0.6,0.5889281507656066,849
INTRONIC,"ENSG00000235602[1,1,1]|retro_human_11126|POU5F1P3-201|processed_pseudogene|chr12:8147301-8148479(-)",0.57,0.5942275042444821,1178
INTRONIC,"ENSG00000244131[1,1,1]|retro_human_8169|RPSAP51-201|processed_pseudogene|chr12:8725712-8726457(+)",0.48,0.49395973154362416,745
INTRONIC,"ENSG00000255776[1,1,1]|retro_human_5281|VDAC2P2-201|processed_pseudogene|chr12:9018482-9019483(+)",0.56,0.42857142857142855,1001
INTRONIC,"ENSG00000256937[1,1,1]|retro_human_5283|KRT17P8-201|processed_pseudogene|chr12:9109929-9110892(+)",0.63,0.6043613707165109,963
INTRONIC,"ENSG00000183935[1,1,2]|HTR7P1-202|transcribed_processed_pseudogene|chr12:12874052-12878586(+)",0.74,0.5174239082487869,4534
INTRONIC,"ENSG00000256134[1,1,1]|retro_human_2474|EGLN3P1-201|processed_pseudogene|chr12:15849098-15849918(-)",0.56,0.501219512195122,820
INTRONIC,"ENSG00000256238[1,1,1]|retro_human_4162|SUPT16HP1-201|processed_pseudogene|chr12:16276645-16279878(-)",0.52,0.4302505412929168,3233
INTRONIC,"ENSG00000255909[1,1,1]|retro_human_9949|PDCD5P1-201|processed_pseudogene|chr12:19289879-19290288(+)",0.47,0.3960880195599022,409
INTRONIC,"ENSG00000271462[1,1,1]|retro_human_2481|AC091805.2-201|processed_pseudogene|chr12:19295635-19295982(-)",0.59,0.5187319884726225,347
INTRONIC,"ENSG00000245205[1,1,1]|retro_human_2480|EEF1A1P4-201|processed_pseudogene|chr12:19332973-19334478(-)",0.45,0.467109634551495,1505
INTRONIC,"ENSG00000131982[1,1,1]|retro_human_2471|UBE2L2-201|processed_pseudogene|chr12:20328058-20328587(-)",0.48,0.45179584120982985,529
INTRONIC,"ENSG00000258546[1,1,1]|retro_human_7950|CENPUP2-201|processed_pseudogene|chr12:24963085-24964366(-)",0.44,0.3762685402029664,1281
INTRONIC,"ENSG00000165935[4,6,1]|retro_human_9539|RARS1P1-201|processed_pseudogene|chr12:27365453-27373906(+)",0.48,0.37641509433962267,1060
INTRONIC,"ENSG00000256557[1,1,1]|AC009509.4-201|processed_pseudogene|chr12:27480349-27480763(-)",0.63,0.45893719806763283,414
INTRONIC,"ENSG00000230519[1,1,1]|retro_human_9540|HMGB1P49-201|processed_pseudogene|chr12:27574022-27574691(+)",0.46,0.41853512705530643,669
INTRONIC,"ENSG00000242986[1,1,1]|retro_human_10069|RPL21P99-201|processed_pseudogene|chr12:29530613-29531136(-)",0.42,0.4072657743785851,523
INTRONIC,"ENSG00000225349[1,1,1]|ANKRD49P2-201|processed_pseudogene|chr12:31411202-31411832(-)",0.47,0.46190476190476193,630
INTRONIC,"ENSG00000276058[1,1,1]|retro_human_10090|STMN1P1-201|processed_pseudogene|chr12:31592139-31592679(-)",0.46,0.42962962962962964,540
INTRONIC,"ENSG00000223722[1,1,1]|retro_human_1334|IFITM3P2-201|processed_pseudogene|chr12:31631505-31632007(+)",0.55,0.5577689243027888,502
INTRONIC,"ENSG00000257643[1,1,1]|AC084824.2-201|processed_pseudogene|chr12:32568740-32569185(-)",0.31,0.3438202247191011,445
INTRONIC,"ENSG00000229014[1,1,1]|retro_human_9342|RPL30P13-201|processed_pseudogene|chr12:40018089-40018537(-)",0.5,0.41964285714285715,448
INTRONIC,"ENSG00000258352[1,1,1]|retro_human_1364|IFITM3P6-202|transcribed_processed_pseudogene|chr12:47096214-47096719(-)",0.57,0.5623762376237624,505
INTRONIC,"ENSG00000258352[2,2,2]|IFITM3P6-201|transcribed_processed_pseudogene|chr12:47096478-47099190(-)",0.45,0.5239179954441914,439
INTRONIC,"ENSG00000258284[1,1,1]|retro_human_8385|POLR2KP1-201|processed_pseudogene|chr12:49556301-49556569(+)",0.46,0.41044776119402987,268
INTRONIC,"ENSG00000257851[1,1,1]|retro_human_10175|HNRNPA3P10-201|processed_pseudogene|chr12:51675952-51677190(-)",0.59,0.46122778675282716,1238
INTRONIC,"ENSG00000241941[1,1,1]|retro_human_2322|RPL32P26-201|processed_pseudogene|chr12:62637550-62638059(+)",0.45,0.4675834970530452,509
INTRONIC,"ENSG00000242087[1,1,1]|retro_human_616|RPL36AP41-201|processed_pseudogene|chr12:63850397-63850803(-)",0.44,0.4211822660098522,406
INTRONIC,"ENSG00000255780[1,1,1]|AC020611.1-201|processed_pseudogene|chr12:64011126-64011480(+)",0.41,0.4632768361581921,354
INTRONIC,"ENSG00000215208[1,1,1]|retro_human_1791|KRT18P60-201|processed_pseudogene|chr12:65397712-65399109(-)",0.55,0.5454545454545454,1397
INTRONIC,"ENSG00000241749[2,1,2]|RPSAP52-203|transcribed_processed_pseudogene|chr12:65805425-65806548(-)",0.37,0.5235975066785397,1123
INTRONIC,"ENSG00000225422[1,1,1]|retro_human_6255|RBMS1P1-201|processed_pseudogene|chr12:66213560-66214816(-)",0.69,0.47770700636942676,1256
INTRONIC,"ENSG00000234040[1,1,1]|retro_human_6140|RPL10P12-201|processed_pseudogene|chr12:68606357-68606775(-)",0.53,0.5239234449760766,418
INTRONIC,"ENSG00000234925[1,1,1]|retro_human_6139|ATP5PDP4-201|processed_pseudogene|chr12:68622006-68622581(-)",0.56,0.4678260869565217,575
INTRONIC,"ENSG00000233560[1,1,1]|retro_human_2677|KRT8P39-201|processed_pseudogene|chr12:68685130-68686663(+)",0.59,0.5564253098499674,1533
INTRONIC,"ENSG00000257336[1,1,1]|retro_human_6137|PRELID2P1-201|processed_pseudogene|chr12:68936900-68937301(-)",0.28,0.371571072319202,401
INTRONIC,"ENSG00000258245[1,1,1]|retro_human_349|RPL10P13-201|processed_pseudogene|chr12:75663745-75664148(-)",0.53,0.5285359801488834,403
INTRONIC,"ENSG00000258128[2,1,2]|retro_human_739|MKRN9P-202|transcribed_processed_pseudogene|chr12:87764607-87766155(-)",0.57,0.5090439276485789,1548
INTRONIC,"ENSG00000258128[2,1,2]|MKRN9P-201|transcribed_processed_pseudogene|chr12:87764607-87766155(-)",0.57,0.5090439276485789,1548
INTRONIC,"ENSG00000226982[1,1,1]|retro_human_4486|CENPCP1-201|processed_pseudogene|chr12:89481915-89484593(+)",0.57,0.3782673637042569,2678
INTRONIC,"ENSG00000257195[1,1,1]|retro_human_4492|HNRNPA1P50-201|processed_pseudogene|chr12:92861319-92862347(+)",0.52,0.4688715953307393,1028
INTRONIC,"ENSG00000257512[1,1,2]|AC124947.2-201|transcribed_processed_pseudogene|chr12:93295742-93296975(+)",0.57,0.4793187347931874,1233
INTRONIC,"ENSG00000213250[1,1,1]|retro_human_4948|RBMS2P1-201|processed_pseudogene|chr12:94404517-94405843(-)",0.47,0.49924585218702866,1326
INTRONIC,"ENSG00000257666[1,1,1]|retro_human_7112|CBX3P5-201|processed_pseudogene|chr12:95267038-95267659(-)",0.42,0.3864734299516908,621
INTRONIC,"ENSG00000241680[1,1,1]|retro_human_3700|RPL31P49-201|processed_pseudogene|chr12:110438631-110439106(+)",0.53,0.4357894736842105,475
INTRONIC,"ENSG00000238168[1,1,1]|retro_human_3695|IFITM3P5-201|processed_pseudogene|chr12:111558256-111558751(+)",0.57,0.5575757575757576,495
INTRONIC,"ENSG00000258359[1,1,1]|retro_human_11160|PCNPP1-201|processed_pseudogene|chr12:111646723-111647334(-)",0.5,0.41243862520458263,611
INTRONIC,"ENSG00000213152[1,1,1]|retro_human_11159|RPL7AP60-201|processed_pseudogene|chr12:112278727-112279621(-)",0.54,0.49328859060402686,894
INTRONIC,"ENSG00000257979[1,1,1]|retro_human_11239|SNRPGP18-201|processed_pseudogene|chr12:116149991-116150305(+)",0.44,0.40764331210191085,314
INTRONIC,"ENSG00000240342[1,1,1]|retro_human_11242|RPS2P5-201|processed_pseudogene|chr12:118233301-118234280(+)",0.53,0.5771195097037793,979
INTRONIC,"ENSG00000240925[1,1,1]|retro_human_5737|RPS20P31-201|processed_pseudogene|chr12:120234577-120235009(+)",0.46,0.4351851851851852,432
INTRONIC,"ENSG00000219355[1,1,1]|retro_human_4474|RPL31P52-201|processed_pseudogene|chr12:120438900-120439367(-)",0.42,0.39828693790149894,467
INTRONIC,"ENSG00000214760[1,1,1]|retro_human_5721|RPL21P1-201|processed_pseudogene|chr12:122360509-122361461(+)",0.51,0.43154246100519933,577
INTRONIC,"ENSG00000256827[1,1,1]|retro_human_2619|AC068790.1-201|processed_pseudogene|chr12:124007336-124007791(-)",0.47,0.4989010989010989,455
INTRONIC,"ENSG00000255965[1,1,1]|AC073916.1-201|processed_pseudogene|chr12:124385800-124386030(+)",0.63,0.5565217391304348,230
INTRONIC,"ENSG00000232888[1,1,1]|retro_human_4510|RPS11P5-201|processed_pseudogene|chr12:132876413-132876997(+)",0.53,0.541095890410959,584
INTRONIC,"ENSG00000240991[1,1,1]|retro_human_526|RPL23AP67-201|processed_pseudogene|chr12:133182744-133183318(+)",0.43,0.4547038327526132,574
INTRONIC,"ENSG00000223625[1,1,1]|retro_human_5410|CYCSP32-201|processed_pseudogene|chr13:18654445-18654866(-)",0.4,0.4180522565320665,421
INTRONIC,"ENSG00000215571[1,1,1]|retro_human_5666|GRK6P1-201|processed_pseudogene|chr13:20512190-20514289(+)",0.73,0.6002858504049547,2099
INTRONIC,"ENSG00000230535[1,1,1]|BASP1P1-201|processed_pseudogene|chr13:22096159-22096924(-)",0.57,0.6183006535947713,765
INTRONIC,"ENSG00000235205[1,1,1]|retro_human_5661|TATDN2P3-201|processed_pseudogene|chr13:22450240-22454005(+)",0.47,0.4438247011952191,3765
INTRONIC,"ENSG00000225674[1,1,1]|retro_human_3414|IPO7P2-201|processed_pseudogene|chr13:23329036-23330886(-)",0.41,0.40540540540540543,1850
INTRONIC,"ENSG00000234031[1,1,1]|retro_human_312|RPS3AP44-201|processed_pseudogene|chr13:25790772-25791662(+)",0.46,0.40337078651685393,890
INTRONIC,"ENSG00000232587[1,1,1]|retro_human_3308|EEF1A1P3-201|processed_pseudogene|chr13:27437006-27438491(+)",0.42,0.4531986531986532,1485
INTRONIC,"ENSG00000215049[1,1,1]|retro_human_7734|PRDX2P1-201|processed_pseudogene|chr13:29518567-29519256(+)",0.56,0.5399129172714079,689
INTRONIC,"ENSG00000224117[1,1,1]|retro_human_680|PTPN2P2-201|processed_pseudogene|chr13:29776018-29777142(+)",0.49,0.41637010676156583,1124
INTRONIC,"ENSG00000215515[1,1,1]|IFIT1P1-201|processed_pseudogene|chr13:31601846-31603395(+)",0.47,0.42414460942543575,1549
INTRONIC,"ENSG00000228036[1,1,1]|retro_human_9315|HSPD1P9-201|processed_pseudogene|chr13:37212654-37214390(-)",0.47,0.3945852534562212,1736
INTRONIC,"ENSG00000176268[1,1,1]|retro_human_7631|CYCSP34-201|processed_pseudogene|chr13:40082516-40082920(-)",0.43,0.4430693069306931,404
INTRONIC,"ENSG00000229473[1,1,1]|RGS17P1-201|processed_pseudogene|chr13:40211892-40212545(-)",0.5,0.4318529862174579,653
INTRONIC,"ENSG00000229696[1,1,1]|retro_human_6457|KARS1P1-201|processed_pseudogene|chr13:41144802-41146654(+)",0.47,0.4481641468682505,1852
INTRONIC,"ENSG00000237263[1,1,1]|retro_human_7635|MAPK6P3-201|processed_pseudogene|chr13:41288362-41290624(-)",0.36,0.3925729442970822,2262
INTRONIC,"ENSG00000238025[1,1,1]|retro_human_6461|ZDHHC4P1-201|processed_pseudogene|chr13:42153881-42155013(+)",0.51,0.43462897526501765,1132
INTRONIC,"ENSG00000232540[1,1,1]|retro_human_6460|RPL36P19-201|processed_pseudogene|chr13:42612902-42613303(+)",0.56,0.5211970074812967,401
INTRONIC,"ENSG00000270381[1,1,1]|retro_human_1420|AL138963.2-201|processed_pseudogene|chr13:44483695-44484021(+)",0.35,0.38650306748466257,326
INTRONIC,"ENSG00000238086[1,1,1]|PPP1R26P1-201|processed_pseudogene|chr13:47537129-47540842(-)",0.57,0.6264476164826286,3713
INTRONIC,"ENSG00000235957[1,1,1]|retro_human_9733|COX7CP1-201|processed_pseudogene|chr13:48408727-48409019(-)",0.58,0.4554794520547945,292
INTRONIC,"ENSG00000214359[1,1,1]|retro_human_6886|RPL18P10-201|processed_pseudogene|chr13:49319864-49320502(+)",0.48,0.5078369905956113,638
INTRONIC,"ENSG00000232150[1,1,1]|retro_human_9828|ST13P4-201|processed_pseudogene|chr13:49392621-49393814(+)",0.63,0.4752724224643755,1193
INTRONIC,"ENSG00000232872[1,1,1]|retro_human_5243|CTAGE3P-201|processed_pseudogene|chr13:51122852-51125358(-)",0.62,0.42258579409417396,2506
INTRONIC,"ENSG00000236044[1,1,1]|retro_human_2042|FABP5P2-201|processed_pseudogene|chr13:51181361-51181869(+)",0.66,0.46653543307086615,508
INTRONIC,"ENSG00000235784[1,1,1]|retro_human_8041|HNRNPA1P29-201|processed_pseudogene|chr13:92598709-92599688(-)",0.45,0.432073544433095,979
INTRONIC,"ENSG00000227714[1,1,1]|MTND6P18-201|processed_pseudogene|chr13:94898490-94899103(-)",0.27,0.3458401305057096,613
INTRONIC,"ENSG00000271437[1,1,1]|retro_human_8273|AL356423.1-201|processed_pseudogene|chr13:97761891-97762529(+)",0.61,0.5532915360501567,638
INTRONIC,"ENSG00000275919[1,1,1]|AL161420.1-201|processed_pseudogene|chr13:98081584-98081948(+)",0.6,0.6181318681318682,364
INTRONIC,"ENSG00000231981[1,1,1]|retro_human_4601|RPL7L1P12-201|processed_pseudogene|chr13:98159568-98160397(-)",0.31,0.4390832328106152,829
INTRONIC,"ENSG00000228501[1,1,1]|retro_human_4594|RPL15P18-201|processed_pseudogene|chr13:99363937-99364649(-)",0.5,0.5028089887640449,712
INTRONIC,"ENSG00000234354[1,1,1]|retro_human_4593|RPS26P47-201|processed_pseudogene|chr13:99755137-99755585(-)",0.53,0.515625,448
INTRONIC,"ENSG00000215399[1,1,1]|retro_human_2409|HMGB3P7-201|processed_pseudogene|chr13:101018140-101018851(+)",0.48,0.44022503516174405,711
INTRONIC,"ENSG00000229975[1,1,1]|LIPT1P1-201|processed_pseudogene|chr13:101218327-101219613(+)",0.46,0.36858475894245724,1286
INTRONIC,"ENSG00000225823[1,1,1]|retro_human_2408|RPL7P45-201|processed_pseudogene|chr13:104034861-104035704(+)",0.38,0.4045077105575326,843
INTRONIC,"ENSG00000230371[1,1,1]|retro_human_7866|KARS1P2-201|processed_pseudogene|chr13:112382023-112383762(+)",0.62,0.46923519263944796,1739
INTRONIC,"ENSG00000278301[1,1,1]|retro_human_8863|GRAMD4P3-201|processed_pseudogene|chr14:13684890-13686659(+)",0.59,0.532504239683437,1769
INTRONIC,"ENSG00000258886[1,1,1]|retro_human_9026|HIGD1AP17-201|processed_pseudogene|chr14:25161815-25162191(+)",0.39,0.425531914893617,376
INTRONIC,"ENSG00000259086[1,1,1]|retro_human_9111|KIAA1143P1-201|processed_pseudogene|chr14:26469513-26470058(-)",0.46,0.41467889908256883,545
INTRONIC,"ENSG00000240463[1,1,1]|retro_human_4932|RPS19P3-201|processed_pseudogene|chr14:28764662-28765203(-)",0.58,0.5489833641404805,541
INTRONIC,"ENSG00000259090[1,1,1]|retro_human_1883|SEPTIN7P1-201|processed_pseudogene|chr14:29345358-29346654(-)",0.49,0.37114197530864196,1296
INTRONIC,"ENSG00000282625[1,1,1]|MRPL57P8-201|processed_pseudogene|chr14:29406557-29406918(-)",0.59,0.5152354570637119,361
INTRONIC,"ENSG00000257957[1,1,1]|retro_human_3543|QRSL1P3-201|processed_pseudogene|chr14:29953484-29954900(+)",0.46,0.4110169491525424,1416
INTRONIC,"ENSG00000257720[1,1,1]|retro_human_2394|ILF2P2-201|processed_pseudogene|chr14:30242929-30244146(-)",0.57,0.4864420706655711,1217
INTRONIC,"ENSG00000259121[1,1,1]|retro_human_3538|AL109628.1-201|processed_pseudogene|chr14:33279524-33279825(+)",0.43,0.43521594684385384,301
INTRONIC,"ENSG00000244053[1,1,1]|retro_human_2021|RPL13AP2-201|processed_pseudogene|chr14:41399254-41399888(-)",0.52,0.5126182965299685,634
INTRONIC,"ENSG00000258568[1,1,1]|retro_human_6552|RHOQP1-201|processed_pseudogene|chr14:43798201-43798880(+)",0.76,0.4992636229749632,679
INTRONIC,"ENSG00000270788[1,1,1]|retro_human_798|PDLIM1P1-201|processed_pseudogene|chr14:44255506-44256577(+)",0.71,0.5200746965452848,1071
INTRONIC,"ENSG00000258981[1,1,1]|retro_human_763|COX5AP2-201|processed_pseudogene|chr14:46324645-46325139(+)",0.66,0.5,494
INTRONIC,"ENSG00000271075[1,1,1]|retro_human_760|AL139317.4-201|processed_pseudogene|chr14:47079310-47080170(+)",0.41,0.46162790697674416,860
INTRONIC,"ENSG00000226132[1,1,1]|retro_human_880|RPS3AP46-201|processed_pseudogene|chr14:47820944-47821723(+)",0.45,0.3992297817715019,779
INTRONIC,"ENSG00000258469[1,1,1]|retro_human_8103|CHMP4BP1-201|processed_pseudogene|chr14:49503817-49504505(+)",0.77,0.5625,688
INTRONIC,"ENSG00000180189[1,1,1]|retro_human_8434|HMGB1P14-201|processed_pseudogene|chr14:52491706-52492397(+)",0.46,0.426917510853835,691
INTRONIC,"ENSG00000258650[1,1,1]|retro_human_8435|HSBP1P1-201|processed_pseudogene|chr14:52670953-52671219(+)",0.55,0.46616541353383456,266
INTRONIC,"ENSG00000258485[1,1,1]|retro_human_4826|SRMP2-201|processed_pseudogene|chr14:55125716-55126732(-)",0.65,0.5236220472440944,1016
INTRONIC,"ENSG00000258956[1,1,1]|retro_human_6448|COX4I1P1-201|processed_pseudogene|chr14:56039015-56039624(-)",0.63,0.555008210180624,609
INTRONIC,"ENSG00000258645[1,1,1]|retro_human_3344|HSPE1P2-201|processed_pseudogene|chr14:57808848-57809254(+)",0.45,0.4211822660098522,406
INTRONIC,"ENSG00000258967[1,1,1]|retro_human_1052|HMGN1P3-201|processed_pseudogene|chr14:63096757-63097157(-)",0.69,0.5075,400
INTRONIC,"ENSG00000259165[1,1,1]|retro_human_2267|DDX18P1-201|processed_pseudogene|chr14:63296410-63298502(+)",0.51,0.4096558317399618,2092
INTRONIC,"ENSG00000242071[1,1,1]|retro_human_6874|RPL7AP6-201|processed_pseudogene|chr14:64092925-64093826(-)",0.56,0.5127635960044395,901
INTRONIC,"ENSG00000133997[1,10,6]|retro_human_2263|KRT18P7-201|processed_pseudogene|chr14:64798478-64806762(-)",0.58,0.40077220077220077,1295
INTRONIC,"ENSG00000258930[1,1,1]|AC005230.1-201|transcribed_processed_pseudogene|chr14:65237008-65237393(-)",0.48,0.5194805194805194,385
INTRONIC,"ENSG00000259109[1,1,1]|AC004858.1-201|processed_pseudogene|chr14:67395204-67395546(+)",0.51,0.5409356725146199,342
INTRONIC,"ENSG00000258524[1,1,1]|NT5CP1-201|processed_pseudogene|chr14:67778618-67779227(-)",0.68,0.6009852216748769,609
INTRONIC,"ENSG00000258972[1,1,1]|retro_human_2187|NDUFB8P1-201|processed_pseudogene|chr14:67838936-67839581(+)",0.58,0.524031007751938,645
INTRONIC,"ENSG00000258769[1,1,1]|retro_human_1124|RAP1AP-201|processed_pseudogene|chr14:68691904-68692455(+)",0.51,0.40653357531760437,551
INTRONIC,"ENSG00000258978[1,1,1]|HIF1AP1-201|processed_pseudogene|chr14:69325758-69326033(-)",0.25,0.36363636363636365,275
INTRONIC,"ENSG00000258917[1,1,1]|retro_human_2378|ZMYND19P1-201|processed_pseudogene|chr14:71905895-71906782(+)",0.57,0.5264937993235626,887
INTRONIC,"ENSG00000258605[1,1,1]|retro_human_2590|DYNLL1P2-201|processed_pseudogene|chr14:75627728-75628098(+)",0.57,0.5108108108108108,370
INTRONIC,"ENSG00000259032[1,1,1]|retro_human_294|ENSAP2-201|processed_pseudogene|chr14:76904710-76905162(-)",0.64,0.5442477876106194,452
INTRONIC,"ENSG00000259151[1,1,1]|retro_human_292|CAP2P1-201|transcribed_processed_pseudogene|chr14:83513795-83515285(-)",0.57,0.49328859060402686,1490
INTRONIC,"ENSG00000242571[1,1,1]|retro_human_290|RPL21P11-201|processed_pseudogene|chr14:84591378-84591956(-)",0.47,0.4290657439446367,578
INTRONIC,"ENSG00000258788[2,1,1]|retro_human_8792|CKS1BP1-201|processed_pseudogene|chr14:90454465-90454646(+)",0.46,0.47513812154696133,181
INTRONIC,"ENSG00000259013[1,1,1]|retro_human_671|AL118558.2-201|processed_pseudogene|chr14:96204928-96205266(-)",0.51,0.44970414201183434,338
INTRONIC,"ENSG00000230988[1,1,1]|retro_human_667|RPL23AP11-201|processed_pseudogene|chr14:96898357-96898926(-)",0.49,0.4780316344463972,569
INTRONIC,"ENSG00000213176[1,1,1]|retro_human_3457|RPL13P6-201|processed_pseudogene|chr14:97277669-97278395(+)",0.51,0.5537190082644629,726
INTRONIC,"ENSG00000244691[1,1,1]|retro_human_8090|RPL10AP1-201|processed_pseudogene|chr14:97648009-97648752(-)",0.48,0.48183041722745623,743
INTRONIC,"ENSG00000242085[1,1,1]|retro_human_435|RPS20P33-201|processed_pseudogene|chr14:99622070-99622524(+)",0.59,0.4977973568281938,454
INTRONIC,"ENSG00000241061[1,1,1]|retro_human_2025|RPL5P1-201|processed_pseudogene|chr15:22645504-22646498(-)",0.48,0.4346076458752515,994
INTRONIC,"ENSG00000228992[1,1,1]|retro_human_3823|RPL5P32-201|processed_pseudogene|chr15:25638172-25639151(+)",0.44,0.42288049029622066,979
INTRONIC,"ENSG00000256338[1,1,1]|RPL41P2-201|processed_pseudogene|chr15:26058364-26058874(+)",0.45,0.47058823529411764,510
INTRONIC,"ENSG00000234664[1,1,1]|retro_human_9974|HMGN2P5-201|processed_pseudogene|chr15:27521433-27521806(+)",0.6,0.5201072386058981,373
INTRONIC,"ENSG00000260639[1,1,1]|AC025678.1-201|processed_pseudogene|chr15:32200273-32200711(+)",0.42,0.4246575342465753,438
INTRONIC,"ENSG00000259516[2,1,1]|retro_human_10385|ANP32AP1-201|transcribed_processed_pseudogene|chr15:33042581-33043553(+)",0.55,0.48662551440329216,972
INTRONIC,"ENSG00000259710[1,1,1]|retro_human_10386|NUTF2P6-201|processed_pseudogene|chr15:33087842-33088327(+)",0.53,0.4824742268041237,485
INTRONIC,"ENSG00000259585[1,1,1]|retro_human_3705|RBM17P4-201|processed_pseudogene|chr15:33103518-33104810(-)",0.57,0.4775541795665635,1292
INTRONIC,"ENSG00000259411[1,1,1]|retro_human_6217|HNRNPA1P45-201|processed_pseudogene|chr15:33205964-33207142(+)",0.51,0.47368421052631576,1178
INTRONIC,"ENSG00000261315[1,1,1]|retro_human_10390|LARP4P-201|transcribed_processed_pseudogene|chr15:34422538-34424813(+)",0.49,0.41010989010989013,2275
INTRONIC,"ENSG00000259547[1,1,1]|retro_human_5317|CYCSP2-201|processed_pseudogene|chr15:38914907-38915308(+)",0.41,0.4463840399002494,401
INTRONIC,"ENSG00000260282[1,1,1]|retro_human_2780|EIF4EBP2P2-201|processed_pseudogene|chr15:40388105-40388538(-)",0.75,0.5727482678983834,433
INTRONIC,"ENSG00000260799[1,1,1]|retro_human_2779|KRT8P50-201|processed_pseudogene|chr15:40608049-40609587(-)",0.63,0.5695708712613784,1538
INTRONIC,"ENSG00000227973[1,1,1]|retro_human_7327|PIN4P1-201|processed_pseudogene|chr15:41683156-41683653(-)",0.52,0.43259557344064387,497
INTRONIC,"ENSG00000185607[1,1,1]|retro_human_6353|ACTBP7-201|processed_pseudogene|chr15:41796368-41797592(-)",0.61,0.5743464052287581,1224
INTRONIC,"ENSG00000259335[1,1,1]|retro_human_7324|HNRNPMP1-201|processed_pseudogene|chr15:42255205-42257073(-)",0.46,0.4930406852248394,1868
INTRONIC,"ENSG00000259467[1,1,1]|retro_human_4062|NDUFAF4P1-201|processed_pseudogene|chr15:46964490-46965109(+)",0.48,0.41033925686591277,619
INTRONIC,"ENSG00000259378[1,1,1]|retro_human_4012|DCAF13P3-201|processed_pseudogene|chr15:48752244-48753678(+)",0.48,0.3947001394700139,1434
INTRONIC,"ENSG00000231169[1,1,1]|retro_human_3224|EEF1B2P1-201|processed_pseudogene|chr15:50313446-50314218(+)",0.54,0.44559585492227977,772
INTRONIC,"ENSG00000260689[1,1,1]|retro_human_9037|HNRNPA3P11-201|processed_pseudogene|chr15:55050168-55051202(-)",0.38,0.43520309477756286,1034
INTRONIC,"ENSG00000270986[1,1,1]|retro_human_7990|HMGB1P51-201|processed_pseudogene|chr15:56474234-56474972(+)",0.41,0.3888888888888889,738
INTRONIC,"ENSG00000259657[1,1,1]|retro_human_1545|PIGHP1-201|processed_pseudogene|chr15:57478423-57479088(+)",0.69,0.5398496240601504,665
INTRONIC,"ENSG00000248415[1,1,1]|retro_human_6290|GAPDHP61-201|processed_pseudogene|chr15:62338047-62339152(-)",0.52,0.5266968325791855,1105
INTRONIC,"ENSG00000259258[1,1,1]|retro_human_7417|AC013553.1-201|processed_pseudogene|chr15:62914905-62915272(+)",0.39,0.42779291553133514,367
INTRONIC,"ENSG00000259232[1,1,1]|AC105129.1-201|processed_pseudogene|chr15:63284639-63285036(-)",0.41,0.5062972292191436,397
INTRONIC,"ENSG00000261102[1,1,1]|retro_human_6284|ATP5MFP6-201|processed_pseudogene|chr15:64236334-64236700(-)",0.44,0.5081967213114754,366
INTRONIC,"ENSG00000243404[1,1,1]|retro_human_6285|RPL35AP32-201|processed_pseudogene|chr15:64267879-64268302(-)",0.52,0.458628841607565,423
INTRONIC,"ENSG00000242634[1,1,1]|retro_human_1187|RPS24P16-201|processed_pseudogene|chr15:65054310-65054802(+)",0.42,0.42886178861788615,492
INTRONIC,"ENSG00000259470[1,1,1]|retro_human_7008|KRT8P9-201|processed_pseudogene|chr15:68681627-68683176(+)",0.62,0.5745642349903163,1549
INTRONIC,"ENSG00000259781[1,1,1]|retro_human_6530|HMGB1P6-201|processed_pseudogene|chr15:68988000-68988746(-)",0.49,0.43967828418230565,746
INTRONIC,"ENSG00000259186[1,1,1]|retro_human_8884|MRPS15P1-201|processed_pseudogene|chr15:71300282-71301127(-)",0.6,0.47928994082840237,845
INTRONIC,"ENSG00000260266[2,7,2]|PPIAP46-201|transcribed_processed_pseudogene|chr15:72222155-72232419(+)",0.46,0.4377410468319559,3630
INTRONIC,"ENSG00000260266[2,7,2]|PPIAP46-202|transcribed_processed_pseudogene|chr15:72222155-72232419(+)",0.46,0.4377410468319559,3630
INTRONIC,"ENSG00000260266[3,1,1]|retro_human_7011|PPIAP46-203|transcribed_processed_pseudogene|chr15:72229250-72229840(+)",0.59,0.47627118644067795,590
INTRONIC,"ENSG00000241890[1,1,1]|retro_human_790|RPL13P4-201|processed_pseudogene|chr15:73258308-73258970(+)",0.53,0.5045317220543807,662
INTRONIC,"ENSG00000260685[1,1,1]|retro_human_6219|AC027104.1-201|processed_pseudogene|chr15:73821135-73821917(-)",0.33,0.37595907928388744,782
INTRONIC,"ENSG00000259581[1,1,1]|retro_human_3808|TYRO3P-201|processed_pseudogene|chr15:74129964-74132769(-)",0.69,0.574331550802139,2805
INTRONIC,"ENSG00000261232[1,1,1]|retro_human_794|AC090751.1-201|processed_pseudogene|chr15:74343219-74343587(+)",0.54,0.4945652173913043,368
INTRONIC,"ENSG00000259562[1,1,1]|retro_human_2989|AC090607.2-201|transcribed_processed_pseudogene|chr15:76153048-76153845(-)",0.46,0.424090338770389,797
INTRONIC,"ENSG00000259461[1,1,1]|retro_human_9286|ANP32BP3-201|processed_pseudogene|chr15:78981690-78982496(-)",0.43,0.413151364764268,806
INTRONIC,"ENSG00000284709[1,1,1]|KF456110.1-201|processed_pseudogene|chr15:79249410-79249895(+)",0.47,0.47835051546391755,485
INTRONIC,"ENSG00000259195[1,1,1]|AC021739.1-201|processed_pseudogene|chr15:83523047-83523321(+)",0.52,0.4708029197080292,274
INTRONIC,"ENSG00000259699[1,1,1]|retro_human_2057|HMGB1P8-201|processed_pseudogene|chr15:86890338-86891389(-)",0.46,0.4538534728829686,1051
INTRONIC,"ENSG00000241362[1,1,1]|retro_human_2241|RPL36AP43-201|processed_pseudogene|chr15:87443766-87444173(-)",0.41,0.41277641277641275,407
INTRONIC,"ENSG00000225193[1,1,1]|retro_human_6194|RPS12P26-201|transcribed_processed_pseudogene|chr15:87962546-87963041(+)",0.54,0.4707070707070707,495
INTRONIC,"ENSG00000259746[1,1,1]|retro_human_3069|HSPE1P3-201|processed_pseudogene|chr15:88390689-88391098(+)",0.5,0.43765281173594134,409
INTRONIC,"ENSG00000253954[1,1,1]|retro_human_8937|HMGN1P38-201|processed_pseudogene|chr15:90474046-90474449(+)",0.76,0.5384615384615384,403
INTRONIC,"ENSG00000259706[1,1,1]|retro_human_5623|HSP90B2P-201|processed_pseudogene|chr15:97021357-97023841(+)",0.62,0.4057971014492754,2484
INTRONIC,"ENSG00000259228[1,1,1]|HNRNPA1P62-201|processed_pseudogene|chr15:97048380-97049432(-)",0.52,0.46387832699619774,1052
INTRONIC,"ENSG00000259257[1,1,1]|retro_human_4583|AC037479.1-201|processed_pseudogene|chr15:97101609-97102334(+)",0.4,0.42344827586206896,725
INTRONIC,"ENSG00000255513[1,1,1]|retro_human_238|AC005363.1-201|transcribed_processed_pseudogene|chr16:1983653-1984104(-)",0.54,0.49445676274944567,451
INTRONIC,"ENSG00000262959[1,1,1]|retro_human_1643|RPL23AP86-201|processed_pseudogene|chr16:2949216-2949857(-)",0.5,0.49453978159126366,641
INTRONIC,"ENSG00000275515[1,1,1]|AC012676.2-201|processed_pseudogene|chr16:4462352-4462638(-)",0.48,0.43006993006993005,286
INTRONIC,"ENSG00000261612[1,1,1]|retro_human_10317|SUB1P3-201|processed_pseudogene|chr16:4592238-4592653(-)",0.38,0.38313253012048193,415
INTRONIC,"ENSG00000229917[1,1,1]|retro_human_6185|RPL7P46-201|processed_pseudogene|chr16:11063253-11064093(+)",0.48,0.4654761904761905,840
INTRONIC,"ENSG00000260318[1,1,1]|retro_human_4404|COX6CP1-201|processed_pseudogene|chr16:11939933-11940248(-)",0.49,0.42857142857142855,315
INTRONIC,"ENSG00000262470[1,1,1]|retro_human_11213|TVP23CP2-201|processed_pseudogene|chr16:14237574-14238297(+)",0.54,0.44951590594744123,723
INTRONIC,"ENSG00000270734[1,1,1]|retro_human_6067|AC136443.5-201|processed_pseudogene|chr16:14860725-14861195(-)",0.51,0.41702127659574467,470
INTRONIC,"ENSG00000262974[1,1,1]|retro_human_11222|AC136618.2-201|processed_pseudogene|chr16:18464548-18465048(+)",0.56,0.422,500
INTRONIC,"ENSG00000258186[1,1,1]|retro_human_4141|chr16:21454537-21455173(-)",0.79,0.7012578616352201,636
INTRONIC,"ENSG00000261528[1,1,1]|retro_human_7586|CCNYL7-201|processed_pseudogene|chr16:23776959-23777785(+)",0.33,0.4019370460048426,826
INTRONIC,"ENSG00000230330[1,1,1]|retro_human_6440|HMGN2P3-201|processed_pseudogene|chr16:26308882-26309255(-)",0.61,0.5254691689008043,373
INTRONIC,"ENSG00000237140[1,1,1]|HSPE1P16-201|processed_pseudogene|chr16:26339082-26339530(-)",0.42,0.39285714285714285,448
INTRONIC,"ENSG00000260452[1,1,1]|retro_human_6438|TPRKBP2-201|processed_pseudogene|chr16:28391563-28392138(-)",0.49,0.34608695652173915,575
INTRONIC,"ENSG00000261336[1,1,1]|retro_human_5656|EIF4BP5-201|processed_pseudogene|chr16:53361843-53363738(-)",0.4,0.46385224274406334,1895
INTRONIC,"ENSG00000259918[1,1,1]|retro_human_5655|NDUFA5P11-201|processed_pseudogene|chr16:53395407-53395850(-)",0.48,0.40632054176072235,443
INTRONIC,"ENSG00000240793[1,1,1]|retro_human_298|UBA52P8-201|processed_pseudogene|chr16:54131679-54132163(-)",0.5,0.5371900826446281,484
INTRONIC,"ENSG00000243609[1,1,1]|retro_human_7520|RPS2P44-201|processed_pseudogene|chr16:54375146-54376092(-)",0.48,0.5285412262156448,946
INTRONIC,"ENSG00000260726[1,1,1]|retro_human_5616|KLF8P1-201|processed_pseudogene|chr16:54515714-54516875(+)",0.43,0.49784668389319553,1161
INTRONIC,"ENSG00000259978[1,1,1]|MRPS21P8-201|processed_pseudogene|chr16:55562099-55562434(+)",0.5,0.5462686567164179,335
INTRONIC,"ENSG00000260828[1,1,1]|retro_human_5245|HMGB3P32-201|processed_pseudogene|chr16:63398289-63398950(+)",0.49,0.45537065052950076,661
INTRONIC,"ENSG00000262141[1,1,1]|AC040162.2-201|processed_pseudogene|chr16:73651678-73651935(-)",0.48,0.5097276264591439,257
INTRONIC,"ENSG00000240435[1,1,1]|retro_human_6098|RPS12P27-201|processed_pseudogene|chr16:74005139-74005576(+)",0.57,0.4759725400457666,437
INTRONIC,"ENSG00000261395[1,1,1]|retro_human_6093|HSPE1P5-201|transcribed_processed_pseudogene|chr16:74482580-74482952(+)",0.51,0.43548387096774194,372
INTRONIC,"ENSG00000260459[1,1,1]|retro_human_6091|FTLP14-201|processed_pseudogene|chr16:74618802-74619386(+)",0.47,0.5222602739726028,584
INTRONIC,"ENSG00000244378[2,1,2]|RPS2P45-201|transcribed_processed_pseudogene|chr16:74830229-74832386(+)",0.45,0.45108947612424666,2157
INTRONIC,"ENSG00000261764[1,1,1]|retro_human_5939|KRT18P18-201|transcribed_processed_pseudogene|chr16:78546376-78547755(+)",0.59,0.5634517766497462,1379
INTRONIC,"ENSG00000261330[1,1,1]|retro_human_547|PPIAP50-201|processed_pseudogene|chr16:83948301-83948895(+)",0.55,0.46296296296296297,594
INTRONIC,"ENSG00000260229[1,1,1]|retro_human_2988|PPIAP51-201|processed_pseudogene|chr16:87536792-87537389(-)",0.59,0.49246231155778897,597
INTRONIC,"ENSG00000270313[1,1,1]|retro_human_4905|COX6CP16-201|processed_pseudogene|chr16:91344928-91345244(-)",0.52,0.46835443037974683,316
INTRONIC,"ENSG00000260528[8,9,11]|AL627309.6-201|processed_pseudogene|chr16:96259543-96260323(+)",0.7,0.5628205128205128,780
INTRONIC,"ENSG00000263017[1,1,1]|retro_human_5156|AC036164.1-201|processed_pseudogene|chr17:845375-845808(+)",0.57,0.6420323325635104,433
INTRONIC,"ENSG00000263219[1,1,1]|retro_human_7835|RYKP1-201|processed_pseudogene|chr17:4111293-4113131(+)",0.76,0.500544069640914,1838
INTRONIC,"ENSG00000261868[1,1,1]|retro_human_9987|MFSD1P1-201|processed_pseudogene|chr17:4190569-4191996(+)",0.59,0.4365802382620883,1427
INTRONIC,"ENSG00000230201[1,1,1]|retro_human_1268|ATP6V0CP1-201|processed_pseudogene|chr17:4746896-4747614(-)",0.57,0.5710306406685237,718
INTRONIC,"ENSG00000270606[1,1,1]|retro_human_5862|PPIAP52-201|processed_pseudogene|chr17:8466485-8467077(+)",0.5,0.47635135135135137,592
INTRONIC,"ENSG00000241654[1,1,1]|retro_human_1068|RPL19P18-201|processed_pseudogene|chr17:9497555-9498236(-)",0.52,0.4977973568281938,681
INTRONIC,"ENSG00000223878[1,1,1]|retro_human_10616|PPIAP53-201|processed_pseudogene|chr17:15413047-15413636(+)",0.51,0.4770797962648557,589
INTRONIC,"ENSG00000233966[1,1,1]|retro_human_2182|UBE2SP1-201|processed_pseudogene|chr17:15610420-15611189(-)",0.69,0.6566970091027308,769
INTRONIC,"ENSG00000179277[1,1,1]|retro_human_6180|MEIS3P1-201|processed_pseudogene|chr17:15692980-15694037(+)",0.71,0.6215704824976348,1057
INTRONIC,"ENSG00000226478[1,1,1]|retro_human_2174|UPF3AP1-201|processed_pseudogene|chr17:16647958-16649188(-)",0.74,0.5186991869918699,1230
INTRONIC,"ENSG00000228000[1,1,1]|retro_human_235|RPL7AP65-201|processed_pseudogene|chr17:18258658-18259506(+)",0.55,0.4893867924528302,848
INTRONIC,"ENSG00000177302[1,10,14]|retro_human_388|RPL21P121-201|processed_pseudogene|chr17:18255436-18261863(-)",0.63,0.5227568270481144,769
INTRONIC,"ENSG00000224126[1,1,1]|retro_human_6462|UBE2SP2-201|processed_pseudogene|chr17:18624032-18624629(+)",0.46,0.6197654941373534,597
INTRONIC,"ENSG00000189343[1,1,1]|retro_human_4570|RPS2P46-201|processed_pseudogene|chr17:19394048-19395031(-)",0.57,0.5768056968463886,983
INTRONIC,"ENSG00000214832[2,1,2]|retro_human_2539|UPF3AP2-202|transcribed_processed_pseudogene|chr17:20324317-20325551(-)",0.71,0.5218800648298217,1234
INTRONIC,"ENSG00000214832[2,1,2]|UPF3AP2-201|transcribed_processed_pseudogene|chr17:20324317-20325551(-)",0.71,0.5218800648298217,1234
INTRONIC,"ENSG00000188013[1,1,1]|retro_human_5830|MEIS3P2-201|processed_pseudogene|chr17:20537892-20539067(+)",0.71,0.617872340425532,1175
INTRONIC,"ENSG00000240873[1,1,1]|retro_human_2932|RPS29P22-201|processed_pseudogene|chr17:29057600-29057868(-)",0.5,0.4552238805970149,268
INTRONIC,"ENSG00000240494[1,1,1]|retro_human_10709|RPS12P28-201|processed_pseudogene|chr17:29598233-29598760(+)",0.5,0.45540796963946867,527
INTRONIC,"ENSG00000264943[1,1,1]|retro_human_5306|SH3GL1P1-202|transcribed_processed_pseudogene|chr17:32986275-32987456(+)",0.63,0.5969517358171041,1181
INTRONIC,"ENSG00000264943[1,1,1]|SH3GL1P1-203|transcribed_processed_pseudogene|chr17:32986275-32987456(+)",0.63,0.5969517358171041,1181
INTRONIC,"ENSG00000266777[3,1,3]|SH3GL1P1-201|transcribed_processed_pseudogene|chr17:32986715-32988761(+)",0.56,0.6036168132942327,2046
INTRONIC,"ENSG00000264743[1,1,1]|retro_human_5107|DPRXP4-201|processed_pseudogene|chr17:31921040-31921708(+)",0.51,0.4550898203592814,668
INTRONIC,"ENSG00000263535[1,1,1]|retro_human_5307|AK4P1-201|processed_pseudogene|chr17:32290840-32291612(+)",0.75,0.5142487046632125,772
INTRONIC,"ENSG00000264497[1,1,1]|AC090616.4-201|processed_pseudogene|chr17:32970295-32970510(-)",0.44,0.42790697674418604,215
INTRONIC,"ENSG00000226049[1,1,1]|retro_human_8763|TLK2P1-201|processed_pseudogene|chr17:34983136-34986425(-)",0.6,0.43204621465491033,3289
INTRONIC,"ENSG00000275029[2,1,2]|retro_human_3465|HMGB1P24-202|transcribed_processed_pseudogene|chr17:38131064-38131492(-)",0.49,0.4696261682242991,428
INTRONIC,"ENSG00000275029[2,1,2]|HMGB1P24-201|transcribed_processed_pseudogene|chr17:38131064-38131492(-)",0.49,0.4696261682242991,428
INTRONIC,"ENSG00000264663[1,1,1]|retro_human_9334|KRT8P34-201|processed_pseudogene|chr17:40698556-40699700(-)",0.52,0.5568181818181818,1144
INTRONIC,"ENSG00000213326[1,1,1]|retro_human_4253|RPS7P11-201|processed_pseudogene|chr17:47583013-47583699(-)",0.55,0.4650145772594752,686
INTRONIC,"ENSG00000248895[1,1,1]|AC068531.2-201|processed_pseudogene|chr17:49744812-49745107(+)",0.62,0.5898305084745763,295
INTRONIC,"ENSG00000251550[1,1,1]|retro_human_9848|AC091133.5-201|processed_pseudogene|chr17:49900427-49900835(+)",0.34,0.3627450980392157,408
INTRONIC,"ENSG00000235183[1,1,1]|retro_human_9842|SRP14P3-201|processed_pseudogene|chr17:50658396-50658823(+)",0.53,0.468384074941452,427
INTRONIC,"ENSG00000270264[1,1,1]|retro_human_9395|NDUFB8P2-201|processed_pseudogene|chr17:60753709-60754347(+)",0.54,0.5282131661442007,638
INTRONIC,"ENSG00000271626[1,1,1]|retro_human_1274|H3P42-201|processed_pseudogene|chr17:61184722-61185204(+)",0.46,0.42531120331950206,482
INTRONIC,"ENSG00000267083[1,1,1]|retro_human_3524|KRT18P61-201|processed_pseudogene|chr17:61678885-61680283(+)",0.54,0.5536480686695279,1398
INTRONIC,"ENSG00000227694[1,1,1]|retro_human_3526|RPL23AP74-201|processed_pseudogene|chr17:61938586-61939157(+)",0.45,0.45709281961471104,571
INTRONIC,"ENSG00000263883[1,1,1]|retro_human_10637|EEF1DP7-201|transcribed_processed_pseudogene|chr17:64507157-64507770(+)",0.54,0.5530179445350734,613
INTRONIC,"ENSG00000256826[1,1,1]|retro_human_10638|ATP5MFP4-201|processed_pseudogene|chr17:65361227-65361594(+)",0.46,0.5095367847411444,367
INTRONIC,"ENSG00000271974[1,1,1]|RDM1P4-201|transcribed_processed_pseudogene|chr17:65775606-65775842(-)",0.47,0.4322033898305085,236
INTRONIC,"ENSG00000213180[1,1,1]|retro_human_4742|RPL36AP48-201|processed_pseudogene|chr17:68100474-68100888(+)",0.44,0.4227053140096618,414
INTRONIC,"ENSG00000267203[1,1,1]|retro_human_4739|SNRPGP4-201|processed_pseudogene|chr17:70195311-70195640(+)",0.43,0.41033434650455924,329
INTRONIC,"ENSG00000270993[1,1,1]|AC111186.1-201|processed_pseudogene|chr17:75951871-75952101(-)",0.77,0.6086956521739131,230
INTRONIC,"ENSG00000242931[1,1,1]|retro_human_8670|RPL7P49-201|processed_pseudogene|chr17:77326952-77327760(-)",0.48,0.42945544554455445,808
INTRONIC,"ENSG00000232083[1,1,1]|retro_human_5613|RPL31P7-201|processed_pseudogene|chr17:81503930-81504408(-)",0.49,0.4665271966527197,478
INTRONIC,"ENSG00000263606[2,1,1]|retro_human_5476|CHORDC1P4-202|transcribed_processed_pseudogene|chr18:3100996-3102437(-)",0.45,0.40527411519777934,1441
INTRONIC,"ENSG00000263606[2,1,1]|CHORDC1P4-201|transcribed_processed_pseudogene|chr18:3100996-3102437(-)",0.45,0.40527411519777934,1441
INTRONIC,"ENSG00000264186[1,1,1]|retro_human_5323|SNRPCP4-201|processed_pseudogene|chr18:3146121-3146648(+)",0.44,0.5009487666034156,527
INTRONIC,"ENSG00000250933[1,1,1]|retro_human_11010|GAPDHP66-201|processed_pseudogene|chr18:4137928-4138995(-)",0.5,0.5201499531396439,1067
INTRONIC,"ENSG00000264714[2,1,2]|retro_human_10807|KIAA0895LP1-202|transcribed_processed_pseudogene|chr18:10888702-10890710(+)",0.69,0.49302788844621515,2008
INTRONIC,"ENSG00000264714[2,1,2]|KIAA0895LP1-201|transcribed_processed_pseudogene|chr18:10888702-10890710(+)",0.69,0.49302788844621515,2008
INTRONIC,"ENSG00000267301[1,1,1]|retro_human_5958|RPL23AP77-201|processed_pseudogene|chr18:23904046-23904609(-)",0.47,0.4706927175843694,563
INTRONIC,"ENSG00000188985[1,1,1]|retro_human_3777|DHFRP1-201|processed_pseudogene|chr18:26365315-26365974(-)",0.61,0.4339908952959029,659
INTRONIC,"ENSG00000263846[1,1,1]|retro_human_9181|CIAPIN1P-201|processed_pseudogene|chr18:26793396-26794427(+)",0.48,0.507274490785645,1031
INTRONIC,"ENSG00000215492[1,1,1]|retro_human_4399|HNRNPA1P7-201|processed_pseudogene|chr18:32602469-32603532(-)",0.53,0.47883349012229537,1063
INTRONIC,"ENSG00000175886[1,1,1]|retro_human_3873|RPL7AP66-201|processed_pseudogene|chr18:39530585-39531486(-)",0.53,0.5105438401775805,901
INTRONIC,"ENSG00000267524[1,1,1]|retro_human_1741|RPSAP57-201|processed_pseudogene|chr18:54947809-54948741(+)",0.39,0.5032188841201717,932
INTRONIC,"ENSG00000243256[1,1,1]|retro_human_8976|RPL30P14-201|processed_pseudogene|chr18:61608094-61608542(-)",0.5,0.41517857142857145,448
INTRONIC,"ENSG00000214318[1,1,1]|retro_human_2146|ATP5MC1P6-201|processed_pseudogene|chr18:63702010-63702522(+)",0.5,0.53125,512
INTRONIC,"ENSG00000264388[1,1,1]|AC090312.1-201|processed_pseudogene|chr18:71810127-71810575(+)",0.45,0.484375,448
INTRONIC,"ENSG00000264315[1,1,1]|retro_human_976|HNRNPA1P11-201|processed_pseudogene|chr18:72839721-72840777(+)",0.5,0.4753787878787879,1056
INTRONIC,"ENSG00000244229[1,1,1]|retro_human_5855|RPL26P35-201|processed_pseudogene|chr18:77063149-77063708(-)",0.44,0.41681574239713776,559
INTRONIC,"ENSG00000275468[1,1,1]|AC004678.1-201|processed_pseudogene|chr19:1986171-1987200(-)",0.65,0.6598639455782312,1029
INTRONIC,"ENSG00000239524[1,1,1]|retro_human_8189|RPL32P34-201|processed_pseudogene|chr19:5264249-5264749(+)",0.59,0.528,500
INTRONIC,"ENSG00000237273[1,1,1]|retro_human_7055|RSL24D1P8-201|processed_pseudogene|chr19:12224617-12225209(+)",0.52,0.3766891891891892,592
INTRONIC,"ENSG00000240616[1,1,1]|retro_human_1597|RPS6P25-201|processed_pseudogene|chr19:13018534-13019383(+)",0.55,0.4534746760895171,849
INTRONIC,"ENSG00000224543[1,1,1]|retro_human_6651|SNRPGP15-201|processed_pseudogene|chr19:14615951-14616273(+)",0.47,0.4192546583850932,322
INTRONIC,"ENSG00000275432[1,1,1]|AC022149.2-201|processed_pseudogene|chr19:14754857-14755160(+)",0.49,0.46864686468646866,303
INTRONIC,"ENSG00000225067[1,1,1]|AD000091.1-201|processed_pseudogene|chr19:15736702-15737268(+)",0.42,0.45229681978798586,566
INTRONIC,"ENSG00000267693[1,1,1]|AC011477.4-201|processed_pseudogene|chr19:19906382-19906741(+)",0.35,0.4206128133704735,359
INTRONIC,"ENSG00000270270[1,1,1]|retro_human_1659|BNIP3P10-201|processed_pseudogene|chr19:20008407-20009084(-)",0.54,0.40472673559822747,677
INTRONIC,"ENSG00000269055[1,1,1]|retro_human_10445|BNIP3P18-201|processed_pseudogene|chr19:20405266-20405941(+)",0.54,0.38074074074074077,675
INTRONIC,"ENSG00000268174[1,1,1]|retro_human_6508|BNIP3P22-201|processed_pseudogene|chr19:20553974-20554630(+)",0.51,0.3856707317073171,656
INTRONIC,"ENSG00000268335[1,1,1]|retro_human_5058|BNIP3P23-201|processed_pseudogene|chr19:20580688-20581299(-)",0.51,0.3944353518821604,611
INTRONIC,"ENSG00000240522[1,1,1]|retro_human_5061|RPL7AP10-201|processed_pseudogene|chr19:21288302-21289193(-)",0.52,0.48484848484848486,891
INTRONIC,"ENSG00000268322[1,1,1]|retro_human_4544|BNIP3P25-201|processed_pseudogene|chr19:21456822-21457481(+)",0.5,0.38543247344461307,659
INTRONIC,"ENSG00000268705[1,1,1]|retro_human_10961|BNIP3P26-201|processed_pseudogene|chr19:21659858-21660512(-)",0.5,0.39602446483180426,654
INTRONIC,"ENSG00000269845[1,1,2]|retro_human_10858|CCNYL6-201|transcribed_processed_pseudogene|chr19:21889303-21892096(+)",0.73,0.44074471894020767,2793
INTRONIC,"ENSG00000267920[1,1,1]|SNX6P1-201|processed_pseudogene|chr19:23261642-23262967(-)",0.47,0.3660377358490566,1325
INTRONIC,"ENSG00000268469[1,1,1]|retro_human_4961|BNIP3P38-201|processed_pseudogene|chr19:23371084-23371728(+)",0.55,0.391304347826087,644
INTRONIC,"ENSG00000268992[1,1,1]|CDC42EP3P1-201|processed_pseudogene|chr19:23522315-23523179(+)",0.43,0.4965277777777778,864
INTRONIC,"ENSG00000268058[1,1,1]|retro_human_9265|BNIP3P40-201|processed_pseudogene|chr19:24248561-24249218(-)",0.41,0.3409436834094368,657
INTRONIC,"ENSG00000267768[1,1,1]|AC006504.6-201|processed_pseudogene|chr19:30437980-30438279(-)",0.3,0.28762541806020064,299
INTRONIC,"ENSG00000242100[1,1,1]|retro_human_3380|RPL9P32-201|processed_pseudogene|chr19:32476756-32477476(-)",0.39,0.4222222222222222,720
INTRONIC,"ENSG00000266910[1,1,1]|retro_human_4|AC008507.1-201|processed_pseudogene|chr19:32557782-32558644(+)",0.43,0.40835266821345706,862
INTRONIC,"ENSG00000242325[1,1,1]|retro_human_9|RPS12P31-201|processed_pseudogene|chr19:35154786-35155284(+)",0.57,0.4919678714859438,498
INTRONIC,"ENSG00000267611[1,1,1]|AC008521.1-201|processed_pseudogene|chr19:35570155-35570442(+)",0.42,0.41114982578397213,287
INTRONIC,"ENSG00000257074[1,1,1]|retro_human_3386|RPL29P33-201|processed_pseudogene|chr19:36823547-36823963(-)",0.54,0.5649038461538461,416
INTRONIC,"ENSG00000243297[1,1,1]|retro_human_382|RPL31P61-201|processed_pseudogene|chr19:39577370-39577846(+)",0.46,0.4264705882352941,476
INTRONIC,"ENSG00000187534[1,1,1]|retro_human_8870|PRR13P5-201|processed_pseudogene|chr19:42763398-42763940(-)",0.6,0.5719557195571956,542
INTRONIC,"ENSG00000267590[1,1,1]|retro_human_6937|NDUFA3P1-201|processed_pseudogene|chr19:47119886-47120238(+)",0.49,0.5397727272727273,352
INTRONIC,"ENSG00000267346[1,1,1]|retro_human_8692|EIF5AP3-201|processed_pseudogene|chr19:47953649-47954211(+)",0.52,0.5266903914590747,562
INTRONIC,"ENSG00000239912[1,1,1]|retro_human_9637|RPL39P36-201|processed_pseudogene|chr19:56492642-56492898(+)",0.46,0.41796875,256
INTRONIC,"ENSG00000241015[2,1,1]|retro_human_1901|TPM3P9-202|transcribed_processed_pseudogene|chr19:56521370-56522215(+)",0.6,0.5124260355029586,845
INTRONIC,"ENSG00000250731[1,1,1]|retro_human_9639|TPM3P6-201|processed_pseudogene|chr19:56558872-56559714(+)",0.6,0.5130641330166271,842
INTRONIC,"ENSG00000235681[1,1,1]|retro_human_4156|AC245884.3-201|processed_pseudogene|chr19:57540057-57540375(+)",0.37,0.39308176100628933,318
INTRONIC,"ENSG00000186818[3,6,4]|VN1R105P-201|transcribed_processed_pseudogene|chr19:57737347-57743159(+)",0.51,0.42349570200573067,1745
INTRONIC,"ENSG00000267781[1,1,1]|retro_human_4801|SLC25A36P1-201|processed_pseudogene|chr19:59480579-59481144(+)",0.49,0.40707964601769914,565
INTRONIC,"ENSG00000268407[1,1,1]|retro_human_1123|AC006115.1-201|processed_pseudogene|chr19:59888081-59888383(-)",0.42,0.4768211920529801,302
INTRONIC,"ENSG00000269097[1,1,1]|retro_human_5981|TPRG1LP1-201|processed_pseudogene|chr19:60761158-60762018(+)",0.72,0.6255813953488372,860
INTRONIC,"ENSG00000268660[1,1,1]|retro_human_237|LETM1P2-201|processed_pseudogene|chr19:61141488-61143766(+)",0.77,0.5956979806848113,2278
INTRONIC,"ENSG00000230568[1,1,1]|retro_human_5295|SF3A3P1-201|processed_pseudogene|chr20:3520345-3521922(-)",0.44,0.45339251743817377,1577
INTRONIC,"ENSG00000233578[1,1,1]|retro_human_1990|EIF4EP1-201|processed_pseudogene|chr20:5589470-5590212(+)",0.51,0.40700808625336926,742
INTRONIC,"ENSG00000235698[1,1,1]|retro_human_9849|PA2G4P2-201|processed_pseudogene|chr20:12423281-12424581(+)",0.58,0.4746153846153846,1300
INTRONIC,"ENSG00000236811[1,1,1]|retro_human_11014|GAPDHP2-201|processed_pseudogene|chr20:13436045-13437143(+)",0.52,0.5218579234972678,1098
INTRONIC,"ENSG00000213950[1,1,1]|retro_human_7419|RPS10P2-201|processed_pseudogene|chr20:14806788-14807382(+)",0.44,0.5117845117845118,594
INTRONIC,"ENSG00000236992[1,1,1]|retro_human_11105|RPL12P12-201|processed_pseudogene|chr20:19875430-19876031(-)",0.56,0.4908485856905158,601
INTRONIC,"ENSG00000213384[1,1,1]|EIF4E2P1-201|processed_pseudogene|chr20:20718347-20718702(+)",0.37,0.4422535211267606,355
INTRONIC,"ENSG00000214535[1,1,1]|retro_human_7222|RPS15AP1-201|processed_pseudogene|chr20:21226948-21227438(-)",0.45,0.4387755102040816,490
INTRONIC,"ENSG00000227379[1,1,1]|retro_human_9697|PPIAP2-201|processed_pseudogene|chr20:25433326-25433918(-)",0.56,0.4831081081081081,592
INTRONIC,"ENSG00000230837[1,1,1]|retro_human_10102|RPL31P2-201|processed_pseudogene|chr20:35478472-35478949(-)",0.49,0.4276729559748428,477
INTRONIC,"ENSG00000214185[1,1,1]|retro_human_10104|XPOTP1-201|processed_pseudogene|chr20:35939836-35942334(-)",0.41,0.4023218574859888,2498
INTRONIC,"ENSG00000224497[1,1,1]|retro_human_4605|RPL36P4-201|processed_pseudogene|chr20:37265188-37265606(-)",0.63,0.5645933014354066,418
INTRONIC,"ENSG00000234274[1,1,1]|retro_human_4611|COX7BP2-201|processed_pseudogene|chr20:37571600-37571942(-)",0.4,0.391812865497076,342
INTRONIC,"ENSG00000219608[1,1,1]|retro_human_7128|HIGD1AP16-201|processed_pseudogene|chr20:37599401-37599759(+)",0.37,0.40502793296089384,358
INTRONIC,"ENSG00000231241[1,1,1]|RPS3AP3-201|processed_pseudogene|chr20:38746044-38746386(-)",0.37,0.40058479532163743,342
INTRONIC,"ENSG00000242748[1,1,1]|AL022394.1-201|transcribed_processed_pseudogene|chr20:42928470-42929037(+)",0.4,0.42328042328042326,567
INTRONIC,"ENSG00000242748[1,1,1]|retro_human_1755|RPL23AP81-201|transcribed_processed_pseudogene|chr20:42928470-42929037(+)",0.4,0.42328042328042326,567
INTRONIC,"ENSG00000232493[1,1,1]|retro_human_1750|RPL12P11-201|processed_pseudogene|chr20:43279169-43279770(+)",0.48,0.46921797004991683,601
INTRONIC,"ENSG00000215450[1,1,1]|retro_human_10904|AL022342.1-201|processed_pseudogene|chr20:48898887-48899850(-)",0.61,0.54932502596054,963
INTRONIC,"ENSG00000226284[1,1,1]|retro_human_240|ARPC3P1-201|processed_pseudogene|chr20:50903926-50904558(+)",0.5,0.43670886075949367,632
INTRONIC,"ENSG00000231302[1,1,1]|retro_human_3828|RPL36P2-201|processed_pseudogene|chr20:52390340-52390753(+)",0.57,0.5569007263922519,413
INTRONIC,"ENSG00000228663[1,1,1]|retro_human_5104|PSMD10P1-201|processed_pseudogene|chr20:52684278-52685059(+)",0.4,0.4379001280409731,781
INTRONIC,"ENSG00000279381[1,1,1]|CR392039.2-201|processed_pseudogene|chr21:5712387-5712691(+)",0.61,0.6513157894736842,304
INTRONIC,"ENSG00000240755[1,1,1]|retro_human_4737|ERLEC1P1-201|processed_pseudogene|chr21:12486226-12486904(+)",0.29,0.36430678466076694,678
INTRONIC,"ENSG00000235514[1,1,1]|retro_human_10059|LLPHP2-201|processed_pseudogene|chr21:24120442-24120938(-)",0.43,0.4112903225806452,496
INTRONIC,"ENSG00000236056[1,1,1]|retro_human_7593|GAPDHP14-201|processed_pseudogene|chr21:27588524-27589561(+)",0.51,0.5091610414657667,1037
INTRONIC,"ENSG00000229046[1,1,1]|HMGN1P2-201|processed_pseudogene|chr21:30074490-30074900(+)",0.58,0.48048780487804876,410
INTRONIC,"ENSG00000229007[1,1,1]|retro_human_7173|EXOSC3P1-201|processed_pseudogene|chr21:30867061-30867661(+)",0.54,0.425,600
INTRONIC,"ENSG00000226501[1,1,1]|retro_human_7163|USF1P1-201|processed_pseudogene|chr21:31706764-31707390(+)",0.46,0.5207667731629393,626
INTRONIC,"ENSG00000224598[1,1,1]|retro_human_7650|RPS5P2-201|processed_pseudogene|chr21:32517457-32518197(-)",0.61,0.5445945945945946,740
INTRONIC,"ENSG00000189089[1,1,1]|retro_human_9371|RIMKLBP1-201|processed_pseudogene|chr21:34433221-34434485(+)",0.44,0.47151898734177217,1264
INTRONIC,"ENSG00000228149[1,1,1]|retro_human_9141|RPL3P1-201|processed_pseudogene|chr21:34551760-34553071(-)",0.49,0.5301296720061022,1311
INTRONIC,"ENSG00000224421[1,1,1]|retro_human_7686|ATP5MFP1-201|processed_pseudogene|chr21:34771412-34771747(-)",0.55,0.5462686567164179,335
INTRONIC,"ENSG00000232777[1,1,1]|retro_human_5270|MRPL51P2-201|processed_pseudogene|chr21:41506356-41506832(-)",0.54,0.46218487394957986,476
INTRONIC,"ENSG00000235374[2,1,1]|SSR4P1-203|transcribed_processed_pseudogene|chr21:43433195-43435555(-)",0.7,0.5677966101694916,2360
INTRONIC,"ENSG00000235374[1,1,2]|SSR4P1-201|transcribed_processed_pseudogene|chr21:43433976-43434583(-)",0.63,0.5683690280065898,607
INTRONIC,"ENSG00000232305[1,1,1]|retro_human_9270|CLCP1-201|processed_pseudogene|chr22:18092055-18092543(-)",0.54,0.5163934426229508,488
INTRONIC,"ENSG00000228045[1,1,1]|retro_human_9269|DNAJA1P6-201|processed_pseudogene|chr22:18186368-18186822(-)",0.36,0.4251101321585903,454
INTRONIC,"ENSG00000236890[1,1,1]|AC016027.5-201|processed_pseudogene|chr22:18752929-18753239(-)",0.57,0.5258064516129032,310
INTRONIC,"ENSG00000271275[1,1,1]|AC007326.1-201|processed_pseudogene|chr22:19372482-19373040(-)",0.56,0.5752688172043011,558
INTRONIC,"ENSG00000236670[1,1,1]|retro_human_3794|KRT18P5-201|processed_pseudogene|chr22:20887064-20888455(-)",0.59,0.5492451473759885,1391
INTRONIC,"ENSG00000230701[1,1,1]|retro_human_3325|FBXW4P1-201|processed_pseudogene|chr22:23685579-23687918(+)",0.66,0.589140658401026,2339
INTRONIC,"ENSG00000213707[1,1,1]|retro_human_4504|HMGB1P10-201|processed_pseudogene|chr22:27022832-27023495(+)",0.51,0.46153846153846156,663
INTRONIC,"ENSG00000233010[1,1,1]|retro_human_4501|RPEP4-201|processed_pseudogene|chr22:30072211-30072913(+)",0.54,0.4672364672364672,702
INTRONIC,"ENSG00000227201[1,1,1]|retro_human_3027|CNN2P1-201|processed_pseudogene|chr22:30509566-30510584(-)",0.65,0.5736738703339882,1018
INTRONIC,"ENSG00000229169[1,1,1]|retro_human_3955|AL096701.2-201|processed_pseudogene|chr22:32002927-32003265(-)",0.36,0.40828402366863903,338
INTRONIC,"ENSG00000237406[1,1,1]|retro_human_2635|NDUFA9P1-201|processed_pseudogene|chr22:36356971-36358206(-)",0.48,0.46558704453441296,1235
INTRONIC,"ENSG00000229598[1,1,1]|retro_human_7737|PRDX3P1-201|processed_pseudogene|chr22:39192894-39193757(-)",0.56,0.4716106604866744,863
INTRONIC,"ENSG00000226085[1,1,1]|retro_human_3007|UQCRFS1P1-201|processed_pseudogene|chr22:40346231-40347151(+)",0.47,0.5141304347826087,920
INTRONIC,"ENSG00000228599[1,1,1]|retro_human_7735|RPL7P52-201|processed_pseudogene|chr22:40577841-40578683(-)",0.45,0.4180522565320665,842
INTRONIC,"ENSG00000233603[1,1,1]|retro_human_3506|JTBP1-201|processed_pseudogene|chr22:41270178-41270525(+)",0.57,0.5043227665706052,347
INTRONIC,"ENSG00000231261[1,1,1]|retro_human_8499|HMGN2P10-201|processed_pseudogene|chr22:42188117-42188482(-)",0.59,0.5123287671232877,365
INTRONIC,"ENSG00000215347[1,1,2]|retro_human_8514|SLC25A5P1-202|transcribed_processed_pseudogene|chr22:42480625-42481648(-)",0.58,0.4995112414467253,1023
INTRONIC,"ENSG00000215347[1,1,2]|SLC25A5P1-201|transcribed_processed_pseudogene|chr22:42480625-42481648(-)",0.58,0.4995112414467253,1023
INTRONIC,"ENSG00000213790[1,1,1]|retro_human_2274|OLA1P1-201|processed_pseudogene|chr22:42587311-42588600(-)",0.55,0.39720713731574864,1289
INTRONIC,"ENSG00000180150[1,1,1]|retro_human_1642|HMGN2P9-201|processed_pseudogene|chr22:44285382-44285712(+)",0.39,0.44242424242424244,330
CDS,"ENSG00000169717[1,1,1]|retro_human_6556|chr1:2523036-2524573(+)",0.61,0.6128822381262199,1537
CDS,"ENSG00000233954[1,1,1]|retro_human_339|chr1:15251886-15252467(-)",0.52,0.45611015490533563,581
CDS,"ENSG00000179546[2,2,1]|retro_human_10542|chr1:23017521-23020457(-)",0.4,0.48467302452316074,2936
CDS,"ENSG00000236528[1,3,3]|retro_human_10536|chr1:25696962-25701342(+)",0.61,0.5722781335773102,2186
CDS,"ENSG00000175793[1,1,1]|retro_human_10136|chr1:26701173-26702577(+)",0.66,0.6267806267806267,1404
CDS,"ENSG00000189280[1,2,1]|retro_human_5602|chr1:34617634-34621200(+)",0.67,0.5743801652892562,1452
CDS,"ENSG00000188910[2,2,1]|retro_human_5603|chr1:34644856-34649048(+)",0.62,0.5851344227727991,1897
CDS,"ENSG00000187513[1,1,1]|retro_human_5600|chr1:34655577-34658424(+)",0.74,0.6090750436300174,1719
CDS,"ENSG00000185668[1,1,2]|retro_human_4650|chr1:37911738-37914021(-)",0.86,0.6903197547087166,2283
CDS,"ENSG00000228436[2,5,3]|retro_human_4648|chr1:38740632-38743518(+)",0.66,0.4961832061068702,524
CDS,"ENSG00000198754[1,1,1]|retro_human_5887|chr1:39638917-39640843(-)",0.77,0.6334371754932503,1926
CDS,"ENSG00000188396[2,3,1]|retro_human_6704|chr1:44676996-44677879(-)",0.66,0.6761041902604756,883
CDS,"ENSG00000184292[1,1,1]|retro_human_2309|chr1:58453346-58455266(-)",0.73,0.5817708333333333,1920
CDS,"ENSG00000162595[1,1,2]|retro_human_6883|chr1:67923645-67928136(-)",0.58,0.49311926605504586,1308
CDS,"ENSG00000170989[1,5,2]|retro_human_421|chr1:101085675-101088430(+)",0.63,0.5762162162162162,925
CDS,"ENSG00000198890[3,2,2]|retro_human_5367|chr1:107094839-107098137(+)",0.66,0.5238095238095238,1008
CDS,"ENSG00000156097[1,3,2]|retro_human_34|chr1:109572544-109578617(+)",0.6,0.5558963871847308,2934
CDS,"ENSG00000186150[1,1,1]|retro_human_36|chr1:110122515-110124120(+)",0.59,0.5744548286604362,1605
CDS,"ENSG00000143105[1,1,1]|retro_human_7084|chr1:110532204-110534265(-)",0.37,0.5036390101892285,2061
CDS,"ENSG00000177272[1,1,1]|retro_human_1264|chr1:110687157-110689733(-)",0.72,0.5694875776397516,2576
CDS,"ENSG00000273213[1,2,4]|retro_human_1631|chr1:142976269-142978046(-)",0.53,0.6334563345633456,813
CDS,"ENSG00000272031[2,4,1]|retro_human_5387|chr1:145076205-145079460(-)",0.77,0.6057479734708917,2714
CDS,"ENSG00000265107[1,1,3]|retro_human_2518|chr1:147047014-147050622(+)",0.43,0.5186896262074758,2381
CDS,"ENSG00000177144[1,1,2]|retro_human_8359|NUDT4P2-201|processed_pseudogene|chr1:145415551-145416957(+)",0.79,0.47581792318634425,1406
CDS,"ENSG00000183598[1,1,1]|retro_human_9311|chr1:148937309-148937878(-)",0.5,0.6133567662565905,569
CDS,"ENSG00000203811[1,1,2]|retro_human_9310|chr1:148963637-148965408(-)",0.58,0.6086956521739131,1771
CDS,"ENSG00000203852[1,1,2]|retro_human_8747|chr1:148976692-148978459(+)",0.57,0.6089417091114884,1767
CDS,"ENSG00000184678[1,1,1]|retro_human_9307|chr1:149008546-149010870(-)",0.44,0.47461273666092946,2324
CDS,"ENSG00000184260[1,1,1]|retro_human_8748|chr1:149011005-149011599(+)",0.43,0.5555555555555556,594
CDS,"ENSG00000184270[1,1,1]|retro_human_9306|chr1:149011556-149012153(-)",0.37,0.5494137353433836,597
CDS,"ENSG00000178096[1,4,1]|retro_human_8745|chr1:149023659-149024990(+)",0.65,0.5902383654937571,881
CDS,"ENSG00000177807[5,8,2]|retro_human_4130|chr1:159175286-159179624(-)",0.54,0.4632968448164842,3106
CDS,"ENSG00000173110[3,1,1]|retro_human_8957|chr1:160787367-160789572(+)",0.7,0.5714285714285714,2205
CDS,"ENSG00000179930[1,1,1]|retro_human_6302|chr1:181409885-181417130(-)",0.58,0.525206721792478,3749
CDS,"ENSG00000215817[2,2,2]|retro_human_2854|chr1:218845837-218848373(-)",0.39,0.4601735015772871,2536
CDS,"ENSG00000168148[1,1,1]|retro_human_3664|chr1:227613306-227613922(-)",0.58,0.6201298701298701,616
CDS,"ENSG00000181218[1,1,2]|retro_human_9130|chr1:227645440-227646435(-)",0.49,0.5608040201005026,995
CDS,"ENSG00000196890[1,1,4]|retro_human_2742|chr1:227646564-227649032(+)",0.5,0.5218800648298217,2468
CDS,"ENSG00000244020[1,1,1]|retro_human_7485|chr1:236415065-236415504(-)",0.51,0.530751708428246,439
CDS,"ENSG00000227854[1,1,1]|retro_human_7491|AL590135.1-201|processed_pseudogene|chr1:238465099-238465355(-)",0.47,0.42578125,256
CDS,"ENSG00000203668[1,4,1]|retro_human_6262|chr1:241040277-241051893(-)",0.78,0.37548147164298046,7529
CDS,"ENSG00000171161[4,3,1]|retro_human_4864|chr1:248276928-248288050(+)",0.75,0.6152727272727273,2750
CDS,"ENSG00000162975[2,1,1]|retro_human_1489|chr2:10942018-10944037(+)",0.8,0.6513125309559188,2019
CDS,"ENSG00000162981[1,1,5]|retro_human_7364|chr2:14663436-14666863(+)",0.73,0.6261875258157786,2421
CDS,"ENSG00000143878[2,1,1]|retro_human_1907|chr2:20481063-20483134(+)",0.75,0.540318686624819,2071
CDS,"ENSG00000178021[1,1,2]|retro_human_3168|chr2:54249559-54252516(-)",0.58,0.49644910382144064,2957
CDS,"ENSG00000169564[3,1,1]|retro_human_2098|chr2:70099801-70100977(+)",0.63,0.483843537414966,1176
CDS,"ENSG00000144035[1,1,1]|retro_human_3965|chr2:73653726-73655526(-)",0.54,0.5206751054852321,1185
CDS,"ENSG00000162951[2,1,1]|retro_human_4346|chr2:80301974-80304637(-)",0.6,0.5807531380753138,2390
CDS,"ENSG00000274286[3,2,2]|retro_human_3252|chr2:96620330-96621820(-)",0.74,0.5733573357335734,1111
CDS,"ENSG00000198914[3,1,1]|retro_human_7165|chr2:105316641-105319805(+)",0.78,0.6087231352718079,3164
CDS,"ENSG00000184492[1,1,1]|retro_human_10820|chr2:113923144-113925736(+)",0.37,0.5736882716049383,2592
CDS,"ENSG00000226479[2,1,3]|retro_human_7509|chr2:120656189-120657463(-)",0.61,0.46938775510204084,1274
CDS,"ENSG00000225449[2,3,3]|retro_human_10398|chr2:130408114-130410174(-)",0.4,0.4450154162384378,1946
CDS,"ENSG00000233087[1,1,2]|retro_human_5101|chr2:131795769-131798953(-)",0.64,0.43090452261306533,3184
CDS,"ENSG00000172318[2,2,1]|retro_human_1113|chr2:168326739-168331937(+)",0.41,0.39303578299345904,5198
CDS,"ENSG00000204335[1,1,1]|retro_human_8015|chr2:171192418-171195260(+)",0.69,0.656264555193293,2147
CDS,"ENSG00000155760[5,1,2]|retro_human_7883|chr2:202515946-202518589(+)",0.75,0.5539160045402951,2643
CDS,"ENSG00000163251[2,2,2]|retro_human_4372|chr2:208228035-208243823(-)",0.8,0.471841704718417,1971
CDS,"ENSG00000180871[4,6,3]|retro_human_7522|chr2:218614931-218621147(+)",0.5,0.5086848635235732,806
CDS,"ENSG00000163464[1,1,2]|retro_human_57|chr2:218648966-218652702(-)",0.49,0.5262904003859141,2073
CDS,"ENSG00000197385[1,1,1]|retro_human_2559|chr3:31984665-31994739(+)",0.69,0.4048839312631896,3317
CDS,"ENSG00000180432[2,1,1]|retro_human_4997|chr3:42887718-42891792(-)",0.5,0.5157093765341189,4074
CDS,"ENSG00000186446[1,2,5]|retro_human_1775|chr3:44745219-44751248(+)",0.63,0.43414634146341463,1640
CDS,"ENSG00000160791[2,2,2]|retro_human_193|chr3:46388453-46389845(+)",0.46,0.4561781609195402,1392
CDS,"ENSG00000176020[1,1,1]|retro_human_76|chr3:49746064-49749020(-)",0.68,0.6390392422192152,2956
CDS,"ENSG00000179097[2,2,1]|retro_human_10256|chr3:88066487-88069730(+)",0.32,0.3388837496145544,3243
CDS,"ENSG00000178700[1,2,2]|retro_human_1839|chr3:96757126-96761417(-)",0.54,0.4314955430835259,3029
CDS,"ENSG00000174255[2,1,1]|retro_human_4815|chr3:116955512-116958082(-)",0.53,0.3949416342412451,2570
CDS,"ENSG00000196981[1,1,4]|retro_human_8068|chr3:125133701-125135667(-)",0.57,0.41810783316378436,1966
CDS,"ENSG00000169313[2,2,2]|retro_human_2829|chr3:154089107-154091904(-)",0.4,0.39905660377358493,1060
CDS,"ENSG00000179674[1,2,1]|retro_human_6643|chr3:163451688-163453077(+)",0.37,0.3857493857493858,1221
CDS,"ENSG00000176597[3,3,2]|retro_human_1225|chr3:186072087-186077983(+)",0.51,0.42039542143600417,1922
CDS,"ENSG00000177383[1,1,1]|retro_human_10947|chr3:187525500-187527304(-)",0.76,0.5415742793791575,1804
CDS,"ENSG00000184160[1,1,1]|retro_human_4653|chr4:3765195-3767495(+)",0.8,0.6978260869565217,2300
CDS,"ENSG00000186222[1,1,1]|retro_human_10139|chr4:6691180-6692771(+)",0.74,0.531112507856694,1591
CDS,"ENSG00000178597[1,1,2]|retro_human_6418|chr4:7403833-7406604(-)",0.67,0.6077228437387224,2771
CDS,"ENSG00000169676[1,1,1]|retro_human_1723|chr4:9781356-9783832(+)",0.82,0.5880452342487884,2476
CDS,"ENSG00000174130[2,3,2]|retro_human_8306|chr4:38796689-38799727(-)",0.32,0.3857801184990125,3038
CDS,"ENSG00000182308[1,1,1]|retro_human_6918|chr4:41955524-41960336(+)",0.48,0.4150041562759767,4812
CDS,"ENSG00000227725[1,1,1]|retro_human_9772|GCOM2-201|processed_pseudogene|chr4:71481674-71482878(+)",0.73,0.4717607973421927,1204
CDS,"ENSG00000163114[1,1,1]|retro_human_10586|chr4:99155242-99156714(+)",0.68,0.4639945652173913,1472
CDS,"ENSG00000174599[1,1,2]|retro_human_61|chr4:120385395-120387328(-)",0.63,0.4262803931712364,1933
CDS,"ENSG00000254535[1,1,1]|retro_human_4635|chr4:137518747-137524304(-)",0.5,0.33411996066863325,5085
CDS,"ENSG00000229894[1,1,1]|retro_human_7067|chr4:168623754-168625722(-)",0.67,0.445630081300813,1968
CDS,"ENSG00000179059[2,2,1]|retro_human_6850|chr4:191350601-191353040(+)",0.39,0.42025420254202545,2439
CDS,"ENSG00000269466[1,1,1]|retro_human_8556|chr5:17655024-17656098(-)",0.49,0.5651769087523277,1074
CDS,"ENSG00000233974[1,1,1]|retro_human_1566|AC138951.1-201|processed_pseudogene|chr5:21487056-21489841(-)",0.56,0.5938958707360862,2785
CDS,"ENSG00000249774[1,1,1]|retro_human_10676|AC025458.1-201|processed_pseudogene|chr5:32036943-32037209(+)",0.59,0.5225563909774437,266
CDS,"ENSG00000169271[1,1,1]|retro_human_214|chr5:55283213-55283992(+)",0.55,0.4685494223363286,779
CDS,"ENSG00000169067[1,1,1]|retro_human_4926|chr5:58308685-58311579(-)",0.5,0.40428472702142365,2894
CDS,"ENSG00000178394[2,1,3]|retro_human_10420|chr5:64780440-64782318(-)",0.54,0.5958466453674122,1878
CDS,"ENSG00000273841[6,3,3]|retro_human_4512|chr5:70190881-70193746(-)",0.52,0.4473684210526316,874
CDS,"ENSG00000251493[3,1,1]|retro_human_9988|chr5:73927538-73929900(-)",0.77,0.6562235393734124,2362
CDS,"ENSG00000171617[1,1,2]|retro_human_4114|chr5:75110851-75121743(-)",0.79,0.5510204081632653,2401
CDS,"ENSG00000176928[2,2,1]|retro_human_4116|chr5:75506145-75511801(-)",0.38,0.3606789250353607,5656
CDS,"ENSG00000254893[1,1,1]|retro_human_4112|chr5:76655068-76655723(-)",0.5,0.39541984732824426,655
CDS,"ENSG00000248483[1,1,1]|retro_human_6532|chr5:94217233-94225714(-)",0.68,0.39641551703808514,8481
CDS,"ENSG00000198944[3,1,1]|retro_human_4938|chr5:133333785-133336574(+)",0.78,0.5242022230190032,2789
CDS,"ENSG00000177733[1,1,7]|retro_human_2860|chr5:138278943-138280254(-)",0.74,0.6468344774980931,1311
CDS,"ENSG00000185129[5,1,6]|retro_human_1166|chr5:140639573-140640374(+)",0.66,0.5792759051186017,801
CDS,"ENSG00000171815[2,1,1]|retro_human_1169|chr5:141576376-141584688(+)",0.42,0.4000240615976901,8312
CDS,"ENSG00000112852[1,3,3]|retro_human_1168|chr5:141619873-141622632(+)",0.55,0.570999570999571,2331
CDS,"ENSG00000178913[1,1,6]|retro_human_7922|chr5:141844842-141846137(-)",0.72,0.47876447876447875,1295
CDS,"ENSG00000169252[1,1,1]|retro_human_1526|chr5:149361393-149363506(+)",0.62,0.5078088026502603,2113
CDS,"ENSG00000226650[1,1,1]|retro_human_7391|chr5:155547595-155552082(+)",0.65,0.45709828393135726,4487
CDS,"ENSG00000231989[2,1,1]|retro_human_7395|chr5:157369504-157371595(+)",0.73,0.3754184600669536,2091
CDS,"ENSG00000188573[1,1,1]|retro_human_1943|chr5:169064035-169065465(+)",0.74,0.6846153846153846,1430
CDS,"ENSG00000184845[1,1,1]|retro_human_4247|chr5:175983763-175988010(-)",0.77,0.4691358024691358,4131
CDS,"ENSG00000196570[1,1,1]|retro_human_10571|chr5:177943276-177943929(-)",0.71,0.7090352220520674,653
CDS,"ENSG00000054598[2,1,2]|retro_human_9323|chr6:1473392-1475257(+)",0.81,0.7008042895442359,1865
CDS,"ENSG00000145945[1,1,1]|retro_human_9319|chr6:3718959-3721007(+)",0.75,0.5853379152348225,1746
CDS,"ENSG00000164508[1,1,1]|retro_human_553|chr6:25591790-25592390(-)",0.5,0.5016666666666667,600
CDS,"ENSG00000275714[1,1,1]|retro_human_2683|chr6:25886339-25886947(+)",0.49,0.5542763157894737,608
CDS,"ENSG00000278463[1,1,1]|retro_human_5943|chr6:25898997-25899627(-)",0.39,0.5301587301587302,630
CDS,"ENSG00000276410[1,1,1]|retro_human_5944|chr6:25911340-25911927(-)",0.39,0.49744463373083475,587
CDS,"ENSG00000158373[4,1,1]|retro_human_2688|chr6:26026597-26026793(+)",0.63,0.5,196
CDS,"ENSG00000274290[1,1,1]|retro_human_2689|chr6:26051845-26052415(+)",0.4,0.5333333333333333,570
CDS,"ENSG00000197409[1,1,1]|retro_human_5946|chr6:26065194-26065797(-)",0.41,0.5538971807628524,603
CDS,"ENSG00000196866[1,1,1]|retro_human_5947|chr6:26067199-26067809(-)",0.29,0.521311475409836,610
CDS,"ENSG00000277224[1,1,2]|retro_human_2690|chr6:26067931-26069231(+)",0.42,0.4207692307692308,1300
CDS,"ENSG00000273802[3,1,1]|retro_human_5937|chr6:26084626-26084940(-)",0.56,0.4872611464968153,314
CDS,"ENSG00000274750[1,1,1]|retro_human_2682|chr6:26093557-26094139(+)",0.43,0.5515463917525774,582
CDS,"ENSG00000277775[1,1,1]|retro_human_5938|chr6:26118562-26119156(-)",0.41,0.5521885521885522,594
CDS,"ENSG00000275713[2,1,1]|retro_human_6667|chr6:26120254-26120596(+)",0.57,0.5380116959064327,342
CDS,"ENSG00000273983[1,1,2]|retro_human_966|chr6:26137813-26139922(-)",0.44,0.42342342342342343,2109
CDS,"ENSG00000278588[1,1,1]|retro_human_6668|chr6:26141340-26141922(+)",0.49,0.5429553264604811,582
CDS,"ENSG00000124635[1,1,1]|retro_human_970|chr6:27001080-27001660(-)",0.43,0.5396551724137931,580
CDS,"ENSG00000196787[1,1,2]|retro_human_1256|chr6:27001807-27004156(+)",0.52,0.46360153256704983,2349
CDS,"ENSG00000197903[1,1,1]|retro_human_969|chr6:27015126-27015721(-)",0.48,0.5495798319327732,595
CDS,"ENSG00000274997[1,1,1]|retro_human_1255|chr6:27015871-27016428(+)",0.49,0.5637342908438061,557
CDS,"ENSG00000185130[1,1,1]|retro_human_6346|chr6:27677102-27677653(-)",0.45,0.5607985480943739,551
CDS,"ENSG00000196747[1,1,1]|retro_human_1250|chr6:27677796-27678391(+)",0.43,0.5596638655462185,595
CDS,"ENSG00000278828[1,1,2]|retro_human_1249|chr6:27679674-27681024(+)",0.49,0.4822222222222222,1350
CDS,"ENSG00000276368[1,1,1]|retro_human_6347|chr6:27683925-27684501(-)",0.42,0.5538194444444444,576
CDS,"ENSG00000273703[1,1,1]|retro_human_1248|chr6:27684645-27685213(+)",0.36,0.5158450704225352,568
CDS,"ENSG00000275221[1,1,1]|retro_human_6344|chr6:27707502-27708098(-)",0.45,0.5620805369127517,596
CDS,"ENSG00000233822[1,1,4]|retro_human_8822|chr6:27708167-27709205(+)",0.4,0.5366088631984586,1038
CDS,"ENSG00000276903[1,1,1]|retro_human_8825|chr6:27734937-27735519(+)",0.49,0.5807560137457045,582
CDS,"ENSG00000275379[1,1,1]|retro_human_6345|chr6:27741465-27742067(-)",0.44,0.5714285714285714,602
CDS,"ENSG00000278677[1,1,1]|retro_human_6343|chr6:27762299-27762886(-)",0.52,0.5638841567291312,587
CDS,"ENSG00000274641[1,1,1]|retro_human_7082|chr6:27763025-27763592(+)",0.46,0.5537918871252204,567
CDS,"ENSG00000189134[1,1,2]|retro_human_1620|chr6:28130975-28131857(+)",0.63,0.5249433106575964,882
CDS,"ENSG00000204390[5,4,1]|retro_human_7259|chr6:31662625-31675402(-)",0.54,0.4890453834115806,2556
CDS,"ENSG00000204389[1,1,1]|retro_human_2360|chr6:31668549-31671053(+)",0.59,0.5950479233226837,2504
CDS,"ENSG00000285565[2,1,1]|retro_human_2363|chr6:31680755-31692828(+)",0.63,0.5944664031620553,2530
CDS,"ENSG00000204366[1,1,1]|retro_human_2976|chr6:31752806-31755380(-)",0.71,0.6354823073194377,2063
CDS,"ENSG00000236104[2,2,1]|retro_human_2969|chr6:33135717-33139354(-)",0.55,0.5923497267759563,2745
CDS,"ENSG00000213588[3,4,4]|retro_human_2357|chr6:33276718-33277603(+)",0.57,0.5730918499353169,773
CDS,"ENSG00000198225[1,1,1]|retro_human_2973|chr6:64357285-64358962(+)",0.5,0.45915324985092426,1677
CDS,"ENSG00000135312[2,1,2]|retro_human_10685|chr6:78639164-78641283(-)",0.53,0.5573383671543181,2119
CDS,"ENSG00000146242[1,1,3]|retro_human_4763|chr6:83583212-83586393(+)",0.67,0.5565464126469396,2467
CDS,"ENSG00000251258[1,1,1]|retro_human_222|chr6:113530693-113534758(+)",0.49,0.4199199199199199,1998
CDS,"ENSG00000187189[1,1,3]|retro_human_9063|chr6:117437419-117438106(-)",0.62,0.6229985443959243,687
CDS,"ENSG00000189241[1,1,3]|retro_human_9061|chr6:117460512-117463962(-)",0.61,0.48,3450
CDS,"ENSG00000177688[1,1,1]|retro_human_5189|chr6:150600088-150601205(+)",0.67,0.40107430617726053,1117
CDS,"ENSG00000218996[1,1,1]|retro_human_10283|ARL4AP5-201|processed_pseudogene|chr6:152135478-152136177(+)",0.44,0.3905579399141631,699
CDS,"ENSG00000235272[1,1,1]|retro_human_3996|chr6:167963626-167965718(-)",0.34,0.4306883365200765,2092
CDS,"ENSG00000120436[2,1,2]|retro_human_3998|chr6:168538895-168541054(-)",0.46,0.5122742010189902,2159
CDS,"ENSG00000218823[1,1,1]|retro_human_9482|chr7:4974889-4979282(-)",0.73,0.4101980423400865,4393
CDS,"ENSG00000122644[1,5,2]|retro_human_11092|chr7:12818655-12820037(+)",0.57,0.4267515923566879,942
CDS,"ENSG00000272768[1,1,1]|retro_human_7559|chr7:45045315-45046856(+)",0.62,0.6294613887086308,1541
CDS,"ENSG00000132436[1,9,4]|retro_human_2128|chr7:50605641-50611655(-)",0.74,0.4059900166389351,3005
CDS,"ENSG00000188763[2,1,1]|retro_human_8835|chr7:74634555-74636664(+)",0.78,0.6671408250355618,2109
CDS,"ENSG00000165215[1,1,1]|retro_human_5727|chr7:74969823-74971197(-)",0.73,0.6921397379912664,1374
CDS,"ENSG00000189143[1,1,1]|retro_human_8832|chr7:75031840-75033635(+)",0.62,0.6061281337047354,1795
CDS,"ENSG00000157240[2,1,2]|retro_human_5068|chr7:92512993-92515028(+)",0.69,0.6132678132678133,2035
CDS,"ENSG00000197343[2,23,11]|retro_human_5451|chr7:100809482-100814920(+)",0.31,0.3888888888888889,4986
CDS,"ENSG00000235631[1,1,1]|retro_human_3486|chr7:124017617-124018972(-)",0.31,0.40369003690036903,1355
CDS,"ENSG00000230268[1,1,1]|retro_human_4657|chr7:125793838-125794523(+)",0.58,0.4978102189781022,685
CDS,"ENSG00000128594[3,3,3]|retro_human_9363|chr7:129341986-129343351(-)",0.86,0.6339677891654466,683
CDS,"ENSG00000271321[1,1,1]|retro_human_10182|chr7:145035391-145038099(-)",0.62,0.413589364844904,2708
CDS,"ENSG00000253958[2,1,1]|retro_human_10062|chr8:11040231-11042209(-)",0.69,0.583417593528817,1978
CDS,"ENSG00000221869[1,1,1]|retro_human_7999|chr8:48112579-48113931(-)",0.74,0.6649408284023669,1352
CDS,"ENSG00000253598[2,1,1]|retro_human_6011|chr8:82125290-82127936(-)",0.32,0.3847316704459562,2646
CDS,"ENSG00000205176[1,1,1]|REXO1L3P-201|processed_pseudogene|chr8:86095150-86101848(-)",0.67,0.5216482532099134,6698
CDS,"ENSG00000176566[1,1,2]|retro_human_275|chr8:88995274-88997424(-)",0.55,0.47488372093023257,2150
CDS,"ENSG00000180543[6,2,1]|retro_human_663|chr8:98399203-98402900(-)",0.51,0.4469227591904172,2421
CDS,"ENSG00000156486[3,1,3]|retro_human_4949|chr8:99552686-99555282(+)",0.79,0.5704225352112676,1988
CDS,"ENSG00000170122[2,1,1]|retro_human_4877|chr9:110302-112377(-)",0.6,0.5975903614457831,2075
CDS,"ENSG00000205808[2,1,1]|retro_human_2384|chr9:4666390-4668982(+)",0.66,0.43364197530864196,2592
CDS,"ENSG00000155876[1,1,1]|retro_human_2017|chr9:19062241-19063940(+)",0.7,0.5103001765744556,1699
CDS,"ENSG00000198642[1,2,2]|retro_human_11044|chr9:21338193-21349624(-)",0.68,0.45518453427065025,2845
CDS,"ENSG00000187559[1,1,2]|retro_human_6174|chr9:80476503-80478642(+)",0.58,0.5890603085553997,2139
CDS,"ENSG00000187866[1,1,3]|retro_human_6179|chr9:80953538-80955331(+)",0.74,0.4662576687116564,1793
CDS,"ENSG00000213694[5,2,4]|retro_human_1508|chr9:101163983-101166937(+)",0.61,0.4888287068381855,2954
CDS,"ENSG00000188386[1,1,1]|retro_human_404|chr9:113766305-113769823(-)",0.76,0.4414440022740193,3518
CDS,"ENSG00000148156[2,1,1]|retro_human_26|chr9:121023665-121026145(-)",0.49,0.5790322580645161,2480
CDS,"ENSG00000186130[1,1,2]|retro_human_284|chr9:135106356-135110598(-)",0.57,0.36023429873088186,3073
CDS,"ENSG00000169155[2,2,2]|retro_human_8698|chr9:139037098-139042893(+)",0.51,0.4388265746333046,5795
CDS,"ENSG00000198435[1,1,2]|retro_human_4868|chr9:149538351-149540241(-)",0.67,0.6603174603174603,1890
CDS,"ENSG00000182798[1,1,1]|retro_human_5458|chrX:15750333-15754419(+)",0.46,0.559322033898305,1534
CDS,"ENSG00000230797[1,1,1]|retro_human_5461|chrX:21439237-21442091(+)",0.29,0.4576033637000701,2854
CDS,"ENSG00000184735[1,1,1]|retro_human_89|chrX:22583434-22587164(+)",0.53,0.38284182305630027,3730
CDS,"ENSG00000223611[2,1,2]|retro_human_9590|SUPT20HL2-201|processed_pseudogene|chrX:23895043-23897552(-)",0.47,0.5468314069350338,2509
CDS,"ENSG00000224960[1,1,1]|retro_human_9592|chrX:27050484-27053719(-)",0.59,0.37712519319938176,3235
CDS,"ENSG00000099399[1,1,1]|retro_human_491|chrX:29807854-29812490(+)",0.6,0.45550351288056207,1708
CDS,"ENSG00000120289[1,1,1]|retro_human_3004|chrX:29834300-29836588(+)",0.48,0.42832167832167833,2288
CDS,"ENSG00000214107[1,1,1]|retro_human_494|chrX:29839446-29844442(+)",0.68,0.47634763476347636,1818
CDS,"ENSG00000187682[2,2,2]|retro_human_6788|chrX:48239317-48240683(+)",0.51,0.5512445095168375,1366
CDS,"ENSG00000273820[2,1,1]|retro_human_1091|chrX:49195787-49198498(+)",0.88,0.4784212467724087,2711
CDS,"ENSG00000122824[1,1,1]|retro_human_1088|chrX:50604055-50608860(+)",0.75,0.4562962962962963,2025
CDS,"ENSG00000224109[1,1,1]|retro_human_285|chrX:50888195-50890188(-)",0.68,0.5368790767686904,1993
CDS,"ENSG00000283093[1,1,1]|retro_human_9378|chrX:50952587-50954307(-)",0.71,0.5883720930232558,1720
CDS,"ENSG00000223591[1,1,1]|retro_human_1094|chrX:50982113-50983833(+)",0.71,0.588953488372093,1720
CDS,"ENSG00000189369[2,1,1]|retro_human_8075|chrX:51016592-51017939(+)",0.47,0.37193763919821826,1347
CDS,"ENSG00000247746[3,3,1]|retro_human_2242|chrX:54777114-54781801(+)",0.59,0.419347681384513,4507
CDS,"ENSG00000188021[1,1,1]|retro_human_2248|chrX:55856890-55861232(+)",0.73,0.44587747581759557,4342
CDS,"ENSG00000204271[1,8,1]|retro_human_8086|chrX:56289606-56294703(-)",0.62,0.4602526002971768,2692
CDS,"ENSG00000198455[3,1,2]|retro_human_1145|chrX:56892329-56893625(+)",0.57,0.4575617283950617,1296
CDS,"ENSG00000198205[4,1,5]|retro_human_525|chrX:57207396-57209653(-)",0.71,0.5409836065573771,2257
CDS,"ENSG00000186767[1,1,1]|retro_human_10874|chrX:61772446-61776651(-)",0.72,0.37479191438763376,4205
CDS,"ENSG00000189401[1,1,1]|retro_human_3327|chrX:68495757-68497580(+)",0.55,0.5671969281404279,1823
CDS,"ENSG00000169562[1,1,2]|retro_human_10860|chrX:69657254-69659346(+)",0.61,0.5754608294930875,1736
CDS,"ENSG00000184388[2,1,2]|retro_human_5407|chrX:71436967-71439264(+)",0.76,0.5023944275141489,2297
CDS,"ENSG00000186288[1,1,1]|retro_human_3911|chrX:71510734-71513075(-)",0.78,0.5019222554463905,2341
CDS,"ENSG00000186462[1,1,1]|retro_human_160|chrX:71645690-71648343(-)",0.47,0.4025631360723709,2653
CDS,"ENSG00000186675[1,1,1]|retro_human_1323|chrX:74216622-74218990(-)",0.59,0.4708614864864865,2368
CDS,"ENSG00000198934[1,1,1]|retro_human_4398|chrX:74861459-74865192(+)",0.62,0.5400482185909457,3733
CDS,"ENSG00000179300[1,1,1]|retro_human_4337|chrX:77092835-77096194(-)",0.5,0.47908330301927976,2749
CDS,"ENSG00000196767[1,1,1]|retro_human_4007|chrX:81941814-81945753(+)",0.56,0.4963188626554963,3939
CDS,"ENSG00000174740[2,2,2]|retro_human_9078|chrX:89886661-89889167(+)",0.51,0.47430249632892807,1362
CDS,"ENSG00000186310[1,3,1]|retro_human_4847|chrX:92116049-92118797(-)",0.61,0.4045393858477971,2247
CDS,"ENSG00000204086[1,1,1]|retro_human_3602|chrX:95323138-95324798(+)",0.33,0.4512048192771084,1660
CDS,"ENSG00000126945[1,2,1]|retro_human_8639|chrX:99852286-99858298(+)",0.54,0.42449664429530204,2384
CDS,"ENSG00000126947[1,2,1]|retro_human_8641|chrX:99995123-99999379(+)",0.56,0.4550359712230216,2224
CDS,"ENSG00000102401[1,1,6]|retro_human_8647|chrX:100067707-100070993(+)",0.58,0.4549201442555384,1941
CDS,"ENSG00000184867[1,7,1]|retro_human_2482|chrX:100099865-100104539(-)",0.58,0.4931506849315068,2701
CDS,"ENSG00000125962[1,9,1]|retro_human_8648|chrX:101044419-101049164(+)",0.57,0.433587786259542,2620
CDS,"ENSG00000102128[1,1,1]|retro_human_3193|chrX:101382180-101383309(+)",0.59,0.5518157661647476,1129
CDS,"ENSG00000234405[2,2,1]|retro_human_1270|chrX:101944483-101947378(+)",0.51,0.5409836065573771,732
CDS,"ENSG00000157502[2,3,1]|retro_human_1570|chrX:104633666-104640987(+)",0.53,0.3834401182848694,4058
CDS,"ENSG00000133136[2,2,2]|retro_human_7205|GNG5P2-201|processed_pseudogene|chrX:108794562-108794869(-)",0.65,0.5211726384364821,307
CDS,"ENSG00000225366[2,1,2]|retro_human_594|TDGF1P3-201|transcribed_processed_pseudogene|chrX:108968983-108969650(+)",0.43,0.5097451274362819,667
CDS,"ENSG00000177485[1,1,2]|retro_human_9990|chrX:118625758-118630544(+)",0.74,0.4318923327895595,2452
CDS,"ENSG00000182890[1,1,1]|retro_human_10015|chrX:119347418-119350003(+)",0.66,0.4808510638297872,2585
CDS,"ENSG00000198354[2,1,1]|retro_human_6809|chrX:124476155-124478854(-)",0.68,0.5472397184142275,2699
CDS,"ENSG00000198889[1,1,1]|retro_human_6811|chrX:124862072-124865604(-)",0.71,0.48214804063860667,3445
CDS,"ENSG00000183434[1,1,1]|retro_human_11009|chrX:131541343-131543136(-)",0.59,0.4807585052983826,1793
CDS,"ENSG00000184785[1,1,2]|retro_human_9509|chrX:133316307-133317131(+)",0.73,0.5194174757281553,824
CDS,"ENSG00000230707[1,1,2]|retro_human_2151|AL589987.1-201|processed_pseudogene|chrX:138403552-138404536(+)",0.71,0.6199186991869918,984
CDS,"ENSG00000179542[5,3,4]|retro_human_9723|chrX:141937990-141944374(-)",0.82,0.44690431519699814,2665
CDS,"ENSG00000156009[1,1,1]|retro_human_10863|chrX:148146788-148151583(+)",0.66,0.5188825659596482,1933
CDS,"ENSG00000147381[12,18,1]|retro_human_10872|chrX:150185868-150191450(+)",0.6,0.5053460889138999,1777
CDS,"ENSG00000221867[1,2,2]|retro_human_10885|chrX:150965289-150968050(+)",0.67,0.5928646379853095,953
CDS,"ENSG00000198681[1,1,1]|retro_human_2570|chrX:151483573-151488270(-)",0.59,0.507454445057979,1811
CDS,"ENSG00000278803[2,1,1]|retro_human_1860|AC152010.1-201|processed_pseudogene|chrX:151544319-151545382(+)",0.57,0.5333960489181562,1063
CDS,"ENSG00000274183[1,1,1]|retro_human_3026|chrX:153121329-153122016(+)",0.61,0.6317321688500728,687
CDS,"ENSG00000277858[1,1,2]|retro_human_2410|chrX:153618668-153619194(+)",0.61,0.6406844106463878,526
CDS,"ENSG00000178372[1,1,1]|retro_human_2049|chr10:5501883-5502857(-)",0.61,0.6632443531827515,974
CDS,"ENSG00000178363[1,1,2]|retro_human_4862|chr10:5528178-5529580(+)",0.68,0.630527817403709,1402
CDS,"ENSG00000177283[1,1,1]|retro_human_7134|chr10:35668350-35672501(-)",0.69,0.6444230305950374,4151
CDS,"ENSG00000169813[3,9,2]|retro_human_117|chr10:44264960-44276385(-)",0.7,0.49746621621621623,2368
CDS,"ENSG00000165512[1,1,2]|retro_human_1340|chr10:45881828-45885083(+)",0.76,0.46750524109014674,954
CDS,"ENSG00000228702[1,1,1]|retro_human_5882|AL645998.1-201|processed_pseudogene|chr10:46606630-46607075(-)",0.37,0.449438202247191,445
CDS,"ENSG00000204174[1,2,1]|retro_human_5878|chr10:47347088-47352048(-)",0.75,0.5857359635811836,1977
CDS,"ENSG00000264717[1,2,1]|retro_human_7760|chr10:48767564-48772446(+)",0.78,0.578421052631579,1900
CDS,"ENSG00000187714[1,1,1]|retro_human_7758|chr10:50459065-50461576(+)",0.69,0.669852648347272,2511
CDS,"ENSG00000177613[3,1,2]|retro_human_270|chr10:52544897-52547233(-)",0.57,0.3882705479452055,2336
CDS,"ENSG00000253626[1,1,1]|retro_human_8512|chr10:80381612-80385620(+)",0.58,0.4593313373253493,4008
CDS,"ENSG00000235376[1,1,1]|retro_human_3806|chr10:104132151-104134381(+)",0.43,0.4013452914798206,2230
CDS,"ENSG00000150594[2,1,1]|retro_human_9284|chr10:111960957-111964802(+)",0.75,0.5906371911573473,3845
CDS,"ENSG00000043591[3,1,2]|retro_human_3402|chr10:114936120-114938320(+)",0.67,0.5745454545454546,2200
CDS,"ENSG00000119973[2,2,2]|retro_human_8865|chr10:119489183-119490558(-)",0.5,0.6429090909090909,1375
CDS,"ENSG00000205864[1,1,1]|retro_human_9690|chr11:1782683-1783344(+)",0.6,0.6066565809379728,661
CDS,"ENSG00000284306[1,1,1]|retro_human_9304|chr11:4307063-4307748(-)",0.6,0.5007299270072992,685
CDS,"ENSG00000283873[1,1,1]|retro_human_9301|chr11:4352522-4353207(-)",0.6,0.5036496350364964,685
CDS,"ENSG00000284546[1,1,1]|retro_human_5000|chr11:4394901-4395586(+)",0.59,0.4992700729927007,685
CDS,"ENSG00000284438[1,1,1]|retro_human_9302|chr11:4403696-4404381(-)",0.6,0.5036496350364964,685
CDS,"ENSG00000175518[1,1,1]|retro_human_3934|chr11:5573684-5576091(-)",0.55,0.5051931865392605,2407
CDS,"ENSG00000170748[1,1,2]|retro_human_4723|chr11:7147682-7149685(+)",0.75,0.5811283075386919,2003
CDS,"ENSG00000254598[1,1,1]|retro_human_8352|chr11:11440812-11442221(-)",0.58,0.47622427253371186,1409
CDS,"ENSG00000187486[6,1,3]|retro_human_8584|chr11:17483408-17485061(-)",0.66,0.617059891107078,1653
CDS,"ENSG00000176697[2,2,1]|retro_human_2758|chr11:27795250-27800117(-)",0.5,0.4045613314156565,4867
CDS,"ENSG00000182255[3,1,4]|retro_human_2754|chr11:30144575-30150773(-)",0.52,0.4826804791194561,3089
CDS,"ENSG00000180720[2,2,2]|retro_human_5596|chr11:46541122-46542733(-)",0.57,0.606455617628802,1611
CDS,"ENSG00000185670[1,3,3]|retro_human_6851|chr11:62742653-62743620(-)",0.6,0.5798922800718133,557
CDS,"ENSG00000257002[1,1,1]|retro_human_2977|chr11:62898855-62907770(+)",0.58,0.5606595995288575,849
CDS,"ENSG00000198488[1,1,1]|retro_human_11168|chr11:76964700-76972385(+)",0.51,0.6311947752593162,2603
CDS,"ENSG00000235268[1,1,1]|retro_human_8710|chr11:95032244-95034683(+)",0.56,0.5088150881508815,2439
CDS,"ENSG00000263465[3,2,2]|retro_human_2401|chr11:95074190-95076183(+)",0.71,0.5542406311637081,1521
CDS,"ENSG00000188486[1,2,1]|retro_human_1926|chr11:119114206-119115898(-)",0.65,0.6599732262382865,1494
CDS,"ENSG00000151079[2,1,1]|retro_human_4713|chr12:4816144-4820388(+)",0.6,0.5706880301602262,4244
CDS,"ENSG00000111262[1,1,2]|retro_human_4718|chr12:4916901-4920185(+)",0.63,0.5769626328419609,2917
CDS,"ENSG00000130037[2,1,1]|retro_human_4710|chr12:5051797-5053206(+)",0.59,0.47693399574166073,1409
CDS,"ENSG00000246705[1,1,1]|retro_human_8479|chr12:14651703-14652423(+)",0.61,0.6291666666666667,720
CDS,"ENSG00000188375[1,1,1]|retro_human_10076|chr12:31668009-31669222(-)",0.54,0.45671887881286066,1213
CDS,"ENSG00000226138[1,1,1]|retro_human_176|AC004801.1-201|processed_pseudogene|chr12:48046372-48046832(+)",0.59,0.5630434782608695,460
CDS,"ENSG00000237176[1,1,1]|AC079905.1-201|processed_pseudogene|chr12:59788626-59789201(+)",0.47,0.542608695652174,575
CDS,"ENSG00000213442[1,1,1]|retro_human_9172|RPL18AP3-201|processed_pseudogene|chr12:104226968-104227596(+)",0.57,0.6003184713375797,628
CDS,"ENSG00000255150[1,1,1]|retro_human_9170|chr12:104265406-104266973(+)",0.76,0.45373324824505423,1567
CDS,"ENSG00000150991[1,22,1]|retro_human_3677|chr12:124916753-124919908(-)",0.59,0.5124536301006889,1887
CDS,"ENSG00000150991[6,15,1]|retro_human_3674|chr12:124916753-124919033(-)",0.43,0.5077972709551657,2052
CDS,"ENSG00000150991[3,6,3]|retro_human_3680|chr12:124918447-124919399(-)",0.64,0.5637119113573407,722
CDS,"ENSG00000150991[3,6,3]|retro_human_3679|chr12:124918447-124919399(-)",0.64,0.5637119113573407,722
CDS,"ENSG00000111432[2,1,1]|retro_human_932|chr12:130200372-130202933(+)",0.64,0.5396329558766108,2561
CDS,"ENSG00000165474[1,1,2]|retro_human_10913|chr13:19384181-19389418(-)",0.74,0.4839650145772595,2058
CDS,"ENSG00000151846[2,1,1]|retro_human_310|chr13:24304601-24308088(+)",0.38,0.41267565242328647,3487
CDS,"ENSG00000236444[2,2,2]|retro_human_679|chr13:29650356-29650921(+)",0.53,0.4743362831858407,565
CDS,"ENSG00000180332[2,2,3]|retro_human_6849|chr13:44413524-44414818(-)",0.54,0.4142194744976816,1294
CDS,"ENSG00000152213[1,1,3]|retro_human_7803|chr13:48847376-48850406(+)",0.57,0.5501644736842105,1216
CDS,"ENSG00000253710[1,7,11]|retro_human_2041|chr13:51227156-51245950(+)",0.59,0.46596324029952346,2938
CDS,"ENSG00000139675[1,1,1]|retro_human_2037|chr13:51857848-51859291(+)",0.44,0.4483714483714484,1443
CDS,"ENSG00000176435[1,1,1]|retro_human_3706|chr14:32442639-32444833(-)",0.66,0.5715587967183227,2194
CDS,"ENSG00000165496[1,1,1]|retro_human_7861|chr14:40849775-40850647(-)",0.58,0.5,872
CDS,"ENSG00000165502[1,1,2]|retro_human_2019|chr14:43816864-43818900(-)",0.59,0.44878048780487806,615
CDS,"ENSG00000165527[1,4,2]|retro_human_5534|chr14:44098244-44100029(+)",0.71,0.5710041592394534,1683
CDS,"ENSG00000182107[1,1,5]|retro_human_4824|chr14:55484530-55488131(-)",0.56,0.506803665648431,3601
CDS,"ENSG00000126803[1,1,1]|retro_human_3340|chr14:58748488-58751085(+)",0.62,0.5467847516365036,2597
CDS,"ENSG00000170468[2,1,1]|retro_human_2261|chr14:67699674-67701404(+)",0.59,0.5156069364161849,1730
CDS,"ENSG00000197406[1,1,1]|retro_human_6110|chr14:95796554-95798756(+)",0.77,0.6112624886466849,2202
CDS,"ENSG00000179627[2,3,2]|retro_human_436|chr14:99043422-99045413(+)",0.86,0.6804201050262566,1333
CDS,"ENSG00000179455[1,3,6]|retro_human_3818|chr15:21300037-21309956(+)",0.6,0.5664251207729468,828
CDS,"ENSG00000254585[2,1,1]|retro_human_2026|chr15:21377919-21379335(-)",0.7,0.4774011299435028,1416
CDS,"ENSG00000185115[2,1,3]|retro_human_7858|chr15:27046710-27047413(-)",0.59,0.42105263157894735,703
CDS,"ENSG00000255192[2,2,2]|retro_human_1636|chr15:32889345-32890363(-)",0.43,0.47525773195876286,970
CDS,"ENSG00000230778[2,1,2]|retro_human_8253|chr15:38088306-38089549(-)",0.77,0.7425583266291231,1243
CDS,"ENSG00000168806[4,1,4]|retro_human_7317|chr15:41135034-41137634(-)",0.68,0.5038461538461538,2600
CDS,"ENSG00000171989[1,1,1]|retro_human_1547|chr15:57008866-57010712(+)",0.69,0.4247020585048754,1846
CDS,"ENSG00000140297[6,10,7]|retro_human_1548|chr15:57419581-57420440(+)",0.56,0.4954367666232073,767
CDS,"ENSG00000171956[1,1,1]|retro_human_1544|chr15:57805869-57809183(+)",0.57,0.5725991478203868,3051
CDS,"ENSG00000234438[1,1,1]|retro_human_7414|chr15:62886113-62889416(+)",0.58,0.5979412655161974,3303
CDS,"ENSG00000162009[2,2,2]|retro_human_5021|chr16:1090532-1091949(+)",0.63,0.6767819336626676,1417
CDS,"ENSG00000213937[3,1,1]|retro_human_10520|chr16:3039688-3041127(+)",0.61,0.6435024322446143,1439
CDS,"ENSG00000184697[1,3,1]|retro_human_1644|chr16:3041233-3044805(-)",0.59,0.5632823365785814,719
CDS,"ENSG00000185338[1,1,1]|retro_human_4407|chr16:11290596-11292483(-)",0.75,0.6522064323111444,1337
CDS,"ENSG00000179918[1,1,2]|retro_human_1036|chr16:30830199-30832163(-)",0.57,0.5325865580448065,1964
CDS,"ENSG00000279800[1,1,1]|retro_human_11139|BCLAF1P2-201|processed_pseudogene|chr16:35842049-35844758(-)",0.4,0.4234034699150978,2709
CDS,"ENSG00000224578[2,2,2]|retro_human_255|chr16:57443553-57445029(+)",0.43,0.4410569105691057,1476
CDS,"ENSG00000256812[1,1,1]|retro_human_261|chr16:61364764-61365868(+)",0.4,0.45018115942028986,1104
CDS,"ENSG00000166188[3,1,1]|retro_human_107|chr16:63789910-63795197(-)",0.55,0.5935543705077673,4313
CDS,"ENSG00000237172[1,1,2]|retro_human_2249|chr16:72943458-72945340(-)",0.7,0.6909413854351687,1689
CDS,"ENSG00000182810[1,1,2]|retro_human_2252|chr16:73817003-73819062(-)",0.67,0.5784361340456532,2059
CDS,"ENSG00000223496[1,1,6]|retro_human_5383|chr16:76061082-76062983(-)",0.65,0.6102051551814834,1901
CDS,"ENSG00000260014[1,1,1]|retro_human_564|LSM3P5-201|processed_pseudogene|chr16:84411680-84412086(+)",0.53,0.4458128078817734,406
CDS,"ENSG00000213859[4,1,1]|retro_human_2229|chr17:7256825-7258985(+)",0.63,0.5787037037037037,2160
CDS,"ENSG00000170315[1,8,1]|retro_human_6425|chr17:16283358-16285113(+)",0.55,0.49569707401032703,581
CDS,"ENSG00000170315[1,8,1]|retro_human_6218|chr17:16283358-16285113(+)",0.55,0.49569707401032703,581
CDS,"ENSG00000126861[1,1,1]|retro_human_8771|chr17:32240209-32242974(-)",0.52,0.3882896764252696,1947
CDS,"ENSG00000276023[3,3,1]|retro_human_473|chr17:38496507-38500233(+)",0.38,0.4856895056374675,2306
CDS,"ENSG00000183153[2,1,2]|retro_human_9329|chr17:41226392-41227377(-)",0.73,0.7441624365482233,985
CDS,"ENSG00000212724[1,1,1]|retro_human_3073|chr17:41923804-41924779(-)",0.52,0.5353846153846153,975
CDS,"ENSG00000175906[1,1,2]|retro_human_9674|chr17:44248706-44250747(+)",0.67,0.5630936227951153,1474
CDS,"ENSG00000180340[3,1,2]|retro_human_924|chr17:45412043-45413526(+)",0.79,0.6048550236008091,1483
CDS,"ENSG00000182963[2,2,2]|retro_human_8951|chr17:45656934-45661886(-)",0.52,0.4223858615611193,3395
CDS,"ENSG00000141232[1,3,3]|retro_human_3855|chr17:51730456-51733548(-)",0.74,0.5621840242669363,989
CDS,"ENSG00000123700[1,1,3]|retro_human_4738|chr17:71047802-71054495(+)",0.71,0.4952259707192871,1571
CDS,"ENSG00000180616[1,1,3]|retro_human_10241|chr17:74054750-74060546(+)",0.77,0.5447198275862069,1856
CDS,"ENSG00000184557[1,1,1]|retro_human_6499|chr17:79250249-79253649(-)",0.79,0.6072688779110798,2834
CDS,"ENSG00000177143[1,1,1]|retro_human_715|chr18:734724-736559(+)",0.77,0.4452316076294278,1835
CDS,"ENSG00000255112[1,1,2]|retro_human_10813|chr18:12013622-12015005(+)",0.6,0.47143890093998553,1383
CDS,"ENSG00000212710[1,1,1]|retro_human_2509|chr18:22599871-22604288(-)",0.61,0.38397102105501474,4417
CDS,"ENSG00000171451[1,1,5]|retro_human_3102|chr18:67731346-67735362(-)",0.79,0.44049508092668993,3151
CDS,"ENSG00000125910[4,1,1]|retro_human_8192|chr19:3154116-3155210(+)",0.68,0.6617915904936015,1094
CDS,"ENSG00000141965[2,1,2]|retro_human_4374|chr19:4778861-4781063(+)",0.62,0.5358764759309719,2202
CDS,"ENSG00000180739[1,1,2]|retro_human_6257|chr19:10639333-10643939(-)",0.77,0.6084821428571429,2240
CDS,"ENSG00000177599[1,1,5]|retro_human_1987|chr19:11926673-11936344(+)",0.66,0.44336695112490304,2578
CDS,"ENSG00000171295[4,6,4]|retro_human_1985|chr19:11958137-11959953(+)",0.45,0.44178454842219805,919
CDS,"ENSG00000197054[2,5,3]|retro_human_7056|chr19:12104964-12106773(+)",0.44,0.4352557127312296,919
CDS,"ENSG00000283980[1,1,1]|retro_human_1601|chr19:12812447-12812972(+)",0.64,0.6076190476190476,525
CDS,"ENSG00000178093[1,1,1]|retro_human_10354|chr19:19651655-19653085(-)",0.57,0.6552447552447552,1430
CDS,"ENSG00000177191[1,3,2]|retro_human_8872|chr19:44247241-44248660(-)",0.73,0.6573913043478261,575
CDS,"ENSG00000171051[2,3,3]|retro_human_4964|chr19:54833563-54838055(-)",0.41,0.501187648456057,842
CDS,"ENSG00000171049[1,2,2]|retro_human_9599|chr19:54848323-54857257(+)",0.55,0.4815035799522673,1676
CDS,"ENSG00000167766[7,22,1]|retro_human_7418|chr19:55696776-55702111(-)",0.5,0.4066626650660264,3332
CDS,"ENSG00000189190[2,5,4]|retro_human_3909|chr19:55849926-55871327(-)",0.73,0.41870992078460956,2651
CDS,"ENSG00000198538[1,9,1]|retro_human_7401|chr19:55881811-55906049(-)",0.72,0.39451570101724903,4522
CDS,"ENSG00000196417[1,5,11]|retro_human_9636|chr19:56474591-56490252(+)",0.73,0.3946962688868332,3243
CDS,"ENSG00000261221[1,1,1]|retro_human_10694|chr19:58701538-58713261(+)",0.85,0.7098110276986798,3863
CDS,"ENSG00000127903[1,2,3]|retro_human_1271|chr19:59756748-59765943(-)",0.74,0.6072916666666667,2880
CDS,"ENSG00000256060[1,1,3]|retro_human_5585|chr19:60460530-60462217(+)",0.59,0.47643979057591623,573
CDS,"ENSG00000152454[1,2,1]|retro_human_1505|chr19:61037707-61044681(-)",0.61,0.4614678899082569,2180
CDS,"ENSG00000174586[1,2,2]|retro_human_7097|chr19:61451926-61459306(-)",0.71,0.672596357475646,2361
CDS,"ENSG00000152475[1,1,1]|retro_human_7102|chr19:61463978-61477470(-)",0.79,0.7041564792176039,2045
CDS,"ENSG00000132671[1,1,2]|retro_human_4755|chr20:23094742-23096343(+)",0.83,0.670206121174266,1601
CDS,"ENSG00000178726[1,1,3]|retro_human_3786|chr20:23106541-23109203(-)",0.67,0.6348610067618332,2662
CDS,"ENSG00000132661[1,1,1]|retro_human_4754|chr20:23410282-23414363(+)",0.77,0.5576592082616179,1162
CDS,"ENSG00000101898[1,1,1]|retro_human_4077|chr20:33271585-33272355(+)",0.69,0.45584415584415583,770
CDS,"ENSG00000179772[1,1,1]|retro_human_4199|chr20:33568860-33570262(-)",0.67,0.6426533523537803,1402
CDS,"ENSG00000132825[2,1,3]|retro_human_9494|chr20:61722802-61724077(-)",0.83,0.6266666666666667,1275
CDS,"ENSG00000268858[3,1,1]|retro_human_5843|chr20:65681004-65682429(-)",0.68,0.671578947368421,1425
CDS,"ENSG00000274559[1,1,1]|retro_human_487|chr21:41920682-41921242(+)",0.45,0.5589285714285714,560
CDS,"ENSG00000156284[1,1,2]|retro_human_8843|chr21:28580145-28582014(-)",0.47,0.39058319957196364,1869
CDS,"ENSG00000159261[2,2,1]|retro_human_4970|chr21:34843171-34849092(-)",0.52,0.5830202854996244,1331
CDS,"ENSG00000157551[5,20,6]|retro_human_7678|chr21:36679939-36683214(+)",0.44,0.5189542483660131,765
CDS,"ENSG00000275793[1,1,1]|retro_human_9293|chr22:21796869-21803074(+)",0.57,0.6222401289282836,6205
CDS,"ENSG00000206203[2,1,1]|retro_human_10249|chr22:19505371-19507286(+)",0.44,0.5723237597911227,1915
CDS,"ENSG00000184113[1,1,1]|retro_human_3800|chr22:19899814-19901301(-)",0.67,0.6745124411566913,1487
CDS,"ENSG00000183246[1,1,1]|retro_human_8882|chr22:21959092-21964985(-)",0.57,0.6298998812150008,5893
CDS,"ENSG00000275004[2,2,2]|retro_human_3395|chr22:22907649-22912360(-)",0.38,0.4027161138678506,3829
CDS,"ENSG00000169548[1,1,1]|retro_human_3396|chr22:22936535-22943191(-)",0.54,0.4470640569395018,2248
CDS,"ENSG00000187792[1,1,1]|retro_human_6376|chr22:24185828-24198355(-)",0.84,0.5154097429342422,7041
CDS,"ENSG00000278195[3,1,1]|retro_human_2631|chr22:37664104-37672288(-)",0.54,0.605382233865206,4199
CDS,"ENSG00000172404[1,1,1]|retro_human_7741|chr22:41331690-41334355(-)",0.38,0.3654784240150094,2665
CDS,"ENSG00000285531[1,1,1]|retro_human_2271|Z83840.1-201|processed_pseudogene|chr22:42155673-42156154(-)",0.4,0.4074844074844075,481
CDS,"ENSG00000249222[1,1,1]|retro_human_2275|chr22:43120623-43121526(-)",0.51,0.45071982281284606,903
CDS,"ENSG00000128274[3,3,1]|retro_human_2276|chr22:43172934-43176549(-)",0.55,0.629245283018868,2120
CDS,"ENSG00000272821[1,1,1]|retro_human_10565|chr22:51034440-51035395(+)",0.64,0.612565445026178,955
