chr1	2523036	2524573	ENSG00000169717[1,1,1]	0	+	2523306	2524437	0	1	1537,	0,	chr1	2523328	2524437	retro_human_6556	0	+	ACTRT2	1109
chr1	15251886	15252467	ENSG00000233954[1,1,1]	0	-	15252144	15252417	0	1	581,	0,	chr1	15252145	15252417	retro_human_339	0	-	UQCRHL	272
chr1	15251886	15254164	ENSG00000233954[2,1,1]	0	-	15252144	15252417	0	1	2278,	0,	chr1	15252145	15252417	retro_human_339	0	-	UQCRHL	272
chr1	23017521	23020457	ENSG00000179546[2,2,1]	0	-	23018766	23019897	0	1	2936,	0,	chr1	23018791	23019798	retro_human_10542	0	-	HTR1D	1007
chr1	25696962	25701342	ENSG00000236528[1,3,3]	0	+	25696962	25696962	255	2	346,1840,	0,2540,	chr1	25700368	25701204	retro_human_10536	0	-	PAQR7	836
chr1	26701173	26702577	ENSG00000175793[1,1,1]	0	+	26701287	26702031	0	1	1404,	0,	chr1	26701288	26701986	retro_human_10136	0	+	SFN	698
chr1	34617634	34621200	ENSG00000189280[1,2,1]	0	+	34619968	34620787	255	2	199,1253,	0,2313,	chr1	34619993	34620586	retro_human_5602	0	+	GJB5	593
chr1	34617634	34621200	ENSG00000189280[1,1,1]	0	+	34619968	34620787	0	2	199,1256,	0,2310,	chr1	34619993	34620586	retro_human_5602	0	+	GJB5	593
chr1	34643792	34649048	ENSG00000188910[1,1,1]	0	+	34647391	34648201	0	2	615,1682,	0,3574,	chr1	34647395	34648018	retro_human_5603	0	+	GJB3	623
chr1	34644044	34649048	ENSG00000188910[3,1,1]	0	+	34647391	34648201	0	2	363,1682,	0,3322,	chr1	34647395	34648018	retro_human_5603	0	+	GJB3	623
chr1	34644856	34649048	ENSG00000188910[2,2,1]	0	+	34647391	34648201	0	2	215,1682,	0,2510,	chr1	34647395	34648018	retro_human_5603	0	+	GJB3	623
chr1	34655577	34658424	ENSG00000187513[1,2,1]	0	+	34656842	34657841	0	2	120,1694,	0,1153,	chr1	34656843	34657460	retro_human_5600	0	+	GJA4	617
chr1	34655577	34658424	ENSG00000187513[1,1,1]	0	+	34656842	34657841	0	2	120,1599,	0,1248,	chr1	34656843	34657460	retro_human_5600	0	+	GJA4	617
chr1	37911738	37914021	ENSG00000185668[1,1,2]	0	-	37912568	37913921	0	1	2283,	0,	chr1	37912698	37913180	retro_human_4650	0	-	POU3F1	482
chr1	38740632	38743518	ENSG00000228436[2,5,3]	0	+	38740632	38740632	0	2	188,336,	0,2550,	chr1	38742651	38743340	retro_human_4648	0	-	GJA9	689
chr1	38741642	38743643	ENSG00000131233[2,2,2]	0	-	38741795	38743340	0	1	2001,	0,	chr1	38742651	38743340	retro_human_4648	0	-	GJA9	689
chr1	39638917	39641082	ENSG00000198754[2,1,1]	0	-	39639149	39640700	0	1	2165,	0,	chr1	39639153	39640700	retro_human_5887	0	-	OXCT2	1547
chr1	39638917	39640843	ENSG00000198754[1,1,1]	0	-	39639149	39640700	0	1	1926,	0,	chr1	39639153	39640700	retro_human_5887	0	-	OXCT2	1547
chr1	44676996	44677879	ENSG00000188396[2,3,1]	0	-	44677159	44677822	0	1	883,	0,	chr1	44677166	44677552	retro_human_6704	0	-	DYNLT4	386
chr1	58453346	58455266	ENSG00000184292[1,1,1]	0	-	58454151	58455120	0	1	1920,	0,	chr1	58454161	58455030	retro_human_2309	0	-	TACSTD2	869
chr1	58453346	58455787	ENSG00000184292[2,1,1]	0	-	58454151	58455120	0	1	2441,	0,	chr1	58454161	58455030	retro_human_2309	0	-	TACSTD2	869
chr1	67923296	67928136	ENSG00000162595[1,1,1]	0	-	67924071	67924758	0	2	1527,130,	0,4710,	chr1	67924072	67924647	retro_human_6883	0	-	DIRAS3	575
chr1	67923645	67929226	ENSG00000162595[2,1,2]	0	-	67924071	67924758	0	2	1178,1220,	0,4361,	chr1	67924072	67924647	retro_human_6883	0	-	DIRAS3	575
chr1	67923645	67928136	ENSG00000162595[1,1,2]	0	-	67924071	67924758	0	2	1178,130,	0,4361,	chr1	67924072	67924647	retro_human_6883	0	-	DIRAS3	575
chr1	101085675	101091224	ENSG00000170989[1,6,4]	0	+	101085675	101085675	0	3	285,84,334,	0,4874,5215,	chr1	101087930	101088892	retro_human_421	0	+	S1PR1	962
chr1	101085675	101092627	ENSG00000170989[1,6,3]	0	+	101091676	101091910	0	3	285,84,1737,	0,4874,5215,	chr1	101087930	101088892	retro_human_421	0	+	S1PR1	962
chr1	101085675	101091224	ENSG00000170989[1,5,4]	0	+	101087845	101088991	0	2	177,3542,	0,2007,	chr1	101087930	101088892	retro_human_421	0	+	S1PR1	962
chr1	101085675	101090429	ENSG00000170989[1,5,1]	0	+	101087845	101088991	0	2	177,2747,	0,2007,	chr1	101087930	101088892	retro_human_421	0	+	S1PR1	962
chr1	101085675	101088430	ENSG00000170989[1,5,2]	0	+	101085675	101085675	0	2	177,748,	0,2007,	chr1	101087930	101088892	retro_human_421	0	+	S1PR1	500
chr1	101085675	101091224	ENSG00000170989[1,1,4]	0	+	101087845	101088991	0	2	285,3542,	0,2007,	chr1	101087930	101088892	retro_human_421	0	+	S1PR1	962
chr1	101085675	101090429	ENSG00000170989[1,1,1]	0	+	101087845	101088991	0	2	285,2747,	0,2007,	chr1	101087930	101088892	retro_human_421	0	+	S1PR1	962
chr1	101086308	101090429	ENSG00000170989[2,2,1]	0	+	101087845	101088991	0	2	318,2747,	0,1374,	chr1	101087930	101088892	retro_human_421	0	+	S1PR1	962
chr1	101086900	101090429	ENSG00000170989[3,3,1]	0	+	101087845	101088991	0	2	212,2747,	0,782,	chr1	101087930	101088892	retro_human_421	0	+	S1PR1	962
chr1	101087145	101090429	ENSG00000170989[4,4,1]	0	+	101087845	101088991	0	2	141,2747,	0,537,	chr1	101087930	101088892	retro_human_421	0	+	S1PR1	962
chr1	107094076	107100291	ENSG00000198890[1,2,6]	0	+	107094168	107095293	0	2	1284,2641,	0,3574,	chr1	107094295	107095272	retro_human_5367	0	+	PRMT6	977
chr1	107094076	107098668	ENSG00000198890[1,2,5]	0	+	107094168	107095293	0	2	1284,1018,	0,3574,	chr1	107094295	107095272	retro_human_5367	0	+	PRMT6	977
chr1	107094076	107098668	ENSG00000198890[1,1,5]	0	+	107094168	107095293	0	1	4592,	0,	chr1	107094295	107095272	retro_human_5367	0	+	PRMT6	977
chr1	107094076	107096544	ENSG00000198890[1,1,4]	0	+	107094168	107095293	0	1	2468,	0,	chr1	107094295	107095272	retro_human_5367	0	+	PRMT6	977
chr1	107094076	107096797	ENSG00000198890[1,1,1]	0	+	107094168	107095293	0	1	2721,	0,	chr1	107094295	107095272	retro_human_5367	0	+	PRMT6	977
chr1	107094839	107098137	ENSG00000198890[3,2,2]	0	+	107094858	107095293	0	2	521,487,	0,2811,	chr1	107094295	107095272	retro_human_5367	0	+	PRMT6	433
chr1	109572544	109578617	ENSG00000156097[1,3,2]	0	+	109575745	109577098	0	3	132,2218,584,	0,2600,5489,	chr1	109575893	109576819	retro_human_34	0	+	GPR61	926
chr1	110122515	110124120	ENSG00000186150[1,1,1]	0	+	110122657	110123179	0	1	1605,	0,	chr1	110122658	110123071	retro_human_36	0	+	UBL4B	413
chr1	110532204	110534265	ENSG00000143105[1,1,1]	0	-	110532294	110533827	0	1	2061,	0,	chr1	110532427	110533566	retro_human_7084	0	-	KCNA10	1139
chr1	110687157	110689733	ENSG00000177272[1,1,1]	0	-	110687827	110689552	0	1	2576,	0,	chr1	110688047	110689237	retro_human_1264	0	-	KCNA3	1190
chr1	142976269	142978046	ENSG00000273213[1,2,4]	0	-	142977577	142977985	0	2	340,473,	0,1304,	chr1	142977577	142977985	retro_human_1631	0	-	H3-7	408
chr1	145076205	145079460	ENSG00000272031[2,4,1]	0	-	145077086	145078574	255	2	2489,225,	0,3030,	chr1	145078182	145078553	retro_human_5387	0	-	ANKRD34A	371
chr1	147047014	147051518	ENSG00000265107[1,1,1]	0	+	147048428	147049502	0	2	154,3123,	0,1381,	chr1	147048429	147049133	retro_human_2518	0	+	GJA5	704
chr1	147047014	147050622	ENSG00000265107[1,1,3]	0	+	147048428	147049502	0	2	154,2227,	0,1381,	chr1	147048429	147049133	retro_human_2518	0	+	GJA5	704
chr1	145415551	145416957	ENSG00000177144[1,1,2]	0	+	145415760	145416303	0	1	1406,	0,	chr1	145415760	145416306	retro_human_8359|NUDT4P2-201|processed_pseudogene	0	+	NUDT4B	546
chr1	148937309	148937878	ENSG00000183598[1,1,1]	0	-	148937408	148937816	0	1	569,	0,	chr1	148937408	148937816	retro_human_9311	0	-	H3C13	408
chr1	148963637	148965408	ENSG00000203811[1,1,2]	0	-	148964899	148965307	0	1	1771,	0,	chr1	148964899	148965307	retro_human_9310	0	-	H3C14	408
chr1	148976692	148978459	ENSG00000203852[1,1,2]	0	+	148976789	148977197	0	1	1767,	0,	chr1	148976789	148977197	retro_human_8747	0	+	H3C15	408
chr1	149008546	149010870	ENSG00000184678[1,1,1]	0	-	149010400	149010778	0	1	2324,	0,	chr1	149010400	149010679	retro_human_9307	0	-	H2BC21	279
chr1	149011005	149011599	ENSG00000184260[1,1,1]	0	+	149011112	149011499	0	1	594,	0,	chr1	149011160	149011472	retro_human_8748	0	+	H2AC20	312
chr1	149011556	149012153	ENSG00000184270[1,1,1]	0	-	149011664	149012054	0	1	597,	0,	chr1	149011694	149011928	retro_human_9306	0	-	H2AC21	234
chr1	149023659	149024990	ENSG00000178096[1,4,1]	0	+	149024575	149024701	0	2	155,726,	0,605,	chr1	149024307	149024543	retro_human_8745	0	+	BOLA1	236
chr1	149023659	149024990	ENSG00000178096[1,1,1]	0	+	149024201	149024612	0	2	155,839,	0,492,	chr1	149024307	149024543	retro_human_8745	0	+	BOLA1	236
chr1	149023659	149024990	ENSG00000178096[1,3,1]	0	+	149024201	149024612	0	2	213,1006,	0,325,	chr1	149024307	149024543	retro_human_8745	0	+	BOLA1	236
chr1	159175286	159179624	ENSG00000177807[5,8,2]	0	-	159177605	159179602	0	2	2385,721,	0,3617,	chr1	159178586	159179527	retro_human_4130	0	-	KCNJ10	941
chr1	160786874	160789572	ENSG00000173110[2,1,1]	0	+	160787286	160789215	0	1	2698,	0,	chr1	160787308	160789125	retro_human_8957	0	+	HSPA6	1817
chr1	160787117	160789572	ENSG00000173110[1,1,1]	0	+	160787286	160789215	0	1	2455,	0,	chr1	160787308	160789125	retro_human_8957	0	+	HSPA6	1817
chr1	160787367	160789572	ENSG00000173110[3,1,1]	0	+	160787550	160789215	0	1	2205,	0,	chr1	160787308	160789125	retro_human_8957	0	+	HSPA6	1758
chr1	181409885	181417130	ENSG00000179930[1,1,1]	0	-	181411672	181413376	0	2	3554,195,	0,7050,	chr1	181411715	181412644	retro_human_6302	0	-	ZNF648	929
chr1	218845837	218848373	ENSG00000215817[2,2,2]	0	-	218845837	218845837	0	1	2536,	0,	chr1	218845960	218848323	retro_human_2854	0	-	ZC3H11B	2363
chr1	227613306	227613922	ENSG00000168148[1,1,1]	0	-	227613429	227613837	0	1	616,	0,	chr1	227613429	227613837	retro_human_3664	0	-	H3-4	408
chr1	227645440	227646435	ENSG00000181218[1,1,2]	0	-	227645939	227646329	0	1	995,	0,	chr1	227645952	227646263	retro_human_9130	0	-	H2AC25	311
chr1	227646564	227649032	ENSG00000196890[1,1,4]	0	+	227646641	227647019	0	1	2468,	0,	chr1	227646740	227647019	retro_human_2742	0	+	H2BC26	279
chr1	236415065	236415504	ENSG00000244020[1,1,1]	0	-	236415202	236415385	0	1	439,	0,	chr1	236415202	236415385	retro_human_7485	0	-	MT1HL1	183
chr1	238465099	238465355	ENSG00000227854[1,1,1]	0	-	238465099	238465099	0	1	256,	0,	chr1	238465149	238465305	retro_human_7491|AL590135.1-201|processed_pseudogene	0	-	LOC124905752	156
chr1	241040277	241051893	ENSG00000203668[1,4,1]	0	-	241045272	241047240	255	2	6991,538,	0,11078,	chr1	241045285	241047240	retro_human_6262	0	-	CHML	1955
chr1	241040277	241051893	ENSG00000203668[1,2,1]	0	-	241045272	241047240	0	2	6994,538,	0,11078,	chr1	241045285	241047240	retro_human_6262	0	-	CHML	1955
chr1	241040277	241051893	ENSG00000203668[1,1,1]	0	-	241045272	241047240	0	2	7270,538,	0,11078,	chr1	241045285	241047240	retro_human_6262	0	-	CHML	1955
chr1	248276642	248288050	ENSG00000171161[1,8,1]	0	+	248285757	248287113	255	3	392,154,4002,	0,6323,7406,	chr1	248285536	248286999	retro_human_4864	0	+	ZNF672	1463
chr1	248276642	248288050	ENSG00000171161[1,3,1]	0	+	248285757	248287113	0	4	392,154,97,2393,	0,6323,7406,9015,	chr1	248285536	248286999	retro_human_4864	0	+	ZNF672	1463
chr1	248276642	248288050	ENSG00000171161[1,4,1]	0	+	248285757	248287113	0	4	915,154,97,2516,	0,6323,7406,8892,	chr1	248285536	248286999	retro_human_4864	0	+	ZNF672	1463
chr1	248276642	248288050	ENSG00000171161[1,1,1]	0	+	248285757	248287113	0	4	392,154,97,2516,	0,6323,7406,8892,	chr1	248285536	248286999	retro_human_4864	0	+	ZNF672	1463
chr1	248276928	248288050	ENSG00000171161[4,8,1]	0	+	248285757	248287113	255	3	106,154,4002,	0,6037,7120,	chr1	248285536	248286999	retro_human_4864	0	+	ZNF672	1463
chr1	248276928	248288050	ENSG00000171161[4,3,1]	0	+	248285757	248287113	0	4	106,154,97,2393,	0,6037,7120,8729,	chr1	248285536	248286999	retro_human_4864	0	+	ZNF672	1463
chr1	248276928	248288050	ENSG00000171161[4,1,1]	0	+	248285757	248287113	0	4	106,154,97,2516,	0,6037,7120,8606,	chr1	248285536	248286999	retro_human_4864	0	+	ZNF672	1463
chr2	10941645	10944037	ENSG00000162975[1,1,1]	0	+	10942188	10943670	0	1	2392,	0,	chr2	10942189	10943493	retro_human_1489	0	+	KCNF1	1304
chr2	10942018	10944037	ENSG00000162975[2,1,1]	0	+	10942188	10943670	0	1	2019,	0,	chr2	10942189	10943493	retro_human_1489	0	+	KCNF1	1304
chr2	14663436	14669050	ENSG00000162981[1,2,7]	0	+	14664766	14665642	0	3	288,243,4320,	0,936,1294,	chr2	14664767	14665621	retro_human_7364	0	+	LRATD1	854
chr2	14663436	14668895	ENSG00000162981[1,2,6]	0	+	14664766	14665642	0	3	288,243,4165,	0,936,1294,	chr2	14664767	14665621	retro_human_7364	0	+	LRATD1	854
chr2	14663436	14666863	ENSG00000162981[1,2,5]	0	+	14664766	14665642	0	3	288,243,2133,	0,936,1294,	chr2	14664767	14665621	retro_human_7364	0	+	LRATD1	854
chr2	14663436	14668064	ENSG00000162981[1,2,2]	0	+	14664766	14665642	0	3	288,243,3334,	0,936,1294,	chr2	14664767	14665621	retro_human_7364	0	+	LRATD1	854
chr2	14663436	14669050	ENSG00000162981[1,1,7]	0	+	14664766	14665642	0	2	288,4320,	0,1294,	chr2	14664767	14665621	retro_human_7364	0	+	LRATD1	854
chr2	14663436	14668064	ENSG00000162981[1,1,2]	0	+	14664766	14665642	0	2	288,3334,	0,1294,	chr2	14664767	14665621	retro_human_7364	0	+	LRATD1	854
chr2	14663436	14666863	ENSG00000162981[1,1,5]	0	+	14664766	14665642	0	2	288,2133,	0,1294,	chr2	14664767	14665621	retro_human_7364	0	+	LRATD1	854
chr2	14663436	14670878	ENSG00000162981[1,1,1]	0	+	14664766	14665642	0	2	288,6148,	0,1294,	chr2	14664767	14665621	retro_human_7364	0	+	LRATD1	854
chr2	20480666	20483134	ENSG00000143878[1,1,1]	0	+	20481108	20481696	0	1	2468,	0,	chr2	20481109	20481678	retro_human_1907	0	+	RHOB	569
chr2	20481063	20483134	ENSG00000143878[2,1,1]	0	+	20481108	20481696	0	1	2071,	0,	chr2	20481109	20481678	retro_human_1907	0	+	RHOB	569
chr2	54249373	54252516	ENSG00000178021[1,1,1]	0	-	54251164	54252388	0	1	3143,	0,	chr2	54251249	54252142	retro_human_3168	0	-	TSPYL6	893
chr2	54249559	54252516	ENSG00000178021[1,1,2]	0	-	54251164	54252388	0	1	2957,	0,	chr2	54251249	54252142	retro_human_3168	0	-	TSPYL6	893
chr2	70099150	70100977	ENSG00000169564[1,1,1]	0	+	70099467	70100535	0	1	1827,	0,	chr2	70099468	70100535	retro_human_2098	0	+	PCBP1	1067
chr2	70099396	70100977	ENSG00000169564[2,1,1]	0	+	70099467	70100535	0	1	1581,	0,	chr2	70099468	70100535	retro_human_2098	0	+	PCBP1	1067
chr2	70099801	70100977	ENSG00000169564[3,1,1]	0	+	70099875	70100535	0	1	1176,	0,	chr2	70099468	70100535	retro_human_2098	0	+	PCBP1	734
chr2	70100348	70100977	ENSG00000169564[4,1,1]	0	+	70100388	70100535	0	1	629,	0,	chr2	70099468	70100535	retro_human_2098	0	+	PCBP1	187
chr2	73653726	73655526	ENSG00000144035[1,1,1]	0	-	73654001	73654682	0	2	1030,155,	0,1645,	chr2	73654086	73654613	retro_human_3965	0	-	NAT8	527
chr2	80301974	80304637	ENSG00000162951[2,2,1]	0	-	80302400	80303966	0	2	2051,343,	0,2320,	chr2	80302356	80303876	retro_human_4346	0	-	LRRTM1	1520
chr2	80301974	80304637	ENSG00000162951[2,1,1]	0	-	80302400	80303966	0	2	2051,339,	0,2324,	chr2	80302356	80303876	retro_human_4346	0	-	LRRTM1	1520
chr2	80301974	80304949	ENSG00000162951[1,1,1]	0	-	80302400	80303966	0	2	2051,651,	0,2324,	chr2	80302356	80303876	retro_human_4346	0	-	LRRTM1	1520
chr2	96619440	96622911	ENSG00000274286[2,3,1]	0	-	96621060	96622765	255	2	1732,1495,	0,1976,	chr2	96621443	96622702	retro_human_3252	0	-	ADRA2B	1259
chr2	96619440	96622911	ENSG00000274286[2,1,1]	0	-	96621415	96622765	0	1	3471,	0,	chr2	96621443	96622702	retro_human_3252	0	-	ADRA2B	1259
chr2	96620330	96622911	ENSG00000274286[2,4,2]	0	-	96621504	96622765	255	2	1266,792,	0,1789,	chr2	96621443	96622702	retro_human_3252	0	-	ADRA2B	1259
chr2	96620330	96621820	ENSG00000274286[3,2,2]	0	-	96620607	96620862	255	2	707,404,	0,1086,	chr2	96621443	96622702	retro_human_3252	0	-	ADRA2B	377
chr2	96620330	96622911	ENSG00000274286[2,1,2]	0	-	96621415	96622765	0	1	2581,	0,	chr2	96621443	96622702	retro_human_3252	0	-	ADRA2B	1259
chr2	105316641	105319805	ENSG00000198914[3,1,1]	0	+	105316691	105318191	0	1	3164,	0,	chr2	105317616	105318089	retro_human_7165	0	+	POU3F3	473
chr2	113923144	113925736	ENSG00000184492[1,1,1]	0	+	113923786	113925010	0	1	2592,	0,	chr2	113924072	113924371	retro_human_10820	0	+	FOXD4L1	299
chr2	120655987	120657463	ENSG00000226479[2,1,2]	0	-	120656686	120657451	0	1	1476,	0,	chr2	120656686	120657736	retro_human_7509	0	-	TMEM185B	777
chr2	120655987	120658210	ENSG00000226479[1,1,2]	0	-	120656686	120657736	0	1	2223,	0,	chr2	120656686	120657736	retro_human_7509	0	-	TMEM185B	1050
chr2	120656189	120658210	ENSG00000226479[1,1,3]	0	-	120656686	120657736	0	1	2021,	0,	chr2	120656686	120657736	retro_human_7509	0	-	TMEM185B	1050
chr2	120656189	120657463	ENSG00000226479[2,1,3]	0	-	120656686	120657451	0	1	1274,	0,	chr2	120656686	120657736	retro_human_7509	0	-	TMEM185B	777
chr2	130407053	130410174	ENSG00000225449[2,1,4]	0	-	130407053	130407053	0	1	3121,	0,	chr2	130409773	130410397	retro_human_10398	0	+	RAB6C	401
chr2	130408114	130410174	ENSG00000225449[2,3,3]	0	-	130408114	130408114	255	2	1713,233,	0,1827,	chr2	130409773	130410397	retro_human_10398	0	+	RAB6C	401
chr2	130408114	130410174	ENSG00000225449[2,1,3]	0	-	130408114	130408114	0	1	2060,	0,	chr2	130409773	130410397	retro_human_10398	0	+	RAB6C	401
chr2	130409273	130412435	ENSG00000222014[1,1,1]	0	+	130409773	130410535	0	1	3162,	0,	chr2	130409773	130410397	retro_human_10398	0	+	RAB6C	624
chr2	131795769	131798953	ENSG00000233087[1,1,2]	0	-	131797669	131798431	0	1	3184,	0,	chr2	131797807	131798431	retro_human_5101	0	-	RAB6D	624
chr2	168326739	168331937	ENSG00000172318[2,2,1]	0	+	168326881	168327859	0	1	5198,	0,	chr2	168327089	168327859	retro_human_1113	0	+	B3GALT1	770
chr2	171192418	171195260	ENSG00000204335[1,2,1]	0	+	171193017	171194533	0	2	782,1870,	0,972,	chr2	171194087	171194647	retro_human_8015	0	+	SP5	560
chr2	171192418	171195260	ENSG00000204335[1,1,1]	0	+	171192644	171194533	0	2	277,1870,	0,972,	chr2	171194087	171194647	retro_human_8015	0	+	SP5	560
chr2	202515413	202519362	ENSG00000155760[2,1,1]	0	+	202515524	202517246	0	1	3949,	0,	chr2	202515669	202517210	retro_human_7883	0	+	FZD7	1541
chr2	202515570	202519362	ENSG00000155760[3,1,1]	0	+	202515836	202517246	0	1	3792,	0,	chr2	202515669	202517210	retro_human_7883	0	+	FZD7	1541
chr2	202515570	202518589	ENSG00000155760[3,1,2]	0	+	202515836	202517246	0	1	3019,	0,	chr2	202515669	202517210	retro_human_7883	0	+	FZD7	1541
chr2	202515722	202519362	ENSG00000155760[4,1,1]	0	+	202515836	202517246	0	1	3640,	0,	chr2	202515669	202517210	retro_human_7883	0	+	FZD7	1488
chr2	202515722	202518589	ENSG00000155760[4,1,2]	0	+	202515836	202517246	0	1	2867,	0,	chr2	202515669	202517210	retro_human_7883	0	+	FZD7	1488
chr2	202515946	202519362	ENSG00000155760[5,1,1]	0	+	202516250	202517246	0	1	3416,	0,	chr2	202515669	202517210	retro_human_7883	0	+	FZD7	1264
chr2	202515946	202518589	ENSG00000155760[5,1,2]	0	+	202516250	202517246	0	1	2643,	0,	chr2	202515669	202517210	retro_human_7883	0	+	FZD7	1264
chr2	208228035	208243823	ENSG00000163251[2,2,2]	0	-	208229389	208234778	255	3	1547,75,349,	0,6732,15439,	chr2	208241273	208242853	retro_human_4372	0	-	FZD5	1580
chr2	208236759	208243823	ENSG00000163251[2,1,1]	0	-	208241194	208242949	0	2	6445,349,	0,6715,	chr2	208241273	208242853	retro_human_4372	0	-	FZD5	1580
chr2	208240282	208243823	ENSG00000163251[2,1,3]	0	-	208241194	208242949	0	2	2922,349,	0,3192,	chr2	208241273	208242853	retro_human_4372	0	-	FZD5	1580
chr2	208240723	208243823	ENSG00000163251[2,1,4]	0	-	208241194	208242949	0	2	2481,349,	0,2751,	chr2	208241273	208242853	retro_human_4372	0	-	FZD5	1580
chr2	218614931	218622996	ENSG00000180871[4,6,1]	0	+	218620495	218621575	0	2	129,2526,	0,5539,	chr2	218620508	218621503	retro_human_7522	0	+	CXCR2	995
chr2	218614931	218622006	ENSG00000180871[4,6,4]	0	+	218620495	218621575	0	2	129,1536,	0,5539,	chr2	218620508	218621503	retro_human_7522	0	+	CXCR2	995
chr2	218614931	218621147	ENSG00000180871[4,6,3]	0	+	218614931	218614931	0	2	129,677,	0,5539,	chr2	218620508	218621503	retro_human_7522	0	+	CXCR2	639
chr2	218648480	218652702	ENSG00000163464[1,1,1]	0	-	218649851	218650901	0	2	2454,105,	0,4117,	chr2	218649954	218650895	retro_human_57	0	-	CXCR1	941
chr2	218648966	218652702	ENSG00000163464[1,1,2]	0	-	218649851	218650901	0	2	1968,105,	0,3631,	chr2	218649954	218650895	retro_human_57	0	-	CXCR1	941
chr3	31984665	31994739	ENSG00000197385[1,2,1]	0	+	31992045	31993941	0	3	203,162,3114,	0,4548,6960,	chr3	31992094	31994007	retro_human_2559	0	+	ZNF860	1913
chr3	31984665	31994739	ENSG00000197385[1,1,1]	0	+	31992045	31993941	0	2	203,3114,	0,6960,	chr3	31992094	31994007	retro_human_2559	0	+	ZNF860	1913
chr3	42887718	42891792	ENSG00000180432[2,1,1]	0	-	42889890	42891393	0	1	4074,	0,	chr3	42889897	42891318	retro_human_4997	0	-	CYP8B1	1421
chr3	44745219	44751666	ENSG00000186446[1,1,6]	0	+	44750095	44750908	0	3	470,85,1796,	0,1930,4651,	chr3	44750078	44750941	retro_human_1775	0	+	ZNF501	863
chr3	44745219	44751248	ENSG00000186446[1,1,5]	0	+	44750095	44750908	0	3	470,85,1378,	0,1930,4651,	chr3	44750078	44750941	retro_human_1775	0	+	ZNF501	863
chr3	44745219	44752807	ENSG00000186446[1,1,1]	0	+	44750095	44750908	0	3	470,85,2937,	0,1930,4651,	chr3	44750078	44750941	retro_human_1775	0	+	ZNF501	863
chr3	44745219	44751666	ENSG00000186446[1,2,6]	0	+	44750095	44750908	0	3	177,85,1796,	0,1930,4651,	chr3	44750078	44750941	retro_human_1775	0	+	ZNF501	863
chr3	44745219	44751248	ENSG00000186446[1,2,5]	0	+	44750095	44750908	0	3	177,85,1378,	0,1930,4651,	chr3	44750078	44750941	retro_human_1775	0	+	ZNF501	863
chr3	44745219	44752807	ENSG00000186446[1,2,1]	0	+	44750095	44750908	0	3	177,85,2937,	0,1930,4651,	chr3	44750078	44750941	retro_human_1775	0	+	ZNF501	863
chr3	46386729	46392090	ENSG00000160791[1,1,1]	0	+	46388736	46389792	0	2	93,3365,	0,1996,	chr3	46388716	46389687	retro_human_193	0	+	CCR5	971
chr3	46388453	46389845	ENSG00000160791[2,2,2]	0	+	46388736	46389792	0	1	1392,	0,	chr3	46388716	46389687	retro_human_193	0	+	CCR5	971
chr3	49746064	49749020	ENSG00000176020[1,1,1]	0	-	49747239	49748751	0	1	2956,	0,	chr3	49748056	49748652	retro_human_76	0	-	AMIGO3	596
chr3	88066487	88069730	ENSG00000179097[2,2,1]	0	+	88066591	88067689	0	1	3243,	0,	chr3	88066652	88067674	retro_human_10256	0	+	HTR1F	1022
chr3	96756323	96761417	ENSG00000178700[1,2,1]	0	-	96759401	96759962	0	2	3734,98,	0,4996,	chr3	96759401	96759950	retro_human_1839	0	-	DHFR2	549
chr3	96756323	96761724	ENSG00000178700[3,2,1]	0	-	96759401	96759962	0	2	3734,405,	0,4996,	chr3	96759401	96759950	retro_human_1839	0	-	DHFR2	549
chr3	96756323	96761417	ENSG00000178700[1,1,1]	0	-	96759401	96759962	0	2	3734,221,	0,4873,	chr3	96759401	96759950	retro_human_1839	0	-	DHFR2	549
chr3	96757126	96761417	ENSG00000178700[1,2,2]	0	-	96759401	96759962	0	2	2931,98,	0,4193,	chr3	96759401	96759950	retro_human_1839	0	-	DHFR2	549
chr3	96757126	96761417	ENSG00000178700[1,1,2]	0	-	96759401	96759962	0	2	2931,221,	0,4070,	chr3	96759401	96759950	retro_human_1839	0	-	DHFR2	549
chr3	116955512	116958082	ENSG00000174255[2,1,1]	0	-	116957186	116958005	0	1	2570,	0,	chr3	116957190	116957966	retro_human_4815	0	-	ZNF80	776
chr3	125131836	125135667	ENSG00000196981[1,1,2]	0	-	125134093	125135083	0	1	3831,	0,	chr3	125134099	125135059	retro_human_8068	0	-	WDR5B	960
chr3	125133532	125135667	ENSG00000196981[1,1,3]	0	-	125134093	125135083	0	1	2135,	0,	chr3	125134099	125135059	retro_human_8068	0	-	WDR5B	960
chr3	125133701	125135667	ENSG00000196981[1,1,4]	0	-	125134093	125135083	0	1	1966,	0,	chr3	125134099	125135059	retro_human_8068	0	-	WDR5B	960
chr3	154089107	154091904	ENSG00000169313[2,2,2]	0	-	154089107	154089107	0	2	752,308,	0,2489,	chr3	154088883	154089866	retro_human_2829	0	-	P2RY12	759
chr3	163451688	163453077	ENSG00000179674[1,2,1]	0	+	163451787	163452501	255	2	205,1016,	0,373,	chr3	163451959	163452459	retro_human_6643	0	+	ARL14	500
chr3	163451688	163453077	ENSG00000179674[1,1,1]	0	+	163451925	163452501	0	1	1389,	0,	chr3	163451959	163452459	retro_human_6643	0	+	ARL14	500
chr3	186072087	186077983	ENSG00000176597[3,3,2]	0	+	186076690	186077824	0	2	328,1594,	0,4302,	chr3	186076931	186077749	retro_human_1225	0	+	B3GNT5	818
chr3	187525500	187527304	ENSG00000177383[1,1,1]	0	-	187526087	187527011	0	1	1804,	0,	chr3	187526190	187526768	retro_human_10947	0	-	MAGEF1	578
chr4	3765195	3767495	ENSG00000184160[1,1,1]	0	+	3765504	3766890	0	1	2300,	0,	chr4	3765586	3766860	retro_human_4653	0	+	ADRA2C	1274
chr4	6691180	6692771	ENSG00000186222[1,1,1]	0	+	6691266	6691917	0	1	1591,	0,	chr4	6691447	6691896	retro_human_10139	0	+	BLOC1S4	449
chr4	7401861	7406604	ENSG00000178597[1,1,1]	0	-	7404940	7406503	0	1	4743,	0,	chr4	7404974	7406434	retro_human_6418	0	-	PSAPL1	1460
chr4	7403833	7406604	ENSG00000178597[1,1,2]	0	-	7404940	7406503	0	1	2771,	0,	chr4	7404974	7406434	retro_human_6418	0	-	PSAPL1	1460
chr4	9781356	9783832	ENSG00000169676[1,1,1]	0	+	9781802	9783233	0	1	2476,	0,	chr4	9781971	9783056	retro_human_1723	0	+	DRD5	1085
chr4	38796689	38799727	ENSG00000174130[2,3,2]	0	-	38797223	38799611	0	1	3038,	0,	chr4	38799111	38799488	retro_human_8306	0	-	TLR6	377
chr4	41955524	41960336	ENSG00000182308[1,1,1]	0	+	41955611	41956799	0	1	4812,	0,	chr4	41955596	41956787	retro_human_6918	0	+	DCAF4L1	1191
chr4	71481674	71482878	ENSG00000227725[1,1,1]	0	+	71481674	71481674	0	1	1204,	0,	chr4	71481724	71482828	retro_human_9772|GCOM2-201|processed_pseudogene	0	+	LOC128966752	1104
chr4	99155242	99156714	ENSG00000163114[1,1,1]	0	+	99155350	99156514	0	1	1472,	0,	chr4	99155342	99156514	retro_human_10586	0	+	PDHA2	1172
chr4	120385205	120387328	ENSG00000174599[1,1,1]	0	-	120385988	120387095	0	1	2123,	0,	chr4	120386013	120387095	retro_human_61	0	-	TRAM1L1	1082
chr4	120385395	120387328	ENSG00000174599[1,1,2]	0	-	120385988	120387095	0	1	1933,	0,	chr4	120386013	120387095	retro_human_61	0	-	TRAM1L1	1082
chr4	137518747	137524304	ENSG00000254535[1,1,1]	0	-	137522374	137523484	0	2	4963,122,	0,5435,	chr4	137522327	137523484	retro_human_4635	0	-	PABPC4L	1157
chr4	168623754	168625722	ENSG00000229894[1,1,1]	0	-	168623979	168625638	0	1	1968,	0,	chr4	168623980	168625638	retro_human_7067	0	-	GK3	1658
chr4	191350601	191353040	ENSG00000179059[2,2,1]	0	+	191350751	191351681	0	1	2439,	0,	chr4	191351046	191351669	retro_human_6850	0	+	ZFP42	623
chr5	17655024	17656098	ENSG00000269466[1,1,1]	0	-	17655329	17655737	0	1	1074,	0,	chr5	17655335	17655737	retro_human_8556	0	-	H3Y1	402
chr5	21487056	21489841	ENSG00000233974[1,1,1]	0	-	21487056	21487056	0	1	2785,	0,	chr5	21487106	21489791	retro_human_1566|AC138951.1-201|processed_pseudogene	0	-	LOC124906494	2685
chr5	32036943	32037209	ENSG00000249774[1,1,1]	0	+	32036993	32037158	0	1	266,	0,	chr5	32036993	32037159	retro_human_10676|AC025458.1-201|processed_pseudogene	0	+	LOC107986346	166
chr5	55283213	55283992	ENSG00000169271[1,1,1]	0	+	55283354	55283804	0	1	779,	0,	chr5	55283547	55283792	retro_human_214	0	+	HSPB3	245
chr5	58308685	58311579	ENSG00000169067[1,1,1]	0	-	58310297	58311425	0	1	2894,	0,	chr5	58310313	58311419	retro_human_4926	0	-	ACTBL2	1106
chr5	64780440	64782318	ENSG00000178394[2,1,3]	0	-	64780588	64781854	0	1	1878,	0,	chr5	64780604	64781749	retro_human_10420	0	-	HTR1A	1145
chr5	70190479	70195375	ENSG00000273841[1,13,1]	0	-	70190732	70191524	0	3	1062,93,204,	0,1810,4692,	chr5	70190784	70191530	retro_human_4512	0	-	TAF9	746
chr5	70190479	70195375	ENSG00000273841[1,5,1]	0	-	70190732	70191524	0	3	1062,93,764,	0,1810,4132,	chr5	70190784	70191530	retro_human_4512	0	-	TAF9	746
chr5	70190479	70195375	ENSG00000273841[1,17,1]	0	-	70190732	70191524	0	2	1062,3086,	0,1810,	chr5	70190784	70191530	retro_human_4512	0	-	TAF9	746
chr5	70190479	70192658	ENSG00000273841[5,17,1]	0	-	70190732	70191524	0	2	1062,369,	0,1810,	chr5	70190784	70191530	retro_human_4512	0	-	TAF9	746
chr5	70190479	70195658	ENSG00000273841[7,16,1]	0	-	70190732	70191524	0	3	1062,93,217,	0,1810,4962,	chr5	70190784	70191530	retro_human_4512	0	-	TAF9	746
chr5	70190479	70195848	ENSG00000273841[4,16,1]	0	-	70190732	70191524	0	3	1062,93,407,	0,1810,4962,	chr5	70190784	70191530	retro_human_4512	0	-	TAF9	746
chr5	70190479	70195375	ENSG00000273841[1,1,1]	0	-	70190732	70191524	0	3	1062,93,128,	0,1810,4768,	chr5	70190784	70191530	retro_human_4512	0	-	TAF9	746
chr5	70190881	70195375	ENSG00000273841[1,13,3]	0	-	70192315	70195275	0	3	660,93,204,	0,1408,4290,	chr5	70190784	70191530	retro_human_4512	0	-	TAF9	649
chr5	70190881	70195375	ENSG00000273841[1,10,3]	0	-	70195053	70195275	0	3	660,93,424,	0,1408,4070,	chr5	70190784	70191530	retro_human_4512	0	-	TAF9	649
chr5	70190881	70195375	ENSG00000273841[1,5,3]	0	-	70195053	70195275	0	3	660,93,764,	0,1408,3730,	chr5	70190784	70191530	retro_human_4512	0	-	TAF9	649
chr5	70190881	70193746	ENSG00000273841[6,3,3]	0	-	70191247	70191370	0	3	660,93,121,	0,1408,2744,	chr5	70190784	70191530	retro_human_4512	0	-	TAF9	649
chr5	73927538	73929900	ENSG00000251493[3,1,1]	0	-	73928290	73929685	0	1	2362,	0,	chr5	73929047	73929343	retro_human_9988	0	-	FOXD1	296
chr5	75108328	75122439	ENSG00000171617[2,2,1]	0	-	75115691	75117458	0	4	2637,1815,137,1168,	0,7328,10208,12943,	chr5	75115746	75117362	retro_human_4114	0	-	ENC1	1616
chr5	75108328	75121743	ENSG00000171617[1,1,1]	0	-	75115691	75117458	0	3	2637,1815,472,	0,7328,12943,	chr5	75115746	75117362	retro_human_4114	0	-	ENC1	1616
chr5	75108328	75122439	ENSG00000171617[2,1,1]	0	-	75115691	75117458	0	3	2637,1815,1168,	0,7328,12943,	chr5	75115746	75117362	retro_human_4114	0	-	ENC1	1616
chr5	75110851	75121743	ENSG00000171617[1,2,2]	0	-	75115691	75117458	0	4	114,1815,137,472,	0,4805,7685,10420,	chr5	75115746	75117362	retro_human_4114	0	-	ENC1	1616
chr5	75110851	75121743	ENSG00000171617[1,1,2]	0	-	75115691	75117458	0	3	114,1815,472,	0,4805,10420,	chr5	75115746	75117362	retro_human_4114	0	-	ENC1	1616
chr5	75506145	75511801	ENSG00000176928[2,2,1]	0	-	75509530	75510889	0	1	5656,	0,	chr5	75509597	75510568	retro_human_4116	0	-	GCNT4	971
chr5	76655068	76655723	ENSG00000254893[1,1,1]	0	-	76655068	76655068	0	1	655,	0,	chr5	76655121	76655673	retro_human_4112	0	-	LOC128966755	552
chr5	94217233	94225714	ENSG00000248483[1,1,1]	0	-	94224643	94225627	0	1	8481,	0,	chr5	94224656	94225543	retro_human_6532	0	-	POU5F2	887
chr5	133333274	133336574	ENSG00000198944[2,1,1]	0	+	133333359	133335006	0	1	3300,	0,	chr5	133334350	133334712	retro_human_4938	0	+	SOWAHA	362
chr5	133333785	133336574	ENSG00000198944[3,1,1]	0	+	133334010	133335006	0	1	2789,	0,	chr5	133334350	133334712	retro_human_4938	0	+	SOWAHA	362
chr5	138276224	138280254	ENSG00000177733[1,1,2]	0	-	138278992	138279907	0	1	4030,	0,	chr5	138279371	138279904	retro_human_2860	0	-	HNRNPA0	533
chr5	138277176	138280254	ENSG00000177733[1,1,3]	0	-	138278992	138279907	0	1	3078,	0,	chr5	138279371	138279904	retro_human_2860	0	-	HNRNPA0	533
chr5	138277364	138280254	ENSG00000177733[1,1,4]	0	-	138278992	138279907	0	1	2890,	0,	chr5	138279371	138279904	retro_human_2860	0	-	HNRNPA0	533
chr5	138278408	138280254	ENSG00000177733[1,1,5]	0	-	138278992	138279907	0	1	1846,	0,	chr5	138279371	138279904	retro_human_2860	0	-	HNRNPA0	533
chr5	138278647	138280254	ENSG00000177733[1,1,6]	0	-	138278992	138279907	0	1	1607,	0,	chr5	138279371	138279904	retro_human_2860	0	-	HNRNPA0	533
chr5	138278943	138280254	ENSG00000177733[1,1,7]	0	-	138278992	138279907	0	1	1311,	0,	chr5	138279371	138279904	retro_human_2860	0	-	HNRNPA0	533
chr5	140637973	140641963	ENSG00000185129[4,1,9]	0	+	140639277	140640243	0	1	3990,	0,	chr5	140639446	140640054	retro_human_1166	0	+	PURA	608
chr5	140637973	140641169	ENSG00000185129[4,1,8]	0	+	140639277	140640243	0	1	3196,	0,	chr5	140639446	140640054	retro_human_1166	0	+	PURA	608
chr5	140637973	140640547	ENSG00000185129[4,1,7]	0	+	140639277	140640243	0	1	2574,	0,	chr5	140639446	140640054	retro_human_1166	0	+	PURA	608
chr5	140637973	140640374	ENSG00000185129[4,1,6]	0	+	140639277	140640243	0	1	2401,	0,	chr5	140639446	140640054	retro_human_1166	0	+	PURA	608
chr5	140639154	140641963	ENSG00000185129[1,1,9]	0	+	140639277	140640243	0	1	2809,	0,	chr5	140639446	140640054	retro_human_1166	0	+	PURA	608
chr5	140639154	140641169	ENSG00000185129[1,1,8]	0	+	140639277	140640243	0	1	2015,	0,	chr5	140639446	140640054	retro_human_1166	0	+	PURA	608
chr5	140639154	140640547	ENSG00000185129[1,1,7]	0	+	140639277	140640243	0	1	1393,	0,	chr5	140639446	140640054	retro_human_1166	0	+	PURA	608
chr5	140639154	140640374	ENSG00000185129[1,1,6]	0	+	140639277	140640243	0	1	1220,	0,	chr5	140639446	140640054	retro_human_1166	0	+	PURA	608
chr5	140639154	140644558	ENSG00000185129[1,1,11]	0	+	140639277	140640243	0	1	5404,	0,	chr5	140639446	140640054	retro_human_1166	0	+	PURA	608
chr5	140639154	140642404	ENSG00000185129[1,1,10]	0	+	140639277	140640243	0	1	3250,	0,	chr5	140639446	140640054	retro_human_1166	0	+	PURA	608
chr5	140639573	140641963	ENSG00000185129[5,1,9]	0	+	140639586	140640243	0	1	2390,	0,	chr5	140639446	140640054	retro_human_1166	0	+	PURA	481
chr5	140639573	140641169	ENSG00000185129[5,1,8]	0	+	140639586	140640243	0	1	1596,	0,	chr5	140639446	140640054	retro_human_1166	0	+	PURA	481
chr5	140639573	140640547	ENSG00000185129[5,1,7]	0	+	140639586	140640243	0	1	974,	0,	chr5	140639446	140640054	retro_human_1166	0	+	PURA	481
chr5	140639573	140640374	ENSG00000185129[5,1,6]	0	+	140639586	140640243	0	1	801,	0,	chr5	140639446	140640054	retro_human_1166	0	+	PURA	481
chr5	141576376	141584688	ENSG00000171815[2,1,1]	0	+	141576762	141579216	0	1	8312,	0,	chr5	141576853	141579177	retro_human_1169	0	+	PCDHB1	2324
chr5	141619873	141624071	ENSG00000112852[1,6,1]	0	+	141621125	141622502	255	2	276,3378,	0,820,	chr5	141620139	141622490	retro_human_1168	0	+	PCDHB2	2351
chr5	141619873	141622632	ENSG00000112852[1,6,3]	0	+	141621125	141622502	255	2	276,1939,	0,820,	chr5	141620139	141622490	retro_human_1168	0	+	PCDHB2	2351
chr5	141619873	141624071	ENSG00000112852[1,4,1]	0	+	141621125	141622502	0	2	276,3407,	0,791,	chr5	141620139	141622490	retro_human_1168	0	+	PCDHB2	2351
chr5	141619873	141621028	ENSG00000112852[1,4,2]	0	+	141620108	141620731	0	2	276,364,	0,791,	chr5	141620139	141622490	retro_human_1168	0	+	PCDHB2	889
chr5	141619873	141624071	ENSG00000112852[1,2,1]	0	+	141621125	141622502	0	2	276,3527,	0,671,	chr5	141620139	141622490	retro_human_1168	0	+	PCDHB2	2351
chr5	141619873	141621028	ENSG00000112852[1,2,2]	0	+	141620108	141620653	0	2	276,484,	0,671,	chr5	141620139	141622490	retro_human_1168	0	+	PCDHB2	889
chr5	141619873	141624071	ENSG00000112852[1,3,1]	0	+	141621125	141622502	0	2	276,3494,	0,704,	chr5	141620139	141622490	retro_human_1168	0	+	PCDHB2	2351
chr5	141619873	141622632	ENSG00000112852[1,3,3]	0	+	141621125	141622502	0	2	276,2055,	0,704,	chr5	141620139	141622490	retro_human_1168	0	+	PCDHB2	2351
chr5	141619873	141629189	ENSG00000112852[1,1,4]	0	+	141620108	141622502	0	1	9316,	0,	chr5	141620139	141622490	retro_human_1168	0	+	PCDHB2	2351
chr5	141619873	141624071	ENSG00000112852[1,1,1]	0	+	141620108	141622502	0	1	4198,	0,	chr5	141620139	141622490	retro_human_1168	0	+	PCDHB2	2351
chr5	141843742	141846137	ENSG00000178913[1,1,1]	0	-	141844300	141845347	0	1	2395,	0,	chr5	141844385	141845365	retro_human_7922	0	-	TAF7	980
chr5	141844842	141846137	ENSG00000178913[1,1,6]	0	-	141845819	141846026	0	1	1295,	0,	chr5	141844385	141845365	retro_human_7922	0	-	TAF7	523
chr5	149360027	149363506	ENSG00000169252[2,1,1]	0	+	149361664	149362903	0	1	3479,	0,	chr5	149361725	149362759	retro_human_1526	0	+	ADRB2	1034
chr5	149361393	149363506	ENSG00000169252[1,1,1]	0	+	149361664	149362903	0	1	2113,	0,	chr5	149361725	149362759	retro_human_1526	0	+	ADRB2	1034
chr5	155547595	155552082	ENSG00000226650[1,1,1]	0	+	155547750	155551452	0	1	4487,	0,	chr5	155547751	155551452	retro_human_7391	0	+	KIF4B	3701
chr5	157369504	157371595	ENSG00000231989[2,1,1]	0	+	157369579	157370194	0	1	2091,	0,	chr5	157369580	157370194	retro_human_7395	0	+	PPP1R2B	614
chr5	169063846	169065465	ENSG00000188573[2,1,1]	0	+	169064285	169065287	0	1	1619,	0,	chr5	169064447	169065275	retro_human_1943	0	+	FBLL1	828
chr5	169064035	169065465	ENSG00000188573[1,1,1]	0	+	169064285	169065287	0	1	1430,	0,	chr5	169064447	169065275	retro_human_1943	0	+	FBLL1	828
chr5	175983763	175988010	ENSG00000184845[1,1,1]	0	-	175985539	175986877	0	2	3597,534,	0,3713,	chr5	175985738	175986865	retro_human_4247	0	-	DRD1	1127
chr5	177943276	177943929	ENSG00000196570[1,1,1]	0	-	177943383	177943794	0	1	653,	0,	chr5	177943387	177943794	retro_human_10571	0	-	PFN3	407
chr6	1472865	1475880	ENSG00000054598[1,1,3]	0	+	1473446	1475108	0	1	3015,	0,	chr6	1473603	1473944	retro_human_9323	0	+	FOXC1	341
chr6	1472865	1475257	ENSG00000054598[1,1,2]	0	+	1473446	1475108	0	1	2392,	0,	chr6	1473603	1473944	retro_human_9323	0	+	FOXC1	341
chr6	1473392	1475880	ENSG00000054598[2,1,3]	0	+	1473446	1475108	0	1	2488,	0,	chr6	1473603	1473944	retro_human_9323	0	+	FOXC1	341
chr6	1473392	1475257	ENSG00000054598[2,1,2]	0	+	1473446	1475108	0	1	1865,	0,	chr6	1473603	1473944	retro_human_9323	0	+	FOXC1	341
chr6	3718959	3721007	ENSG00000145945[1,1,1]	0	+	3719448	3720423	0	2	164,1582,	0,466,	chr6	3719449	3720423	retro_human_9319	0	+	FAM50B	974
chr6	3718959	3721007	ENSG00000145945[1,2,1]	0	+	3719448	3720423	0	1	2048,	0,	chr6	3719449	3720423	retro_human_9319	0	+	FAM50B	974
chr6	25591790	25592390	ENSG00000164508[1,1,1]	0	-	25591912	25592305	0	1	600,	0,	chr6	25591946	25592239	retro_human_553	0	-	H2AC1	293
chr6	25886339	25886947	ENSG00000275714[1,1,1]	0	+	25886428	25886836	0	1	608,	0,	chr6	25886428	25886836	retro_human_2683	0	+	H3C1	408
chr6	25898997	25899627	ENSG00000278463[1,1,1]	0	-	25899134	25899524	0	1	630,	0,	chr6	25899147	25899458	retro_human_5943	0	-	H2AC4	311
chr6	25911340	25911927	ENSG00000276410[1,1,1]	0	-	25911443	25911821	0	1	587,	0,	chr6	25911522	25911845	retro_human_5944	0	-	H2BC3	323
chr6	26024414	26026823	ENSG00000168298[1,1,2]	0	+	26024526	26025183	0	1	2409,	0,	chr6	26026404	26026683	retro_human_2688	0	+	H2BC5	279
chr6	26024908	26026793	ENSG00000158373[3,1,1]	0	+	26026305	26026683	0	1	1885,	0,	chr6	26026404	26026683	retro_human_2688	0	+	H2BC5	279
chr6	26026207	26026793	ENSG00000158373[1,1,1]	0	+	26026305	26026683	0	1	586,	0,	chr6	26026404	26026683	retro_human_2688	0	+	H2BC5	279
chr6	26026597	26026793	ENSG00000158373[4,1,1]	0	+	26026597	26026597	0	1	196,	0,	chr6	26026404	26026683	retro_human_2688	0	+	H2BC5	86
chr6	26051845	26052415	ENSG00000274290[1,1,1]	0	+	26051930	26052308	0	1	570,	0,	chr6	26052029	26052308	retro_human_2689	0	+	H2BC6	279
chr6	26064003	26067809	ENSG00000282988[1,3,3]	0	-	26065605	26067709	0	3	704,550,485,	0,1177,3321,	chr6	26065303	26065711	retro_human_5946	0	-	H3C4	408
chr6	26064450	26067809	ENSG00000282988[1,2,2]	0	-	26065605	26067709	0	2	1280,395,	0,2964,	chr6	26065303	26065711	retro_human_5946	0	-	H3C4	408
chr6	26065164	26067809	ENSG00000282988[1,4,1]	0	-	26065605	26067709	255	2	566,485,	0,2160,	chr6	26065303	26065711	retro_human_5946	0	-	H3C4	408
chr6	26065164	26067809	ENSG00000282988[1,4,1]	0	-	26065605	26067709	255	2	566,485,	0,2160,	chr6	26067392	26067661	retro_human_5947	0	-	H2AC7	269
chr6	26065164	26067556	ENSG00000282988[2,4,1]	0	-	26065303	26065711	255	2	566,232,	0,2160,	chr6	26065303	26065711	retro_human_5946	0	-	H3C4	408
chr6	26065164	26067809	ENSG00000282988[1,2,1]	0	-	26065605	26067709	0	2	566,395,	0,2250,	chr6	26065303	26065711	retro_human_5946	0	-	H3C4	408
chr6	26065164	26067809	ENSG00000282988[1,2,1]	0	-	26065605	26067709	0	2	566,395,	0,2250,	chr6	26067392	26067661	retro_human_5947	0	-	H2AC7	269
chr6	26065164	26067556	ENSG00000282988[2,1,1]	0	-	26065303	26065711	0	2	563,232,	0,2160,	chr6	26065303	26065711	retro_human_5946	0	-	H3C4	408
chr6	26065164	26067809	ENSG00000282988[1,1,1]	0	-	26065605	26067709	0	2	563,485,	0,2160,	chr6	26065303	26065711	retro_human_5946	0	-	H3C4	408
chr6	26065164	26067809	ENSG00000282988[1,1,1]	0	-	26065605	26067709	0	2	563,485,	0,2160,	chr6	26067392	26067661	retro_human_5947	0	-	H2AC7	269
chr6	26065165	26067809	ENSG00000196866[1,1,2]	0	-	26065303	26065711	0	1	2644,	0,	chr6	26065303	26065711	retro_human_5946	0	-	H3C4	408
chr6	26065165	26067809	ENSG00000196866[1,1,2]	0	-	26065303	26065711	0	1	2644,	0,	chr6	26067392	26067661	retro_human_5947	0	-	H2AC7	269
chr6	26065194	26065797	ENSG00000197409[1,1,1]	0	-	26065303	26065711	0	1	603,	0,	chr6	26065303	26065711	retro_human_5946	0	-	H3C4	408
chr6	26067199	26067809	ENSG00000196866[1,1,1]	0	-	26067319	26067709	0	1	610,	0,	chr6	26067392	26067661	retro_human_5947	0	-	H2AC7	269
chr6	26067931	26069231	ENSG00000277224[1,1,2]	0	+	26068024	26068402	0	1	1300,	0,	chr6	26068123	26068402	retro_human_2690	0	+	H2BC7	279
chr6	26083592	26084940	ENSG00000273802[3,1,2]	0	-	26084742	26084934	0	1	1348,	0,	chr6	26084742	26085021	retro_human_5937	0	-	H2BC8	198
chr6	26083592	26085215	ENSG00000273802[1,1,2]	0	-	26084742	26085120	0	1	1623,	0,	chr6	26084742	26085021	retro_human_5937	0	-	H2BC8	279
chr6	26084626	26085215	ENSG00000273802[1,1,1]	0	-	26084742	26085120	0	1	589,	0,	chr6	26084742	26085021	retro_human_5937	0	-	H2BC8	279
chr6	26084626	26084940	ENSG00000273802[3,1,1]	0	-	26084742	26084934	0	1	314,	0,	chr6	26084742	26085021	retro_human_5937	0	-	H2BC8	198
chr6	26092620	26095996	ENSG00000274750[2,3,2]	0	+	26093627	26094035	255	3	157,2267,212,	0,754,3164,	chr6	26093627	26094035	retro_human_2682	0	+	H3C6	408
chr6	26092620	26095996	ENSG00000274750[2,2,2]	0	+	26093627	26094035	0	2	157,2622,	0,754,	chr6	26093627	26094035	retro_human_2682	0	+	H3C6	408
chr6	26093557	26094139	ENSG00000274750[1,1,1]	0	+	26093627	26094035	0	1	582,	0,	chr6	26093627	26094035	retro_human_2682	0	+	H3C6	408
chr6	26118562	26119156	ENSG00000277775[1,1,1]	0	-	26118668	26119076	0	1	594,	0,	chr6	26118668	26119076	retro_human_5938	0	-	H3C7	408
chr6	26120034	26122212	ENSG00000275713[1,1,2]	0	+	26120121	26120499	0	1	2178,	0,	chr6	26120220	26120499	retro_human_6667	0	+	H2BC9	279
chr6	26120254	26122212	ENSG00000275713[2,1,2]	0	+	26120298	26120499	0	1	1958,	0,	chr6	26120220	26120499	retro_human_6667	0	+	H2BC9	245
chr6	26120254	26120596	ENSG00000275713[2,1,1]	0	+	26120298	26120499	0	1	342,	0,	chr6	26120220	26120499	retro_human_6667	0	+	H2BC9	245
chr6	26137813	26139922	ENSG00000273983[1,1,2]	0	-	26139435	26139843	0	1	2109,	0,	chr6	26139435	26139843	retro_human_966	0	-	H3C8	408
chr6	26137813	26140324	ENSG00000273983[2,1,2]	0	-	26139435	26139843	0	1	2511,	0,	chr6	26139435	26139843	retro_human_966	0	-	H3C8	408
chr6	26141340	26141922	ENSG00000278588[1,1,1]	0	+	26141435	26141813	0	1	582,	0,	chr6	26141534	26141813	retro_human_6668	0	+	H2BC10	279
chr6	27001080	27001660	ENSG00000124635[1,1,1]	0	-	27001187	27001565	0	1	580,	0,	chr6	27001187	27001466	retro_human_970	0	-	H2BC11	279
chr6	27001807	27004156	ENSG00000196787[1,1,2]	0	+	27001886	27002276	0	1	2349,	0,	chr6	27001953	27002264	retro_human_1256	0	+	H2AC11	311
chr6	27015126	27015721	ENSG00000197903[1,1,1]	0	-	27015236	27015614	0	1	595,	0,	chr6	27015236	27015515	retro_human_969	0	-	H2BC12	279
chr6	27015871	27016428	ENSG00000274997[1,1,1]	0	+	27015944	27016328	0	1	557,	0,	chr6	27016070	27016304	retro_human_1255	0	+	H2AC12	234
chr6	27677102	27677653	ENSG00000185130[1,1,1]	0	-	27677202	27677580	0	1	551,	0,	chr6	27677185	27677475	retro_human_6346	0	-	H2BC13	290
chr6	27677796	27678391	ENSG00000196747[1,1,1]	0	+	27677883	27678273	0	1	595,	0,	chr6	27677950	27678261	retro_human_1250	0	+	H2AC13	311
chr6	27679674	27681024	ENSG00000278828[1,1,2]	0	+	27679747	27680155	0	1	1350,	0,	chr6	27679747	27680155	retro_human_1249	0	+	H3C10	408
chr6	27683925	27684501	ENSG00000276368[1,1,1]	0	-	27684030	27684414	0	1	576,	0,	chr6	27684054	27684288	retro_human_6347	0	-	H2AC14	234
chr6	27684645	27685213	ENSG00000273703[1,1,1]	0	+	27684717	27685095	0	1	568,	0,	chr6	27684816	27685095	retro_human_1248	0	+	H2BC14	279
chr6	27707382	27709205	ENSG00000233822[2,1,4]	0	+	27708334	27708712	0	1	1823,	0,	chr6	27707652	27707886	retro_human_6344	0	-	H2AC15	234
chr6	27707382	27709205	ENSG00000233822[2,1,4]	0	+	27708334	27708712	0	1	1823,	0,	chr6	27708433	27708712	retro_human_8822	0	+	H2BC15	279
chr6	27707502	27708098	ENSG00000275221[1,1,1]	0	-	27707622	27708012	0	1	596,	0,	chr6	27707652	27707886	retro_human_6344	0	-	H2AC15	234
chr6	27708167	27709205	ENSG00000233822[1,1,4]	0	+	27708334	27708712	0	1	1038,	0,	chr6	27708433	27708712	retro_human_8822	0	+	H2BC15	279
chr6	27734937	27735519	ENSG00000276903[1,1,1]	0	+	27735025	27735415	0	1	582,	0,	chr6	27735151	27735385	retro_human_8825	0	+	H2AC16	234
chr6	27741465	27742067	ENSG00000275379[1,1,1]	0	-	27741578	27741986	0	1	602,	0,	chr6	27741578	27741986	retro_human_6345	0	-	H3C11	408
chr6	27762299	27762886	ENSG00000278677[1,1,1]	0	-	27762410	27762800	0	1	587,	0,	chr6	27762440	27762674	retro_human_6343	0	-	H2AC17	234
chr6	27763025	27763592	ENSG00000274641[1,1,1]	0	+	27763113	27763491	0	1	567,	0,	chr6	27763212	27763491	retro_human_7082	0	+	H2BC17	279
chr6	28130975	28131857	ENSG00000189134[1,1,2]	0	+	28131212	28131464	0	1	882,	0,	chr6	28131428	28132306	retro_human_1620	0	+	NKAPL	429
chr6	28130975	28132737	ENSG00000189134[1,1,1]	0	+	28131100	28132306	0	1	1762,	0,	chr6	28131428	28132306	retro_human_1620	0	+	NKAPL	878
chr6	28131463	28131857	ENSG00000189134[2,1,2]	0	+	28131463	28131463	0	1	394,	0,	chr6	28131428	28132306	retro_human_1620	0	+	NKAPL	394
chr6	28132025	28132737	ENSG00000189134[3,1,1]	0	+	28132120	28132306	0	1	712,	0,	chr6	28131428	28132306	retro_human_1620	0	+	NKAPL	281
chr6	31662625	31675402	ENSG00000204390[5,4,1]	0	-	31663106	31665029	255	2	2417,139,	0,12638,	chr6	31663188	31665020	retro_human_7259	0	-	HSPA1L	1832
chr6	31662625	31675402	ENSG00000204390[5,4,1]	0	-	31663106	31665029	255	2	2417,139,	0,12638,	chr6	31668813	31670736	retro_human_2360	0	+	HSPA1A	1923
chr6	31662625	31668938	ENSG00000204390[3,2,1]	0	-	31663106	31665029	255	2	2417,301,	0,6012,	chr6	31663188	31665020	retro_human_7259	0	-	HSPA1L	1832
chr6	31662625	31674943	ENSG00000204390[4,3,1]	0	-	31663106	31665029	255	2	2417,871,	0,11447,	chr6	31663188	31665020	retro_human_7259	0	-	HSPA1L	1832
chr6	31662625	31674943	ENSG00000204390[4,3,1]	0	-	31663106	31665029	255	2	2417,871,	0,11447,	chr6	31668813	31670736	retro_human_2360	0	+	HSPA1A	1923
chr6	31662625	31668172	ENSG00000204390[2,1,1]	0	-	31663106	31665029	0	2	2417,227,	0,5320,	chr6	31663188	31665020	retro_human_7259	0	-	HSPA1L	1832
chr6	31668549	31671053	ENSG00000204389[1,1,1]	0	+	31668813	31670736	0	1	2504,	0,	chr6	31668813	31670736	retro_human_2360	0	+	HSPA1A	1923
chr6	31680751	31683367	ENSG00000204388[1,1,1]	0	+	31681014	31682937	0	1	2616,	0,	chr6	31681014	31682937	retro_human_2363	0	+	HSPA1B	1923
chr6	31680755	31692828	ENSG00000285565[2,1,1]	0	+	31681014	31688475	0	4	2062,41,200,227,	0,7714,9540,11846,	chr6	31681014	31682937	retro_human_2363	0	+	HSPA1B	1923
chr6	31752806	31755380	ENSG00000204366[1,1,1]	0	-	31753172	31754549	0	2	1763,300,	0,2274,	chr6	31753191	31754522	retro_human_2976	0	-	ZBTB12	1331
chr6	33135717	33139156	ENSG00000236104[1,1,1]	0	-	33136376	33138278	0	2	2630,142,	0,3297,	chr6	33136602	33138173	retro_human_2969	0	-	ZBTB22	1571
chr6	33135717	33139354	ENSG00000236104[2,2,1]	0	-	33136376	33138278	0	2	2630,115,	0,3522,	chr6	33136602	33138173	retro_human_2969	0	-	ZBTB22	1571
chr6	33275282	33276750	ENSG00000213588[2,2,2]	0	+	33275568	33276552	0	2	312,358,	0,1110,	chr6	33276524	33277852	retro_human_2357	0	+	ZBTB9	226
chr6	33275855	33278957	ENSG00000213588[1,3,1]	0	+	33276463	33277882	0	2	139,2565,	0,537,	chr6	33276524	33277852	retro_human_2357	0	+	ZBTB9	1328
chr6	33275855	33278957	ENSG00000213588[1,1,1]	0	+	33276463	33277882	0	2	283,2565,	0,537,	chr6	33276524	33277852	retro_human_2357	0	+	ZBTB9	1328
chr6	33276718	33277603	ENSG00000213588[3,4,4]	0	+	33276841	33277226	0	2	132,641,	0,244,	chr6	33276524	33277852	retro_human_2357	0	+	ZBTB9	885
chr6	64357285	64358962	ENSG00000198225[1,1,1]	0	+	64357446	64357770	0	1	1677,	0,	chr6	64357446	64357770	retro_human_2973	0	+	FKBP1C	324
chr6	78639164	78641283	ENSG00000135312[2,1,2]	0	-	78639693	78640863	0	1	2119,	0,	chr6	78639700	78640632	retro_human_10685	0	-	HTR1B	932
chr6	83582601	83586393	ENSG00000146242[2,2,3]	0	+	83584407	83585667	0	3	384,263,2325,	0,490,1467,	chr6	83584603	83585454	retro_human_4763	0	+	TPBG	851
chr6	83582601	83586916	ENSG00000146242[2,2,1]	0	+	83584407	83585667	0	3	384,263,2848,	0,490,1467,	chr6	83584603	83585454	retro_human_4763	0	+	TPBG	851
chr6	83583026	83590328	ENSG00000146242[4,1,2]	0	+	83584407	83585667	0	2	328,6260,	0,1042,	chr6	83584603	83585454	retro_human_4763	0	+	TPBG	851
chr6	83583212	83590328	ENSG00000146242[1,1,2]	0	+	83584407	83585667	0	2	142,6260,	0,856,	chr6	83584603	83585454	retro_human_4763	0	+	TPBG	851
chr6	83583212	83586916	ENSG00000146242[1,1,1]	0	+	83584407	83585667	0	2	142,2848,	0,856,	chr6	83584603	83585454	retro_human_4763	0	+	TPBG	851
chr6	83583212	83586393	ENSG00000146242[1,1,3]	0	+	83584407	83585667	0	2	142,2325,	0,856,	chr6	83584603	83585454	retro_human_4763	0	+	TPBG	851
chr6	83583639	83586916	ENSG00000146242[3,3,1]	0	+	83584407	83585667	0	2	136,2848,	0,429,	chr6	83584603	83585454	retro_human_4763	0	+	TPBG	851
chr6	113530693	113534758	ENSG00000251258[1,1,1]	0	+	113533122	113533911	0	3	128,129,1741,	0,1913,2324,	chr6	113533123	113533911	retro_human_222	0	+	RFPL4B	788
chr6	117433894	117438106	ENSG00000187189[1,1,1]	0	-	117436747	117437989	0	1	4212,	0,	chr6	117436820	117437878	retro_human_9063	0	-	TSPYL4	1058
chr6	117434112	117438106	ENSG00000187189[1,1,2]	0	-	117436747	117437989	0	1	3994,	0,	chr6	117436820	117437878	retro_human_9063	0	-	TSPYL4	1058
chr6	117437419	117438106	ENSG00000187189[1,1,3]	0	-	117437856	117437976	0	1	687,	0,	chr6	117436820	117437878	retro_human_9063	0	-	TSPYL4	459
chr6	117460512	117463962	ENSG00000189241[1,1,3]	0	-	117462498	117463812	0	1	3450,	0,	chr6	117462586	117463155	retro_human_9061	0	-	TSPYL1	569
chr6	150600088	150601205	ENSG00000177688[1,1,1]	0	+	150600268	150600553	0	1	1117,	0,	chr6	150600268	150600553	retro_human_5189	0	+	SUMO4	285
chr6	152135478	152136177	ENSG00000218996[1,1,1]	0	+	152135848	152136019	0	1	699,	0,	chr6	152135528	152136127	retro_human_10283|ARL4AP5-201|processed_pseudogene	0	+	ARL4AP5	599
chr6	167963626	167965718	ENSG00000235272[1,1,1]	0	-	167964196	167964550	0	1	2092,	0,	chr6	167964196	167964550	retro_human_3996	0	-	RAMACL	354
chr6	168538895	168541054	ENSG00000120436[2,1,2]	0	-	168539549	168540506	0	1	2159,	0,	chr6	168539598	168540305	retro_human_3998	0	-	GPR31	707
chr7	4974889	4979282	ENSG00000218823[1,1,1]	0	-	4977101	4979012	0	1	4393,	0,	chr7	4976882	4979009	retro_human_9482	0	-	PAPOLB	2127
chr7	12817878	12820302	ENSG00000122644[2,1,3]	0	+	12819327	12819927	0	2	923,1064,	0,1360,	chr7	12819352	12819879	retro_human_11092	0	+	ARL4A	527
chr7	12817878	12820302	ENSG00000122644[2,5,3]	0	+	12819327	12819927	0	2	923,1061,	0,1363,	chr7	12819352	12819879	retro_human_11092	0	+	ARL4A	527
chr7	12817878	12821838	ENSG00000122644[2,4,8]	0	+	12819327	12819927	0	2	238,2597,	0,1363,	chr7	12819352	12819879	retro_human_11092	0	+	ARL4A	527
chr7	12817878	12821604	ENSG00000122644[2,4,7]	0	+	12819327	12819927	0	2	238,2363,	0,1363,	chr7	12819352	12819879	retro_human_11092	0	+	ARL4A	527
chr7	12817878	12821255	ENSG00000122644[2,4,6]	0	+	12819327	12819927	0	2	238,2014,	0,1363,	chr7	12819352	12819879	retro_human_11092	0	+	ARL4A	527
chr7	12817878	12821043	ENSG00000122644[2,4,5]	0	+	12819327	12819927	0	2	238,1802,	0,1363,	chr7	12819352	12819879	retro_human_11092	0	+	ARL4A	527
chr7	12817878	12820037	ENSG00000122644[2,4,2]	0	+	12819327	12819927	0	2	238,796,	0,1363,	chr7	12819352	12819879	retro_human_11092	0	+	ARL4A	527
chr7	12817878	12820302	ENSG00000122644[2,4,3]	0	+	12819327	12819927	0	2	238,1061,	0,1363,	chr7	12819352	12819879	retro_human_11092	0	+	ARL4A	527
chr7	12817878	12820302	ENSG00000122644[2,2,3]	0	+	12819327	12819927	0	3	238,94,1064,	0,829,1360,	chr7	12819352	12819879	retro_human_11092	0	+	ARL4A	527
chr7	12817878	12821838	ENSG00000122644[2,3,8]	0	+	12819327	12819927	0	2	238,2600,	0,1360,	chr7	12819352	12819879	retro_human_11092	0	+	ARL4A	527
chr7	12817878	12821604	ENSG00000122644[2,3,7]	0	+	12819327	12819927	0	2	238,2366,	0,1360,	chr7	12819352	12819879	retro_human_11092	0	+	ARL4A	527
chr7	12817878	12821255	ENSG00000122644[2,3,6]	0	+	12819327	12819927	0	2	238,2017,	0,1360,	chr7	12819352	12819879	retro_human_11092	0	+	ARL4A	527
chr7	12817878	12821043	ENSG00000122644[2,3,5]	0	+	12819327	12819927	0	2	238,1805,	0,1360,	chr7	12819352	12819879	retro_human_11092	0	+	ARL4A	527
chr7	12817878	12820037	ENSG00000122644[2,3,2]	0	+	12819327	12819927	0	2	238,799,	0,1360,	chr7	12819352	12819879	retro_human_11092	0	+	ARL4A	527
chr7	12817878	12820302	ENSG00000122644[2,3,3]	0	+	12819327	12819927	0	2	238,1064,	0,1360,	chr7	12819352	12819879	retro_human_11092	0	+	ARL4A	527
chr7	12818147	12819529	ENSG00000122644[4,1,4]	0	+	12818598	12819455	0	2	654,291,	0,1091,	chr7	12819352	12819879	retro_human_11092	0	+	ARL4A	177
chr7	12818655	12821838	ENSG00000122644[1,1,8]	0	+	12819327	12819927	0	2	146,2600,	0,583,	chr7	12819352	12819879	retro_human_11092	0	+	ARL4A	527
chr7	12818655	12821604	ENSG00000122644[1,1,7]	0	+	12819327	12819927	0	2	146,2366,	0,583,	chr7	12819352	12819879	retro_human_11092	0	+	ARL4A	527
chr7	12818655	12821255	ENSG00000122644[1,1,6]	0	+	12819327	12819927	0	2	146,2017,	0,583,	chr7	12819352	12819879	retro_human_11092	0	+	ARL4A	527
chr7	12818655	12821043	ENSG00000122644[1,1,5]	0	+	12819327	12819927	0	2	146,1805,	0,583,	chr7	12819352	12819879	retro_human_11092	0	+	ARL4A	527
chr7	12818655	12820302	ENSG00000122644[1,1,3]	0	+	12819327	12819927	0	2	146,1064,	0,583,	chr7	12819352	12819879	retro_human_11092	0	+	ARL4A	527
chr7	12818655	12820037	ENSG00000122644[1,1,2]	0	+	12819327	12819927	0	2	146,799,	0,583,	chr7	12819352	12819879	retro_human_11092	0	+	ARL4A	527
chr7	12818655	12821838	ENSG00000122644[1,5,8]	0	+	12819327	12819927	0	2	146,2597,	0,586,	chr7	12819352	12819879	retro_human_11092	0	+	ARL4A	527
chr7	12818655	12821604	ENSG00000122644[1,5,7]	0	+	12819327	12819927	0	2	146,2363,	0,586,	chr7	12819352	12819879	retro_human_11092	0	+	ARL4A	527
chr7	12818655	12821255	ENSG00000122644[1,5,6]	0	+	12819327	12819927	0	2	146,2014,	0,586,	chr7	12819352	12819879	retro_human_11092	0	+	ARL4A	527
chr7	12818655	12821043	ENSG00000122644[1,5,5]	0	+	12819327	12819927	0	2	146,1802,	0,586,	chr7	12819352	12819879	retro_human_11092	0	+	ARL4A	527
chr7	12818655	12820302	ENSG00000122644[1,5,3]	0	+	12819327	12819927	0	2	146,1061,	0,586,	chr7	12819352	12819879	retro_human_11092	0	+	ARL4A	527
chr7	12818655	12820037	ENSG00000122644[1,5,2]	0	+	12819327	12819927	0	2	146,796,	0,586,	chr7	12819352	12819879	retro_human_11092	0	+	ARL4A	527
chr7	45042820	45045824	ENSG00000146676[2,1,2]	0	-	45044825	45045761	0	1	3004,	0,	chr7	45044994	45045695	retro_human_7559	0	-	PURB	701
chr7	45043302	45045824	ENSG00000146676[2,1,3]	0	-	45044825	45045761	0	1	2522,	0,	chr7	45044994	45045695	retro_human_7559	0	-	PURB	701
chr7	45045315	45046856	ENSG00000272768[1,1,1]	0	+	45045315	45045315	0	1	1541,	0,	chr7	45044994	45045695	retro_human_7559	0	-	PURB	380
chr7	50603595	50611655	ENSG00000132436[1,17,5]	0	-	50606480	50608502	255	5	4917,88,109,606,140,	0,5587,5800,6737,7920,	chr7	50606490	50607377	retro_human_2128	0	-	FIGNL1	887
chr7	50605292	50611655	ENSG00000132436[1,16,1]	0	-	50606480	50608502	255	4	3220,88,1543,140,	0,3890,4103,6223,	chr7	50606490	50607377	retro_human_2128	0	-	FIGNL1	887
chr7	50605292	50611655	ENSG00000132436[1,20,1]	0	-	50606480	50608502	255	5	3220,88,109,161,140,	0,3890,4103,5485,6223,	chr7	50606490	50607377	retro_human_2128	0	-	FIGNL1	887
chr7	50605292	50611655	ENSG00000132436[1,19,1]	0	-	50606480	50608502	255	4	3220,109,179,140,	0,4103,5467,6223,	chr7	50606490	50607377	retro_human_2128	0	-	FIGNL1	887
chr7	50605292	50611655	ENSG00000132436[1,15,1]	0	-	50606480	50608502	255	3	3220,1543,140,	0,4103,6223,	chr7	50606490	50607377	retro_human_2128	0	-	FIGNL1	887
chr7	50605292	50611655	ENSG00000132436[1,18,1]	0	-	50606480	50608502	255	4	3220,109,224,140,	0,4103,5422,6223,	chr7	50606490	50607377	retro_human_2128	0	-	FIGNL1	887
chr7	50605292	50611655	ENSG00000132436[1,17,1]	0	-	50606480	50608502	255	5	3220,88,109,606,140,	0,3890,4103,5040,6223,	chr7	50606490	50607377	retro_human_2128	0	-	FIGNL1	887
chr7	50605292	50611655	ENSG00000132436[1,3,1]	0	-	50606480	50608502	0	2	3220,140,	0,6223,	chr7	50606490	50607377	retro_human_2128	0	-	FIGNL1	887
chr7	50605292	50611655	ENSG00000132436[1,4,1]	0	-	50606480	50608502	0	3	3220,109,140,	0,4103,6223,	chr7	50606490	50607377	retro_human_2128	0	-	FIGNL1	887
chr7	50605292	50611655	ENSG00000132436[1,13,1]	0	-	50606480	50608502	0	5	3220,88,109,224,140,	0,3890,4103,5422,6223,	chr7	50606490	50607377	retro_human_2128	0	-	FIGNL1	887
chr7	50605292	50611655	ENSG00000132436[1,9,1]	0	-	50606480	50608169	0	4	2939,166,109,140,	0,3054,4103,6223,	chr7	50606490	50607377	retro_human_2128	0	-	FIGNL1	887
chr7	50605292	50611655	ENSG00000132436[1,1,1]	0	-	50606480	50608502	0	4	3220,109,606,140,	0,4103,5040,6223,	chr7	50606490	50607377	retro_human_2128	0	-	FIGNL1	887
chr7	50605292	50611655	ENSG00000132436[1,12,1]	0	-	50606480	50608502	0	4	3220,88,109,140,	0,3890,4103,6223,	chr7	50606490	50607377	retro_human_2128	0	-	FIGNL1	887
chr7	50605292	50611655	ENSG00000132436[1,14,1]	0	-	50606480	50608502	0	5	3220,88,109,179,140,	0,3890,4103,5467,6223,	chr7	50606490	50607377	retro_human_2128	0	-	FIGNL1	887
chr7	50605292	50611655	ENSG00000132436[1,2,1]	0	-	50606480	50608502	0	2	3220,2260,	0,4103,	chr7	50606490	50607377	retro_human_2128	0	-	FIGNL1	887
chr7	50605292	50611655	ENSG00000132436[1,7,1]	0	-	50606480	50608502	0	4	3220,109,161,140,	0,4103,5485,6223,	chr7	50606490	50607377	retro_human_2128	0	-	FIGNL1	887
chr7	50605292	50611655	ENSG00000132436[1,6,1]	0	-	50606480	50608502	0	4	3220,109,168,140,	0,4103,5478,6223,	chr7	50606490	50607377	retro_human_2128	0	-	FIGNL1	887
chr7	50605641	50611655	ENSG00000132436[1,20,4]	0	-	50606480	50608502	255	5	2871,88,109,161,140,	0,3541,3754,5136,5874,	chr7	50606490	50607377	retro_human_2128	0	-	FIGNL1	887
chr7	50605641	50611655	ENSG00000132436[1,19,4]	0	-	50606480	50608502	255	4	2871,109,179,140,	0,3754,5118,5874,	chr7	50606490	50607377	retro_human_2128	0	-	FIGNL1	887
chr7	50605641	50611655	ENSG00000132436[1,15,4]	0	-	50606480	50608502	255	3	2871,1543,140,	0,3754,5874,	chr7	50606490	50607377	retro_human_2128	0	-	FIGNL1	887
chr7	50605641	50611655	ENSG00000132436[1,18,4]	0	-	50606480	50608502	255	4	2871,109,224,140,	0,3754,5073,5874,	chr7	50606490	50607377	retro_human_2128	0	-	FIGNL1	887
chr7	50605641	50611655	ENSG00000132436[1,17,4]	0	-	50606480	50608502	255	5	2871,88,109,606,140,	0,3541,3754,4691,5874,	chr7	50606490	50607377	retro_human_2128	0	-	FIGNL1	887
chr7	50605641	50611655	ENSG00000132436[1,3,4]	0	-	50606480	50608502	0	2	2871,140,	0,5874,	chr7	50606490	50607377	retro_human_2128	0	-	FIGNL1	887
chr7	50605641	50611655	ENSG00000132436[1,4,4]	0	-	50606480	50608502	0	3	2871,109,140,	0,3754,5874,	chr7	50606490	50607377	retro_human_2128	0	-	FIGNL1	887
chr7	50605641	50611655	ENSG00000132436[1,13,4]	0	-	50606480	50608502	0	5	2871,88,109,224,140,	0,3541,3754,5073,5874,	chr7	50606490	50607377	retro_human_2128	0	-	FIGNL1	887
chr7	50605641	50611655	ENSG00000132436[1,9,4]	0	-	50606480	50608169	0	4	2590,166,109,140,	0,2705,3754,5874,	chr7	50606490	50607377	retro_human_2128	0	-	FIGNL1	887
chr7	50605641	50611655	ENSG00000132436[1,1,4]	0	-	50606480	50608502	0	4	2871,109,606,140,	0,3754,4691,5874,	chr7	50606490	50607377	retro_human_2128	0	-	FIGNL1	887
chr7	50605641	50611655	ENSG00000132436[1,12,4]	0	-	50606480	50608502	0	4	2871,88,109,140,	0,3541,3754,5874,	chr7	50606490	50607377	retro_human_2128	0	-	FIGNL1	887
chr7	50605641	50611655	ENSG00000132436[1,14,4]	0	-	50606480	50608502	0	5	2871,88,109,179,140,	0,3541,3754,5118,5874,	chr7	50606490	50607377	retro_human_2128	0	-	FIGNL1	887
chr7	50605641	50611655	ENSG00000132436[1,7,4]	0	-	50606480	50608502	0	4	2871,109,161,140,	0,3754,5136,5874,	chr7	50606490	50607377	retro_human_2128	0	-	FIGNL1	887
chr7	50605641	50611655	ENSG00000132436[1,6,4]	0	-	50606480	50608502	0	4	2871,109,168,140,	0,3754,5129,5874,	chr7	50606490	50607377	retro_human_2128	0	-	FIGNL1	887
chr7	50606306	50610989	ENSG00000132436[2,2,2]	0	-	50606480	50608502	0	2	2206,1594,	0,3089,	chr7	50606490	50607377	retro_human_2128	0	-	FIGNL1	887
chr7	74634221	74636664	ENSG00000188763[1,1,1]	0	+	74634501	74636274	0	1	2443,	0,	chr7	74634586	74636154	retro_human_8835	0	+	FZD9	1568
chr7	74634555	74636664	ENSG00000188763[2,1,1]	0	+	74634636	74636274	0	1	2109,	0,	chr7	74634586	74636154	retro_human_8835	0	+	FZD9	1568
chr7	74969823	74971197	ENSG00000165215[1,1,1]	0	-	74970266	74970926	0	1	1374,	0,	chr7	74970318	74970917	retro_human_5727	0	-	CLDN3	599
chr7	75028582	75033635	ENSG00000189143[2,2,1]	0	+	75032096	75032723	0	2	128,4141,	0,912,	chr7	75032097	75032669	retro_human_8832	0	+	CLDN4	572
chr7	75029017	75033635	ENSG00000189143[3,3,1]	0	+	75032096	75032723	0	2	74,4141,	0,477,	chr7	75032097	75032669	retro_human_8832	0	+	CLDN4	572
chr7	75031707	75033635	ENSG00000189143[5,1,1]	0	+	75032096	75032723	0	1	1928,	0,	chr7	75032097	75032669	retro_human_8832	0	+	CLDN4	572
chr7	75031840	75033635	ENSG00000189143[1,1,1]	0	+	75032096	75032723	0	1	1795,	0,	chr7	75032097	75032669	retro_human_8832	0	+	CLDN4	572
chr7	92512227	92518990	ENSG00000157240[1,1,6]	0	+	92512725	92514666	0	1	6763,	0,	chr7	92513071	92514627	retro_human_5068	0	+	FZD1	1556
chr7	92512227	92517097	ENSG00000157240[1,1,5]	0	+	92512725	92514666	0	1	4870,	0,	chr7	92513071	92514627	retro_human_5068	0	+	FZD1	1556
chr7	92512227	92516945	ENSG00000157240[1,1,4]	0	+	92512725	92514666	0	1	4718,	0,	chr7	92513071	92514627	retro_human_5068	0	+	FZD1	1556
chr7	92512227	92516609	ENSG00000157240[1,1,3]	0	+	92512725	92514666	0	1	4382,	0,	chr7	92513071	92514627	retro_human_5068	0	+	FZD1	1556
chr7	92512227	92515028	ENSG00000157240[1,1,2]	0	+	92512725	92514666	0	1	2801,	0,	chr7	92513071	92514627	retro_human_5068	0	+	FZD1	1556
chr7	92512227	92519219	ENSG00000157240[1,1,1]	0	+	92512725	92514666	0	1	6992,	0,	chr7	92513071	92514627	retro_human_5068	0	+	FZD1	1556
chr7	92512993	92517097	ENSG00000157240[2,1,5]	0	+	92513124	92514666	0	1	4104,	0,	chr7	92513071	92514627	retro_human_5068	0	+	FZD1	1556
chr7	92512993	92516945	ENSG00000157240[2,1,4]	0	+	92513124	92514666	0	1	3952,	0,	chr7	92513071	92514627	retro_human_5068	0	+	FZD1	1556
chr7	92512993	92516609	ENSG00000157240[2,1,3]	0	+	92513124	92514666	0	1	3616,	0,	chr7	92513071	92514627	retro_human_5068	0	+	FZD1	1556
chr7	92512993	92515028	ENSG00000157240[2,1,2]	0	+	92513124	92514666	0	1	2035,	0,	chr7	92513071	92514627	retro_human_5068	0	+	FZD1	1556
chr7	100809482	100814920	ENSG00000197343[2,23,11]	0	+	100811931	100812915	0	2	1644,3342,	0,2096,	chr7	100811587	100813116	retro_human_5451	0	+	ZNF655	1529
chr7	124017617	124018972	ENSG00000235631[1,1,1]	0	-	124017835	124018750	0	1	1355,	0,	chr7	124017836	124018663	retro_human_3486	0	-	RNF148	827
chr7	125793838	125794523	ENSG00000230268[1,1,1]	0	+	125793888	125794470	0	1	685,	0,	chr7	125793888	125794470	retro_human_4657	0	+	SSU72L6	582
chr7	129338700	129342735	ENSG00000128594[2,1,1]	0	-	129340361	129342320	0	2	3720,143,	0,3892,	chr7	129340362	129342188	retro_human_9363	0	-	LRRC4	1826
chr7	129341788	129342735	ENSG00000128594[2,2,2]	0	-	129342055	129342277	0	2	514,143,	0,804,	chr7	129340362	129342188	retro_human_9363	0	-	LRRC4	400
chr7	129341986	129343351	ENSG00000128594[3,3,3]	0	-	129342055	129342277	0	3	434,84,165,	0,606,1200,	chr7	129340362	129342188	retro_human_9363	0	-	LRRC4	202
chr7	145035391	145038099	ENSG00000271321[1,1,1]	0	-	145035680	145038011	0	1	2708,	0,	chr7	145035885	145038011	retro_human_10182	0	-	CTAGE6	2126
chr8	11040231	11042491	ENSG00000253958[1,1,1]	0	-	11041103	11041979	0	1	2260,	0,	chr8	11041569	11041847	retro_human_10062	0	-	CLDN23	278
chr8	11040231	11042209	ENSG00000253958[2,1,1]	0	-	11041103	11041979	0	1	1978,	0,	chr8	11041569	11041847	retro_human_10062	0	-	CLDN23	278
chr8	48112579	48114182	ENSG00000221869[3,1,1]	0	-	48113030	48113837	0	1	1603,	0,	chr8	48113073	48113801	retro_human_7999	0	-	CEBPD	728
chr8	48112579	48113931	ENSG00000221869[1,1,1]	0	-	48113030	48113837	0	1	1352,	0,	chr8	48113073	48113801	retro_human_7999	0	-	CEBPD	728
chr8	48112579	48114853	ENSG00000221869[2,1,1]	0	-	48113030	48113837	0	1	2274,	0,	chr8	48113073	48113801	retro_human_7999	0	-	CEBPD	728
chr8	82125290	82127936	ENSG00000253598[2,1,1]	0	-	82125368	82126682	0	1	2646,	0,	chr8	82125429	82126412	retro_human_6011	0	-	SLC10A5	983
chr8	86095150	86101848	ENSG00000205176[1,1,1]	0	-	86095150	86095150	0	1	6698,	0,	chr8	86093448	86097273	REXO1L3P-201|processed_pseudogene	0	-	LOC128966661	2123
chr8	88994060	88997424	ENSG00000176566[1,1,1]	0	-	88996145	88997330	0	1	3364,	0,	chr8	88996148	88997400	retro_human_275	0	-	DCAF4L2	1252
chr8	88995274	88997424	ENSG00000176566[1,1,2]	0	-	88996145	88997330	0	1	2150,	0,	chr8	88996148	88997400	retro_human_275	0	-	DCAF4L2	1252
chr8	98399203	98402900	ENSG00000180543[6,2,1]	0	-	98399786	98401517	255	2	925,1496,	0,2201,	chr8	98402467	98403036	retro_human_663	0	-	TSPYL5	433
chr8	98399203	98403743	ENSG00000180543[1,2,1]	0	-	98402358	98403609	255	2	925,2339,	0,2201,	chr8	98402467	98403036	retro_human_663	0	-	TSPYL5	569
chr8	98399203	98402900	ENSG00000180543[6,1,1]	0	-	98401776	98402166	0	1	3697,	0,	chr8	98402467	98403036	retro_human_663	0	-	TSPYL5	433
chr8	98399203	98403743	ENSG00000180543[1,1,1]	0	-	98402358	98403609	0	1	4540,	0,	chr8	98402467	98403036	retro_human_663	0	-	TSPYL5	569
chr8	99552365	99558361	ENSG00000156486[1,1,1]	0	+	99553437	99554868	0	2	422,4966,	0,1030,	chr8	99553483	99554844	retro_human_4949	0	+	KCNS2	1361
chr8	99552686	99555612	ENSG00000156486[3,1,4]	0	+	99553437	99554868	0	2	101,2217,	0,709,	chr8	99553483	99554844	retro_human_4949	0	+	KCNS2	1361
chr8	99552686	99555282	ENSG00000156486[3,1,3]	0	+	99553437	99554868	0	2	101,1887,	0,709,	chr8	99553483	99554844	retro_human_4949	0	+	KCNS2	1361
chr9	110302	112377	ENSG00000170122[2,1,1]	0	-	110924	112241	0	1	2075,	0,	chr9	111663	111965	retro_human_4877	0	-	FOXD4	302
chr9	4665917	4668982	ENSG00000205808[1,1,1]	0	+	4666049	4666934	0	1	3065,	0,	chr9	4666305	4666925	retro_human_2384	0	+	PLPP6	620
chr9	4666390	4668982	ENSG00000205808[2,1,1]	0	+	4666448	4666934	0	1	2592,	0,	chr9	4666305	4666925	retro_human_2384	0	+	PLPP6	535
chr9	19062241	19063940	ENSG00000155876[1,1,1]	0	+	19062524	19063463	0	1	1699,	0,	chr9	19062522	19063463	retro_human_2017	0	+	RRAGA	941
chr9	21338193	21349624	ENSG00000198642[1,2,2]	0	-	21347178	21349029	255	2	296,2549,	0,8882,	chr9	21347191	21349092	retro_human_11044	0	-	KLHL9	1901
chr9	21343782	21349624	ENSG00000198642[1,1,1]	0	-	21347178	21349029	0	1	5842,	0,	chr9	21347191	21349092	retro_human_11044	0	-	KLHL9	1901
chr9	21345137	21349624	ENSG00000198642[1,1,3]	0	-	21347178	21349029	0	1	4487,	0,	chr9	21347191	21349092	retro_human_11044	0	-	KLHL9	1901
chr9	21345664	21349624	ENSG00000198642[1,1,4]	0	-	21347178	21349029	0	1	3960,	0,	chr9	21347191	21349092	retro_human_11044	0	-	KLHL9	1901
chr9	21346138	21349624	ENSG00000198642[1,1,5]	0	-	21347178	21349029	0	1	3486,	0,	chr9	21347191	21349092	retro_human_11044	0	-	KLHL9	1901
chr9	80476503	80478642	ENSG00000187559[1,1,2]	0	+	80476638	80477889	0	1	2139,	0,	chr9	80476927	80477226	retro_human_6174	0	+	FOXD4L3	299
chr9	80953538	80957999	ENSG00000187866[1,1,5]	0	+	80953562	80954549	0	1	4461,	0,	chr9	80953689	80954549	retro_human_6179	0	+	PABIR1	860
chr9	80953538	80957174	ENSG00000187866[1,1,4]	0	+	80953562	80954549	0	1	3636,	0,	chr9	80953689	80954549	retro_human_6179	0	+	PABIR1	860
chr9	80953538	80955331	ENSG00000187866[1,1,3]	0	+	80953562	80954549	0	1	1793,	0,	chr9	80953689	80954549	retro_human_6179	0	+	PABIR1	860
chr9	80953538	80958182	ENSG00000187866[1,1,2]	0	+	80953562	80954549	0	1	4644,	0,	chr9	80953689	80954549	retro_human_6179	0	+	PABIR1	860
chr9	101158944	101167694	ENSG00000213694[2,2,1]	0	+	101163689	101164823	0	1	8750,	0,	chr9	101163732	101164631	retro_human_1508	0	+	S1PR3	899
chr9	101163728	101167694	ENSG00000213694[4,2,1]	0	+	101163863	101164823	0	1	3966,	0,	chr9	101163732	101164631	retro_human_1508	0	+	S1PR3	899
chr9	101163728	101166937	ENSG00000213694[4,2,4]	0	+	101163863	101164823	0	1	3209,	0,	chr9	101163732	101164631	retro_human_1508	0	+	S1PR3	899
chr9	101163983	101167694	ENSG00000213694[5,2,1]	0	+	101164040	101164823	0	1	3711,	0,	chr9	101163732	101164631	retro_human_1508	0	+	S1PR3	648
chr9	101163983	101166937	ENSG00000213694[5,2,4]	0	+	101164040	101164823	0	1	2954,	0,	chr9	101163732	101164631	retro_human_1508	0	+	S1PR3	648
chr9	113766305	113769823	ENSG00000188386[1,1,1]	0	-	113769163	113769682	0	1	3518,	0,	chr9	113769164	113769673	retro_human_404	0	-	PPP3R2	509
chr9	121023665	121026145	ENSG00000148156[2,1,1]	0	-	121023813	121025058	0	1	2480,	0,	chr9	121023814	121024917	retro_human_26	0	-	ACTL7B	1103
chr9	135105230	135110598	ENSG00000186130[1,1,1]	0	-	135108025	135109297	0	2	4076,123,	0,5245,	chr9	135108047	135109264	retro_human_284	0	-	ZBTB6	1217
chr9	135106356	135110598	ENSG00000186130[1,1,2]	0	-	135108025	135109297	0	2	2950,123,	0,4119,	chr9	135108047	135109264	retro_human_284	0	-	ZBTB6	1217
chr9	139037098	139042893	ENSG00000169155[2,2,2]	0	+	139038249	139039650	0	1	5795,	0,	chr9	139038310	139039590	retro_human_8698	0	+	ZBTB43	1280
chr9	149538351	149540241	ENSG00000198435[1,1,2]	0	-	149539506	149539848	0	1	1890,	0,	chr9	149539534	149539800	retro_human_4868	0	-	NRARP	266
chrX	15750333	15754419	ENSG00000182798[1,1,1]	0	+	15753287	15754295	0	2	353,1181,	0,2905,	chrX	15753609	15754202	retro_human_5458	0	+	MAGEB17	593
chrX	21439237	21442091	ENSG00000230797[1,1,1]	0	+	21439785	21440901	0	1	2854,	0,	chrX	21439954	21440898	retro_human_5461	0	+	YY2	944
chrX	22583434	22587164	ENSG00000184735[1,1,1]	0	+	22583582	22585475	0	1	3730,	0,	chrX	22583664	22585451	retro_human_89	0	+	DDX53	1787
chrX	23895043	23897552	ENSG00000223611[2,1,2]	0	-	23895043	23895043	0	1	2509,	0,	chrX	23895093	23897502	retro_human_9590|SUPT20HL2-201|processed_pseudogene	0	-	SUPT20HL2	2409
chrX	27050484	27053719	ENSG00000224960[1,1,1]	0	-	27051128	27053624	0	1	3235,	0,	chrX	27051129	27053624	retro_human_9592	0	-	PPP4R3C	2495
chrX	29807854	29812490	ENSG00000099399[1,2,1]	0	+	29810930	29811887	255	2	143,1612,	0,3024,	chrX	29811261	29811851	retro_human_491	0	+	MAGEB2	590
chrX	29807854	29812490	ENSG00000099399[1,3,1]	0	+	29810930	29811887	255	2	240,1565,	0,3071,	chrX	29811261	29811851	retro_human_491	0	+	MAGEB2	590
chrX	29807854	29812490	ENSG00000099399[1,1,1]	0	+	29810930	29811887	0	2	143,1565,	0,3071,	chrX	29811261	29811851	retro_human_491	0	+	MAGEB2	590
chrX	29834300	29836588	ENSG00000120289[1,1,1]	0	+	29834486	29835524	0	1	2288,	0,	chrX	29834808	29835431	retro_human_3004	0	+	MAGEB4	623
chrX	29839446	29844442	ENSG00000214107[1,4,1]	0	+	29842845	29843886	255	2	377,1657,	0,3339,	chrX	29843188	29843793	retro_human_494	0	+	MAGEB1	605
chrX	29839446	29844442	ENSG00000214107[1,1,1]	0	+	29842845	29843886	0	2	161,1657,	0,3339,	chrX	29843188	29843793	retro_human_494	0	+	MAGEB1	605
chrX	48239317	48240683	ENSG00000187682[2,2,2]	0	+	48239618	48240317	0	1	1366,	0,	chrX	48239733	48240227	retro_human_6788	0	+	ERAS	494
chrX	49195787	49198498	ENSG00000273820[2,1,1]	0	+	49196197	49197511	0	1	2711,	0,	chrX	49195874	49197475	retro_human_1091	0	+	USP27X	1601
chrX	50603883	50608860	ENSG00000122824[3,1,1]	0	+	50604249	50604741	0	2	860,1337,	0,3640,	chrX	50604250	50604774	retro_human_1088	0	+	NUDT10	524
chrX	50604055	50608860	ENSG00000122824[1,1,1]	0	+	50604249	50604741	0	2	688,1337,	0,3468,	chrX	50604250	50604774	retro_human_1088	0	+	NUDT10	524
chrX	50888195	50890188	ENSG00000224109[1,1,1]	0	-	50889283	50890144	0	1	1993,	0,	chrX	50889317	50889820	retro_human_285	0	-	CENPVL3	503
chrX	50952587	50954307	ENSG00000283093[1,1,1]	0	-	50953441	50954257	0	1	1720,	0,	chrX	50953528	50953978	retro_human_9378	0	-	CENPVL2	450
chrX	50982113	50983833	ENSG00000223591[1,1,1]	0	+	50982163	50982979	0	1	1720,	0,	chrX	50982442	50982892	retro_human_1094	0	+	CENPVL1	450
chrX	51015048	51017634	ENSG00000189369[1,1,4]	0	+	51015283	51017167	0	1	2586,	0,	chrX	51015311	51017167	retro_human_8075	0	+	GSPT2	1856
chrX	51015048	51016041	ENSG00000189369[1,1,3]	0	+	51015371	51015635	0	1	993,	0,	chrX	51015311	51017167	retro_human_8075	0	+	GSPT2	730
chrX	51015048	51015874	ENSG00000189369[1,1,2]	0	+	51015371	51015635	0	1	826,	0,	chrX	51015311	51017167	retro_human_8075	0	+	GSPT2	563
chrX	51015048	51017939	ENSG00000189369[1,1,1]	0	+	51015283	51017167	0	1	2891,	0,	chrX	51015311	51017167	retro_human_8075	0	+	GSPT2	1856
chrX	51016592	51017939	ENSG00000189369[2,1,1]	0	+	51016606	51017167	0	1	1347,	0,	chrX	51015311	51017167	retro_human_8075	0	+	GSPT2	575
chrX	51016592	51017634	ENSG00000189369[2,1,4]	0	+	51016606	51017167	0	1	1042,	0,	chrX	51015311	51017167	retro_human_8075	0	+	GSPT2	575
chrX	54777114	54781801	ENSG00000247746[3,3,1]	0	+	54777427	54779560	0	2	84,4423,	0,264,	chrX	54777977	54779554	retro_human_2242	0	+	USP51	1577
chrX	55856890	55861232	ENSG00000188021[1,1,1]	0	+	55857187	55859059	0	1	4342,	0,	chrX	55857278	55859059	retro_human_2248	0	+	UBQLN2	1781
chrX	56289606	56294703	ENSG00000204271[1,13,1]	0	-	56292999	56293773	0	3	1803,1163,662,	0,3006,4435,	chrX	56293000	56293773	retro_human_8086	0	-	SPIN3	773
chrX	56289606	56294703	ENSG00000204271[1,8,1]	0	-	56291271	56293773	0	3	1803,227,662,	0,3942,4435,	chrX	56293000	56293773	retro_human_8086	0	-	SPIN3	773
chrX	56289606	56294703	ENSG00000204271[1,5,1]	0	-	56292999	56293773	0	2	4169,597,	0,4500,	chrX	56293000	56293773	retro_human_8086	0	-	SPIN3	773
chrX	56289606	56294703	ENSG00000204271[1,30,1]	0	-	56292702	56293773	0	4	1803,102,227,662,	0,3006,3942,4435,	chrX	56293000	56293773	retro_human_8086	0	-	SPIN3	773
chrX	56289606	56294703	ENSG00000204271[1,36,1]	0	-	56292702	56293773	0	4	1803,102,227,636,	0,3006,3942,4461,	chrX	56293000	56293773	retro_human_8086	0	-	SPIN3	773
chrX	56289606	56294703	ENSG00000204271[1,4,1]	0	-	56292999	56293773	0	2	4169,636,	0,4461,	chrX	56293000	56293773	retro_human_8086	0	-	SPIN3	773
chrX	56289606	56294703	ENSG00000204271[1,2,1]	0	-	56292999	56293773	0	1	5097,	0,	chrX	56293000	56293773	retro_human_8086	0	-	SPIN3	773
chrX	56289606	56294703	ENSG00000204271[1,3,1]	0	-	56292999	56293773	0	2	4169,819,	0,4278,	chrX	56293000	56293773	retro_human_8086	0	-	SPIN3	773
chrX	56289606	56294703	ENSG00000204271[1,1,1]	0	-	56292999	56293773	0	2	4169,662,	0,4435,	chrX	56293000	56293773	retro_human_8086	0	-	SPIN3	773
chrX	56291555	56294703	ENSG00000204271[1,5,17]	0	-	56292999	56293773	0	2	2220,597,	0,2551,	chrX	56293000	56293773	retro_human_8086	0	-	SPIN3	773
chrX	56291555	56294703	ENSG00000204271[1,4,17]	0	-	56292999	56293773	0	2	2220,636,	0,2512,	chrX	56293000	56293773	retro_human_8086	0	-	SPIN3	773
chrX	56291555	56294703	ENSG00000204271[1,2,17]	0	-	56292999	56293773	0	1	3148,	0,	chrX	56293000	56293773	retro_human_8086	0	-	SPIN3	773
chrX	56291555	56294703	ENSG00000204271[1,1,17]	0	-	56292999	56293773	0	2	2220,662,	0,2486,	chrX	56293000	56293773	retro_human_8086	0	-	SPIN3	773
chrX	56890410	56896336	ENSG00000198455[2,1,1]	0	+	56890857	56893266	0	1	5926,	0,	chrX	56891668	56893266	retro_human_1145	0	+	ZXDB	1598
chrX	56890769	56896336	ENSG00000198455[1,1,1]	0	+	56890857	56893266	0	1	5567,	0,	chrX	56891668	56893266	retro_human_1145	0	+	ZXDB	1598
chrX	56890769	56893625	ENSG00000198455[1,1,2]	0	+	56890857	56893266	0	1	2856,	0,	chrX	56891668	56893266	retro_human_1145	0	+	ZXDB	1598
chrX	56892329	56893625	ENSG00000198455[3,1,2]	0	+	56892546	56893266	0	1	1296,	0,	chrX	56891668	56893266	retro_human_1145	0	+	ZXDB	937
chrX	56892329	56896336	ENSG00000198455[3,1,1]	0	+	56892546	56893266	0	1	4007,	0,	chrX	56891668	56893266	retro_human_1145	0	+	ZXDB	937
chrX	57206326	57209999	ENSG00000198205[5,1,2]	0	-	57207694	57209236	0	1	3673,	0,	chrX	57207761	57209293	retro_human_525	0	-	ZXDA	1532
chrX	57206326	57208615	ENSG00000198205[3,1,2]	0	-	57207694	57208414	0	1	2289,	0,	chrX	57207761	57209293	retro_human_525	0	-	ZXDA	854
chrX	57206326	57210541	ENSG00000198205[2,1,2]	0	-	57207694	57210091	0	1	4215,	0,	chrX	57207761	57209293	retro_human_525	0	-	ZXDA	1532
chrX	57206748	57209999	ENSG00000198205[5,1,3]	0	-	57207694	57209236	0	1	3251,	0,	chrX	57207761	57209293	retro_human_525	0	-	ZXDA	1532
chrX	57206748	57209653	ENSG00000198205[4,1,3]	0	-	57207694	57209236	0	1	2905,	0,	chrX	57207761	57209293	retro_human_525	0	-	ZXDA	1532
chrX	57206748	57210179	ENSG00000198205[1,1,3]	0	-	57207694	57210091	0	1	3431,	0,	chrX	57207761	57209293	retro_human_525	0	-	ZXDA	1532
chrX	57207051	57209653	ENSG00000198205[4,1,4]	0	-	57207694	57209236	0	1	2602,	0,	chrX	57207761	57209293	retro_human_525	0	-	ZXDA	1532
chrX	57207051	57210179	ENSG00000198205[1,1,4]	0	-	57207694	57210091	0	1	3128,	0,	chrX	57207761	57209293	retro_human_525	0	-	ZXDA	1532
chrX	57207051	57209999	ENSG00000198205[5,1,4]	0	-	57207694	57209236	0	1	2948,	0,	chrX	57207761	57209293	retro_human_525	0	-	ZXDA	1532
chrX	57207396	57209653	ENSG00000198205[4,1,5]	0	-	57207694	57209236	0	1	2257,	0,	chrX	57207761	57209293	retro_human_525	0	-	ZXDA	1532
chrX	57207396	57210179	ENSG00000198205[1,1,5]	0	-	57207694	57210091	0	1	2783,	0,	chrX	57207761	57209293	retro_human_525	0	-	ZXDA	1532
chrX	57207396	57209999	ENSG00000198205[5,1,5]	0	-	57207694	57209236	0	1	2603,	0,	chrX	57207761	57209293	retro_human_525	0	-	ZXDA	1532
chrX	61772446	61776651	ENSG00000186767[1,1,1]	0	-	61775341	61776088	0	1	4205,	0,	chrX	61775345	61776061	retro_human_10874	0	-	SPIN4	716
chrX	68495757	68497580	ENSG00000189401[1,1,1]	0	+	68495875	68496739	0	1	1823,	0,	chrX	68495912	68496700	retro_human_3327	0	+	OTUD6A	788
chrX	69657254	69659647	ENSG00000169562[1,1,1]	0	+	69657788	69658637	0	2	162,1875,	0,518,	chrX	69657795	69658424	retro_human_10860	0	+	GJB1	629
chrX	69657254	69659346	ENSG00000169562[1,1,2]	0	+	69657788	69658637	0	2	162,1574,	0,518,	chrX	69657795	69658424	retro_human_10860	0	+	GJB1	629
chrX	71436967	71439264	ENSG00000184388[2,1,2]	0	+	71437143	71437743	0	1	2297,	0,	chrX	71437132	71437731	retro_human_5407	0	+	PABPC1L2B	599
chrX	71510734	71513075	ENSG00000186288[1,1,1]	0	-	71512293	71512893	0	1	2341,	0,	chrX	71512359	71512890	retro_human_3911	0	-	PABPC1L2A	531
chrX	71645690	71648343	ENSG00000186462[1,1,1]	0	-	71646554	71647934	0	1	2653,	0,	chrX	71646696	71647643	retro_human_160	0	-	NAP1L2	947
chrX	74216622	74218990	ENSG00000186675[1,1,1]	0	-	74217168	74218737	0	1	2368,	0,	chrX	74217241	74217807	retro_human_1323	0	-	MAGEE2	566
chrX	74861459	74865192	ENSG00000198934[1,1,1]	0	+	74861730	74864601	0	1	3733,	0,	chrX	74863219	74863791	retro_human_4398	0	+	MAGEE1	572
chrX	77092835	77096194	ENSG00000179300[1,1,1]	0	-	77093813	77095238	0	2	2631,118,	0,3241,	chrX	77093368	77094509	retro_human_4337	0	-	RTL3	1141
chrX	81941814	81945753	ENSG00000196767[1,1,1]	0	+	81941899	81942982	0	1	3939,	0,	chrX	81942476	81942883	retro_human_4007	0	+	POU3F4	407
chrX	89886661	89889167	ENSG00000174740[2,2,2]	0	+	89888186	89888840	0	2	350,1012,	0,1494,	chrX	89887746	89888825	retro_human_9078	0	+	PABPC5	1079
chrX	89886905	89890751	ENSG00000174740[1,2,1]	0	+	89888186	89888840	0	2	106,2596,	0,1250,	chrX	89887746	89888825	retro_human_9078	0	+	PABPC5	1079
chrX	89886905	89890011	ENSG00000174740[1,2,3]	0	+	89888186	89888840	0	2	106,1856,	0,1250,	chrX	89887746	89888825	retro_human_9078	0	+	PABPC5	1079
chrX	89886905	89890011	ENSG00000174740[1,1,3]	0	+	89887694	89888840	0	2	106,2460,	0,646,	chrX	89887746	89888825	retro_human_9078	0	+	PABPC5	1079
chrX	89886905	89890751	ENSG00000174740[1,1,1]	0	+	89887694	89888840	0	2	106,3200,	0,646,	chrX	89887746	89888825	retro_human_9078	0	+	PABPC5	1079
chrX	92116049	92118797	ENSG00000186310[1,3,1]	0	-	92116955	92117921	255	2	1987,260,	0,2488,	chrX	92117010	92118194	retro_human_4847	0	-	NAP1L3	1184
chrX	92116049	92118797	ENSG00000186310[1,2,1]	0	-	92116955	92118452	0	2	2417,252,	0,2496,	chrX	92117010	92118194	retro_human_4847	0	-	NAP1L3	1184
chrX	92116049	92118797	ENSG00000186310[1,1,1]	0	-	92116955	92118473	0	1	2748,	0,	chrX	92117010	92118194	retro_human_4847	0	-	NAP1L3	1184
chrX	95323138	95324798	ENSG00000204086[1,1,1]	0	+	95323591	95324374	0	1	1660,	0,	chrX	95323685	95324374	retro_human_3602	0	+	RPA4	689
chrX	99852286	99858298	ENSG00000126945[1,3,1]	0	+	99856103	99857450	255	2	345,2248,	0,3764,	chrX	99856104	99857450	retro_human_8639	0	+	HNRNPH2	1346
chrX	99852286	99858298	ENSG00000126945[1,2,1]	0	+	99856103	99857450	255	2	136,2248,	0,3764,	chrX	99856104	99857450	retro_human_8639	0	+	HNRNPH2	1346
chrX	99852286	99858298	ENSG00000126945[1,1,1]	0	+	99856103	99857450	0	2	148,2248,	0,3764,	chrX	99856104	99857450	retro_human_8639	0	+	HNRNPH2	1346
chrX	99995123	99999379	ENSG00000126947[1,2,1]	0	+	99997557	99998916	255	4	164,51,65,1944,	0,477,1072,2312,	chrX	99998026	99998874	retro_human_8641	0	+	ARMCX1	848
chrX	99995123	99999379	ENSG00000126947[1,1,1]	0	+	99997557	99998916	0	4	164,54,65,1944,	0,474,1072,2312,	chrX	99998026	99998874	retro_human_8641	0	+	ARMCX1	848
chrX	100067377	100072524	ENSG00000102401[2,2,1]	0	+	100069610	100070747	0	5	530,108,61,71,3060,	0,1039,1411,1733,2087,	chrX	100069947	100070717	retro_human_8647	0	+	ARMCX3	770
chrX	100067707	100072524	ENSG00000102401[1,8,1]	0	+	100069610	100070747	255	4	817,61,71,3060,	0,1081,1403,1757,	chrX	100069947	100070717	retro_human_8647	0	+	ARMCX3	770
chrX	100067707	100071165	ENSG00000102401[1,8,5]	0	+	100069610	100070747	255	4	817,61,71,1701,	0,1081,1403,1757,	chrX	100069947	100070717	retro_human_8647	0	+	ARMCX3	770
chrX	100067707	100070993	ENSG00000102401[1,8,6]	0	+	100069610	100070747	255	4	817,61,71,1529,	0,1081,1403,1757,	chrX	100069947	100070717	retro_human_8647	0	+	ARMCX3	770
chrX	100067707	100072524	ENSG00000102401[1,3,1]	0	+	100069610	100070747	0	5	354,108,61,71,3060,	0,709,1081,1403,1757,	chrX	100069947	100070717	retro_human_8647	0	+	ARMCX3	770
chrX	100067707	100071165	ENSG00000102401[1,3,5]	0	+	100069610	100070747	0	5	354,108,61,71,1701,	0,709,1081,1403,1757,	chrX	100069947	100070717	retro_human_8647	0	+	ARMCX3	770
chrX	100067707	100070993	ENSG00000102401[1,3,6]	0	+	100069610	100070747	0	5	354,108,61,71,1529,	0,709,1081,1403,1757,	chrX	100069947	100070717	retro_human_8647	0	+	ARMCX3	770
chrX	100067707	100072524	ENSG00000102401[1,1,1]	0	+	100069610	100070747	0	5	200,80,61,71,3060,	0,737,1081,1403,1757,	chrX	100069947	100070717	retro_human_8647	0	+	ARMCX3	770
chrX	100067707	100070993	ENSG00000102401[1,1,6]	0	+	100069610	100070747	0	5	200,80,61,71,1529,	0,737,1081,1403,1757,	chrX	100069947	100070717	retro_human_8647	0	+	ARMCX3	770
chrX	100067707	100071165	ENSG00000102401[1,1,5]	0	+	100069610	100070747	0	5	200,80,61,71,1701,	0,737,1081,1403,1757,	chrX	100069947	100070717	retro_human_8647	0	+	ARMCX3	770
chrX	100067707	100072524	ENSG00000102401[1,5,1]	0	+	100069610	100070747	0	5	354,80,61,71,3060,	0,737,1081,1403,1757,	chrX	100069947	100070717	retro_human_8647	0	+	ARMCX3	770
chrX	100067707	100071165	ENSG00000102401[1,5,5]	0	+	100069610	100070747	0	5	354,80,61,71,1701,	0,737,1081,1403,1757,	chrX	100069947	100070717	retro_human_8647	0	+	ARMCX3	770
chrX	100067707	100070993	ENSG00000102401[1,5,6]	0	+	100069610	100070747	0	5	354,80,61,71,1529,	0,737,1081,1403,1757,	chrX	100069947	100070717	retro_human_8647	0	+	ARMCX3	770
chrX	100067707	100072524	ENSG00000102401[1,2,1]	0	+	100069610	100070747	0	5	200,108,61,71,3060,	0,709,1081,1403,1757,	chrX	100069947	100070717	retro_human_8647	0	+	ARMCX3	770
chrX	100067707	100071165	ENSG00000102401[1,2,5]	0	+	100069610	100070747	0	5	200,108,61,71,1701,	0,709,1081,1403,1757,	chrX	100069947	100070717	retro_human_8647	0	+	ARMCX3	770
chrX	100067707	100070993	ENSG00000102401[1,2,6]	0	+	100069610	100070747	0	5	200,108,61,71,1529,	0,709,1081,1403,1757,	chrX	100069947	100070717	retro_human_8647	0	+	ARMCX3	770
chrX	100099865	100104539	ENSG00000184867[1,26,1]	0	-	100100327	100102223	255	6	2485,77,65,73,83,143,	0,2838,3233,3848,4192,4531,	chrX	100100348	100101062	retro_human_2482	0	-	ARMCX2	714
chrX	100099865	100104539	ENSG00000184867[1,29,1]	0	-	100100327	100102223	255	6	2485,73,109,73,71,143,	0,2842,3233,3848,4204,4531,	chrX	100100348	100101062	retro_human_2482	0	-	ARMCX2	714
chrX	100099865	100104539	ENSG00000184867[1,20,1]	0	-	100100327	100102223	255	5	2485,73,65,427,143,	0,2842,3233,3848,4531,	chrX	100100348	100101062	retro_human_2482	0	-	ARMCX2	714
chrX	100099865	100104539	ENSG00000184867[1,24,1]	0	-	100100327	100102223	255	6	2485,73,109,61,83,143,	0,2842,3233,3848,4192,4531,	chrX	100100348	100101062	retro_human_2482	0	-	ARMCX2	714
chrX	100099865	100104539	ENSG00000184867[1,31,1]	0	-	100100327	100102223	255	6	2485,73,109,73,116,143,	0,2842,3233,3848,4192,4531,	chrX	100100348	100101062	retro_human_2482	0	-	ARMCX2	714
chrX	100099865	100104539	ENSG00000184867[1,25,1]	0	-	100100327	100102223	255	6	2485,73,78,61,83,143,	0,2842,3264,3848,4192,4531,	chrX	100100348	100101062	retro_human_2482	0	-	ARMCX2	714
chrX	100099865	100104539	ENSG00000184867[1,21,1]	0	-	100100327	100102223	255	6	2485,73,65,61,94,143,	0,2842,3233,3848,4181,4531,	chrX	100100348	100101062	retro_human_2482	0	-	ARMCX2	714
chrX	100099865	100104539	ENSG00000184867[1,17,1]	0	-	100100327	100102223	255	4	2485,73,73,143,	0,2842,3848,4531,	chrX	100100348	100101062	retro_human_2482	0	-	ARMCX2	714
chrX	100099865	100104539	ENSG00000184867[1,22,1]	0	-	100100327	100102223	255	6	2485,73,109,73,94,143,	0,2842,3233,3848,4181,4531,	chrX	100100348	100101062	retro_human_2482	0	-	ARMCX2	714
chrX	100099865	100104539	ENSG00000184867[1,18,1]	0	-	100100327	100102223	255	5	2485,73,109,73,143,	0,2842,3233,3848,4531,	chrX	100100348	100101062	retro_human_2482	0	-	ARMCX2	714
chrX	100099865	100104539	ENSG00000184867[1,30,1]	0	-	100100327	100102223	255	6	2485,73,65,73,116,143,	0,2842,3233,3848,4192,4531,	chrX	100100348	100101062	retro_human_2482	0	-	ARMCX2	714
chrX	100099865	100104539	ENSG00000184867[1,23,1]	0	-	100100327	100102223	255	6	2485,73,78,73,94,143,	0,2842,3264,3848,4181,4531,	chrX	100100348	100101062	retro_human_2482	0	-	ARMCX2	714
chrX	100099865	100104539	ENSG00000184867[1,15,1]	0	-	100100327	100102223	255	5	2485,73,65,73,482,	0,2842,3233,3848,4192,	chrX	100100348	100101062	retro_human_2482	0	-	ARMCX2	714
chrX	100099865	100104539	ENSG00000184867[1,16,1]	0	-	100100327	100102223	255	5	2485,73,65,61,143,	0,2842,3233,3848,4531,	chrX	100100348	100101062	retro_human_2482	0	-	ARMCX2	714
chrX	100099865	100104539	ENSG00000184867[1,19,1]	0	-	100100327	100102223	255	5	2485,73,78,73,143,	0,2842,3264,3848,4531,	chrX	100100348	100101062	retro_human_2482	0	-	ARMCX2	714
chrX	100099865	100104539	ENSG00000184867[1,28,1]	0	-	100100327	100102223	255	6	2485,73,65,73,71,143,	0,2842,3233,3848,4204,4531,	chrX	100100348	100101062	retro_human_2482	0	-	ARMCX2	714
chrX	100099865	100104539	ENSG00000184867[1,27,1]	0	-	100100327	100102223	255	6	2485,73,78,73,83,143,	0,2842,3264,3848,4192,4531,	chrX	100100348	100101062	retro_human_2482	0	-	ARMCX2	714
chrX	100099865	100104539	ENSG00000184867[1,7,1]	0	-	100100327	100102223	0	3	2485,73,143,	0,2842,4531,	chrX	100100348	100101062	retro_human_2482	0	-	ARMCX2	714
chrX	100099865	100104539	ENSG00000184867[1,13,1]	0	-	100100327	100102223	0	6	2485,73,109,73,83,143,	0,2842,3233,3848,4192,4531,	chrX	100100348	100101062	retro_human_2482	0	-	ARMCX2	714
chrX	100099865	100104539	ENSG00000184867[1,11,1]	0	-	100100327	100102223	0	6	2485,73,65,61,83,143,	0,2842,3233,3848,4192,4531,	chrX	100100348	100101062	retro_human_2482	0	-	ARMCX2	714
chrX	100099865	100104539	ENSG00000184867[1,10,1]	0	-	100100327	100102223	0	6	2485,73,65,73,94,143,	0,2842,3233,3848,4181,4531,	chrX	100100348	100101062	retro_human_2482	0	-	ARMCX2	714
chrX	100099865	100104539	ENSG00000184867[1,12,1]	0	-	100100327	100102223	0	5	2485,73,73,83,143,	0,2842,3848,4192,4531,	chrX	100100348	100101062	retro_human_2482	0	-	ARMCX2	714
chrX	100099865	100104539	ENSG00000184867[1,8,1]	0	-	100100327	100102223	0	5	2485,73,65,73,143,	0,2842,3233,3848,4531,	chrX	100100348	100101062	retro_human_2482	0	-	ARMCX2	714
chrX	100099865	100104539	ENSG00000184867[1,1,1]	0	-	100100327	100102223	0	6	2485,73,65,73,83,143,	0,2842,3233,3848,4192,4531,	chrX	100100348	100101062	retro_human_2482	0	-	ARMCX2	714
chrX	100099865	100103337	ENSG00000184867[2,2,1]	0	-	100100327	100102223	0	3	2485,73,208,	0,2842,3264,	chrX	100100348	100101062	retro_human_2482	0	-	ARMCX2	714
chrX	100099865	100104539	ENSG00000184867[1,3,1]	0	-	100100327	100102223	0	5	2485,73,109,61,143,	0,2842,3233,3848,4531,	chrX	100100348	100101062	retro_human_2482	0	-	ARMCX2	714
chrX	100100051	100104539	ENSG00000184867[1,1,6]	0	-	100100327	100102223	0	6	2299,73,65,73,83,143,	0,2656,3047,3662,4006,4345,	chrX	100100348	100101062	retro_human_2482	0	-	ARMCX2	714
chrX	101044072	101049164	ENSG00000125962[2,9,1]	0	+	101047096	101048770	255	4	455,136,46,2330,	0,594,2346,2762,	chrX	101048015	101048770	retro_human_8648	0	+	ARMCX5	755
chrX	101044072	101049164	ENSG00000125962[2,7,1]	0	+	101047096	101048770	255	5	455,142,113,46,2330,	0,588,1802,2346,2762,	chrX	101048015	101048770	retro_human_8648	0	+	ARMCX5	755
chrX	101044072	101049164	ENSG00000125962[2,6,1]	0	+	101047096	101048770	0	3	742,46,2330,	0,2346,2762,	chrX	101048015	101048770	retro_human_8648	0	+	ARMCX5	755
chrX	101044072	101049164	ENSG00000125962[2,3,1]	0	+	101047096	101048770	0	6	149,225,136,113,46,2330,	0,230,594,1802,2346,2762,	chrX	101048015	101048770	retro_human_8648	0	+	ARMCX5	755
chrX	101044112	101049159	ENSG00000271147[3,11,10]	0	+	101047096	101048770	255	4	415,142,46,2325,	0,548,2306,2722,	chrX	101048015	101048770	retro_human_8648	0	+	ARMCX5	755
chrX	101044416	101049159	ENSG00000271147[1,11,10]	0	+	101047096	101048770	255	4	111,142,46,2325,	0,244,2002,2418,	chrX	101048015	101048770	retro_human_8648	0	+	ARMCX5	755
chrX	101044419	101049164	ENSG00000125962[1,9,1]	0	+	101047096	101048770	255	4	108,136,46,2330,	0,247,1999,2415,	chrX	101048015	101048770	retro_human_8648	0	+	ARMCX5	755
chrX	101044419	101049164	ENSG00000125962[1,7,1]	0	+	101047096	101048770	255	5	108,142,113,46,2330,	0,241,1455,1999,2415,	chrX	101048015	101048770	retro_human_8648	0	+	ARMCX5	755
chrX	101044419	101049164	ENSG00000125962[1,8,1]	0	+	101047096	101048770	255	5	108,136,113,46,2330,	0,247,1455,1999,2415,	chrX	101048015	101048770	retro_human_8648	0	+	ARMCX5	755
chrX	101044419	101049164	ENSG00000125962[1,2,1]	0	+	101047096	101048770	0	1	4745,	0,	chrX	101048015	101048770	retro_human_8648	0	+	ARMCX5	755
chrX	101044419	101049164	ENSG00000125962[1,5,1]	0	+	101047096	101048770	0	3	383,46,2330,	0,1999,2415,	chrX	101048015	101048770	retro_human_8648	0	+	ARMCX5	755
chrX	101044419	101049164	ENSG00000125962[1,6,1]	0	+	101047096	101048770	0	3	395,46,2330,	0,1999,2415,	chrX	101048015	101048770	retro_human_8648	0	+	ARMCX5	755
chrX	101044419	101049164	ENSG00000125962[1,1,1]	0	+	101047096	101048770	0	4	383,113,46,2330,	0,1455,1999,2415,	chrX	101048015	101048770	retro_human_8648	0	+	ARMCX5	755
chrX	101044419	101049164	ENSG00000125962[1,4,1]	0	+	101047096	101048770	0	2	2045,2330,	0,2415,	chrX	101048015	101048770	retro_human_8648	0	+	ARMCX5	755
chrX	101046041	101049164	ENSG00000125962[3,4,1]	0	+	101047096	101048770	0	2	423,2330,	0,793,	chrX	101048015	101048770	retro_human_8648	0	+	ARMCX5	755
chrX	101382180	101383309	ENSG00000102128[1,1,1]	0	+	101382277	101383111	0	1	1129,	0,	chrX	101382277	101383111	retro_human_3193	0	+	RAB40AL	834
chrX	101944483	101947378	ENSG00000234405[2,2,1]	0	+	101944483	101944483	0	2	141,591,	0,2304,	chrX	101946937	101947767	retro_human_1270	0	-	RAB40A	441
chrX	101946710	101949936	ENSG00000172476[2,2,2]	0	-	101946936	101947767	0	1	3226,	0,	chrX	101946937	101947767	retro_human_1270	0	-	RAB40A	830
chrX	104633666	104640987	ENSG00000157502[2,3,1]	0	+	104637413	104639501	0	3	84,186,3788,	0,2299,3533,	chrX	104637411	104639444	retro_human_1570	0	+	PWWP3B	2033
chrX	108794562	108794869	ENSG00000133136[2,2,2]	0	-	108794562	108794562	0	1	307,	0,	chrX	108794612	108794819	retro_human_7205|GNG5P2-201|processed_pseudogene	0	-	GNG5B	207
chrX	108968165	108970975	ENSG00000225366[1,1,1]	0	+	108968165	108968165	0	1	2810,	0,	chrX	108969033	108969600	retro_human_594|TDGF1P3-201|transcribed_processed_pseudogene	0	+	TDGF1P3	567
chrX	108968983	108969650	ENSG00000225366[2,1,2]	0	+	108968983	108968983	0	1	667,	0,	chrX	108969033	108969600	retro_human_594|TDGF1P3-201|transcribed_processed_pseudogene	0	+	TDGF1P3	567
chrX	118625758	118633508	ENSG00000177485[1,1,1]	0	+	118628472	118630491	0	3	276,102,5038,	0,1967,2712,	chrX	118628563	118630197	retro_human_9990	0	+	ZBTB33	1634
chrX	118625758	118633244	ENSG00000177485[1,1,4]	0	+	118628472	118630491	0	3	276,102,4774,	0,1967,2712,	chrX	118628563	118630197	retro_human_9990	0	+	ZBTB33	1634
chrX	118625758	118630544	ENSG00000177485[1,1,2]	0	+	118628472	118630491	0	3	276,102,2074,	0,1967,2712,	chrX	118628563	118630197	retro_human_9990	0	+	ZBTB33	1634
chrX	118625758	118633244	ENSG00000177485[1,2,4]	0	+	118628472	118630491	0	2	276,4774,	0,2712,	chrX	118628563	118630197	retro_human_9990	0	+	ZBTB33	1634
chrX	118625758	118631767	ENSG00000177485[1,2,3]	0	+	118628472	118630491	0	2	276,3297,	0,2712,	chrX	118628563	118630197	retro_human_9990	0	+	ZBTB33	1634
chrX	118625758	118633508	ENSG00000177485[1,2,1]	0	+	118628472	118630491	0	2	276,5038,	0,2712,	chrX	118628563	118630197	retro_human_9990	0	+	ZBTB33	1634
chrX	119347418	119350003	ENSG00000182890[1,1,1]	0	+	119347543	119349217	0	1	2585,	0,	chrX	119347543	119349217	retro_human_10015	0	+	GLUD2	1674
chrX	124476155	124478854	ENSG00000198354[2,1,1]	0	-	124477242	124478631	0	1	2699,	0,	chrX	124477243	124478610	retro_human_6809	0	-	DCAF12L2	1367
chrX	124862072	124865604	ENSG00000198889[1,1,1]	0	-	124863959	124865348	0	2	1775,1670,	0,1862,	chrX	124863960	124865327	retro_human_6811	0	-	DCAF12L1	1367
chrX	131541343	131543136	ENSG00000183434[1,1,1]	0	-	131541776	131542991	0	1	1793,	0,	chrX	131541843	131542991	retro_human_11009	0	-	TFDP3	1148
chrX	133316307	133317701	ENSG00000184785[1,1,4]	0	+	133316462	133316711	0	1	1394,	0,	chrX	133316577	133316720	retro_human_9509	0	+	SMIM10	143
chrX	133316307	133317340	ENSG00000184785[1,1,3]	0	+	133316462	133316711	0	1	1033,	0,	chrX	133316577	133316720	retro_human_9509	0	+	SMIM10	143
chrX	133316307	133317131	ENSG00000184785[1,1,2]	0	+	133316462	133316711	0	1	824,	0,	chrX	133316577	133316720	retro_human_9509	0	+	SMIM10	143
chrX	138403552	138404536	ENSG00000230707[1,1,2]	0	+	138403552	138403552	0	1	984,	0,	chrX	138403667	138404486	retro_human_2151|AL589987.1-201|processed_pseudogene	0	+	HAPSTR2	819
chrX	141937039	141944374	ENSG00000179542[5,3,3]	0	-	141937875	141940386	0	2	3397,219,	0,7116,	chrX	141938971	141940125	retro_human_9723	0	-	SLITRK4	1154
chrX	141937350	141945093	ENSG00000179542[4,1,2]	0	-	141937875	141940386	0	2	3086,93,	0,7650,	chrX	141938971	141940125	retro_human_9723	0	-	SLITRK4	1154
chrX	141937350	141944374	ENSG00000179542[5,3,2]	0	-	141937875	141940386	0	2	3086,219,	0,6805,	chrX	141938971	141940125	retro_human_9723	0	-	SLITRK4	1154
chrX	141937350	141944532	ENSG00000179542[3,3,2]	0	-	141937875	141940386	0	2	3086,377,	0,6805,	chrX	141938971	141940125	retro_human_9723	0	-	SLITRK4	1154
chrX	141937990	141944374	ENSG00000179542[5,3,4]	0	-	141940226	141940337	0	2	2446,219,	0,6165,	chrX	141938971	141940125	retro_human_9723	0	-	SLITRK4	1154
chrX	148146788	148151583	ENSG00000156009[1,1,1]	0	+	148149970	148150924	0	3	195,62,1676,	0,2982,3119,	chrX	148150220	148150867	retro_human_10863	0	+	MAGEA8	647
chrX	150185868	150191450	ENSG00000147381[12,18,1]	0	+	150189893	150190844	255	3	83,72,1622,	0,3813,3960,	chrX	150190158	150190784	retro_human_10872	0	+	MAGEA4	626
chrX	150965289	150968970	ENSG00000221867[1,4,1]	0	+	150967405	150968347	255	3	358,66,1630,	0,1905,2051,	chrX	150967724	150968284	retro_human_10885	0	+	MAGEA3	560
chrX	150965289	150968970	ENSG00000221867[1,5,1]	0	+	150967405	150968347	255	3	544,66,1630,	0,1905,2051,	chrX	150967724	150968284	retro_human_10885	0	+	MAGEA3	560
chrX	150965289	150968970	ENSG00000221867[1,3,1]	0	+	150967405	150968347	255	4	113,59,66,1630,	0,489,1905,2051,	chrX	150967724	150968284	retro_human_10885	0	+	MAGEA3	560
chrX	150965289	150968970	ENSG00000221867[1,6,1]	0	+	150967405	150968347	255	3	548,66,1630,	0,1905,2051,	chrX	150967724	150968284	retro_human_10885	0	+	MAGEA3	560
chrX	150965289	150968970	ENSG00000221867[1,2,1]	0	+	150967405	150968347	0	3	113,130,1630,	0,1841,2051,	chrX	150967724	150968284	retro_human_10885	0	+	MAGEA3	560
chrX	150965289	150968050	ENSG00000221867[1,2,2]	0	+	150967655	150967850	0	3	113,130,710,	0,1841,2051,	chrX	150967724	150968284	retro_human_10885	0	+	MAGEA3	326
chrX	150965289	150968970	ENSG00000221867[1,1,1]	0	+	150967405	150968347	0	3	113,66,1630,	0,1905,2051,	chrX	150967724	150968284	retro_human_10885	0	+	MAGEA3	560
chrX	151483573	151488270	ENSG00000198681[1,1,1]	0	-	151484187	151485114	0	3	1606,73,132,	0,1681,4565,	chrX	151484212	151485333	retro_human_2570	0	-	MAGEA1	1121
chrX	151544319	151545382	ENSG00000278803[2,1,1]	0	+	151544319	151544319	0	1	1063,	0,	chrX	151539146	151545328	retro_human_1860|AC152010.1-201|processed_pseudogene	0	+	PWWP4	1009
chrX	153121329	153122016	ENSG00000274183[1,1,1]	0	+	153121457	153121802	0	1	687,	0,	chrX	153121518	153121772	retro_human_3026	0	+	H2AB1	254
chrX	153618668	153619194	ENSG00000277858[1,1,2]	0	+	153618796	153619141	0	1	526,	0,	chrX	153618854	153619111	retro_human_2410	0	+	H2AB2	257
chr10	5501883	5502857	ENSG00000178372[1,1,1]	0	-	5502237	5502675	0	1	974,	0,	chr10	5502244	5502675	retro_human_2049	0	-	CALML5	431
chr10	5527226	5529580	ENSG00000178363[2,1,2]	0	+	5528353	5528800	0	1	2354,	0,	chr10	5528246	5528800	retro_human_4862	0	+	CALML3	554
chr10	5527226	5530090	ENSG00000178363[2,1,1]	0	+	5528353	5528800	0	1	2864,	0,	chr10	5528246	5528800	retro_human_4862	0	+	CALML3	554
chr10	5528178	5529580	ENSG00000178363[1,1,2]	0	+	5528353	5528800	0	1	1402,	0,	chr10	5528246	5528800	retro_human_4862	0	+	CALML3	554
chr10	35668350	35672501	ENSG00000177283[1,1,1]	0	-	35669501	35671583	0	1	4151,	0,	chr10	35669736	35671487	retro_human_7134	0	-	FZD8	1751
chr10	44264555	44276385	ENSG00000169813[3,3,1]	0	-	44265628	44266873	0	4	2370,59,135,212,	0,9063,10889,11618,	chr10	44265635	44266873	retro_human_117	0	-	HNRNPF	1238
chr10	44264555	44275870	ENSG00000169813[2,2,1]	0	-	44265628	44266873	0	3	2370,59,426,	0,9063,10889,	chr10	44265635	44266873	retro_human_117	0	-	HNRNPF	1238
chr10	44264960	44276385	ENSG00000169813[3,9,2]	0	-	44265628	44266873	255	4	1965,59,135,209,	0,8658,10484,11216,	chr10	44265635	44266873	retro_human_117	0	-	HNRNPF	1238
chr10	44264960	44276385	ENSG00000169813[3,8,2]	0	-	44265628	44266873	255	5	1965,136,59,135,212,	0,5341,8658,10484,11213,	chr10	44265635	44266873	retro_human_117	0	-	HNRNPF	1238
chr10	45881380	45885952	ENSG00000165512[2,1,3]	0	+	45884324	45884996	0	2	554,1717,	0,2855,	chr10	45884301	45884948	retro_human_1340	0	+	ZNF22	647
chr10	45881380	45885083	ENSG00000165512[2,1,2]	0	+	45884324	45884996	0	2	554,848,	0,2855,	chr10	45884301	45884948	retro_human_1340	0	+	ZNF22	647
chr10	45881380	45886337	ENSG00000165512[2,1,1]	0	+	45884324	45884996	0	2	554,2102,	0,2855,	chr10	45884301	45884948	retro_human_1340	0	+	ZNF22	647
chr10	45881828	45885952	ENSG00000165512[1,1,3]	0	+	45884324	45884996	0	2	106,1717,	0,2407,	chr10	45884301	45884948	retro_human_1340	0	+	ZNF22	647
chr10	45881828	45885083	ENSG00000165512[1,1,2]	0	+	45884324	45884996	0	2	106,848,	0,2407,	chr10	45884301	45884948	retro_human_1340	0	+	ZNF22	647
chr10	45881828	45886337	ENSG00000165512[1,1,1]	0	+	45884324	45884996	0	2	106,2102,	0,2407,	chr10	45884301	45884948	retro_human_1340	0	+	ZNF22	647
chr10	46606630	46607075	ENSG00000228702[1,1,1]	0	-	46606630	46606630	0	1	445,	0,	chr10	46606680	46607025	retro_human_5882|AL645998.1-201|processed_pseudogene	0	-	LOC107984227	345
chr10	47347088	47352048	ENSG00000204174[1,2,1]	0	-	47347550	47348675	0	2	1646,331,	0,4629,	chr10	47347575	47348555	retro_human_5878	0	-	NPY4R	980
chr10	47347088	47352048	ENSG00000204174[1,1,1]	0	-	47347550	47348675	0	3	1646,156,331,	0,2681,4629,	chr10	47347575	47348555	retro_human_5878	0	-	NPY4R	980
chr10	48767564	48772446	ENSG00000264717[1,2,1]	0	+	48770859	48771984	0	2	254,1646,	0,3236,	chr10	48770980	48771960	retro_human_7760	0	+	NPY4R2	980
chr10	48767564	48772446	ENSG00000264717[1,1,1]	0	+	48770859	48771984	0	3	254,156,1646,	0,2045,3236,	chr10	48770980	48771960	retro_human_7760	0	+	NPY4R2	980
chr10	50459065	50461576	ENSG00000187714[1,1,1]	0	+	50459546	50461142	0	1	2511,	0,	chr10	50459619	50460923	retro_human_7758	0	+	SLC18A3	1304
chr10	52544454	52547233	ENSG00000177613[3,1,1]	0	-	52546720	52547227	0	1	2779,	0,	chr10	52546724	52548568	retro_human_270	0	-	CSTF2T	509
chr10	52544454	52548664	ENSG00000177613[1,1,1]	0	-	52546720	52548568	0	1	4210,	0,	chr10	52546724	52548568	retro_human_270	0	-	CSTF2T	1844
chr10	52544897	52548664	ENSG00000177613[1,1,2]	0	-	52546720	52548568	0	1	3767,	0,	chr10	52546724	52548568	retro_human_270	0	-	CSTF2T	1844
chr10	52544897	52547233	ENSG00000177613[3,1,2]	0	-	52546720	52547227	0	1	2336,	0,	chr10	52546724	52548568	retro_human_270	0	-	CSTF2T	509
chr10	52546231	52548664	ENSG00000177613[1,1,3]	0	-	52546720	52548568	0	1	2433,	0,	chr10	52546724	52548568	retro_human_270	0	-	CSTF2T	1844
chr10	52546231	52547233	ENSG00000177613[3,1,3]	0	-	52546720	52547227	0	1	1002,	0,	chr10	52546724	52548568	retro_human_270	0	-	CSTF2T	509
chr10	80381612	80385620	ENSG00000253626[1,1,1]	0	+	80381779	80382241	0	1	4008,	0,	chr10	80381750	80382241	retro_human_8512	0	+	EIF5AL1	491
chr10	104132151	104134381	ENSG00000235376[1,1,1]	0	+	104132311	104132995	0	1	2230,	0,	chr10	104132312	104132995	retro_human_3806	0	+	RPEL1	683
chr10	111960957	111964802	ENSG00000150594[2,1,1]	0	+	111961841	111963236	0	1	3845,	0,	chr10	111962001	111963209	retro_human_9284	0	+	ADRA2A	1208
chr10	114935663	114938607	ENSG00000043591[2,1,1]	0	+	114935790	114937221	0	1	2944,	0,	chr10	114935971	114936951	retro_human_3402	0	+	ADRB1	980
chr10	114936120	114938607	ENSG00000043591[3,1,1]	0	+	114936375	114937221	0	1	2487,	0,	chr10	114935971	114936951	retro_human_3402	0	+	ADRB1	831
chr10	114936120	114938320	ENSG00000043591[3,1,2]	0	+	114936375	114937221	0	1	2200,	0,	chr10	114935971	114936951	retro_human_3402	0	+	ADRB1	831
chr10	119485085	119490837	ENSG00000119973[1,1,1]	0	-	119489273	119490383	0	2	5304,183,	0,5569,	chr10	119489304	119490155	retro_human_8865	0	-	PRLHR	851
chr10	119488483	119490837	ENSG00000119973[1,1,3]	0	-	119489273	119490383	0	2	1906,183,	0,2171,	chr10	119489304	119490155	retro_human_8865	0	-	PRLHR	851
chr10	119489183	119490558	ENSG00000119973[2,2,2]	0	-	119489273	119490383	0	1	1375,	0,	chr10	119489304	119490155	retro_human_8865	0	-	PRLHR	851
chr11	1782683	1783344	ENSG00000205864[1,1,1]	0	+	1782784	1783171	0	1	661,	0,	chr11	1782787	1783159	retro_human_9690	0	+	KRTAP5-6	372
chr11	4307063	4307748	ENSG00000284306[1,1,1]	0	-	4307116	4307698	0	1	685,	0,	chr11	4307116	4307698	retro_human_9304	0	-	SSU72L2	582
chr11	4352522	4353207	ENSG00000283873[1,1,1]	0	-	4352575	4353157	0	1	685,	0,	chr11	4352575	4353157	retro_human_9301	0	-	SSU72L4	582
chr11	4394901	4395586	ENSG00000284546[1,1,1]	0	+	4394951	4395533	0	1	685,	0,	chr11	4394951	4395533	retro_human_5000	0	+	SSU72L3	582
chr11	4403696	4404381	ENSG00000284438[1,1,1]	0	-	4403749	4404331	0	1	685,	0,	chr11	4403749	4404331	retro_human_9302	0	-	SSU72L1	582
chr11	5573684	5576091	ENSG00000175518[1,1,1]	0	-	5574358	5575783	0	1	2407,	0,	chr11	5573946	5575654	retro_human_3934	0	-	UBQLNL	1708
chr11	7147682	7149685	ENSG00000170748[1,1,2]	0	+	7147855	7149031	0	1	2003,	0,	chr11	7147856	7148755	retro_human_4723	0	+	RBMXL2	899
chr11	11440812	11442221	ENSG00000254598[1,1,1]	0	-	11440867	11442040	0	1	1409,	0,	chr11	11440867	11442040	retro_human_8352	0	-	CSNK2A3	1173
chr11	17483408	17486560	ENSG00000187486[2,2,3]	0	-	17484521	17485430	255	2	2038,120,	0,3032,	chr11	17484624	17485691	retro_human_8584	0	-	KCNJ11	1067
chr11	17483408	17486735	ENSG00000187486[5,2,3]	0	-	17484521	17485430	255	2	2038,295,	0,3032,	chr11	17484624	17485691	retro_human_8584	0	-	KCNJ11	1067
chr11	17483408	17486981	ENSG00000187486[3,4,3]	0	-	17484521	17485430	0	2	2038,208,	0,3365,	chr11	17484624	17485691	retro_human_8584	0	-	KCNJ11	1067
chr11	17483408	17486981	ENSG00000187486[3,1,3]	0	-	17484521	17485691	0	1	3573,	0,	chr11	17484624	17485691	retro_human_8584	0	-	KCNJ11	1067
chr11	17483408	17486735	ENSG00000187486[5,1,3]	0	-	17484521	17485691	0	1	3327,	0,	chr11	17484624	17485691	retro_human_8584	0	-	KCNJ11	1067
chr11	17483408	17486560	ENSG00000187486[2,1,3]	0	-	17484521	17485691	0	1	3152,	0,	chr11	17484624	17485691	retro_human_8584	0	-	KCNJ11	1067
chr11	17483408	17485769	ENSG00000187486[7,1,3]	0	-	17484521	17485691	0	1	2361,	0,	chr11	17484624	17485691	retro_human_8584	0	-	KCNJ11	1067
chr11	17483408	17485061	ENSG00000187486[6,1,3]	0	-	17484521	17485043	0	1	1653,	0,	chr11	17484624	17485691	retro_human_8584	0	-	KCNJ11	437
chr11	17483408	17486309	ENSG00000187486[1,1,3]	0	-	17484521	17485691	0	1	2901,	0,	chr11	17484624	17485691	retro_human_8584	0	-	KCNJ11	1067
chr11	27795250	27800117	ENSG00000176697[2,2,1]	0	-	27798230	27798971	0	1	4867,	0,	chr11	27798231	27799079	retro_human_2758	0	-	BDNF	848
chr11	30143775	30150773	ENSG00000182255[3,1,1]	0	-	30144815	30146774	0	2	3781,108,	0,6890,	chr11	30145032	30146243	retro_human_2754	0	-	KCNA4	1211
chr11	30143775	30151174	ENSG00000182255[1,1,1]	0	-	30144815	30146774	0	2	3781,509,	0,6890,	chr11	30145032	30146243	retro_human_2754	0	-	KCNA4	1211
chr11	30144260	30151174	ENSG00000182255[1,1,3]	0	-	30144815	30146774	0	2	3296,509,	0,6405,	chr11	30145032	30146243	retro_human_2754	0	-	KCNA4	1211
chr11	30144260	30150773	ENSG00000182255[3,1,3]	0	-	30144815	30146774	0	2	3296,108,	0,6405,	chr11	30145032	30146243	retro_human_2754	0	-	KCNA4	1211
chr11	30144575	30151174	ENSG00000182255[1,1,4]	0	-	30144815	30146774	0	2	2981,509,	0,6090,	chr11	30145032	30146243	retro_human_2754	0	-	KCNA4	1211
chr11	30144575	30150773	ENSG00000182255[3,1,4]	0	-	30144815	30146774	0	2	2981,108,	0,6090,	chr11	30145032	30146243	retro_human_2754	0	-	KCNA4	1211
chr11	46539813	46547776	ENSG00000180720[3,1,1]	0	-	46541195	46542632	255	2	2848,171,	0,7792,	chr11	46541220	46542569	retro_human_5596	0	-	CHRM4	1349
chr11	46541122	46542733	ENSG00000180720[2,2,2]	0	-	46541195	46542632	0	1	1611,	0,	chr11	46541220	46542569	retro_human_5596	0	-	CHRM4	1349
chr11	62740298	62747405	ENSG00000185670[3,4,1]	0	-	62741478	62743050	255	2	2803,190,	0,6917,	chr11	62741542	62743050	retro_human_6851	0	-	ZBTB3	1508
chr11	62740298	62743620	ENSG00000185670[1,3,1]	0	-	62741478	62743050	0	2	2803,109,	0,3213,	chr11	62741542	62743050	retro_human_6851	0	-	ZBTB3	1508
chr11	62740298	62743620	ENSG00000185670[1,1,1]	0	-	62741478	62743448	0	2	2803,271,	0,3051,	chr11	62741542	62743050	retro_human_6851	0	-	ZBTB3	1508
chr11	62742653	62743620	ENSG00000185670[1,3,3]	0	-	62742653	62742653	0	2	448,109,	0,858,	chr11	62741542	62743050	retro_human_6851	0	-	ZBTB3	397
chr11	62898855	62907770	ENSG00000257002[1,1,1]	0	+	62898855	62898855	0	3	120,243,486,	0,1107,8429,	chr11	62899129	62900352	retro_human_2977	0	-	CHRM1	1223
chr11	62899047	62911216	ENSG00000168539[3,3,2]	0	-	62899080	62900460	0	3	1491,92,640,	0,10984,11529,	chr11	62899129	62900352	retro_human_2977	0	-	CHRM1	1223
chr11	76964700	76972385	ENSG00000198488[1,1,1]	0	+	76969913	76971065	0	2	131,2472,	0,5213,	chr11	76970121	76971044	retro_human_11168	0	+	B3GNT6	923
chr11	95032244	95034683	ENSG00000235268[1,1,1]	0	+	95032594	95034112	0	1	2439,	0,	chr11	95032595	95033848	retro_human_8710	0	+	KDM4E	1253
chr11	95074190	95076598	ENSG00000263465[3,3,3]	0	+	95074270	95075116	255	2	1413,899,	0,1509,	chr11	95074316	95074567	retro_human_2401	0	+	SRSF8	251
chr11	95074190	95076183	ENSG00000263465[3,3,2]	0	+	95074270	95075116	255	2	1413,484,	0,1509,	chr11	95074316	95074567	retro_human_2401	0	+	SRSF8	251
chr11	95074190	95076598	ENSG00000263465[3,2,3]	0	+	95074270	95075116	0	2	1037,899,	0,1509,	chr11	95074316	95074567	retro_human_2401	0	+	SRSF8	251
chr11	95074190	95076183	ENSG00000263465[3,2,2]	0	+	95074270	95075116	0	2	1037,484,	0,1509,	chr11	95074316	95074567	retro_human_2401	0	+	SRSF8	251
chr11	95074190	95076598	ENSG00000263465[3,1,3]	0	+	95074270	95075116	0	1	2408,	0,	chr11	95074316	95074567	retro_human_2401	0	+	SRSF8	251
chr11	95074190	95076183	ENSG00000263465[3,1,2]	0	+	95074270	95075116	0	1	1993,	0,	chr11	95074316	95074567	retro_human_2401	0	+	SRSF8	251
chr11	119114206	119115898	ENSG00000188486[1,1,1]	0	-	119115348	119115777	0	1	1692,	0,	chr11	119115417	119115729	retro_human_1926	0	-	H2AX	312
chr11	119114206	119115898	ENSG00000188486[1,2,1]	0	-	119115348	119115777	0	2	438,1056,	0,636,	chr11	119115417	119115729	retro_human_1926	0	-	H2AX	312
chr12	4816144	4820388	ENSG00000151079[2,1,1]	0	+	4817060	4818647	0	1	4244,	0,	chr12	4817187	4818545	retro_human_4713	0	+	KCNA6	1358
chr12	4916901	4921140	ENSG00000111262[1,1,3]	0	+	4918425	4919910	0	2	618,3254,	0,985,	chr12	4918540	4919715	retro_human_4718	0	+	KCNA1	1175
chr12	4916901	4920185	ENSG00000111262[1,1,2]	0	+	4918425	4919910	0	2	618,2299,	0,985,	chr12	4918540	4919715	retro_human_4718	0	+	KCNA1	1175
chr12	4916901	4925352	ENSG00000111262[1,1,1]	0	+	4918425	4919910	0	2	618,7466,	0,985,	chr12	4918540	4919715	retro_human_4718	0	+	KCNA1	1175
chr12	5050229	5053206	ENSG00000130037[1,1,1]	0	+	5050548	5052354	0	1	2977,	0,	chr12	5050885	5052153	retro_human_4710	0	+	KCNA5	1268
chr12	5051797	5053206	ENSG00000130037[2,1,1]	0	+	5051805	5052354	0	1	1409,	0,	chr12	5050885	5052153	retro_human_4710	0	+	KCNA5	356
chr12	14651703	14654045	ENSG00000246705[1,1,4]	0	+	14651819	14652206	0	1	2342,	0,	chr12	14651886	14652191	retro_human_8479	0	+	H2AJ	305
chr12	14651703	14652423	ENSG00000246705[1,1,1]	0	+	14651819	14652206	0	1	720,	0,	chr12	14651886	14652191	retro_human_8479	0	+	H2AJ	305
chr12	14651703	14654045	ENSG00000246705[1,3,4]	0	+	14651819	14652206	0	2	622,1406,	0,936,	chr12	14651886	14652191	retro_human_8479	0	+	H2AJ	305
chr12	14651703	14654045	ENSG00000246705[1,2,4]	0	+	14651819	14652206	0	2	558,1406,	0,936,	chr12	14651886	14652191	retro_human_8479	0	+	H2AJ	305
chr12	14651703	14652980	ENSG00000246705[1,2,2]	0	+	14651819	14652206	0	2	558,341,	0,936,	chr12	14651886	14652191	retro_human_8479	0	+	H2AJ	305
chr12	31668009	31669222	ENSG00000188375[1,1,1]	0	-	31668635	31669040	0	1	1213,	0,	chr12	31668636	31669040	retro_human_10076	0	-	H3-5	404
chr12	48046372	48046832	ENSG00000226138[1,1,1]	0	+	48046372	48046372	0	1	460,	0,	chr12	48046422	48046782	retro_human_176|AC004801.1-201|processed_pseudogene	0	+	LOC101927180	360
chr12	59788626	59789201	ENSG00000237176[1,1,1]	0	+	59788626	59788626	0	1	575,	0,	chr12	59788676	59789151	AC079905.1-201|processed_pseudogene	0	+	LOC100996696	475
chr12	104224312	104227596	ENSG00000213442[2,1,1]	0	+	104227018	104227546	0	1	3284,	0,	chr12	104227018	104227546	retro_human_9172|RPL18AP3-201|processed_pseudogene	0	+	LOC128966778	528
chr12	104226968	104227596	ENSG00000213442[1,1,1]	0	+	104227018	104227546	0	1	628,	0,	chr12	104227018	104227546	retro_human_9172|RPL18AP3-201|processed_pseudogene	0	+	LOC128966778	528
chr12	104265406	104266973	ENSG00000255150[1,1,1]	0	+	104265652	104266651	0	1	1567,	0,	chr12	104265704	104266645	retro_human_9170	0	+	EID3	941
chr12	124916753	124919908	ENSG00000150991[1,18,1]	0	-	124916924	124918979	255	3	505,1496,331,	0,733,2824,	chr12	124917383	124918067	retro_human_3677	0	-	UBC	684
chr12	124916753	124919399	ENSG00000150991[3,17,1]	0	-	124916924	124918979	255	3	505,1496,187,	0,733,2459,	chr12	124917383	124918067	retro_human_3677	0	-	UBC	684
chr12	124916753	124919908	ENSG00000150991[1,21,1]	0	-	124917142	124918979	255	3	438,1562,114,	0,667,3041,	chr12	124917383	124918067	retro_human_3677	0	-	UBC	684
chr12	124916753	124919033	ENSG00000150991[6,16,1]	0	-	124917256	124918979	255	2	507,1547,	0,733,	chr12	124916925	124917161	retro_human_3674	0	-	UBC	236
chr12	124916753	124919033	ENSG00000150991[6,16,1]	0	-	124917256	124918979	255	2	507,1547,	0,733,	chr12	124917383	124918067	retro_human_3677	0	-	UBC	684
chr12	124916753	124919033	ENSG00000150991[6,16,1]	0	-	124917256	124918979	255	2	507,1547,	0,733,	chr12	124918751	124918979	retro_human_3680	0	-	UBC	228
chr12	124916753	124919908	ENSG00000150991[1,20,1]	0	-	124916924	124918979	255	3	407,1594,114,	0,635,3041,	chr12	124917383	124918067	retro_human_3677	0	-	UBC	684
chr12	124916753	124920080	ENSG00000150991[7,22,1]	0	-	124916924	124918979	255	3	277,1496,286,	0,733,3041,	chr12	124917383	124918067	retro_human_3677	0	-	UBC	684
chr12	124916753	124919908	ENSG00000150991[1,22,1]	0	-	124916924	124918979	255	3	277,1496,114,	0,733,3041,	chr12	124917383	124918067	retro_human_3677	0	-	UBC	684
chr12	124916753	124919908	ENSG00000150991[1,19,1]	0	-	124916924	124918751	255	3	505,1487,114,	0,733,3041,	chr12	124917383	124918067	retro_human_3677	0	-	UBC	684
chr12	124916753	124919908	ENSG00000150991[1,23,1]	0	-	124917256	124918979	255	3	507,1496,114,	0,733,3041,	chr12	124917383	124918067	retro_human_3677	0	-	UBC	684
chr12	124916753	124919908	ENSG00000150991[1,15,1]	0	-	124916924	124918979	255	2	505,2422,	0,733,	chr12	124917383	124918067	retro_human_3677	0	-	UBC	684
chr12	124916753	124919033	ENSG00000150991[6,15,1]	0	-	124916924	124918979	255	2	505,1547,	0,733,	chr12	124916925	124917161	retro_human_3674	0	-	UBC	236
chr12	124916753	124919033	ENSG00000150991[6,15,1]	0	-	124916924	124918979	255	2	505,1547,	0,733,	chr12	124917383	124918067	retro_human_3677	0	-	UBC	684
chr12	124916753	124919033	ENSG00000150991[6,15,1]	0	-	124916924	124918979	255	2	505,1547,	0,733,	chr12	124918751	124918979	retro_human_3680	0	-	UBC	228
chr12	124916753	124919908	ENSG00000150991[1,11,1]	0	-	124916924	124918979	0	2	2229,331,	0,2824,	chr12	124917383	124918067	retro_human_3677	0	-	UBC	684
chr12	124916753	124919908	ENSG00000150991[1,2,1]	0	-	124916924	124918979	0	1	3155,	0,	chr12	124917383	124918067	retro_human_3677	0	-	UBC	684
chr12	124916753	124919033	ENSG00000150991[6,2,1]	0	-	124916924	124918979	0	1	2280,	0,	chr12	124916925	124917161	retro_human_3674	0	-	UBC	236
chr12	124916753	124919033	ENSG00000150991[6,2,1]	0	-	124916924	124918979	0	1	2280,	0,	chr12	124917383	124918067	retro_human_3677	0	-	UBC	684
chr12	124916753	124919033	ENSG00000150991[6,2,1]	0	-	124916924	124918979	0	1	2280,	0,	chr12	124918751	124918979	retro_human_3680	0	-	UBC	228
chr12	124916753	124920606	ENSG00000150991[2,2,1]	0	-	124916924	124918979	0	1	3853,	0,	chr12	124917383	124918067	retro_human_3677	0	-	UBC	684
chr12	124916753	124920080	ENSG00000150991[7,12,1]	0	-	124916924	124918751	0	2	2220,286,	0,3041,	chr12	124917383	124918067	retro_human_3677	0	-	UBC	684
chr12	124916753	124919908	ENSG00000150991[1,12,1]	0	-	124916924	124918751	0	2	2220,114,	0,3041,	chr12	124917383	124918067	retro_human_3677	0	-	UBC	684
chr12	124916753	124920080	ENSG00000150991[7,1,1]	0	-	124916924	124918979	0	2	2229,286,	0,3041,	chr12	124917383	124918067	retro_human_3677	0	-	UBC	684
chr12	124916753	124919908	ENSG00000150991[1,1,1]	0	-	124916924	124918979	0	2	2229,114,	0,3041,	chr12	124917383	124918067	retro_human_3677	0	-	UBC	684
chr12	124916753	124920606	ENSG00000150991[2,1,1]	0	-	124916924	124918979	0	2	2229,812,	0,3041,	chr12	124917383	124918067	retro_human_3677	0	-	UBC	684
chr12	124918447	124919908	ENSG00000150991[1,10,3]	0	-	124918966	124919621	0	2	535,403,	0,1058,	chr12	124918751	124918979	retro_human_3680	0	-	UBC	228
chr12	124918447	124919908	ENSG00000150991[1,11,3]	0	-	124918447	124918447	0	2	535,331,	0,1130,	chr12	124918751	124918979	retro_human_3680	0	-	UBC	228
chr12	124918447	124919399	ENSG00000150991[3,6,3]	0	-	124918447	124918447	0	2	535,187,	0,765,	chr12	124918523	124918655	retro_human_3679	0	-	UBC	132
chr12	124918447	124919399	ENSG00000150991[3,6,3]	0	-	124918447	124918447	0	2	535,187,	0,765,	chr12	124918751	124918979	retro_human_3680	0	-	UBC	228
chr12	124918447	124919908	ENSG00000150991[1,9,3]	0	-	124919504	124919621	0	2	535,607,	0,854,	chr12	124918751	124918979	retro_human_3680	0	-	UBC	228
chr12	124918447	124919399	ENSG00000150991[3,4,3]	0	-	124918447	124918447	0	2	535,223,	0,729,	chr12	124918523	124918655	retro_human_3679	0	-	UBC	132
chr12	124918447	124919399	ENSG00000150991[3,4,3]	0	-	124918447	124918447	0	2	535,223,	0,729,	chr12	124918751	124918979	retro_human_3680	0	-	UBC	228
chr12	130199551	130202933	ENSG00000111432[1,1,1]	0	+	130200085	130201828	0	1	3382,	0,	chr12	130200182	130201684	retro_human_932	0	+	FZD10	1502
chr12	130200372	130202933	ENSG00000111432[2,1,1]	0	+	130200409	130201828	0	1	2561,	0,	chr12	130200182	130201684	retro_human_932	0	+	FZD10	1312
chr13	19383842	19389418	ENSG00000165474[1,1,1]	0	-	19385333	19386011	0	2	2191,206,	0,5370,	chr13	19385373	19386008	retro_human_10913	0	-	GJB2	635
chr13	19383842	19386260	ENSG00000165474[2,2,1]	0	-	19385333	19386011	0	1	2418,	0,	chr13	19385373	19386008	retro_human_10913	0	-	GJB2	635
chr13	19384181	19389418	ENSG00000165474[1,1,2]	0	-	19385333	19386011	0	2	1852,206,	0,5031,	chr13	19385373	19386008	retro_human_10913	0	-	GJB2	635
chr13	19384181	19389418	ENSG00000165474[1,2,2]	0	-	19385333	19386011	0	1	5237,	0,	chr13	19385373	19386008	retro_human_10913	0	-	GJB2	635
chr13	24304601	24308088	ENSG00000151846[2,1,1]	0	+	24304982	24306875	0	1	3487,	0,	chr13	24304983	24306875	retro_human_310	0	+	PABPC3	1892
chr13	29650356	29650921	ENSG00000236444[2,2,2]	0	+	29650406	29650868	0	1	565,	0,	chr13	29650406	29650868	retro_human_679	0	+	UBE2L5	462
chr13	44412853	44414818	ENSG00000180332[2,2,1]	0	-	44413841	44414618	0	1	1965,	0,	chr13	44414205	44414510	retro_human_6849	0	-	KCTD4	305
chr13	44413132	44414818	ENSG00000180332[2,2,2]	0	-	44413841	44414618	0	1	1686,	0,	chr13	44414205	44414510	retro_human_6849	0	-	KCTD4	305
chr13	44413524	44414818	ENSG00000180332[2,2,3]	0	-	44413841	44414618	0	1	1294,	0,	chr13	44414205	44414510	retro_human_6849	0	-	KCTD4	305
chr13	48847376	48851207	ENSG00000152213[1,1,2]	0	+	48849367	48849955	0	2	159,1858,	0,1973,	chr13	48849395	48849895	retro_human_7803	0	+	ARL11	500
chr13	48847376	48850807	ENSG00000152213[1,1,5]	0	+	48849367	48849955	0	2	159,1458,	0,1973,	chr13	48849395	48849895	retro_human_7803	0	+	ARL11	500
chr13	48847376	48850648	ENSG00000152213[1,1,4]	0	+	48849367	48849955	0	2	159,1299,	0,1973,	chr13	48849395	48849895	retro_human_7803	0	+	ARL11	500
chr13	48847376	48850406	ENSG00000152213[1,1,3]	0	+	48849367	48849955	0	2	159,1057,	0,1973,	chr13	48849395	48849895	retro_human_7803	0	+	ARL11	500
chr13	51227156	51248466	ENSG00000253710[1,4,1]	0	+	51243620	51245918	255	3	122,231,5332,	0,6572,15978,	chr13	51243678	51245897	retro_human_2041	0	+	UTP14C	2219
chr13	51227156	51247056	ENSG00000253710[1,4,4]	0	+	51243620	51245918	255	3	122,231,3922,	0,6572,15978,	chr13	51243678	51245897	retro_human_2041	0	+	UTP14C	2219
chr13	51227156	51245950	ENSG00000253710[1,4,11]	0	+	51243620	51245918	255	3	122,231,2816,	0,6572,15978,	chr13	51243678	51245897	retro_human_2041	0	+	UTP14C	2219
chr13	51227156	51248466	ENSG00000253710[1,9,1]	0	+	51243620	51245918	255	5	122,231,67,932,5332,	0,6572,11372,11665,15978,	chr13	51243678	51245897	retro_human_2041	0	+	UTP14C	2219
chr13	51227156	51247056	ENSG00000253710[1,9,4]	0	+	51243620	51245918	255	5	122,231,67,932,3922,	0,6572,11372,11665,15978,	chr13	51243678	51245897	retro_human_2041	0	+	UTP14C	2219
chr13	51227156	51248466	ENSG00000253710[1,6,1]	0	+	51243620	51245918	255	3	122,932,5332,	0,11665,15978,	chr13	51243678	51245897	retro_human_2041	0	+	UTP14C	2219
chr13	51227156	51247056	ENSG00000253710[1,6,4]	0	+	51243620	51245918	255	3	122,932,3922,	0,11665,15978,	chr13	51243678	51245897	retro_human_2041	0	+	UTP14C	2219
chr13	51227156	51245950	ENSG00000253710[1,6,11]	0	+	51243620	51245918	255	3	122,932,2816,	0,11665,15978,	chr13	51243678	51245897	retro_human_2041	0	+	UTP14C	2219
chr13	51227156	51248466	ENSG00000253710[1,15,1]	0	+	51243620	51245918	0	3	234,231,5332,	0,6572,15978,	chr13	51243678	51245897	retro_human_2041	0	+	UTP14C	2219
chr13	51227156	51247056	ENSG00000253710[1,15,4]	0	+	51243620	51245918	0	3	234,231,3922,	0,6572,15978,	chr13	51243678	51245897	retro_human_2041	0	+	UTP14C	2219
chr13	51227156	51248466	ENSG00000253710[1,7,1]	0	+	51243620	51245918	0	2	122,5332,	0,15978,	chr13	51243678	51245897	retro_human_2041	0	+	UTP14C	2219
chr13	51227156	51247056	ENSG00000253710[1,7,4]	0	+	51243620	51245918	0	2	122,3922,	0,15978,	chr13	51243678	51245897	retro_human_2041	0	+	UTP14C	2219
chr13	51227156	51245950	ENSG00000253710[1,7,11]	0	+	51243620	51245918	0	2	122,2816,	0,15978,	chr13	51243678	51245897	retro_human_2041	0	+	UTP14C	2219
chr13	51227156	51248466	ENSG00000253710[1,1,1]	0	+	51243620	51245918	0	4	122,231,932,5332,	0,6572,11665,15978,	chr13	51243678	51245897	retro_human_2041	0	+	UTP14C	2219
chr13	51227156	51247056	ENSG00000253710[1,1,4]	0	+	51243620	51245918	0	4	122,231,932,3922,	0,6572,11665,15978,	chr13	51243678	51245897	retro_human_2041	0	+	UTP14C	2219
chr13	51227156	51245950	ENSG00000253710[1,1,11]	0	+	51243620	51245918	0	4	122,231,932,2816,	0,6572,11665,15978,	chr13	51243678	51245897	retro_human_2041	0	+	UTP14C	2219
chr13	51239456	51248466	ENSG00000253797[1,1,1]	0	+	51243620	51245918	0	2	297,5332,	0,3678,	chr13	51243678	51245897	retro_human_2041	0	+	UTP14C	2219
chr13	51857848	51859291	ENSG00000139675[1,1,1]	0	+	51857960	51858920	0	1	1443,	0,	chr13	51857960	51858878	retro_human_2037	0	+	HNRNPA1L2	918
chr14	32442639	32444833	ENSG00000176435[1,1,1]	0	-	32443242	32444712	0	1	2194,	0,	chr14	32444167	32444571	retro_human_3706	0	-	CLEC14A	404
chr14	32442639	32445109	ENSG00000176435[2,1,1]	0	-	32443242	32444712	0	1	2470,	0,	chr14	32444167	32444571	retro_human_3706	0	-	CLEC14A	404
chr14	40849775	40850647	ENSG00000165496[1,1,1]	0	-	40849910	40850552	0	1	872,	0,	chr14	40849910	40850552	retro_human_7861	0	-	RPL10L	642
chr14	43816703	43818900	ENSG00000165502[1,3,1]	0	-	43817010	43817328	255	3	661,78,115,	0,1045,2082,	chr14	43817010	43817328	retro_human_2019	0	-	RPL36AL	318
chr14	43816703	43818900	ENSG00000165502[1,1,1]	0	-	43817010	43817328	0	2	661,115,	0,2082,	chr14	43817010	43817328	retro_human_2019	0	-	RPL36AL	318
chr14	43816864	43818900	ENSG00000165502[1,3,2]	0	-	43817010	43817328	255	3	500,78,115,	0,884,1921,	chr14	43817010	43817328	retro_human_2019	0	-	RPL36AL	318
chr14	43816864	43819470	ENSG00000165502[3,1,2]	0	-	43817010	43817328	0	2	500,685,	0,1921,	chr14	43817010	43817328	retro_human_2019	0	-	RPL36AL	318
chr14	43816864	43818900	ENSG00000165502[1,1,2]	0	-	43817010	43817328	0	2	500,115,	0,1921,	chr14	43817010	43817328	retro_human_2019	0	-	RPL36AL	318
chr14	44098244	44102318	ENSG00000165527[1,4,1]	0	+	44098952	44099477	255	2	129,3843,	0,231,	chr14	44098947	44099477	retro_human_5534	0	+	ARF6	530
chr14	44098244	44100029	ENSG00000165527[1,4,2]	0	+	44098952	44099477	255	2	129,1554,	0,231,	chr14	44098947	44099477	retro_human_5534	0	+	ARF6	530
chr14	44098244	44102083	ENSG00000165527[1,1,3]	0	+	44098952	44099477	0	2	129,3612,	0,227,	chr14	44098947	44099477	retro_human_5534	0	+	ARF6	530
chr14	44098244	44100029	ENSG00000165527[1,1,2]	0	+	44098952	44099477	0	2	129,1558,	0,227,	chr14	44098947	44099477	retro_human_5534	0	+	ARF6	530
chr14	44098244	44102318	ENSG00000165527[1,1,1]	0	+	44098952	44099477	0	2	129,3847,	0,227,	chr14	44098947	44099477	retro_human_5534	0	+	ARF6	530
chr14	55483914	55488416	ENSG00000182107[2,1,1]	0	-	55486699	55487752	0	1	4502,	0,	chr14	55486727	55487725	retro_human_4824	0	-	TMEM30B	998
chr14	55484232	55488416	ENSG00000182107[2,1,4]	0	-	55486699	55487752	0	1	4184,	0,	chr14	55486727	55487725	retro_human_4824	0	-	TMEM30B	998
chr14	55484232	55488131	ENSG00000182107[1,1,4]	0	-	55486699	55487752	0	1	3899,	0,	chr14	55486727	55487725	retro_human_4824	0	-	TMEM30B	998
chr14	55484530	55488416	ENSG00000182107[2,1,5]	0	-	55486699	55487752	0	1	3886,	0,	chr14	55486727	55487725	retro_human_4824	0	-	TMEM30B	998
chr14	55484530	55488131	ENSG00000182107[1,1,5]	0	-	55486699	55487752	0	1	3601,	0,	chr14	55486727	55487725	retro_human_4824	0	-	TMEM30B	998
chr14	58748215	58751085	ENSG00000126803[3,1,1]	0	+	58748647	58750564	0	1	2870,	0,	chr14	58748659	58750564	retro_human_3340	0	+	HSPA2	1905
chr14	58748488	58754020	ENSG00000126803[1,1,2]	0	+	58748647	58750564	0	1	5532,	0,	chr14	58748659	58750564	retro_human_3340	0	+	HSPA2	1905
chr14	58748488	58753758	ENSG00000126803[1,1,5]	0	+	58748647	58750564	0	1	5270,	0,	chr14	58748659	58750564	retro_human_3340	0	+	HSPA2	1905
chr14	58748488	58752651	ENSG00000126803[1,1,4]	0	+	58748647	58750564	0	1	4163,	0,	chr14	58748659	58750564	retro_human_3340	0	+	HSPA2	1905
chr14	58748488	58751085	ENSG00000126803[1,1,1]	0	+	58748647	58750564	0	1	2597,	0,	chr14	58748659	58750564	retro_human_3340	0	+	HSPA2	1905
chr14	67698840	67701025	ENSG00000170468[1,1,2]	0	+	67698975	67700898	0	1	2185,	0,	chr14	67699582	67700871	retro_human_2261	0	+	RIOX1	1289
chr14	67698840	67701404	ENSG00000170468[1,1,1]	0	+	67698975	67700898	0	1	2564,	0,	chr14	67699582	67700871	retro_human_2261	0	+	RIOX1	1289
chr14	67699674	67701404	ENSG00000170468[2,1,1]	0	+	67699722	67700898	0	1	1730,	0,	chr14	67699582	67700871	retro_human_2261	0	+	RIOX1	1197
chr14	67700613	67701404	ENSG00000170468[3,1,1]	0	+	67700622	67700898	0	1	791,	0,	chr14	67699582	67700871	retro_human_2261	0	+	RIOX1	258
chr14	95796554	95798756	ENSG00000197406[1,1,1]	0	+	95796750	95797257	0	1	2202,	0,	chr14	95797057	95797623	retro_human_6110	0	+	DIO3	566
chr14	99043422	99047641	ENSG00000179627[2,3,1]	0	+	99044320	99045340	255	2	155,3406,	0,813,	chr14	99044075	99045319	retro_human_436	0	+	ZBTB42	1244
chr14	99043422	99047398	ENSG00000179627[2,3,3]	0	+	99044320	99045340	255	2	155,3163,	0,813,	chr14	99044075	99045319	retro_human_436	0	+	ZBTB42	1244
chr14	99043422	99045413	ENSG00000179627[2,3,2]	0	+	99044320	99045340	255	2	155,1178,	0,813,	chr14	99044075	99045319	retro_human_436	0	+	ZBTB42	1244
chr14	99043422	99047641	ENSG00000179627[2,2,1]	0	+	99044074	99045340	0	2	155,3584,	0,635,	chr14	99044075	99045319	retro_human_436	0	+	ZBTB42	1244
chr14	99043422	99047398	ENSG00000179627[2,2,3]	0	+	99044074	99045340	0	2	155,3341,	0,635,	chr14	99044075	99045319	retro_human_436	0	+	ZBTB42	1244
chr14	99043422	99045413	ENSG00000179627[2,2,2]	0	+	99044074	99045340	0	2	155,1356,	0,635,	chr14	99044075	99045319	retro_human_436	0	+	ZBTB42	1244
chr14	99043422	99047641	ENSG00000179627[2,1,1]	0	+	99044074	99045340	0	1	4219,	0,	chr14	99044075	99045319	retro_human_436	0	+	ZBTB42	1244
chr14	99043422	99047398	ENSG00000179627[2,1,3]	0	+	99044074	99045340	0	1	3976,	0,	chr14	99044075	99045319	retro_human_436	0	+	ZBTB42	1244
chr14	99043739	99047641	ENSG00000179627[3,1,1]	0	+	99044074	99045340	0	1	3902,	0,	chr14	99044075	99045319	retro_human_436	0	+	ZBTB42	1244
chr14	99044519	99047641	ENSG00000179627[4,1,1]	0	+	99046770	99047105	0	1	3122,	0,	chr14	99044075	99045319	retro_human_436	0	+	ZBTB42	800
chr14	99044897	99047641	ENSG00000179627[5,1,1]	0	+	99046770	99047105	0	1	2744,	0,	chr14	99044075	99045319	retro_human_436	0	+	ZBTB42	422
chr14	99044897	99047398	ENSG00000179627[5,1,3]	0	+	99046770	99047105	0	1	2501,	0,	chr14	99044075	99045319	retro_human_436	0	+	ZBTB42	422
chr15	21300037	21311320	ENSG00000179455[1,10,2]	0	+	21300083	21309833	0	3	210,177,1551,	0,1184,9732,	chr15	21300479	21301717	retro_human_3818	0	+	MKRN3	1238
chr15	21300037	21309956	ENSG00000179455[1,10,6]	0	+	21300083	21309833	0	3	210,177,187,	0,1184,9732,	chr15	21300479	21301717	retro_human_3818	0	+	MKRN3	1238
chr15	21300037	21311320	ENSG00000179455[1,3,2]	0	+	21300196	21309833	0	3	464,177,1551,	0,1184,9732,	chr15	21300479	21301717	retro_human_3818	0	+	MKRN3	1238
chr15	21300037	21309956	ENSG00000179455[1,3,6]	0	+	21300196	21309833	0	3	464,177,187,	0,1184,9732,	chr15	21300479	21301717	retro_human_3818	0	+	MKRN3	1238
chr15	21300037	21303364	ENSG00000179455[1,1,10]	0	+	21300196	21301717	0	1	3327,	0,	chr15	21300479	21301717	retro_human_3818	0	+	MKRN3	1238
chr15	21300037	21302903	ENSG00000179455[1,1,9]	0	+	21300196	21301717	0	1	2866,	0,	chr15	21300479	21301717	retro_human_3818	0	+	MKRN3	1238
chr15	21300037	21302508	ENSG00000179455[1,1,1]	0	+	21300196	21301717	0	1	2471,	0,	chr15	21300479	21301717	retro_human_3818	0	+	MKRN3	1238
chr15	21300485	21303364	ENSG00000179455[3,1,10]	0	+	21300571	21301717	0	1	2879,	0,	chr15	21300479	21301717	retro_human_3818	0	+	MKRN3	1232
chr15	21300485	21302903	ENSG00000179455[3,1,9]	0	+	21300571	21301717	0	1	2418,	0,	chr15	21300479	21301717	retro_human_3818	0	+	MKRN3	1232
chr15	21300485	21302508	ENSG00000179455[3,1,1]	0	+	21300571	21301717	0	1	2023,	0,	chr15	21300479	21301717	retro_human_3818	0	+	MKRN3	1232
chr15	21377919	21379335	ENSG00000254585[2,1,1]	0	-	21378416	21379028	0	1	1416,	0,	chr15	21378516	21379106	retro_human_2026	0	-	MAGEL2	590
chr15	21377919	21382338	ENSG00000254585[1,1,1]	0	-	21378416	21382163	0	1	4419,	0,	chr15	21378516	21379106	retro_human_2026	0	-	MAGEL2	590
chr15	27043308	27048242	ENSG00000185115[1,1,1]	0	-	27047163	27048075	0	1	4934,	0,	chr15	27047230	27047841	retro_human_7858	0	-	NSMCE3	611
chr15	27046474	27048242	ENSG00000185115[1,1,2]	0	-	27047163	27048075	0	1	1768,	0,	chr15	27047230	27047841	retro_human_7858	0	-	NSMCE3	611
chr15	27046474	27047413	ENSG00000185115[2,1,2]	0	-	27047163	27047295	0	1	939,	0,	chr15	27047230	27047841	retro_human_7858	0	-	NSMCE3	183
chr15	27046710	27048242	ENSG00000185115[1,1,3]	0	-	27047163	27048075	0	1	1532,	0,	chr15	27047230	27047841	retro_human_7858	0	-	NSMCE3	611
chr15	27046710	27047413	ENSG00000185115[2,1,3]	0	-	27047163	27047295	0	1	703,	0,	chr15	27047230	27047841	retro_human_7858	0	-	NSMCE3	183
chr15	32889345	32890363	ENSG00000255192[2,2,2]	0	-	32889398	32890313	0	2	419,551,	0,467,	chr15	32889398	32890313	retro_human_1636	0	-	NANOGP8	915
chr15	32889345	32890363	ENSG00000255192[2,1,2]	0	-	32889398	32890313	0	1	1018,	0,	chr15	32889398	32890313	retro_human_1636	0	-	NANOGP8	915
chr15	38088306	38089549	ENSG00000230778[2,1,2]	0	-	38088359	38089499	0	1	1243,	0,	chr15	38088978	38089382	retro_human_8253	0	-	ANKRD63	404
chr15	41130899	41137939	ENSG00000168806[1,1,1]	0	-	41135738	41137796	0	1	7040,	0,	chr15	41136855	41137763	retro_human_7317	0	-	LCMT2	908
chr15	41134563	41137939	ENSG00000168806[1,1,3]	0	-	41135738	41137796	0	1	3376,	0,	chr15	41136855	41137763	retro_human_7317	0	-	LCMT2	908
chr15	41134563	41137634	ENSG00000168806[4,1,3]	0	-	41135738	41137136	0	1	3071,	0,	chr15	41136855	41137763	retro_human_7317	0	-	LCMT2	779
chr15	41135034	41137939	ENSG00000168806[1,1,4]	0	-	41135738	41137796	0	1	2905,	0,	chr15	41136855	41137763	retro_human_7317	0	-	LCMT2	908
chr15	41135034	41137634	ENSG00000168806[4,1,4]	0	-	41135738	41137136	0	1	2600,	0,	chr15	41136855	41137763	retro_human_7317	0	-	LCMT2	779
chr15	57008866	57010712	ENSG00000171989[1,1,1]	0	+	57009014	57010157	0	1	1846,	0,	chr15	57009015	57010142	retro_human_1547	0	+	LDHAL6B	1127
chr15	57413429	57421751	ENSG00000140297[1,2,2]	0	+	57419931	57421245	0	3	249,332,1880,	0,4813,6442,	chr15	57420256	57421242	retro_human_1548	0	+	GCNT3	986
chr15	57413429	57422564	ENSG00000140297[1,1,9]	0	+	57419931	57421245	0	3	249,190,2693,	0,4955,6442,	chr15	57420256	57421242	retro_human_1548	0	+	GCNT3	986
chr15	57413429	57421751	ENSG00000140297[1,1,2]	0	+	57419931	57421245	0	3	249,190,1880,	0,4955,6442,	chr15	57420256	57421242	retro_human_1548	0	+	GCNT3	986
chr15	57419581	57421751	ENSG00000140297[6,10,2]	0	+	57419931	57421245	0	2	198,1880,	0,290,	chr15	57420256	57421242	retro_human_1548	0	+	GCNT3	986
chr15	57419581	57420440	ENSG00000140297[6,10,7]	0	+	57419615	57419747	0	2	198,569,	0,290,	chr15	57420256	57421242	retro_human_1548	0	+	GCNT3	184
chr15	57805869	57809183	ENSG00000171956[1,1,1]	0	+	57806649	57807624	0	2	460,2591,	0,723,	chr15	57806620	57806964	retro_human_1544	0	+	FOXB1	344
chr15	62886113	62889416	ENSG00000234438[1,1,1]	0	+	62886233	62887607	0	1	3303,	0,	chr15	62886774	62887391	retro_human_7414	0	+	KBTBD13	617
chr16	1090532	1091949	ENSG00000162009[2,2,2]	0	+	1090625	1091717	0	1	1417,	0,	chr16	1090695	1091741	retro_human_5021	0	+	SSTR5	1046
chr16	3038977	3041127	ENSG00000213937[2,1,1]	0	+	3039934	3040585	0	1	2150,	0,	chr16	3039935	3040585	retro_human_10520	0	+	CLDN9	650
chr16	3039444	3041127	ENSG00000213937[1,1,1]	0	+	3039934	3040585	0	1	1683,	0,	chr16	3039935	3040585	retro_human_10520	0	+	CLDN9	650
chr16	3039688	3041127	ENSG00000213937[3,1,1]	0	+	3039934	3040585	0	1	1439,	0,	chr16	3039935	3040585	retro_human_10520	0	+	CLDN9	650
chr16	3041233	3044805	ENSG00000184697[1,4,1]	0	-	3041933	3042593	255	2	1376,85,	0,3487,	chr16	3042081	3042506	retro_human_1644	0	-	CLDN6	425
chr16	3041233	3044805	ENSG00000184697[1,3,1]	0	-	3041729	3042593	0	3	520,114,85,	0,1267,3487,	chr16	3042081	3042506	retro_human_1644	0	-	CLDN6	425
chr16	3041233	3044805	ENSG00000184697[1,1,1]	0	-	3041933	3042593	0	2	1381,85,	0,3487,	chr16	3042081	3042506	retro_human_1644	0	-	CLDN6	425
chr16	11290596	11292483	ENSG00000185338[1,2,1]	0	-	11291074	11291707	0	1	1887,	0,	chr16	11291075	11291512	retro_human_4407	0	-	SOCS1	437
chr16	11290596	11292483	ENSG00000185338[1,1,1]	0	-	11291074	11291707	0	2	1161,176,	0,1711,	chr16	11291075	11291512	retro_human_4407	0	-	SOCS1	437
chr16	30829819	30832163	ENSG00000179918[1,1,1]	0	-	30831789	30831966	0	1	2344,	0,	chr16	30830665	30831873	retro_human_1036	0	-	SEPHS2	1208
chr16	30829819	30832470	ENSG00000179918[2,1,1]	0	-	30831789	30831966	0	1	2651,	0,	chr16	30830665	30831873	retro_human_1036	0	-	SEPHS2	1208
chr16	30830199	30832163	ENSG00000179918[1,1,2]	0	-	30831789	30831966	0	1	1964,	0,	chr16	30830665	30831873	retro_human_1036	0	-	SEPHS2	1208
chr16	35842049	35844758	ENSG00000279800[1,1,1]	0	-	35842049	35842049	0	1	2709,	0,	chr16	35842098	35844708	retro_human_11139|BCLAF1P2-201|processed_pseudogene	0	-	BCLAF1P2	2610
chr16	57443553	57445029	ENSG00000224578[2,2,2]	0	+	57443800	57444625	0	1	1476,	0,	chr16	57443665	57444583	retro_human_255	0	+	HNRNPA1L3	918
chr16	61364764	61366415	ENSG00000256812[1,1,2]	0	+	61364887	61365631	0	1	1651,	0,	chr16	61365029	61365631	retro_human_261	0	+	CAPNS2	602
chr16	61364764	61365868	ENSG00000256812[1,1,1]	0	+	61364887	61365631	0	1	1104,	0,	chr16	61365029	61365631	retro_human_261	0	+	CAPNS2	602
chr16	63789910	63795197	ENSG00000166188[3,1,1]	0	-	63791804	63793550	0	2	3897,416,	0,4871,	chr16	63791856	63793475	retro_human_107	0	-	ZNF319	1619
chr16	72942345	72945340	ENSG00000237172[1,1,1]	0	-	72943571	72944777	0	2	2618,184,	0,2811,	chr16	72943629	72944522	retro_human_2249	0	-	B3GNT9	893
chr16	72942345	72945556	ENSG00000237172[2,1,1]	0	-	72943571	72944777	0	2	2618,400,	0,2811,	chr16	72943629	72944522	retro_human_2249	0	-	B3GNT9	893
chr16	72943458	72945556	ENSG00000237172[2,1,2]	0	-	72943571	72944777	0	2	1505,400,	0,1698,	chr16	72943629	72944522	retro_human_2249	0	-	B3GNT9	893
chr16	72943458	72945340	ENSG00000237172[1,1,2]	0	-	72943571	72944777	0	2	1505,184,	0,1698,	chr16	72943629	72944522	retro_human_2249	0	-	B3GNT9	893
chr16	73817003	73819062	ENSG00000182810[1,1,2]	0	-	73817362	73818982	0	1	2059,	0,	chr16	73817375	73818670	retro_human_2252	0	-	DDX28	1295
chr16	73817003	73819272	ENSG00000182810[2,1,2]	0	-	73817362	73818982	0	1	2269,	0,	chr16	73817375	73818670	retro_human_2252	0	-	DDX28	1295
chr16	76058455	76062983	ENSG00000223496[1,1,2]	0	-	76062077	76062893	0	1	4528,	0,	chr16	76062282	76062788	retro_human_5383	0	-	EXOSC6	506
chr16	76059037	76062983	ENSG00000223496[1,1,3]	0	-	76062077	76062893	0	1	3946,	0,	chr16	76062282	76062788	retro_human_5383	0	-	EXOSC6	506
chr16	76059714	76062983	ENSG00000223496[1,1,4]	0	-	76062077	76062893	0	1	3269,	0,	chr16	76062282	76062788	retro_human_5383	0	-	EXOSC6	506
chr16	76060347	76062983	ENSG00000223496[1,1,5]	0	-	76062077	76062893	0	1	2636,	0,	chr16	76062282	76062788	retro_human_5383	0	-	EXOSC6	506
chr16	76061082	76062983	ENSG00000223496[1,1,6]	0	-	76062077	76062893	0	1	1901,	0,	chr16	76062282	76062788	retro_human_5383	0	-	EXOSC6	506
chr16	84411680	84412086	ENSG00000260014[1,1,1]	0	+	84411730	84412033	0	1	406,	0,	chr16	84411730	84412036	retro_human_564|LSM3P5-201|processed_pseudogene	0	+	LOC124907795	306
chr17	7255823	7258985	ENSG00000213859[2,1,1]	0	+	7256927	7257623	0	1	3162,	0,	chr17	7256850	7257173	retro_human_2229	0	+	KCTD11	323
chr17	7256096	7258985	ENSG00000213859[1,1,1]	0	+	7256927	7257623	0	1	2889,	0,	chr17	7256850	7257173	retro_human_2229	0	+	KCTD11	323
chr17	7256253	7258985	ENSG00000213859[3,1,1]	0	+	7256927	7257623	0	1	2732,	0,	chr17	7256850	7257173	retro_human_2229	0	+	KCTD11	323
chr17	7256825	7258985	ENSG00000213859[4,1,1]	0	+	7256927	7257623	0	1	2160,	0,	chr17	7256850	7257173	retro_human_2229	0	+	KCTD11	323
chr17	16283065	16285113	ENSG00000170315[3,7,1]	0	+	16284225	16284912	0	2	289,894,	0,1154,	chr17	16284226	16284456	retro_human_6425	0	+	UBB	230
chr17	16283065	16285113	ENSG00000170315[3,7,1]	0	+	16284225	16284912	0	2	289,894,	0,1154,	chr17	16284676	16284909	retro_human_6218	0	+	UBB	233
chr17	16283065	16285113	ENSG00000170315[3,6,1]	0	+	16284225	16284912	0	2	282,894,	0,1154,	chr17	16284226	16284456	retro_human_6425	0	+	UBB	230
chr17	16283065	16285113	ENSG00000170315[3,6,1]	0	+	16284225	16284912	0	2	282,894,	0,1154,	chr17	16284676	16284909	retro_human_6218	0	+	UBB	233
chr17	16283065	16285113	ENSG00000170315[3,1,1]	0	+	16284225	16284912	0	2	437,894,	0,1154,	chr17	16284226	16284456	retro_human_6425	0	+	UBB	230
chr17	16283065	16285113	ENSG00000170315[3,1,1]	0	+	16284225	16284912	0	2	437,894,	0,1154,	chr17	16284676	16284909	retro_human_6218	0	+	UBB	233
chr17	16283358	16285113	ENSG00000170315[1,9,1]	0	+	16284453	16284912	255	2	144,665,	0,1090,	chr17	16284226	16284456	retro_human_6425	0	+	UBB	230
chr17	16283358	16285113	ENSG00000170315[1,9,1]	0	+	16284453	16284912	255	2	144,665,	0,1090,	chr17	16284676	16284909	retro_human_6218	0	+	UBB	233
chr17	16283358	16285113	ENSG00000170315[1,8,1]	0	+	16284681	16284912	0	2	144,437,	0,1318,	chr17	16284226	16284456	retro_human_6425	0	+	UBB	230
chr17	16283358	16285113	ENSG00000170315[1,8,1]	0	+	16284681	16284912	0	2	144,437,	0,1318,	chr17	16284676	16284909	retro_human_6218	0	+	UBB	233
chr17	16283358	16285113	ENSG00000170315[1,1,1]	0	+	16284225	16284912	0	2	144,894,	0,861,	chr17	16284226	16284456	retro_human_6425	0	+	UBB	230
chr17	16283358	16285113	ENSG00000170315[1,1,1]	0	+	16284225	16284912	0	2	144,894,	0,861,	chr17	16284676	16284909	retro_human_6218	0	+	UBB	233
chr17	16283557	16285113	ENSG00000170315[2,10,1]	0	+	16284225	16284912	255	2	226,894,	0,662,	chr17	16284226	16284456	retro_human_6425	0	+	UBB	230
chr17	16283557	16285113	ENSG00000170315[2,10,1]	0	+	16284225	16284912	255	2	226,894,	0,662,	chr17	16284676	16284909	retro_human_6218	0	+	UBB	233
chr17	16283557	16284554	ENSG00000170315[2,4,2]	0	+	16283853	16283955	0	2	440,335,	0,662,	chr17	16284226	16284456	retro_human_6425	0	+	UBB	230
chr17	16283557	16285113	ENSG00000170315[2,2,1]	0	+	16284225	16284912	0	2	223,894,	0,662,	chr17	16284226	16284456	retro_human_6425	0	+	UBB	230
chr17	16283557	16285113	ENSG00000170315[2,2,1]	0	+	16284225	16284912	0	2	223,894,	0,662,	chr17	16284676	16284909	retro_human_6218	0	+	UBB	233
chr17	16283557	16285113	ENSG00000170315[2,3,1]	0	+	16284225	16284912	0	2	276,894,	0,662,	chr17	16284226	16284456	retro_human_6425	0	+	UBB	230
chr17	16283557	16285113	ENSG00000170315[2,3,1]	0	+	16284225	16284912	0	2	276,894,	0,662,	chr17	16284676	16284909	retro_human_6218	0	+	UBB	233
chr17	32240209	32242974	ENSG00000126861[1,2,1]	0	-	32240696	32242016	0	1	2765,	0,	chr17	32241333	32241941	retro_human_8771	0	-	OMG	608
chr17	32240209	32243274	ENSG00000126861[3,2,1]	0	-	32240696	32242016	0	1	3065,	0,	chr17	32241333	32241941	retro_human_8771	0	-	OMG	608
chr17	32240209	32242974	ENSG00000126861[1,1,1]	0	-	32240696	32242016	0	2	1813,134,	0,2631,	chr17	32241333	32241941	retro_human_8771	0	-	OMG	608
chr17	32240209	32243274	ENSG00000126861[3,1,1]	0	-	32240696	32242016	0	2	1813,434,	0,2631,	chr17	32241333	32241941	retro_human_8771	0	-	OMG	608
chr17	38496507	38500233	ENSG00000276023[3,3,1]	0	+	38498955	38499549	0	2	936,1370,	0,2356,	chr17	38499022	38499492	retro_human_473	0	+	DUSP14	470
chr17	41226392	41227377	ENSG00000183153[2,1,2]	0	-	41226445	41227327	0	1	985,	0,	chr17	41226701	41227312	retro_human_9329	0	-	GJD3	611
chr17	41923804	41924779	ENSG00000212724[1,1,1]	0	-	41924281	41924665	0	1	975,	0,	chr17	41924281	41924653	retro_human_3073	0	-	KRTAP2-3	372
chr17	44248706	44250747	ENSG00000175906[1,1,2]	0	+	44249496	44250099	0	2	151,1323,	0,718,	chr17	44249560	44250066	retro_human_9674	0	+	ARL4D	506
chr17	44248706	44250951	ENSG00000175906[1,1,1]	0	+	44249496	44250099	0	2	151,1527,	0,718,	chr17	44249560	44250066	retro_human_9674	0	+	ARL4D	506
chr17	45411339	45413526	ENSG00000180340[1,1,2]	0	+	45411594	45413289	0	1	2187,	0,	chr17	45411679	45413268	retro_human_924	0	+	FZD2	1589
chr17	45411763	45413526	ENSG00000180340[2,1,2]	0	+	45411876	45413289	0	1	1763,	0,	chr17	45411679	45413268	retro_human_924	0	+	FZD2	1505
chr17	45412043	45413526	ENSG00000180340[3,1,2]	0	+	45412293	45413289	0	1	1483,	0,	chr17	45411679	45413268	retro_human_924	0	+	FZD2	1225
chr17	45656934	45661886	ENSG00000182963[2,2,2]	0	-	45658580	45659768	0	2	2854,541,	0,4411,	chr17	45658992	45659762	retro_human_8951	0	-	GJC1	770
chr17	51730456	51733548	ENSG00000141232[1,3,3]	0	-	51730456	51730456	0	2	642,347,	0,2745,	chr17	51730817	51731164	retro_human_3855	0	-	TOB1	347
chr17	71047802	71054495	ENSG00000123700[1,1,3]	0	+	71053818	71054073	0	2	220,1351,	0,5342,	chr17	71053490	71054509	retro_human_4738	0	+	KCNJ2	1005
chr17	74054750	74060886	ENSG00000180616[1,2,4]	0	+	74059111	74060218	0	3	329,169,1867,	0,3007,4269,	chr17	74059256	74060254	retro_human_10241	0	+	SSTR2	998
chr17	74054750	74062455	ENSG00000180616[1,1,6]	0	+	74059111	74060218	0	2	329,3436,	0,4269,	chr17	74059256	74060254	retro_human_10241	0	+	SSTR2	998
chr17	74054750	74061793	ENSG00000180616[1,1,5]	0	+	74059111	74060218	0	2	329,2774,	0,4269,	chr17	74059256	74060254	retro_human_10241	0	+	SSTR2	998
chr17	74054750	74060886	ENSG00000180616[1,1,4]	0	+	74059111	74060218	0	2	329,1867,	0,4269,	chr17	74059256	74060254	retro_human_10241	0	+	SSTR2	998
chr17	74054750	74060546	ENSG00000180616[1,1,3]	0	+	74059111	74060218	0	2	329,1527,	0,4269,	chr17	74059256	74060254	retro_human_10241	0	+	SSTR2	998
chr17	79250249	79253649	ENSG00000184557[1,1,1]	0	-	79251942	79252617	0	2	2456,378,	0,3022,	chr17	79251955	79252518	retro_human_6499	0	-	SOCS3	563
chr18	734724	736559	ENSG00000177143[1,1,1]	0	+	734803	735319	0	1	1835,	0,	chr18	734804	735319	retro_human_715	0	+	CETN1	515
chr18	12013622	12015433	ENSG00000255112[1,1,4]	0	+	12013771	12014368	0	1	1811,	0,	chr18	12013901	12014362	retro_human_10813	0	+	CHMP1B	461
chr18	12013622	12015182	ENSG00000255112[1,1,3]	0	+	12013771	12014368	0	1	1560,	0,	chr18	12013901	12014362	retro_human_10813	0	+	CHMP1B	461
chr18	12013622	12015005	ENSG00000255112[1,1,2]	0	+	12013771	12014368	0	1	1383,	0,	chr18	12013901	12014362	retro_human_10813	0	+	CHMP1B	461
chr18	12013622	12016752	ENSG00000255112[1,1,1]	0	+	12013771	12014368	0	1	3130,	0,	chr18	12013901	12014362	retro_human_10813	0	+	CHMP1B	461
chr18	22599871	22604288	ENSG00000212710[1,1,1]	0	-	22601899	22604134	0	1	4417,	0,	chr18	22602107	22604218	retro_human_2509	0	-	CTAGE1	2111
chr18	67725129	67735622	ENSG00000171451[2,1,1]	0	-	67729567	67733233	0	2	8958,670,	0,9823,	chr18	67731131	67733020	retro_human_3102	0	-	DSEL	1889
chr18	67729452	67735362	ENSG00000171451[1,1,2]	0	-	67729567	67733233	0	2	4635,410,	0,5500,	chr18	67731131	67733020	retro_human_3102	0	-	DSEL	1889
chr18	67730287	67735362	ENSG00000171451[1,1,3]	0	-	67731051	67731327	0	2	3800,410,	0,4665,	chr18	67731131	67733020	retro_human_3102	0	-	DSEL	1889
chr18	67730820	67735362	ENSG00000171451[1,1,4]	0	-	67731051	67731327	0	2	3267,410,	0,4132,	chr18	67731131	67733020	retro_human_3102	0	-	DSEL	1889
chr18	67731346	67735362	ENSG00000171451[1,1,5]	0	-	67731861	67732092	0	2	2741,410,	0,3606,	chr18	67731131	67733020	retro_human_3102	0	-	DSEL	1674
chr19	3153546	3155210	ENSG00000125910[1,1,1]	0	+	3153620	3154772	0	1	1664,	0,	chr19	3153597	3154592	retro_human_8192	0	+	S1PR4	995
chr19	3153936	3155210	ENSG00000125910[3,1,1]	0	+	3154058	3154772	0	1	1274,	0,	chr19	3153597	3154592	retro_human_8192	0	+	S1PR4	656
chr19	3154116	3155210	ENSG00000125910[4,1,1]	0	+	3154151	3154772	0	1	1094,	0,	chr19	3153597	3154592	retro_human_8192	0	+	S1PR4	476
chr19	4777145	4781063	ENSG00000141965[1,1,2]	0	+	4777316	4779323	0	1	3918,	0,	chr19	4777317	4779323	retro_human_4374	0	+	FEM1A	2006
chr19	4777145	4786799	ENSG00000141965[1,1,1]	0	+	4777316	4779323	0	1	9654,	0,	chr19	4777317	4779323	retro_human_4374	0	+	FEM1A	2006
chr19	4778861	4781063	ENSG00000141965[2,1,2]	0	+	4778936	4779323	0	1	2202,	0,	chr19	4777317	4779323	retro_human_4374	0	+	FEM1A	462
chr19	10639128	10643939	ENSG00000180739[1,1,1]	0	-	10640261	10641455	0	2	2345,100,	0,4711,	chr19	10640433	10641473	retro_human_6257	0	-	S1PR5	1040
chr19	10639333	10643939	ENSG00000180739[1,3,2]	0	-	10640261	10641455	0	2	2140,457,	0,4149,	chr19	10640433	10641473	retro_human_6257	0	-	S1PR5	1040
chr19	10639333	10644423	ENSG00000180739[2,2,2]	0	-	10640261	10641455	0	2	2140,158,	0,4932,	chr19	10640433	10641473	retro_human_6257	0	-	S1PR5	1040
chr19	10639333	10644423	ENSG00000180739[2,1,2]	0	-	10640261	10641455	0	2	2140,584,	0,4506,	chr19	10640433	10641473	retro_human_6257	0	-	S1PR5	1040
chr19	10639333	10643939	ENSG00000180739[1,1,2]	0	-	10640261	10641455	0	2	2140,100,	0,4506,	chr19	10640433	10641473	retro_human_6257	0	-	S1PR5	1040
chr19	11926673	11937325	ENSG00000177599[1,4,6]	0	+	11934154	11935465	0	2	255,3178,	0,7474,	chr19	11934200	11935357	retro_human_1987	0	+	ZNF491	1157
chr19	11926673	11936754	ENSG00000177599[1,4,1]	0	+	11934154	11935465	0	2	255,2607,	0,7474,	chr19	11934200	11935357	retro_human_1987	0	+	ZNF491	1157
chr19	11926673	11937325	ENSG00000177599[1,1,6]	0	+	11934154	11935465	0	3	255,126,3178,	0,6069,7474,	chr19	11934200	11935357	retro_human_1987	0	+	ZNF491	1157
chr19	11926673	11936754	ENSG00000177599[1,1,1]	0	+	11934154	11935465	0	3	255,126,2607,	0,6069,7474,	chr19	11934200	11935357	retro_human_1987	0	+	ZNF491	1157
chr19	11926673	11936344	ENSG00000177599[1,1,5]	0	+	11934154	11935465	0	3	255,126,2197,	0,6069,7474,	chr19	11934200	11935357	retro_human_1987	0	+	ZNF491	1157
chr19	11958137	11959953	ENSG00000171295[4,6,4]	0	+	11958137	11958137	0	3	474,61,384,	0,681,1432,	chr19	11959418	11960809	retro_human_1985	0	+	ZNF440	535
chr19	12104964	12106773	ENSG00000197054[2,5,3]	0	+	12104988	12105165	0	3	393,61,465,	0,599,1344,	chr19	12106511	12107438	retro_human_7056	0	+	ZNF763	262
chr19	12812447	12812972	ENSG00000283980[1,1,1]	0	+	12812548	12812869	0	1	525,	0,	chr19	12812549	12812869	retro_human_1601	0	+	GNG14	320
chr19	19651655	19653085	ENSG00000178093[1,1,1]	0	-	19652095	19652914	0	1	1430,	0,	chr19	19652114	19652905	retro_human_10354	0	-	TSSK6	791
chr19	44246532	44248660	ENSG00000177191[1,1,1]	0	-	44246823	44248014	255	2	1514,141,	0,1987,	chr19	44246824	44247699	retro_human_8872	0	-	B3GNT8	875
chr19	44246532	44248660	ENSG00000177191[1,3,1]	0	-	44246823	44247174	0	2	1143,141,	0,1987,	chr19	44246824	44247699	retro_human_8872	0	-	B3GNT8	875
chr19	44247241	44248660	ENSG00000177191[1,3,2]	0	-	44247241	44247241	0	2	434,141,	0,1278,	chr19	44246824	44247699	retro_human_8872	0	-	B3GNT8	458
chr19	54832316	54839137	ENSG00000171051[1,2,2]	0	-	54833138	54834188	0	3	1883,51,130,	0,5080,6691,	chr19	54833127	54834143	retro_human_4964	0	-	FPR1	1016
chr19	54832316	54839137	ENSG00000171051[1,1,2]	0	-	54833138	54834188	0	2	1883,130,	0,6691,	chr19	54833127	54834143	retro_human_4964	0	-	FPR1	1016
chr19	54832917	54839137	ENSG00000171051[1,2,1]	0	-	54833138	54834188	0	3	1282,51,130,	0,4479,6090,	chr19	54833127	54834143	retro_human_4964	0	-	FPR1	1016
chr19	54832917	54839137	ENSG00000171051[1,1,1]	0	-	54833138	54834188	0	2	1282,130,	0,6090,	chr19	54833127	54834143	retro_human_4964	0	-	FPR1	1016
chr19	54833563	54838055	ENSG00000171051[2,3,3]	0	-	54834049	54837969	0	2	636,206,	0,4286,	chr19	54833127	54834143	retro_human_4964	0	-	FPR1	580
chr19	54848323	54857775	ENSG00000171049[1,2,1]	0	+	54855852	54856905	0	3	101,156,1937,	0,2232,7515,	chr19	54855940	54856887	retro_human_9599	0	+	FPR2	947
chr19	54848323	54857257	ENSG00000171049[1,2,2]	0	+	54855852	54856905	0	3	101,156,1419,	0,2232,7515,	chr19	54855940	54856887	retro_human_9599	0	+	FPR2	947
chr19	54848323	54857775	ENSG00000171049[1,1,1]	0	+	54855852	54856905	0	2	101,1937,	0,7515,	chr19	54855940	54856887	retro_human_9599	0	+	FPR2	947
chr19	55696776	55702111	ENSG00000167766[7,22,1]	0	-	55698058	55699014	255	3	1359,1029,944,	0,1442,4391,	chr19	55697281	55699278	retro_human_7418	0	-	ZNF83	1997
chr19	55696776	55702111	ENSG00000167766[7,11,1]	0	-	55697466	55699014	0	2	2471,944,	0,4391,	chr19	55697281	55699278	retro_human_7418	0	-	ZNF83	1997
chr19	55696776	55702540	ENSG00000167766[5,11,1]	0	-	55697466	55699014	0	2	2471,1373,	0,4391,	chr19	55697281	55699278	retro_human_7418	0	-	ZNF83	1997
chr19	55848594	55871327	ENSG00000189190[2,4,1]	0	-	55850051	55863362	255	6	3640,127,82,475,148,261,	0,10443,14705,16460,17196,22472,	chr19	55849668	55852265	retro_human_3909	0	-	ZNF600	2597
chr19	55848594	55871327	ENSG00000189190[2,5,1]	0	-	55850051	55852217	0	3	3640,82,261,	0,14705,22472,	chr19	55849668	55852265	retro_human_3909	0	-	ZNF600	2597
chr19	55848960	55871327	ENSG00000189190[2,3,2]	0	-	55850051	55863362	0	4	3274,127,82,261,	0,10077,14339,22106,	chr19	55849668	55852265	retro_human_3909	0	-	ZNF600	2597
chr19	55849926	55871327	ENSG00000189190[2,11,4]	0	-	55850051	55863362	255	5	2308,127,82,475,261,	0,9111,13373,15128,21140,	chr19	55849668	55852265	retro_human_3909	0	-	ZNF600	2339
chr19	55849926	55871327	ENSG00000189190[2,4,4]	0	-	55850051	55863362	255	6	2308,127,82,475,148,261,	0,9111,13373,15128,15864,21140,	chr19	55849668	55852265	retro_human_3909	0	-	ZNF600	2339
chr19	55849926	55871327	ENSG00000189190[2,3,4]	0	-	55850051	55863362	0	4	2308,127,82,261,	0,9111,13373,21140,	chr19	55849668	55852265	retro_human_3909	0	-	ZNF600	2339
chr19	55849926	55871327	ENSG00000189190[2,5,4]	0	-	55850051	55852217	0	3	2308,82,261,	0,13373,21140,	chr19	55849668	55852265	retro_human_3909	0	-	ZNF600	2339
chr19	55881297	55906049	ENSG00000198538[1,11,6]	0	-	55884141	55886136	255	5	4856,118,127,88,134,	0,8298,11182,20979,24618,	chr19	55883506	55886184	retro_human_7401	0	-	ZNF28	2678
chr19	55881811	55906049	ENSG00000198538[1,9,1]	0	-	55884141	55885959	255	3	4300,88,134,	0,20465,24104,	chr19	55883506	55886184	retro_human_7401	0	-	ZNF28	2678
chr19	55881811	55906049	ENSG00000198538[1,10,1]	0	-	55884141	55885959	255	5	4300,118,127,88,134,	0,7784,10668,20465,24104,	chr19	55883506	55886184	retro_human_7401	0	-	ZNF28	2678
chr19	55881811	55906049	ENSG00000198538[1,11,1]	0	-	55884141	55886136	255	5	4342,118,127,88,134,	0,7784,10668,20465,24104,	chr19	55883506	55886184	retro_human_7401	0	-	ZNF28	2678
chr19	55881811	55906049	ENSG00000198538[1,1,1]	0	-	55884141	55902291	0	4	4342,127,88,134,	0,10668,20465,24104,	chr19	55883506	55886184	retro_human_7401	0	-	ZNF28	2678
chr19	55881811	55890546	ENSG00000198538[2,2,1]	0	-	55884141	55886136	0	2	4342,951,	0,7784,	chr19	55883506	55886184	retro_human_7401	0	-	ZNF28	2678
chr19	55881811	55906049	ENSG00000198538[1,6,1]	0	-	55884141	55886136	0	3	4342,88,134,	0,20465,24104,	chr19	55883506	55886184	retro_human_7401	0	-	ZNF28	2678
chr19	56474591	56490252	ENSG00000196417[1,5,11]	0	+	56487214	56488624	0	3	100,88,3055,	0,2847,12606,	chr19	56487167	56488858	retro_human_9636	0	+	ZNF765	1691
chr19	56474591	56490252	ENSG00000196417[1,1,11]	0	+	56477511	56488624	0	4	100,88,127,3055,	0,2847,6979,12606,	chr19	56487167	56488858	retro_human_9636	0	+	ZNF765	1691
chr19	58701296	58713261	ENSG00000261221[3,1,1]	0	+	58709560	58712737	0	2	378,3727,	0,8238,	chr19	58710596	58712623	retro_human_10694	0	+	ZNF865	2027
chr19	58701538	58713261	ENSG00000261221[1,1,1]	0	+	58709560	58712737	0	2	136,3727,	0,7996,	chr19	58710596	58712623	retro_human_10694	0	+	ZNF865	2027
chr19	59756077	59765943	ENSG00000127903[1,2,1]	0	-	59757737	59759348	0	2	3318,233,	0,9633,	chr19	59757858	59759069	retro_human_1271	0	-	ZNF835	1211
chr19	59756077	59765943	ENSG00000127903[1,1,1]	0	-	59757737	59759348	0	2	3318,258,	0,9608,	chr19	59757858	59759069	retro_human_1271	0	-	ZNF835	1211
chr19	59756748	59765943	ENSG00000127903[1,2,3]	0	-	59757737	59759348	0	2	2647,233,	0,8962,	chr19	59757858	59759069	retro_human_1271	0	-	ZNF835	1211
chr19	59756748	59765943	ENSG00000127903[1,1,3]	0	-	59757737	59759348	0	2	2647,258,	0,8937,	chr19	59757858	59759069	retro_human_1271	0	-	ZNF835	1211
chr19	60460530	60464503	ENSG00000256060[1,2,2]	0	+	60461866	60462286	0	1	3973,	0,	chr19	60461774	60462286	retro_human_5585	0	+	TRAPPC2B	512
chr19	60460530	60462488	ENSG00000256060[1,2,1]	0	+	60461866	60462286	0	1	1958,	0,	chr19	60461774	60462286	retro_human_5585	0	+	TRAPPC2B	512
chr19	60460530	60464503	ENSG00000256060[1,1,2]	0	+	60461866	60462286	0	2	203,2656,	0,1317,	chr19	60461774	60462286	retro_human_5585	0	+	TRAPPC2B	512
chr19	60460530	60464344	ENSG00000256060[1,1,4]	0	+	60461866	60462286	0	2	203,2497,	0,1317,	chr19	60461774	60462286	retro_human_5585	0	+	TRAPPC2B	512
chr19	60460530	60462217	ENSG00000256060[1,1,3]	0	+	60460530	60460530	0	2	203,370,	0,1317,	chr19	60461774	60462286	retro_human_5585	0	+	TRAPPC2B	443
chr19	60460530	60462488	ENSG00000256060[1,1,1]	0	+	60461866	60462286	0	2	203,641,	0,1317,	chr19	60461774	60462286	retro_human_5585	0	+	TRAPPC2B	512
chr19	61037707	61044681	ENSG00000152454[1,2,1]	0	-	61037851	61039273	0	2	1865,315,	0,6659,	chr19	61037858	61039774	retro_human_1505	0	-	ZNF256	1916
chr19	61037707	61044681	ENSG00000152454[1,1,1]	0	-	61037851	61044399	0	3	1865,127,315,	0,3151,6659,	chr19	61037858	61039774	retro_human_1505	0	-	ZNF256	1916
chr19	61450722	61459306	ENSG00000174586[1,3,1]	0	-	61452557	61454051	0	4	3343,335,97,222,	0,3645,4182,8362,	chr19	61452570	61453955	retro_human_7097	0	-	ZNF497	1385
chr19	61450722	61459306	ENSG00000174586[1,2,1]	0	-	61452557	61454051	0	2	3343,222,	0,8362,	chr19	61452570	61453955	retro_human_7097	0	-	ZNF497	1385
chr19	61450722	61459306	ENSG00000174586[1,1,1]	0	-	61452557	61454051	0	3	3343,97,222,	0,4182,8362,	chr19	61452570	61453955	retro_human_7097	0	-	ZNF497	1385
chr19	61451926	61459306	ENSG00000174586[1,3,2]	0	-	61452557	61454051	0	4	2139,335,97,222,	0,2441,2978,7158,	chr19	61452570	61453955	retro_human_7097	0	-	ZNF497	1385
chr19	61451926	61459306	ENSG00000174586[1,2,2]	0	-	61452557	61454051	0	2	2139,222,	0,7158,	chr19	61452570	61453955	retro_human_7097	0	-	ZNF497	1385
chr19	61451926	61459306	ENSG00000174586[1,1,2]	0	-	61452557	61454051	0	3	2139,97,222,	0,2978,7158,	chr19	61452570	61453955	retro_human_7097	0	-	ZNF497	1385
chr19	61463978	61477470	ENSG00000152475[1,1,1]	0	-	61464150	61465743	0	3	1794,110,141,	0,2251,13351,	chr19	61464163	61465911	retro_human_7102	0	-	ZNF837	1748
chr19	61463978	61477470	ENSG00000152475[1,2,1]	0	-	61464150	61465743	0	3	1794,212,141,	0,2149,13351,	chr19	61464163	61465911	retro_human_7102	0	-	ZNF837	1748
chr20	23094742	23096343	ENSG00000132671[1,1,2]	0	+	23094964	23096128	0	1	1601,	0,	chr20	23095082	23096116	retro_human_4755	0	+	SSTR4	1034
chr20	23105063	23109203	ENSG00000178726[1,1,1]	0	-	23107260	23108985	0	1	4140,	0,	chr20	23107513	23108283	retro_human_3786	0	-	THBD	770
chr20	23105428	23109203	ENSG00000178726[1,1,2]	0	-	23107260	23108985	0	1	3775,	0,	chr20	23107513	23108283	retro_human_3786	0	-	THBD	770
chr20	23106541	23109203	ENSG00000178726[1,1,3]	0	-	23107260	23108985	0	1	2662,	0,	chr20	23107513	23108283	retro_human_3786	0	-	THBD	770
chr20	23410282	23414363	ENSG00000132661[1,1,1]	0	+	23413583	23414003	0	2	321,841,	0,3240,	chr20	23413584	23414003	retro_human_4754	0	+	NXT1	419
chr20	33271585	33272355	ENSG00000101898[1,1,1]	0	+	33271727	33272270	0	1	770,	0,	chr20	33271727	33272270	retro_human_4077	0	+	MCTS2	543
chr20	33568860	33570262	ENSG00000179772[1,1,1]	0	-	33569160	33570150	0	1	1402,	0,	chr20	33569830	33570177	retro_human_4199	0	-	FOXS1	347
chr20	61720884	61724627	ENSG00000132825[1,1,1]	0	-	61723306	61724203	0	1	3743,	0,	chr20	61723307	61723906	retro_human_9494	0	-	PPP1R3D	599
chr20	61721060	61724627	ENSG00000132825[1,1,2]	0	-	61723306	61724203	0	1	3567,	0,	chr20	61723307	61723906	retro_human_9494	0	-	PPP1R3D	599
chr20	61721060	61724297	ENSG00000132825[3,1,2]	0	-	61723306	61724203	0	1	3237,	0,	chr20	61723307	61723906	retro_human_9494	0	-	PPP1R3D	599
chr20	61721060	61724077	ENSG00000132825[2,1,2]	0	-	61723136	61723370	0	1	3017,	0,	chr20	61723307	61723906	retro_human_9494	0	-	PPP1R3D	599
chr20	61722802	61724627	ENSG00000132825[1,1,3]	0	-	61723306	61724203	0	1	1825,	0,	chr20	61723307	61723906	retro_human_9494	0	-	PPP1R3D	599
chr20	61722802	61724297	ENSG00000132825[3,1,3]	0	-	61723306	61724203	0	1	1495,	0,	chr20	61723307	61723906	retro_human_9494	0	-	PPP1R3D	599
chr20	61722802	61724077	ENSG00000132825[2,1,3]	0	-	61723136	61723370	0	1	1275,	0,	chr20	61723307	61723906	retro_human_9494	0	-	PPP1R3D	599
chr20	65681004	65683423	ENSG00000268858[5,1,1]	0	-	65681004	65681004	0	1	2419,	0,	chr20	65681441	65682790	retro_human_5843	0	+	ABHD16B	1349
chr20	65681004	65683052	ENSG00000268858[4,1,1]	0	-	65681004	65681004	0	1	2048,	0,	chr20	65681441	65682790	retro_human_5843	0	+	ABHD16B	1349
chr20	65681004	65682429	ENSG00000268858[3,1,1]	0	-	65681004	65681004	0	1	1425,	0,	chr20	65681441	65682790	retro_human_5843	0	+	ABHD16B	988
chr20	65681004	65682072	ENSG00000268858[2,1,1]	0	-	65681004	65681004	0	1	1068,	0,	chr20	65681441	65682790	retro_human_5843	0	+	ABHD16B	631
chr20	65681004	65684186	ENSG00000268858[1,1,1]	0	-	65681004	65681004	0	1	3182,	0,	chr20	65681441	65682790	retro_human_5843	0	+	ABHD16B	1349
chr20	65681290	65682881	ENSG00000183260[1,1,1]	0	+	65681383	65682790	0	1	1591,	0,	chr20	65681441	65682790	retro_human_5843	0	+	ABHD16B	1349
chr21	41920682	41921242	ENSG00000274559[1,1,1]	0	+	41920782	41921160	0	1	560,	0,	chr21	41920881	41921160	retro_human_487	0	+	H2BC12L	279
chr21	28579822	28582014	ENSG00000156284[1,1,1]	0	-	28581117	28581792	0	1	2192,	0,	chr21	28581172	28581714	retro_human_8843	0	-	CLDN8	542
chr21	28580145	28582014	ENSG00000156284[1,1,2]	0	-	28581117	28581792	0	1	1869,	0,	chr21	28581172	28581714	retro_human_8843	0	-	CLDN8	542
chr21	34843171	34849092	ENSG00000159261[2,2,1]	0	-	34843579	34844296	0	2	1206,125,	0,5796,	chr21	34843700	34844296	retro_human_4970	0	-	CLDN14	596
chr21	36679939	36683214	ENSG00000157551[5,20,6]	0	+	36679939	36679939	0	3	129,98,538,	0,419,2737,	chr21	36682692	36683645	retro_human_7678	0	+	KCNJ15	522
chr21	41920675	41921242	ENSG00000234289[1,1,1]	0	+	41920782	41921160	0	1	567,	0,	chr21	41920881	41921160	retro_human_487	0	+	H2BC12L	279
chr22	21796869	21803074	ENSG00000275793[1,1,1]	0	+	21797404	21802321	0	1	6205,	0,	chr22	21798533	21802300	retro_human_9293	0	+	RIMBP3	3767
chr22	19505371	19507286	ENSG00000206203[2,1,1]	0	+	19506013	19507087	0	1	1915,	0,	chr22	19506044	19506829	retro_human_10249	0	+	TSSK2	785
chr22	19899814	19902314	ENSG00000184113[2,2,1]	0	-	19900442	19901351	0	2	1569,319,	0,2181,	chr22	19900443	19901096	retro_human_3800	0	-	CLDN5	653
chr22	19899814	19904436	ENSG00000184113[3,3,1]	0	-	19900442	19901351	0	2	1569,1079,	0,3543,	chr22	19900443	19901096	retro_human_3800	0	-	CLDN5	653
chr22	19899814	19901301	ENSG00000184113[1,1,1]	0	-	19900442	19901096	0	1	1487,	0,	chr22	19900443	19901096	retro_human_3800	0	-	CLDN5	653
chr22	19899814	19902314	ENSG00000184113[2,1,1]	0	-	19900442	19901351	0	1	2500,	0,	chr22	19900443	19901096	retro_human_3800	0	-	CLDN5	653
chr22	21796869	21803074	ENSG00000274600[1,1,1]	0	+	21797404	21802321	0	1	6205,	0,	chr22	21798533	21802300	retro_human_9293	0	+	RIMBP3	3767
chr22	21959092	21964985	ENSG00000183246[1,1,1]	0	-	21959536	21964450	0	1	5893,	0,	chr22	21959552	21961957	retro_human_8882	0	-	RIMBP3B	2405
chr22	22907649	22912360	ENSG00000275004[2,2,2]	0	-	22910611	22912240	0	2	1171,2658,	0,2053,	chr22	22910708	22912108	retro_human_3395	0	-	ZNF280B	1400
chr22	22936535	22943191	ENSG00000169548[1,2,1]	0	-	22936854	22938480	255	3	2016,1052,232,	0,2180,6424,	chr22	22936957	22938354	retro_human_3396	0	-	ZNF280A	1397
chr22	22936535	22943191	ENSG00000169548[1,1,1]	0	-	22936854	22938480	0	2	2016,232,	0,6424,	chr22	22936957	22938354	retro_human_3396	0	-	ZNF280A	1397
chr22	24185828	24198355	ENSG00000187792[1,1,1]	0	-	24191000	24192338	0	2	6589,452,	0,12075,	chr22	24190776	24192203	retro_human_6376	0	-	ZNF70	1427
chr22	37664104	37672288	ENSG00000278195[3,1,1]	0	-	37666467	37667721	0	2	3653,546,	0,7638,	chr22	37666699	37667619	retro_human_2631	0	-	SSTR3	920
chr22	41331690	41334355	ENSG00000172404[1,1,1]	0	-	41333259	41334186	0	1	2665,	0,	chr22	41333908	41334186	retro_human_7741	0	-	DNAJB7	278
chr22	42155673	42156154	ENSG00000285531[1,1,1]	0	-	42155723	42156104	0	1	481,	0,	chr22	42155723	42156104	retro_human_2271|Z83840.1-201|processed_pseudogene	0	-	LOC107985567	381
chr22	43120623	43121526	ENSG00000249222[1,1,1]	0	-	43120845	43121145	0	1	903,	0,	chr22	43120837	43121145	retro_human_2275	0	-	ATP5MGL	308
chr22	43172934	43175900	ENSG00000128274[2,2,1]	0	-	43173756	43174815	0	2	1927,494,	0,2472,	chr22	43173769	43174581	retro_human_2276	0	-	A4GALT	812
chr22	43172934	43176549	ENSG00000128274[3,3,1]	0	-	43173756	43174815	0	2	1927,193,	0,3422,	chr22	43173769	43174581	retro_human_2276	0	-	A4GALT	812
chr22	51033039	51035395	ENSG00000025770[4,16,1]	0	+	51033091	51033937	255	5	95,50,102,150,1596,	0,196,346,542,760,	chr22	51034188	51034694	retro_human_10565	0	-	SCO2	506
chr22	51033788	51035395	ENSG00000272821[2,1,1]	0	+	51033969	51034254	0	1	1607,	0,	chr22	51034188	51034694	retro_human_10565	0	-	SCO2	506
chr22	51034082	51037076	ENSG00000284194[3,4,1]	0	-	51034178	51034976	0	2	907,266,	0,2728,	chr22	51034188	51034694	retro_human_10565	0	-	SCO2	506
chr22	51034082	51036760	ENSG00000284194[2,3,1]	0	-	51034178	51034976	0	2	907,195,	0,2483,	chr22	51034188	51034694	retro_human_10565	0	-	SCO2	506
chr22	51034082	51037597	ENSG00000025708[6,19,9]	0	-	51034178	51034976	255	3	907,231,457,	0,2728,3058,	chr22	51034188	51034694	retro_human_10565	0	-	SCO2	506
chr22	51034082	51037353	ENSG00000025708[5,19,9]	0	-	51034178	51034976	255	3	907,231,213,	0,2728,3058,	chr22	51034188	51034694	retro_human_10565	0	-	SCO2	506
chr22	51034440	51035395	ENSG00000272821[1,1,1]	0	+	51034974	51035253	0	1	955,	0,	chr22	51034188	51034694	retro_human_10565	0	-	SCO2	254
