chr1	146488	151124	ENSG00000230021[8,12,3]	0	-	146488	146488	0	2	227,257,	0,4379,	chr1	138270	151217	CICP18-202|transcribed_processed_pseudogene	0	-	intergenic	4636
chr1	389323	394480	ENSG00000187961[1,6,1]	0	+	389483	393903	255	12	267,260,122,222,186,214,145,168,89,74,182,803,	0,759,1095,1292,1752,2170,2575,2803,3386,3573,3815,4354,	chr1	393097	393858	retro_human_6823	0	+	intergenic	761
chr1	389323	394480	ENSG00000187961[1,8,1]	0	+	393165	393903	255	2	3997,803,	0,4354,	chr1	393097	393858	retro_human_6823	0	+	intergenic	761
chr1	389323	394480	ENSG00000187961[1,1,1]	0	+	389483	393903	0	12	267,260,122,222,117,214,145,168,89,74,182,803,	0,759,1095,1292,1821,2170,2575,2803,3386,3573,3815,4354,	chr1	393097	393858	retro_human_6823	0	+	intergenic	761
chr1	425828	430377	ENSG00000188290[1,4,2]	0	-	429216	429726	0	2	3759,697,	0,3852,	chr1	429427	430128	retro_human_4464	0	-	intergenic	701
chr1	425828	430377	ENSG00000188290[1,1,2]	0	-	429216	430128	0	4	3759,88,96,357,	0,3852,4018,4192,	chr1	429427	430128	retro_human_4464	0	-	intergenic	701
chr1	429066	430377	ENSG00000188290[1,5,1]	0	-	429216	429726	255	3	521,262,357,	0,614,954,	chr1	429427	430128	retro_human_4464	0	-	intergenic	701
chr1	429066	430377	ENSG00000188290[1,6,1]	0	-	429518	430128	255	4	521,81,96,357,	0,621,780,954,	chr1	429427	430128	retro_human_4464	0	-	intergenic	701
chr1	429066	430377	ENSG00000188290[1,3,1]	0	-	429216	430128	0	3	521,88,357,	0,614,954,	chr1	429427	430128	retro_human_4464	0	-	intergenic	701
chr1	429066	430377	ENSG00000188290[1,4,1]	0	-	429216	429726	0	2	521,697,	0,614,	chr1	429427	430128	retro_human_4464	0	-	intergenic	701
chr1	429066	430377	ENSG00000188290[1,2,1]	0	-	429216	430128	0	3	521,88,531,	0,614,780,	chr1	429427	430128	retro_human_4464	0	-	intergenic	701
chr1	429066	430377	ENSG00000188290[1,1,1]	0	-	429216	430128	0	4	521,88,96,357,	0,614,780,954,	chr1	429427	430128	retro_human_4464	0	-	intergenic	701
chr1	809162	809629	ENSG00000223663[1,1,1]	0	+	809162	809162	0	1	467,	0,	chr1	809212	809579	retro_human_7358|NDUFB4P8-201|processed_pseudogene	0	+	intergenic	367
chr1	1106379	1107901	ENSG00000269737[1,1,1]	0	+	1106379	1106379	0	1	1522,	0,	chr1	1106429	1107851	AL691432.1-201|transcribed_processed_pseudogene	0	+	intergenic	1422
chr1	1106379	1107901	ENSG00000269737[1,1,1]	0	+	1106379	1106379	0	1	1522,	0,	chr1	1107714	1108837	retro_human_6554|AL691432.1-202|transcribed_processed_pseudogene	0	+	intergenic	187
chr1	1106548	1108482	ENSG00000269737[3,1,3]	0	+	1106548	1106548	0	1	1934,	0,	chr1	1106429	1107851	AL691432.1-201|transcribed_processed_pseudogene	0	+	intergenic	1303
chr1	1106548	1108482	ENSG00000269737[3,1,3]	0	+	1106548	1106548	0	1	1934,	0,	chr1	1107714	1108837	retro_human_6554|AL691432.1-202|transcribed_processed_pseudogene	0	+	intergenic	768
chr1	1159155	1180410	ENSG00000215790[2,3,1]	0	-	1159784	1173931	0	7	635,146,128,136,469,418,319,	0,9911,13539,14140,14454,19463,20936,	chr1	1158879	1170354	AL031282.1-201|transcribed_processed_pseudogene	0	+	intergenic	11199
chr1	1161702	1180410	ENSG00000215790[2,5,5]	0	-	1164020	1173931	255	6	2345,146,128,136,469,319,	0,7364,10992,11593,11907,18389,	chr1	1158879	1170354	AL031282.1-201|transcribed_processed_pseudogene	0	+	intergenic	8652
chr1	1161702	1180410	ENSG00000215790[2,6,5]	0	-	1164020	1173931	255	7	2345,146,128,136,469,418,319,	0,7364,10992,11593,11907,16916,18389,	chr1	1158879	1170354	AL031282.1-201|transcribed_processed_pseudogene	0	+	intergenic	8652
chr1	1161702	1180410	ENSG00000215790[2,2,5]	0	-	1166830	1173931	0	6	5194,146,128,136,469,319,	0,7364,10992,11593,11907,18389,	chr1	1158879	1170354	AL031282.1-201|transcribed_processed_pseudogene	0	+	intergenic	8652
chr1	1166150	1170051	ENSG00000215790[3,4,4]	0	-	1166830	1169591	0	3	746,146,467,	0,2916,3434,	chr1	1158879	1170354	AL031282.1-201|transcribed_processed_pseudogene	0	+	intergenic	3901
chr1	18415442	18415765	ENSG00000225478[1,1,1]	0	+	18415442	18415442	0	1	323,	0,	chr1	18415492	18415715	AL031737.1-201|processed_pseudogene	0	+	intergenic	223
chr1	28434113	28437463	ENSG00000188060[1,2,1]	0	+	28435763	28436078	0	2	250,1806,	0,1544,	chr1	28434497	28436063	retro_human_10757	0	+	intergenic	1566
chr1	28434408	28437463	ENSG00000188060[2,1,1]	0	+	28434475	28436078	0	2	300,1806,	0,1249,	chr1	28434497	28436063	retro_human_10757	0	+	intergenic	1566
chr1	28434408	28436314	ENSG00000188060[2,1,2]	0	+	28434475	28436078	0	2	300,657,	0,1249,	chr1	28434497	28436063	retro_human_10757	0	+	intergenic	1566
chr1	28434608	28437463	ENSG00000188060[3,1,1]	0	+	28435763	28436078	0	2	100,1806,	0,1049,	chr1	28434497	28436063	retro_human_10757	0	+	intergenic	1455
chr1	35942889	35946952	ENSG00000232862[2,2,1]	0	-	35942889	35942889	0	3	1496,177,101,	0,2210,3962,	chr1	35942939	35946902	AL138787.1-201|transcribed_processed_pseudogene	0	-	intergenic	3963
chr1	35943143	35944141	ENSG00000232862[1,1,2]	0	-	35943143	35943143	0	1	998,	0,	chr1	35942939	35946902	AL138787.1-201|transcribed_processed_pseudogene	0	-	intergenic	998
chr1	40132099	40132511	ENSG00000231296[1,1,1]	0	-	40132099	40132099	0	1	412,	0,	chr1	40132149	40132461	AL050341.1-201|processed_pseudogene	0	-	intergenic	312
chr1	42695985	42715522	ENSG00000164010[2,11,1]	0	+	42700926	42710530	255	11	229,90,348,117,29,33,21,21,27,27,2526,	0,4936,5260,9534,10226,11652,13395,14527,14646,14764,17011,	chr1	42701332	42703616	retro_human_10713	0	+	intergenic	2284
chr1	42695985	42715522	ENSG00000164010[2,2,1]	0	+	42700926	42713709	0	11	229,90,348,117,33,33,21,21,27,27,2526,	0,4936,5260,9534,10226,11652,13395,14527,14646,14764,17011,	chr1	42701332	42703616	retro_human_10713	0	+	intergenic	2284
chr1	42700342	42715522	ENSG00000164010[4,9,1]	0	+	42701430	42713709	0	9	1251,117,33,33,21,21,27,27,2526,	0,5177,5869,7295,9038,10170,10289,10407,12654,	chr1	42701332	42703616	retro_human_10713	0	+	intergenic	2284
chr1	44715105	44715367	ENSG00000226499[1,1,1]	0	-	44715105	44715105	0	1	262,	0,	chr1	44715155	44715317	AL136380.1-201|processed_pseudogene	0	-	intergenic	162
chr1	53319222	53321857	ENSG00000236253[4,1,3]	0	-	53319222	53319222	0	1	2635,	0,	chr1	53319272	53321803	retro_human_6472|SLC25A3P1-204|transcribed_processed_pseudogene	0	-	intergenic	2531
chr1	53319222	53321857	ENSG00000236253[4,1,3]	0	-	53319222	53319222	0	1	2635,	0,	chr1	53320607	53322258	SLC25A3P1-206|transcribed_processed_pseudogene	0	-	intergenic	1250
chr1	53319222	53321857	ENSG00000236253[4,1,3]	0	-	53319222	53319222	0	1	2635,	0,	chr1	53320948	53321807	SLC25A3P1-202|transcribed_processed_pseudogene	0	-	intergenic	859
chr1	53320557	53321589	ENSG00000236253[1,1,2]	0	-	53320557	53320557	0	1	1032,	0,	chr1	53319272	53321803	retro_human_6472|SLC25A3P1-204|transcribed_processed_pseudogene	0	-	intergenic	1032
chr1	53320557	53321589	ENSG00000236253[1,1,2]	0	-	53320557	53320557	0	1	1032,	0,	chr1	53320607	53322258	SLC25A3P1-206|transcribed_processed_pseudogene	0	-	intergenic	982
chr1	53320557	53321589	ENSG00000236253[1,1,2]	0	-	53320557	53320557	0	1	1032,	0,	chr1	53320948	53321807	SLC25A3P1-202|transcribed_processed_pseudogene	0	-	intergenic	641
chr1	56498222	56498465	ENSG00000225475[1,1,1]	0	-	56498222	56498222	0	1	243,	0,	chr1	56498274	56498415	AC099789.1-201|processed_pseudogene	0	-	intergenic	141
chr1	58430826	58431347	ENSG00000270209[1,1,1]	0	-	58430826	58430826	0	1	521,	0,	chr1	58430876	58431297	AL035411.2-201|processed_pseudogene	0	-	intergenic	421
chr1	67438560	67439034	ENSG00000238139[1,1,1]	0	+	67438560	67438560	0	1	474,	0,	chr1	67438610	67438984	AL590559.1-201|processed_pseudogene	0	+	intergenic	374
chr1	71244763	71245113	ENSG00000226324[1,1,1]	0	-	71244763	71244763	0	1	350,	0,	chr1	71244813	71245063	retro_human_8970|AL358453.1-201|processed_pseudogene	0	-	intergenic	250
chr1	92775848	92779350	ENSG00000229052[1,1,2]	0	+	92775848	92775848	0	1	3502,	0,	chr1	92775898	92779300	retro_human_810|AL449283.1-201|transcribed_processed_pseudogene	0	+	intergenic	3402
chr1	94464347	94668406	ENSG00000224081[2,9,5]	0	-	94464347	94464347	0	5	770,1891,122,183,406,	0,6417,22128,63137,203653,	chr1	94461859	94668322	SLC44A3-AS1-215|transcribed_processed_pseudogene	0	-	intergenic	203975
chr1	94464347	94668406	ENSG00000224081[2,9,5]	0	-	94464347	94464347	0	5	770,1891,122,183,406,	0,6417,22128,63137,203653,	chr1	94464398	94668356	SLC44A3-AS1-219|transcribed_processed_pseudogene	0	-	intergenic	203958
chr1	94464347	94668406	ENSG00000224081[2,9,5]	0	-	94464347	94464347	0	5	770,1891,122,183,406,	0,6417,22128,63137,203653,	chr1	94464422	94668311	SLC44A3-AS1-217|transcribed_processed_pseudogene	0	-	intergenic	203889
chr1	94464347	94668406	ENSG00000224081[2,9,5]	0	-	94464347	94464347	0	5	770,1891,122,183,406,	0,6417,22128,63137,203653,	chr1	94464435	94668104	SLC44A3-AS1-218|transcribed_processed_pseudogene	0	-	intergenic	203669
chr1	94464347	94668406	ENSG00000224081[2,9,5]	0	-	94464347	94464347	0	5	770,1891,122,183,406,	0,6417,22128,63137,203653,	chr1	94464437	94668202	SLC44A3-AS1-216|transcribed_processed_pseudogene	0	-	intergenic	203765
chr1	94464347	94668406	ENSG00000224081[2,9,5]	0	-	94464347	94464347	0	5	770,1891,122,183,406,	0,6417,22128,63137,203653,	chr1	94464451	94703452	SLC44A3-AS1-213|transcribed_processed_pseudogene	0	-	intergenic	203955
chr1	94464347	94668406	ENSG00000224081[2,9,5]	0	-	94464347	94464347	0	5	770,1891,122,183,406,	0,6417,22128,63137,203653,	chr1	94486499	94668141	SLC44A3-AS1-209|transcribed_processed_pseudogene	0	-	intergenic	181642
chr1	94464347	94668406	ENSG00000224081[2,9,5]	0	-	94464347	94464347	0	5	770,1891,122,183,406,	0,6417,22128,63137,203653,	chr1	94505585	94668326	SLC44A3-AS1-210|transcribed_processed_pseudogene	0	-	intergenic	162741
chr1	94464347	94668406	ENSG00000224081[2,9,5]	0	-	94464347	94464347	0	5	770,1891,122,183,406,	0,6417,22128,63137,203653,	chr1	94520953	94668237	SLC44A3-AS1-207|transcribed_processed_pseudogene	0	-	intergenic	147284
chr1	94464347	94668406	ENSG00000224081[2,9,5]	0	-	94464347	94464347	0	5	770,1891,122,183,406,	0,6417,22128,63137,203653,	chr1	94521185	94668264	SLC44A3-AS1-203|transcribed_processed_pseudogene	0	-	intergenic	147079
chr1	94464347	94668406	ENSG00000224081[2,9,5]	0	-	94464347	94464347	0	5	770,1891,122,183,406,	0,6417,22128,63137,203653,	chr1	94527484	94668255	SLC44A3-AS1-201|transcribed_processed_pseudogene	0	-	intergenic	140771
chr1	94464347	94668406	ENSG00000224081[2,9,5]	0	-	94464347	94464347	0	5	770,1891,122,183,406,	0,6417,22128,63137,203653,	chr1	94527639	94668264	SLC44A3-AS1-202|transcribed_processed_pseudogene	0	-	intergenic	140625
chr1	94464347	94668406	ENSG00000224081[2,9,5]	0	-	94464347	94464347	0	5	770,1891,122,183,406,	0,6417,22128,63137,203653,	chr1	94579763	94668237	SLC44A3-AS1-214|transcribed_processed_pseudogene	0	-	intergenic	88474
chr1	94464347	94668406	ENSG00000224081[2,10,5]	0	-	94464347	94464347	0	6	770,182,731,122,183,406,	0,6417,7577,22128,63137,203653,	chr1	94461859	94668322	SLC44A3-AS1-215|transcribed_processed_pseudogene	0	-	intergenic	203975
chr1	94464347	94668406	ENSG00000224081[2,10,5]	0	-	94464347	94464347	0	6	770,182,731,122,183,406,	0,6417,7577,22128,63137,203653,	chr1	94464398	94668356	SLC44A3-AS1-219|transcribed_processed_pseudogene	0	-	intergenic	203958
chr1	94464347	94668406	ENSG00000224081[2,10,5]	0	-	94464347	94464347	0	6	770,182,731,122,183,406,	0,6417,7577,22128,63137,203653,	chr1	94464422	94668311	SLC44A3-AS1-217|transcribed_processed_pseudogene	0	-	intergenic	203889
chr1	94464347	94668406	ENSG00000224081[2,10,5]	0	-	94464347	94464347	0	6	770,182,731,122,183,406,	0,6417,7577,22128,63137,203653,	chr1	94464435	94668104	SLC44A3-AS1-218|transcribed_processed_pseudogene	0	-	intergenic	203669
chr1	94464347	94668406	ENSG00000224081[2,10,5]	0	-	94464347	94464347	0	6	770,182,731,122,183,406,	0,6417,7577,22128,63137,203653,	chr1	94464437	94668202	SLC44A3-AS1-216|transcribed_processed_pseudogene	0	-	intergenic	203765
chr1	94464347	94668406	ENSG00000224081[2,10,5]	0	-	94464347	94464347	0	6	770,182,731,122,183,406,	0,6417,7577,22128,63137,203653,	chr1	94464451	94703452	SLC44A3-AS1-213|transcribed_processed_pseudogene	0	-	intergenic	203955
chr1	94464347	94668406	ENSG00000224081[2,10,5]	0	-	94464347	94464347	0	6	770,182,731,122,183,406,	0,6417,7577,22128,63137,203653,	chr1	94486499	94668141	SLC44A3-AS1-209|transcribed_processed_pseudogene	0	-	intergenic	181642
chr1	94464347	94668406	ENSG00000224081[2,10,5]	0	-	94464347	94464347	0	6	770,182,731,122,183,406,	0,6417,7577,22128,63137,203653,	chr1	94505585	94668326	SLC44A3-AS1-210|transcribed_processed_pseudogene	0	-	intergenic	162741
chr1	94464347	94668406	ENSG00000224081[2,10,5]	0	-	94464347	94464347	0	6	770,182,731,122,183,406,	0,6417,7577,22128,63137,203653,	chr1	94520953	94668237	SLC44A3-AS1-207|transcribed_processed_pseudogene	0	-	intergenic	147284
chr1	94464347	94668406	ENSG00000224081[2,10,5]	0	-	94464347	94464347	0	6	770,182,731,122,183,406,	0,6417,7577,22128,63137,203653,	chr1	94521185	94668264	SLC44A3-AS1-203|transcribed_processed_pseudogene	0	-	intergenic	147079
chr1	94464347	94668406	ENSG00000224081[2,10,5]	0	-	94464347	94464347	0	6	770,182,731,122,183,406,	0,6417,7577,22128,63137,203653,	chr1	94527484	94668255	SLC44A3-AS1-201|transcribed_processed_pseudogene	0	-	intergenic	140771
chr1	94464347	94668406	ENSG00000224081[2,10,5]	0	-	94464347	94464347	0	6	770,182,731,122,183,406,	0,6417,7577,22128,63137,203653,	chr1	94527639	94668264	SLC44A3-AS1-202|transcribed_processed_pseudogene	0	-	intergenic	140625
chr1	94464347	94668406	ENSG00000224081[2,10,5]	0	-	94464347	94464347	0	6	770,182,731,122,183,406,	0,6417,7577,22128,63137,203653,	chr1	94579763	94668237	SLC44A3-AS1-214|transcribed_processed_pseudogene	0	-	intergenic	88474
chr1	94464347	94668406	ENSG00000224081[2,2,5]	0	-	94464347	94464347	0	6	770,1891,122,183,180,406,	0,6417,22128,63137,115931,203653,	chr1	94461859	94668322	SLC44A3-AS1-215|transcribed_processed_pseudogene	0	-	intergenic	203975
chr1	94464347	94668406	ENSG00000224081[2,2,5]	0	-	94464347	94464347	0	6	770,1891,122,183,180,406,	0,6417,22128,63137,115931,203653,	chr1	94464398	94668356	SLC44A3-AS1-219|transcribed_processed_pseudogene	0	-	intergenic	203958
chr1	94464347	94668406	ENSG00000224081[2,2,5]	0	-	94464347	94464347	0	6	770,1891,122,183,180,406,	0,6417,22128,63137,115931,203653,	chr1	94464422	94668311	SLC44A3-AS1-217|transcribed_processed_pseudogene	0	-	intergenic	203889
chr1	94464347	94668406	ENSG00000224081[2,2,5]	0	-	94464347	94464347	0	6	770,1891,122,183,180,406,	0,6417,22128,63137,115931,203653,	chr1	94464435	94668104	SLC44A3-AS1-218|transcribed_processed_pseudogene	0	-	intergenic	203669
chr1	94464347	94668406	ENSG00000224081[2,2,5]	0	-	94464347	94464347	0	6	770,1891,122,183,180,406,	0,6417,22128,63137,115931,203653,	chr1	94464437	94668202	SLC44A3-AS1-216|transcribed_processed_pseudogene	0	-	intergenic	203765
chr1	94464347	94668406	ENSG00000224081[2,2,5]	0	-	94464347	94464347	0	6	770,1891,122,183,180,406,	0,6417,22128,63137,115931,203653,	chr1	94464451	94703452	SLC44A3-AS1-213|transcribed_processed_pseudogene	0	-	intergenic	203955
chr1	94464347	94668406	ENSG00000224081[2,2,5]	0	-	94464347	94464347	0	6	770,1891,122,183,180,406,	0,6417,22128,63137,115931,203653,	chr1	94486499	94668141	SLC44A3-AS1-209|transcribed_processed_pseudogene	0	-	intergenic	181642
chr1	94464347	94668406	ENSG00000224081[2,2,5]	0	-	94464347	94464347	0	6	770,1891,122,183,180,406,	0,6417,22128,63137,115931,203653,	chr1	94505585	94668326	SLC44A3-AS1-210|transcribed_processed_pseudogene	0	-	intergenic	162741
chr1	94464347	94668406	ENSG00000224081[2,2,5]	0	-	94464347	94464347	0	6	770,1891,122,183,180,406,	0,6417,22128,63137,115931,203653,	chr1	94520953	94668237	SLC44A3-AS1-207|transcribed_processed_pseudogene	0	-	intergenic	147284
chr1	94464347	94668406	ENSG00000224081[2,2,5]	0	-	94464347	94464347	0	6	770,1891,122,183,180,406,	0,6417,22128,63137,115931,203653,	chr1	94521185	94668264	SLC44A3-AS1-203|transcribed_processed_pseudogene	0	-	intergenic	147079
chr1	94464347	94668406	ENSG00000224081[2,2,5]	0	-	94464347	94464347	0	6	770,1891,122,183,180,406,	0,6417,22128,63137,115931,203653,	chr1	94527484	94668255	SLC44A3-AS1-201|transcribed_processed_pseudogene	0	-	intergenic	140771
chr1	94464347	94668406	ENSG00000224081[2,2,5]	0	-	94464347	94464347	0	6	770,1891,122,183,180,406,	0,6417,22128,63137,115931,203653,	chr1	94527639	94668264	SLC44A3-AS1-202|transcribed_processed_pseudogene	0	-	intergenic	140625
chr1	94464347	94668406	ENSG00000224081[2,2,5]	0	-	94464347	94464347	0	6	770,1891,122,183,180,406,	0,6417,22128,63137,115931,203653,	chr1	94579763	94668237	SLC44A3-AS1-214|transcribed_processed_pseudogene	0	-	intergenic	88474
chr1	94505535	94668406	ENSG00000224081[2,13,8]	0	-	94505535	94505535	0	5	573,183,119,180,406,	0,21949,47932,74743,162465,	chr1	94461859	94668322	SLC44A3-AS1-215|transcribed_processed_pseudogene	0	-	intergenic	162787
chr1	94505535	94668406	ENSG00000224081[2,13,8]	0	-	94505535	94505535	0	5	573,183,119,180,406,	0,21949,47932,74743,162465,	chr1	94464398	94668356	SLC44A3-AS1-219|transcribed_processed_pseudogene	0	-	intergenic	162821
chr1	94505535	94668406	ENSG00000224081[2,13,8]	0	-	94505535	94505535	0	5	573,183,119,180,406,	0,21949,47932,74743,162465,	chr1	94464422	94668311	SLC44A3-AS1-217|transcribed_processed_pseudogene	0	-	intergenic	162776
chr1	94505535	94668406	ENSG00000224081[2,13,8]	0	-	94505535	94505535	0	5	573,183,119,180,406,	0,21949,47932,74743,162465,	chr1	94464435	94668104	SLC44A3-AS1-218|transcribed_processed_pseudogene	0	-	intergenic	162569
chr1	94505535	94668406	ENSG00000224081[2,13,8]	0	-	94505535	94505535	0	5	573,183,119,180,406,	0,21949,47932,74743,162465,	chr1	94464437	94668202	SLC44A3-AS1-216|transcribed_processed_pseudogene	0	-	intergenic	162667
chr1	94505535	94668406	ENSG00000224081[2,13,8]	0	-	94505535	94505535	0	5	573,183,119,180,406,	0,21949,47932,74743,162465,	chr1	94464451	94703452	SLC44A3-AS1-213|transcribed_processed_pseudogene	0	-	intergenic	162871
chr1	94505535	94668406	ENSG00000224081[2,13,8]	0	-	94505535	94505535	0	5	573,183,119,180,406,	0,21949,47932,74743,162465,	chr1	94486499	94668141	SLC44A3-AS1-209|transcribed_processed_pseudogene	0	-	intergenic	162606
chr1	94505535	94668406	ENSG00000224081[2,13,8]	0	-	94505535	94505535	0	5	573,183,119,180,406,	0,21949,47932,74743,162465,	chr1	94505585	94668326	SLC44A3-AS1-210|transcribed_processed_pseudogene	0	-	intergenic	162741
chr1	94505535	94668406	ENSG00000224081[2,13,8]	0	-	94505535	94505535	0	5	573,183,119,180,406,	0,21949,47932,74743,162465,	chr1	94520953	94668237	SLC44A3-AS1-207|transcribed_processed_pseudogene	0	-	intergenic	147284
chr1	94505535	94668406	ENSG00000224081[2,13,8]	0	-	94505535	94505535	0	5	573,183,119,180,406,	0,21949,47932,74743,162465,	chr1	94521185	94668264	SLC44A3-AS1-203|transcribed_processed_pseudogene	0	-	intergenic	147079
chr1	94505535	94668406	ENSG00000224081[2,13,8]	0	-	94505535	94505535	0	5	573,183,119,180,406,	0,21949,47932,74743,162465,	chr1	94527484	94668255	SLC44A3-AS1-201|transcribed_processed_pseudogene	0	-	intergenic	140771
chr1	94505535	94668406	ENSG00000224081[2,13,8]	0	-	94505535	94505535	0	5	573,183,119,180,406,	0,21949,47932,74743,162465,	chr1	94527639	94668264	SLC44A3-AS1-202|transcribed_processed_pseudogene	0	-	intergenic	140625
chr1	94505535	94668406	ENSG00000224081[2,13,8]	0	-	94505535	94505535	0	5	573,183,119,180,406,	0,21949,47932,74743,162465,	chr1	94579763	94668237	SLC44A3-AS1-214|transcribed_processed_pseudogene	0	-	intergenic	88474
chr1	94520903	94668406	ENSG00000224081[2,11,2]	0	-	94520903	94520903	0	4	425,183,119,406,	0,6581,32564,147097,	chr1	94461859	94668322	SLC44A3-AS1-215|transcribed_processed_pseudogene	0	-	intergenic	147419
chr1	94520903	94668406	ENSG00000224081[2,11,2]	0	-	94520903	94520903	0	4	425,183,119,406,	0,6581,32564,147097,	chr1	94464398	94668356	SLC44A3-AS1-219|transcribed_processed_pseudogene	0	-	intergenic	147453
chr1	94520903	94668406	ENSG00000224081[2,11,2]	0	-	94520903	94520903	0	4	425,183,119,406,	0,6581,32564,147097,	chr1	94464422	94668311	SLC44A3-AS1-217|transcribed_processed_pseudogene	0	-	intergenic	147408
chr1	94520903	94668406	ENSG00000224081[2,11,2]	0	-	94520903	94520903	0	4	425,183,119,406,	0,6581,32564,147097,	chr1	94464435	94668104	SLC44A3-AS1-218|transcribed_processed_pseudogene	0	-	intergenic	147201
chr1	94520903	94668406	ENSG00000224081[2,11,2]	0	-	94520903	94520903	0	4	425,183,119,406,	0,6581,32564,147097,	chr1	94464437	94668202	SLC44A3-AS1-216|transcribed_processed_pseudogene	0	-	intergenic	147299
chr1	94520903	94668406	ENSG00000224081[2,11,2]	0	-	94520903	94520903	0	4	425,183,119,406,	0,6581,32564,147097,	chr1	94464451	94703452	SLC44A3-AS1-213|transcribed_processed_pseudogene	0	-	intergenic	147503
chr1	94520903	94668406	ENSG00000224081[2,11,2]	0	-	94520903	94520903	0	4	425,183,119,406,	0,6581,32564,147097,	chr1	94486499	94668141	SLC44A3-AS1-209|transcribed_processed_pseudogene	0	-	intergenic	147238
chr1	94520903	94668406	ENSG00000224081[2,11,2]	0	-	94520903	94520903	0	4	425,183,119,406,	0,6581,32564,147097,	chr1	94505585	94668326	SLC44A3-AS1-210|transcribed_processed_pseudogene	0	-	intergenic	147423
chr1	94520903	94668406	ENSG00000224081[2,11,2]	0	-	94520903	94520903	0	4	425,183,119,406,	0,6581,32564,147097,	chr1	94520953	94668237	SLC44A3-AS1-207|transcribed_processed_pseudogene	0	-	intergenic	147284
chr1	94520903	94668406	ENSG00000224081[2,11,2]	0	-	94520903	94520903	0	4	425,183,119,406,	0,6581,32564,147097,	chr1	94521185	94668264	SLC44A3-AS1-203|transcribed_processed_pseudogene	0	-	intergenic	147079
chr1	94520903	94668406	ENSG00000224081[2,11,2]	0	-	94520903	94520903	0	4	425,183,119,406,	0,6581,32564,147097,	chr1	94527484	94668255	SLC44A3-AS1-201|transcribed_processed_pseudogene	0	-	intergenic	140771
chr1	94520903	94668406	ENSG00000224081[2,11,2]	0	-	94520903	94520903	0	4	425,183,119,406,	0,6581,32564,147097,	chr1	94527639	94668264	SLC44A3-AS1-202|transcribed_processed_pseudogene	0	-	intergenic	140625
chr1	94520903	94668406	ENSG00000224081[2,11,2]	0	-	94520903	94520903	0	4	425,183,119,406,	0,6581,32564,147097,	chr1	94579763	94668237	SLC44A3-AS1-214|transcribed_processed_pseudogene	0	-	intergenic	88474
chr1	94527434	94668406	ENSG00000224081[2,8,11]	0	-	94527434	94527434	0	2	233,406,	0,140566,	chr1	94461859	94668322	SLC44A3-AS1-215|transcribed_processed_pseudogene	0	-	intergenic	140888
chr1	94527434	94668406	ENSG00000224081[2,8,11]	0	-	94527434	94527434	0	2	233,406,	0,140566,	chr1	94464398	94668356	SLC44A3-AS1-219|transcribed_processed_pseudogene	0	-	intergenic	140922
chr1	94527434	94668406	ENSG00000224081[2,8,11]	0	-	94527434	94527434	0	2	233,406,	0,140566,	chr1	94464422	94668311	SLC44A3-AS1-217|transcribed_processed_pseudogene	0	-	intergenic	140877
chr1	94527434	94668406	ENSG00000224081[2,8,11]	0	-	94527434	94527434	0	2	233,406,	0,140566,	chr1	94464435	94668104	SLC44A3-AS1-218|transcribed_processed_pseudogene	0	-	intergenic	140670
chr1	94527434	94668406	ENSG00000224081[2,8,11]	0	-	94527434	94527434	0	2	233,406,	0,140566,	chr1	94464437	94668202	SLC44A3-AS1-216|transcribed_processed_pseudogene	0	-	intergenic	140768
chr1	94527434	94668406	ENSG00000224081[2,8,11]	0	-	94527434	94527434	0	2	233,406,	0,140566,	chr1	94464451	94703452	SLC44A3-AS1-213|transcribed_processed_pseudogene	0	-	intergenic	140972
chr1	94527434	94668406	ENSG00000224081[2,8,11]	0	-	94527434	94527434	0	2	233,406,	0,140566,	chr1	94486499	94668141	SLC44A3-AS1-209|transcribed_processed_pseudogene	0	-	intergenic	140707
chr1	94527434	94668406	ENSG00000224081[2,8,11]	0	-	94527434	94527434	0	2	233,406,	0,140566,	chr1	94505585	94668326	SLC44A3-AS1-210|transcribed_processed_pseudogene	0	-	intergenic	140892
chr1	94527434	94668406	ENSG00000224081[2,8,11]	0	-	94527434	94527434	0	2	233,406,	0,140566,	chr1	94520953	94668237	SLC44A3-AS1-207|transcribed_processed_pseudogene	0	-	intergenic	140803
chr1	94527434	94668406	ENSG00000224081[2,8,11]	0	-	94527434	94527434	0	2	233,406,	0,140566,	chr1	94521185	94668264	SLC44A3-AS1-203|transcribed_processed_pseudogene	0	-	intergenic	140830
chr1	94527434	94668406	ENSG00000224081[2,8,11]	0	-	94527434	94527434	0	2	233,406,	0,140566,	chr1	94527484	94668255	SLC44A3-AS1-201|transcribed_processed_pseudogene	0	-	intergenic	140771
chr1	94527434	94668406	ENSG00000224081[2,8,11]	0	-	94527434	94527434	0	2	233,406,	0,140566,	chr1	94527639	94668264	SLC44A3-AS1-202|transcribed_processed_pseudogene	0	-	intergenic	140625
chr1	94527434	94668406	ENSG00000224081[2,8,11]	0	-	94527434	94527434	0	2	233,406,	0,140566,	chr1	94579763	94668237	SLC44A3-AS1-214|transcribed_processed_pseudogene	0	-	intergenic	88474
chr1	94668336	94743653	ENSG00000143036[1,12,1]	0	+	94668496	94743275	255	15	187,108,143,137,94,161,90,125,187,166,157,84,138,237,480,	0,657,4188,7201,8187,17405,19642,21694,24972,37029,44441,47032,71149,72300,74837,	chr1	94684778	94703457	SLC44A3-AS1-204|transcribed_processed_pseudogene	0	-	intergenic	18679
chr1	94668336	94743653	ENSG00000143036[1,12,1]	0	+	94668496	94743275	255	15	187,108,143,137,94,161,90,125,187,166,157,84,138,237,480,	0,657,4188,7201,8187,17405,19642,21694,24972,37029,44441,47032,71149,72300,74837,	chr1	94691138	94703457	SLC44A3-AS1-212|transcribed_processed_pseudogene	0	-	intergenic	12319
chr1	94668336	94743653	ENSG00000143036[1,12,1]	0	+	94668496	94743275	255	15	187,108,143,137,94,161,90,125,187,166,157,84,138,237,480,	0,657,4188,7201,8187,17405,19642,21694,24972,37029,44441,47032,71149,72300,74837,	chr1	94464451	94703452	SLC44A3-AS1-213|transcribed_processed_pseudogene	0	-	intergenic	35116
chr1	94668336	94743459	ENSG00000143036[1,12,2]	0	+	94668496	94743275	255	15	187,108,143,137,94,161,90,125,187,166,157,84,138,237,286,	0,657,4188,7201,8187,17405,19642,21694,24972,37029,44441,47032,71149,72300,74837,	chr1	94684778	94703457	SLC44A3-AS1-204|transcribed_processed_pseudogene	0	-	intergenic	18679
chr1	94668336	94743459	ENSG00000143036[1,12,2]	0	+	94668496	94743275	255	15	187,108,143,137,94,161,90,125,187,166,157,84,138,237,286,	0,657,4188,7201,8187,17405,19642,21694,24972,37029,44441,47032,71149,72300,74837,	chr1	94691138	94703457	SLC44A3-AS1-212|transcribed_processed_pseudogene	0	-	intergenic	12319
chr1	94668336	94743459	ENSG00000143036[1,12,2]	0	+	94668496	94743275	255	15	187,108,143,137,94,161,90,125,187,166,157,84,138,237,286,	0,657,4188,7201,8187,17405,19642,21694,24972,37029,44441,47032,71149,72300,74837,	chr1	94464451	94703452	SLC44A3-AS1-213|transcribed_processed_pseudogene	0	-	intergenic	35116
chr1	94668336	94743653	ENSG00000143036[1,11,1]	0	+	94668496	94743275	255	15	187,108,143,41,94,161,90,125,187,166,157,87,138,237,480,	0,657,4188,7201,8187,17405,19642,21694,24972,37029,44441,47029,71149,72300,74837,	chr1	94684778	94703457	SLC44A3-AS1-204|transcribed_processed_pseudogene	0	-	intergenic	18679
chr1	94668336	94743653	ENSG00000143036[1,11,1]	0	+	94668496	94743275	255	15	187,108,143,41,94,161,90,125,187,166,157,87,138,237,480,	0,657,4188,7201,8187,17405,19642,21694,24972,37029,44441,47029,71149,72300,74837,	chr1	94691138	94703457	SLC44A3-AS1-212|transcribed_processed_pseudogene	0	-	intergenic	12319
chr1	94668336	94743653	ENSG00000143036[1,11,1]	0	+	94668496	94743275	255	15	187,108,143,41,94,161,90,125,187,166,157,87,138,237,480,	0,657,4188,7201,8187,17405,19642,21694,24972,37029,44441,47029,71149,72300,74837,	chr1	94464451	94703452	SLC44A3-AS1-213|transcribed_processed_pseudogene	0	-	intergenic	35116
chr1	94668336	94743459	ENSG00000143036[1,11,2]	0	+	94668496	94743275	255	15	187,108,143,41,94,161,90,125,187,166,157,87,138,237,286,	0,657,4188,7201,8187,17405,19642,21694,24972,37029,44441,47029,71149,72300,74837,	chr1	94684778	94703457	SLC44A3-AS1-204|transcribed_processed_pseudogene	0	-	intergenic	18679
chr1	94668336	94743459	ENSG00000143036[1,11,2]	0	+	94668496	94743275	255	15	187,108,143,41,94,161,90,125,187,166,157,87,138,237,286,	0,657,4188,7201,8187,17405,19642,21694,24972,37029,44441,47029,71149,72300,74837,	chr1	94691138	94703457	SLC44A3-AS1-212|transcribed_processed_pseudogene	0	-	intergenic	12319
chr1	94668336	94743459	ENSG00000143036[1,11,2]	0	+	94668496	94743275	255	15	187,108,143,41,94,161,90,125,187,166,157,87,138,237,286,	0,657,4188,7201,8187,17405,19642,21694,24972,37029,44441,47029,71149,72300,74837,	chr1	94464451	94703452	SLC44A3-AS1-213|transcribed_processed_pseudogene	0	-	intergenic	35116
chr1	94668336	94743459	ENSG00000143036[1,2,2]	0	+	94668496	94743275	0	15	187,108,143,41,94,161,90,125,187,166,157,84,138,237,286,	0,657,4188,7201,8187,17405,19642,21694,24972,37029,44441,47032,71149,72300,74837,	chr1	94684778	94703457	SLC44A3-AS1-204|transcribed_processed_pseudogene	0	-	intergenic	18679
chr1	94668336	94743459	ENSG00000143036[1,2,2]	0	+	94668496	94743275	0	15	187,108,143,41,94,161,90,125,187,166,157,84,138,237,286,	0,657,4188,7201,8187,17405,19642,21694,24972,37029,44441,47032,71149,72300,74837,	chr1	94691138	94703457	SLC44A3-AS1-212|transcribed_processed_pseudogene	0	-	intergenic	12319
chr1	94668336	94743459	ENSG00000143036[1,2,2]	0	+	94668496	94743275	0	15	187,108,143,41,94,161,90,125,187,166,157,84,138,237,286,	0,657,4188,7201,8187,17405,19642,21694,24972,37029,44441,47032,71149,72300,74837,	chr1	94464451	94703452	SLC44A3-AS1-213|transcribed_processed_pseudogene	0	-	intergenic	35116
chr1	94668336	94743459	ENSG00000143036[1,3,2]	0	+	94668496	94743275	0	14	187,143,41,94,161,90,125,187,166,157,87,138,237,286,	0,4188,7201,8187,17405,19642,21694,24972,37029,44441,47029,71149,72300,74837,	chr1	94684778	94703457	SLC44A3-AS1-204|transcribed_processed_pseudogene	0	-	intergenic	18679
chr1	94668336	94743459	ENSG00000143036[1,3,2]	0	+	94668496	94743275	0	14	187,143,41,94,161,90,125,187,166,157,87,138,237,286,	0,4188,7201,8187,17405,19642,21694,24972,37029,44441,47029,71149,72300,74837,	chr1	94691138	94703457	SLC44A3-AS1-212|transcribed_processed_pseudogene	0	-	intergenic	12319
chr1	94668336	94743459	ENSG00000143036[1,3,2]	0	+	94668496	94743275	0	14	187,143,41,94,161,90,125,187,166,157,87,138,237,286,	0,4188,7201,8187,17405,19642,21694,24972,37029,44441,47029,71149,72300,74837,	chr1	94464451	94703452	SLC44A3-AS1-213|transcribed_processed_pseudogene	0	-	intergenic	35116
chr1	94668336	94743653	ENSG00000143036[1,4,1]	0	+	94668496	94743275	0	14	187,143,137,94,161,90,125,187,166,157,87,138,237,480,	0,4188,7201,8187,17405,19642,21694,24972,37029,44441,47029,71149,72300,74837,	chr1	94684778	94703457	SLC44A3-AS1-204|transcribed_processed_pseudogene	0	-	intergenic	18679
chr1	94668336	94743653	ENSG00000143036[1,4,1]	0	+	94668496	94743275	0	14	187,143,137,94,161,90,125,187,166,157,87,138,237,480,	0,4188,7201,8187,17405,19642,21694,24972,37029,44441,47029,71149,72300,74837,	chr1	94691138	94703457	SLC44A3-AS1-212|transcribed_processed_pseudogene	0	-	intergenic	12319
chr1	94668336	94743653	ENSG00000143036[1,4,1]	0	+	94668496	94743275	0	14	187,143,137,94,161,90,125,187,166,157,87,138,237,480,	0,4188,7201,8187,17405,19642,21694,24972,37029,44441,47029,71149,72300,74837,	chr1	94464451	94703452	SLC44A3-AS1-213|transcribed_processed_pseudogene	0	-	intergenic	35116
chr1	94668336	94743459	ENSG00000143036[1,4,2]	0	+	94668496	94743275	0	14	187,143,137,94,161,90,125,187,166,157,87,138,237,286,	0,4188,7201,8187,17405,19642,21694,24972,37029,44441,47029,71149,72300,74837,	chr1	94684778	94703457	SLC44A3-AS1-204|transcribed_processed_pseudogene	0	-	intergenic	18679
chr1	94668336	94743459	ENSG00000143036[1,4,2]	0	+	94668496	94743275	0	14	187,143,137,94,161,90,125,187,166,157,87,138,237,286,	0,4188,7201,8187,17405,19642,21694,24972,37029,44441,47029,71149,72300,74837,	chr1	94691138	94703457	SLC44A3-AS1-212|transcribed_processed_pseudogene	0	-	intergenic	12319
chr1	94668336	94743459	ENSG00000143036[1,4,2]	0	+	94668496	94743275	0	14	187,143,137,94,161,90,125,187,166,157,87,138,237,286,	0,4188,7201,8187,17405,19642,21694,24972,37029,44441,47029,71149,72300,74837,	chr1	94464451	94703452	SLC44A3-AS1-213|transcribed_processed_pseudogene	0	-	intergenic	35116
chr1	94668336	94743459	ENSG00000143036[1,1,2]	0	+	94668496	94743275	0	15	187,108,143,137,94,161,90,125,187,166,157,87,138,237,286,	0,657,4188,7201,8187,17405,19642,21694,24972,37029,44441,47029,71149,72300,74837,	chr1	94684778	94703457	SLC44A3-AS1-204|transcribed_processed_pseudogene	0	-	intergenic	18679
chr1	94668336	94743459	ENSG00000143036[1,1,2]	0	+	94668496	94743275	0	15	187,108,143,137,94,161,90,125,187,166,157,87,138,237,286,	0,657,4188,7201,8187,17405,19642,21694,24972,37029,44441,47029,71149,72300,74837,	chr1	94691138	94703457	SLC44A3-AS1-212|transcribed_processed_pseudogene	0	-	intergenic	12319
chr1	94668336	94743459	ENSG00000143036[1,1,2]	0	+	94668496	94743275	0	15	187,108,143,137,94,161,90,125,187,166,157,87,138,237,286,	0,657,4188,7201,8187,17405,19642,21694,24972,37029,44441,47029,71149,72300,74837,	chr1	94464451	94703452	SLC44A3-AS1-213|transcribed_processed_pseudogene	0	-	intergenic	35116
chr1	94668336	94743653	ENSG00000143036[1,1,1]	0	+	94668496	94743275	0	15	187,108,143,137,94,161,90,125,187,166,157,87,138,237,480,	0,657,4188,7201,8187,17405,19642,21694,24972,37029,44441,47029,71149,72300,74837,	chr1	94684778	94703457	SLC44A3-AS1-204|transcribed_processed_pseudogene	0	-	intergenic	18679
chr1	94668336	94743653	ENSG00000143036[1,1,1]	0	+	94668496	94743275	0	15	187,108,143,137,94,161,90,125,187,166,157,87,138,237,480,	0,657,4188,7201,8187,17405,19642,21694,24972,37029,44441,47029,71149,72300,74837,	chr1	94691138	94703457	SLC44A3-AS1-212|transcribed_processed_pseudogene	0	-	intergenic	12319
chr1	94668336	94743653	ENSG00000143036[1,1,1]	0	+	94668496	94743275	0	15	187,108,143,137,94,161,90,125,187,166,157,87,138,237,480,	0,657,4188,7201,8187,17405,19642,21694,24972,37029,44441,47029,71149,72300,74837,	chr1	94464451	94703452	SLC44A3-AS1-213|transcribed_processed_pseudogene	0	-	intergenic	35116
chr1	94668615	94743459	ENSG00000143036[2,13,2]	0	+	94672533	94743275	255	15	153,108,143,137,94,161,90,125,187,166,157,87,138,237,286,	0,378,3909,6922,7908,17126,19363,21415,24693,36750,44162,46750,70870,72021,74558,	chr1	94684778	94703457	SLC44A3-AS1-204|transcribed_processed_pseudogene	0	-	intergenic	18679
chr1	94668615	94743459	ENSG00000143036[2,13,2]	0	+	94672533	94743275	255	15	153,108,143,137,94,161,90,125,187,166,157,87,138,237,286,	0,378,3909,6922,7908,17126,19363,21415,24693,36750,44162,46750,70870,72021,74558,	chr1	94691138	94703457	SLC44A3-AS1-212|transcribed_processed_pseudogene	0	-	intergenic	12319
chr1	94668615	94743459	ENSG00000143036[2,13,2]	0	+	94672533	94743275	255	15	153,108,143,137,94,161,90,125,187,166,157,87,138,237,286,	0,378,3909,6922,7908,17126,19363,21415,24693,36750,44162,46750,70870,72021,74558,	chr1	94464451	94703452	SLC44A3-AS1-213|transcribed_processed_pseudogene	0	-	intergenic	34837
chr1	94668615	94743459	ENSG00000143036[2,5,2]	0	+	94672533	94743275	0	14	153,143,41,94,161,90,125,187,166,157,87,138,237,286,	0,3909,6922,7908,17126,19363,21415,24693,36750,44162,46750,70870,72021,74558,	chr1	94684778	94703457	SLC44A3-AS1-204|transcribed_processed_pseudogene	0	-	intergenic	18679
chr1	94668615	94743459	ENSG00000143036[2,5,2]	0	+	94672533	94743275	0	14	153,143,41,94,161,90,125,187,166,157,87,138,237,286,	0,3909,6922,7908,17126,19363,21415,24693,36750,44162,46750,70870,72021,74558,	chr1	94691138	94703457	SLC44A3-AS1-212|transcribed_processed_pseudogene	0	-	intergenic	12319
chr1	94668615	94743459	ENSG00000143036[2,5,2]	0	+	94672533	94743275	0	14	153,143,41,94,161,90,125,187,166,157,87,138,237,286,	0,3909,6922,7908,17126,19363,21415,24693,36750,44162,46750,70870,72021,74558,	chr1	94464451	94703452	SLC44A3-AS1-213|transcribed_processed_pseudogene	0	-	intergenic	34837
chr1	94668615	94743459	ENSG00000143036[2,6,2]	0	+	94672533	94743275	0	14	153,143,137,94,161,90,125,187,166,157,87,138,237,286,	0,3909,6922,7908,17126,19363,21415,24693,36750,44162,46750,70870,72021,74558,	chr1	94684778	94703457	SLC44A3-AS1-204|transcribed_processed_pseudogene	0	-	intergenic	18679
chr1	94668615	94743459	ENSG00000143036[2,6,2]	0	+	94672533	94743275	0	14	153,143,137,94,161,90,125,187,166,157,87,138,237,286,	0,3909,6922,7908,17126,19363,21415,24693,36750,44162,46750,70870,72021,74558,	chr1	94691138	94703457	SLC44A3-AS1-212|transcribed_processed_pseudogene	0	-	intergenic	12319
chr1	94668615	94743459	ENSG00000143036[2,6,2]	0	+	94672533	94743275	0	14	153,143,137,94,161,90,125,187,166,157,87,138,237,286,	0,3909,6922,7908,17126,19363,21415,24693,36750,44162,46750,70870,72021,74558,	chr1	94464451	94703452	SLC44A3-AS1-213|transcribed_processed_pseudogene	0	-	intergenic	34837
chr1	94691088	94703507	ENSG00000224081[3,3,4]	0	-	94691088	94691088	0	2	537,233,	0,12186,	chr1	94684778	94703457	SLC44A3-AS1-204|transcribed_processed_pseudogene	0	-	intergenic	12369
chr1	94691088	94703507	ENSG00000224081[3,3,4]	0	-	94691088	94691088	0	2	537,233,	0,12186,	chr1	94691138	94703457	SLC44A3-AS1-212|transcribed_processed_pseudogene	0	-	intergenic	12319
chr1	100721161	100744075	ENSG00000162694[2,8,1]	0	-	100722784	100737603	255	5	2109,68,428,76,597,	0,4478,5160,16437,22317,	chr1	100722845	100726589	retro_human_10323	0	-	intergenic	3744
chr1	100721161	100743738	ENSG00000162694[1,8,1]	0	-	100722784	100737603	255	5	2109,68,428,76,260,	0,4478,5160,16437,22317,	chr1	100722845	100726589	retro_human_10323	0	-	intergenic	3744
chr1	100721161	100743738	ENSG00000162694[1,3,1]	0	-	100722784	100726324	0	4	2109,428,112,260,	0,5160,16437,22317,	chr1	100722845	100726589	retro_human_10323	0	-	intergenic	3744
chr1	100721161	100743738	ENSG00000162694[1,5,1]	0	-	100722784	100737603	0	6	2109,71,428,24,76,260,	0,4478,5160,6108,16437,22317,	chr1	100722845	100726589	retro_human_10323	0	-	intergenic	3744
chr1	100721161	100744075	ENSG00000162694[2,1,1]	0	-	100722784	100737603	0	5	2109,71,428,76,597,	0,4478,5160,16437,22317,	chr1	100722845	100726589	retro_human_10323	0	-	intergenic	3744
chr1	100721161	100743738	ENSG00000162694[1,1,1]	0	-	100722784	100737603	0	5	2109,71,428,76,260,	0,4478,5160,16437,22317,	chr1	100722845	100726589	retro_human_10323	0	-	intergenic	3744
chr1	100721161	100744894	ENSG00000162694[3,1,1]	0	-	100722784	100737603	0	5	2109,71,428,76,1416,	0,4478,5160,16437,22317,	chr1	100722845	100726589	retro_human_10323	0	-	intergenic	3744
chr1	100721161	100744894	ENSG00000162694[3,2,1]	0	-	100722784	100737603	0	5	2109,71,428,112,1416,	0,4478,5160,16437,22317,	chr1	100722845	100726589	retro_human_10323	0	-	intergenic	3744
chr1	100721161	100744075	ENSG00000162694[2,2,1]	0	-	100722784	100737603	0	5	2109,71,428,112,597,	0,4478,5160,16437,22317,	chr1	100722845	100726589	retro_human_10323	0	-	intergenic	3744
chr1	100721161	100743738	ENSG00000162694[1,2,1]	0	-	100722784	100737603	0	5	2109,71,428,112,260,	0,4478,5160,16437,22317,	chr1	100722845	100726589	retro_human_10323	0	-	intergenic	3744
chr1	100721894	100743738	ENSG00000162694[1,8,6]	0	-	100722784	100737603	255	5	1376,68,428,76,260,	0,3745,4427,15704,21584,	chr1	100722845	100726589	retro_human_10323	0	-	intergenic	3744
chr1	100721894	100743738	ENSG00000162694[1,5,6]	0	-	100722784	100737603	0	6	1376,71,428,24,76,260,	0,3745,4427,5375,15704,21584,	chr1	100722845	100726589	retro_human_10323	0	-	intergenic	3744
chr1	100721894	100744894	ENSG00000162694[3,1,6]	0	-	100722784	100737603	0	5	1376,71,428,76,1416,	0,3745,4427,15704,21584,	chr1	100722845	100726589	retro_human_10323	0	-	intergenic	3744
chr1	100721894	100744075	ENSG00000162694[2,1,6]	0	-	100722784	100737603	0	5	1376,71,428,76,597,	0,3745,4427,15704,21584,	chr1	100722845	100726589	retro_human_10323	0	-	intergenic	3744
chr1	100721894	100743738	ENSG00000162694[1,1,6]	0	-	100722784	100737603	0	5	1376,71,428,76,260,	0,3745,4427,15704,21584,	chr1	100722845	100726589	retro_human_10323	0	-	intergenic	3744
chr1	100721894	100743738	ENSG00000162694[1,2,6]	0	-	100722784	100737603	0	5	1376,71,428,112,260,	0,3745,4427,15704,21584,	chr1	100722845	100726589	retro_human_10323	0	-	intergenic	3744
chr1	100722747	100744075	ENSG00000162694[2,8,7]	0	-	100722784	100737603	255	5	523,68,428,76,597,	0,2892,3574,14851,20731,	chr1	100722845	100726589	retro_human_10323	0	-	intergenic	3744
chr1	100722747	100743738	ENSG00000162694[1,8,7]	0	-	100722784	100737603	255	5	523,68,428,76,260,	0,2892,3574,14851,20731,	chr1	100722845	100726589	retro_human_10323	0	-	intergenic	3744
chr1	100722747	100743738	ENSG00000162694[1,3,7]	0	-	100722784	100726324	0	4	523,428,112,260,	0,3574,14851,20731,	chr1	100722845	100726589	retro_human_10323	0	-	intergenic	3744
chr1	100722747	100743738	ENSG00000162694[1,5,7]	0	-	100722784	100737603	0	6	523,71,428,24,76,260,	0,2892,3574,4522,14851,20731,	chr1	100722845	100726589	retro_human_10323	0	-	intergenic	3744
chr1	100722747	100744894	ENSG00000162694[3,1,7]	0	-	100722784	100737603	0	5	523,71,428,76,1416,	0,2892,3574,14851,20731,	chr1	100722845	100726589	retro_human_10323	0	-	intergenic	3744
chr1	100722747	100744075	ENSG00000162694[2,1,7]	0	-	100722784	100737603	0	5	523,71,428,76,597,	0,2892,3574,14851,20731,	chr1	100722845	100726589	retro_human_10323	0	-	intergenic	3744
chr1	100722747	100743738	ENSG00000162694[1,1,7]	0	-	100722784	100737603	0	5	523,71,428,76,260,	0,2892,3574,14851,20731,	chr1	100722845	100726589	retro_human_10323	0	-	intergenic	3744
chr1	100722747	100744075	ENSG00000162694[2,2,7]	0	-	100722784	100737603	0	5	523,71,428,112,597,	0,2892,3574,14851,20731,	chr1	100722845	100726589	retro_human_10323	0	-	intergenic	3744
chr1	100722747	100743738	ENSG00000162694[1,2,7]	0	-	100722784	100737603	0	5	523,71,428,112,260,	0,2892,3574,14851,20731,	chr1	100722845	100726589	retro_human_10323	0	-	intergenic	3744
chr1	100722949	100743738	ENSG00000162694[1,5,2]	0	-	100737645	100743602	0	6	321,71,428,24,76,260,	0,2690,3372,4320,14649,20529,	chr1	100722845	100726589	retro_human_10323	0	-	intergenic	3640
chr1	104115361	104169392	ENSG00000215869[1,2,2]	0	+	104115361	104115361	0	2	972,1403,	0,52628,	chr1	104115411	104169342	AC092506.1-201|transcribed_processed_pseudogene	0	+	intergenic	53931
chr1	104115361	104169392	ENSG00000215869[1,2,2]	0	+	104115361	104115361	0	2	972,1403,	0,52628,	chr1	104116279	104168273	AC092506.1-205|transcribed_processed_pseudogene	0	+	intergenic	51994
chr1	104115361	104169392	ENSG00000215869[1,2,2]	0	+	104115361	104115361	0	2	972,1403,	0,52628,	chr1	104115598	104269092	AC092506.1-204|transcribed_processed_pseudogene	0	+	intergenic	53794
chr1	108541679	108542445	ENSG00000226483[1,1,1]	0	+	108541679	108541679	0	1	766,	0,	chr1	108541729	108542395	retro_human_5372|AL392088.1-201|processed_pseudogene	0	+	intergenic	666
chr1	109284825	109308598	ENSG00000143126[6,5,1]	0	+	109285139	109306975	255	34	1374,648,223,116,89,158,164,126,167,288,175,142,121,184,102,95,210,184,129,181,168,127,201,175,113,80,127,123,128,89,195,171,235,1642,	0,6416,9026,9497,9792,10271,10790,11126,11595,12062,12438,12852,13175,13719,14089,15532,15835,16565,16864,17094,17408,17678,17917,18410,18897,19187,19356,19570,20248,20610,20803,21136,21406,22131,	chr1	109283415	109291891	retro_human_32	0	+	intergenic	7066
chr1	112713653	112719758	ENSG00000155366[1,23,1]	0	-	112714119	112715972	255	6	637,131,121,74,163,132,	0,1486,1922,2307,2567,5973,	chr1	112715579	112716358	retro_human_1258	0	-	intergenic	779
chr1	112713653	112719758	ENSG00000155366[1,19,1]	0	-	112714119	112715148	255	2	637,4619,	0,1486,	chr1	112715579	112716358	retro_human_1258	0	-	intergenic	779
chr1	112713653	112719758	ENSG00000155366[1,22,1]	0	-	112714119	112716376	255	5	637,131,121,163,157,	0,1486,1922,2567,5948,	chr1	112715579	112716358	retro_human_1258	0	-	intergenic	779
chr1	112713653	112720033	ENSG00000155366[2,24,1]	0	-	112714119	112716376	255	6	637,131,121,163,102,407,	0,1486,1922,2567,4023,5973,	chr1	112715579	112716358	retro_human_1258	0	-	intergenic	779
chr1	112713653	112719758	ENSG00000155366[1,24,1]	0	-	112714119	112716376	255	6	637,131,121,163,102,132,	0,1486,1922,2567,4023,5973,	chr1	112715579	112716358	retro_human_1258	0	-	intergenic	779
chr1	112713653	112720033	ENSG00000155366[2,21,1]	0	-	112714119	112716376	255	5	637,131,121,163,2357,	0,1486,1922,2567,4023,	chr1	112715579	112716358	retro_human_1258	0	-	intergenic	779
chr1	112713653	112719758	ENSG00000155366[1,21,1]	0	-	112714119	112716376	255	5	637,131,121,163,2082,	0,1486,1922,2567,4023,	chr1	112715579	112716358	retro_human_1258	0	-	intergenic	779
chr1	112713653	112719758	ENSG00000155366[1,20,1]	0	-	112714119	112716376	255	4	637,131,121,3538,	0,1486,1922,2567,	chr1	112715579	112716358	retro_human_1258	0	-	intergenic	779
chr1	112713653	112717624	ENSG00000155366[4,11,1]	0	-	112714119	112716376	0	5	637,131,121,163,109,	0,1486,1922,2567,3862,	chr1	112715579	112716358	retro_human_1258	0	-	intergenic	779
chr1	112713653	112720033	ENSG00000155366[2,16,1]	0	-	112714119	112715972	0	7	637,131,121,74,163,69,407,	0,1486,1922,2307,2567,4023,5973,	chr1	112715579	112716358	retro_human_1258	0	-	intergenic	779
chr1	112713653	112719758	ENSG00000155366[1,16,1]	0	-	112714119	112715972	0	7	637,131,121,74,163,69,132,	0,1486,1922,2307,2567,4023,5973,	chr1	112715579	112716358	retro_human_1258	0	-	intergenic	779
chr1	112713653	112719758	ENSG00000155366[1,9,1]	0	-	112715396	112716376	0	3	637,557,3538,	0,1486,2567,	chr1	112715579	112716358	retro_human_1258	0	-	intergenic	779
chr1	112713653	112716280	ENSG00000155366[3,9,1]	0	-	112714119	112715148	0	3	637,557,60,	0,1486,2567,	chr1	112715579	112716358	retro_human_1258	0	-	intergenic	701
chr1	112713653	112719758	ENSG00000155366[1,13,1]	0	-	112714119	112715972	0	7	637,131,121,74,163,24,132,	0,1486,1922,2307,2567,4023,5973,	chr1	112715579	112716358	retro_human_1258	0	-	intergenic	779
chr1	112713653	112719758	ENSG00000155366[1,4,1]	0	-	112714119	112716376	0	5	637,131,121,163,132,	0,1486,1922,2567,5973,	chr1	112715579	112716358	retro_human_1258	0	-	intergenic	779
chr1	112713653	112720033	ENSG00000155366[2,4,1]	0	-	112714119	112716376	0	5	637,131,121,163,407,	0,1486,1922,2567,5973,	chr1	112715579	112716358	retro_human_1258	0	-	intergenic	779
chr1	112713653	112720033	ENSG00000155366[2,6,1]	0	-	112714119	112716376	0	6	637,131,121,163,116,407,	0,1486,1922,2567,3976,5973,	chr1	112715579	112716358	retro_human_1258	0	-	intergenic	779
chr1	112713653	112719758	ENSG00000155366[1,6,1]	0	-	112714119	112716376	0	6	637,131,121,163,116,132,	0,1486,1922,2567,3976,5973,	chr1	112715579	112716358	retro_human_1258	0	-	intergenic	779
chr1	112713653	112720033	ENSG00000155366[2,5,1]	0	-	112714119	112716376	0	6	637,131,121,163,24,407,	0,1486,1922,2567,4023,5973,	chr1	112715579	112716358	retro_human_1258	0	-	intergenic	779
chr1	112713653	112719758	ENSG00000155366[1,5,1]	0	-	112714119	112716376	0	6	637,131,121,163,24,132,	0,1486,1922,2567,4023,5973,	chr1	112715579	112716358	retro_human_1258	0	-	intergenic	779
chr1	112713653	112719758	ENSG00000155366[1,3,1]	0	-	112714119	112716376	0	6	637,131,121,163,69,377,	0,1486,1922,2567,4023,5728,	chr1	112715579	112716358	retro_human_1258	0	-	intergenic	779
chr1	112713653	112719758	ENSG00000155366[1,2,1]	0	-	112714119	112716376	0	6	637,131,121,163,69,478,	0,1486,1922,2567,4023,5627,	chr1	112715579	112716358	retro_human_1258	0	-	intergenic	779
chr1	112713653	112719758	ENSG00000155366[1,1,1]	0	-	112714119	112716376	0	6	637,131,121,163,69,132,	0,1486,1922,2567,4023,5973,	chr1	112715579	112716358	retro_human_1258	0	-	intergenic	779
chr1	112713653	112720033	ENSG00000155366[2,1,1]	0	-	112714119	112716376	0	6	637,131,121,163,69,407,	0,1486,1922,2567,4023,5973,	chr1	112715579	112716358	retro_human_1258	0	-	intergenic	779
chr1	112713653	112719758	ENSG00000155366[1,7,1]	0	-	112714119	112716376	0	6	637,131,121,163,1153,132,	0,1486,1922,2567,4023,5973,	chr1	112715579	112716358	retro_human_1258	0	-	intergenic	779
chr1	147628213	147635715	ENSG00000180867[1,2,5]	0	-	147635715	147635715	0	3	2303,162,866,	0,5610,6636,	chr1	147629282	147635665	PDIA3P1-203|transcribed_processed_pseudogene	0	-	intergenic	6383
chr1	147628213	147635715	ENSG00000180867[1,2,5]	0	-	147635715	147635715	0	3	2303,162,866,	0,5610,6636,	chr1	147633203	147635638	PDIA3P1-201|transcribed_processed_pseudogene	0	-	intergenic	2435
chr1	147628408	147635715	ENSG00000180867[1,2,4]	0	-	147635715	147635715	0	3	2108,162,866,	0,5415,6441,	chr1	147629282	147635665	PDIA3P1-203|transcribed_processed_pseudogene	0	-	intergenic	6383
chr1	147628408	147635715	ENSG00000180867[1,2,4]	0	-	147635715	147635715	0	3	2108,162,866,	0,5415,6441,	chr1	147633203	147635638	PDIA3P1-201|transcribed_processed_pseudogene	0	-	intergenic	2435
chr1	147629232	147635715	ENSG00000180867[1,2,1]	0	-	147635715	147635715	0	3	1284,162,866,	0,4591,5617,	chr1	147629282	147635665	PDIA3P1-203|transcribed_processed_pseudogene	0	-	intergenic	6383
chr1	147629232	147635715	ENSG00000180867[1,2,1]	0	-	147635715	147635715	0	3	1284,162,866,	0,4591,5617,	chr1	147633203	147635638	PDIA3P1-201|transcribed_processed_pseudogene	0	-	intergenic	2435
chr1	147628213	147635715	ENSG00000180867[1,3,5]	0	-	147635715	147635715	0	2	5772,866,	0,6636,	chr1	147629282	147635665	PDIA3P1-203|transcribed_processed_pseudogene	0	-	intergenic	6383
chr1	147628213	147635715	ENSG00000180867[1,3,5]	0	-	147635715	147635715	0	2	5772,866,	0,6636,	chr1	147633203	147635638	PDIA3P1-201|transcribed_processed_pseudogene	0	-	intergenic	2435
chr1	147632665	147635715	ENSG00000180867[1,3,7]	0	-	147635715	147635715	0	2	1320,866,	0,2184,	chr1	147629282	147635665	PDIA3P1-203|transcribed_processed_pseudogene	0	-	intergenic	3000
chr1	147632665	147635715	ENSG00000180867[1,3,7]	0	-	147635715	147635715	0	2	1320,866,	0,2184,	chr1	147633203	147635638	PDIA3P1-201|transcribed_processed_pseudogene	0	-	intergenic	2435
chr1	147633728	147635715	ENSG00000180867[1,3,6]	0	-	147635715	147635715	0	2	257,866,	0,1121,	chr1	147629282	147635665	PDIA3P1-203|transcribed_processed_pseudogene	0	-	intergenic	1937
chr1	147633728	147635715	ENSG00000180867[1,3,6]	0	-	147635715	147635715	0	2	257,866,	0,1121,	chr1	147633203	147635638	PDIA3P1-201|transcribed_processed_pseudogene	0	-	intergenic	1910
chr1	147633153	147635715	ENSG00000180867[1,3,3]	0	-	147635715	147635715	0	2	832,866,	0,1696,	chr1	147629282	147635665	PDIA3P1-203|transcribed_processed_pseudogene	0	-	intergenic	2512
chr1	147633153	147635715	ENSG00000180867[1,3,3]	0	-	147635715	147635715	0	2	832,866,	0,1696,	chr1	147633203	147635638	PDIA3P1-201|transcribed_processed_pseudogene	0	-	intergenic	2435
chr1	147628213	147635250	ENSG00000180867[3,2,5]	0	-	147635250	147635250	0	3	2303,162,401,	0,5610,6636,	chr1	147629282	147635665	PDIA3P1-203|transcribed_processed_pseudogene	0	-	intergenic	5968
chr1	147628213	147635250	ENSG00000180867[3,2,5]	0	-	147635250	147635250	0	3	2303,162,401,	0,5610,6636,	chr1	147633203	147635638	PDIA3P1-201|transcribed_processed_pseudogene	0	-	intergenic	2047
chr1	147628408	147635250	ENSG00000180867[3,2,4]	0	-	147635250	147635250	0	3	2108,162,401,	0,5415,6441,	chr1	147629282	147635665	PDIA3P1-203|transcribed_processed_pseudogene	0	-	intergenic	5968
chr1	147628408	147635250	ENSG00000180867[3,2,4]	0	-	147635250	147635250	0	3	2108,162,401,	0,5415,6441,	chr1	147633203	147635638	PDIA3P1-201|transcribed_processed_pseudogene	0	-	intergenic	2047
chr1	147632665	147635250	ENSG00000180867[3,3,7]	0	-	147635250	147635250	0	2	1320,401,	0,2184,	chr1	147629282	147635665	PDIA3P1-203|transcribed_processed_pseudogene	0	-	intergenic	2585
chr1	147632665	147635250	ENSG00000180867[3,3,7]	0	-	147635250	147635250	0	2	1320,401,	0,2184,	chr1	147633203	147635638	PDIA3P1-201|transcribed_processed_pseudogene	0	-	intergenic	2047
chr1	147633153	147635250	ENSG00000180867[3,3,3]	0	-	147635250	147635250	0	2	832,401,	0,1696,	chr1	147629282	147635665	PDIA3P1-203|transcribed_processed_pseudogene	0	-	intergenic	2097
chr1	147633153	147635250	ENSG00000180867[3,3,3]	0	-	147635250	147635250	0	2	832,401,	0,1696,	chr1	147633203	147635638	PDIA3P1-201|transcribed_processed_pseudogene	0	-	intergenic	2047
chr1	147633728	147635250	ENSG00000180867[3,3,6]	0	-	147635250	147635250	0	2	257,401,	0,1121,	chr1	147629282	147635665	PDIA3P1-203|transcribed_processed_pseudogene	0	-	intergenic	1522
chr1	147633728	147635250	ENSG00000180867[3,3,6]	0	-	147635250	147635250	0	2	257,401,	0,1121,	chr1	147633203	147635638	PDIA3P1-201|transcribed_processed_pseudogene	0	-	intergenic	1522
chr1	147628736	147630346	ENSG00000180867[2,1,2]	0	-	147630346	147630346	0	1	1610,	0,	chr1	147629282	147635665	PDIA3P1-203|transcribed_processed_pseudogene	0	-	intergenic	1064
chr1	146657796	146661068	ENSG00000198658[1,1,1]	0	-	146661068	146661068	0	2	456,577,	0,2695,	chr1	146657850	146661018	retro_human_10888	0	-	intergenic	3168
chr1	146489311	146489742	ENSG00000235988[1,1,1]	0	+	146489742	146489742	0	1	431,	0,	chr1	146489361	146489692	AC245100.5-201|processed_pseudogene	0	+	intergenic	331
chr1	160327144	160331717	ENSG00000158859[3,4,5]	0	-	160328585	160331487	255	5	1865,176,176,187,338,	0,2365,3513,3940,4235,	chr1	160328736	160329682	retro_human_7216	0	-	intergenic	946
chr1	160327144	160336545	ENSG00000158859[1,1,5]	0	-	160328585	160336068	0	9	1865,176,176,187,287,171,133,324,1110,	0,2365,3513,3940,4235,5765,6467,6853,8291,	chr1	160328736	160329682	retro_human_7216	0	-	intergenic	946
chr1	160327144	160335594	ENSG00000158859[5,1,5]	0	-	160328585	160335492	0	9	1865,176,176,187,287,171,133,324,159,	0,2365,3513,3940,4235,5765,6467,6853,8291,	chr1	160328736	160329682	retro_human_7216	0	-	intergenic	946
chr1	166880519	166905310	ENSG00000143162[1,2,2]	0	-	166884743	166905196	0	5	1189,135,185,120,468,	0,4195,17037,18938,24323,	chr1	166897565	166905031	retro_human_7729	0	-	intergenic	7466
chr1	166880959	166905310	ENSG00000143162[1,2,3]	0	-	166884743	166905196	0	5	749,135,185,120,468,	0,3755,16597,18498,23883,	chr1	166897565	166905031	retro_human_7729	0	-	intergenic	7466
chr1	166880959	166905310	ENSG00000143162[1,1,3]	0	-	166893757	166905196	0	4	12799,185,120,468,	0,16597,18498,23883,	chr1	166897565	166905031	retro_human_7729	0	-	intergenic	7466
chr1	166892419	166905310	ENSG00000143162[1,4,1]	0	-	166893757	166905196	255	4	1339,185,117,468,	0,5137,7038,12423,	chr1	166897565	166905031	retro_human_7729	0	-	intergenic	7466
chr1	166892419	166905310	ENSG00000143162[1,3,1]	0	-	166893757	166905196	255	3	1339,185,468,	0,5137,12423,	chr1	166897565	166905031	retro_human_7729	0	-	intergenic	7466
chr1	166892419	166905310	ENSG00000143162[1,5,1]	0	-	166897555	166905196	255	3	5322,120,468,	0,7038,12423,	chr1	166897565	166905031	retro_human_7729	0	-	intergenic	7466
chr1	166892419	166905310	ENSG00000143162[1,1,1]	0	-	166893757	166905196	0	4	1339,185,120,468,	0,5137,7038,12423,	chr1	166897565	166905031	retro_human_7729	0	-	intergenic	7466
chr1	178941656	178944227	ENSG00000227141[1,1,1]	0	+	178941656	178941656	0	1	2571,	0,	chr1	178941706	178944177	retro_human_8142|AL160286.1-201|processed_pseudogene	0	+	intergenic	2471
chr1	185933017	185934138	ENSG00000228238[1,1,1]	0	+	185933017	185933017	0	1	1121,	0,	chr1	185933067	185934088	retro_human_6966|AL096803.1-201|processed_pseudogene	0	+	intergenic	1021
chr1	196300964	196329134	ENSG00000143278[1,1,3]	0	-	196301204	196329047	0	12	271,214,183,201,183,186,180,177,177,186,201,151,	0,1381,11556,13493,16574,17872,18145,21225,21758,22643,23716,28019,	chr1	196318838	196322343	retro_human_5867	0	-	intergenic	3505
chr1	202124376	202137968	ENSG00000234996[1,3,2]	0	+	202124376	202124376	255	2	106,2236,	0,11356,	chr1	202124426	202137918	AC098934.1-201|transcribed_processed_pseudogene	0	+	intergenic	13492
chr1	202124376	202137968	ENSG00000234996[1,2,2]	0	+	202124376	202124376	0	3	106,80,2236,	0,10500,11356,	chr1	202124426	202137918	AC098934.1-201|transcribed_processed_pseudogene	0	+	intergenic	13492
chr1	207456641	207491154	ENSG00000076356[1,10,5]	0	-	207456875	207464640	255	3	540,1268,786,	0,6811,33727,	chr1	207456876	207464502	retro_human_101	0	-	intergenic	7626
chr1	207456641	207463941	ENSG00000076356[7,5,5]	0	-	207456875	207457076	0	2	540,489,	0,6811,	chr1	207456876	207464502	retro_human_101	0	-	intergenic	7065
chr1	207456641	207463782	ENSG00000076356[5,5,5]	0	-	207456875	207457076	0	2	540,330,	0,6811,	chr1	207456876	207464502	retro_human_101	0	-	intergenic	6906
chr1	207460888	207491154	ENSG00000076356[1,9,9]	0	-	207463416	207464640	255	2	3832,786,	0,29480,	chr1	207456876	207464502	retro_human_101	0	-	intergenic	3614
chr1	212098209	212098455	ENSG00000235182[1,1,1]	0	+	212098209	212098209	0	1	246,	0,	chr1	212098259	212098405	AC104333.1-201|processed_pseudogene	0	+	intergenic	146
chr1	213842398	213857975	ENSG00000117724[1,7,7]	0	+	213853007	213857946	255	4	177,203,197,174,	0,10568,11686,15403,	chr1	213844940	213848094	retro_human_5214	0	-	intergenic	3154
chr1	213842398	213854493	ENSG00000117724[1,2,3]	0	+	213853007	213854282	0	3	177,203,409,	0,10568,11686,	chr1	213844940	213848094	retro_human_5214	0	-	intergenic	3154
chr1	219866906	219867813	ENSG00000233012[2,1,2]	0	+	219867066	219867336	0	1	907,	0,	chr1	219866956	219867763	HDAC1P2-202|transcribed_processed_pseudogene	0	+	intergenic	807
chr1	220941204	220976782	ENSG00000143507[3,3,1]	0	-	220942244	220946081	0	3	1303,372,108,	0,4720,35470,	chr1	220942281	220946147	retro_human_4044	0	-	intergenic	3866
chr1	234488863	234489189	ENSG00000233018[1,1,1]	0	-	234488863	234488863	0	1	326,	0,	chr1	234488913	234489139	retro_human_5729|AL732292.1-201|processed_pseudogene	0	-	intergenic	226
chr1	242386024	242386204	ENSG00000230199[1,1,1]	0	+	242386024	242386024	0	1	180,	0,	chr1	242386074	242386154	AL603825.1-201|processed_pseudogene	0	+	intergenic	80
chr1	246608262	246608632	ENSG00000224014[1,1,1]	0	+	246608262	246608262	0	1	370,	0,	chr1	246608312	246608582	retro_human_130|AL390728.3-201|processed_pseudogene	0	+	intergenic	270
chr1	246631211	246644037	ENSG00000227671[2,5,4]	0	-	246631211	246631211	255	3	1375,127,216,	0,1986,12610,	chr1	246623654	246633327	retro_human_11015	0	-	intergenic	2116
chr1	246631211	246644037	ENSG00000227671[2,2,4]	0	-	246631211	246631211	0	4	1375,127,80,216,	0,1986,3935,12610,	chr1	246623654	246633327	retro_human_11015	0	-	intergenic	2116
chr2	18586783	18592843	ENSG00000240857[1,1,1]	0	-	18587304	18592686	0	2	1136,550,	0,5510,	chr2	18587311	18592614	retro_human_11181	0	-	intergenic	5303
chr2	18587182	18592843	ENSG00000240857[1,2,2]	0	-	18587304	18587862	0	2	737,100,	0,5561,	chr2	18587311	18592614	retro_human_11181	0	-	intergenic	5303
chr2	38073985	38083359	ENSG00000138061[5,1,8]	0	-	38077610	38082274	0	3	4211,1044,694,	0,7246,8680,	chr2	38077704	38082124	retro_human_10336	0	-	intergenic	4420
chr2	38073985	38083090	ENSG00000138061[1,1,8]	0	-	38077610	38082274	0	3	4211,1044,425,	0,7246,8680,	chr2	38077704	38082124	retro_human_10336	0	-	intergenic	4420
chr2	38074344	38083359	ENSG00000138061[5,8,1]	0	-	38077610	38082274	255	2	3852,2128,	0,6887,	chr2	38077704	38082124	retro_human_10336	0	-	intergenic	4420
chr2	38074344	38083359	ENSG00000138061[5,1,1]	0	-	38077610	38082274	0	3	3852,1044,694,	0,6887,8321,	chr2	38077704	38082124	retro_human_10336	0	-	intergenic	4420
chr2	38074344	38084234	ENSG00000138061[7,1,1]	0	-	38077610	38082274	0	3	3852,1044,1569,	0,6887,8321,	chr2	38077704	38082124	retro_human_10336	0	-	intergenic	4420
chr2	38074344	38083670	ENSG00000138061[6,1,1]	0	-	38077610	38082274	0	3	3852,1044,1005,	0,6887,8321,	chr2	38077704	38082124	retro_human_10336	0	-	intergenic	4420
chr2	38074344	38083090	ENSG00000138061[1,1,1]	0	-	38077610	38082274	0	3	3852,1044,425,	0,6887,8321,	chr2	38077704	38082124	retro_human_10336	0	-	intergenic	4420
chr2	38075125	38083090	ENSG00000138061[1,1,9]	0	-	38077610	38082274	0	3	3071,1044,425,	0,6106,7540,	chr2	38077704	38082124	retro_human_10336	0	-	intergenic	4420
chr2	38075125	38084234	ENSG00000138061[7,1,9]	0	-	38077610	38082274	0	3	3071,1044,1569,	0,6106,7540,	chr2	38077704	38082124	retro_human_10336	0	-	intergenic	4420
chr2	38075125	38083359	ENSG00000138061[5,1,9]	0	-	38077610	38082274	0	3	3071,1044,694,	0,6106,7540,	chr2	38077704	38082124	retro_human_10336	0	-	intergenic	4420
chr2	38075722	38083090	ENSG00000138061[1,1,10]	0	-	38077610	38082274	0	3	2474,1044,425,	0,5509,6943,	chr2	38077704	38082124	retro_human_10336	0	-	intergenic	4420
chr2	38075722	38083670	ENSG00000138061[6,1,10]	0	-	38077610	38082274	0	3	2474,1044,1005,	0,5509,6943,	chr2	38077704	38082124	retro_human_10336	0	-	intergenic	4420
chr2	38075722	38083359	ENSG00000138061[5,1,10]	0	-	38077610	38082274	0	3	2474,1044,694,	0,5509,6943,	chr2	38077704	38082124	retro_human_10336	0	-	intergenic	4420
chr2	38076764	38083090	ENSG00000138061[1,8,11]	0	-	38077610	38082274	255	2	1432,1859,	0,4467,	chr2	38077704	38082124	retro_human_10336	0	-	intergenic	4420
chr2	38076764	38083090	ENSG00000138061[1,2,11]	0	-	38077610	38082274	0	3	1432,1044,429,	0,4467,5897,	chr2	38077704	38082124	retro_human_10336	0	-	intergenic	4420
chr2	38076764	38083090	ENSG00000138061[1,1,11]	0	-	38077610	38082274	0	3	1432,1044,425,	0,4467,5901,	chr2	38077704	38082124	retro_human_10336	0	-	intergenic	4420
chr2	38076764	38084234	ENSG00000138061[7,1,11]	0	-	38077610	38082274	0	3	1432,1044,1569,	0,4467,5901,	chr2	38077704	38082124	retro_human_10336	0	-	intergenic	4420
chr2	38076764	38083670	ENSG00000138061[6,1,11]	0	-	38077610	38082274	0	3	1432,1044,1005,	0,4467,5901,	chr2	38077704	38082124	retro_human_10336	0	-	intergenic	4420
chr2	38076764	38083359	ENSG00000138061[5,1,11]	0	-	38077610	38082274	0	3	1432,1044,694,	0,4467,5901,	chr2	38077704	38082124	retro_human_10336	0	-	intergenic	4420
chr2	38077317	38083090	ENSG00000138061[1,2,2]	0	-	38077610	38082274	0	3	879,1044,429,	0,3914,5344,	chr2	38077704	38082124	retro_human_10336	0	-	intergenic	4420
chr2	38077822	38080872	ENSG00000138061[4,5,5]	0	-	38077960	38080546	0	2	374,471,	0,2579,	chr2	38077704	38082124	retro_human_10336	0	-	intergenic	3050
chr2	38542428	38543210	ENSG00000271443[2,2,2]	0	-	38542428	38542428	0	2	242,428,	0,354,	chr2	38542168	38542606	retro_human_10337|AC011247.2-201|transcribed_processed_pseudogene	0	-	intergenic	178
chr2	38542428	38543210	ENSG00000271443[2,2,2]	0	-	38542428	38542428	0	2	242,428,	0,354,	chr2	38542478	38543160	AC011247.2-202|transcribed_processed_pseudogene	0	-	intergenic	682
chr2	55215524	55229634	ENSG00000162994[1,12,9]	0	-	55215767	55219641	0	3	306,259,169,	0,3940,13941,	chr2	55221508	55223137	retro_human_6739|CDPF1P1-201|processed_pseudogene	0	+	intergenic	1629
chr2	57755913	57765796	ENSG00000271615[1,2,1]	0	+	57755913	57755913	0	2	410,549,	0,9334,	chr2	57755963	57765746	ACTG1P22-202|transcribed_processed_pseudogene	0	+	intergenic	9783
chr2	63650021	63651456	ENSG00000229920[1,1,1]	0	-	63650021	63650021	0	1	1435,	0,	chr2	63650071	63651406	retro_human_3564|RPS4XP5-202|transcribed_processed_pseudogene	0	-	intergenic	1335
chr2	63650838	63651706	ENSG00000229920[2,1,2]	0	-	63650838	63650838	0	1	868,	0,	chr2	63650071	63651406	retro_human_3564|RPS4XP5-202|transcribed_processed_pseudogene	0	-	intergenic	568
chr2	65213121	65213533	ENSG00000273763[1,1,1]	0	-	65213121	65213121	0	1	412,	0,	chr2	65213240	65213483	AC007318.1-202|transcribed_processed_pseudogene	0	-	intergenic	243
chr2	74526645	74534896	ENSG00000144045[1,1,1]	0	-	74527013	74534294	0	12	522,191,191,120,192,159,100,228,385,194,256,196,	0,959,1475,1834,4499,4775,5038,5229,5842,6928,7412,8055,	chr2	74532506	74533977	retro_human_5529	0	-	intergenic	1471
chr2	74526645	74534896	ENSG00000144045[1,2,1]	0	-	74527013	74534294	0	12	522,191,191,120,192,159,100,228,385,194,256,192,	0,959,1475,1834,4499,4775,5038,5229,5842,6928,7412,8059,	chr2	74532506	74533977	retro_human_5529	0	-	intergenic	1471
chr2	74532542	74534896	ENSG00000144045[1,7,4]	0	-	74532798	74533631	0	3	330,194,196,	0,1031,2158,	chr2	74532506	74533977	retro_human_5529	0	-	intergenic	1435
chr2	114030549	114051868	ENSG00000240356[2,4,3]	0	-	114030549	114030549	255	3	6428,121,663,	0,19787,20656,	chr2	114035231	114051768	RPL23AP7-202|transcribed_processed_pseudogene	0	-	intergenic	16537
chr2	114030549	114051868	ENSG00000240356[2,4,3]	0	-	114030549	114030549	255	3	6428,121,663,	0,19787,20656,	chr2	114036413	114051818	RPL23AP7-201|transcribed_processed_pseudogene	0	-	intergenic	15405
chr2	114030549	114051868	ENSG00000240356[2,5,3]	0	-	114030549	114030549	255	3	6428,121,260,	0,19787,21059,	chr2	114035231	114051768	RPL23AP7-202|transcribed_processed_pseudogene	0	-	intergenic	16537
chr2	114030549	114051868	ENSG00000240356[2,5,3]	0	-	114030549	114030549	255	3	6428,121,260,	0,19787,21059,	chr2	114036413	114051818	RPL23AP7-201|transcribed_processed_pseudogene	0	-	intergenic	15405
chr2	114030549	114051868	ENSG00000240356[2,2,3]	0	-	114030549	114030549	0	3	6428,121,311,	0,19787,21008,	chr2	114035231	114051768	RPL23AP7-202|transcribed_processed_pseudogene	0	-	intergenic	16537
chr2	114030549	114051868	ENSG00000240356[2,2,3]	0	-	114030549	114030549	0	3	6428,121,311,	0,19787,21008,	chr2	114036413	114051818	RPL23AP7-201|transcribed_processed_pseudogene	0	-	intergenic	15405
chr2	114030549	114051868	ENSG00000240356[2,3,3]	0	-	114030549	114030549	0	3	6428,121,103,	0,19787,21216,	chr2	114035231	114051768	RPL23AP7-202|transcribed_processed_pseudogene	0	-	intergenic	16537
chr2	114030549	114051868	ENSG00000240356[2,3,3]	0	-	114030549	114030549	0	3	6428,121,103,	0,19787,21216,	chr2	114036413	114051818	RPL23AP7-201|transcribed_processed_pseudogene	0	-	intergenic	15405
chr2	114031376	114051868	ENSG00000240356[2,5,4]	0	-	114031376	114031376	255	3	5601,121,260,	0,18960,20232,	chr2	114035231	114051768	RPL23AP7-202|transcribed_processed_pseudogene	0	-	intergenic	16537
chr2	114031376	114051868	ENSG00000240356[2,5,4]	0	-	114031376	114031376	255	3	5601,121,260,	0,18960,20232,	chr2	114036413	114051818	RPL23AP7-201|transcribed_processed_pseudogene	0	-	intergenic	15405
chr2	114035181	114051868	ENSG00000240356[2,4,1]	0	-	114035181	114035181	255	3	1796,121,663,	0,15155,16024,	chr2	114035231	114051768	RPL23AP7-202|transcribed_processed_pseudogene	0	-	intergenic	16537
chr2	114035181	114051868	ENSG00000240356[2,4,1]	0	-	114035181	114035181	255	3	1796,121,663,	0,15155,16024,	chr2	114036413	114051818	RPL23AP7-201|transcribed_processed_pseudogene	0	-	intergenic	15405
chr2	114035181	114051868	ENSG00000240356[2,5,1]	0	-	114035181	114035181	255	3	1796,121,260,	0,15155,16427,	chr2	114035231	114051768	RPL23AP7-202|transcribed_processed_pseudogene	0	-	intergenic	16537
chr2	114035181	114051868	ENSG00000240356[2,5,1]	0	-	114035181	114035181	255	3	1796,121,260,	0,15155,16427,	chr2	114036413	114051818	RPL23AP7-201|transcribed_processed_pseudogene	0	-	intergenic	15405
chr2	114035181	114051868	ENSG00000240356[2,2,1]	0	-	114035181	114035181	0	3	1796,121,311,	0,15155,16376,	chr2	114035231	114051768	RPL23AP7-202|transcribed_processed_pseudogene	0	-	intergenic	16537
chr2	114035181	114051868	ENSG00000240356[2,2,1]	0	-	114035181	114035181	0	3	1796,121,311,	0,15155,16376,	chr2	114036413	114051818	RPL23AP7-201|transcribed_processed_pseudogene	0	-	intergenic	15405
chr2	114035181	114051868	ENSG00000240356[2,3,1]	0	-	114035181	114035181	0	3	1796,121,103,	0,15155,16584,	chr2	114035231	114051768	RPL23AP7-202|transcribed_processed_pseudogene	0	-	intergenic	16537
chr2	114035181	114051868	ENSG00000240356[2,3,1]	0	-	114035181	114035181	0	3	1796,121,103,	0,15155,16584,	chr2	114036413	114051818	RPL23AP7-201|transcribed_processed_pseudogene	0	-	intergenic	15405
chr2	114036363	114051868	ENSG00000240356[2,4,2]	0	-	114036363	114036363	255	3	614,121,663,	0,13973,14842,	chr2	114035231	114051768	RPL23AP7-202|transcribed_processed_pseudogene	0	-	intergenic	15405
chr2	114036363	114051868	ENSG00000240356[2,4,2]	0	-	114036363	114036363	255	3	614,121,663,	0,13973,14842,	chr2	114036413	114051818	RPL23AP7-201|transcribed_processed_pseudogene	0	-	intergenic	15405
chr2	114036363	114051868	ENSG00000240356[2,5,2]	0	-	114036363	114036363	255	3	614,121,260,	0,13973,15245,	chr2	114035231	114051768	RPL23AP7-202|transcribed_processed_pseudogene	0	-	intergenic	15405
chr2	114036363	114051868	ENSG00000240356[2,5,2]	0	-	114036363	114036363	255	3	614,121,260,	0,13973,15245,	chr2	114036413	114051818	RPL23AP7-201|transcribed_processed_pseudogene	0	-	intergenic	15405
chr2	114036363	114051868	ENSG00000240356[2,2,2]	0	-	114036363	114036363	0	3	614,121,311,	0,13973,15194,	chr2	114035231	114051768	RPL23AP7-202|transcribed_processed_pseudogene	0	-	intergenic	15405
chr2	114036363	114051868	ENSG00000240356[2,2,2]	0	-	114036363	114036363	0	3	614,121,311,	0,13973,15194,	chr2	114036413	114051818	RPL23AP7-201|transcribed_processed_pseudogene	0	-	intergenic	15405
chr2	114036363	114051868	ENSG00000240356[2,3,2]	0	-	114036363	114036363	0	3	614,121,103,	0,13973,15402,	chr2	114035231	114051768	RPL23AP7-202|transcribed_processed_pseudogene	0	-	intergenic	15405
chr2	114036363	114051868	ENSG00000240356[2,3,2]	0	-	114036363	114036363	0	3	614,121,103,	0,13973,15402,	chr2	114036413	114051818	RPL23AP7-201|transcribed_processed_pseudogene	0	-	intergenic	15405
chr2	131854360	131854580	ENSG00000284659[1,1,1]	0	-	131854360	131854360	0	1	220,	0,	chr2	131854410	131854530	AC073869.6-201|processed_pseudogene	0	-	intergenic	120
chr2	131927530	131956397	ENSG00000152117[1,11,2]	0	+	131927530	131927530	255	18	378,84,87,147,76,109,53,151,131,72,146,91,101,164,206,234,132,1527,	0,4447,6104,7441,7743,8199,8418,8595,13555,15780,22845,23557,24100,24970,25746,26293,26778,27340,	chr2	131927580	131955195	SMPD4BP-201|transcribed_processed_pseudogene	0	+	intergenic	27615
chr2	131927530	131956397	ENSG00000152117[1,11,2]	0	+	131927530	131927530	255	18	378,84,87,147,76,109,53,151,131,72,146,91,101,164,206,234,132,1527,	0,4447,6104,7441,7743,8199,8418,8595,13555,15780,22845,23557,24100,24970,25746,26293,26778,27340,	chr2	131927580	131956347	SMPD4BP-202|transcribed_processed_pseudogene	0	+	intergenic	28767
chr2	131927530	131956397	ENSG00000152117[1,11,2]	0	+	131927530	131927530	255	18	378,84,87,147,76,109,53,151,131,72,146,91,101,164,206,234,132,1527,	0,4447,6104,7441,7743,8199,8418,8595,13555,15780,22845,23557,24100,24970,25746,26293,26778,27340,	chr2	131927591	131956356	CHM13_T0127943|transcribed_processed_pseudogene	0	+	intergenic	28765
chr2	131927530	131956397	ENSG00000152117[1,10,2]	0	+	131927530	131927530	255	17	378,84,87,143,76,109,53,151,131,72,91,101,164,206,234,132,1527,	0,4447,6104,7441,7743,8199,8418,8595,13555,15780,23557,24100,24970,25746,26293,26778,27340,	chr2	131927580	131955195	SMPD4BP-201|transcribed_processed_pseudogene	0	+	intergenic	27615
chr2	131927530	131956397	ENSG00000152117[1,10,2]	0	+	131927530	131927530	255	17	378,84,87,143,76,109,53,151,131,72,91,101,164,206,234,132,1527,	0,4447,6104,7441,7743,8199,8418,8595,13555,15780,23557,24100,24970,25746,26293,26778,27340,	chr2	131927580	131956347	SMPD4BP-202|transcribed_processed_pseudogene	0	+	intergenic	28767
chr2	131927530	131956397	ENSG00000152117[1,10,2]	0	+	131927530	131927530	255	17	378,84,87,143,76,109,53,151,131,72,91,101,164,206,234,132,1527,	0,4447,6104,7441,7743,8199,8418,8595,13555,15780,23557,24100,24970,25746,26293,26778,27340,	chr2	131927591	131956356	CHM13_T0127943|transcribed_processed_pseudogene	0	+	intergenic	28765
chr2	131927530	131956397	ENSG00000152117[1,9,2]	0	+	131927530	131927530	255	17	378,84,87,143,76,109,53,151,131,72,146,91,101,164,781,132,1527,	0,4447,6104,7441,7743,8199,8418,8595,13555,15780,22845,23557,24100,24970,25746,26778,27340,	chr2	131927580	131955195	SMPD4BP-201|transcribed_processed_pseudogene	0	+	intergenic	27615
chr2	131927530	131956397	ENSG00000152117[1,9,2]	0	+	131927530	131927530	255	17	378,84,87,143,76,109,53,151,131,72,146,91,101,164,781,132,1527,	0,4447,6104,7441,7743,8199,8418,8595,13555,15780,22845,23557,24100,24970,25746,26778,27340,	chr2	131927580	131956347	SMPD4BP-202|transcribed_processed_pseudogene	0	+	intergenic	28767
chr2	131927530	131956397	ENSG00000152117[1,9,2]	0	+	131927530	131927530	255	17	378,84,87,143,76,109,53,151,131,72,146,91,101,164,781,132,1527,	0,4447,6104,7441,7743,8199,8418,8595,13555,15780,22845,23557,24100,24970,25746,26778,27340,	chr2	131927591	131956356	CHM13_T0127943|transcribed_processed_pseudogene	0	+	intergenic	28765
chr2	131927530	131956397	ENSG00000152117[1,8,2]	0	+	131927530	131927530	255	19	378,84,87,143,76,109,53,151,238,131,72,146,91,101,164,206,234,132,1527,	0,4447,6104,7441,7743,8199,8418,8595,9692,13555,15780,22845,23557,24100,24970,25746,26293,26778,27340,	chr2	131927580	131955195	SMPD4BP-201|transcribed_processed_pseudogene	0	+	intergenic	27615
chr2	131927530	131956397	ENSG00000152117[1,8,2]	0	+	131927530	131927530	255	19	378,84,87,143,76,109,53,151,238,131,72,146,91,101,164,206,234,132,1527,	0,4447,6104,7441,7743,8199,8418,8595,9692,13555,15780,22845,23557,24100,24970,25746,26293,26778,27340,	chr2	131927580	131956347	SMPD4BP-202|transcribed_processed_pseudogene	0	+	intergenic	28767
chr2	131927530	131956397	ENSG00000152117[1,8,2]	0	+	131927530	131927530	255	19	378,84,87,143,76,109,53,151,238,131,72,146,91,101,164,206,234,132,1527,	0,4447,6104,7441,7743,8199,8418,8595,9692,13555,15780,22845,23557,24100,24970,25746,26293,26778,27340,	chr2	131927591	131956356	CHM13_T0127943|transcribed_processed_pseudogene	0	+	intergenic	28765
chr2	131927530	131956397	ENSG00000152117[1,2,2]	0	+	131927530	131927530	0	18	378,84,87,143,76,109,53,151,131,72,146,91,101,164,206,234,132,1527,	0,4447,6104,7441,7743,8199,8418,8595,13555,15780,22845,23557,24100,24970,25746,26293,26778,27340,	chr2	131927580	131955195	SMPD4BP-201|transcribed_processed_pseudogene	0	+	intergenic	27615
chr2	131927530	131956397	ENSG00000152117[1,2,2]	0	+	131927530	131927530	0	18	378,84,87,143,76,109,53,151,131,72,146,91,101,164,206,234,132,1527,	0,4447,6104,7441,7743,8199,8418,8595,13555,15780,22845,23557,24100,24970,25746,26293,26778,27340,	chr2	131927580	131956347	SMPD4BP-202|transcribed_processed_pseudogene	0	+	intergenic	28767
chr2	131927530	131956397	ENSG00000152117[1,2,2]	0	+	131927530	131927530	0	18	378,84,87,143,76,109,53,151,131,72,146,91,101,164,206,234,132,1527,	0,4447,6104,7441,7743,8199,8418,8595,13555,15780,22845,23557,24100,24970,25746,26293,26778,27340,	chr2	131927591	131956356	CHM13_T0127943|transcribed_processed_pseudogene	0	+	intergenic	28765
chr2	131927779	131956397	ENSG00000152117[2,11,2]	0	+	131927779	131927779	255	18	129,84,87,147,76,109,53,151,131,72,146,91,101,164,206,234,132,1527,	0,4198,5855,7192,7494,7950,8169,8346,13306,15531,22596,23308,23851,24721,25497,26044,26529,27091,	chr2	131927580	131955195	SMPD4BP-201|transcribed_processed_pseudogene	0	+	intergenic	27416
chr2	131927779	131956397	ENSG00000152117[2,11,2]	0	+	131927779	131927779	255	18	129,84,87,147,76,109,53,151,131,72,146,91,101,164,206,234,132,1527,	0,4198,5855,7192,7494,7950,8169,8346,13306,15531,22596,23308,23851,24721,25497,26044,26529,27091,	chr2	131927580	131956347	SMPD4BP-202|transcribed_processed_pseudogene	0	+	intergenic	28568
chr2	131927779	131956397	ENSG00000152117[2,11,2]	0	+	131927779	131927779	255	18	129,84,87,147,76,109,53,151,131,72,146,91,101,164,206,234,132,1527,	0,4198,5855,7192,7494,7950,8169,8346,13306,15531,22596,23308,23851,24721,25497,26044,26529,27091,	chr2	131927591	131956356	CHM13_T0127943|transcribed_processed_pseudogene	0	+	intergenic	28577
chr2	131927779	131956397	ENSG00000152117[2,10,2]	0	+	131927779	131927779	255	17	129,84,87,143,76,109,53,151,131,72,91,101,164,206,234,132,1527,	0,4198,5855,7192,7494,7950,8169,8346,13306,15531,23308,23851,24721,25497,26044,26529,27091,	chr2	131927580	131955195	SMPD4BP-201|transcribed_processed_pseudogene	0	+	intergenic	27416
chr2	131927779	131956397	ENSG00000152117[2,10,2]	0	+	131927779	131927779	255	17	129,84,87,143,76,109,53,151,131,72,91,101,164,206,234,132,1527,	0,4198,5855,7192,7494,7950,8169,8346,13306,15531,23308,23851,24721,25497,26044,26529,27091,	chr2	131927580	131956347	SMPD4BP-202|transcribed_processed_pseudogene	0	+	intergenic	28568
chr2	131927779	131956397	ENSG00000152117[2,10,2]	0	+	131927779	131927779	255	17	129,84,87,143,76,109,53,151,131,72,91,101,164,206,234,132,1527,	0,4198,5855,7192,7494,7950,8169,8346,13306,15531,23308,23851,24721,25497,26044,26529,27091,	chr2	131927591	131956356	CHM13_T0127943|transcribed_processed_pseudogene	0	+	intergenic	28577
chr2	131927779	131956397	ENSG00000152117[2,9,2]	0	+	131927779	131927779	255	17	129,84,87,143,76,109,53,151,131,72,146,91,101,164,781,132,1527,	0,4198,5855,7192,7494,7950,8169,8346,13306,15531,22596,23308,23851,24721,25497,26529,27091,	chr2	131927580	131955195	SMPD4BP-201|transcribed_processed_pseudogene	0	+	intergenic	27416
chr2	131927779	131956397	ENSG00000152117[2,9,2]	0	+	131927779	131927779	255	17	129,84,87,143,76,109,53,151,131,72,146,91,101,164,781,132,1527,	0,4198,5855,7192,7494,7950,8169,8346,13306,15531,22596,23308,23851,24721,25497,26529,27091,	chr2	131927580	131956347	SMPD4BP-202|transcribed_processed_pseudogene	0	+	intergenic	28568
chr2	131927779	131956397	ENSG00000152117[2,9,2]	0	+	131927779	131927779	255	17	129,84,87,143,76,109,53,151,131,72,146,91,101,164,781,132,1527,	0,4198,5855,7192,7494,7950,8169,8346,13306,15531,22596,23308,23851,24721,25497,26529,27091,	chr2	131927591	131956356	CHM13_T0127943|transcribed_processed_pseudogene	0	+	intergenic	28577
chr2	131927779	131956397	ENSG00000152117[2,8,2]	0	+	131927779	131927779	255	19	129,84,87,143,76,109,53,151,238,131,72,146,91,101,164,206,234,132,1527,	0,4198,5855,7192,7494,7950,8169,8346,9443,13306,15531,22596,23308,23851,24721,25497,26044,26529,27091,	chr2	131927580	131955195	SMPD4BP-201|transcribed_processed_pseudogene	0	+	intergenic	27416
chr2	131927779	131956397	ENSG00000152117[2,8,2]	0	+	131927779	131927779	255	19	129,84,87,143,76,109,53,151,238,131,72,146,91,101,164,206,234,132,1527,	0,4198,5855,7192,7494,7950,8169,8346,9443,13306,15531,22596,23308,23851,24721,25497,26044,26529,27091,	chr2	131927580	131956347	SMPD4BP-202|transcribed_processed_pseudogene	0	+	intergenic	28568
chr2	131927779	131956397	ENSG00000152117[2,8,2]	0	+	131927779	131927779	255	19	129,84,87,143,76,109,53,151,238,131,72,146,91,101,164,206,234,132,1527,	0,4198,5855,7192,7494,7950,8169,8346,9443,13306,15531,22596,23308,23851,24721,25497,26044,26529,27091,	chr2	131927591	131956356	CHM13_T0127943|transcribed_processed_pseudogene	0	+	intergenic	28577
chr2	131927779	131956397	ENSG00000152117[2,12,2]	0	+	131927779	131927779	255	17	129,84,87,147,76,109,53,151,131,72,146,91,101,164,781,132,1527,	0,4198,5855,7192,7494,7950,8169,8346,13306,15531,22596,23308,23851,24721,25497,26529,27091,	chr2	131927580	131955195	SMPD4BP-201|transcribed_processed_pseudogene	0	+	intergenic	27416
chr2	131927779	131956397	ENSG00000152117[2,12,2]	0	+	131927779	131927779	255	17	129,84,87,147,76,109,53,151,131,72,146,91,101,164,781,132,1527,	0,4198,5855,7192,7494,7950,8169,8346,13306,15531,22596,23308,23851,24721,25497,26529,27091,	chr2	131927580	131956347	SMPD4BP-202|transcribed_processed_pseudogene	0	+	intergenic	28568
chr2	131927779	131956397	ENSG00000152117[2,12,2]	0	+	131927779	131927779	255	17	129,84,87,147,76,109,53,151,131,72,146,91,101,164,781,132,1527,	0,4198,5855,7192,7494,7950,8169,8346,13306,15531,22596,23308,23851,24721,25497,26529,27091,	chr2	131927591	131956356	CHM13_T0127943|transcribed_processed_pseudogene	0	+	intergenic	28577
chr2	131927779	131956397	ENSG00000152117[2,2,2]	0	+	131927779	131927779	0	18	129,84,87,143,76,109,53,151,131,72,146,91,101,164,206,234,132,1527,	0,4198,5855,7192,7494,7950,8169,8346,13306,15531,22596,23308,23851,24721,25497,26044,26529,27091,	chr2	131927580	131955195	SMPD4BP-201|transcribed_processed_pseudogene	0	+	intergenic	27416
chr2	131927779	131956397	ENSG00000152117[2,2,2]	0	+	131927779	131927779	0	18	129,84,87,143,76,109,53,151,131,72,146,91,101,164,206,234,132,1527,	0,4198,5855,7192,7494,7950,8169,8346,13306,15531,22596,23308,23851,24721,25497,26044,26529,27091,	chr2	131927580	131956347	SMPD4BP-202|transcribed_processed_pseudogene	0	+	intergenic	28568
chr2	131927779	131956397	ENSG00000152117[2,2,2]	0	+	131927779	131927779	0	18	129,84,87,143,76,109,53,151,131,72,146,91,101,164,206,234,132,1527,	0,4198,5855,7192,7494,7950,8169,8346,13306,15531,22596,23308,23851,24721,25497,26044,26529,27091,	chr2	131927591	131956356	CHM13_T0127943|transcribed_processed_pseudogene	0	+	intergenic	28577
chr2	131927779	131956397	ENSG00000152117[2,1,2]	0	+	131927779	131927779	0	19	129,84,87,143,76,109,53,151,131,72,146,91,101,164,206,234,132,129,1527,	0,4198,5855,7192,7494,7950,8169,8346,13306,15531,22596,23308,23851,24721,25497,26044,26529,26808,27091,	chr2	131927580	131955195	SMPD4BP-201|transcribed_processed_pseudogene	0	+	intergenic	27416
chr2	131927779	131956397	ENSG00000152117[2,1,2]	0	+	131927779	131927779	0	19	129,84,87,143,76,109,53,151,131,72,146,91,101,164,206,234,132,129,1527,	0,4198,5855,7192,7494,7950,8169,8346,13306,15531,22596,23308,23851,24721,25497,26044,26529,26808,27091,	chr2	131927580	131956347	SMPD4BP-202|transcribed_processed_pseudogene	0	+	intergenic	28568
chr2	131927779	131956397	ENSG00000152117[2,1,2]	0	+	131927779	131927779	0	19	129,84,87,143,76,109,53,151,131,72,146,91,101,164,206,234,132,129,1527,	0,4198,5855,7192,7494,7950,8169,8346,13306,15531,22596,23308,23851,24721,25497,26044,26529,26808,27091,	chr2	131927591	131956356	CHM13_T0127943|transcribed_processed_pseudogene	0	+	intergenic	28577
chr2	131953277	131956397	ENSG00000152117[4,15,2]	0	+	131953277	131953277	255	3	780,132,1527,	0,1031,1593,	chr2	131927580	131956347	SMPD4BP-202|transcribed_processed_pseudogene	0	+	intergenic	3070
chr2	131953277	131956397	ENSG00000152117[4,15,2]	0	+	131953277	131953277	255	3	780,132,1527,	0,1031,1593,	chr2	131927591	131956356	CHM13_T0127943|transcribed_processed_pseudogene	0	+	intergenic	3079
chr2	131953277	131956397	ENSG00000152117[4,14,2]	0	+	131953277	131953277	255	4	205,234,132,1527,	0,546,1031,1593,	chr2	131927580	131956347	SMPD4BP-202|transcribed_processed_pseudogene	0	+	intergenic	3070
chr2	131953277	131956397	ENSG00000152117[4,14,2]	0	+	131953277	131953277	255	4	205,234,132,1527,	0,546,1031,1593,	chr2	131927591	131956356	CHM13_T0127943|transcribed_processed_pseudogene	0	+	intergenic	3079
chr2	173824390	173842477	ENSG00000236391[2,2,1]	0	-	173824390	173824390	0	2	465,92,	0,17995,	chr2	173824561	173842427	AC092573.1-202|transcribed_processed_pseudogene	0	-	intergenic	17866
chr2	174192198	174192499	ENSG00000237617[1,1,1]	0	-	174192198	174192198	0	1	301,	0,	chr2	174192248	174192449	AC013410.2-201|processed_pseudogene	0	-	intergenic	201
chr2	175236257	175253227	ENSG00000138435[1,8,1]	0	-	175236842	175242984	0	8	714,240,224,238,196,45,146,171,	0,1038,2404,5960,6676,11784,11941,16799,	chr2	175238560	175242422	retro_human_2964	0	-	intergenic	3862
chr2	175236257	175253227	ENSG00000138435[1,2,1]	0	-	175236842	175253099	0	8	714,240,224,238,60,45,146,171,	0,1038,2404,5960,6676,11784,11941,16799,	chr2	175238560	175242422	retro_human_2964	0	-	intergenic	3862
chr2	175236257	175253227	ENSG00000138435[1,4,1]	0	-	175236842	175253099	0	8	714,224,238,196,110,45,146,171,	0,2404,5960,6676,10020,11784,11941,16799,	chr2	175238560	175242422	retro_human_2964	0	-	intergenic	3862
chr2	175236257	175253227	ENSG00000138435[1,1,1]	0	-	175236842	175253099	0	9	714,240,224,238,196,110,45,146,171,	0,1038,2404,5960,6676,10020,11784,11941,16799,	chr2	175238560	175242422	retro_human_2964	0	-	intergenic	3862
chr2	175236257	175253227	ENSG00000138435[1,5,1]	0	-	175236842	175253099	0	10	714,240,224,238,196,110,75,45,146,171,	0,1038,2404,5960,6676,10020,10400,11784,11941,16799,	chr2	175238560	175242422	retro_human_2964	0	-	intergenic	3862
chr2	231592685	231609598	ENSG00000135914[1,3,1]	0	-	231593025	231598430	255	3	1230,201,121,	0,5549,16792,	chr2	231593278	231598433	retro_human_3178	0	-	intergenic	5155
chr2	231592685	231609598	ENSG00000135914[1,4,1]	0	-	231593025	231609507	255	4	1230,201,247,121,	0,5549,15233,16792,	chr2	231593278	231598433	retro_human_3178	0	-	intergenic	5155
chr2	231592685	231609598	ENSG00000135914[1,5,1]	0	-	231593025	231608144	255	4	1230,201,335,121,	0,5549,15233,16792,	chr2	231593278	231598433	retro_human_3178	0	-	intergenic	5155
chr2	231592685	231608098	ENSG00000135914[2,2,1]	0	-	231593025	231608084	255	3	1230,201,180,	0,5549,15233,	chr2	231593278	231598433	retro_human_3178	0	-	intergenic	5155
chr2	231592685	231609598	ENSG00000135914[1,1,1]	0	-	231593025	231608270	0	4	1230,201,718,121,	0,5549,15233,16792,	chr2	231593278	231598433	retro_human_3178	0	-	intergenic	5155
chr2	231978096	231979788	ENSG00000283312[1,1,1]	0	-	231978096	231978096	0	1	1692,	0,	chr2	231978146	231979738	AC017104.3-201|processed_pseudogene	0	-	intergenic	1592
chr2	232294366	232296973	ENSG00000261096[1,1,1]	0	+	232294366	232294366	0	1	2607,	0,	chr2	232294918	232295415	retro_human_9879|AC073476.1-201|processed_pseudogene	0	-	intergenic	497
chr2	237850013	237905407	ENSG00000163359[1,27,15]	0	-	237862910	237863105	255	17	105,45,27,72,54,93,146,79,338,600,615,606,609,573,585,121,426,	0,222,378,1104,2137,2755,4268,5365,6713,7702,9578,12747,15427,17787,21930,37738,54968,	chr2	237872014	237879199	retro_human_579	0	-	intergenic	7185
chr2	237862595	237905407	ENSG00000163359[1,4,3]	0	-	237862716	237887842	0	8	771,609,573,600,585,603,121,426,	0,2845,5205,7069,9348,16015,25156,42386,	chr2	237865574	237870247	retro_human_580	0	-	intergenic	4673
chr2	237862595	237905407	ENSG00000163359[1,4,3]	0	-	237862716	237887842	0	8	771,609,573,600,585,603,121,426,	0,2845,5205,7069,9348,16015,25156,42386,	chr2	237872014	237879199	retro_human_579	0	-	intergenic	7185
chr2	237862595	237905407	ENSG00000163359[1,3,3]	0	-	237862716	237887842	0	7	771,609,573,600,585,121,426,	0,2845,5205,7069,9348,25156,42386,	chr2	237865574	237870247	retro_human_580	0	-	intergenic	4673
chr2	237862595	237905407	ENSG00000163359[1,3,3]	0	-	237862716	237887842	0	7	771,609,573,600,585,121,426,	0,2845,5205,7069,9348,25156,42386,	chr2	237872014	237879199	retro_human_579	0	-	intergenic	7185
chr3	14004305	14067981	ENSG00000180438[4,10,5]	0	+	14004305	14004305	0	3	15294,130,2029,	0,61001,61647,	chr3	14050136	14066166	TPRXL-205|transcribed_processed_pseudogene	0	+	intergenic	16030
chr3	14004305	14067981	ENSG00000180438[4,10,5]	0	+	14004305	14004305	0	3	15294,130,2029,	0,61001,61647,	chr3	13937873	14066165	TPRXL-211|transcribed_processed_pseudogene	0	+	intergenic	61860
chr3	14004305	14067981	ENSG00000180438[4,10,5]	0	+	14004305	14004305	0	3	15294,130,2029,	0,61001,61647,	chr3	13937979	14066140	TPRXL-209|transcribed_processed_pseudogene	0	+	intergenic	61835
chr3	14004305	14067981	ENSG00000180438[4,10,5]	0	+	14004305	14004305	0	3	15294,130,2029,	0,61001,61647,	chr3	13937979	14084758	TPRXL-210|transcribed_processed_pseudogene	0	+	intergenic	63676
chr3	14004305	14067981	ENSG00000180438[4,10,5]	0	+	14004305	14004305	0	3	15294,130,2029,	0,61001,61647,	chr3	13937996	14066256	TPRXL-204|transcribed_processed_pseudogene	0	+	intergenic	61951
chr3	14004305	14067981	ENSG00000180438[4,10,5]	0	+	14004305	14004305	0	3	15294,130,2029,	0,61001,61647,	chr3	13938001	14067931	TPRXL-201|transcribed_processed_pseudogene	0	+	intergenic	63626
chr3	14004305	14067981	ENSG00000180438[4,10,5]	0	+	14004305	14004305	0	3	15294,130,2029,	0,61001,61647,	chr3	13943954	14066088	TPRXL-208|transcribed_processed_pseudogene	0	+	intergenic	61783
chr3	14004305	14067981	ENSG00000180438[4,10,5]	0	+	14004305	14004305	0	3	15294,130,2029,	0,61001,61647,	chr3	14004355	14066233	TPRXL-207|transcribed_processed_pseudogene	0	+	intergenic	61878
chr3	14004305	14067981	ENSG00000180438[4,10,5]	0	+	14004305	14004305	0	3	15294,130,2029,	0,61001,61647,	chr3	14019200	14066329	TPRXL-206|transcribed_processed_pseudogene	0	+	intergenic	47129
chr3	14004305	14067981	ENSG00000180438[4,10,5]	0	+	14004305	14004305	0	3	15294,130,2029,	0,61001,61647,	chr3	14019334	14067931	TPRXL-202|transcribed_processed_pseudogene	0	+	intergenic	48597
chr3	14004305	14067981	ENSG00000180438[4,10,5]	0	+	14004305	14004305	0	3	15294,130,2029,	0,61001,61647,	chr3	14019380	14066219	TPRXL-214|transcribed_processed_pseudogene	0	+	intergenic	46839
chr3	14004305	14067981	ENSG00000180438[4,10,5]	0	+	14004305	14004305	0	3	15294,130,2029,	0,61001,61647,	chr3	14019486	14067930	TPRXL-203|transcribed_processed_pseudogene	0	+	intergenic	48444
chr3	14004305	14067981	ENSG00000180438[4,10,5]	0	+	14004305	14004305	0	3	15294,130,2029,	0,61001,61647,	chr3	14021633	14066556	TPRXL-212|transcribed_processed_pseudogene	0	+	intergenic	44923
chr3	14019150	14067981	ENSG00000180438[5,10,5]	0	+	14019150	14019150	0	3	449,130,2029,	0,46156,46802,	chr3	14050136	14066166	TPRXL-205|transcribed_processed_pseudogene	0	+	intergenic	16030
chr3	14019150	14067981	ENSG00000180438[5,10,5]	0	+	14019150	14019150	0	3	449,130,2029,	0,46156,46802,	chr3	13937873	14066165	TPRXL-211|transcribed_processed_pseudogene	0	+	intergenic	47015
chr3	14019150	14067981	ENSG00000180438[5,10,5]	0	+	14019150	14019150	0	3	449,130,2029,	0,46156,46802,	chr3	13937979	14066140	TPRXL-209|transcribed_processed_pseudogene	0	+	intergenic	46990
chr3	14019150	14067981	ENSG00000180438[5,10,5]	0	+	14019150	14019150	0	3	449,130,2029,	0,46156,46802,	chr3	13937979	14084758	TPRXL-210|transcribed_processed_pseudogene	0	+	intergenic	48831
chr3	14019150	14067981	ENSG00000180438[5,10,5]	0	+	14019150	14019150	0	3	449,130,2029,	0,46156,46802,	chr3	13937996	14066256	TPRXL-204|transcribed_processed_pseudogene	0	+	intergenic	47106
chr3	14019150	14067981	ENSG00000180438[5,10,5]	0	+	14019150	14019150	0	3	449,130,2029,	0,46156,46802,	chr3	13938001	14067931	TPRXL-201|transcribed_processed_pseudogene	0	+	intergenic	48781
chr3	14019150	14067981	ENSG00000180438[5,10,5]	0	+	14019150	14019150	0	3	449,130,2029,	0,46156,46802,	chr3	13943954	14066088	TPRXL-208|transcribed_processed_pseudogene	0	+	intergenic	46938
chr3	14019150	14067981	ENSG00000180438[5,10,5]	0	+	14019150	14019150	0	3	449,130,2029,	0,46156,46802,	chr3	14004355	14066233	TPRXL-207|transcribed_processed_pseudogene	0	+	intergenic	47083
chr3	14019150	14067981	ENSG00000180438[5,10,5]	0	+	14019150	14019150	0	3	449,130,2029,	0,46156,46802,	chr3	14019200	14066329	TPRXL-206|transcribed_processed_pseudogene	0	+	intergenic	47129
chr3	14019150	14067981	ENSG00000180438[5,10,5]	0	+	14019150	14019150	0	3	449,130,2029,	0,46156,46802,	chr3	14019334	14067931	TPRXL-202|transcribed_processed_pseudogene	0	+	intergenic	48597
chr3	14019150	14067981	ENSG00000180438[5,10,5]	0	+	14019150	14019150	0	3	449,130,2029,	0,46156,46802,	chr3	14019380	14066219	TPRXL-214|transcribed_processed_pseudogene	0	+	intergenic	46839
chr3	14019150	14067981	ENSG00000180438[5,10,5]	0	+	14019150	14019150	0	3	449,130,2029,	0,46156,46802,	chr3	14019486	14067930	TPRXL-203|transcribed_processed_pseudogene	0	+	intergenic	48444
chr3	14019150	14067981	ENSG00000180438[5,10,5]	0	+	14019150	14019150	0	3	449,130,2029,	0,46156,46802,	chr3	14021633	14066556	TPRXL-212|transcribed_processed_pseudogene	0	+	intergenic	44923
chr3	46824687	46828634	ENSG00000226074[1,2,2]	0	-	46824687	46824687	0	2	1000,1431,	0,2516,	chr3	46825535	46827972	retro_human_5433	0	-	intergenic	2437
chr3	46824687	46828163	ENSG00000226074[3,2,2]	0	-	46824687	46824687	0	2	1000,960,	0,2516,	chr3	46825535	46827972	retro_human_5433	0	-	intergenic	2437
chr3	46825406	46827489	ENSG00000226074[2,2,1]	0	-	46825406	46825406	0	2	281,286,	0,1797,	chr3	46825535	46827972	retro_human_5433	0	-	intergenic	1954
chr3	49388461	49441526	ENSG00000067560[1,19,1]	0	-	49389584	49404972	255	6	1294,131,121,42,158,328,	0,3407,9350,9544,16355,52737,	chr3	49397815	49404954	retro_human_74	0	-	intergenic	7139
chr3	49388461	49441526	ENSG00000067560[1,17,1]	0	-	49389741	49404972	255	4	1294,121,158,328,	0,9350,16355,52737,	chr3	49397815	49404954	retro_human_74	0	-	intergenic	7139
chr3	49388461	49441526	ENSG00000067560[1,15,1]	0	-	49389584	49397845	255	5	1294,131,117,158,328,	0,3407,9350,16355,52737,	chr3	49397815	49404954	retro_human_74	0	-	intergenic	7139
chr3	49388461	49441526	ENSG00000067560[1,18,1]	0	-	49389584	49404972	255	5	1291,131,121,158,328,	0,3407,9350,16355,52737,	chr3	49397815	49404954	retro_human_74	0	-	intergenic	7139
chr3	49388461	49441526	ENSG00000067560[1,14,1]	0	-	49389584	49397845	255	5	1294,131,121,162,328,	0,3407,9350,16351,52737,	chr3	49397815	49404954	retro_human_74	0	-	intergenic	7139
chr3	49388461	49441526	ENSG00000067560[1,3,1]	0	-	49389584	49404972	255	5	1294,131,121,158,825,	0,3407,9350,16355,52240,	chr3	49397815	49404954	retro_human_74	0	-	intergenic	7139
chr3	49388461	49441526	ENSG00000067560[1,16,1]	0	-	49391926	49404972	255	5	1294,131,125,158,328,	0,3407,9346,16355,52737,	chr3	49397815	49404954	retro_human_74	0	-	intergenic	7139
chr3	49388461	49441526	ENSG00000067560[1,13,1]	0	-	49389584	49404972	255	5	1294,131,117,162,328,	0,3407,9350,16351,52737,	chr3	49397815	49404954	retro_human_74	0	-	intergenic	7139
chr3	49388461	49441526	ENSG00000067560[1,5,1]	0	-	49389584	49404972	255	3	1294,158,328,	0,16355,52737,	chr3	49397815	49404954	retro_human_74	0	-	intergenic	7139
chr3	49388461	49441526	ENSG00000067560[1,6,1]	0	-	49391885	49404972	0	4	1294,131,158,328,	0,3407,16355,52737,	chr3	49397815	49404954	retro_human_74	0	-	intergenic	7139
chr3	49388461	49441526	ENSG00000067560[1,8,1]	0	-	49389741	49404972	0	6	1294,139,131,121,158,328,	0,1839,3407,9350,16355,52737,	chr3	49397815	49404954	retro_human_74	0	-	intergenic	7139
chr3	49388461	49441526	ENSG00000067560[1,1,1]	0	-	49389584	49404972	0	5	1294,131,121,158,328,	0,3407,9350,16355,52737,	chr3	49397815	49404954	retro_human_74	0	-	intergenic	7139
chr3	49388819	49441526	ENSG00000067560[1,19,7]	0	-	49389584	49404972	255	6	936,131,121,42,158,328,	0,3049,8992,9186,15997,52379,	chr3	49397815	49404954	retro_human_74	0	-	intergenic	7139
chr3	49388819	49441526	ENSG00000067560[1,17,7]	0	-	49389741	49404972	255	4	936,121,158,328,	0,8992,15997,52379,	chr3	49397815	49404954	retro_human_74	0	-	intergenic	7139
chr3	49388819	49441526	ENSG00000067560[1,15,7]	0	-	49389584	49397845	255	5	936,131,117,158,328,	0,3049,8992,15997,52379,	chr3	49397815	49404954	retro_human_74	0	-	intergenic	7139
chr3	49388819	49441526	ENSG00000067560[1,18,7]	0	-	49389584	49404972	255	5	933,131,121,158,328,	0,3049,8992,15997,52379,	chr3	49397815	49404954	retro_human_74	0	-	intergenic	7139
chr3	49388819	49441526	ENSG00000067560[1,14,7]	0	-	49389584	49397845	255	5	936,131,121,162,328,	0,3049,8992,15993,52379,	chr3	49397815	49404954	retro_human_74	0	-	intergenic	7139
chr3	49388819	49441526	ENSG00000067560[1,16,7]	0	-	49391926	49404972	255	5	936,131,125,158,328,	0,3049,8988,15997,52379,	chr3	49397815	49404954	retro_human_74	0	-	intergenic	7139
chr3	49388819	49441526	ENSG00000067560[1,13,7]	0	-	49389584	49404972	255	5	936,131,117,162,328,	0,3049,8992,15993,52379,	chr3	49397815	49404954	retro_human_74	0	-	intergenic	7139
chr3	49388819	49441526	ENSG00000067560[1,5,7]	0	-	49389584	49404972	255	3	936,158,328,	0,15997,52379,	chr3	49397815	49404954	retro_human_74	0	-	intergenic	7139
chr3	49388819	49441526	ENSG00000067560[1,6,7]	0	-	49391885	49404972	0	4	936,131,158,328,	0,3049,15997,52379,	chr3	49397815	49404954	retro_human_74	0	-	intergenic	7139
chr3	49388819	49441526	ENSG00000067560[1,8,7]	0	-	49389741	49404972	0	6	936,139,131,121,158,328,	0,1481,3049,8992,15997,52379,	chr3	49397815	49404954	retro_human_74	0	-	intergenic	7139
chr3	49388819	49441526	ENSG00000067560[1,1,7]	0	-	49389584	49404972	0	5	936,131,121,158,328,	0,3049,8992,15997,52379,	chr3	49397815	49404954	retro_human_74	0	-	intergenic	7139
chr3	49389214	49441526	ENSG00000067560[1,6,5]	0	-	49391885	49404972	0	4	541,131,158,328,	0,2654,15602,51984,	chr3	49397815	49404954	retro_human_74	0	-	intergenic	7139
chr3	49389444	49441526	ENSG00000067560[1,8,6]	0	-	49389741	49404972	0	6	311,139,131,121,158,328,	0,856,2424,8367,15372,51754,	chr3	49397815	49404954	retro_human_74	0	-	intergenic	7139
chr3	49713180	49714733	ENSG00000173531[3,4,1]	0	-	49713314	49714164	0	5	293,140,107,147,438,	0,417,653,841,1115,	chr3	49713324	49713626	retro_human_75	0	-	intergenic	302
chr3	49713180	49714424	ENSG00000173531[2,3,1]	0	-	49713314	49714071	0	5	293,140,107,98,129,	0,417,653,841,1115,	chr3	49713324	49713626	retro_human_75	0	-	intergenic	302
chr3	66423316	66428771	ENSG00000144749[9,11,1]	0	-	66424835	66428690	255	6	1743,285,153,126,420,211,	0,1830,2732,3526,4235,5244,	chr3	66427691	66428819	retro_human_6400	0	-	intergenic	1080
chr3	66423316	66430866	ENSG00000144749[11,12,1]	0	-	66424835	66430827	255	7	1743,285,153,126,420,282,316,	0,1830,2732,3526,4235,5244,7234,	chr3	66427691	66428819	retro_human_6400	0	-	intergenic	1128
chr3	66423316	66430674	ENSG00000144749[10,12,1]	0	-	66424835	66430674	255	7	1743,285,153,126,420,282,124,	0,1830,2732,3526,4235,5244,7234,	chr3	66427691	66428819	retro_human_6400	0	-	intergenic	1128
chr3	66423316	66428771	ENSG00000144749[9,10,1]	0	-	66424835	66427750	255	5	1743,285,153,126,1220,	0,1830,2732,3526,4235,	chr3	66427691	66428819	retro_human_6400	0	-	intergenic	1080
chr3	75437433	75437666	ENSG00000242953[1,1,1]	0	-	75437433	75437433	0	1	233,	0,	chr3	75437483	75437616	AC139453.1-201|processed_pseudogene	0	-	intergenic	133
chr3	75593393	75633251	ENSG00000272710[1,2,1]	0	-	75593393	75593393	0	2	229,72,	0,39786,	chr3	75627857	75634052	retro_human_635	0	-	intergenic	5394
chr3	75677419	75694360	ENSG00000243422[3,4,1]	0	-	75677419	75677419	255	2	929,91,	0,16850,	chr3	75677469	75723347	RPL23AP49-202|transcribed_processed_pseudogene	0	-	intergenic	16891
chr3	75677419	75723397	ENSG00000243422[2,2,1]	0	-	75677419	75677419	0	3	929,122,187,	0,5854,45791,	chr3	75677469	75723347	RPL23AP49-202|transcribed_processed_pseudogene	0	-	intergenic	45878
chr3	81666183	81666569	ENSG00000240404[1,1,1]	0	+	81666183	81666183	0	1	386,	0,	chr3	81666233	81666519	AC017015.1-201|processed_pseudogene	0	+	intergenic	286
chr3	101490410	101491510	ENSG00000249274[1,1,1]	0	+	101491067	101491314	0	1	1100,	0,	chr3	101490460	101491460	retro_human_11008|PDLIM1P4-201|processed_pseudogene	0	+	intergenic	1000
chr3	128491768	128505893	ENSG00000284660[2,2,2]	0	+	128491768	128491768	255	2	7776,503,	0,13622,	chr3	128492554	128504856	retro_human_2750	0	+	intergenic	12302
chr3	128499276	128505893	ENSG00000284660[1,2,2]	0	+	128499276	128499276	255	2	268,503,	0,6114,	chr3	128492554	128504856	retro_human_2750	0	+	intergenic	5580
chr3	128499432	128505893	ENSG00000284660[3,2,2]	0	+	128499432	128499432	255	2	112,503,	0,5958,	chr3	128492554	128504856	retro_human_2750	0	+	intergenic	5424
chr3	131832409	131867103	ENSG00000172780[1,3,1]	0	-	131835990	131866392	0	4	3829,184,207,302,	0,7469,33779,34392,	chr3	131836087	131840062	retro_human_8295	0	-	intergenic	3975
chr3	131832409	131867103	ENSG00000172780[1,4,1]	0	-	131835990	131866392	0	4	3829,184,207,220,	0,7469,33779,34474,	chr3	131836087	131840062	retro_human_8295	0	-	intergenic	3975
chr3	131832409	131867103	ENSG00000172780[1,5,1]	0	-	131835990	131866392	0	4	3829,184,207,96,	0,7469,33779,34598,	chr3	131836087	131840062	retro_human_8295	0	-	intergenic	3975
chr3	131832409	131867103	ENSG00000172780[1,2,1]	0	-	131835990	131866392	0	4	3829,184,207,457,	0,7469,33779,34237,	chr3	131836087	131840062	retro_human_8295	0	-	intergenic	3975
chr3	131832409	131866569	ENSG00000172780[3,1,1]	0	-	131835990	131866392	0	3	3829,184,381,	0,7469,33779,	chr3	131836087	131840062	retro_human_8295	0	-	intergenic	3975
chr3	131832409	131867103	ENSG00000172780[1,1,1]	0	-	131835990	131866392	0	3	3829,184,915,	0,7469,33779,	chr3	131836087	131840062	retro_human_8295	0	-	intergenic	3975
chr3	131835335	131867103	ENSG00000172780[1,2,2]	0	-	131835990	131866392	0	4	903,184,207,457,	0,4543,30853,31311,	chr3	131836087	131840062	retro_human_8295	0	-	intergenic	3975
chr3	131835335	131867103	ENSG00000172780[1,1,2]	0	-	131835990	131866392	0	3	903,184,915,	0,4543,30853,	chr3	131836087	131840062	retro_human_8295	0	-	intergenic	3975
chr3	131835335	131866569	ENSG00000172780[3,1,2]	0	-	131835990	131866392	0	3	903,184,381,	0,4543,30853,	chr3	131836087	131840062	retro_human_8295	0	-	intergenic	3975
chr3	132090151	132091004	ENSG00000270773[1,1,1]	0	+	132090151	132090151	0	1	853,	0,	chr3	132090201	132090954	AC137695.2-201|processed_pseudogene	0	+	intergenic	753
chr3	149146485	149166933	ENSG00000241358[2,3,1]	0	-	149166657	149166756	255	2	250,366,	0,20082,	chr3	149146535	149171778	retro_human_3202|AC069528.1-201|transcribed_processed_pseudogene	0	-	intergenic	20398
chr3	149146485	149166933	ENSG00000241358[2,3,1]	0	-	149166657	149166756	255	2	250,366,	0,20082,	chr3	149150913	149171752	AC069528.1-202|transcribed_processed_pseudogene	0	-	intergenic	16020
chr3	149146485	149166933	ENSG00000241358[2,5,1]	0	-	149146708	149156605	255	4	250,162,200,366,	0,4448,10048,20082,	chr3	149146535	149171778	retro_human_3202|AC069528.1-201|transcribed_processed_pseudogene	0	-	intergenic	20398
chr3	149146485	149166933	ENSG00000241358[2,5,1]	0	-	149146708	149156605	255	4	250,162,200,366,	0,4448,10048,20082,	chr3	149150913	149171752	AC069528.1-202|transcribed_processed_pseudogene	0	-	intergenic	16020
chr3	149146485	149166933	ENSG00000241358[2,4,1]	0	-	149146708	149151074	255	3	250,162,366,	0,4448,20082,	chr3	149146535	149171778	retro_human_3202|AC069528.1-201|transcribed_processed_pseudogene	0	-	intergenic	20398
chr3	149146485	149166933	ENSG00000241358[2,4,1]	0	-	149146708	149151074	255	3	250,162,366,	0,4448,20082,	chr3	149150913	149171752	AC069528.1-202|transcribed_processed_pseudogene	0	-	intergenic	16020
chr3	150141247	150147732	ENSG00000174963[6,8,1]	0	-	150146184	150146334	0	3	2864,316,457,	0,4935,6028,	chr3	150146308	150151507	retro_human_3201	0	-	intergenic	1424
chr3	150141247	150147732	ENSG00000174963[6,7,1]	0	-	150146184	150146334	0	3	2864,316,511,	0,4935,5974,	chr3	150146308	150151507	retro_human_3201	0	-	intergenic	1424
chr3	150141247	150147732	ENSG00000174963[6,9,1]	0	-	150146184	150146334	0	3	2864,316,358,	0,4935,6127,	chr3	150146308	150151507	retro_human_3201	0	-	intergenic	1424
chr3	150141247	150162112	ENSG00000174963[4,1,1]	0	-	150146184	150158050	0	5	2864,316,618,85,497,	0,4935,9857,16733,20368,	chr3	150146308	150151507	retro_human_3201	0	-	intergenic	5199
chr3	150142747	150148235	ENSG00000174963[7,6,3]	0	-	150146184	150146763	0	2	1364,2053,	0,3435,	chr3	150146308	150151507	retro_human_3201	0	-	intergenic	1927
chr3	150142747	150152489	ENSG00000174963[9,11,3]	0	-	150146184	150151582	0	3	1364,316,1385,	0,3435,8357,	chr3	150146308	150151507	retro_human_3201	0	-	intergenic	5199
chr3	150142747	150147732	ENSG00000174963[6,8,3]	0	-	150146184	150146334	0	3	1364,316,457,	0,3435,4528,	chr3	150146308	150151507	retro_human_3201	0	-	intergenic	1424
chr3	150142747	150147732	ENSG00000174963[6,9,3]	0	-	150146184	150146334	0	3	1364,316,358,	0,3435,4627,	chr3	150146308	150151507	retro_human_3201	0	-	intergenic	1424
chr3	150143627	150147732	ENSG00000174963[6,8,2]	0	-	150146184	150146334	0	3	484,316,457,	0,2555,3648,	chr3	150146308	150151507	retro_human_3201	0	-	intergenic	1424
chr3	150143627	150149189	ENSG00000174963[8,10,2]	0	-	150146184	150146334	0	3	484,316,226,	0,2555,5336,	chr3	150146308	150151507	retro_human_3201	0	-	intergenic	2881
chr3	150143627	150147732	ENSG00000174963[6,9,2]	0	-	150146184	150146334	0	3	484,316,358,	0,2555,3747,	chr3	150146308	150151507	retro_human_3201	0	-	intergenic	1424
chr3	163342416	163343913	ENSG00000229320[2,1,2]	0	+	163342416	163342416	0	1	1497,	0,	chr3	163340061	163342814	retro_human_6642|KRT8P12-201|transcribed_processed_pseudogene	0	+	intergenic	398
chr3	169645067	169645334	ENSG00000239227[1,1,1]	0	+	169645067	169645067	0	1	267,	0,	chr3	169645117	169645284	AC069439.1-201|processed_pseudogene	0	+	intergenic	167
chr3	172550822	172553712	ENSG00000184378[1,1,1]	0	-	172551386	172553621	0	2	1480,291,	0,2599,	chr3	172551387	172553600	retro_human_6755	0	-	intergenic	2213
chr3	172550822	172554046	ENSG00000184378[2,1,1]	0	-	172551386	172553621	0	2	1480,625,	0,2599,	chr3	172551387	172553600	retro_human_6755	0	-	intergenic	2213
chr3	172551139	172554046	ENSG00000184378[2,1,2]	0	-	172551386	172553621	0	2	1163,625,	0,2282,	chr3	172551387	172553600	retro_human_6755	0	-	intergenic	2213
chr3	172551139	172553712	ENSG00000184378[1,1,2]	0	-	172551386	172553621	0	2	1163,291,	0,2282,	chr3	172551387	172553600	retro_human_6755	0	-	intergenic	2213
chr3	186694598	186697769	ENSG00000234371[1,2,1]	0	+	186694598	186694598	0	2	334,482,	0,2689,	chr3	186694648	186697719	RPSAP31-202|transcribed_processed_pseudogene	0	+	intergenic	3071
chr3	196274319	196288739	ENSG00000236297[2,2,2]	0	-	196274319	196274319	0	3	515,200,120,	0,2760,14300,	chr3	196274369	196288689	AC048351.1-202|transcribed_processed_pseudogene	0	-	intergenic	14320
chr3	199712896	199713879	ENSG00000233487[1,1,1]	0	-	199712949	199713411	0	1	983,	0,	chr3	199710167	199713213	RPSAP69-201|transcribed_processed_pseudogene	0	-	intergenic	317
chr3	200839714	200841268	ENSG00000232783[1,2,2]	0	+	200839714	200839714	0	3	322,89,247,	0,582,1307,	chr3	200839859	200841484	retro_human_4564	0	+	intergenic	1409
chr3	200839714	200841268	ENSG00000232783[1,4,2]	0	+	200839714	200839714	0	2	322,247,	0,1307,	chr3	200839859	200841484	retro_human_4564	0	+	intergenic	1409
chr4	329597	330226	ENSG00000251535[1,1,1]	0	-	329597	329597	0	1	629,	0,	chr4	329647	330176	AC079140.4-201|processed_pseudogene	0	-	intergenic	529
chr4	331437	332024	ENSG00000248564[1,1,1]	0	-	331437	331437	0	1	587,	0,	chr4	331487	331974	AC079140.1-201|processed_pseudogene	0	-	intergenic	487
chr4	415850	467562	ENSG00000251595[2,6,4]	0	-	430853	467366	255	5	4518,110,66,127,199,	0,13314,14990,50107,51513,	chr4	418829	467512	ABCA11P-201|transcribed_processed_pseudogene	0	-	intergenic	48683
chr4	415850	467562	ENSG00000251595[2,6,4]	0	-	430853	467366	255	5	4518,110,66,127,199,	0,13314,14990,50107,51513,	chr4	419209	467434	ABCA11P-203|transcribed_processed_pseudogene	0	-	intergenic	48225
chr4	415850	467562	ENSG00000251595[2,6,4]	0	-	430853	467366	255	5	4518,110,66,127,199,	0,13314,14990,50107,51513,	chr4	419209	467434	ABCA11P-204|transcribed_processed_pseudogene	0	-	intergenic	48225
chr4	418777	467600	ENSG00000182903[2,5,8]	0	-	430853	467366	0	5	1737,110,66,127,237,	0,10387,12063,47180,48586,	chr4	418829	467512	ABCA11P-201|transcribed_processed_pseudogene	0	-	intergenic	48683
chr4	418777	467600	ENSG00000182903[2,5,8]	0	-	430853	467366	0	5	1737,110,66,127,237,	0,10387,12063,47180,48586,	chr4	419209	467434	ABCA11P-203|transcribed_processed_pseudogene	0	-	intergenic	48225
chr4	418777	467600	ENSG00000182903[2,5,8]	0	-	430853	467366	0	5	1737,110,66,127,237,	0,10387,12063,47180,48586,	chr4	419209	467434	ABCA11P-204|transcribed_processed_pseudogene	0	-	intergenic	48225
chr4	418779	467562	ENSG00000251595[2,6,1]	0	-	430853	467366	255	5	1589,110,66,127,199,	0,10385,12061,47178,48584,	chr4	418829	467512	ABCA11P-201|transcribed_processed_pseudogene	0	-	intergenic	48683
chr4	418779	467562	ENSG00000251595[2,6,1]	0	-	430853	467366	255	5	1589,110,66,127,199,	0,10385,12061,47178,48584,	chr4	419209	467434	ABCA11P-203|transcribed_processed_pseudogene	0	-	intergenic	48225
chr4	418779	467562	ENSG00000251595[2,6,1]	0	-	430853	467366	255	5	1589,110,66,127,199,	0,10385,12061,47178,48584,	chr4	419209	467434	ABCA11P-204|transcribed_processed_pseudogene	0	-	intergenic	48225
chr4	418779	467562	ENSG00000251595[2,4,1]	0	-	430853	467366	0	4	1589,66,127,199,	0,12061,47178,48584,	chr4	418829	467512	ABCA11P-201|transcribed_processed_pseudogene	0	-	intergenic	48683
chr4	418779	467562	ENSG00000251595[2,4,1]	0	-	430853	467366	0	4	1589,66,127,199,	0,12061,47178,48584,	chr4	419209	467434	ABCA11P-203|transcribed_processed_pseudogene	0	-	intergenic	48225
chr4	418779	467562	ENSG00000251595[2,4,1]	0	-	430853	467366	0	4	1589,66,127,199,	0,12061,47178,48584,	chr4	419209	467434	ABCA11P-204|transcribed_processed_pseudogene	0	-	intergenic	48225
chr4	418779	467562	ENSG00000251595[2,3,1]	0	-	420452	467366	0	3	1735,127,199,	0,47178,48584,	chr4	418829	467512	ABCA11P-201|transcribed_processed_pseudogene	0	-	intergenic	48683
chr4	418779	467562	ENSG00000251595[2,3,1]	0	-	420452	467366	0	3	1735,127,199,	0,47178,48584,	chr4	419209	467434	ABCA11P-203|transcribed_processed_pseudogene	0	-	intergenic	48225
chr4	418779	467562	ENSG00000251595[2,3,1]	0	-	420452	467366	0	3	1735,127,199,	0,47178,48584,	chr4	419209	467434	ABCA11P-204|transcribed_processed_pseudogene	0	-	intergenic	48225
chr4	418779	467562	ENSG00000251595[2,2,1]	0	-	420357	467366	0	3	1589,127,199,	0,47178,48584,	chr4	418829	467512	ABCA11P-201|transcribed_processed_pseudogene	0	-	intergenic	48683
chr4	418779	467562	ENSG00000251595[2,2,1]	0	-	420357	467366	0	3	1589,127,199,	0,47178,48584,	chr4	419209	467434	ABCA11P-203|transcribed_processed_pseudogene	0	-	intergenic	48225
chr4	418779	467562	ENSG00000251595[2,2,1]	0	-	420357	467366	0	3	1589,127,199,	0,47178,48584,	chr4	419209	467434	ABCA11P-204|transcribed_processed_pseudogene	0	-	intergenic	48225
chr4	419117	467562	ENSG00000251595[2,4,2]	0	-	430853	467366	0	4	1251,66,127,199,	0,11723,46840,48246,	chr4	418829	467512	ABCA11P-201|transcribed_processed_pseudogene	0	-	intergenic	48395
chr4	419117	467562	ENSG00000251595[2,4,2]	0	-	430853	467366	0	4	1251,66,127,199,	0,11723,46840,48246,	chr4	419209	467434	ABCA11P-203|transcribed_processed_pseudogene	0	-	intergenic	48225
chr4	419117	467562	ENSG00000251595[2,4,2]	0	-	430853	467366	0	4	1251,66,127,199,	0,11723,46840,48246,	chr4	419209	467434	ABCA11P-204|transcribed_processed_pseudogene	0	-	intergenic	48225
chr4	419117	467562	ENSG00000251595[2,3,2]	0	-	420452	467366	0	3	1397,127,199,	0,46840,48246,	chr4	418829	467512	ABCA11P-201|transcribed_processed_pseudogene	0	-	intergenic	48395
chr4	419117	467562	ENSG00000251595[2,3,2]	0	-	420452	467366	0	3	1397,127,199,	0,46840,48246,	chr4	419209	467434	ABCA11P-203|transcribed_processed_pseudogene	0	-	intergenic	48225
chr4	419117	467562	ENSG00000251595[2,3,2]	0	-	420452	467366	0	3	1397,127,199,	0,46840,48246,	chr4	419209	467434	ABCA11P-204|transcribed_processed_pseudogene	0	-	intergenic	48225
chr4	419159	467600	ENSG00000182903[2,5,3]	0	-	430853	467366	0	5	1355,110,66,127,237,	0,10005,11681,46798,48204,	chr4	418829	467512	ABCA11P-201|transcribed_processed_pseudogene	0	-	intergenic	48353
chr4	419159	467600	ENSG00000182903[2,5,3]	0	-	430853	467366	0	5	1355,110,66,127,237,	0,10005,11681,46798,48204,	chr4	419209	467434	ABCA11P-203|transcribed_processed_pseudogene	0	-	intergenic	48225
chr4	419159	467600	ENSG00000182903[2,5,3]	0	-	430853	467366	0	5	1355,110,66,127,237,	0,10005,11681,46798,48204,	chr4	419209	467434	ABCA11P-204|transcribed_processed_pseudogene	0	-	intergenic	48225
chr4	419427	467562	ENSG00000251595[2,6,3]	0	-	430853	467366	255	5	941,110,66,127,199,	0,9737,11413,46530,47936,	chr4	418829	467512	ABCA11P-201|transcribed_processed_pseudogene	0	-	intergenic	48085
chr4	419427	467562	ENSG00000251595[2,6,3]	0	-	430853	467366	255	5	941,110,66,127,199,	0,9737,11413,46530,47936,	chr4	419209	467434	ABCA11P-203|transcribed_processed_pseudogene	0	-	intergenic	48007
chr4	419427	467562	ENSG00000251595[2,6,3]	0	-	430853	467366	255	5	941,110,66,127,199,	0,9737,11413,46530,47936,	chr4	419209	467434	ABCA11P-204|transcribed_processed_pseudogene	0	-	intergenic	48007
chr4	419427	467562	ENSG00000251595[2,4,3]	0	-	430853	467366	0	4	941,66,127,199,	0,11413,46530,47936,	chr4	418829	467512	ABCA11P-201|transcribed_processed_pseudogene	0	-	intergenic	48085
chr4	419427	467562	ENSG00000251595[2,4,3]	0	-	430853	467366	0	4	941,66,127,199,	0,11413,46530,47936,	chr4	419209	467434	ABCA11P-203|transcribed_processed_pseudogene	0	-	intergenic	48007
chr4	419427	467562	ENSG00000251595[2,4,3]	0	-	430853	467366	0	4	941,66,127,199,	0,11413,46530,47936,	chr4	419209	467434	ABCA11P-204|transcribed_processed_pseudogene	0	-	intergenic	48007
chr4	419427	467562	ENSG00000251595[2,3,3]	0	-	420452	467366	0	3	1087,127,199,	0,46530,47936,	chr4	418829	467512	ABCA11P-201|transcribed_processed_pseudogene	0	-	intergenic	48085
chr4	419427	467562	ENSG00000251595[2,3,3]	0	-	420452	467366	0	3	1087,127,199,	0,46530,47936,	chr4	419209	467434	ABCA11P-203|transcribed_processed_pseudogene	0	-	intergenic	48007
chr4	419427	467562	ENSG00000251595[2,3,3]	0	-	420452	467366	0	3	1087,127,199,	0,46530,47936,	chr4	419209	467434	ABCA11P-204|transcribed_processed_pseudogene	0	-	intergenic	48007
chr4	419427	467562	ENSG00000251595[2,2,3]	0	-	420357	467366	0	3	941,127,199,	0,46530,47936,	chr4	418829	467512	ABCA11P-201|transcribed_processed_pseudogene	0	-	intergenic	48085
chr4	419427	467562	ENSG00000251595[2,2,3]	0	-	420357	467366	0	3	941,127,199,	0,46530,47936,	chr4	419209	467434	ABCA11P-203|transcribed_processed_pseudogene	0	-	intergenic	48007
chr4	419427	467562	ENSG00000251595[2,2,3]	0	-	420357	467366	0	3	941,127,199,	0,46530,47936,	chr4	419209	467434	ABCA11P-204|transcribed_processed_pseudogene	0	-	intergenic	48007
chr4	419427	467600	ENSG00000182903[2,5,9]	0	-	430853	467366	0	5	1087,110,66,127,237,	0,9737,11413,46530,47936,	chr4	418829	467512	ABCA11P-201|transcribed_processed_pseudogene	0	-	intergenic	48085
chr4	419427	467600	ENSG00000182903[2,5,9]	0	-	430853	467366	0	5	1087,110,66,127,237,	0,9737,11413,46530,47936,	chr4	419209	467434	ABCA11P-203|transcribed_processed_pseudogene	0	-	intergenic	48007
chr4	419427	467600	ENSG00000182903[2,5,9]	0	-	430853	467366	0	5	1087,110,66,127,237,	0,9737,11413,46530,47936,	chr4	419209	467434	ABCA11P-204|transcribed_processed_pseudogene	0	-	intergenic	48007
chr4	420133	467600	ENSG00000182903[2,2,2]	0	-	429213	467366	0	7	381,110,66,49,90,127,237,	0,9031,10707,11845,17603,45824,47230,	chr4	418829	467512	ABCA11P-201|transcribed_processed_pseudogene	0	-	intergenic	47379
chr4	420133	467600	ENSG00000182903[2,2,2]	0	-	429213	467366	0	7	381,110,66,49,90,127,237,	0,9031,10707,11845,17603,45824,47230,	chr4	419209	467434	ABCA11P-203|transcribed_processed_pseudogene	0	-	intergenic	47301
chr4	420133	467600	ENSG00000182903[2,2,2]	0	-	429213	467366	0	7	381,110,66,49,90,127,237,	0,9031,10707,11845,17603,45824,47230,	chr4	419209	467434	ABCA11P-204|transcribed_processed_pseudogene	0	-	intergenic	47301
chr4	420360	429272	ENSG00000251595[3,5,5]	0	-	420360	420360	255	2	154,108,	0,8804,	chr4	418829	467512	ABCA11P-201|transcribed_processed_pseudogene	0	-	intergenic	8912
chr4	420360	429272	ENSG00000251595[3,5,5]	0	-	420360	420360	255	2	154,108,	0,8804,	chr4	419209	467434	ABCA11P-203|transcribed_processed_pseudogene	0	-	intergenic	8912
chr4	420360	429272	ENSG00000251595[3,5,5]	0	-	420360	420360	255	2	154,108,	0,8804,	chr4	419209	467434	ABCA11P-204|transcribed_processed_pseudogene	0	-	intergenic	8912
chr4	420360	467562	ENSG00000251595[2,3,5]	0	-	420452	467366	0	3	154,127,199,	0,45597,47003,	chr4	418829	467512	ABCA11P-201|transcribed_processed_pseudogene	0	-	intergenic	47152
chr4	420360	467562	ENSG00000251595[2,3,5]	0	-	420452	467366	0	3	154,127,199,	0,45597,47003,	chr4	419209	467434	ABCA11P-203|transcribed_processed_pseudogene	0	-	intergenic	47074
chr4	420360	467562	ENSG00000251595[2,3,5]	0	-	420452	467366	0	3	154,127,199,	0,45597,47003,	chr4	419209	467434	ABCA11P-204|transcribed_processed_pseudogene	0	-	intergenic	47074
chr4	420360	467600	ENSG00000182903[2,5,10]	0	-	430853	467366	0	5	154,110,66,127,237,	0,8804,10480,45597,47003,	chr4	418829	467512	ABCA11P-201|transcribed_processed_pseudogene	0	-	intergenic	47152
chr4	420360	467600	ENSG00000182903[2,5,10]	0	-	430853	467366	0	5	154,110,66,127,237,	0,8804,10480,45597,47003,	chr4	419209	467434	ABCA11P-203|transcribed_processed_pseudogene	0	-	intergenic	47074
chr4	420360	467600	ENSG00000182903[2,5,10]	0	-	430853	467366	0	5	154,110,66,127,237,	0,8804,10480,45597,47003,	chr4	419209	467434	ABCA11P-204|transcribed_processed_pseudogene	0	-	intergenic	47074
chr4	433332	467600	ENSG00000182903[2,7,1]	0	-	435091	437824	255	4	4494,65,127,237,	0,27667,32625,34031,	chr4	418829	467512	ABCA11P-201|transcribed_processed_pseudogene	0	-	intergenic	34180
chr4	433332	467600	ENSG00000182903[2,7,1]	0	-	435091	437824	255	4	4494,65,127,237,	0,27667,32625,34031,	chr4	419209	467434	ABCA11P-203|transcribed_processed_pseudogene	0	-	intergenic	34102
chr4	433332	467600	ENSG00000182903[2,7,1]	0	-	435091	437824	255	4	4494,65,127,237,	0,27667,32625,34031,	chr4	419209	467434	ABCA11P-204|transcribed_processed_pseudogene	0	-	intergenic	34102
chr4	433332	492587	ENSG00000182903[1,1,1]	0	-	435091	465991	0	3	4494,127,151,	0,32625,59104,	chr4	418829	467512	ABCA11P-201|transcribed_processed_pseudogene	0	-	intergenic	34180
chr4	433332	492587	ENSG00000182903[1,1,1]	0	-	435091	465991	0	3	4494,127,151,	0,32625,59104,	chr4	419209	467434	ABCA11P-203|transcribed_processed_pseudogene	0	-	intergenic	34102
chr4	433332	492587	ENSG00000182903[1,1,1]	0	-	435091	465991	0	3	4494,127,151,	0,32625,59104,	chr4	419209	467434	ABCA11P-204|transcribed_processed_pseudogene	0	-	intergenic	34102
chr4	433332	467600	ENSG00000182903[2,6,1]	0	-	435091	465991	0	3	4494,127,237,	0,32625,34031,	chr4	418829	467512	ABCA11P-201|transcribed_processed_pseudogene	0	-	intergenic	34180
chr4	433332	467600	ENSG00000182903[2,6,1]	0	-	435091	465991	0	3	4494,127,237,	0,32625,34031,	chr4	419209	467434	ABCA11P-203|transcribed_processed_pseudogene	0	-	intergenic	34102
chr4	433332	467600	ENSG00000182903[2,6,1]	0	-	435091	465991	0	3	4494,127,237,	0,32625,34031,	chr4	419209	467434	ABCA11P-204|transcribed_processed_pseudogene	0	-	intergenic	34102
chr4	433332	492587	ENSG00000182903[1,3,1]	0	-	435091	437824	0	2	4494,151,	0,59104,	chr4	418829	467512	ABCA11P-201|transcribed_processed_pseudogene	0	-	intergenic	34180
chr4	433332	492587	ENSG00000182903[1,3,1]	0	-	435091	437824	0	2	4494,151,	0,59104,	chr4	419209	467434	ABCA11P-203|transcribed_processed_pseudogene	0	-	intergenic	34102
chr4	433332	492587	ENSG00000182903[1,3,1]	0	-	435091	437824	0	2	4494,151,	0,59104,	chr4	419209	467434	ABCA11P-204|transcribed_processed_pseudogene	0	-	intergenic	34102
chr4	434026	467600	ENSG00000182903[2,7,7]	0	-	435091	437824	255	4	3800,65,127,237,	0,26973,31931,33337,	chr4	418829	467512	ABCA11P-201|transcribed_processed_pseudogene	0	-	intergenic	33486
chr4	434026	467600	ENSG00000182903[2,7,7]	0	-	435091	437824	255	4	3800,65,127,237,	0,26973,31931,33337,	chr4	419209	467434	ABCA11P-203|transcribed_processed_pseudogene	0	-	intergenic	33408
chr4	434026	467600	ENSG00000182903[2,7,7]	0	-	435091	437824	255	4	3800,65,127,237,	0,26973,31931,33337,	chr4	419209	467434	ABCA11P-204|transcribed_processed_pseudogene	0	-	intergenic	33408
chr4	434026	492587	ENSG00000182903[1,1,7]	0	-	435091	465991	0	3	3800,127,151,	0,31931,58410,	chr4	418829	467512	ABCA11P-201|transcribed_processed_pseudogene	0	-	intergenic	33486
chr4	434026	492587	ENSG00000182903[1,1,7]	0	-	435091	465991	0	3	3800,127,151,	0,31931,58410,	chr4	419209	467434	ABCA11P-203|transcribed_processed_pseudogene	0	-	intergenic	33408
chr4	434026	492587	ENSG00000182903[1,1,7]	0	-	435091	465991	0	3	3800,127,151,	0,31931,58410,	chr4	419209	467434	ABCA11P-204|transcribed_processed_pseudogene	0	-	intergenic	33408
chr4	434026	467600	ENSG00000182903[2,6,7]	0	-	435091	465991	0	3	3800,127,237,	0,31931,33337,	chr4	418829	467512	ABCA11P-201|transcribed_processed_pseudogene	0	-	intergenic	33486
chr4	434026	467600	ENSG00000182903[2,6,7]	0	-	435091	465991	0	3	3800,127,237,	0,31931,33337,	chr4	419209	467434	ABCA11P-203|transcribed_processed_pseudogene	0	-	intergenic	33408
chr4	434026	467600	ENSG00000182903[2,6,7]	0	-	435091	465991	0	3	3800,127,237,	0,31931,33337,	chr4	419209	467434	ABCA11P-204|transcribed_processed_pseudogene	0	-	intergenic	33408
chr4	435038	492587	ENSG00000182903[1,1,6]	0	-	435091	465991	0	3	2788,127,151,	0,30919,57398,	chr4	418829	467512	ABCA11P-201|transcribed_processed_pseudogene	0	-	intergenic	32474
chr4	435038	492587	ENSG00000182903[1,1,6]	0	-	435091	465991	0	3	2788,127,151,	0,30919,57398,	chr4	419209	467434	ABCA11P-203|transcribed_processed_pseudogene	0	-	intergenic	32396
chr4	435038	492587	ENSG00000182903[1,1,6]	0	-	435091	465991	0	3	2788,127,151,	0,30919,57398,	chr4	419209	467434	ABCA11P-204|transcribed_processed_pseudogene	0	-	intergenic	32396
chr4	437426	467600	ENSG00000182903[2,7,5]	0	-	461008	467366	255	4	400,65,127,237,	0,23573,28531,29937,	chr4	418829	467512	ABCA11P-201|transcribed_processed_pseudogene	0	-	intergenic	30086
chr4	437426	467600	ENSG00000182903[2,7,5]	0	-	461008	467366	255	4	400,65,127,237,	0,23573,28531,29937,	chr4	419209	467434	ABCA11P-203|transcribed_processed_pseudogene	0	-	intergenic	30008
chr4	437426	467600	ENSG00000182903[2,7,5]	0	-	461008	467366	255	4	400,65,127,237,	0,23573,28531,29937,	chr4	419209	467434	ABCA11P-204|transcribed_processed_pseudogene	0	-	intergenic	30008
chr4	437426	492587	ENSG00000182903[1,1,5]	0	-	437490	437661	0	3	400,127,151,	0,28531,55010,	chr4	418829	467512	ABCA11P-201|transcribed_processed_pseudogene	0	-	intergenic	30086
chr4	437426	492587	ENSG00000182903[1,1,5]	0	-	437490	437661	0	3	400,127,151,	0,28531,55010,	chr4	419209	467434	ABCA11P-203|transcribed_processed_pseudogene	0	-	intergenic	30008
chr4	437426	492587	ENSG00000182903[1,1,5]	0	-	437490	437661	0	3	400,127,151,	0,28531,55010,	chr4	419209	467434	ABCA11P-204|transcribed_processed_pseudogene	0	-	intergenic	30008
chr4	437426	467600	ENSG00000182903[2,6,5]	0	-	437490	437661	0	3	400,127,237,	0,28531,29937,	chr4	418829	467512	ABCA11P-201|transcribed_processed_pseudogene	0	-	intergenic	30086
chr4	437426	467600	ENSG00000182903[2,6,5]	0	-	437490	437661	0	3	400,127,237,	0,28531,29937,	chr4	419209	467434	ABCA11P-203|transcribed_processed_pseudogene	0	-	intergenic	30008
chr4	437426	467600	ENSG00000182903[2,6,5]	0	-	437490	437661	0	3	400,127,237,	0,28531,29937,	chr4	419209	467434	ABCA11P-204|transcribed_processed_pseudogene	0	-	intergenic	30008
chr4	437426	492587	ENSG00000182903[1,3,5]	0	-	437490	437661	0	2	400,151,	0,55010,	chr4	418829	467512	ABCA11P-201|transcribed_processed_pseudogene	0	-	intergenic	30086
chr4	437426	492587	ENSG00000182903[1,3,5]	0	-	437490	437661	0	2	400,151,	0,55010,	chr4	419209	467434	ABCA11P-203|transcribed_processed_pseudogene	0	-	intergenic	30008
chr4	437426	492587	ENSG00000182903[1,3,5]	0	-	437490	437661	0	2	400,151,	0,55010,	chr4	419209	467434	ABCA11P-204|transcribed_processed_pseudogene	0	-	intergenic	30008
chr4	3311638	3312062	ENSG00000248840[1,1,1]	0	+	3311688	3311862	0	1	424,	0,	chr4	3311993	3312235	AL645949.1-202|transcribed_processed_pseudogene	0	+	intergenic	69
chr4	4086224	4086501	ENSG00000250940[1,1,1]	0	+	4086224	4086224	0	1	277,	0,	chr4	4086274	4086451	AC116562.2-201|processed_pseudogene	0	+	intergenic	177
chr4	14091603	14119802	ENSG00000248698[1,5,2]	0	+	14091603	14091603	0	2	260,1641,	0,26558,	chr4	14091654	14119752	LINC01085-201|transcribed_processed_pseudogene	0	+	intergenic	28098
chr4	14091603	14119802	ENSG00000248698[1,5,2]	0	+	14091603	14091603	0	2	260,1641,	0,26558,	chr4	14091663	14106957	LINC01085-204|transcribed_processed_pseudogene	0	+	intergenic	15294
chr4	14091603	14119802	ENSG00000248698[1,5,2]	0	+	14091603	14091603	0	2	260,1641,	0,26558,	chr4	14091676	14118438	LINC01085-205|transcribed_processed_pseudogene	0	+	intergenic	26762
chr4	14091603	14119802	ENSG00000248698[1,5,2]	0	+	14091603	14091603	0	2	260,1641,	0,26558,	chr4	14091706	14119186	LINC01085-202|transcribed_processed_pseudogene	0	+	intergenic	27480
chr4	14091603	14119236	ENSG00000248698[1,5,5]	0	+	14091603	14091603	0	2	260,1075,	0,26558,	chr4	14091654	14119752	LINC01085-201|transcribed_processed_pseudogene	0	+	intergenic	27582
chr4	14091603	14119236	ENSG00000248698[1,5,5]	0	+	14091603	14091603	0	2	260,1075,	0,26558,	chr4	14091663	14106957	LINC01085-204|transcribed_processed_pseudogene	0	+	intergenic	15294
chr4	14091603	14119236	ENSG00000248698[1,5,5]	0	+	14091603	14091603	0	2	260,1075,	0,26558,	chr4	14091676	14118438	LINC01085-205|transcribed_processed_pseudogene	0	+	intergenic	26762
chr4	14091603	14119236	ENSG00000248698[1,5,5]	0	+	14091603	14091603	0	2	260,1075,	0,26558,	chr4	14091706	14119186	LINC01085-202|transcribed_processed_pseudogene	0	+	intergenic	27480
chr4	14091603	14119802	ENSG00000248698[1,2,2]	0	+	14091603	14091603	0	3	260,182,1641,	0,15174,26558,	chr4	14091654	14119752	LINC01085-201|transcribed_processed_pseudogene	0	+	intergenic	28098
chr4	14091603	14119802	ENSG00000248698[1,2,2]	0	+	14091603	14091603	0	3	260,182,1641,	0,15174,26558,	chr4	14091663	14106957	LINC01085-204|transcribed_processed_pseudogene	0	+	intergenic	15294
chr4	14091603	14119802	ENSG00000248698[1,2,2]	0	+	14091603	14091603	0	3	260,182,1641,	0,15174,26558,	chr4	14091676	14118438	LINC01085-205|transcribed_processed_pseudogene	0	+	intergenic	26762
chr4	14091603	14119802	ENSG00000248698[1,2,2]	0	+	14091603	14091603	0	3	260,182,1641,	0,15174,26558,	chr4	14091706	14119186	LINC01085-202|transcribed_processed_pseudogene	0	+	intergenic	27480
chr4	71144268	71166377	ENSG00000248049[1,11,9]	0	+	71144268	71144268	255	3	326,630,1791,	0,19263,20318,	chr4	71162105	71167372	AC079880.1-201|processed_pseudogene	0	-	intergenic	4272
chr4	71144268	71165665	ENSG00000248049[1,11,2]	0	+	71144268	71144268	255	3	326,630,1079,	0,19263,20318,	chr4	71162105	71167372	AC079880.1-201|processed_pseudogene	0	-	intergenic	3560
chr4	71144268	71173362	ENSG00000248049[1,13,10]	0	+	71144268	71144268	255	3	326,147,179,	0,27381,28915,	chr4	71162105	71167372	AC079880.1-201|processed_pseudogene	0	-	intergenic	5267
chr4	71144268	71165665	ENSG00000248049[1,1,2]	0	+	71144268	71144268	0	3	326,99,2134,	0,15764,19263,	chr4	71162105	71167372	AC079880.1-201|processed_pseudogene	0	-	intergenic	3560
chr4	71144268	71166377	ENSG00000248049[1,2,9]	0	+	71144268	71144268	0	2	326,2846,	0,19263,	chr4	71162105	71167372	AC079880.1-201|processed_pseudogene	0	-	intergenic	4272
chr4	71144268	71165665	ENSG00000248049[1,2,2]	0	+	71144268	71144268	0	2	326,2134,	0,19263,	chr4	71162105	71167372	AC079880.1-201|processed_pseudogene	0	-	intergenic	3560
chr4	71144268	71165665	ENSG00000248049[1,3,2]	0	+	71144268	71144268	0	3	326,211,1079,	0,19263,20318,	chr4	71162105	71167372	AC079880.1-201|processed_pseudogene	0	-	intergenic	3560
chr4	72743616	72758049	ENSG00000249956[1,1,1]	0	+	72743616	72743616	0	6	780,149,132,88,220,328,	0,2071,6307,9236,10164,14105,	chr4	72743666	72757999	retro_human_4269|UGT2B24P-201|processed_pseudogene	0	+	intergenic	14333
chr4	77330628	77331881	ENSG00000163736[1,1,2]	0	-	77330915	77331744	0	3	387,136,285,	0,529,968,	chr4	77330916	77331140	retro_human_1830	0	-	intergenic	224
chr4	78441567	78442134	ENSG00000250315[1,1,1]	0	+	78441567	78441567	0	1	567,	0,	chr4	78441617	78442084	retro_human_4264|AC110760.2-201|transcribed_processed_pseudogene	0	+	intergenic	467
chr4	78441567	78442134	ENSG00000250315[1,1,1]	0	+	78441567	78441567	0	1	567,	0,	chr4	78441631	78442002	AC110760.2-202|transcribed_processed_pseudogene	0	+	intergenic	371
chr4	78534938	78535251	ENSG00000250560[1,1,1]	0	+	78534938	78534938	0	1	313,	0,	chr4	78534988	78535201	retro_human_4263|AC093870.1-201|processed_pseudogene	0	+	intergenic	213
chr4	85824027	85825236	ENSG00000227304[1,1,1]	0	-	85824889	85825186	0	1	1209,	0,	chr4	85824077	85825571	retro_human_7788|AC067942.1-201|transcribed_processed_pseudogene	0	-	intergenic	1159
chr4	85824027	85825236	ENSG00000227304[1,1,1]	0	-	85824889	85825186	0	1	1209,	0,	chr4	85824129	85825186	AC067942.1-202|transcribed_processed_pseudogene	0	-	intergenic	1057
chr4	108307850	108308103	ENSG00000276992[1,1,1]	0	-	108307850	108307850	0	1	253,	0,	chr4	108307900	108308053	AC096577.2-201|processed_pseudogene	0	-	intergenic	153
chr4	114365086	114365831	ENSG00000251312[1,1,1]	0	+	114365086	114365086	0	1	745,	0,	chr4	114365136	114365781	retro_human_5470|AC004062.1-201|processed_pseudogene	0	+	intergenic	645
chr4	115605635	115693245	ENSG00000073331[1,13,8]	0	+	115686121	115690955	0	4	177,52,169,2502,	0,18508,80438,85108,	chr4	115668131	115679305	RTEL1P1-202|transcribed_processed_pseudogene	0	+	intergenic	11174
chr4	116188598	116190731	ENSG00000251126[1,1,1]	0	-	116188598	116188598	0	2	611,363,	0,1770,	chr4	116190068	116190483	retro_human_10653|AC017007.1-201|transcribed_processed_pseudogene	0	-	intergenic	415
chr4	121765189	121765367	ENSG00000273716[1,1,1]	0	-	121765189	121765189	0	1	178,	0,	chr4	121765239	121765317	AC092670.1-201|processed_pseudogene	0	-	intergenic	78
chr4	122498706	122517765	ENSG00000178636[2,3,2]	0	-	122498706	122498706	0	3	754,176,168,	0,1756,18891,	chr4	122497841	122517583	AC092656.1-201|transcribed_processed_pseudogene	0	-	intergenic	18877
chr4	122498706	122517765	ENSG00000178636[2,3,2]	0	-	122498706	122498706	0	3	754,176,168,	0,1756,18891,	chr4	122498756	122517715	AC092656.1-202|transcribed_processed_pseudogene	0	-	intergenic	18959
chr4	124422535	124423071	ENSG00000271302[1,1,1]	0	+	124422535	124422535	0	1	536,	0,	chr4	124422585	124423021	AC105254.2-201|processed_pseudogene	0	+	intergenic	436
chr4	125120445	125127985	ENSG00000145386[1,1,1]	0	-	125121692	125127680	0	8	1293,134,114,208,224,113,244,518,	0,1650,2406,2978,4148,4585,6009,7022,	chr4	125123469	125124793	retro_human_5821	0	-	intergenic	1324
chr4	125121378	125127985	ENSG00000145386[1,1,2]	0	-	125121692	125127680	0	8	360,134,114,208,224,113,244,518,	0,717,1473,2045,3215,3652,5076,6089,	chr4	125123469	125124793	retro_human_5821	0	-	intergenic	1324
chr4	142733401	142773477	ENSG00000273247[2,3,2]	0	-	142733401	142733401	0	3	273,76,142,	0,2185,39934,	chr4	142746493	142750535	AC097376.2-202|transcribed_processed_pseudogene	0	-	intergenic	4042
chr4	142733401	142773735	ENSG00000273247[3,3,2]	0	-	142733401	142733401	0	3	273,76,400,	0,2185,39934,	chr4	142746493	142750535	AC097376.2-202|transcribed_processed_pseudogene	0	-	intergenic	4042
chr4	142745899	142746996	ENSG00000248863[1,1,1]	0	-	142745899	142745899	0	1	1097,	0,	chr4	142745949	142746946	AC097376.2-201|transcribed_processed_pseudogene	0	-	intergenic	997
chr4	142745899	142746996	ENSG00000248863[1,1,1]	0	-	142745899	142745899	0	1	1097,	0,	chr4	142746493	142750535	AC097376.2-202|transcribed_processed_pseudogene	0	-	intergenic	503
chr4	148238031	148238583	ENSG00000251452[1,1,1]	0	-	148238123	148238231	0	1	552,	0,	chr4	148238081	148238533	AC109811.2-201|processed_pseudogene	0	-	intergenic	452
chr4	161629696	161630715	ENSG00000251429[2,1,1]	0	+	161629696	161629696	0	1	1019,	0,	chr4	161622369	161630590	AIDAP2-201|transcribed_processed_pseudogene	0	+	intergenic	894
chr4	168393402	168393814	ENSG00000249617[1,1,1]	0	+	168393402	168393402	0	1	412,	0,	chr4	168393452	168393764	retro_human_2127|AC106872.6-201|processed_pseudogene	0	+	intergenic	312
chr4	171100460	171100969	ENSG00000270336[1,1,1]	0	-	171100460	171100460	0	1	509,	0,	chr4	171100510	171100919	AC105148.1-201|processed_pseudogene	0	-	intergenic	409
chr4	174171745	174172055	ENSG00000249943[1,1,1]	0	-	174171745	174171745	0	1	310,	0,	chr4	174171795	174172005	AC097486.1-201|processed_pseudogene	0	-	intergenic	210
chr5	31363419	31364628	ENSG00000250482[1,1,1]	0	+	31364148	31364541	0	1	1209,	0,	chr5	31363469	31364578	retro_human_5814|DUX4L51-201|processed_pseudogene	0	+	intergenic	1109
chr5	37536203	37536832	ENSG00000270558[1,1,1]	0	-	37536203	37536203	0	1	629,	0,	chr5	37536253	37536782	retro_human_7795|AC025449.1-201|processed_pseudogene	0	-	intergenic	529
chr5	42982013	42982495	ENSG00000270513[1,1,1]	0	+	42982013	42982013	0	1	482,	0,	chr5	42982063	42982445	retro_human_10272|AC113368.1-201|processed_pseudogene	0	+	intergenic	382
chr5	59321084	59321590	ENSG00000271257[1,1,1]	0	+	59321084	59321084	0	1	506,	0,	chr5	59321134	59321540	retro_human_5965|AC008814.1-201|processed_pseudogene	0	+	intergenic	406
chr5	68514986	68515475	ENSG00000249721[1,1,1]	0	-	68514986	68514986	0	1	489,	0,	chr5	68515036	68515425	retro_human_4520|AC112206.3-201|processed_pseudogene	0	-	intergenic	389
chr5	79364615	79466478	ENSG00000113273[1,8,3]	0	-	79366908	79466366	255	6	2297,244,208,191,187,424,	0,2752,72440,81559,86149,101439,	chr5	79450748	79466258	retro_human_9575	0	-	intergenic	15510
chr5	79364615	79466478	ENSG00000113273[1,2,3]	0	-	79367315	79466366	0	5	2996,208,191,187,424,	0,72440,81559,86149,101439,	chr5	79450748	79466258	retro_human_9575	0	-	intergenic	15510
chr5	79675731	79676030	ENSG00000249829[1,1,1]	0	+	79675731	79675731	0	1	299,	0,	chr5	79675781	79675980	retro_human_9163|AC016559.2-201|processed_pseudogene	0	+	intergenic	199
chr5	82750895	82751098	ENSG00000251374[1,1,1]	0	-	82750895	82750895	0	1	203,	0,	chr5	82750945	82751048	AC010598.1-201|processed_pseudogene	0	-	intergenic	103
chr5	83310618	83311019	ENSG00000248105[1,1,1]	0	+	83310618	83310618	0	1	401,	0,	chr5	83310668	83310969	retro_human_3273|AC008885.1-201|processed_pseudogene	0	+	intergenic	301
chr5	97837832	97838115	ENSG00000249761[1,1,1]	0	-	97837832	97837832	0	1	283,	0,	chr5	97837882	97838065	retro_human_6536|AC074133.1-201|processed_pseudogene	0	-	intergenic	183
chr5	134831775	134894883	ENSG00000006837[3,4,4]	0	-	134831961	134832147	0	3	516,113,100,	0,13835,63008,	chr5	134874040	134883879	retro_human_8317	0	-	intergenic	9839
chr5	138327564	138337012	ENSG00000226306[1,2,3]	0	+	138327564	138327564	0	2	310,2567,	0,6881,	chr5	138327614	138337173	NPY6R-202|transcribed_processed_pseudogene	0	+	intergenic	9398
chr5	138327564	138337227	ENSG00000226306[1,2,2]	0	+	138327564	138327564	0	2	310,2782,	0,6881,	chr5	138327614	138337173	NPY6R-202|transcribed_processed_pseudogene	0	+	intergenic	9559
chr5	138334582	138335794	ENSG00000226306[2,1,1]	0	+	138334582	138334582	0	1	1212,	0,	chr5	138327614	138337173	NPY6R-202|transcribed_processed_pseudogene	0	+	intergenic	1212
chr5	138335039	138337227	ENSG00000226306[3,1,2]	0	+	138335039	138335039	0	1	2188,	0,	chr5	138327614	138337173	NPY6R-202|transcribed_processed_pseudogene	0	+	intergenic	2134
chr5	150832831	150839494	ENSG00000183876[1,1,1]	0	-	150833755	150838912	0	2	2320,893,	0,5770,	chr5	150833894	150838765	retro_human_2455	0	-	intergenic	4871
chr5	160776022	160776823	ENSG00000253772[1,1,1]	0	+	160776022	160776022	0	1	801,	0,	chr5	160776072	160776773	retro_human_1940|AC112191.1-201|processed_pseudogene	0	+	intergenic	701
chr5	161091664	161214273	ENSG00000118322[2,2,1]	0	-	161094050	161214058	0	21	2831,188,105,81,201,126,77,322,185,127,110,604,192,239,253,128,132,107,86,205,601,	0,6426,26522,27989,35700,39507,40895,43695,49671,52768,54794,57277,59324,69059,71282,73110,77417,81103,86136,107643,122008,	chr5	161199326	161213950	retro_human_540	0	-	intergenic	14624
chr5	161161168	161214273	ENSG00000118322[2,7,6]	0	-	161162740	161214058	0	7	2031,128,132,107,86,205,601,	0,3606,7913,11599,16632,38139,52504,	chr5	161199326	161213950	retro_human_540	0	-	intergenic	14624
chr5	171402132	171451772	ENSG00000204764[1,2,4]	0	+	171402346	171450108	0	6	232,147,91,167,66,1799,	0,16277,19986,30567,34230,47841,	chr5	171437241	171444774	retro_human_1941|AC008514.2-201|processed_pseudogene	0	+	intergenic	7533
chr5	171402132	171453293	ENSG00000204764[1,3,19]	0	+	171402346	171451482	0	7	232,147,91,167,66,105,2012,	0,16277,19986,30567,34230,47841,49149,	chr5	171437241	171444774	retro_human_1941|AC008514.2-201|processed_pseudogene	0	+	intergenic	7533
chr5	171402132	171453065	ENSG00000204764[1,3,18]	0	+	171402346	171451482	0	7	232,147,91,167,66,105,1784,	0,16277,19986,30567,34230,47841,49149,	chr5	171437241	171444774	retro_human_1941|AC008514.2-201|processed_pseudogene	0	+	intergenic	7533
chr5	171402132	171451772	ENSG00000204764[1,3,4]	0	+	171402346	171451482	0	7	232,147,91,167,66,105,491,	0,16277,19986,30567,34230,47841,49149,	chr5	171437241	171444774	retro_human_1941|AC008514.2-201|processed_pseudogene	0	+	intergenic	7533
chr5	176667460	176668930	ENSG00000251623[4,7,2]	0	+	176667460	176667460	0	3	337,170,234,	0,479,1236,	chr5	176663234	176668842	AC139491.5-202|transcribed_processed_pseudogene	0	+	intergenic	1382
chr5	176667460	176668930	ENSG00000251623[4,7,2]	0	+	176667460	176667460	0	3	337,170,234,	0,479,1236,	chr5	176664564	176675941	AC139491.5-205|transcribed_processed_pseudogene	0	+	intergenic	1470
chr5	176667460	176668930	ENSG00000251623[4,7,2]	0	+	176667460	176667460	0	3	337,170,234,	0,479,1236,	chr5	176667510	176668815	AC139491.5-206|transcribed_processed_pseudogene	0	+	intergenic	1305
chr5	176667460	176668930	ENSG00000251623[4,7,2]	0	+	176667460	176667460	0	3	337,170,234,	0,479,1236,	chr5	176667682	176668880	AC139491.5-207|transcribed_processed_pseudogene	0	+	intergenic	1198
chr5	177945300	177948701	ENSG00000131187[8,17,1]	0	-	177945512	177947486	255	9	377,149,144,137,232,218,416,132,161,	0,467,1171,1398,1776,2113,2416,2971,3240,	chr5	177945531	177945992	retro_human_10574	0	-	intergenic	461
chr5	177945300	177948249	ENSG00000131187[5,15,1]	0	-	177945512	177947219	255	5	377,149,144,137,1173,	0,467,1171,1398,1776,	chr5	177945531	177945992	retro_human_10574	0	-	intergenic	461
chr5	177945300	177947988	ENSG00000131187[7,15,1]	0	-	177945512	177947219	255	5	377,149,144,137,912,	0,467,1171,1398,1776,	chr5	177945531	177945992	retro_human_10574	0	-	intergenic	461
chr5	177945300	177947740	ENSG00000131187[4,15,1]	0	-	177945512	177947219	255	5	377,149,144,137,664,	0,467,1171,1398,1776,	chr5	177945531	177945992	retro_human_10574	0	-	intergenic	461
chr5	177945300	177947740	ENSG00000131187[4,14,1]	0	-	177945512	177945812	255	2	377,1973,	0,467,	chr5	177945531	177945992	retro_human_10574	0	-	intergenic	461
chr5	177945300	177948249	ENSG00000131187[5,16,1]	0	-	177945512	177947486	255	6	377,149,144,137,232,836,	0,467,1171,1398,1776,2113,	chr5	177945531	177945992	retro_human_10574	0	-	intergenic	461
chr5	177945300	177947988	ENSG00000131187[7,16,1]	0	-	177945512	177947486	255	6	377,149,144,137,232,575,	0,467,1171,1398,1776,2113,	chr5	177945531	177945992	retro_human_10574	0	-	intergenic	461
chr5	177945300	177947740	ENSG00000131187[4,16,1]	0	-	177945512	177947486	255	6	377,149,144,137,232,327,	0,467,1171,1398,1776,2113,	chr5	177945531	177945992	retro_human_10574	0	-	intergenic	461
chr5	177945300	177947988	ENSG00000131187[7,4,1]	0	-	177945512	177945812	0	4	377,149,144,1290,	0,467,1171,1398,	chr5	177945531	177945992	retro_human_10574	0	-	intergenic	461
chr5	177945300	177947018	ENSG00000131187[3,4,1]	0	-	177945512	177945812	0	4	377,149,144,320,	0,467,1171,1398,	chr5	177945531	177945992	retro_human_10574	0	-	intergenic	461
chr5	177945300	177947740	ENSG00000131187[4,4,1]	0	-	177945512	177945812	0	4	377,149,144,1042,	0,467,1171,1398,	chr5	177945531	177945992	retro_human_10574	0	-	intergenic	461
chr5	177945300	177947988	ENSG00000131187[7,3,1]	0	-	177945512	177945812	0	3	377,149,1517,	0,467,1171,	chr5	177945531	177945992	retro_human_10574	0	-	intergenic	461
chr5	177945300	177947740	ENSG00000131187[4,3,1]	0	-	177945512	177945812	0	3	377,149,1269,	0,467,1171,	chr5	177945531	177945992	retro_human_10574	0	-	intergenic	461
chr5	177945300	177947018	ENSG00000131187[3,3,1]	0	-	177945512	177945812	0	3	377,149,547,	0,467,1171,	chr5	177945531	177945992	retro_human_10574	0	-	intergenic	461
chr5	177945300	177947988	ENSG00000131187[7,6,1]	0	-	177946790	177947486	0	5	377,149,144,610,575,	0,467,1171,1398,2113,	chr5	177945531	177945992	retro_human_10574	0	-	intergenic	461
chr5	177945300	177947740	ENSG00000131187[4,6,1]	0	-	177946790	177947486	0	5	377,149,144,610,327,	0,467,1171,1398,2113,	chr5	177945531	177945992	retro_human_10574	0	-	intergenic	461
chr5	180233789	180250001	ENSG00000225051[3,2,1]	0	+	180233789	180233789	0	2	679,514,	0,15698,	chr5	180234215	180249831	HMGB3P22-201|transcribed_processed_pseudogene	0	+	intergenic	15616
chr5	180234165	180250001	ENSG00000225051[1,2,1]	0	+	180234165	180234165	0	2	303,514,	0,15322,	chr5	180234215	180249831	HMGB3P22-201|transcribed_processed_pseudogene	0	+	intergenic	15616
chr6	25018250	25018687	ENSG00000262400[1,1,1]	0	+	25018250	25018250	0	1	437,	0,	chr6	25018300	25018637	retro_human_8539|AL590084.3-201|processed_pseudogene	0	+	intergenic	337
chr6	25084481	25084963	ENSG00000219681[1,1,1]	0	+	25084481	25084481	0	1	482,	0,	chr6	25084531	25084913	retro_human_8537|AL590084.2-201|processed_pseudogene	0	+	intergenic	382
chr6	28869540	28880068	ENSG00000197935[1,1,1]	0	-	28869809	28878761	0	7	1852,105,127,92,82,269,359,	0,3999,4753,5222,8779,9212,10169,	chr6	28869927	28874420	retro_human_1345	0	-	intergenic	4493
chr6	34043113	34043843	ENSG00000214810[1,1,1]	0	+	34043113	34043113	0	2	320,94,	0,636,	chr6	34043163	34043793	retro_human_5036|CYCSP55-201|processed_pseudogene	0	+	intergenic	630
chr6	53046084	53048284	ENSG00000218713[1,1,1]	0	-	53046084	53046084	0	1	2200,	0,	chr6	53046134	53048234	retro_human_8059|AL512378.1-201|processed_pseudogene	0	-	intergenic	2100
chr6	74692803	74698186	ENSG00000156508[1,53,1]	0	-	74694916	74697130	255	8	2235,235,257,148,297,180,174,83,	0,2330,2654,3001,3232,3637,4183,5300,	chr6	74696036	74697109	retro_human_10693	0	-	intergenic	1073
chr6	74692803	74698186	ENSG00000156508[1,45,1]	0	-	74694916	74696194	255	8	2235,235,257,151,297,184,174,83,	0,2330,2654,2998,3232,3633,4183,5300,	chr6	74696036	74697109	retro_human_10693	0	-	intergenic	1073
chr6	74692803	74698186	ENSG00000156508[1,2,1]	0	-	74694916	74697130	0	7	2235,235,257,151,297,180,1200,	0,2330,2654,2998,3232,3637,4183,	chr6	74696036	74697109	retro_human_10693	0	-	intergenic	1073
chr6	74692803	74698186	ENSG00000156508[1,1,1]	0	-	74694916	74697130	0	8	2235,235,257,151,297,180,174,83,	0,2330,2654,2998,3232,3637,4183,5300,	chr6	74696036	74697109	retro_human_10693	0	-	intergenic	1073
chr6	74694568	74698186	ENSG00000156508[1,51,2]	0	-	74695022	74697130	255	8	470,239,257,151,297,180,174,83,	0,561,889,1233,1467,1872,2418,3535,	chr6	74696036	74697109	retro_human_10693	0	-	intergenic	1073
chr6	74694568	74698186	ENSG00000156508[1,42,2]	0	-	74694916	74696620	255	8	470,235,257,151,297,180,95,83,	0,565,889,1233,1467,1872,2418,3535,	chr6	74696036	74697109	retro_human_10693	0	-	intergenic	1073
chr6	74694568	74698186	ENSG00000156508[1,52,2]	0	-	74694916	74697130	255	9	470,235,90,80,151,297,180,174,83,	0,565,889,1066,1233,1467,1872,2418,3535,	chr6	74696036	74697109	retro_human_10693	0	-	intergenic	1073
chr6	74694568	74698186	ENSG00000156508[1,11,2]	0	-	74694916	74697130	255	8	470,235,257,151,297,171,174,83,	0,565,889,1233,1467,1872,2418,3535,	chr6	74696036	74697109	retro_human_10693	0	-	intergenic	1073
chr6	74694568	74698186	ENSG00000156508[1,23,2]	0	-	74695448	74697130	255	7	470,581,151,297,180,174,83,	0,565,1233,1467,1872,2418,3535,	chr6	74696036	74697109	retro_human_10693	0	-	intergenic	1073
chr6	74694568	74696295	ENSG00000156508[15,36,2]	0	-	74695098	74696194	255	4	800,257,151,260,	0,889,1233,1467,	chr6	74696036	74697109	retro_human_10693	0	-	intergenic	259
chr6	74694568	74698186	ENSG00000156508[1,43,2]	0	-	74694916	74696620	255	8	470,235,257,151,297,180,178,83,	0,565,889,1233,1467,1872,2414,3535,	chr6	74696036	74697109	retro_human_10693	0	-	intergenic	1073
chr6	74694568	74698186	ENSG00000156508[1,54,2]	0	-	74694916	74696067	255	8	470,235,257,151,289,180,174,83,	0,565,889,1233,1475,1872,2418,3535,	chr6	74696036	74697109	retro_human_10693	0	-	intergenic	1073
chr6	74694568	74698186	ENSG00000156508[1,50,2]	0	-	74695448	74697130	255	6	1146,151,297,180,174,83,	0,1233,1467,1872,2418,3535,	chr6	74696036	74697109	retro_human_10693	0	-	intergenic	1073
chr6	74694568	74698186	ENSG00000156508[1,46,2]	0	-	74696011	74697130	255	4	1764,180,174,83,	0,1872,2418,3535,	chr6	74696036	74697109	retro_human_10693	0	-	intergenic	1073
chr6	74694568	74698186	ENSG00000156508[1,49,2]	0	-	74695599	74697130	255	8	470,235,257,155,297,180,174,83,	0,565,889,1229,1467,1872,2418,3535,	chr6	74696036	74697109	retro_human_10693	0	-	intergenic	1073
chr6	74694568	74698186	ENSG00000156508[1,48,2]	0	-	74695621	74697130	255	8	470,235,257,162,297,180,174,83,	0,565,889,1222,1467,1872,2418,3535,	chr6	74696036	74697109	retro_human_10693	0	-	intergenic	1073
chr6	74694568	74700985	ENSG00000156508[5,9,2]	0	-	74694916	74697130	255	8	470,235,257,151,297,180,174,163,	0,565,889,1233,1467,1872,2418,6254,	chr6	74696036	74697109	retro_human_10693	0	-	intergenic	1073
chr6	74694568	74697368	ENSG00000156508[2,3,2]	0	-	74694916	74697130	255	8	470,235,257,151,297,180,174,114,	0,565,889,1233,1467,1872,2418,2686,	chr6	74696036	74697109	retro_human_10693	0	-	intergenic	1073
chr6	74694568	74698186	ENSG00000156508[1,22,2]	0	-	74694916	74695985	255	7	470,235,257,531,180,174,83,	0,565,889,1233,1872,2418,3535,	chr6	74696036	74697109	retro_human_10693	0	-	intergenic	1073
chr6	74694568	74700985	ENSG00000156508[5,8,2]	0	-	74694916	74697130	255	8	470,235,257,151,297,180,174,441,	0,565,889,1233,1467,1872,2418,5976,	chr6	74696036	74697109	retro_human_10693	0	-	intergenic	1073
chr6	74694568	74698186	ENSG00000156508[1,47,2]	0	-	74694916	74695952	255	8	470,235,257,151,301,180,174,83,	0,565,889,1233,1463,1872,2418,3535,	chr6	74696036	74697109	retro_human_10693	0	-	intergenic	1073
chr6	74694568	74696295	ENSG00000156508[15,38,2]	0	-	74694916	74696194	255	5	470,235,257,148,260,	0,565,889,1236,1467,	chr6	74696036	74697109	retro_human_10693	0	-	intergenic	259
chr6	74694568	74698527	ENSG00000156508[11,53,2]	0	-	74694916	74697130	255	8	470,235,257,148,297,180,174,424,	0,565,889,1236,1467,1872,2418,3535,	chr6	74696036	74697109	retro_human_10693	0	-	intergenic	1073
chr6	74694568	74698186	ENSG00000156508[1,53,2]	0	-	74694916	74697130	255	8	470,235,257,148,297,180,174,83,	0,565,889,1236,1467,1872,2418,3535,	chr6	74696036	74697109	retro_human_10693	0	-	intergenic	1073
chr6	74694568	74698186	ENSG00000156508[1,41,2]	0	-	74694916	74697130	255	8	470,235,257,151,297,180,174,87,	0,565,889,1233,1467,1872,2418,3531,	chr6	74696036	74697109	retro_human_10693	0	-	intergenic	1073
chr6	74694568	74698527	ENSG00000156508[11,45,2]	0	-	74694916	74696194	255	8	470,235,257,151,297,184,174,424,	0,565,889,1233,1467,1868,2418,3535,	chr6	74696036	74697109	retro_human_10693	0	-	intergenic	1073
chr6	74694568	74698186	ENSG00000156508[1,45,2]	0	-	74694916	74696194	255	8	470,235,257,151,297,184,174,83,	0,565,889,1233,1467,1868,2418,3535,	chr6	74696036	74697109	retro_human_10693	0	-	intergenic	1073
chr6	74694568	74698186	ENSG00000156508[1,4,2]	0	-	74694916	74697130	255	8	470,235,257,151,297,180,174,721,	0,565,889,1233,1467,1872,2418,2897,	chr6	74696036	74697109	retro_human_10693	0	-	intergenic	1073
chr6	74694568	74697745	ENSG00000156508[3,4,2]	0	-	74694916	74697130	255	8	470,235,257,151,297,180,174,280,	0,565,889,1233,1467,1872,2418,2897,	chr6	74696036	74697109	retro_human_10693	0	-	intergenic	1073
chr6	74694568	74697745	ENSG00000156508[3,40,2]	0	-	74694916	74697130	255	8	470,235,257,151,297,180,174,394,	0,565,889,1233,1467,1872,2418,2783,	chr6	74696036	74697109	retro_human_10693	0	-	intergenic	1073
chr6	74694568	74698527	ENSG00000156508[11,13,2]	0	-	74695098	74697130	255	7	800,257,151,297,180,174,424,	0,889,1233,1467,1872,2418,3535,	chr6	74696036	74697109	retro_human_10693	0	-	intergenic	1073
chr6	74694568	74698186	ENSG00000156508[1,13,2]	0	-	74695098	74697130	255	7	800,257,151,297,180,174,83,	0,889,1233,1467,1872,2418,3535,	chr6	74696036	74697109	retro_human_10693	0	-	intergenic	1073
chr6	74694568	74696295	ENSG00000156508[15,35,2]	0	-	74694916	74695985	255	4	470,235,257,494,	0,565,889,1233,	chr6	74696036	74697109	retro_human_10693	0	-	intergenic	259
chr6	74694568	74698186	ENSG00000156508[1,39,2]	0	-	74694916	74696620	255	6	470,235,257,151,297,1746,	0,565,889,1233,1467,1872,	chr6	74696036	74697109	retro_human_10693	0	-	intergenic	1073
chr6	74694568	74698186	ENSG00000156508[1,37,2]	0	-	74694916	74696620	255	5	470,235,257,151,2151,	0,565,889,1233,1467,	chr6	74696036	74697109	retro_human_10693	0	-	intergenic	1073
chr6	74694568	74696295	ENSG00000156508[15,37,2]	0	-	74694916	74696194	255	5	470,235,257,151,260,	0,565,889,1233,1467,	chr6	74696036	74697109	retro_human_10693	0	-	intergenic	259
chr6	74694568	74698186	ENSG00000156508[1,34,2]	0	-	74694916	74695661	255	3	470,235,2729,	0,565,889,	chr6	74696036	74697109	retro_human_10693	0	-	intergenic	1073
chr6	74694568	74696295	ENSG00000156508[15,34,2]	0	-	74694916	74695661	255	3	470,235,838,	0,565,889,	chr6	74696036	74697109	retro_human_10693	0	-	intergenic	259
chr6	74694568	74698186	ENSG00000156508[1,27,2]	0	-	74695448	74697130	0	6	470,581,151,297,180,1200,	0,565,1233,1467,1872,2418,	chr6	74696036	74697109	retro_human_10693	0	-	intergenic	1073
chr6	74694568	74697213	ENSG00000156508[13,27,2]	0	-	74695448	74697130	0	6	470,581,151,297,180,227,	0,565,1233,1467,1872,2418,	chr6	74696036	74697109	retro_human_10693	0	-	intergenic	1073
chr6	74694568	74698729	ENSG00000156508[7,6,2]	0	-	74694916	74697130	0	8	470,235,257,151,297,180,174,119,	0,565,889,1233,1467,1872,2418,4042,	chr6	74696036	74697109	retro_human_10693	0	-	intergenic	1073
chr6	74694568	74699054	ENSG00000156508[4,6,2]	0	-	74694916	74697130	0	8	470,235,257,151,297,180,174,444,	0,565,889,1233,1467,1872,2418,4042,	chr6	74696036	74697109	retro_human_10693	0	-	intergenic	1073
chr6	74694568	74699054	ENSG00000156508[4,2,2]	0	-	74694916	74697130	0	7	470,235,257,151,297,180,2068,	0,565,889,1233,1467,1872,2418,	chr6	74696036	74697109	retro_human_10693	0	-	intergenic	1073
chr6	74694568	74698729	ENSG00000156508[7,2,2]	0	-	74694916	74697130	0	7	470,235,257,151,297,180,1743,	0,565,889,1233,1467,1872,2418,	chr6	74696036	74697109	retro_human_10693	0	-	intergenic	1073
chr6	74694568	74698186	ENSG00000156508[1,2,2]	0	-	74694916	74697130	0	7	470,235,257,151,297,180,1200,	0,565,889,1233,1467,1872,2418,	chr6	74696036	74697109	retro_human_10693	0	-	intergenic	1073
chr6	74694568	74699054	ENSG00000156508[4,1,2]	0	-	74694916	74697130	0	8	470,235,257,151,297,180,174,951,	0,565,889,1233,1467,1872,2418,3535,	chr6	74696036	74697109	retro_human_10693	0	-	intergenic	1073
chr6	74694568	74698527	ENSG00000156508[11,1,2]	0	-	74694916	74697130	0	8	470,235,257,151,297,180,174,424,	0,565,889,1233,1467,1872,2418,3535,	chr6	74696036	74697109	retro_human_10693	0	-	intergenic	1073
chr6	74694568	74698186	ENSG00000156508[1,1,2]	0	-	74694916	74697130	0	8	470,235,257,151,297,180,174,83,	0,565,889,1233,1467,1872,2418,3535,	chr6	74696036	74697109	retro_human_10693	0	-	intergenic	1073
chr6	74694568	74698729	ENSG00000156508[7,1,2]	0	-	74694916	74697130	0	8	470,235,257,151,297,180,174,626,	0,565,889,1233,1467,1872,2418,3535,	chr6	74696036	74697109	retro_human_10693	0	-	intergenic	1073
chr6	74695847	74697213	ENSG00000156508[13,26,9]	0	-	74696011	74697130	0	3	485,180,227,	0,593,1139,	chr6	74696036	74697109	retro_human_10693	0	-	intergenic	1073
chr6	87938359	87938860	ENSG00000218561[1,1,1]	0	-	87938359	87938359	0	1	501,	0,	chr6	87938409	87938810	retro_human_10287|AL353133.1-201|processed_pseudogene	0	-	intergenic	401
chr6	106333998	106355799	ENSG00000132429[1,4,2]	0	-	106335553	106337662	0	4	502,109,365,232,	0,1461,3550,21569,	chr6	106334267	106337515	retro_human_3975	0	-	intergenic	3248
chr6	106333998	106355799	ENSG00000132429[1,1,2]	0	-	106334221	106337662	0	4	502,109,736,232,	0,1461,3179,21569,	chr6	106334267	106337515	retro_human_3975	0	-	intergenic	3248
chr6	106334279	106335920	ENSG00000132429[2,2,3]	0	-	106335560	106335731	0	2	221,461,	0,1180,	chr6	106334267	106337515	retro_human_3975	0	-	intergenic	1641
chr6	111570204	111594120	ENSG00000203797[1,1,1]	0	-	111571261	111594041	0	5	1622,177,109,176,159,	0,13062,16622,21581,23757,	chr6	111571262	111583406	retro_human_9448	0	-	intergenic	12144
chr6	111570204	111594120	ENSG00000203797[1,2,1]	0	-	111571261	111594041	0	4	1622,109,176,159,	0,16622,21581,23757,	chr6	111571262	111583406	retro_human_9448	0	-	intergenic	12144
chr6	111570616	111594120	ENSG00000203797[1,1,2]	0	-	111571261	111594041	0	5	1210,177,109,176,159,	0,12650,16210,21169,23345,	chr6	111571262	111583406	retro_human_9448	0	-	intergenic	12144
chr6	111570616	111594120	ENSG00000203797[1,2,2]	0	-	111571261	111594041	0	4	1210,109,176,159,	0,16210,21169,23345,	chr6	111571262	111583406	retro_human_9448	0	-	intergenic	12144
chr6	119637515	119640139	ENSG00000216809[1,1,1]	0	-	119637515	119637515	0	1	2624,	0,	chr6	119637565	119640089	retro_human_9064|AL589993.1-201|processed_pseudogene	0	-	intergenic	2524
chr6	128307541	128344419	ENSG00000146374[1,4,5]	0	+	128307562	128307733	255	4	669,192,147,248,	0,30039,31815,36630,	chr6	128337343	128401788	AL356534.1-238|transcribed_processed_pseudogene	0	-	intergenic	7076
chr6	128307541	128344419	ENSG00000146374[1,4,5]	0	+	128307562	128307733	255	4	669,192,147,248,	0,30039,31815,36630,	chr6	128070909	128401700	AL356534.1-222|transcribed_processed_pseudogene	0	-	intergenic	36878
chr6	128307541	128344419	ENSG00000146374[1,4,5]	0	+	128307562	128307733	255	4	669,192,147,248,	0,30039,31815,36630,	chr6	128073857	128401772	AL356534.1-223|transcribed_processed_pseudogene	0	-	intergenic	36878
chr6	128307541	128344419	ENSG00000146374[1,4,5]	0	+	128307562	128307733	255	4	669,192,147,248,	0,30039,31815,36630,	chr6	128076485	128401733	AL356534.1-226|transcribed_processed_pseudogene	0	-	intergenic	36878
chr6	128307541	128344419	ENSG00000146374[1,4,5]	0	+	128307562	128307733	255	4	669,192,147,248,	0,30039,31815,36630,	chr6	128188859	128401788	AL356534.1-227|transcribed_processed_pseudogene	0	-	intergenic	36878
chr6	128307541	128344419	ENSG00000146374[1,4,5]	0	+	128307562	128307733	255	4	669,192,147,248,	0,30039,31815,36630,	chr6	128191782	128401770	AL356534.1-230|transcribed_processed_pseudogene	0	-	intergenic	36878
chr6	128307541	128344419	ENSG00000146374[1,4,5]	0	+	128307562	128307733	255	4	669,192,147,248,	0,30039,31815,36630,	chr6	128193014	128366347	AL356534.1-231|transcribed_processed_pseudogene	0	-	intergenic	36878
chr6	128307541	128344419	ENSG00000146374[1,4,5]	0	+	128307562	128307733	255	4	669,192,147,248,	0,30039,31815,36630,	chr6	128253423	128401766	AL356534.1-232|transcribed_processed_pseudogene	0	-	intergenic	36878
chr6	128307541	128344419	ENSG00000146374[1,4,5]	0	+	128307562	128307733	255	4	669,192,147,248,	0,30039,31815,36630,	chr6	128258909	128366350	AL356534.1-233|transcribed_processed_pseudogene	0	-	intergenic	36878
chr6	128307541	128344419	ENSG00000146374[1,4,5]	0	+	128307562	128307733	255	4	669,192,147,248,	0,30039,31815,36630,	chr6	128280557	128401739	AL356534.1-234|transcribed_processed_pseudogene	0	-	intergenic	36878
chr6	128307541	128344419	ENSG00000146374[1,4,5]	0	+	128307562	128307733	255	4	669,192,147,248,	0,30039,31815,36630,	chr6	128309931	128401722	AL356534.1-235|transcribed_processed_pseudogene	0	-	intergenic	34488
chr6	128307541	128344419	ENSG00000146374[1,4,5]	0	+	128307562	128307733	255	4	669,192,147,248,	0,30039,31815,36630,	chr6	128310026	128402553	AL356534.1-236|transcribed_processed_pseudogene	0	-	intergenic	34393
chr6	128307541	128344419	ENSG00000146374[1,4,5]	0	+	128307562	128307733	255	4	669,192,147,248,	0,30039,31815,36630,	chr6	128313608	128401771	AL356534.1-237|transcribed_processed_pseudogene	0	-	intergenic	30811
chr6	128307541	128386759	ENSG00000146374[1,2,2]	0	+	128308113	128386450	0	6	669,192,147,198,161,390,	0,30039,31815,36630,77225,78828,	chr6	128337343	128401788	AL356534.1-238|transcribed_processed_pseudogene	0	-	intergenic	49416
chr6	128307541	128386759	ENSG00000146374[1,2,2]	0	+	128308113	128386450	0	6	669,192,147,198,161,390,	0,30039,31815,36630,77225,78828,	chr6	128365689	128401766	AL356534.1-239|transcribed_processed_pseudogene	0	-	intergenic	21070
chr6	128307541	128386759	ENSG00000146374[1,2,2]	0	+	128308113	128386450	0	6	669,192,147,198,161,390,	0,30039,31815,36630,77225,78828,	chr6	127948858	128401747	AL356534.1-216|transcribed_processed_pseudogene	0	-	intergenic	79218
chr6	128307541	128386759	ENSG00000146374[1,2,2]	0	+	128308113	128386450	0	6	669,192,147,198,161,390,	0,30039,31815,36630,77225,78828,	chr6	128005756	128401772	AL356534.1-221|transcribed_processed_pseudogene	0	-	intergenic	79218
chr6	128307541	128386759	ENSG00000146374[1,2,2]	0	+	128308113	128386450	0	6	669,192,147,198,161,390,	0,30039,31815,36630,77225,78828,	chr6	128070909	128401700	AL356534.1-222|transcribed_processed_pseudogene	0	-	intergenic	79218
chr6	128307541	128386759	ENSG00000146374[1,2,2]	0	+	128308113	128386450	0	6	669,192,147,198,161,390,	0,30039,31815,36630,77225,78828,	chr6	128073857	128401772	AL356534.1-223|transcribed_processed_pseudogene	0	-	intergenic	79218
chr6	128307541	128386759	ENSG00000146374[1,2,2]	0	+	128308113	128386450	0	6	669,192,147,198,161,390,	0,30039,31815,36630,77225,78828,	chr6	128076485	128401733	AL356534.1-226|transcribed_processed_pseudogene	0	-	intergenic	79218
chr6	128307541	128386759	ENSG00000146374[1,2,2]	0	+	128308113	128386450	0	6	669,192,147,198,161,390,	0,30039,31815,36630,77225,78828,	chr6	128188859	128401788	AL356534.1-227|transcribed_processed_pseudogene	0	-	intergenic	79218
chr6	128307541	128386759	ENSG00000146374[1,2,2]	0	+	128308113	128386450	0	6	669,192,147,198,161,390,	0,30039,31815,36630,77225,78828,	chr6	128191782	128401770	AL356534.1-230|transcribed_processed_pseudogene	0	-	intergenic	79218
chr6	128307541	128386759	ENSG00000146374[1,2,2]	0	+	128308113	128386450	0	6	669,192,147,198,161,390,	0,30039,31815,36630,77225,78828,	chr6	128193014	128366347	AL356534.1-231|transcribed_processed_pseudogene	0	-	intergenic	58806
chr6	128307541	128386759	ENSG00000146374[1,2,2]	0	+	128308113	128386450	0	6	669,192,147,198,161,390,	0,30039,31815,36630,77225,78828,	chr6	128253423	128401766	AL356534.1-232|transcribed_processed_pseudogene	0	-	intergenic	79218
chr6	128307541	128386759	ENSG00000146374[1,2,2]	0	+	128308113	128386450	0	6	669,192,147,198,161,390,	0,30039,31815,36630,77225,78828,	chr6	128258909	128366350	AL356534.1-233|transcribed_processed_pseudogene	0	-	intergenic	58809
chr6	128307541	128386759	ENSG00000146374[1,2,2]	0	+	128308113	128386450	0	6	669,192,147,198,161,390,	0,30039,31815,36630,77225,78828,	chr6	128280557	128401739	AL356534.1-234|transcribed_processed_pseudogene	0	-	intergenic	79218
chr6	128307541	128386759	ENSG00000146374[1,2,2]	0	+	128308113	128386450	0	6	669,192,147,198,161,390,	0,30039,31815,36630,77225,78828,	chr6	128309931	128401722	AL356534.1-235|transcribed_processed_pseudogene	0	-	intergenic	76828
chr6	128307541	128386759	ENSG00000146374[1,2,2]	0	+	128308113	128386450	0	6	669,192,147,198,161,390,	0,30039,31815,36630,77225,78828,	chr6	128310026	128402553	AL356534.1-236|transcribed_processed_pseudogene	0	-	intergenic	76733
chr6	128307541	128386759	ENSG00000146374[1,2,2]	0	+	128308113	128386450	0	6	669,192,147,198,161,390,	0,30039,31815,36630,77225,78828,	chr6	128313608	128401771	AL356534.1-237|transcribed_processed_pseudogene	0	-	intergenic	73151
chr6	128307541	128386759	ENSG00000146374[1,2,2]	0	+	128308113	128386450	0	6	669,192,147,198,161,390,	0,30039,31815,36630,77225,78828,	chr6	127684140	128401788	AL356534.1-203|transcribed_processed_pseudogene	0	-	intergenic	79218
chr6	128307541	128386759	ENSG00000146374[1,2,2]	0	+	128308113	128386450	0	6	669,192,147,198,161,390,	0,30039,31815,36630,77225,78828,	chr6	127684288	128401739	AL356534.1-204|transcribed_processed_pseudogene	0	-	intergenic	79218
chr6	128307541	128386759	ENSG00000146374[1,2,2]	0	+	128308113	128386450	0	6	669,192,147,198,161,390,	0,30039,31815,36630,77225,78828,	chr6	127867805	128401763	AL356534.1-206|transcribed_processed_pseudogene	0	-	intergenic	79218
chr6	128307541	128386759	ENSG00000146374[1,2,2]	0	+	128308113	128386450	0	6	669,192,147,198,161,390,	0,30039,31815,36630,77225,78828,	chr6	127881265	128366397	AL356534.1-209|transcribed_processed_pseudogene	0	-	intergenic	58856
chr6	128307541	128386759	ENSG00000146374[1,2,2]	0	+	128308113	128386450	0	6	669,192,147,198,161,390,	0,30039,31815,36630,77225,78828,	chr6	127881267	128401770	AL356534.1-210|transcribed_processed_pseudogene	0	-	intergenic	79218
chr6	128307541	128386759	ENSG00000146374[1,2,2]	0	+	128308113	128386450	0	6	669,192,147,198,161,390,	0,30039,31815,36630,77225,78828,	chr6	127881358	128401739	AL356534.1-213|transcribed_processed_pseudogene	0	-	intergenic	79218
chr6	128307541	128386759	ENSG00000146374[1,2,2]	0	+	128308113	128386450	0	6	669,192,147,198,161,390,	0,30039,31815,36630,77225,78828,	chr6	127881742	128401788	AL356534.1-214|transcribed_processed_pseudogene	0	-	intergenic	79218
chr6	128307541	128386759	ENSG00000146374[1,1,2]	0	+	128308113	128384948	0	5	669,192,147,198,1993,	0,30039,31815,36630,77225,	chr6	128337343	128401788	AL356534.1-238|transcribed_processed_pseudogene	0	-	intergenic	49416
chr6	128307541	128386759	ENSG00000146374[1,1,2]	0	+	128308113	128384948	0	5	669,192,147,198,1993,	0,30039,31815,36630,77225,	chr6	128365689	128401766	AL356534.1-239|transcribed_processed_pseudogene	0	-	intergenic	21070
chr6	128307541	128386759	ENSG00000146374[1,1,2]	0	+	128308113	128384948	0	5	669,192,147,198,1993,	0,30039,31815,36630,77225,	chr6	127948858	128401747	AL356534.1-216|transcribed_processed_pseudogene	0	-	intergenic	79218
chr6	128307541	128386759	ENSG00000146374[1,1,2]	0	+	128308113	128384948	0	5	669,192,147,198,1993,	0,30039,31815,36630,77225,	chr6	128005756	128401772	AL356534.1-221|transcribed_processed_pseudogene	0	-	intergenic	79218
chr6	128307541	128386759	ENSG00000146374[1,1,2]	0	+	128308113	128384948	0	5	669,192,147,198,1993,	0,30039,31815,36630,77225,	chr6	128070909	128401700	AL356534.1-222|transcribed_processed_pseudogene	0	-	intergenic	79218
chr6	128307541	128386759	ENSG00000146374[1,1,2]	0	+	128308113	128384948	0	5	669,192,147,198,1993,	0,30039,31815,36630,77225,	chr6	128073857	128401772	AL356534.1-223|transcribed_processed_pseudogene	0	-	intergenic	79218
chr6	128307541	128386759	ENSG00000146374[1,1,2]	0	+	128308113	128384948	0	5	669,192,147,198,1993,	0,30039,31815,36630,77225,	chr6	128076485	128401733	AL356534.1-226|transcribed_processed_pseudogene	0	-	intergenic	79218
chr6	128307541	128386759	ENSG00000146374[1,1,2]	0	+	128308113	128384948	0	5	669,192,147,198,1993,	0,30039,31815,36630,77225,	chr6	128188859	128401788	AL356534.1-227|transcribed_processed_pseudogene	0	-	intergenic	79218
chr6	128307541	128386759	ENSG00000146374[1,1,2]	0	+	128308113	128384948	0	5	669,192,147,198,1993,	0,30039,31815,36630,77225,	chr6	128191782	128401770	AL356534.1-230|transcribed_processed_pseudogene	0	-	intergenic	79218
chr6	128307541	128386759	ENSG00000146374[1,1,2]	0	+	128308113	128384948	0	5	669,192,147,198,1993,	0,30039,31815,36630,77225,	chr6	128193014	128366347	AL356534.1-231|transcribed_processed_pseudogene	0	-	intergenic	58806
chr6	128307541	128386759	ENSG00000146374[1,1,2]	0	+	128308113	128384948	0	5	669,192,147,198,1993,	0,30039,31815,36630,77225,	chr6	128253423	128401766	AL356534.1-232|transcribed_processed_pseudogene	0	-	intergenic	79218
chr6	128307541	128386759	ENSG00000146374[1,1,2]	0	+	128308113	128384948	0	5	669,192,147,198,1993,	0,30039,31815,36630,77225,	chr6	128258909	128366350	AL356534.1-233|transcribed_processed_pseudogene	0	-	intergenic	58809
chr6	128307541	128386759	ENSG00000146374[1,1,2]	0	+	128308113	128384948	0	5	669,192,147,198,1993,	0,30039,31815,36630,77225,	chr6	128280557	128401739	AL356534.1-234|transcribed_processed_pseudogene	0	-	intergenic	79218
chr6	128307541	128386759	ENSG00000146374[1,1,2]	0	+	128308113	128384948	0	5	669,192,147,198,1993,	0,30039,31815,36630,77225,	chr6	128309931	128401722	AL356534.1-235|transcribed_processed_pseudogene	0	-	intergenic	76828
chr6	128307541	128386759	ENSG00000146374[1,1,2]	0	+	128308113	128384948	0	5	669,192,147,198,1993,	0,30039,31815,36630,77225,	chr6	128310026	128402553	AL356534.1-236|transcribed_processed_pseudogene	0	-	intergenic	76733
chr6	128307541	128386759	ENSG00000146374[1,1,2]	0	+	128308113	128384948	0	5	669,192,147,198,1993,	0,30039,31815,36630,77225,	chr6	128313608	128401771	AL356534.1-237|transcribed_processed_pseudogene	0	-	intergenic	73151
chr6	128307541	128386759	ENSG00000146374[1,1,2]	0	+	128308113	128384948	0	5	669,192,147,198,1993,	0,30039,31815,36630,77225,	chr6	127684140	128401788	AL356534.1-203|transcribed_processed_pseudogene	0	-	intergenic	79218
chr6	128307541	128386759	ENSG00000146374[1,1,2]	0	+	128308113	128384948	0	5	669,192,147,198,1993,	0,30039,31815,36630,77225,	chr6	127684288	128401739	AL356534.1-204|transcribed_processed_pseudogene	0	-	intergenic	79218
chr6	128307541	128386759	ENSG00000146374[1,1,2]	0	+	128308113	128384948	0	5	669,192,147,198,1993,	0,30039,31815,36630,77225,	chr6	127867805	128401763	AL356534.1-206|transcribed_processed_pseudogene	0	-	intergenic	79218
chr6	128307541	128386759	ENSG00000146374[1,1,2]	0	+	128308113	128384948	0	5	669,192,147,198,1993,	0,30039,31815,36630,77225,	chr6	127881265	128366397	AL356534.1-209|transcribed_processed_pseudogene	0	-	intergenic	58856
chr6	128307541	128386759	ENSG00000146374[1,1,2]	0	+	128308113	128384948	0	5	669,192,147,198,1993,	0,30039,31815,36630,77225,	chr6	127881267	128401770	AL356534.1-210|transcribed_processed_pseudogene	0	-	intergenic	79218
chr6	128307541	128386759	ENSG00000146374[1,1,2]	0	+	128308113	128384948	0	5	669,192,147,198,1993,	0,30039,31815,36630,77225,	chr6	127881358	128401739	AL356534.1-213|transcribed_processed_pseudogene	0	-	intergenic	79218
chr6	128307541	128386759	ENSG00000146374[1,1,2]	0	+	128308113	128384948	0	5	669,192,147,198,1993,	0,30039,31815,36630,77225,	chr6	127881742	128401788	AL356534.1-214|transcribed_processed_pseudogene	0	-	intergenic	79218
chr6	128307541	128386027	ENSG00000146374[1,1,7]	0	+	128308113	128384948	0	5	669,192,147,198,1261,	0,30039,31815,36630,77225,	chr6	128337343	128401788	AL356534.1-238|transcribed_processed_pseudogene	0	-	intergenic	48684
chr6	128307541	128386027	ENSG00000146374[1,1,7]	0	+	128308113	128384948	0	5	669,192,147,198,1261,	0,30039,31815,36630,77225,	chr6	128365689	128401766	AL356534.1-239|transcribed_processed_pseudogene	0	-	intergenic	20338
chr6	128307541	128386027	ENSG00000146374[1,1,7]	0	+	128308113	128384948	0	5	669,192,147,198,1261,	0,30039,31815,36630,77225,	chr6	127948858	128401747	AL356534.1-216|transcribed_processed_pseudogene	0	-	intergenic	78486
chr6	128307541	128386027	ENSG00000146374[1,1,7]	0	+	128308113	128384948	0	5	669,192,147,198,1261,	0,30039,31815,36630,77225,	chr6	128005756	128401772	AL356534.1-221|transcribed_processed_pseudogene	0	-	intergenic	78486
chr6	128307541	128386027	ENSG00000146374[1,1,7]	0	+	128308113	128384948	0	5	669,192,147,198,1261,	0,30039,31815,36630,77225,	chr6	128070909	128401700	AL356534.1-222|transcribed_processed_pseudogene	0	-	intergenic	78486
chr6	128307541	128386027	ENSG00000146374[1,1,7]	0	+	128308113	128384948	0	5	669,192,147,198,1261,	0,30039,31815,36630,77225,	chr6	128073857	128401772	AL356534.1-223|transcribed_processed_pseudogene	0	-	intergenic	78486
chr6	128307541	128386027	ENSG00000146374[1,1,7]	0	+	128308113	128384948	0	5	669,192,147,198,1261,	0,30039,31815,36630,77225,	chr6	128076485	128401733	AL356534.1-226|transcribed_processed_pseudogene	0	-	intergenic	78486
chr6	128307541	128386027	ENSG00000146374[1,1,7]	0	+	128308113	128384948	0	5	669,192,147,198,1261,	0,30039,31815,36630,77225,	chr6	128188859	128401788	AL356534.1-227|transcribed_processed_pseudogene	0	-	intergenic	78486
chr6	128307541	128386027	ENSG00000146374[1,1,7]	0	+	128308113	128384948	0	5	669,192,147,198,1261,	0,30039,31815,36630,77225,	chr6	128191782	128401770	AL356534.1-230|transcribed_processed_pseudogene	0	-	intergenic	78486
chr6	128307541	128386027	ENSG00000146374[1,1,7]	0	+	128308113	128384948	0	5	669,192,147,198,1261,	0,30039,31815,36630,77225,	chr6	128193014	128366347	AL356534.1-231|transcribed_processed_pseudogene	0	-	intergenic	58806
chr6	128307541	128386027	ENSG00000146374[1,1,7]	0	+	128308113	128384948	0	5	669,192,147,198,1261,	0,30039,31815,36630,77225,	chr6	128253423	128401766	AL356534.1-232|transcribed_processed_pseudogene	0	-	intergenic	78486
chr6	128307541	128386027	ENSG00000146374[1,1,7]	0	+	128308113	128384948	0	5	669,192,147,198,1261,	0,30039,31815,36630,77225,	chr6	128258909	128366350	AL356534.1-233|transcribed_processed_pseudogene	0	-	intergenic	58809
chr6	128307541	128386027	ENSG00000146374[1,1,7]	0	+	128308113	128384948	0	5	669,192,147,198,1261,	0,30039,31815,36630,77225,	chr6	128280557	128401739	AL356534.1-234|transcribed_processed_pseudogene	0	-	intergenic	78486
chr6	128307541	128386027	ENSG00000146374[1,1,7]	0	+	128308113	128384948	0	5	669,192,147,198,1261,	0,30039,31815,36630,77225,	chr6	128309931	128401722	AL356534.1-235|transcribed_processed_pseudogene	0	-	intergenic	76096
chr6	128307541	128386027	ENSG00000146374[1,1,7]	0	+	128308113	128384948	0	5	669,192,147,198,1261,	0,30039,31815,36630,77225,	chr6	128310026	128402553	AL356534.1-236|transcribed_processed_pseudogene	0	-	intergenic	76001
chr6	128307541	128386027	ENSG00000146374[1,1,7]	0	+	128308113	128384948	0	5	669,192,147,198,1261,	0,30039,31815,36630,77225,	chr6	128313608	128401771	AL356534.1-237|transcribed_processed_pseudogene	0	-	intergenic	72419
chr6	128307541	128386027	ENSG00000146374[1,1,7]	0	+	128308113	128384948	0	5	669,192,147,198,1261,	0,30039,31815,36630,77225,	chr6	127684140	128401788	AL356534.1-203|transcribed_processed_pseudogene	0	-	intergenic	78486
chr6	128307541	128386027	ENSG00000146374[1,1,7]	0	+	128308113	128384948	0	5	669,192,147,198,1261,	0,30039,31815,36630,77225,	chr6	127684288	128401739	AL356534.1-204|transcribed_processed_pseudogene	0	-	intergenic	78486
chr6	128307541	128386027	ENSG00000146374[1,1,7]	0	+	128308113	128384948	0	5	669,192,147,198,1261,	0,30039,31815,36630,77225,	chr6	127867805	128401763	AL356534.1-206|transcribed_processed_pseudogene	0	-	intergenic	78486
chr6	128307541	128386027	ENSG00000146374[1,1,7]	0	+	128308113	128384948	0	5	669,192,147,198,1261,	0,30039,31815,36630,77225,	chr6	127881265	128366397	AL356534.1-209|transcribed_processed_pseudogene	0	-	intergenic	58856
chr6	128307541	128386027	ENSG00000146374[1,1,7]	0	+	128308113	128384948	0	5	669,192,147,198,1261,	0,30039,31815,36630,77225,	chr6	127881267	128401770	AL356534.1-210|transcribed_processed_pseudogene	0	-	intergenic	78486
chr6	128307541	128386027	ENSG00000146374[1,1,7]	0	+	128308113	128384948	0	5	669,192,147,198,1261,	0,30039,31815,36630,77225,	chr6	127881358	128401739	AL356534.1-213|transcribed_processed_pseudogene	0	-	intergenic	78486
chr6	128307541	128386027	ENSG00000146374[1,1,7]	0	+	128308113	128384948	0	5	669,192,147,198,1261,	0,30039,31815,36630,77225,	chr6	127881742	128401788	AL356534.1-214|transcribed_processed_pseudogene	0	-	intergenic	78486
chr6	128307541	128385868	ENSG00000146374[1,1,6]	0	+	128308113	128384948	0	5	669,192,147,198,1102,	0,30039,31815,36630,77225,	chr6	128337343	128401788	AL356534.1-238|transcribed_processed_pseudogene	0	-	intergenic	48525
chr6	128307541	128385868	ENSG00000146374[1,1,6]	0	+	128308113	128384948	0	5	669,192,147,198,1102,	0,30039,31815,36630,77225,	chr6	128365689	128401766	AL356534.1-239|transcribed_processed_pseudogene	0	-	intergenic	20179
chr6	128307541	128385868	ENSG00000146374[1,1,6]	0	+	128308113	128384948	0	5	669,192,147,198,1102,	0,30039,31815,36630,77225,	chr6	127948858	128401747	AL356534.1-216|transcribed_processed_pseudogene	0	-	intergenic	78327
chr6	128307541	128385868	ENSG00000146374[1,1,6]	0	+	128308113	128384948	0	5	669,192,147,198,1102,	0,30039,31815,36630,77225,	chr6	128005756	128401772	AL356534.1-221|transcribed_processed_pseudogene	0	-	intergenic	78327
chr6	128307541	128385868	ENSG00000146374[1,1,6]	0	+	128308113	128384948	0	5	669,192,147,198,1102,	0,30039,31815,36630,77225,	chr6	128070909	128401700	AL356534.1-222|transcribed_processed_pseudogene	0	-	intergenic	78327
chr6	128307541	128385868	ENSG00000146374[1,1,6]	0	+	128308113	128384948	0	5	669,192,147,198,1102,	0,30039,31815,36630,77225,	chr6	128073857	128401772	AL356534.1-223|transcribed_processed_pseudogene	0	-	intergenic	78327
chr6	128307541	128385868	ENSG00000146374[1,1,6]	0	+	128308113	128384948	0	5	669,192,147,198,1102,	0,30039,31815,36630,77225,	chr6	128076485	128401733	AL356534.1-226|transcribed_processed_pseudogene	0	-	intergenic	78327
chr6	128307541	128385868	ENSG00000146374[1,1,6]	0	+	128308113	128384948	0	5	669,192,147,198,1102,	0,30039,31815,36630,77225,	chr6	128188859	128401788	AL356534.1-227|transcribed_processed_pseudogene	0	-	intergenic	78327
chr6	128307541	128385868	ENSG00000146374[1,1,6]	0	+	128308113	128384948	0	5	669,192,147,198,1102,	0,30039,31815,36630,77225,	chr6	128191782	128401770	AL356534.1-230|transcribed_processed_pseudogene	0	-	intergenic	78327
chr6	128307541	128385868	ENSG00000146374[1,1,6]	0	+	128308113	128384948	0	5	669,192,147,198,1102,	0,30039,31815,36630,77225,	chr6	128193014	128366347	AL356534.1-231|transcribed_processed_pseudogene	0	-	intergenic	58806
chr6	128307541	128385868	ENSG00000146374[1,1,6]	0	+	128308113	128384948	0	5	669,192,147,198,1102,	0,30039,31815,36630,77225,	chr6	128253423	128401766	AL356534.1-232|transcribed_processed_pseudogene	0	-	intergenic	78327
chr6	128307541	128385868	ENSG00000146374[1,1,6]	0	+	128308113	128384948	0	5	669,192,147,198,1102,	0,30039,31815,36630,77225,	chr6	128258909	128366350	AL356534.1-233|transcribed_processed_pseudogene	0	-	intergenic	58809
chr6	128307541	128385868	ENSG00000146374[1,1,6]	0	+	128308113	128384948	0	5	669,192,147,198,1102,	0,30039,31815,36630,77225,	chr6	128280557	128401739	AL356534.1-234|transcribed_processed_pseudogene	0	-	intergenic	78327
chr6	128307541	128385868	ENSG00000146374[1,1,6]	0	+	128308113	128384948	0	5	669,192,147,198,1102,	0,30039,31815,36630,77225,	chr6	128309931	128401722	AL356534.1-235|transcribed_processed_pseudogene	0	-	intergenic	75937
chr6	128307541	128385868	ENSG00000146374[1,1,6]	0	+	128308113	128384948	0	5	669,192,147,198,1102,	0,30039,31815,36630,77225,	chr6	128310026	128402553	AL356534.1-236|transcribed_processed_pseudogene	0	-	intergenic	75842
chr6	128307541	128385868	ENSG00000146374[1,1,6]	0	+	128308113	128384948	0	5	669,192,147,198,1102,	0,30039,31815,36630,77225,	chr6	128313608	128401771	AL356534.1-237|transcribed_processed_pseudogene	0	-	intergenic	72260
chr6	128307541	128385868	ENSG00000146374[1,1,6]	0	+	128308113	128384948	0	5	669,192,147,198,1102,	0,30039,31815,36630,77225,	chr6	127684140	128401788	AL356534.1-203|transcribed_processed_pseudogene	0	-	intergenic	78327
chr6	128307541	128385868	ENSG00000146374[1,1,6]	0	+	128308113	128384948	0	5	669,192,147,198,1102,	0,30039,31815,36630,77225,	chr6	127684288	128401739	AL356534.1-204|transcribed_processed_pseudogene	0	-	intergenic	78327
chr6	128307541	128385868	ENSG00000146374[1,1,6]	0	+	128308113	128384948	0	5	669,192,147,198,1102,	0,30039,31815,36630,77225,	chr6	127867805	128401763	AL356534.1-206|transcribed_processed_pseudogene	0	-	intergenic	78327
chr6	128307541	128385868	ENSG00000146374[1,1,6]	0	+	128308113	128384948	0	5	669,192,147,198,1102,	0,30039,31815,36630,77225,	chr6	127881265	128366397	AL356534.1-209|transcribed_processed_pseudogene	0	-	intergenic	58856
chr6	128307541	128385868	ENSG00000146374[1,1,6]	0	+	128308113	128384948	0	5	669,192,147,198,1102,	0,30039,31815,36630,77225,	chr6	127881267	128401770	AL356534.1-210|transcribed_processed_pseudogene	0	-	intergenic	78327
chr6	128307541	128385868	ENSG00000146374[1,1,6]	0	+	128308113	128384948	0	5	669,192,147,198,1102,	0,30039,31815,36630,77225,	chr6	127881358	128401739	AL356534.1-213|transcribed_processed_pseudogene	0	-	intergenic	78327
chr6	128307541	128385868	ENSG00000146374[1,1,6]	0	+	128308113	128384948	0	5	669,192,147,198,1102,	0,30039,31815,36630,77225,	chr6	127881742	128401788	AL356534.1-214|transcribed_processed_pseudogene	0	-	intergenic	78327
chr6	128307541	128386290	ENSG00000146374[1,1,4]	0	+	128308113	128384948	0	5	669,192,147,198,1524,	0,30039,31815,36630,77225,	chr6	128337343	128401788	AL356534.1-238|transcribed_processed_pseudogene	0	-	intergenic	48947
chr6	128307541	128386290	ENSG00000146374[1,1,4]	0	+	128308113	128384948	0	5	669,192,147,198,1524,	0,30039,31815,36630,77225,	chr6	128365689	128401766	AL356534.1-239|transcribed_processed_pseudogene	0	-	intergenic	20601
chr6	128307541	128386290	ENSG00000146374[1,1,4]	0	+	128308113	128384948	0	5	669,192,147,198,1524,	0,30039,31815,36630,77225,	chr6	127948858	128401747	AL356534.1-216|transcribed_processed_pseudogene	0	-	intergenic	78749
chr6	128307541	128386290	ENSG00000146374[1,1,4]	0	+	128308113	128384948	0	5	669,192,147,198,1524,	0,30039,31815,36630,77225,	chr6	128005756	128401772	AL356534.1-221|transcribed_processed_pseudogene	0	-	intergenic	78749
chr6	128307541	128386290	ENSG00000146374[1,1,4]	0	+	128308113	128384948	0	5	669,192,147,198,1524,	0,30039,31815,36630,77225,	chr6	128070909	128401700	AL356534.1-222|transcribed_processed_pseudogene	0	-	intergenic	78749
chr6	128307541	128386290	ENSG00000146374[1,1,4]	0	+	128308113	128384948	0	5	669,192,147,198,1524,	0,30039,31815,36630,77225,	chr6	128073857	128401772	AL356534.1-223|transcribed_processed_pseudogene	0	-	intergenic	78749
chr6	128307541	128386290	ENSG00000146374[1,1,4]	0	+	128308113	128384948	0	5	669,192,147,198,1524,	0,30039,31815,36630,77225,	chr6	128076485	128401733	AL356534.1-226|transcribed_processed_pseudogene	0	-	intergenic	78749
chr6	128307541	128386290	ENSG00000146374[1,1,4]	0	+	128308113	128384948	0	5	669,192,147,198,1524,	0,30039,31815,36630,77225,	chr6	128188859	128401788	AL356534.1-227|transcribed_processed_pseudogene	0	-	intergenic	78749
chr6	128307541	128386290	ENSG00000146374[1,1,4]	0	+	128308113	128384948	0	5	669,192,147,198,1524,	0,30039,31815,36630,77225,	chr6	128191782	128401770	AL356534.1-230|transcribed_processed_pseudogene	0	-	intergenic	78749
chr6	128307541	128386290	ENSG00000146374[1,1,4]	0	+	128308113	128384948	0	5	669,192,147,198,1524,	0,30039,31815,36630,77225,	chr6	128193014	128366347	AL356534.1-231|transcribed_processed_pseudogene	0	-	intergenic	58806
chr6	128307541	128386290	ENSG00000146374[1,1,4]	0	+	128308113	128384948	0	5	669,192,147,198,1524,	0,30039,31815,36630,77225,	chr6	128253423	128401766	AL356534.1-232|transcribed_processed_pseudogene	0	-	intergenic	78749
chr6	128307541	128386290	ENSG00000146374[1,1,4]	0	+	128308113	128384948	0	5	669,192,147,198,1524,	0,30039,31815,36630,77225,	chr6	128258909	128366350	AL356534.1-233|transcribed_processed_pseudogene	0	-	intergenic	58809
chr6	128307541	128386290	ENSG00000146374[1,1,4]	0	+	128308113	128384948	0	5	669,192,147,198,1524,	0,30039,31815,36630,77225,	chr6	128280557	128401739	AL356534.1-234|transcribed_processed_pseudogene	0	-	intergenic	78749
chr6	128307541	128386290	ENSG00000146374[1,1,4]	0	+	128308113	128384948	0	5	669,192,147,198,1524,	0,30039,31815,36630,77225,	chr6	128309931	128401722	AL356534.1-235|transcribed_processed_pseudogene	0	-	intergenic	76359
chr6	128307541	128386290	ENSG00000146374[1,1,4]	0	+	128308113	128384948	0	5	669,192,147,198,1524,	0,30039,31815,36630,77225,	chr6	128310026	128402553	AL356534.1-236|transcribed_processed_pseudogene	0	-	intergenic	76264
chr6	128307541	128386290	ENSG00000146374[1,1,4]	0	+	128308113	128384948	0	5	669,192,147,198,1524,	0,30039,31815,36630,77225,	chr6	128313608	128401771	AL356534.1-237|transcribed_processed_pseudogene	0	-	intergenic	72682
chr6	128307541	128386290	ENSG00000146374[1,1,4]	0	+	128308113	128384948	0	5	669,192,147,198,1524,	0,30039,31815,36630,77225,	chr6	127684140	128401788	AL356534.1-203|transcribed_processed_pseudogene	0	-	intergenic	78749
chr6	128307541	128386290	ENSG00000146374[1,1,4]	0	+	128308113	128384948	0	5	669,192,147,198,1524,	0,30039,31815,36630,77225,	chr6	127684288	128401739	AL356534.1-204|transcribed_processed_pseudogene	0	-	intergenic	78749
chr6	128307541	128386290	ENSG00000146374[1,1,4]	0	+	128308113	128384948	0	5	669,192,147,198,1524,	0,30039,31815,36630,77225,	chr6	127867805	128401763	AL356534.1-206|transcribed_processed_pseudogene	0	-	intergenic	78749
chr6	128307541	128386290	ENSG00000146374[1,1,4]	0	+	128308113	128384948	0	5	669,192,147,198,1524,	0,30039,31815,36630,77225,	chr6	127881265	128366397	AL356534.1-209|transcribed_processed_pseudogene	0	-	intergenic	58856
chr6	128307541	128386290	ENSG00000146374[1,1,4]	0	+	128308113	128384948	0	5	669,192,147,198,1524,	0,30039,31815,36630,77225,	chr6	127881267	128401770	AL356534.1-210|transcribed_processed_pseudogene	0	-	intergenic	78749
chr6	128307541	128386290	ENSG00000146374[1,1,4]	0	+	128308113	128384948	0	5	669,192,147,198,1524,	0,30039,31815,36630,77225,	chr6	127881358	128401739	AL356534.1-213|transcribed_processed_pseudogene	0	-	intergenic	78749
chr6	128307541	128386290	ENSG00000146374[1,1,4]	0	+	128308113	128384948	0	5	669,192,147,198,1524,	0,30039,31815,36630,77225,	chr6	127881742	128401788	AL356534.1-214|transcribed_processed_pseudogene	0	-	intergenic	78749
chr6	128307908	128386759	ENSG00000146374[2,2,2]	0	+	128308113	128386450	0	6	302,192,147,198,161,390,	0,29672,31448,36263,76858,78461,	chr6	128337343	128401788	AL356534.1-238|transcribed_processed_pseudogene	0	-	intergenic	49416
chr6	128307908	128386759	ENSG00000146374[2,2,2]	0	+	128308113	128386450	0	6	302,192,147,198,161,390,	0,29672,31448,36263,76858,78461,	chr6	128365689	128401766	AL356534.1-239|transcribed_processed_pseudogene	0	-	intergenic	21070
chr6	128307908	128386759	ENSG00000146374[2,2,2]	0	+	128308113	128386450	0	6	302,192,147,198,161,390,	0,29672,31448,36263,76858,78461,	chr6	127948858	128401747	AL356534.1-216|transcribed_processed_pseudogene	0	-	intergenic	78851
chr6	128307908	128386759	ENSG00000146374[2,2,2]	0	+	128308113	128386450	0	6	302,192,147,198,161,390,	0,29672,31448,36263,76858,78461,	chr6	128005756	128401772	AL356534.1-221|transcribed_processed_pseudogene	0	-	intergenic	78851
chr6	128307908	128386759	ENSG00000146374[2,2,2]	0	+	128308113	128386450	0	6	302,192,147,198,161,390,	0,29672,31448,36263,76858,78461,	chr6	128070909	128401700	AL356534.1-222|transcribed_processed_pseudogene	0	-	intergenic	78851
chr6	128307908	128386759	ENSG00000146374[2,2,2]	0	+	128308113	128386450	0	6	302,192,147,198,161,390,	0,29672,31448,36263,76858,78461,	chr6	128073857	128401772	AL356534.1-223|transcribed_processed_pseudogene	0	-	intergenic	78851
chr6	128307908	128386759	ENSG00000146374[2,2,2]	0	+	128308113	128386450	0	6	302,192,147,198,161,390,	0,29672,31448,36263,76858,78461,	chr6	128076485	128401733	AL356534.1-226|transcribed_processed_pseudogene	0	-	intergenic	78851
chr6	128307908	128386759	ENSG00000146374[2,2,2]	0	+	128308113	128386450	0	6	302,192,147,198,161,390,	0,29672,31448,36263,76858,78461,	chr6	128188859	128401788	AL356534.1-227|transcribed_processed_pseudogene	0	-	intergenic	78851
chr6	128307908	128386759	ENSG00000146374[2,2,2]	0	+	128308113	128386450	0	6	302,192,147,198,161,390,	0,29672,31448,36263,76858,78461,	chr6	128191782	128401770	AL356534.1-230|transcribed_processed_pseudogene	0	-	intergenic	78851
chr6	128307908	128386759	ENSG00000146374[2,2,2]	0	+	128308113	128386450	0	6	302,192,147,198,161,390,	0,29672,31448,36263,76858,78461,	chr6	128193014	128366347	AL356534.1-231|transcribed_processed_pseudogene	0	-	intergenic	58439
chr6	128307908	128386759	ENSG00000146374[2,2,2]	0	+	128308113	128386450	0	6	302,192,147,198,161,390,	0,29672,31448,36263,76858,78461,	chr6	128253423	128401766	AL356534.1-232|transcribed_processed_pseudogene	0	-	intergenic	78851
chr6	128307908	128386759	ENSG00000146374[2,2,2]	0	+	128308113	128386450	0	6	302,192,147,198,161,390,	0,29672,31448,36263,76858,78461,	chr6	128258909	128366350	AL356534.1-233|transcribed_processed_pseudogene	0	-	intergenic	58442
chr6	128307908	128386759	ENSG00000146374[2,2,2]	0	+	128308113	128386450	0	6	302,192,147,198,161,390,	0,29672,31448,36263,76858,78461,	chr6	128280557	128401739	AL356534.1-234|transcribed_processed_pseudogene	0	-	intergenic	78851
chr6	128307908	128386759	ENSG00000146374[2,2,2]	0	+	128308113	128386450	0	6	302,192,147,198,161,390,	0,29672,31448,36263,76858,78461,	chr6	128309931	128401722	AL356534.1-235|transcribed_processed_pseudogene	0	-	intergenic	76828
chr6	128307908	128386759	ENSG00000146374[2,2,2]	0	+	128308113	128386450	0	6	302,192,147,198,161,390,	0,29672,31448,36263,76858,78461,	chr6	128310026	128402553	AL356534.1-236|transcribed_processed_pseudogene	0	-	intergenic	76733
chr6	128307908	128386759	ENSG00000146374[2,2,2]	0	+	128308113	128386450	0	6	302,192,147,198,161,390,	0,29672,31448,36263,76858,78461,	chr6	128313608	128401771	AL356534.1-237|transcribed_processed_pseudogene	0	-	intergenic	73151
chr6	128307908	128386759	ENSG00000146374[2,2,2]	0	+	128308113	128386450	0	6	302,192,147,198,161,390,	0,29672,31448,36263,76858,78461,	chr6	127684140	128401788	AL356534.1-203|transcribed_processed_pseudogene	0	-	intergenic	78851
chr6	128307908	128386759	ENSG00000146374[2,2,2]	0	+	128308113	128386450	0	6	302,192,147,198,161,390,	0,29672,31448,36263,76858,78461,	chr6	127684288	128401739	AL356534.1-204|transcribed_processed_pseudogene	0	-	intergenic	78851
chr6	128307908	128386759	ENSG00000146374[2,2,2]	0	+	128308113	128386450	0	6	302,192,147,198,161,390,	0,29672,31448,36263,76858,78461,	chr6	127867805	128401763	AL356534.1-206|transcribed_processed_pseudogene	0	-	intergenic	78851
chr6	128307908	128386759	ENSG00000146374[2,2,2]	0	+	128308113	128386450	0	6	302,192,147,198,161,390,	0,29672,31448,36263,76858,78461,	chr6	127881265	128366397	AL356534.1-209|transcribed_processed_pseudogene	0	-	intergenic	58489
chr6	128307908	128386759	ENSG00000146374[2,2,2]	0	+	128308113	128386450	0	6	302,192,147,198,161,390,	0,29672,31448,36263,76858,78461,	chr6	127881267	128401770	AL356534.1-210|transcribed_processed_pseudogene	0	-	intergenic	78851
chr6	128307908	128386759	ENSG00000146374[2,2,2]	0	+	128308113	128386450	0	6	302,192,147,198,161,390,	0,29672,31448,36263,76858,78461,	chr6	127881358	128401739	AL356534.1-213|transcribed_processed_pseudogene	0	-	intergenic	78851
chr6	128307908	128386759	ENSG00000146374[2,2,2]	0	+	128308113	128386450	0	6	302,192,147,198,161,390,	0,29672,31448,36263,76858,78461,	chr6	127881742	128401788	AL356534.1-214|transcribed_processed_pseudogene	0	-	intergenic	78851
chr6	128308697	128344266	ENSG00000146374[3,3,3]	0	+	128308697	128308697	0	4	192,192,147,95,	0,28883,30659,35474,	chr6	128337343	128401788	AL356534.1-238|transcribed_processed_pseudogene	0	-	intergenic	6923
chr6	128308697	128344266	ENSG00000146374[3,3,3]	0	+	128308697	128308697	0	4	192,192,147,95,	0,28883,30659,35474,	chr6	128070909	128401700	AL356534.1-222|transcribed_processed_pseudogene	0	-	intergenic	35569
chr6	128308697	128344266	ENSG00000146374[3,3,3]	0	+	128308697	128308697	0	4	192,192,147,95,	0,28883,30659,35474,	chr6	128073857	128401772	AL356534.1-223|transcribed_processed_pseudogene	0	-	intergenic	35569
chr6	128308697	128344266	ENSG00000146374[3,3,3]	0	+	128308697	128308697	0	4	192,192,147,95,	0,28883,30659,35474,	chr6	128076485	128401733	AL356534.1-226|transcribed_processed_pseudogene	0	-	intergenic	35569
chr6	128308697	128344266	ENSG00000146374[3,3,3]	0	+	128308697	128308697	0	4	192,192,147,95,	0,28883,30659,35474,	chr6	128188859	128401788	AL356534.1-227|transcribed_processed_pseudogene	0	-	intergenic	35569
chr6	128308697	128344266	ENSG00000146374[3,3,3]	0	+	128308697	128308697	0	4	192,192,147,95,	0,28883,30659,35474,	chr6	128191782	128401770	AL356534.1-230|transcribed_processed_pseudogene	0	-	intergenic	35569
chr6	128308697	128344266	ENSG00000146374[3,3,3]	0	+	128308697	128308697	0	4	192,192,147,95,	0,28883,30659,35474,	chr6	128193014	128366347	AL356534.1-231|transcribed_processed_pseudogene	0	-	intergenic	35569
chr6	128308697	128344266	ENSG00000146374[3,3,3]	0	+	128308697	128308697	0	4	192,192,147,95,	0,28883,30659,35474,	chr6	128253423	128401766	AL356534.1-232|transcribed_processed_pseudogene	0	-	intergenic	35569
chr6	128308697	128344266	ENSG00000146374[3,3,3]	0	+	128308697	128308697	0	4	192,192,147,95,	0,28883,30659,35474,	chr6	128258909	128366350	AL356534.1-233|transcribed_processed_pseudogene	0	-	intergenic	35569
chr6	128308697	128344266	ENSG00000146374[3,3,3]	0	+	128308697	128308697	0	4	192,192,147,95,	0,28883,30659,35474,	chr6	128280557	128401739	AL356534.1-234|transcribed_processed_pseudogene	0	-	intergenic	35569
chr6	128308697	128344266	ENSG00000146374[3,3,3]	0	+	128308697	128308697	0	4	192,192,147,95,	0,28883,30659,35474,	chr6	128309931	128401722	AL356534.1-235|transcribed_processed_pseudogene	0	-	intergenic	34335
chr6	128308697	128344266	ENSG00000146374[3,3,3]	0	+	128308697	128308697	0	4	192,192,147,95,	0,28883,30659,35474,	chr6	128310026	128402553	AL356534.1-236|transcribed_processed_pseudogene	0	-	intergenic	34240
chr6	128308697	128344266	ENSG00000146374[3,3,3]	0	+	128308697	128308697	0	4	192,192,147,95,	0,28883,30659,35474,	chr6	128313608	128401771	AL356534.1-237|transcribed_processed_pseudogene	0	-	intergenic	30658
chr6	133928550	133929782	ENSG00000093134[1,7,6]	0	-	133929218	133929659	0	2	800,336,	0,896,	chr6	133929219	133929584	retro_human_7463	0	-	intergenic	365
chr6	137552216	137552650	ENSG00000220660[1,1,1]	0	+	137552216	137552216	0	1	434,	0,	chr6	137552556	137553217	AL023284.3-202|transcribed_processed_pseudogene	0	+	intergenic	94
chr6	139591018	139592094	ENSG00000215878[1,1,1]	0	-	139591018	139591018	0	1	1076,	0,	chr6	139591068	139592044	MARCKSL1P2-201|processed_pseudogene	0	-	intergenic	976
chr6	143261482	143274774	ENSG00000135577[3,3,3]	0	-	143261575	143274583	0	3	492,349,613,	0,2997,12679,	chr6	143261699	143274685	retro_human_467	0	-	intergenic	12986
chr6	144686310	144704178	ENSG00000001036[1,5,4]	0	-	144688117	144699650	255	7	1945,109,191,211,173,188,360,	0,3486,8029,8452,10010,13334,17508,	chr6	144688710	144696404	VDAC1P8-203|transcribed_processed_pseudogene	0	+	intergenic	7694
chr6	144686310	144704178	ENSG00000001036[1,5,4]	0	-	144688117	144699650	255	7	1945,109,191,211,173,188,360,	0,3486,8029,8452,10010,13334,17508,	chr6	144689420	144697810	VDAC1P8-214|transcribed_processed_pseudogene	0	+	intergenic	8390
chr6	144686310	144704178	ENSG00000001036[1,5,4]	0	-	144688117	144699650	255	7	1945,109,191,211,173,188,360,	0,3486,8029,8452,10010,13334,17508,	chr6	144695326	144698433	VDAC1P8-213|transcribed_processed_pseudogene	0	+	intergenic	3107
chr6	144686310	144704178	ENSG00000001036[1,5,4]	0	-	144688117	144699650	255	7	1945,109,191,211,173,188,360,	0,3486,8029,8452,10010,13334,17508,	chr6	144695801	144698746	VDAC1P8-202|transcribed_processed_pseudogene	0	+	intergenic	2945
chr6	144686310	144704178	ENSG00000001036[1,5,4]	0	-	144688117	144699650	255	7	1945,109,191,211,173,188,360,	0,3486,8029,8452,10010,13334,17508,	chr6	144695865	144698555	VDAC1P8-207|transcribed_processed_pseudogene	0	+	intergenic	2690
chr6	144686310	144704178	ENSG00000001036[1,5,4]	0	-	144688117	144699650	255	7	1945,109,191,211,173,188,360,	0,3486,8029,8452,10010,13334,17508,	chr6	144696077	144698566	VDAC1P8-208|transcribed_processed_pseudogene	0	+	intergenic	2489
chr6	144686310	144704178	ENSG00000001036[1,5,4]	0	-	144688117	144699650	255	7	1945,109,191,211,173,188,360,	0,3486,8029,8452,10010,13334,17508,	chr6	144696391	144698211	VDAC1P8-209|transcribed_processed_pseudogene	0	+	intergenic	1820
chr6	144686310	144704178	ENSG00000001036[1,5,4]	0	-	144688117	144699650	255	7	1945,109,191,211,173,188,360,	0,3486,8029,8452,10010,13334,17508,	chr6	144696425	144698508	VDAC1P8-212|transcribed_processed_pseudogene	0	+	intergenic	2083
chr6	144686310	144704178	ENSG00000001036[1,5,4]	0	-	144688117	144699650	255	7	1945,109,191,211,173,188,360,	0,3486,8029,8452,10010,13334,17508,	chr6	144682831	144696500	VDAC1P8-210|transcribed_processed_pseudogene	0	+	intergenic	10190
chr6	144686310	144704178	ENSG00000001036[1,5,4]	0	-	144688117	144699650	255	7	1945,109,191,211,173,188,360,	0,3486,8029,8452,10010,13334,17508,	chr6	144683112	144698510	VDAC1P8-205|transcribed_processed_pseudogene	0	+	intergenic	12200
chr6	144686310	144704178	ENSG00000001036[1,4,4]	0	-	144688117	144699650	255	5	1945,109,191,188,360,	0,3486,8029,13334,17508,	chr6	144688710	144696404	VDAC1P8-203|transcribed_processed_pseudogene	0	+	intergenic	7694
chr6	144686310	144704178	ENSG00000001036[1,4,4]	0	-	144688117	144699650	255	5	1945,109,191,188,360,	0,3486,8029,13334,17508,	chr6	144689420	144697810	VDAC1P8-214|transcribed_processed_pseudogene	0	+	intergenic	8390
chr6	144686310	144704178	ENSG00000001036[1,4,4]	0	-	144688117	144699650	255	5	1945,109,191,188,360,	0,3486,8029,13334,17508,	chr6	144695326	144698433	VDAC1P8-213|transcribed_processed_pseudogene	0	+	intergenic	3107
chr6	144686310	144704178	ENSG00000001036[1,4,4]	0	-	144688117	144699650	255	5	1945,109,191,188,360,	0,3486,8029,13334,17508,	chr6	144695801	144698746	VDAC1P8-202|transcribed_processed_pseudogene	0	+	intergenic	2945
chr6	144686310	144704178	ENSG00000001036[1,4,4]	0	-	144688117	144699650	255	5	1945,109,191,188,360,	0,3486,8029,13334,17508,	chr6	144695865	144698555	VDAC1P8-207|transcribed_processed_pseudogene	0	+	intergenic	2690
chr6	144686310	144704178	ENSG00000001036[1,4,4]	0	-	144688117	144699650	255	5	1945,109,191,188,360,	0,3486,8029,13334,17508,	chr6	144696077	144698566	VDAC1P8-208|transcribed_processed_pseudogene	0	+	intergenic	2489
chr6	144686310	144704178	ENSG00000001036[1,4,4]	0	-	144688117	144699650	255	5	1945,109,191,188,360,	0,3486,8029,13334,17508,	chr6	144696391	144698211	VDAC1P8-209|transcribed_processed_pseudogene	0	+	intergenic	1820
chr6	144686310	144704178	ENSG00000001036[1,4,4]	0	-	144688117	144699650	255	5	1945,109,191,188,360,	0,3486,8029,13334,17508,	chr6	144696425	144698508	VDAC1P8-212|transcribed_processed_pseudogene	0	+	intergenic	2083
chr6	144686310	144704178	ENSG00000001036[1,4,4]	0	-	144688117	144699650	255	5	1945,109,191,188,360,	0,3486,8029,13334,17508,	chr6	144682831	144696500	VDAC1P8-210|transcribed_processed_pseudogene	0	+	intergenic	10190
chr6	144686310	144704178	ENSG00000001036[1,4,4]	0	-	144688117	144699650	255	5	1945,109,191,188,360,	0,3486,8029,13334,17508,	chr6	144683112	144698510	VDAC1P8-205|transcribed_processed_pseudogene	0	+	intergenic	12200
chr6	144686310	144704178	ENSG00000001036[1,6,4]	0	-	144694523	144704042	255	6	1945,109,191,340,188,360,	0,3486,8029,10010,13334,17508,	chr6	144688710	144696404	VDAC1P8-203|transcribed_processed_pseudogene	0	+	intergenic	7694
chr6	144686310	144704178	ENSG00000001036[1,6,4]	0	-	144694523	144704042	255	6	1945,109,191,340,188,360,	0,3486,8029,10010,13334,17508,	chr6	144689420	144697810	VDAC1P8-214|transcribed_processed_pseudogene	0	+	intergenic	8390
chr6	144686310	144704178	ENSG00000001036[1,6,4]	0	-	144694523	144704042	255	6	1945,109,191,340,188,360,	0,3486,8029,10010,13334,17508,	chr6	144695326	144698433	VDAC1P8-213|transcribed_processed_pseudogene	0	+	intergenic	3107
chr6	144686310	144704178	ENSG00000001036[1,6,4]	0	-	144694523	144704042	255	6	1945,109,191,340,188,360,	0,3486,8029,10010,13334,17508,	chr6	144695801	144698746	VDAC1P8-202|transcribed_processed_pseudogene	0	+	intergenic	2945
chr6	144686310	144704178	ENSG00000001036[1,6,4]	0	-	144694523	144704042	255	6	1945,109,191,340,188,360,	0,3486,8029,10010,13334,17508,	chr6	144695865	144698555	VDAC1P8-207|transcribed_processed_pseudogene	0	+	intergenic	2690
chr6	144686310	144704178	ENSG00000001036[1,6,4]	0	-	144694523	144704042	255	6	1945,109,191,340,188,360,	0,3486,8029,10010,13334,17508,	chr6	144696077	144698566	VDAC1P8-208|transcribed_processed_pseudogene	0	+	intergenic	2489
chr6	144686310	144704178	ENSG00000001036[1,6,4]	0	-	144694523	144704042	255	6	1945,109,191,340,188,360,	0,3486,8029,10010,13334,17508,	chr6	144696391	144698211	VDAC1P8-209|transcribed_processed_pseudogene	0	+	intergenic	1820
chr6	144686310	144704178	ENSG00000001036[1,6,4]	0	-	144694523	144704042	255	6	1945,109,191,340,188,360,	0,3486,8029,10010,13334,17508,	chr6	144696425	144698508	VDAC1P8-212|transcribed_processed_pseudogene	0	+	intergenic	2083
chr6	144686310	144704178	ENSG00000001036[1,6,4]	0	-	144694523	144704042	255	6	1945,109,191,340,188,360,	0,3486,8029,10010,13334,17508,	chr6	144682831	144696500	VDAC1P8-210|transcribed_processed_pseudogene	0	+	intergenic	10190
chr6	144686310	144704178	ENSG00000001036[1,6,4]	0	-	144694523	144704042	255	6	1945,109,191,340,188,360,	0,3486,8029,10010,13334,17508,	chr6	144683112	144698510	VDAC1P8-205|transcribed_processed_pseudogene	0	+	intergenic	12200
chr6	144687169	144704178	ENSG00000001036[1,1,1]	0	-	144688117	144704042	0	7	1086,109,191,211,340,188,360,	0,2627,7170,7593,9151,12475,16649,	chr6	144688710	144696404	VDAC1P8-203|transcribed_processed_pseudogene	0	+	intergenic	7694
chr6	144687169	144704178	ENSG00000001036[1,1,1]	0	-	144688117	144704042	0	7	1086,109,191,211,340,188,360,	0,2627,7170,7593,9151,12475,16649,	chr6	144689420	144697810	VDAC1P8-214|transcribed_processed_pseudogene	0	+	intergenic	8390
chr6	144687169	144704178	ENSG00000001036[1,1,1]	0	-	144688117	144704042	0	7	1086,109,191,211,340,188,360,	0,2627,7170,7593,9151,12475,16649,	chr6	144695326	144698433	VDAC1P8-213|transcribed_processed_pseudogene	0	+	intergenic	3107
chr6	144687169	144704178	ENSG00000001036[1,1,1]	0	-	144688117	144704042	0	7	1086,109,191,211,340,188,360,	0,2627,7170,7593,9151,12475,16649,	chr6	144695801	144698746	VDAC1P8-202|transcribed_processed_pseudogene	0	+	intergenic	2945
chr6	144687169	144704178	ENSG00000001036[1,1,1]	0	-	144688117	144704042	0	7	1086,109,191,211,340,188,360,	0,2627,7170,7593,9151,12475,16649,	chr6	144695865	144698555	VDAC1P8-207|transcribed_processed_pseudogene	0	+	intergenic	2690
chr6	144687169	144704178	ENSG00000001036[1,1,1]	0	-	144688117	144704042	0	7	1086,109,191,211,340,188,360,	0,2627,7170,7593,9151,12475,16649,	chr6	144696077	144698566	VDAC1P8-208|transcribed_processed_pseudogene	0	+	intergenic	2489
chr6	144687169	144704178	ENSG00000001036[1,1,1]	0	-	144688117	144704042	0	7	1086,109,191,211,340,188,360,	0,2627,7170,7593,9151,12475,16649,	chr6	144696391	144698211	VDAC1P8-209|transcribed_processed_pseudogene	0	+	intergenic	1820
chr6	144687169	144704178	ENSG00000001036[1,1,1]	0	-	144688117	144704042	0	7	1086,109,191,211,340,188,360,	0,2627,7170,7593,9151,12475,16649,	chr6	144696425	144698508	VDAC1P8-212|transcribed_processed_pseudogene	0	+	intergenic	2083
chr6	144687169	144704178	ENSG00000001036[1,1,1]	0	-	144688117	144704042	0	7	1086,109,191,211,340,188,360,	0,2627,7170,7593,9151,12475,16649,	chr6	144682831	144696500	VDAC1P8-210|transcribed_processed_pseudogene	0	+	intergenic	9331
chr6	144687169	144704178	ENSG00000001036[1,1,1]	0	-	144688117	144704042	0	7	1086,109,191,211,340,188,360,	0,2627,7170,7593,9151,12475,16649,	chr6	144683112	144698510	VDAC1P8-205|transcribed_processed_pseudogene	0	+	intergenic	11341
chr6	144687832	144704178	ENSG00000001036[1,9,5]	0	-	144688117	144704042	255	7	423,109,188,211,340,188,360,	0,1964,6510,6930,8488,11812,15986,	chr6	144688710	144696404	VDAC1P8-203|transcribed_processed_pseudogene	0	+	intergenic	7694
chr6	144687832	144704178	ENSG00000001036[1,9,5]	0	-	144688117	144704042	255	7	423,109,188,211,340,188,360,	0,1964,6510,6930,8488,11812,15986,	chr6	144689420	144697810	VDAC1P8-214|transcribed_processed_pseudogene	0	+	intergenic	8390
chr6	144687832	144704178	ENSG00000001036[1,9,5]	0	-	144688117	144704042	255	7	423,109,188,211,340,188,360,	0,1964,6510,6930,8488,11812,15986,	chr6	144695326	144698433	VDAC1P8-213|transcribed_processed_pseudogene	0	+	intergenic	3107
chr6	144687832	144704178	ENSG00000001036[1,9,5]	0	-	144688117	144704042	255	7	423,109,188,211,340,188,360,	0,1964,6510,6930,8488,11812,15986,	chr6	144695801	144698746	VDAC1P8-202|transcribed_processed_pseudogene	0	+	intergenic	2945
chr6	144687832	144704178	ENSG00000001036[1,9,5]	0	-	144688117	144704042	255	7	423,109,188,211,340,188,360,	0,1964,6510,6930,8488,11812,15986,	chr6	144695865	144698555	VDAC1P8-207|transcribed_processed_pseudogene	0	+	intergenic	2690
chr6	144687832	144704178	ENSG00000001036[1,9,5]	0	-	144688117	144704042	255	7	423,109,188,211,340,188,360,	0,1964,6510,6930,8488,11812,15986,	chr6	144696077	144698566	VDAC1P8-208|transcribed_processed_pseudogene	0	+	intergenic	2489
chr6	144687832	144704178	ENSG00000001036[1,9,5]	0	-	144688117	144704042	255	7	423,109,188,211,340,188,360,	0,1964,6510,6930,8488,11812,15986,	chr6	144696391	144698211	VDAC1P8-209|transcribed_processed_pseudogene	0	+	intergenic	1820
chr6	144687832	144704178	ENSG00000001036[1,9,5]	0	-	144688117	144704042	255	7	423,109,188,211,340,188,360,	0,1964,6510,6930,8488,11812,15986,	chr6	144696425	144698508	VDAC1P8-212|transcribed_processed_pseudogene	0	+	intergenic	2083
chr6	144687832	144704178	ENSG00000001036[1,9,5]	0	-	144688117	144704042	255	7	423,109,188,211,340,188,360,	0,1964,6510,6930,8488,11812,15986,	chr6	144696832	144698508	VDAC1P8-211|transcribed_processed_pseudogene	0	+	intergenic	1676
chr6	144687832	144704178	ENSG00000001036[1,9,5]	0	-	144688117	144704042	255	7	423,109,188,211,340,188,360,	0,1964,6510,6930,8488,11812,15986,	chr6	144682831	144696500	VDAC1P8-210|transcribed_processed_pseudogene	0	+	intergenic	8668
chr6	144687832	144704178	ENSG00000001036[1,9,5]	0	-	144688117	144704042	255	7	423,109,188,211,340,188,360,	0,1964,6510,6930,8488,11812,15986,	chr6	144683112	144698510	VDAC1P8-205|transcribed_processed_pseudogene	0	+	intergenic	10678
chr6	144687832	144704178	ENSG00000001036[1,7,5]	0	-	144688117	144704042	255	7	423,109,191,130,340,188,360,	0,1964,6507,6930,8488,11812,15986,	chr6	144688710	144696404	VDAC1P8-203|transcribed_processed_pseudogene	0	+	intergenic	7694
chr6	144687832	144704178	ENSG00000001036[1,7,5]	0	-	144688117	144704042	255	7	423,109,191,130,340,188,360,	0,1964,6507,6930,8488,11812,15986,	chr6	144689420	144697810	VDAC1P8-214|transcribed_processed_pseudogene	0	+	intergenic	8390
chr6	144687832	144704178	ENSG00000001036[1,7,5]	0	-	144688117	144704042	255	7	423,109,191,130,340,188,360,	0,1964,6507,6930,8488,11812,15986,	chr6	144695326	144698433	VDAC1P8-213|transcribed_processed_pseudogene	0	+	intergenic	3107
chr6	144687832	144704178	ENSG00000001036[1,7,5]	0	-	144688117	144704042	255	7	423,109,191,130,340,188,360,	0,1964,6507,6930,8488,11812,15986,	chr6	144695801	144698746	VDAC1P8-202|transcribed_processed_pseudogene	0	+	intergenic	2945
chr6	144687832	144704178	ENSG00000001036[1,7,5]	0	-	144688117	144704042	255	7	423,109,191,130,340,188,360,	0,1964,6507,6930,8488,11812,15986,	chr6	144695865	144698555	VDAC1P8-207|transcribed_processed_pseudogene	0	+	intergenic	2690
chr6	144687832	144704178	ENSG00000001036[1,7,5]	0	-	144688117	144704042	255	7	423,109,191,130,340,188,360,	0,1964,6507,6930,8488,11812,15986,	chr6	144696077	144698566	VDAC1P8-208|transcribed_processed_pseudogene	0	+	intergenic	2489
chr6	144687832	144704178	ENSG00000001036[1,7,5]	0	-	144688117	144704042	255	7	423,109,191,130,340,188,360,	0,1964,6507,6930,8488,11812,15986,	chr6	144696391	144698211	VDAC1P8-209|transcribed_processed_pseudogene	0	+	intergenic	1820
chr6	144687832	144704178	ENSG00000001036[1,7,5]	0	-	144688117	144704042	255	7	423,109,191,130,340,188,360,	0,1964,6507,6930,8488,11812,15986,	chr6	144696425	144698508	VDAC1P8-212|transcribed_processed_pseudogene	0	+	intergenic	2083
chr6	144687832	144704178	ENSG00000001036[1,7,5]	0	-	144688117	144704042	255	7	423,109,191,130,340,188,360,	0,1964,6507,6930,8488,11812,15986,	chr6	144696832	144698508	VDAC1P8-211|transcribed_processed_pseudogene	0	+	intergenic	1676
chr6	144687832	144704178	ENSG00000001036[1,7,5]	0	-	144688117	144704042	255	7	423,109,191,130,340,188,360,	0,1964,6507,6930,8488,11812,15986,	chr6	144682831	144696500	VDAC1P8-210|transcribed_processed_pseudogene	0	+	intergenic	8668
chr6	144687832	144704178	ENSG00000001036[1,7,5]	0	-	144688117	144704042	255	7	423,109,191,130,340,188,360,	0,1964,6507,6930,8488,11812,15986,	chr6	144683112	144698510	VDAC1P8-205|transcribed_processed_pseudogene	0	+	intergenic	10678
chr6	144687832	144704178	ENSG00000001036[1,8,5]	0	-	144688434	144704042	255	8	423,161,109,191,211,340,188,360,	0,543,1964,6507,6930,8488,11812,15986,	chr6	144688710	144696404	VDAC1P8-203|transcribed_processed_pseudogene	0	+	intergenic	7694
chr6	144687832	144704178	ENSG00000001036[1,8,5]	0	-	144688434	144704042	255	8	423,161,109,191,211,340,188,360,	0,543,1964,6507,6930,8488,11812,15986,	chr6	144689420	144697810	VDAC1P8-214|transcribed_processed_pseudogene	0	+	intergenic	8390
chr6	144687832	144704178	ENSG00000001036[1,8,5]	0	-	144688434	144704042	255	8	423,161,109,191,211,340,188,360,	0,543,1964,6507,6930,8488,11812,15986,	chr6	144695326	144698433	VDAC1P8-213|transcribed_processed_pseudogene	0	+	intergenic	3107
chr6	144687832	144704178	ENSG00000001036[1,8,5]	0	-	144688434	144704042	255	8	423,161,109,191,211,340,188,360,	0,543,1964,6507,6930,8488,11812,15986,	chr6	144695801	144698746	VDAC1P8-202|transcribed_processed_pseudogene	0	+	intergenic	2945
chr6	144687832	144704178	ENSG00000001036[1,8,5]	0	-	144688434	144704042	255	8	423,161,109,191,211,340,188,360,	0,543,1964,6507,6930,8488,11812,15986,	chr6	144695865	144698555	VDAC1P8-207|transcribed_processed_pseudogene	0	+	intergenic	2690
chr6	144687832	144704178	ENSG00000001036[1,8,5]	0	-	144688434	144704042	255	8	423,161,109,191,211,340,188,360,	0,543,1964,6507,6930,8488,11812,15986,	chr6	144696077	144698566	VDAC1P8-208|transcribed_processed_pseudogene	0	+	intergenic	2489
chr6	144687832	144704178	ENSG00000001036[1,8,5]	0	-	144688434	144704042	255	8	423,161,109,191,211,340,188,360,	0,543,1964,6507,6930,8488,11812,15986,	chr6	144696391	144698211	VDAC1P8-209|transcribed_processed_pseudogene	0	+	intergenic	1820
chr6	144687832	144704178	ENSG00000001036[1,8,5]	0	-	144688434	144704042	255	8	423,161,109,191,211,340,188,360,	0,543,1964,6507,6930,8488,11812,15986,	chr6	144696425	144698508	VDAC1P8-212|transcribed_processed_pseudogene	0	+	intergenic	2083
chr6	144687832	144704178	ENSG00000001036[1,8,5]	0	-	144688434	144704042	255	8	423,161,109,191,211,340,188,360,	0,543,1964,6507,6930,8488,11812,15986,	chr6	144696832	144698508	VDAC1P8-211|transcribed_processed_pseudogene	0	+	intergenic	1676
chr6	144687832	144704178	ENSG00000001036[1,8,5]	0	-	144688434	144704042	255	8	423,161,109,191,211,340,188,360,	0,543,1964,6507,6930,8488,11812,15986,	chr6	144682831	144696500	VDAC1P8-210|transcribed_processed_pseudogene	0	+	intergenic	8668
chr6	144687832	144704178	ENSG00000001036[1,8,5]	0	-	144688434	144704042	255	8	423,161,109,191,211,340,188,360,	0,543,1964,6507,6930,8488,11812,15986,	chr6	144683112	144698510	VDAC1P8-205|transcribed_processed_pseudogene	0	+	intergenic	10678
chr6	144689309	144694580	ENSG00000001036[2,2,2]	0	-	144689769	144694491	0	2	596,241,	0,5030,	chr6	144688710	144696404	VDAC1P8-203|transcribed_processed_pseudogene	0	+	intergenic	5271
chr6	144689309	144694580	ENSG00000001036[2,2,2]	0	-	144689769	144694491	0	2	596,241,	0,5030,	chr6	144689420	144697810	VDAC1P8-214|transcribed_processed_pseudogene	0	+	intergenic	5160
chr6	144689309	144694580	ENSG00000001036[2,2,2]	0	-	144689769	144694491	0	2	596,241,	0,5030,	chr6	144682831	144696500	VDAC1P8-210|transcribed_processed_pseudogene	0	+	intergenic	5271
chr6	144689309	144694580	ENSG00000001036[2,2,2]	0	-	144689769	144694491	0	2	596,241,	0,5030,	chr6	144683112	144698510	VDAC1P8-205|transcribed_processed_pseudogene	0	+	intergenic	5271
chr6	144694302	144704178	ENSG00000001036[1,3,3]	0	-	144694447	144704042	0	3	228,188,360,	0,5342,9516,	chr6	144688710	144696404	VDAC1P8-203|transcribed_processed_pseudogene	0	+	intergenic	2102
chr6	144694302	144704178	ENSG00000001036[1,3,3]	0	-	144694447	144704042	0	3	228,188,360,	0,5342,9516,	chr6	144689420	144697810	VDAC1P8-214|transcribed_processed_pseudogene	0	+	intergenic	3508
chr6	144694302	144704178	ENSG00000001036[1,3,3]	0	-	144694447	144704042	0	3	228,188,360,	0,5342,9516,	chr6	144695326	144698433	VDAC1P8-213|transcribed_processed_pseudogene	0	+	intergenic	3107
chr6	144694302	144704178	ENSG00000001036[1,3,3]	0	-	144694447	144704042	0	3	228,188,360,	0,5342,9516,	chr6	144695801	144698746	VDAC1P8-202|transcribed_processed_pseudogene	0	+	intergenic	2945
chr6	144694302	144704178	ENSG00000001036[1,3,3]	0	-	144694447	144704042	0	3	228,188,360,	0,5342,9516,	chr6	144695865	144698555	VDAC1P8-207|transcribed_processed_pseudogene	0	+	intergenic	2690
chr6	144694302	144704178	ENSG00000001036[1,3,3]	0	-	144694447	144704042	0	3	228,188,360,	0,5342,9516,	chr6	144696077	144698566	VDAC1P8-208|transcribed_processed_pseudogene	0	+	intergenic	2489
chr6	144694302	144704178	ENSG00000001036[1,3,3]	0	-	144694447	144704042	0	3	228,188,360,	0,5342,9516,	chr6	144696391	144697523	VDAC1P8-206|transcribed_processed_pseudogene	0	+	intergenic	1132
chr6	144694302	144704178	ENSG00000001036[1,3,3]	0	-	144694447	144704042	0	3	228,188,360,	0,5342,9516,	chr6	144696391	144698211	VDAC1P8-209|transcribed_processed_pseudogene	0	+	intergenic	1820
chr6	144694302	144704178	ENSG00000001036[1,3,3]	0	-	144694447	144704042	0	3	228,188,360,	0,5342,9516,	chr6	144696425	144698508	VDAC1P8-212|transcribed_processed_pseudogene	0	+	intergenic	2083
chr6	144694302	144704178	ENSG00000001036[1,3,3]	0	-	144694447	144704042	0	3	228,188,360,	0,5342,9516,	chr6	144696832	144698508	VDAC1P8-211|transcribed_processed_pseudogene	0	+	intergenic	1676
chr6	144694302	144704178	ENSG00000001036[1,3,3]	0	-	144694447	144704042	0	3	228,188,360,	0,5342,9516,	chr6	144697305	144698814	VDAC1P8-204|transcribed_processed_pseudogene	0	+	intergenic	1509
chr6	144694302	144704178	ENSG00000001036[1,3,3]	0	-	144694447	144704042	0	3	228,188,360,	0,5342,9516,	chr6	144682831	144696500	VDAC1P8-210|transcribed_processed_pseudogene	0	+	intergenic	2198
chr6	144694302	144704178	ENSG00000001036[1,3,3]	0	-	144694447	144704042	0	3	228,188,360,	0,5342,9516,	chr6	144683112	144698510	VDAC1P8-205|transcribed_processed_pseudogene	0	+	intergenic	4208
chr6	145449602	145450293	ENSG00000216475[1,1,1]	0	-	145449602	145449602	0	1	691,	0,	chr6	145449652	145450243	retro_human_463|AL024474.1-201|processed_pseudogene	0	-	intergenic	591
chr6	150794555	150848585	ENSG00000186625[1,9,1]	0	-	150794771	150838332	255	11	412,127,135,127,159,106,122,181,158,175,681,	0,2240,2684,3401,6763,8437,9830,28301,37973,43615,53349,	chr6	150792421	150801603	RPS18P9-202|transcribed_processed_pseudogene	0	+	intergenic	7048
chr6	150794555	150848585	ENSG00000186625[1,12,1]	0	-	150794956	150838332	255	10	412,135,127,159,106,122,181,158,175,333,	0,2684,3401,6763,8437,9830,28301,37973,43615,53697,	chr6	150792421	150801603	RPS18P9-202|transcribed_processed_pseudogene	0	+	intergenic	7048
chr6	150794555	150848806	ENSG00000186625[5,12,1]	0	-	150794956	150838332	255	10	412,135,127,159,106,122,181,158,175,554,	0,2684,3401,6763,8437,9830,28301,37973,43615,53697,	chr6	150792421	150801603	RPS18P9-202|transcribed_processed_pseudogene	0	+	intergenic	7048
chr6	150794555	150848585	ENSG00000186625[1,10,1]	0	-	150794771	150832641	255	10	412,127,135,127,159,106,122,181,158,333,	0,2240,2684,3401,6763,8437,9830,28301,37973,53697,	chr6	150792421	150801603	RPS18P9-202|transcribed_processed_pseudogene	0	+	intergenic	7048
chr6	150794555	150848585	ENSG00000186625[1,11,1]	0	-	150794771	150838332	255	10	412,127,135,127,106,122,181,158,175,333,	0,2240,2684,3401,8437,9830,28301,37973,43615,53697,	chr6	150792421	150801603	RPS18P9-202|transcribed_processed_pseudogene	0	+	intergenic	7048
chr6	150794555	150848585	ENSG00000186625[1,1,1]	0	-	150794771	150838332	0	11	412,127,135,127,159,106,122,181,158,175,333,	0,2240,2684,3401,6763,8437,9830,28301,37973,43615,53697,	chr6	150792421	150801603	RPS18P9-202|transcribed_processed_pseudogene	0	+	intergenic	7048
chr6	150794555	150848806	ENSG00000186625[5,1,1]	0	-	150794771	150838332	0	11	412,127,135,127,159,106,122,181,158,175,554,	0,2240,2684,3401,6763,8437,9830,28301,37973,43615,53697,	chr6	150792421	150801603	RPS18P9-202|transcribed_processed_pseudogene	0	+	intergenic	7048
chr6	150794555	150838427	ENSG00000186625[2,2,1]	0	-	150794771	150838332	0	10	412,127,135,127,159,106,122,181,158,257,	0,2240,2684,3401,6763,8437,9830,28301,37973,43615,	chr6	150792421	150801603	RPS18P9-202|transcribed_processed_pseudogene	0	+	intergenic	7048
chr6	151103535	151105811	ENSG00000216906[1,1,1]	0	+	151103535	151103535	0	1	2276,	0,	chr6	151103585	151105761	retro_human_9153|AL355312.1-201|processed_pseudogene	0	+	intergenic	2176
chr6	156047025	156047672	ENSG00000218757[1,1,1]	0	-	156047025	156047025	0	1	647,	0,	chr6	156047075	156047622	retro_human_833|AL121952.1-201|processed_pseudogene	0	-	intergenic	547
chr6	161743149	161772004	ENSG00000213071[2,2,2]	0	-	161743149	161743149	0	3	1122,160,354,	0,8939,28501,	chr6	161744163	161752225	retro_human_10926	0	-	intergenic	8062
chr6	166483200	166483630	ENSG00000217878[1,1,1]	0	-	166483200	166483200	0	1	430,	0,	chr6	166483250	166483580	AL136100.1-201|processed_pseudogene	0	-	intergenic	330
chr7	137212	137758	ENSG00000273644[1,1,1]	0	+	137212	137212	0	1	546,	0,	chr7	137262	137708	AC215522.1-201|processed_pseudogene	0	+	intergenic	446
chr7	2347585	2353173	ENSG00000122687[4,8,1]	0	-	2348565	2348841	255	2	1420,229,	0,5359,	chr7	2348572	2353025	retro_human_2760	0	-	intergenic	4453
chr7	2347585	2355673	ENSG00000122687[1,15,1]	0	-	2348565	2351500	255	4	1420,923,178,94,	0,3869,5359,7994,	chr7	2348572	2353025	retro_human_2760	0	-	intergenic	4453
chr7	2347585	2355673	ENSG00000122687[1,11,1]	0	-	2348565	2352611	255	3	1420,496,94,	0,5010,7994,	chr7	2348572	2353025	retro_human_2760	0	-	intergenic	4453
chr7	2347585	2355673	ENSG00000122687[1,10,1]	0	-	2348565	2351500	255	4	1420,923,290,281,	0,3869,5247,7807,	chr7	2348572	2353025	retro_human_2760	0	-	intergenic	4453
chr7	2347585	2355673	ENSG00000122687[1,13,1]	0	-	2348565	2352611	255	3	1420,527,94,	0,5010,7994,	chr7	2348572	2353025	retro_human_2760	0	-	intergenic	4453
chr7	2347585	2355673	ENSG00000122687[1,14,1]	0	-	2348565	2348841	255	3	1420,178,94,	0,5359,7994,	chr7	2348572	2353025	retro_human_2760	0	-	intergenic	4453
chr7	2347585	2355673	ENSG00000122687[1,9,1]	0	-	2348565	2348841	255	3	1420,259,281,	0,5247,7807,	chr7	2348572	2353025	retro_human_2760	0	-	intergenic	4453
chr7	2347585	2355673	ENSG00000122687[1,12,1]	0	-	2348565	2351500	255	4	1420,923,259,94,	0,3869,5247,7994,	chr7	2348572	2353025	retro_human_2760	0	-	intergenic	4453
chr7	2347585	2355673	ENSG00000122687[1,5,1]	0	-	2352210	2355587	0	4	1420,923,290,94,	0,3869,5247,7994,	chr7	2348572	2353025	retro_human_2760	0	-	intergenic	4453
chr7	2347585	2355673	ENSG00000122687[1,4,1]	0	-	2348565	2348841	0	3	1420,290,281,	0,5247,7807,	chr7	2348572	2353025	retro_human_2760	0	-	intergenic	4453
chr7	2347585	2353173	ENSG00000122687[4,3,1]	0	-	2348565	2352611	0	2	1420,578,	0,5010,	chr7	2348572	2353025	retro_human_2760	0	-	intergenic	4453
chr7	2347585	2355673	ENSG00000122687[1,1,1]	0	-	2348565	2355587	0	3	1420,290,94,	0,5247,7994,	chr7	2348572	2353025	retro_human_2760	0	-	intergenic	4453
chr7	2347924	2353173	ENSG00000122687[4,8,3]	0	-	2348565	2348841	255	2	1081,229,	0,5020,	chr7	2348572	2353025	retro_human_2760	0	-	intergenic	4453
chr7	2347924	2355673	ENSG00000122687[1,15,3]	0	-	2348565	2351500	255	4	1081,923,178,94,	0,3530,5020,7655,	chr7	2348572	2353025	retro_human_2760	0	-	intergenic	4453
chr7	2347924	2355673	ENSG00000122687[1,11,3]	0	-	2348565	2352611	255	3	1081,496,94,	0,4671,7655,	chr7	2348572	2353025	retro_human_2760	0	-	intergenic	4453
chr7	2347924	2355673	ENSG00000122687[1,10,3]	0	-	2348565	2351500	255	4	1081,923,290,281,	0,3530,4908,7468,	chr7	2348572	2353025	retro_human_2760	0	-	intergenic	4453
chr7	2347924	2355673	ENSG00000122687[1,13,3]	0	-	2348565	2352611	255	3	1081,527,94,	0,4671,7655,	chr7	2348572	2353025	retro_human_2760	0	-	intergenic	4453
chr7	2347924	2355673	ENSG00000122687[1,14,3]	0	-	2348565	2348841	255	3	1081,178,94,	0,5020,7655,	chr7	2348572	2353025	retro_human_2760	0	-	intergenic	4453
chr7	2347924	2355673	ENSG00000122687[1,9,3]	0	-	2348565	2348841	255	3	1081,259,281,	0,4908,7468,	chr7	2348572	2353025	retro_human_2760	0	-	intergenic	4453
chr7	2347924	2355673	ENSG00000122687[1,12,3]	0	-	2348565	2351500	255	4	1081,923,259,94,	0,3530,4908,7655,	chr7	2348572	2353025	retro_human_2760	0	-	intergenic	4453
chr7	2347924	2355673	ENSG00000122687[1,5,3]	0	-	2352210	2355587	0	4	1081,923,290,94,	0,3530,4908,7655,	chr7	2348572	2353025	retro_human_2760	0	-	intergenic	4453
chr7	2347924	2355673	ENSG00000122687[1,4,3]	0	-	2348565	2348841	0	3	1081,290,281,	0,4908,7468,	chr7	2348572	2353025	retro_human_2760	0	-	intergenic	4453
chr7	2347924	2355673	ENSG00000122687[1,1,3]	0	-	2348565	2355587	0	3	1081,290,94,	0,4908,7655,	chr7	2348572	2353025	retro_human_2760	0	-	intergenic	4453
chr7	2348437	2352709	ENSG00000122687[3,3,2]	0	-	2348565	2352611	0	2	568,114,	0,4158,	chr7	2348572	2353025	retro_human_2760	0	-	intergenic	4137
chr7	5644619	5648200	ENSG00000075624[1,45,1]	0	-	5645273	5647180	255	6	795,182,439,240,286,154,	0,907,1184,2064,2438,3427,	chr7	5645808	5646896	retro_human_11204	0	-	intergenic	1088
chr7	5644619	5648200	ENSG00000075624[1,36,1]	0	-	5645774	5647180	255	4	1623,240,129,154,	0,2064,2438,3427,	chr7	5645808	5646896	retro_human_11204	0	-	intergenic	1088
chr7	5644619	5648200	ENSG00000075624[1,43,1]	0	-	5645273	5646917	255	6	795,182,439,240,122,154,	0,907,1184,2064,2445,3427,	chr7	5645808	5646896	retro_human_11204	0	-	intergenic	1088
chr7	5644619	5648200	ENSG00000075624[1,38,1]	0	-	5645663	5647180	255	6	795,174,443,240,129,154,	0,907,1180,2064,2438,3427,	chr7	5645808	5646896	retro_human_11204	0	-	intergenic	1088
chr7	5644619	5648200	ENSG00000075624[1,35,1]	0	-	5645273	5647180	255	6	795,182,391,240,129,154,	0,907,1184,2064,2438,3427,	chr7	5645808	5646896	retro_human_11204	0	-	intergenic	1088
chr7	5644619	5648200	ENSG00000075624[1,41,1]	0	-	5645400	5647180	255	6	795,186,439,240,129,154,	0,903,1184,2064,2438,3427,	chr7	5645808	5646896	retro_human_11204	0	-	intergenic	1088
chr7	5644619	5648200	ENSG00000075624[1,39,1]	0	-	5645656	5647180	255	6	795,182,443,240,129,154,	0,907,1180,2064,2438,3427,	chr7	5645808	5646896	retro_human_11204	0	-	intergenic	1088
chr7	5644619	5648200	ENSG00000075624[1,40,1]	0	-	5645656	5647180	255	6	795,174,439,240,129,154,	0,907,1184,2064,2438,3427,	chr7	5645808	5646896	retro_human_11204	0	-	intergenic	1088
chr7	5644619	5647555	ENSG00000075624[2,32,1]	0	-	5645656	5647180	255	5	795,182,443,240,498,	0,907,1180,2064,2438,	chr7	5645808	5646896	retro_human_11204	0	-	intergenic	1088
chr7	5644619	5648200	ENSG00000075624[1,37,1]	0	-	5645774	5647180	255	5	795,716,240,129,154,	0,907,2064,2438,3427,	chr7	5645808	5646896	retro_human_11204	0	-	intergenic	1088
chr7	5644619	5648200	ENSG00000075624[1,7,1]	0	-	5645508	5647180	255	5	1089,439,240,129,154,	0,1184,2064,2438,3427,	chr7	5645808	5646896	retro_human_11204	0	-	intergenic	1088
chr7	5644619	5648200	ENSG00000075624[1,31,1]	0	-	5645273	5646239	255	4	795,182,1120,1143,	0,907,1184,2438,	chr7	5645808	5646896	retro_human_11204	0	-	intergenic	1088
chr7	5644619	5648200	ENSG00000075624[1,33,1]	0	-	5645273	5646917	255	5	795,182,439,503,154,	0,907,1184,2064,3427,	chr7	5645808	5646896	retro_human_11204	0	-	intergenic	1088
chr7	5644619	5648200	ENSG00000075624[1,42,1]	0	-	5645273	5646239	255	6	795,182,779,240,129,154,	0,907,1184,2064,2438,3427,	chr7	5645808	5646896	retro_human_11204	0	-	intergenic	1088
chr7	5644619	5648200	ENSG00000075624[1,44,1]	0	-	5645273	5647180	255	6	795,182,439,240,150,154,	0,907,1184,2064,2438,3427,	chr7	5645808	5646896	retro_human_11204	0	-	intergenic	1088
chr7	5644619	5648200	ENSG00000075624[1,34,1]	0	-	5645273	5646239	255	6	795,182,439,244,129,154,	0,907,1184,2060,2438,3427,	chr7	5645808	5646896	retro_human_11204	0	-	intergenic	1088
chr7	5644619	5648200	ENSG00000075624[1,2,1]	0	-	5645273	5647180	255	5	795,182,439,240,1143,	0,907,1184,2064,2438,	chr7	5645808	5646896	retro_human_11204	0	-	intergenic	1088
chr7	5644619	5648200	ENSG00000075624[1,28,1]	0	-	5645774	5646239	255	2	795,2674,	0,907,	chr7	5645808	5646896	retro_human_11204	0	-	intergenic	1088
chr7	5644619	5648200	ENSG00000075624[1,30,1]	0	-	5645273	5646917	255	4	795,182,439,1517,	0,907,1184,2064,	chr7	5645808	5646896	retro_human_11204	0	-	intergenic	1088
chr7	5644619	5648200	ENSG00000075624[1,29,1]	0	-	5645273	5646239	255	3	795,182,2397,	0,907,1184,	chr7	5645808	5646896	retro_human_11204	0	-	intergenic	1088
chr7	5644619	5648200	ENSG00000075624[1,3,1]	0	-	5645273	5647180	0	6	795,182,439,240,199,154,	0,907,1184,2064,2438,3427,	chr7	5645808	5646896	retro_human_11204	0	-	intergenic	1088
chr7	5644619	5648200	ENSG00000075624[1,15,1]	0	-	5645273	5646239	0	5	795,182,1120,129,154,	0,907,1184,2438,3427,	chr7	5645808	5646896	retro_human_11204	0	-	intergenic	1088
chr7	5644619	5648200	ENSG00000075624[1,19,1]	0	-	5645273	5646239	0	7	795,182,439,41,240,129,154,	0,907,1184,1922,2064,2438,3427,	chr7	5645808	5646896	retro_human_11204	0	-	intergenic	1088
chr7	5644619	5648200	ENSG00000075624[1,1,1]	0	-	5645273	5647180	0	6	795,182,439,240,129,154,	0,907,1184,2064,2438,3427,	chr7	5645808	5646896	retro_human_11204	0	-	intergenic	1088
chr7	5645008	5648200	ENSG00000075624[1,3,3]	0	-	5645273	5647180	0	6	406,182,439,240,199,154,	0,518,795,1675,2049,3038,	chr7	5645808	5646896	retro_human_11204	0	-	intergenic	1088
chr7	5645942	5647555	ENSG00000075624[2,24,9]	0	-	5647175	5647331	0	3	300,240,498,	0,741,1115,	chr7	5645808	5646896	retro_human_11204	0	-	intergenic	954
chr7	5645942	5648200	ENSG00000075624[1,26,9]	0	-	5646919	5647180	0	3	300,503,154,	0,741,2104,	chr7	5645808	5646896	retro_human_11204	0	-	intergenic	954
chr7	5646406	5648200	ENSG00000075624[1,13,7]	0	-	5646491	5646917	0	2	780,154,	0,1640,	chr7	5645808	5646896	retro_human_11204	0	-	intergenic	490
chr7	7860575	7861146	ENSG00000234718[1,1,2]	0	-	7860575	7860575	0	1	571,	0,	chr7	7857057	7861096	retro_human_8685|AC007161.1-201|transcribed_processed_pseudogene	0	-	intergenic	521
chr7	29788816	29823128	ENSG00000225264[1,3,3]	0	-	29788816	29788816	0	2	347,533,	0,33779,	chr7	29788866	29822961	ZNRF2P2-201|transcribed_processed_pseudogene	0	-	intergenic	34095
chr7	29788816	29823128	ENSG00000225264[1,3,3]	0	-	29788816	29788816	0	2	347,533,	0,33779,	chr7	29736596	29823078	ZNRF2P2-202|transcribed_processed_pseudogene	0	-	intergenic	34262
chr7	32868138	32898995	ENSG00000237004[1,3,3]	0	+	32868138	32868138	255	3	491,80,6196,	0,22849,24661,	chr7	32868457	32893338	ZNRF2P1-202|transcribed_processed_pseudogene	0	+	intergenic	24881
chr7	32868407	32893388	ENSG00000237004[2,2,2]	0	+	32868407	32868407	0	2	222,589,	0,24392,	chr7	32868457	32893338	ZNRF2P1-202|transcribed_processed_pseudogene	0	+	intergenic	24881
chr7	33268496	33268752	ENSG00000228015[1,1,1]	0	-	33268496	33268496	0	1	256,	0,	chr7	33268546	33268702	AC074338.1-201|processed_pseudogene	0	-	intergenic	156
chr7	46942723	46944893	ENSG00000242948[1,1,2]	0	+	46942723	46942723	0	1	2170,	0,	chr7	46942773	46944843	EPS15P1-202|transcribed_processed_pseudogene	0	+	intergenic	2070
chr7	48118965	48119591	ENSG00000225507[1,1,1]	0	+	48118965	48118965	0	1	626,	0,	chr7	48119015	48119541	AC069282.1-201|processed_pseudogene	0	+	intergenic	526
chr7	65132608	65134228	ENSG00000227910[2,3,1]	0	-	65132608	65132608	0	2	431,503,	0,1117,	chr7	65132658	65133618	AC092634.3-201|transcribed_processed_pseudogene	0	-	intergenic	960
chr7	65132608	65134228	ENSG00000227910[2,3,1]	0	-	65132608	65132608	0	2	431,503,	0,1117,	chr7	65132719	65134149	AC092634.3-202|transcribed_processed_pseudogene	0	-	intergenic	1430
chr7	65132608	65134228	ENSG00000227910[2,3,1]	0	-	65132608	65132608	0	2	431,503,	0,1117,	chr7	65133730	65134178	AC092634.3-203|transcribed_processed_pseudogene	0	-	intergenic	448
chr7	77358935	77362530	ENSG00000230882[1,1,1]	0	-	77358935	77358935	0	1	3595,	0,	chr7	77358985	77362480	AC005077.4-201|processed_pseudogene	0	-	intergenic	3495
chr7	79599008	79611406	ENSG00000231322[1,2,2]	0	+	79599008	79599008	0	6	235,49,155,204,119,1233,	0,1285,3035,4662,5763,11165,	chr7	79599130	79602473	RPL13AP17-201|transcribed_processed_pseudogene	0	+	intergenic	3343
chr7	79599008	79611406	ENSG00000231322[1,2,2]	0	+	79599008	79599008	0	6	235,49,155,204,119,1233,	0,1285,3035,4662,5763,11165,	chr7	79599152	79602446	RPL13AP17-203|transcribed_processed_pseudogene	0	+	intergenic	3294
chr7	79599008	79611406	ENSG00000231322[1,2,2]	0	+	79599008	79599008	0	6	235,49,155,204,119,1233,	0,1285,3035,4662,5763,11165,	chr7	79599058	79611356	RPL13AP17-204|transcribed_processed_pseudogene	0	+	intergenic	12298
chr7	86885849	86886281	ENSG00000227785[1,1,1]	0	-	86885849	86885849	0	1	432,	0,	chr7	86885899	86886231	retro_human_6941|AC092013.1-201|processed_pseudogene	0	-	intergenic	332
chr7	99152825	99158527	ENSG00000284707[3,5,4]	0	-	99153067	99158366	255	2	326,380,	0,5322,	chr7	99153881	99159526	retro_human_6540	0	-	intergenic	4646
chr7	100725376	100739278	ENSG00000160908[1,8,3]	0	-	100725851	100738997	255	3	495,127,737,	0,12243,13165,	chr7	100732482	100738922	retro_human_753	0	-	intergenic	6440
chr7	100725376	100737752	ENSG00000160908[3,4,3]	0	-	100725851	100737743	0	2	495,133,	0,12243,	chr7	100732482	100738922	retro_human_753	0	-	intergenic	5270
chr7	100732097	100739278	ENSG00000160908[1,5,1]	0	-	100732439	100733501	0	2	5649,737,	0,6444,	chr7	100732482	100738922	retro_human_753	0	-	intergenic	6440
chr7	100732097	100739278	ENSG00000160908[1,3,1]	0	-	100732439	100733501	0	2	1442,737,	0,6444,	chr7	100732482	100738922	retro_human_753	0	-	intergenic	6440
chr7	100732097	100739278	ENSG00000160908[1,1,1]	0	-	100732439	100738997	0	3	1442,127,737,	0,5522,6444,	chr7	100732482	100738922	retro_human_753	0	-	intergenic	6440
chr7	100732294	100739278	ENSG00000160908[1,3,7]	0	-	100732439	100733501	0	2	1245,737,	0,6247,	chr7	100732482	100738922	retro_human_753	0	-	intergenic	6440
chr7	100732294	100739278	ENSG00000160908[1,1,7]	0	-	100732439	100738997	0	3	1245,127,737,	0,5325,6247,	chr7	100732482	100738922	retro_human_753	0	-	intergenic	6440
chr7	100736715	100739278	ENSG00000160908[1,5,5]	0	-	100737551	100738997	0	2	1031,737,	0,1826,	chr7	100732482	100738922	retro_human_753	0	-	intergenic	2207
chr7	102042595	102067658	ENSG00000196411[1,17,1]	0	-	102059592	102067115	255	16	1076,156,194,150,216,248,114,65,103,166,1373,156,397,288,71,595,	0,2651,2986,3905,4850,10231,10579,11136,11403,14677,16007,17631,19761,21134,21693,24468,	chr7	102047481	102053075	retro_human_757	0	-	intergenic	5594
chr7	102042595	102067658	ENSG00000196411[1,18,1]	0	-	102043544	102067115	255	17	1076,156,194,150,216,248,114,65,103,166,179,333,156,397,288,71,595,	0,2651,2986,3905,4850,10231,10579,11136,11403,14677,16007,17047,17631,19761,21134,21693,24468,	chr7	102047481	102053075	retro_human_757	0	-	intergenic	5594
chr7	102042595	102052955	ENSG00000196411[10,13,1]	0	-	102043544	102052943	255	6	1076,156,194,150,216,129,	0,2651,2986,3905,4850,10231,	chr7	102047481	102053075	retro_human_757	0	-	intergenic	5474
chr7	102042595	102059863	ENSG00000196411[12,15,1]	0	-	102043544	102052943	255	11	1076,156,194,150,216,248,114,65,103,166,1261,	0,2651,2986,3905,4850,10231,10579,11136,11403,14677,16007,	chr7	102047481	102053075	retro_human_757	0	-	intergenic	5594
chr7	102042595	102057383	ENSG00000196411[11,14,1]	0	-	102043544	102052943	255	10	1076,156,194,150,216,248,114,65,103,111,	0,2651,2986,3905,4850,10231,10579,11136,11403,14677,	chr7	102047481	102053075	retro_human_757	0	-	intergenic	5594
chr7	102042595	102059863	ENSG00000196411[12,16,1]	0	-	102043544	102052943	255	12	1076,156,194,150,216,248,114,65,103,166,125,221,	0,2651,2986,3905,4850,10231,10579,11136,11403,14677,16007,17047,	chr7	102047481	102053075	retro_human_757	0	-	intergenic	5594
chr7	102042595	102065662	ENSG00000196411[7,8,1]	0	-	102043544	102063861	0	16	1076,156,194,150,216,248,114,65,103,166,125,333,156,397,288,1374,	0,2651,2986,3905,4850,10231,10579,11136,11403,14677,16007,17047,17631,19761,21134,21693,	chr7	102047481	102053075	retro_human_757	0	-	intergenic	5594
chr7	102042595	102067658	ENSG00000196411[1,3,1]	0	-	102043544	102067115	0	16	1076,194,150,216,248,114,65,103,166,125,333,156,397,288,71,595,	0,2986,3905,4850,10231,10579,11136,11403,14677,16007,17047,17631,19761,21134,21693,24468,	chr7	102047481	102053075	retro_human_757	0	-	intergenic	5594
chr7	102042595	102067250	ENSG00000196411[2,3,1]	0	-	102043544	102067115	0	16	1076,194,150,216,248,114,65,103,166,125,333,156,397,288,71,187,	0,2986,3905,4850,10231,10579,11136,11403,14677,16007,17047,17631,19761,21134,21693,24468,	chr7	102047481	102053075	retro_human_757	0	-	intergenic	5594
chr7	102042595	102067658	ENSG00000196411[1,1,1]	0	-	102043544	102067115	0	17	1076,156,194,150,216,248,114,65,103,166,125,333,156,397,288,71,595,	0,2651,2986,3905,4850,10231,10579,11136,11403,14677,16007,17047,17631,19761,21134,21693,24468,	chr7	102047481	102053075	retro_human_757	0	-	intergenic	5594
chr7	118177667	118203940	ENSG00000198898[1,8,5]	0	+	118177799	118203446	0	2	171,623,	0,25650,	chr7	118188641	118191564	retro_human_8131|AC002543.1-201|processed_pseudogene	0	-	intergenic	2923
chr7	128900014	128902841	ENSG00000004059[1,2,4]	0	+	128900177	128902791	0	5	230,81,110,72,200,	0,747,1149,1730,2627,	chr7	128901163	128901489	retro_human_862	0	+	intergenic	326
chr7	128900673	128901560	ENSG00000004059[2,6,3]	0	+	128900673	128900673	0	2	169,397,	0,490,	chr7	128901163	128901489	retro_human_862	0	+	intergenic	326
chr7	133212492	133212845	ENSG00000236386[1,1,1]	0	+	133212492	133212492	0	1	353,	0,	chr7	133212542	133212795	retro_human_6695|AC009518.2-201|processed_pseudogene	0	+	intergenic	253
chr7	146449638	146450610	ENSG00000226592[1,1,1]	0	+	146449638	146449638	0	1	972,	0,	chr7	146449688	146450560	AC004911.1-201|processed_pseudogene	0	+	intergenic	872
chr7	150503587	150503916	ENSG00000231397[1,1,1]	0	-	150503587	150503587	0	1	329,	0,	chr7	150503638	150503866	AC004941.2-201|processed_pseudogene	0	-	intergenic	228
chr8	9912	29086	ENSG00000223508[2,4,1]	0	-	9912	9912	255	2	573,153,	0,19021,	chr8	26808	29036	RPL23AP53-202|transcribed_processed_pseudogene	0	-	intergenic	2228
chr8	9912	29086	ENSG00000223508[2,4,1]	0	-	9912	9912	255	2	573,153,	0,19021,	chr8	4173	29142	CHM13_T0205169|transcribed_processed_pseudogene	0	-	intergenic	19174
chr8	9912	29086	ENSG00000223508[2,4,1]	0	-	9912	9912	255	2	573,153,	0,19021,	chr8	4173	29142	CHM13_T0205170|transcribed_processed_pseudogene	0	-	intergenic	19174
chr8	9912	29086	ENSG00000223508[2,4,1]	0	-	9912	9912	255	2	573,153,	0,19021,	chr8	4175	29142	CHM13_T0205171|transcribed_processed_pseudogene	0	-	intergenic	19174
chr8	9912	29086	ENSG00000223508[2,4,1]	0	-	9912	9912	255	2	573,153,	0,19021,	chr8	9962	29016	RPL23AP53-203|transcribed_processed_pseudogene	0	-	intergenic	19054
chr8	9912	29086	ENSG00000223508[2,2,1]	0	-	9912	9912	0	3	573,128,153,	0,6153,19021,	chr8	26808	29036	RPL23AP53-202|transcribed_processed_pseudogene	0	-	intergenic	2228
chr8	9912	29086	ENSG00000223508[2,2,1]	0	-	9912	9912	0	3	573,128,153,	0,6153,19021,	chr8	4173	29142	CHM13_T0205169|transcribed_processed_pseudogene	0	-	intergenic	19174
chr8	9912	29086	ENSG00000223508[2,2,1]	0	-	9912	9912	0	3	573,128,153,	0,6153,19021,	chr8	4173	29142	CHM13_T0205170|transcribed_processed_pseudogene	0	-	intergenic	19174
chr8	9912	29086	ENSG00000223508[2,2,1]	0	-	9912	9912	0	3	573,128,153,	0,6153,19021,	chr8	4175	29142	CHM13_T0205171|transcribed_processed_pseudogene	0	-	intergenic	19174
chr8	9912	29086	ENSG00000223508[2,2,1]	0	-	9912	9912	0	3	573,128,153,	0,6153,19021,	chr8	9962	29016	RPL23AP53-203|transcribed_processed_pseudogene	0	-	intergenic	19054
chr8	26758	29086	ENSG00000223508[2,3,2]	0	-	26758	26758	0	3	213,104,153,	0,848,2175,	chr8	26808	29036	RPL23AP53-202|transcribed_processed_pseudogene	0	-	intergenic	2228
chr8	26758	29086	ENSG00000223508[2,3,2]	0	-	26758	26758	0	3	213,104,153,	0,848,2175,	chr8	9962	29016	RPL23AP53-203|transcribed_processed_pseudogene	0	-	intergenic	2258
chr8	11667049	11673550	ENSG00000284655[1,2,2]	0	-	11667049	11667049	255	2	379,268,	0,6233,	chr8	11667965	11672193	retro_human_10064	0	-	intergenic	4228
chr8	11667100	11673550	ENSG00000284661[1,2,2]	0	-	11673550	11673550	255	2	328,268,	0,6182,	chr8	11667965	11672193	retro_human_10064	0	-	intergenic	4228
chr8	10780280	10782969	ENSG00000233609[1,2,2]	0	-	10782969	10782969	0	3	621,96,105,	0,1295,2584,	chr8	10765095	10782209	RPL10P19-203|transcribed_processed_pseudogene	0	-	intergenic	1929
chr8	10780280	10782969	ENSG00000233609[1,2,2]	0	-	10782969	10782969	0	3	621,96,105,	0,1295,2584,	chr8	10780330	10782919	RPL10P19-202|transcribed_processed_pseudogene	0	-	intergenic	2589
chr8	12892477	12925834	ENSG00000283674[5,7,6]	0	-	12892477	12892477	0	2	229,572,	0,32785,	chr8	12919883	12926132	retro_human_9656	0	-	intergenic	5951
chr8	25226392	25232260	ENSG00000277586[1,3,1]	0	-	25228300	25232004	0	5	2048,320,125,171,850,	0,2571,3276,4568,5018,	chr8	25229644	25231800	retro_human_1208	0	-	intergenic	2156
chr8	25226392	25232260	ENSG00000277586[1,1,1]	0	-	25228300	25232004	0	4	2048,320,125,1300,	0,2571,3276,4568,	chr8	25229644	25231800	retro_human_1208	0	-	intergenic	2156
chr8	25226392	25232649	ENSG00000277586[2,1,1]	0	-	25228300	25232004	0	4	2048,320,125,1689,	0,2571,3276,4568,	chr8	25229644	25231800	retro_human_1208	0	-	intergenic	2156
chr8	25227817	25232260	ENSG00000277586[1,7,3]	0	-	25228907	25232004	255	3	1466,125,1300,	0,1851,3143,	chr8	25229644	25231800	retro_human_1208	0	-	intergenic	2156
chr8	25227817	25232260	ENSG00000277586[1,5,3]	0	-	25230855	25232004	255	3	623,320,2592,	0,1146,1851,	chr8	25229644	25231800	retro_human_1208	0	-	intergenic	2156
chr8	25227817	25232260	ENSG00000277586[1,3,3]	0	-	25228300	25232004	0	5	623,320,125,171,850,	0,1146,1851,3143,3593,	chr8	25229644	25231800	retro_human_1208	0	-	intergenic	2156
chr8	25227817	25232260	ENSG00000277586[1,1,3]	0	-	25228300	25232004	0	4	623,320,125,1300,	0,1146,1851,3143,	chr8	25229644	25231800	retro_human_1208	0	-	intergenic	2156
chr8	25230663	25232260	ENSG00000277586[1,2,2]	0	-	25230855	25232004	0	1	1597,	0,	chr8	25229644	25231800	retro_human_1208	0	-	intergenic	1137
chr8	26655092	26659563	ENSG00000228451[2,3,3]	0	-	26655092	26655092	0	2	3334,616,	0,3855,	chr8	26652471	26659501	retro_human_1205|SDAD1P1-203|transcribed_processed_pseudogene	0	-	intergenic	4409
chr8	26655768	26659563	ENSG00000228451[2,3,2]	0	-	26655768	26655768	0	2	2658,616,	0,3179,	chr8	26652471	26659501	retro_human_1205|SDAD1P1-203|transcribed_processed_pseudogene	0	-	intergenic	3733
chr8	38711266	38712684	ENSG00000239218[2,1,1]	0	-	38711341	38711548	0	1	1418,	0,	chr8	38711316	38712634	retro_human_7601|RPS20P22-202|transcribed_processed_pseudogene	0	-	intergenic	1318
chr8	38711266	38711763	ENSG00000239218[1,1,1]	0	-	38711341	38711548	0	1	497,	0,	chr8	38711316	38712634	retro_human_7601|RPS20P22-202|transcribed_processed_pseudogene	0	-	intergenic	447
chr8	43394877	43395380	ENSG00000254198[1,1,1]	0	-	43394877	43394877	0	1	503,	0,	chr8	43394927	43395330	retro_human_4500|AC113191.1-201|processed_pseudogene	0	-	intergenic	403
chr8	43558754	43559035	ENSG00000253707[1,1,1]	0	-	43558754	43558754	0	1	281,	0,	chr8	43558804	43558985	AC022616.5-201|processed_pseudogene	0	-	intergenic	181
chr8	47573741	47574133	ENSG00000253817[1,1,1]	0	-	47573741	47573741	0	1	392,	0,	chr8	47573791	47574083	AC120036.2-201|processed_pseudogene	0	-	intergenic	292
chr8	54624876	54625250	ENSG00000253840[1,1,1]	0	+	54624876	54624876	0	1	374,	0,	chr8	54624926	54625200	AC044836.1-201|processed_pseudogene	0	+	intergenic	274
chr8	86095150	86101848	ENSG00000205176[1,1,1]	0	-	86095150	86095150	0	1	6698,	0,	chr8	86100282	86102256	REXO1L1P-202|transcribed_processed_pseudogene	0	-	intergenic	1566
chr8	86095150	86101848	ENSG00000205176[1,1,1]	0	-	86095150	86095150	0	1	6698,	0,	chr8	86095200	86101798	REXO1L1P-201|transcribed_processed_pseudogene	0	-	intergenic	6598
chr8	103776977	103779830	ENSG00000155090[5,3,1]	0	-	103778378	103779768	255	2	1658,438,	0,2415,	chr8	103778448	103779666	retro_human_1027	0	-	intergenic	1218
chr8	103776977	103779562	ENSG00000155090[4,3,1]	0	-	103778378	103778522	255	2	1658,170,	0,2415,	chr8	103778448	103779666	retro_human_1027	0	-	intergenic	1114
chr8	103776977	103782670	ENSG00000155090[2,2,1]	0	-	103778378	103781717	0	4	1658,913,234,956,	0,2415,3430,4737,	chr8	103778448	103779666	retro_human_1027	0	-	intergenic	1218
chr8	103776977	103784020	ENSG00000155090[1,1,1]	0	-	103778378	103783846	0	4	1658,913,234,210,	0,2415,3430,6833,	chr8	103778448	103779666	retro_human_1027	0	-	intergenic	1218
chr8	103776977	103784197	ENSG00000155090[3,1,1]	0	-	103778378	103783846	0	4	1658,913,234,387,	0,2415,3430,6833,	chr8	103778448	103779666	retro_human_1027	0	-	intergenic	1218
chr8	105616678	105623692	ENSG00000147650[4,3,1]	0	-	105618173	105618968	0	2	2359,1116,	0,5898,	chr8	105622574	105625238	retro_human_1032	0	-	intergenic	1118
chr8	105618865	105625155	ENSG00000147650[5,4,2]	0	-	105624592	105624937	0	3	172,133,684,	0,3711,5606,	chr8	105622574	105625238	retro_human_1032	0	-	intergenic	2581
chr8	108108679	108109384	ENSG00000275905[1,1,1]	0	-	108108679	108108679	0	1	705,	0,	chr8	108108768	108109334	retro_human_6860	0	-	intergenic	566
chr8	109780801	109781844	ENSG00000253580[1,1,1]	0	+	109780801	109780801	0	1	1043,	0,	chr8	109780851	109781794	retro_human_4554|TRMT10BP1-201|processed_pseudogene	0	+	intergenic	943
chr8	122742297	122771720	ENSG00000170961[1,2,1]	0	-	122744343	122747420	255	3	2973,102,633,	0,5039,28790,	chr8	122744572	122759548	retro_human_1418	0	-	intergenic	14976
chr8	122742297	122771313	ENSG00000170961[2,1,1]	0	-	122744343	122759572	0	4	2973,102,627,226,	0,5039,16648,28790,	chr8	122744572	122759548	retro_human_1418	0	-	intergenic	14976
chr8	122742297	122771720	ENSG00000170961[1,1,1]	0	-	122744343	122759572	0	4	2973,102,627,633,	0,5039,16648,28790,	chr8	122744572	122759548	retro_human_1418	0	-	intergenic	14976
chr8	122743443	122771720	ENSG00000170961[1,1,2]	0	-	122744343	122759572	0	4	1827,102,627,633,	0,3893,15502,27644,	chr8	122744572	122759548	retro_human_1418	0	-	intergenic	14976
chr8	122743443	122771313	ENSG00000170961[2,1,2]	0	-	122744343	122759572	0	4	1827,102,627,226,	0,3893,15502,27644,	chr8	122744572	122759548	retro_human_1418	0	-	intergenic	14976
chr8	124775501	124784969	ENSG00000175946[1,3,1]	0	-	124776859	124784044	255	4	1645,106,1835,266,	0,2525,7193,9202,	chr8	124776890	124784044	retro_human_7270	0	-	intergenic	7154
chr8	124775501	124784969	ENSG00000175946[1,1,1]	0	-	124776859	124784044	255	4	1645,106,1351,266,	0,2525,7193,9202,	chr8	124776890	124784044	retro_human_7270	0	-	intergenic	7154
chr8	124776594	124784118	ENSG00000175946[2,2,2]	0	-	124776859	124784044	0	3	552,106,1424,	0,1432,6100,	chr8	124776890	124784044	retro_human_7270	0	-	intergenic	7154
chr9	8225	18858	ENSG00000181404[4,6,1]	0	-	10659	11222	255	10	516,69,153,159,198,136,137,147,99,207,	0,656,1484,2293,2544,2919,3294,3603,3956,10426,	chr9	17356	18688	WASH5P-210|transcribed_processed_pseudogene	0	-	intergenic	1332
chr9	8225	18858	ENSG00000181404[4,6,1]	0	-	10659	11222	255	10	516,69,153,159,198,136,137,147,99,207,	0,656,1484,2293,2544,2919,3294,3603,3956,10426,	chr9	13256	23285	WASH5P-206|transcribed_processed_pseudogene	0	-	intergenic	5602
chr9	8225	18858	ENSG00000181404[4,6,1]	0	-	10659	11222	255	10	516,69,153,159,198,136,137,147,99,207,	0,656,1484,2293,2544,2919,3294,3603,3956,10426,	chr9	14418	18830	WASH5P-208|transcribed_processed_pseudogene	0	-	intergenic	4412
chr9	8225	18858	ENSG00000181404[4,6,1]	0	-	10659	11222	255	10	516,69,153,159,198,136,137,147,99,207,	0,656,1484,2293,2544,2919,3294,3603,3956,10426,	chr9	16126	23260	WASH5P-207|transcribed_processed_pseudogene	0	-	intergenic	2732
chr9	21407	25077	ENSG00000227518[1,1,1]	0	+	21407	21407	0	2	3176,184,	0,3486,	chr9	18127	23254	WASH5P-203|transcribed_processed_pseudogene	0	-	intergenic	1847
chr9	21407	25077	ENSG00000227518[1,1,1]	0	+	21407	21407	0	2	3176,184,	0,3486,	chr9	18127	23272	WASH5P-201|transcribed_processed_pseudogene	0	-	intergenic	1865
chr9	21407	25077	ENSG00000227518[1,1,1]	0	+	21407	21407	0	2	3176,184,	0,3486,	chr9	13256	23285	WASH5P-206|transcribed_processed_pseudogene	0	-	intergenic	1878
chr9	21407	25077	ENSG00000227518[1,1,1]	0	+	21407	21407	0	2	3176,184,	0,3486,	chr9	16126	23260	WASH5P-207|transcribed_processed_pseudogene	0	-	intergenic	1853
chr9	21944641	21947091	ENSG00000099810[7,4,9]	0	+	21945309	21945498	0	1	2450,	0,	chr9	21943758	21945375	ERVFRD-3-201|transcribed_processed_pseudogene	0	+	intergenic	734
chr9	29649615	29650083	ENSG00000229834[1,1,1]	0	+	29649615	29649615	0	1	468,	0,	chr9	29649665	29650033	retro_human_3147|AL354676.1-201|processed_pseudogene	0	+	intergenic	368
chr9	37859898	37860349	ENSG00000232454[1,1,1]	0	+	37860103	37860301	0	1	451,	0,	chr9	37859741	37859947	retro_human_10232	0	-	intergenic	49
chr9	38564720	38568458	ENSG00000273036[3,2,1]	0	-	38564720	38564720	0	3	325,107,1951,	0,931,1787,	chr9	38564762	38566988	AL390726.4-201|transcribed_processed_pseudogene	0	-	intergenic	2226
chr9	38564720	38567038	ENSG00000273036[2,2,1]	0	-	38564720	38564720	0	3	325,107,531,	0,931,1787,	chr9	38564762	38566988	AL390726.4-201|transcribed_processed_pseudogene	0	-	intergenic	2226
chr9	40120069	40120877	ENSG00000237846[1,1,1]	0	+	40120069	40120069	0	1	808,	0,	chr9	40120119	40120827	AL773545.3-201|processed_pseudogene	0	+	intergenic	708
chr9	44524644	44525648	ENSG00000213816[1,1,1]	0	-	44524644	44524644	0	1	1004,	0,	chr9	44524694	44525598	retro_human_7403|CNN2P4-201|processed_pseudogene	0	-	intergenic	904
chr9	106119563	106121467	ENSG00000131668[2,2,1]	0	-	106120153	106120935	0	3	752,85,585,	0,1152,1319,	chr9	106120665	106121027	retro_human_783	0	-	intergenic	362
chr9	108858748	108945807	ENSG00000224848[1,7,2]	0	+	108858748	108858748	255	3	352,165,570,	0,33991,86489,	chr9	108900888	108910164	retro_human_2654	0	+	intergenic	9276
chr9	109247970	109249426	ENSG00000228376[1,1,2]	0	-	109247970	109247970	0	1	1456,	0,	chr9	109247445	109253719	GAS2L1P2-202|transcribed_processed_pseudogene	0	-	intergenic	1456
chr9	126888281	126888775	ENSG00000230284[1,1,1]	0	-	126888281	126888281	0	1	494,	0,	chr9	126888331	126888725	retro_human_5645|AL160275.1-201|processed_pseudogene	0	-	intergenic	394
chr9	133008583	133009054	ENSG00000270917[1,1,1]	0	-	133008583	133008583	0	1	471,	0,	chr9	133008633	133009004	AL161911.1-201|processed_pseudogene	0	-	intergenic	371
chr9	135553820	135578107	ENSG00000148204[1,1,3]	0	+	135553954	135574793	0	13	228,324,196,140,186,114,873,509,166,787,117,127,3536,	0,6738,9838,10148,11094,11486,14021,14983,16090,17047,18492,19130,20751,	chr9	135560588	135563795	retro_human_2497	0	+	intergenic	3207
chr9	135553820	135576537	ENSG00000148204[1,1,1]	0	+	135553954	135574793	0	13	228,324,196,140,186,114,873,509,166,787,117,127,1966,	0,6738,9838,10148,11094,11486,14021,14983,16090,17047,18492,19130,20751,	chr9	135560588	135563795	retro_human_2497	0	+	intergenic	3207
chr9	135553820	135571883	ENSG00000148204[1,2,2]	0	+	135553954	135571793	0	10	228,324,196,140,186,114,873,509,166,1016,	0,6738,9838,10148,11094,11486,14021,14983,16090,17047,	chr9	135560588	135563795	retro_human_2497	0	+	intergenic	3207
chr9	137571458	137572000	ENSG00000227845[1,1,1]	0	-	137571458	137571458	0	1	542,	0,	chr9	137571508	137571950	retro_human_5251|AL627223.1-201|processed_pseudogene	0	-	intergenic	442
chr9	149042054	149068589	ENSG00000196642[1,12,2]	0	+	149042358	149066635	255	7	434,135,48,53,92,141,2126,	0,15638,17923,20638,21537,23865,24409,	chr9	149046948	149049699	retro_human_2058|NCLP1-201|processed_pseudogene	0	-	intergenic	2751
chr9	149042054	149068589	ENSG00000196642[1,4,2]	0	+	149042358	149068155	0	8	434,135,48,53,92,141,106,671,	0,15638,17923,20638,21537,23865,24409,25864,	chr9	149046948	149049699	retro_human_2058|NCLP1-201|processed_pseudogene	0	-	intergenic	2751
chr9	149170149	149171566	ENSG00000213590[1,1,1]	0	+	149170149	149170149	0	1	1417,	0,	chr9	149170199	149171516	AL807752.1-201|processed_pseudogene	0	+	intergenic	1317
chr9	149996123	150094039	ENSG00000181090[17,62,1]	0	+	150000988	150092812	255	24	223,137,189,78,121,132,146,144,227,174,83,107,123,102,105,155,168,145,78,116,87,79,176,1405,	0,4833,5343,13772,15612,19321,24116,36555,38064,39328,41081,44542,53099,61083,63150,73774,75319,75699,76743,78259,79751,80372,96087,96511,	chr9	150034108	150047610	AL590627.1-201|transcribed_processed_pseudogene	0	-	intergenic	13502
chrX	3436852	3463301	ENSG00000285756[2,32,1]	0	-	3436852	3436852	255	5	301,59,47,173,567,	0,964,1179,11758,25882,	chrX	3444472	3448787	retro_human_3006	0	-	intergenic	4315
chrX	3436852	3463301	ENSG00000285756[2,17,1]	0	-	3436852	3436852	255	3	301,887,567,	0,11044,25882,	chrX	3444472	3448787	retro_human_3006	0	-	intergenic	4315
chrX	3436852	3463301	ENSG00000285756[2,31,1]	0	-	3436852	3436852	255	7	301,59,207,144,129,887,567,	0,964,4911,7627,9139,11044,25882,	chrX	3444472	3448787	retro_human_3006	0	-	intergenic	4315
chrX	3436852	3463301	ENSG00000285756[2,30,1]	0	-	3436852	3436852	255	4	301,59,887,567,	0,964,11044,25882,	chrX	3444472	3448787	retro_human_3006	0	-	intergenic	4315
chrX	3436852	3463301	ENSG00000285756[2,18,1]	0	-	3436852	3436852	255	5	301,59,47,887,567,	0,964,1179,11044,25882,	chrX	3444472	3448787	retro_human_3006	0	-	intergenic	4315
chrX	3436852	3463010	ENSG00000285756[12,18,1]	0	-	3436852	3436852	255	5	301,59,47,887,276,	0,964,1179,11044,25882,	chrX	3444472	3448787	retro_human_3006	0	-	intergenic	4315
chrX	3436852	3448420	ENSG00000285756[10,13,1]	0	-	3436852	3436852	0	4	301,59,47,524,	0,964,1179,11044,	chrX	3444472	3448787	retro_human_3006	0	-	intergenic	3948
chrX	3436852	3448420	ENSG00000285756[10,28,1]	0	-	3436852	3436852	0	2	301,524,	0,11044,	chrX	3444472	3448787	retro_human_3006	0	-	intergenic	3948
chrX	3436852	3463301	ENSG00000285756[2,19,1]	0	-	3436852	3436852	0	4	301,59,29,567,	0,964,11902,25882,	chrX	3444472	3448787	retro_human_3006	0	-	intergenic	4315
chrX	3446339	3463301	ENSG00000285756[2,2,17]	0	-	3446339	3446339	0	2	2444,567,	0,16395,	chrX	3444472	3448787	retro_human_3006	0	-	intergenic	2448
chrX	26244635	26244952	ENSG00000236160[1,1,1]	0	-	26244635	26244635	0	1	317,	0,	chrX	26244685	26244902	AC005345.1-201|processed_pseudogene	0	-	intergenic	217
chrX	34312051	34312720	ENSG00000225384[1,1,1]	0	-	34312051	34312051	0	1	669,	0,	chrX	34312117	34312670	AL606662.1-201|processed_pseudogene	0	-	intergenic	553
chrX	35460376	35465250	ENSG00000271519[1,1,1]	0	+	35460376	35460376	0	1	4874,	0,	chrX	35460426	35465200	AL590065.1-201|processed_pseudogene	0	+	intergenic	4774
chrX	48313605	48322203	ENSG00000102100[1,14,1]	0	-	48315205	48320347	0	4	2353,152,183,259,	0,3262,6684,8339,	chrX	48315359	48317041	retro_human_1422	0	-	intergenic	1682
chrX	48313605	48322203	ENSG00000102100[1,15,1]	0	-	48313842	48322112	0	4	336,152,183,182,	0,3262,6684,8416,	chrX	48315359	48317041	retro_human_1422	0	-	intergenic	1682
chrX	48313605	48322484	ENSG00000102100[2,9,1]	0	-	48313842	48322112	0	5	336,147,152,183,463,	0,1616,3262,6684,8416,	chrX	48315359	48317041	retro_human_1422	0	-	intergenic	1682
chrX	48313605	48322203	ENSG00000102100[1,9,1]	0	-	48313842	48322112	0	5	336,147,152,183,182,	0,1616,3262,6684,8416,	chrX	48315359	48317041	retro_human_1422	0	-	intergenic	1682
chrX	48313605	48322203	ENSG00000102100[1,10,1]	0	-	48315205	48322112	0	4	2353,152,183,182,	0,3262,6684,8416,	chrX	48315359	48317041	retro_human_1422	0	-	intergenic	1682
chrX	48313605	48322484	ENSG00000102100[2,10,1]	0	-	48315205	48322112	0	4	2353,152,183,463,	0,3262,6684,8416,	chrX	48315359	48317041	retro_human_1422	0	-	intergenic	1682
chrX	48313605	48322203	ENSG00000102100[1,1,1]	0	-	48313916	48322112	0	5	336,737,152,183,182,	0,1616,3262,6684,8416,	chrX	48315359	48317041	retro_human_1422	0	-	intergenic	1682
chrX	48313605	48322484	ENSG00000102100[2,1,1]	0	-	48313916	48322112	0	5	336,737,152,183,463,	0,1616,3262,6684,8416,	chrX	48315359	48317041	retro_human_1422	0	-	intergenic	1682
chrX	48314038	48317068	ENSG00000102100[4,19,2]	0	-	48315205	48315910	255	2	1920,201,	0,2829,	chrX	48315359	48317041	retro_human_1422	0	-	intergenic	1682
chrX	48314038	48320398	ENSG00000102100[3,20,2]	0	-	48315205	48320347	255	3	1920,152,109,	0,2829,6251,	chrX	48315359	48317041	retro_human_1422	0	-	intergenic	1682
chrX	48314038	48322203	ENSG00000102100[1,14,2]	0	-	48315205	48320347	0	4	1920,152,183,259,	0,2829,6251,7906,	chrX	48315359	48317041	retro_human_1422	0	-	intergenic	1682
chrX	48314038	48322203	ENSG00000102100[1,5,2]	0	-	48315205	48322112	0	3	1920,152,182,	0,2829,7983,	chrX	48315359	48317041	retro_human_1422	0	-	intergenic	1682
chrX	48314038	48322203	ENSG00000102100[1,6,2]	0	-	48315205	48320424	0	4	1920,117,183,182,	0,2829,6251,7983,	chrX	48315359	48317041	retro_human_1422	0	-	intergenic	1682
chrX	48314038	48322484	ENSG00000102100[2,8,2]	0	-	48315068	48322112	0	4	1330,152,183,463,	0,2829,6251,7983,	chrX	48315359	48317041	retro_human_1422	0	-	intergenic	1682
chrX	48314038	48322203	ENSG00000102100[1,8,2]	0	-	48315068	48322112	0	4	1330,152,183,182,	0,2829,6251,7983,	chrX	48315359	48317041	retro_human_1422	0	-	intergenic	1682
chrX	48314038	48322484	ENSG00000102100[2,10,2]	0	-	48315205	48322112	0	4	1920,152,183,463,	0,2829,6251,7983,	chrX	48315359	48317041	retro_human_1422	0	-	intergenic	1682
chrX	48314038	48322203	ENSG00000102100[1,10,2]	0	-	48315205	48322112	0	4	1920,152,183,182,	0,2829,6251,7983,	chrX	48315359	48317041	retro_human_1422	0	-	intergenic	1682
chrX	48314038	48322484	ENSG00000102100[2,12,2]	0	-	48315068	48322353	0	4	1330,152,183,150,	0,2829,6251,8296,	chrX	48315359	48317041	retro_human_1422	0	-	intergenic	1682
chrX	48314038	48322484	ENSG00000102100[2,7,2]	0	-	48315205	48316261	0	3	2981,183,463,	0,6251,7983,	chrX	48315359	48317041	retro_human_1422	0	-	intergenic	1682
chrX	48314038	48322203	ENSG00000102100[1,7,2]	0	-	48315205	48316261	0	3	2981,183,182,	0,6251,7983,	chrX	48315359	48317041	retro_human_1422	0	-	intergenic	1682
chrX	48315591	48322203	ENSG00000102100[1,6,4]	0	-	48316916	48322112	0	4	367,117,183,182,	0,1276,4698,6430,	chrX	48315359	48317041	retro_human_1422	0	-	intergenic	1450
chrX	48316284	48322203	ENSG00000102100[1,2,5]	0	-	48316804	48322112	0	3	735,183,221,	0,4005,5698,	chrX	48315359	48317041	retro_human_1422	0	-	intergenic	757
chrX	48316284	48322203	ENSG00000102100[1,7,5]	0	-	48316804	48322112	0	3	735,183,182,	0,4005,5737,	chrX	48315359	48317041	retro_human_1422	0	-	intergenic	757
chrX	70223095	70223446	ENSG00000224617[1,1,1]	0	-	70223095	70223095	0	1	351,	0,	chrX	70223145	70223396	retro_human_152|BX276092.1-201|processed_pseudogene	0	-	intergenic	251
chrX	74174452	74180633	ENSG00000215105[1,1,1]	0	-	74174452	74174452	0	1	6181,	0,	chrX	74174502	74180583	retro_human_9411|TTC3P1-201|processed_pseudogene	0	-	intergenic	6081
chrX	76345687	76400007	ENSG00000248503[1,2,3]	0	+	76399667	76399964	0	2	204,2317,	0,52003,	chrX	76345796	76399958	AL356235.1-201|transcribed_processed_pseudogene	0	+	intergenic	54162
chrX	76345695	76410844	ENSG00000165240[1,14,5]	0	+	76406709	76409839	0	5	196,54,141,64,266,	0,12359,60993,64117,64883,	chrX	76345796	76399958	AL356235.1-201|transcribed_processed_pseudogene	0	+	intergenic	54162
chrX	76345695	76485525	ENSG00000165240[1,31,1]	0	+	76406709	76481647	0	22	196,141,490,726,207,164,162,77,226,92,128,155,135,195,183,217,147,143,204,118,103,4152,	0,60993,77616,78607,87852,92451,98480,100555,100828,104041,105133,109623,110324,118633,120783,122988,128219,129974,131968,132700,134854,135678,	chrX	76345796	76399958	AL356235.1-201|transcribed_processed_pseudogene	0	+	intergenic	54162
chrX	76345695	76485054	ENSG00000165240[1,1,29]	0	+	76406709	76481647	0	23	196,141,490,726,207,164,162,77,226,234,92,128,155,135,195,183,217,147,143,204,118,103,3681,	0,60993,77616,78607,87852,92451,98480,100555,100828,102258,104041,105133,109623,110324,118633,120783,122988,128219,129974,131968,132700,134854,135678,	chrX	76345796	76399958	AL356235.1-201|transcribed_processed_pseudogene	0	+	intergenic	54162
chrX	76345695	76482381	ENSG00000165240[1,1,30]	0	+	76406709	76481647	0	23	196,141,490,726,207,164,162,77,226,234,92,128,155,135,195,183,217,147,143,204,118,103,1008,	0,60993,77616,78607,87852,92451,98480,100555,100828,102258,104041,105133,109623,110324,118633,120783,122988,128219,129974,131968,132700,134854,135678,	chrX	76345796	76399958	AL356235.1-201|transcribed_processed_pseudogene	0	+	intergenic	54162
chrX	76345695	76485525	ENSG00000165240[1,1,1]	0	+	76406709	76481647	0	23	196,141,490,726,207,164,162,77,226,234,92,128,155,135,195,183,217,147,143,204,118,103,4152,	0,60993,77616,78607,87852,92451,98480,100555,100828,102258,104041,105133,109623,110324,118633,120783,122988,128219,129974,131968,132700,134854,135678,	chrX	76345796	76399958	AL356235.1-201|transcribed_processed_pseudogene	0	+	intergenic	54162
chrX	116275324	116351359	ENSG00000003096[1,9,1]	0	-	116276472	116350399	255	8	1633,114,796,197,133,142,113,479,	0,4070,11534,21754,22471,47681,74977,75556,	chrX	116276587	116287642	retro_human_4420	0	-	intergenic	11055
chrX	116275324	116351359	ENSG00000003096[1,3,1]	0	-	116276472	116350960	0	7	1633,114,796,197,133,142,479,	0,4070,11534,21754,22471,47681,75556,	chrX	116276587	116287642	retro_human_4420	0	-	intergenic	11055
chrX	116275324	116351200	ENSG00000003096[3,3,1]	0	-	116276472	116350960	0	7	1633,114,796,197,133,142,320,	0,4070,11534,21754,22471,47681,75556,	chrX	116276587	116287642	retro_human_4420	0	-	intergenic	11055
chrX	116275324	116325564	ENSG00000003096[2,2,1]	0	-	116276472	116323119	0	6	1633,114,796,197,133,2559,	0,4070,11534,21754,22471,47681,	chrX	116276587	116287642	retro_human_4420	0	-	intergenic	11055
chrX	116275324	116350412	ENSG00000003096[8,1,1]	0	-	116276472	116350399	0	7	1633,114,796,197,133,142,111,	0,4070,11534,21754,22471,47681,74977,	chrX	116276587	116287642	retro_human_4420	0	-	intergenic	11055
chrX	116275324	116351359	ENSG00000003096[1,1,1]	0	-	116276472	116350399	0	7	1633,114,796,197,133,142,1058,	0,4070,11534,21754,22471,47681,74977,	chrX	116276587	116287642	retro_human_4420	0	-	intergenic	11055
chrX	116276083	116362936	ENSG00000003096[4,4,2]	0	-	116276472	116362846	0	8	874,114,796,197,133,142,66,131,	0,3311,10775,20995,21712,46922,84962,86722,	chrX	116276587	116287642	retro_human_4420	0	-	intergenic	11055
chrX	118596353	118620380	ENSG00000233382[2,6,6]	0	-	118596353	118596353	0	2	348,560,	0,23467,	chrX	118496064	118619945	NKAPP1-204|transcribed_processed_pseudogene	0	-	intergenic	23592
chrX	118596353	118620380	ENSG00000233382[2,6,6]	0	-	118596353	118596353	0	2	348,560,	0,23467,	chrX	118596403	118620118	NKAPP1-202|transcribed_processed_pseudogene	0	-	intergenic	23715
chrX	118596353	118620380	ENSG00000233382[2,6,6]	0	-	118596353	118596353	0	2	348,560,	0,23467,	chrX	118553548	118620324	NKAPP1-203|transcribed_processed_pseudogene	0	-	intergenic	23971
chrX	118596353	118620380	ENSG00000233382[2,6,6]	0	-	118596353	118596353	0	2	348,560,	0,23467,	chrX	118611514	118620290	NKAPP1-201|transcribed_processed_pseudogene	0	-	intergenic	8776
chrX	118596353	118620380	ENSG00000233382[2,6,6]	0	-	118596353	118596353	0	2	348,560,	0,23467,	chrX	118615452	118620268	NKAPP1-206|transcribed_processed_pseudogene	0	-	intergenic	4816
chrX	118611464	118620380	ENSG00000233382[2,3,2]	0	-	118611464	118611464	0	3	1835,129,560,	0,3819,8356,	chrX	118596403	118620118	NKAPP1-202|transcribed_processed_pseudogene	0	-	intergenic	8654
chrX	118611464	118620380	ENSG00000233382[2,3,2]	0	-	118611464	118611464	0	3	1835,129,560,	0,3819,8356,	chrX	118553548	118620324	NKAPP1-203|transcribed_processed_pseudogene	0	-	intergenic	8860
chrX	118611464	118620380	ENSG00000233382[2,3,2]	0	-	118611464	118611464	0	3	1835,129,560,	0,3819,8356,	chrX	118611514	118620290	NKAPP1-201|transcribed_processed_pseudogene	0	-	intergenic	8776
chrX	118611464	118620380	ENSG00000233382[2,3,2]	0	-	118611464	118611464	0	3	1835,129,560,	0,3819,8356,	chrX	118615452	118620268	NKAPP1-206|transcribed_processed_pseudogene	0	-	intergenic	4816
chrX	118612987	118620380	ENSG00000233382[2,3,7]	0	-	118612987	118612987	0	3	312,129,560,	0,2296,6833,	chrX	118596403	118620118	NKAPP1-202|transcribed_processed_pseudogene	0	-	intergenic	7131
chrX	118612987	118620380	ENSG00000233382[2,3,7]	0	-	118612987	118612987	0	3	312,129,560,	0,2296,6833,	chrX	118553548	118620324	NKAPP1-203|transcribed_processed_pseudogene	0	-	intergenic	7337
chrX	118612987	118620380	ENSG00000233382[2,3,7]	0	-	118612987	118612987	0	3	312,129,560,	0,2296,6833,	chrX	118611514	118620290	NKAPP1-201|transcribed_processed_pseudogene	0	-	intergenic	7303
chrX	118612987	118620380	ENSG00000233382[2,3,7]	0	-	118612987	118612987	0	3	312,129,560,	0,2296,6833,	chrX	118615452	118620268	NKAPP1-206|transcribed_processed_pseudogene	0	-	intergenic	4816
chrX	118619765	118620380	ENSG00000233382[2,1,3]	0	-	118619765	118619765	0	1	615,	0,	chrX	118615452	118620268	NKAPP1-206|transcribed_processed_pseudogene	0	-	intergenic	503
chrX	128490404	128503725	ENSG00000134594[2,1,1]	0	+	128490868	128503542	0	2	722,636,	0,12685,	chrX	128490974	128503524	retro_human_1143	0	+	intergenic	12550
chrX	128490717	128503725	ENSG00000134594[1,1,1]	0	+	128490868	128503542	0	2	409,636,	0,12372,	chrX	128490974	128503524	retro_human_1143	0	+	intergenic	12550
chrX	129597558	129603175	ENSG00000147255[7,12,1]	0	-	129597901	129602846	255	10	476,124,279,288,288,288,288,279,291,202,	0,627,1143,1543,2022,2505,3483,4400,5005,5415,	chrX	129600134	129601321	retro_human_8591	0	-	intergenic	1187
chrX	129597558	129605499	ENSG00000147255[9,20,1]	0	-	129597901	129603407	255	11	476,124,279,288,288,288,288,279,291,33,2126,	0,627,1143,1543,2022,2505,3483,4400,5005,5687,5815,	chrX	129600134	129601321	retro_human_8591	0	-	intergenic	1187
chrX	129597558	129603175	ENSG00000147255[7,19,1]	0	-	129597901	129602882	255	9	476,124,279,288,288,288,288,279,612,	0,627,1143,1543,2022,2505,3483,4400,5005,	chrX	129600134	129601321	retro_human_8591	0	-	intergenic	1187
chrX	129597558	129602862	ENSG00000147255[12,19,1]	0	-	129597901	129602846	255	9	476,124,279,288,288,288,288,279,299,	0,627,1143,1543,2022,2505,3483,4400,5005,	chrX	129600134	129601321	retro_human_8591	0	-	intergenic	1187
chrX	130261829	130262113	ENSG00000235190[1,1,1]	0	+	130261829	130261829	0	1	284,	0,	chrX	130261879	130262063	retro_human_8170|AL008629.1-201|processed_pseudogene	0	+	intergenic	184
chrX	135634953	135635130	ENSG00000214748[1,1,1]	0	-	135634953	135634953	0	1	177,	0,	chrX	135635002	135635080	AL355309.1-201|processed_pseudogene	0	-	intergenic	78
chrX	151872918	151882912	ENSG00000260081[1,2,2]	0	+	151872918	151872918	0	2	634,2073,	0,7921,	chrX	151873025	151878006	AF274858.1-204|transcribed_processed_pseudogene	0	+	intergenic	4981
chrX	151872918	151882912	ENSG00000260081[1,2,2]	0	+	151872918	151872918	0	2	634,2073,	0,7921,	chrX	151872968	151882862	AF274858.1-201|transcribed_processed_pseudogene	0	+	intergenic	9894
chrX	151872918	151882912	ENSG00000260081[1,2,2]	0	+	151872918	151872918	0	2	634,2073,	0,7921,	chrX	151873016	151881587	AF274858.1-203|transcribed_processed_pseudogene	0	+	intergenic	8571
chrX	151872918	151882912	ENSG00000260081[1,2,2]	0	+	151872918	151872918	0	2	634,2073,	0,7921,	chrX	151873096	151887537	AF274858.1-205|transcribed_processed_pseudogene	0	+	intergenic	9816
chrX	151872918	151881637	ENSG00000260081[1,5,6]	0	+	151872918	151872918	0	2	634,1540,	0,7179,	chrX	151873025	151878006	AF274858.1-204|transcribed_processed_pseudogene	0	+	intergenic	4981
chrX	151872918	151881637	ENSG00000260081[1,5,6]	0	+	151872918	151872918	0	2	634,1540,	0,7179,	chrX	151872968	151882862	AF274858.1-201|transcribed_processed_pseudogene	0	+	intergenic	8669
chrX	151872918	151881637	ENSG00000260081[1,5,6]	0	+	151872918	151872918	0	2	634,1540,	0,7179,	chrX	151873016	151881587	AF274858.1-203|transcribed_processed_pseudogene	0	+	intergenic	8571
chrX	151872918	151881637	ENSG00000260081[1,5,6]	0	+	151872918	151872918	0	2	634,1540,	0,7179,	chrX	151873096	151887537	AF274858.1-205|transcribed_processed_pseudogene	0	+	intergenic	8541
chrX	151872918	151873597	ENSG00000260081[1,1,4]	0	+	151872918	151872918	0	1	679,	0,	chrX	151873025	151878006	AF274858.1-204|transcribed_processed_pseudogene	0	+	intergenic	572
chrX	152638956	152640166	ENSG00000013563[4,7,3]	0	-	152639460	152639601	0	3	754,113,125,	0,832,1085,	chrX	152639299	152639899	retro_human_2580	0	-	intergenic	600
chrX	153495492	153501849	ENSG00000155961[1,1,1]	0	-	153498113	153501596	0	2	3045,468,	0,5889,	chrX	153498177	153501584	retro_human_1437	0	-	intergenic	3407
chrX	153496454	153501849	ENSG00000155961[1,1,2]	0	-	153498113	153501596	0	2	2083,468,	0,4927,	chrX	153498177	153501584	retro_human_1437	0	-	intergenic	3407
chrX	153497986	153501849	ENSG00000155961[1,1,3]	0	-	153498113	153501596	0	2	551,468,	0,3395,	chrX	153498177	153501584	retro_human_1437	0	-	intergenic	3407
chr10	7153849	7154066	ENSG00000270811[1,1,1]	0	+	7153849	7153849	0	1	217,	0,	chr10	7153899	7154016	AL590095.1-201|processed_pseudogene	0	+	intergenic	117
chr10	27280962	27289564	ENSG00000230445[2,2,2]	0	-	27280962	27280962	0	4	233,211,81,148,	0,353,6966,8454,	chr10	27281012	27289514	LRRC37A6P-204|transcribed_processed_pseudogene	0	-	intergenic	8502
chr10	43398314	43430421	ENSG00000234420[2,4,3]	0	-	43398314	43398314	0	5	357,124,127,121,2319,	0,2411,2843,4771,29788,	chr10	43391051	43430340	ZNF37BP-202|transcribed_processed_pseudogene	0	-	intergenic	32026
chr10	43398314	43430421	ENSG00000234420[2,4,3]	0	-	43398314	43398314	0	5	357,124,127,121,2319,	0,2411,2843,4771,29788,	chr10	43398330	43430368	ZNF37BP-201|transcribed_processed_pseudogene	0	-	intergenic	32038
chr10	43398314	43430421	ENSG00000234420[2,4,3]	0	-	43398314	43398314	0	5	357,124,127,121,2319,	0,2411,2843,4771,29788,	chr10	43398366	43430354	ZNF37BP-204|transcribed_processed_pseudogene	0	-	intergenic	31988
chr10	46693662	46694059	ENSG00000270434[1,1,1]	0	-	46693662	46693662	0	1	397,	0,	chr10	46693712	46694009	AC012044.1-201|processed_pseudogene	0	-	intergenic	297
chr10	65026777	65028769	ENSG00000235489[1,1,1]	0	-	65026777	65026777	0	1	1992,	0,	chr10	65026827	65028719	retro_human_6414|DBF4P1-201|processed_pseudogene	0	-	intergenic	1892
chr10	80381612	80385620	ENSG00000253626[1,1,1]	0	+	80381779	80382241	0	1	4008,	0,	chr10	80384105	80395762	retro_human_5628	0	-	intergenic	1515
chr10	81035470	81038218	ENSG00000122359[5,7,4]	0	-	81035903	81038214	0	3	636,88,169,	0,877,2579,	chr10	81035793	81036107	retro_human_11115	0	-	intergenic	314
chr10	120623567	120726780	ENSG00000198825[1,16,1]	0	+	120689508	120725360	0	18	368,81,168,57,199,180,68,125,78,121,129,118,199,72,74,129,88,2567,	0,25073,65881,66169,70727,71473,72555,78185,79396,80372,81944,84112,85769,94861,96446,97086,97830,100646,	chr10	120691168	120713539	PHACTR2P1-202|transcribed_processed_pseudogene	0	-	intergenic	22371
chr10	120623567	120724970	ENSG00000198825[1,1,9]	0	+	120695115	120696170	0	20	368,81,137,129,168,57,199,180,68,125,78,121,129,118,199,72,74,129,88,757,	0,25073,55625,65529,65881,66169,70727,71473,72555,78185,79396,80372,81944,84112,85769,94861,96446,97086,97830,100646,	chr10	120691168	120713539	PHACTR2P1-202|transcribed_processed_pseudogene	0	-	intergenic	22371
chr10	120623567	120726780	ENSG00000198825[1,1,1]	0	+	120623838	120725360	0	20	368,81,137,129,168,57,199,180,68,125,78,121,129,118,199,72,74,129,88,2567,	0,25073,55625,65529,65881,66169,70727,71473,72555,78185,79396,80372,81944,84112,85769,94861,96446,97086,97830,100646,	chr10	120691168	120713539	PHACTR2P1-202|transcribed_processed_pseudogene	0	-	intergenic	22371
chr10	123754618	123773754	ENSG00000255624[1,1,2]	0	+	123754618	123754618	0	6	130,86,70,136,455,974,	0,1040,1967,5086,8638,18162,	chr10	123754668	123773603	C10orf88B-202|transcribed_processed_pseudogene	0	+	intergenic	18935
chr10	123754618	123773754	ENSG00000255624[1,1,2]	0	+	123754618	123754618	0	6	130,86,70,136,455,974,	0,1040,1967,5086,8638,18162,	chr10	123754838	123773012	C10orf88B-201|transcribed_processed_pseudogene	0	+	intergenic	18174
chr10	124199886	124200151	ENSG00000270902[1,1,1]	0	-	124199886	124199886	0	1	265,	0,	chr10	124199936	124200101	retro_human_4192|AL160290.2-201|processed_pseudogene	0	-	intergenic	165
chr10	134592155	134594362	ENSG00000233435[1,1,1]	0	+	134592155	134592155	0	1	2207,	0,	chr10	134592205	134594312	retro_human_2637|AGGF1P2-201|processed_pseudogene	0	+	intergenic	2107
chr11	2418014	2467410	ENSG00000238184[1,1,1]	0	-	2418014	2418014	0	3	994,109,457,	0,6249,48939,	chr11	2424489	2437040	RPL26P30-202|transcribed_processed_pseudogene	0	-	intergenic	12551
chr11	3380391	3380774	ENSG00000273813[1,1,1]	0	-	3380391	3380391	0	1	383,	0,	chr11	3380444	3380776	AC109309.2-201|processed_pseudogene	0	-	intergenic	330
chr11	6355561	6357079	ENSG00000270435[1,1,1]	0	-	6355561	6355561	0	1	1518,	0,	chr11	6355611	6357029	retro_human_3533|AC068733.2-201|processed_pseudogene	0	-	intergenic	1418
chr11	18686809	18702062	ENSG00000247595[3,8,1]	0	+	18686809	18686809	255	3	265,38,199,	0,14440,15054,	chr11	18693542	18697774	retro_human_8585|AC112694.1-201|transcribed_processed_pseudogene	0	-	intergenic	4232
chr11	18686809	18702062	ENSG00000247595[3,8,1]	0	+	18686809	18686809	255	3	265,38,199,	0,14440,15054,	chr11	18693987	18697685	AC112694.1-203|transcribed_processed_pseudogene	0	-	intergenic	3698
chr11	33995565	34007624	ENSG00000135363[6,10,1]	0	-	33996399	34006431	255	5	1051,216,241,163,239,	0,6081,10825,11304,11820,	chr11	33996424	34001816	retro_human_8235	0	-	intergenic	5392
chr11	33995565	34007624	ENSG00000135363[6,11,1]	0	-	33996399	34006431	255	4	1051,216,241,235,	0,6081,10825,11824,	chr11	33996424	34001816	retro_human_8235	0	-	intergenic	5392
chr11	33995565	34007624	ENSG00000135363[6,12,1]	0	-	33996399	34006431	255	4	1051,216,642,235,	0,6081,10825,11824,	chr11	33996424	34001816	retro_human_8235	0	-	intergenic	5392
chr11	33995565	34007624	ENSG00000135363[6,13,1]	0	-	33996399	34006431	255	5	1051,216,241,163,235,	0,6081,10825,11304,11824,	chr11	33996424	34001816	retro_human_8235	0	-	intergenic	5392
chr11	33995565	34007407	ENSG00000135363[5,8,1]	0	-	33996399	34006761	255	4	1051,216,241,653,	0,6081,10825,11189,	chr11	33996424	34001816	retro_human_8235	0	-	intergenic	5392
chr11	33995565	34006911	ENSG00000135363[2,8,1]	0	-	33996399	34006761	255	4	1051,216,241,157,	0,6081,10825,11189,	chr11	33996424	34001816	retro_human_8235	0	-	intergenic	5392
chr11	33995565	34007407	ENSG00000135363[5,9,1]	0	-	33996399	34006431	255	4	1051,216,241,538,	0,6081,10825,11304,	chr11	33996424	34001816	retro_human_8235	0	-	intergenic	5392
chr11	33995565	34006911	ENSG00000135363[2,9,1]	0	-	33996399	34006431	255	4	1051,216,241,42,	0,6081,10825,11304,	chr11	33996424	34001816	retro_human_8235	0	-	intergenic	5392
chr11	33995565	34002246	ENSG00000135363[3,3,1]	0	-	33996399	34001882	0	2	1051,600,	0,6081,	chr11	33996424	34001816	retro_human_8235	0	-	intergenic	5392
chr11	33995565	34006911	ENSG00000135363[2,4,1]	0	-	33996399	34001882	0	3	1051,328,521,	0,6081,10825,	chr11	33996424	34001816	retro_human_8235	0	-	intergenic	5392
chr11	33995565	34006631	ENSG00000135363[4,4,1]	0	-	33996399	34001882	0	3	1051,328,241,	0,6081,10825,	chr11	33996424	34001816	retro_human_8235	0	-	intergenic	5392
chr11	33995565	34007407	ENSG00000135363[5,2,1]	0	-	33996399	34006431	0	3	1051,216,1017,	0,6081,10825,	chr11	33996424	34001816	retro_human_8235	0	-	intergenic	5392
chr11	33995565	34006631	ENSG00000135363[4,2,1]	0	-	33996399	34006431	0	3	1051,216,241,	0,6081,10825,	chr11	33996424	34001816	retro_human_8235	0	-	intergenic	5392
chr11	33995565	34006911	ENSG00000135363[2,2,1]	0	-	33996399	34006431	0	3	1051,216,521,	0,6081,10825,	chr11	33996424	34001816	retro_human_8235	0	-	intergenic	5392
chr11	50069528	50071144	ENSG00000255111[1,1,1]	0	-	50069528	50069528	0	1	1616,	0,	chr11	50069578	50071094	retro_human_1411|AP006587.2-201|processed_pseudogene	0	-	intergenic	1516
chr11	61603855	61628370	ENSG00000243742[1,2,2]	0	+	61603855	61603855	0	5	143,143,198,226,2917,	0,9999,13855,21142,21598,	chr11	61603905	61628320	RPLP0P2-206|transcribed_processed_pseudogene	0	+	intergenic	24415
chr11	61603855	61628370	ENSG00000243742[1,2,2]	0	+	61603855	61603855	0	5	143,143,198,226,2917,	0,9999,13855,21142,21598,	chr11	61603906	61625110	RPLP0P2-203|transcribed_processed_pseudogene	0	+	intergenic	21204
chr11	61603855	61628370	ENSG00000243742[1,2,2]	0	+	61603855	61603855	0	5	143,143,198,226,2917,	0,9999,13855,21142,21598,	chr11	61617641	61625181	RPLP0P2-202|transcribed_processed_pseudogene	0	+	intergenic	7540
chr11	61603855	61628370	ENSG00000243742[1,2,2]	0	+	61603855	61603855	0	5	143,143,198,226,2917,	0,9999,13855,21142,21598,	chr11	61617696	61625256	RPLP0P2-201|transcribed_processed_pseudogene	0	+	intergenic	7560
chr11	61603855	61628370	ENSG00000243742[1,2,2]	0	+	61603855	61603855	0	5	143,143,198,226,2917,	0,9999,13855,21142,21598,	chr11	61617729	61625391	RPLP0P2-205|transcribed_processed_pseudogene	0	+	intergenic	7662
chr11	61603855	61628370	ENSG00000243742[1,3,2]	0	+	61603855	61603855	0	4	143,143,198,3400,	0,9999,13855,21115,	chr11	61603905	61628320	RPLP0P2-206|transcribed_processed_pseudogene	0	+	intergenic	24415
chr11	61603855	61628370	ENSG00000243742[1,3,2]	0	+	61603855	61603855	0	4	143,143,198,3400,	0,9999,13855,21115,	chr11	61603906	61625110	RPLP0P2-203|transcribed_processed_pseudogene	0	+	intergenic	21204
chr11	61603855	61628370	ENSG00000243742[1,3,2]	0	+	61603855	61603855	0	4	143,143,198,3400,	0,9999,13855,21115,	chr11	61617641	61625181	RPLP0P2-202|transcribed_processed_pseudogene	0	+	intergenic	7540
chr11	61603855	61628370	ENSG00000243742[1,3,2]	0	+	61603855	61603855	0	4	143,143,198,3400,	0,9999,13855,21115,	chr11	61617696	61625256	RPLP0P2-201|transcribed_processed_pseudogene	0	+	intergenic	7560
chr11	61603855	61628370	ENSG00000243742[1,3,2]	0	+	61603855	61603855	0	4	143,143,198,3400,	0,9999,13855,21115,	chr11	61617729	61625391	RPLP0P2-205|transcribed_processed_pseudogene	0	+	intergenic	7662
chr11	61603855	61625441	ENSG00000243742[1,3,3]	0	+	61603855	61603855	0	4	143,143,198,471,	0,9999,13855,21115,	chr11	61603905	61628320	RPLP0P2-206|transcribed_processed_pseudogene	0	+	intergenic	21536
chr11	61603855	61625441	ENSG00000243742[1,3,3]	0	+	61603855	61603855	0	4	143,143,198,471,	0,9999,13855,21115,	chr11	61603906	61625110	RPLP0P2-203|transcribed_processed_pseudogene	0	+	intergenic	21204
chr11	61603855	61625441	ENSG00000243742[1,3,3]	0	+	61603855	61603855	0	4	143,143,198,471,	0,9999,13855,21115,	chr11	61617641	61625181	RPLP0P2-202|transcribed_processed_pseudogene	0	+	intergenic	7540
chr11	61603855	61625441	ENSG00000243742[1,3,3]	0	+	61603855	61603855	0	4	143,143,198,471,	0,9999,13855,21115,	chr11	61617696	61625256	RPLP0P2-201|transcribed_processed_pseudogene	0	+	intergenic	7560
chr11	61603855	61625441	ENSG00000243742[1,3,3]	0	+	61603855	61603855	0	4	143,143,198,471,	0,9999,13855,21115,	chr11	61617729	61625391	RPLP0P2-205|transcribed_processed_pseudogene	0	+	intergenic	7662
chr11	61617591	61625441	ENSG00000243742[3,6,3]	0	+	61617591	61617591	0	2	317,444,	0,7406,	chr11	61603905	61628320	RPLP0P2-206|transcribed_processed_pseudogene	0	+	intergenic	7850
chr11	61617591	61625441	ENSG00000243742[3,6,3]	0	+	61617591	61617591	0	2	317,444,	0,7406,	chr11	61603906	61625110	RPLP0P2-203|transcribed_processed_pseudogene	0	+	intergenic	7519
chr11	61617591	61625441	ENSG00000243742[3,6,3]	0	+	61617591	61617591	0	2	317,444,	0,7406,	chr11	61617641	61625181	RPLP0P2-202|transcribed_processed_pseudogene	0	+	intergenic	7540
chr11	61617591	61625441	ENSG00000243742[3,6,3]	0	+	61617591	61617591	0	2	317,444,	0,7406,	chr11	61617696	61625256	RPLP0P2-201|transcribed_processed_pseudogene	0	+	intergenic	7560
chr11	61617591	61625441	ENSG00000243742[3,6,3]	0	+	61617591	61617591	0	2	317,444,	0,7406,	chr11	61617729	61625391	RPLP0P2-205|transcribed_processed_pseudogene	0	+	intergenic	7662
chr11	64844923	64873005	ENSG00000110047[2,1,1]	0	-	64847667	64871706	0	5	3266,165,413,98,1703,	0,3730,8240,22739,26379,	chr11	64853257	64871655	retro_human_2984	0	-	intergenic	18398
chr11	64846009	64868958	ENSG00000110047[6,14,2]	0	-	64847667	64853391	255	3	2180,165,15795,	0,2644,7154,	chr11	64853257	64871655	retro_human_2984	0	-	intergenic	15701
chr11	64846009	64871913	ENSG00000110047[1,1,2]	0	-	64847667	64871706	0	5	2180,165,413,98,611,	0,2644,7154,21653,25293,	chr11	64853257	64871655	retro_human_2984	0	-	intergenic	18398
chr11	64846910	64868958	ENSG00000110047[6,14,11]	0	-	64847667	64853391	255	3	1279,165,15795,	0,1743,6253,	chr11	64853257	64871655	retro_human_2984	0	-	intergenic	15701
chr11	64846910	64871913	ENSG00000110047[1,1,11]	0	-	64847667	64871706	0	5	1279,165,413,98,611,	0,1743,6253,20752,24392,	chr11	64853257	64871655	retro_human_2984	0	-	intergenic	18398
chr11	64852815	64871913	ENSG00000110047[1,9,7]	0	-	64852977	64871706	0	3	761,98,611,	0,14847,18487,	chr11	64853257	64871655	retro_human_2984	0	-	intergenic	18398
chr11	65368459	65371393	ENSG00000162241[4,6,1]	0	-	65369853	65370412	0	3	755,140,1258,	0,1394,1676,	chr11	65369779	65370451	retro_human_8819	0	-	intergenic	672
chr11	65369461	65375376	ENSG00000162241[2,4,2]	0	-	65369727	65375270	0	5	532,259,72,44,143,	0,674,3723,3988,5772,	chr11	65369779	65370451	retro_human_8819	0	-	intergenic	672
chr11	74770374	74878784	ENSG00000166435[1,2,1]	0	-	74772717	74836721	0	16	2594,106,116,199,348,116,94,41,218,129,134,98,73,72,185,323,	0,2994,3308,4213,7250,10223,11124,22117,65379,66285,80356,86534,89443,92946,96029,108087,	chr11	74805799	74843277	AP001992.1-201|transcribed_processed_pseudogene	0	+	intergenic	37478
chr11	74770374	74878784	ENSG00000166435[1,2,1]	0	-	74772717	74836721	0	16	2594,106,116,199,348,116,94,41,218,129,134,98,73,72,185,323,	0,2994,3308,4213,7250,10223,11124,22117,65379,66285,80356,86534,89443,92946,96029,108087,	chr11	74806273	74849479	AP001992.1-202|transcribed_processed_pseudogene	0	+	intergenic	43206
chr11	74772432	74835926	ENSG00000166435[4,8,3]	0	-	74772717	74835768	0	8	536,106,116,199,348,116,94,173,	0,936,1250,2155,5192,8165,9066,63321,	chr11	74805799	74843277	AP001992.1-201|transcribed_processed_pseudogene	0	+	intergenic	30127
chr11	74772432	74835926	ENSG00000166435[4,8,3]	0	-	74772717	74835768	0	8	536,106,116,199,348,116,94,173,	0,936,1250,2155,5192,8165,9066,63321,	chr11	74806273	74849479	AP001992.1-202|transcribed_processed_pseudogene	0	+	intergenic	29653
chr11	74772432	74878784	ENSG00000166435[1,3,3]	0	-	74772932	74870398	0	15	536,116,199,348,116,218,129,134,98,73,48,185,98,68,323,	0,1250,2155,5192,8165,63321,64227,78298,84476,87385,90912,93971,97872,102119,106029,	chr11	74805799	74843277	AP001992.1-201|transcribed_processed_pseudogene	0	+	intergenic	37478
chr11	74772432	74878784	ENSG00000166435[1,3,3]	0	-	74772932	74870398	0	15	536,116,199,348,116,218,129,134,98,73,48,185,98,68,323,	0,1250,2155,5192,8165,63321,64227,78298,84476,87385,90912,93971,97872,102119,106029,	chr11	74806273	74849479	AP001992.1-202|transcribed_processed_pseudogene	0	+	intergenic	43206
chr11	74772432	74878784	ENSG00000166435[1,2,3]	0	-	74772717	74836721	0	16	536,106,116,199,348,116,94,41,218,129,134,98,73,72,185,323,	0,936,1250,2155,5192,8165,9066,20059,63321,64227,78298,84476,87385,90888,93971,106029,	chr11	74805799	74843277	AP001992.1-201|transcribed_processed_pseudogene	0	+	intergenic	37478
chr11	74772432	74878784	ENSG00000166435[1,2,3]	0	-	74772717	74836721	0	16	536,106,116,199,348,116,94,41,218,129,134,98,73,72,185,323,	0,936,1250,2155,5192,8165,9066,20059,63321,64227,78298,84476,87385,90888,93971,106029,	chr11	74806273	74849479	AP001992.1-202|transcribed_processed_pseudogene	0	+	intergenic	43206
chr11	74835817	74878784	ENSG00000166435[1,19,8]	0	-	74835817	74835817	0	9	154,129,134,98,73,72,185,68,323,	0,842,14913,21091,24000,27503,30586,38734,42644,	chr11	74843107	74849328	AP001992.1-204|transcribed_processed_pseudogene	0	+	intergenic	6221
chr11	74835817	74878784	ENSG00000166435[1,19,8]	0	-	74835817	74835817	0	9	154,129,134,98,73,72,185,68,323,	0,842,14913,21091,24000,27503,30586,38734,42644,	chr11	74805799	74843277	AP001992.1-201|transcribed_processed_pseudogene	0	+	intergenic	7460
chr11	74835817	74878784	ENSG00000166435[1,19,8]	0	-	74835817	74835817	0	9	154,129,134,98,73,72,185,68,323,	0,842,14913,21091,24000,27503,30586,38734,42644,	chr11	74806273	74849479	AP001992.1-202|transcribed_processed_pseudogene	0	+	intergenic	13662
chr11	74835817	74878784	ENSG00000166435[1,19,8]	0	-	74835817	74835817	0	9	154,129,134,98,73,72,185,68,323,	0,842,14913,21091,24000,27503,30586,38734,42644,	chr11	74840889	74849523	AP001992.1-203|transcribed_processed_pseudogene	0	+	intergenic	8634
chr11	74839383	74878784	ENSG00000166435[1,20,11]	0	-	74839383	74839383	0	8	144,134,98,73,72,185,68,323,	0,11347,17525,20434,23937,27020,35168,39078,	chr11	74843107	74849328	AP001992.1-204|transcribed_processed_pseudogene	0	+	intergenic	6221
chr11	74839383	74878784	ENSG00000166435[1,20,11]	0	-	74839383	74839383	0	8	144,134,98,73,72,185,68,323,	0,11347,17525,20434,23937,27020,35168,39078,	chr11	74806273	74849479	AP001992.1-202|transcribed_processed_pseudogene	0	+	intergenic	10096
chr11	74839383	74878784	ENSG00000166435[1,20,11]	0	-	74839383	74839383	0	8	144,134,98,73,72,185,68,323,	0,11347,17525,20434,23937,27020,35168,39078,	chr11	74840889	74849523	AP001992.1-203|transcribed_processed_pseudogene	0	+	intergenic	8634
chr11	74849053	74849589	ENSG00000241170[3,1,2]	0	+	74849053	74849053	0	1	536,	0,	chr11	74848345	74849539	retro_human_4885|AP001992.1-205|transcribed_processed_pseudogene	0	+	intergenic	486
chr11	76520671	76520960	ENSG00000254755[1,1,1]	0	+	76520671	76520671	0	1	289,	0,	chr11	76520721	76520910	AP001189.2-201|processed_pseudogene	0	+	intergenic	189
chr11	82760774	82777352	ENSG00000137509[10,20,2]	0	-	82761368	82775015	0	3	808,188,1633,	0,14071,14945,	chr11	82771967	82773681	AP001646.1-201|processed_pseudogene	0	+	intergenic	1714
chr11	82915680	82971141	ENSG00000137502[2,2,3]	0	-	82918630	82933778	0	5	3198,184,84,101,512,	0,8368,14820,18005,54949,	chr11	82918664	82924238	retro_human_6308	0	-	intergenic	5574
chr11	82915680	82970709	ENSG00000137502[6,2,3]	0	-	82918630	82933778	0	5	3198,184,84,101,80,	0,8368,14820,18005,54949,	chr11	82918664	82924238	retro_human_6308	0	-	intergenic	5574
chr11	82916392	82970709	ENSG00000137502[6,10,13]	0	-	82918630	82933778	0	5	2486,184,84,101,125,	0,7656,14108,17293,54192,	chr11	82918664	82924238	retro_human_6308	0	-	intergenic	5574
chr11	82916392	82971141	ENSG00000137502[2,2,13]	0	-	82918630	82933778	0	5	2486,184,84,101,512,	0,7656,14108,17293,54237,	chr11	82918664	82924238	retro_human_6308	0	-	intergenic	5574
chr11	82916392	82970709	ENSG00000137502[6,2,13]	0	-	82918630	82933778	0	5	2486,184,84,101,80,	0,7656,14108,17293,54237,	chr11	82918664	82924238	retro_human_6308	0	-	intergenic	5574
chr11	82916648	82971141	ENSG00000137502[2,2,14]	0	-	82918630	82933778	0	5	2230,184,84,101,512,	0,7400,13852,17037,53981,	chr11	82918664	82924238	retro_human_6308	0	-	intergenic	5574
chr11	82917711	82970709	ENSG00000137502[6,10,16]	0	-	82918630	82933778	0	5	1167,184,84,101,125,	0,6337,12789,15974,52873,	chr11	82918664	82924238	retro_human_6308	0	-	intergenic	5574
chr11	82917711	82970709	ENSG00000137502[6,2,16]	0	-	82918630	82933778	0	5	1167,184,84,101,80,	0,6337,12789,15974,52918,	chr11	82918664	82924238	retro_human_6308	0	-	intergenic	5574
chr11	82917711	82971141	ENSG00000137502[2,2,16]	0	-	82918630	82933778	0	5	1167,184,84,101,512,	0,6337,12789,15974,52918,	chr11	82918664	82924238	retro_human_6308	0	-	intergenic	5574
chr11	82918202	82971141	ENSG00000137502[2,2,2]	0	-	82918630	82933778	0	5	676,184,84,101,512,	0,5846,12298,15483,52427,	chr11	82918664	82924238	retro_human_6308	0	-	intergenic	5574
chr11	82918501	82928895	ENSG00000137502[5,8,6]	0	-	82918630	82918804	0	3	377,184,119,	0,5547,10275,	chr11	82918664	82924238	retro_human_6308	0	-	intergenic	5574
chr11	82918684	82933990	ENSG00000137502[4,9,7]	0	-	82918684	82918684	0	4	194,184,84,305,	0,5364,11816,15001,	chr11	82918664	82924238	retro_human_6308	0	-	intergenic	5554
chr11	95004133	95006581	ENSG00000186280[2,2,1]	0	+	95004384	95005953	0	1	2448,	0,	chr11	95004394	95019216	retro_human_5672	0	+	intergenic	2187
chr11	95045358	95046898	ENSG00000256779[2,2,2]	0	+	95045358	95045358	0	2	240,517,	0,1023,	chr11	95045408	95046848	AP002383.3-202|transcribed_processed_pseudogene	0	+	intergenic	1440
chr11	101461584	101593035	ENSG00000137672[2,8,7]	0	-	101462671	101514461	255	13	1236,76,84,75,204,196,265,234,217,165,183,775,382,	0,1779,3147,17556,19313,20267,21639,24431,31078,37070,39689,52190,131069,	chr11	101501265	101514434	retro_human_3908	0	-	intergenic	13169
chr11	101461584	101593035	ENSG00000137672[2,1,7]	0	-	101462671	101592982	0	13	1236,76,84,75,204,196,265,234,217,165,183,775,223,	0,1779,3147,17556,19313,20267,21639,24431,31078,37070,39689,52190,131228,	chr11	101501265	101514434	retro_human_3908	0	-	intergenic	13169
chr11	101461986	101593536	ENSG00000137672[1,8,8]	0	-	101462671	101514461	255	13	834,76,84,75,204,196,265,234,217,165,183,775,883,	0,1377,2745,17154,18911,19865,21237,24029,30676,36668,39287,51788,130667,	chr11	101501265	101514434	retro_human_3908	0	-	intergenic	13169
chr11	101461986	101593035	ENSG00000137672[2,8,8]	0	-	101462671	101514461	255	13	834,76,84,75,204,196,265,234,217,165,183,775,382,	0,1377,2745,17154,18911,19865,21237,24029,30676,36668,39287,51788,130667,	chr11	101501265	101514434	retro_human_3908	0	-	intergenic	13169
chr11	101461986	101593536	ENSG00000137672[1,1,8]	0	-	101462671	101592982	0	13	834,76,84,75,204,196,265,234,217,165,183,775,724,	0,1377,2745,17154,18911,19865,21237,24029,30676,36668,39287,51788,130826,	chr11	101501265	101514434	retro_human_3908	0	-	intergenic	13169
chr11	101461986	101593035	ENSG00000137672[2,1,8]	0	-	101462671	101592982	0	13	834,76,84,75,204,196,265,234,217,165,183,775,223,	0,1377,2745,17154,18911,19865,21237,24029,30676,36668,39287,51788,130826,	chr11	101501265	101514434	retro_human_3908	0	-	intergenic	13169
chr11	101462359	101593536	ENSG00000137672[1,8,6]	0	-	101462671	101514461	255	13	461,76,84,75,204,196,265,234,217,165,183,775,883,	0,1004,2372,16781,18538,19492,20864,23656,30303,36295,38914,51415,130294,	chr11	101501265	101514434	retro_human_3908	0	-	intergenic	13169
chr11	101462359	101593035	ENSG00000137672[2,8,6]	0	-	101462671	101514461	255	13	461,76,84,75,204,196,265,234,217,165,183,775,382,	0,1004,2372,16781,18538,19492,20864,23656,30303,36295,38914,51415,130294,	chr11	101501265	101514434	retro_human_3908	0	-	intergenic	13169
chr11	101462359	101593536	ENSG00000137672[1,2,6]	0	-	101462671	101592982	0	11	461,76,84,75,204,196,265,234,217,775,724,	0,1004,2372,16781,18538,19492,20864,23656,30303,51415,130453,	chr11	101501265	101514434	retro_human_3908	0	-	intergenic	13169
chr11	101462359	101593035	ENSG00000137672[2,1,6]	0	-	101462671	101592982	0	13	461,76,84,75,204,196,265,234,217,165,183,775,223,	0,1004,2372,16781,18538,19492,20864,23656,30303,36295,38914,51415,130453,	chr11	101501265	101514434	retro_human_3908	0	-	intergenic	13169
chr11	101462359	101593536	ENSG00000137672[1,1,6]	0	-	101462671	101592982	0	13	461,76,84,75,204,196,265,234,217,165,183,775,724,	0,1004,2372,16781,18538,19492,20864,23656,30303,36295,38914,51415,130453,	chr11	101501265	101514434	retro_human_3908	0	-	intergenic	13169
chr11	101480845	101593536	ENSG00000137672[1,9,9]	0	-	101480891	101592982	255	9	256,196,265,234,217,165,183,775,724,	0,1006,2378,5170,11817,17809,20428,32929,111967,	chr11	101501265	101514434	retro_human_3908	0	-	intergenic	13169
chr11	101480845	101593035	ENSG00000137672[2,9,9]	0	-	101480891	101592982	255	9	256,196,265,234,217,165,183,775,223,	0,1006,2378,5170,11817,17809,20428,32929,111967,	chr11	101501265	101514434	retro_human_3908	0	-	intergenic	13169
chr11	101501048	101513891	ENSG00000137672[4,6,4]	0	-	101501219	101513837	0	2	408,117,	0,12726,	chr11	101501265	101514434	retro_human_3908	0	-	intergenic	12626
chr11	102750737	102755658	ENSG00000255282[1,4,4]	0	+	102750737	102750737	0	2	203,501,	0,4420,	chr11	102750829	102755608	WTAPP1-205|transcribed_processed_pseudogene	0	+	intergenic	4779
chr11	102774266	102784490	ENSG00000166670[1,3,1]	0	-	102774610	102783046	255	9	442,104,160,134,145,165,126,149,192,	0,1557,2392,4733,5825,6157,8169,8758,10032,	chr11	102750787	102835280	WTAPP1-201|transcribed_processed_pseudogene	0	+	intergenic	10224
chr11	102774266	102784490	ENSG00000166670[1,1,1]	0	-	102774610	102784403	0	10	442,104,160,134,145,165,126,149,242,192,	0,1557,2392,4733,5825,6157,8169,8758,9049,10032,	chr11	102750787	102835280	WTAPP1-201|transcribed_processed_pseudogene	0	+	intergenic	10224
chr11	102793688	102802030	ENSG00000196611[1,6,1]	0	-	102795151	102801912	255	10	653,104,167,134,118,156,126,149,245,223,	0,834,1460,2736,5306,5584,6796,7146,7388,8119,	chr11	102787487	102840535	WTAPP1-202|transcribed_processed_pseudogene	0	+	intergenic	8342
chr11	102793688	102802030	ENSG00000196611[1,6,1]	0	-	102795151	102801912	255	10	653,104,167,134,118,156,126,149,245,223,	0,834,1460,2736,5306,5584,6796,7146,7388,8119,	chr11	102787532	102835302	WTAPP1-204|transcribed_processed_pseudogene	0	+	intergenic	8342
chr11	102793688	102802030	ENSG00000196611[1,5,1]	0	-	102799060	102801912	255	10	653,104,163,134,118,160,126,149,245,223,	0,834,1464,2736,5306,5580,6796,7146,7388,8119,	chr11	102787487	102840535	WTAPP1-202|transcribed_processed_pseudogene	0	+	intergenic	8342
chr11	102793688	102802030	ENSG00000196611[1,5,1]	0	-	102799060	102801912	255	10	653,104,163,134,118,160,126,149,245,223,	0,834,1464,2736,5306,5580,6796,7146,7388,8119,	chr11	102787532	102835302	WTAPP1-204|transcribed_processed_pseudogene	0	+	intergenic	8342
chr11	102793688	102802030	ENSG00000196611[1,1,1]	0	-	102794234	102801912	0	10	653,104,163,134,118,156,126,149,245,223,	0,834,1464,2736,5306,5584,6796,7146,7388,8119,	chr11	102787487	102840535	WTAPP1-202|transcribed_processed_pseudogene	0	+	intergenic	8342
chr11	102793688	102802030	ENSG00000196611[1,1,1]	0	-	102794234	102801912	0	10	653,104,163,134,118,156,126,149,245,223,	0,834,1464,2736,5306,5584,6796,7146,7388,8119,	chr11	102787532	102835302	WTAPP1-204|transcribed_processed_pseudogene	0	+	intergenic	8342
chr11	112185788	112204174	ENSG00000197580[1,14,6]	0	+	112189617	112204070	0	3	995,205,363,	0,3815,18023,	chr11	112191098	112193522	retro_human_1819|KCTD9P4-201|processed_pseudogene	0	+	intergenic	2424
chr11	121452781	121453653	ENSG00000271022[1,1,1]	0	-	121452781	121452781	0	1	872,	0,	chr11	121452831	121453603	retro_human_1792|AP002365.1-201|processed_pseudogene	0	-	intergenic	772
chr11	125141771	125155494	ENSG00000187686[1,2,2]	0	+	125141771	125141771	0	2	1835,1603,	0,12120,	chr11	125141821	125155444	KRT18P59-202|transcribed_processed_pseudogene	0	+	intergenic	13623
chr11	134420066	134428862	ENSG00000109956[4,4,1]	0	-	134423553	134425601	0	4	2294,101,297,3570,	0,3470,4256,5226,	chr11	134424290	134425661	retro_human_6564	0	-	intergenic	1371
chr12	6882636	6895097	ENSG00000240370[1,6,4]	0	+	6893321	6893753	255	2	443,2135,	0,10326,	chr12	6882686	6893878	RPL13P5-202|transcribed_processed_pseudogene	0	+	intergenic	11192
chr12	6882636	6895097	ENSG00000240370[1,6,4]	0	+	6893321	6893753	255	2	443,2135,	0,10326,	chr12	6882776	6893697	RPL13P5-205|transcribed_processed_pseudogene	0	+	intergenic	10921
chr12	6882636	6895097	ENSG00000240370[1,6,4]	0	+	6893321	6893753	255	2	443,2135,	0,10326,	chr12	6882950	6885017	RPL13P5-201|transcribed_processed_pseudogene	0	+	intergenic	2067
chr12	6882636	6895097	ENSG00000240370[1,6,4]	0	+	6893321	6893753	255	2	443,2135,	0,10326,	chr12	6882953	6894003	RPL13P5-203|transcribed_processed_pseudogene	0	+	intergenic	11050
chr12	6882636	6895097	ENSG00000240370[1,5,4]	0	+	6894211	6894643	0	3	443,216,1468,	0,10326,10993,	chr12	6882686	6893878	RPL13P5-202|transcribed_processed_pseudogene	0	+	intergenic	11192
chr12	6882636	6895097	ENSG00000240370[1,5,4]	0	+	6894211	6894643	0	3	443,216,1468,	0,10326,10993,	chr12	6882776	6893697	RPL13P5-205|transcribed_processed_pseudogene	0	+	intergenic	10921
chr12	6882636	6895097	ENSG00000240370[1,5,4]	0	+	6894211	6894643	0	3	443,216,1468,	0,10326,10993,	chr12	6882950	6885017	RPL13P5-201|transcribed_processed_pseudogene	0	+	intergenic	2067
chr12	6882636	6895097	ENSG00000240370[1,5,4]	0	+	6894211	6894643	0	3	443,216,1468,	0,10326,10993,	chr12	6882953	6894003	RPL13P5-203|transcribed_processed_pseudogene	0	+	intergenic	11050
chr12	6882636	6893747	ENSG00000240370[1,5,3]	0	+	6882986	6893157	0	3	443,216,118,	0,10326,10993,	chr12	6882686	6893878	RPL13P5-202|transcribed_processed_pseudogene	0	+	intergenic	11061
chr12	6882636	6893747	ENSG00000240370[1,5,3]	0	+	6882986	6893157	0	3	443,216,118,	0,10326,10993,	chr12	6882776	6893697	RPL13P5-205|transcribed_processed_pseudogene	0	+	intergenic	10921
chr12	6882636	6893747	ENSG00000240370[1,5,3]	0	+	6882986	6893157	0	3	443,216,118,	0,10326,10993,	chr12	6882950	6885017	RPL13P5-201|transcribed_processed_pseudogene	0	+	intergenic	2067
chr12	6882636	6893747	ENSG00000240370[1,5,3]	0	+	6882986	6893157	0	3	443,216,118,	0,10326,10993,	chr12	6882953	6894003	RPL13P5-203|transcribed_processed_pseudogene	0	+	intergenic	10794
chr12	6882636	6895097	ENSG00000240370[1,3,4]	0	+	6894211	6894643	0	4	443,132,216,1468,	0,8819,10326,10993,	chr12	6882686	6893878	RPL13P5-202|transcribed_processed_pseudogene	0	+	intergenic	11192
chr12	6882636	6895097	ENSG00000240370[1,3,4]	0	+	6894211	6894643	0	4	443,132,216,1468,	0,8819,10326,10993,	chr12	6882776	6893697	RPL13P5-205|transcribed_processed_pseudogene	0	+	intergenic	10921
chr12	6882636	6895097	ENSG00000240370[1,3,4]	0	+	6894211	6894643	0	4	443,132,216,1468,	0,8819,10326,10993,	chr12	6882950	6885017	RPL13P5-201|transcribed_processed_pseudogene	0	+	intergenic	2067
chr12	6882636	6895097	ENSG00000240370[1,3,4]	0	+	6894211	6894643	0	4	443,132,216,1468,	0,8819,10326,10993,	chr12	6882953	6894003	RPL13P5-203|transcribed_processed_pseudogene	0	+	intergenic	11050
chr12	6882636	6895097	ENSG00000240370[1,2,4]	0	+	6893321	6893753	0	3	443,132,2135,	0,8819,10326,	chr12	6882686	6893878	RPL13P5-202|transcribed_processed_pseudogene	0	+	intergenic	11192
chr12	6882636	6895097	ENSG00000240370[1,2,4]	0	+	6893321	6893753	0	3	443,132,2135,	0,8819,10326,	chr12	6882776	6893697	RPL13P5-205|transcribed_processed_pseudogene	0	+	intergenic	10921
chr12	6882636	6895097	ENSG00000240370[1,2,4]	0	+	6893321	6893753	0	3	443,132,2135,	0,8819,10326,	chr12	6882950	6885017	RPL13P5-201|transcribed_processed_pseudogene	0	+	intergenic	2067
chr12	6882636	6895097	ENSG00000240370[1,2,4]	0	+	6893321	6893753	0	3	443,132,2135,	0,8819,10326,	chr12	6882953	6894003	RPL13P5-203|transcribed_processed_pseudogene	0	+	intergenic	11050
chr12	6882636	6894053	ENSG00000240370[1,2,1]	0	+	6893321	6893753	0	3	443,132,1091,	0,8819,10326,	chr12	6882686	6893878	RPL13P5-202|transcribed_processed_pseudogene	0	+	intergenic	11192
chr12	6882636	6894053	ENSG00000240370[1,2,1]	0	+	6893321	6893753	0	3	443,132,1091,	0,8819,10326,	chr12	6882776	6893697	RPL13P5-205|transcribed_processed_pseudogene	0	+	intergenic	10921
chr12	6882636	6894053	ENSG00000240370[1,2,1]	0	+	6893321	6893753	0	3	443,132,1091,	0,8819,10326,	chr12	6882950	6885017	RPL13P5-201|transcribed_processed_pseudogene	0	+	intergenic	2067
chr12	6882636	6894053	ENSG00000240370[1,2,1]	0	+	6893321	6893753	0	3	443,132,1091,	0,8819,10326,	chr12	6882953	6894003	RPL13P5-203|transcribed_processed_pseudogene	0	+	intergenic	11050
chr12	6882816	6919306	ENSG00000010626[2,3,5]	0	+	6916243	6918124	0	6	263,216,175,110,254,1382,	0,10146,33378,33638,34202,35108,	chr12	6882686	6893878	RPL13P5-202|transcribed_processed_pseudogene	0	+	intergenic	11062
chr12	6882816	6919306	ENSG00000010626[2,3,5]	0	+	6916243	6918124	0	6	263,216,175,110,254,1382,	0,10146,33378,33638,34202,35108,	chr12	6882776	6893697	RPL13P5-205|transcribed_processed_pseudogene	0	+	intergenic	10881
chr12	6882816	6919306	ENSG00000010626[2,3,5]	0	+	6916243	6918124	0	6	263,216,175,110,254,1382,	0,10146,33378,33638,34202,35108,	chr12	6882953	6894003	RPL13P5-203|transcribed_processed_pseudogene	0	+	intergenic	11050
chr12	6882816	6918393	ENSG00000010626[2,3,2]	0	+	6916243	6918124	0	6	263,216,175,110,254,469,	0,10146,33378,33638,34202,35108,	chr12	6882686	6893878	RPL13P5-202|transcribed_processed_pseudogene	0	+	intergenic	11062
chr12	6882816	6918393	ENSG00000010626[2,3,2]	0	+	6916243	6918124	0	6	263,216,175,110,254,469,	0,10146,33378,33638,34202,35108,	chr12	6882776	6893697	RPL13P5-205|transcribed_processed_pseudogene	0	+	intergenic	10881
chr12	6882816	6918393	ENSG00000010626[2,3,2]	0	+	6916243	6918124	0	6	263,216,175,110,254,469,	0,10146,33378,33638,34202,35108,	chr12	6882953	6894003	RPL13P5-203|transcribed_processed_pseudogene	0	+	intergenic	11050
chr12	6882900	6894053	ENSG00000240370[2,3,1]	0	+	6882986	6891548	0	4	179,132,216,424,	0,8555,10062,10729,	chr12	6882686	6893878	RPL13P5-202|transcribed_processed_pseudogene	0	+	intergenic	10978
chr12	6882900	6894053	ENSG00000240370[2,3,1]	0	+	6882986	6891548	0	4	179,132,216,424,	0,8555,10062,10729,	chr12	6882776	6893697	RPL13P5-205|transcribed_processed_pseudogene	0	+	intergenic	10797
chr12	6882900	6894053	ENSG00000240370[2,3,1]	0	+	6882986	6891548	0	4	179,132,216,424,	0,8555,10062,10729,	chr12	6882950	6885017	RPL13P5-201|transcribed_processed_pseudogene	0	+	intergenic	2067
chr12	6882900	6894053	ENSG00000240370[2,3,1]	0	+	6882986	6891548	0	4	179,132,216,424,	0,8555,10062,10729,	chr12	6882953	6894003	RPL13P5-203|transcribed_processed_pseudogene	0	+	intergenic	11050
chr12	8246533	8257071	ENSG00000164845[1,4,1]	0	-	8246533	8246533	255	6	146,150,266,134,83,247,	0,1814,2791,3139,6206,10291,	chr12	8248175	8249803	retro_human_11141	0	-	intergenic	1628
chr12	8246533	8257071	ENSG00000164845[1,3,1]	0	-	8246533	8246533	255	6	146,292,266,134,83,247,	0,1672,2791,3139,6206,10291,	chr12	8248175	8249803	retro_human_11141	0	-	intergenic	1628
chr12	8249436	8253069	ENSG00000215241[1,1,1]	0	+	8249436	8249436	0	2	635,260,	0,3373,	chr12	8248175	8249803	retro_human_11141	0	-	intergenic	367
chr12	8334351	8383576	ENSG00000256552[1,2,2]	0	+	8334351	8334351	0	2	96,624,	0,48601,	chr12	8334401	8383526	AC092745.2-201|transcribed_processed_pseudogene	0	+	intergenic	49125
chr12	8370908	8404787	ENSG00000226091[6,5,3]	0	-	8370908	8370908	0	2	229,533,	0,33346,	chr12	8334401	8383526	AC092745.2-201|transcribed_processed_pseudogene	0	+	intergenic	12618
chr12	16999064	16999909	ENSG00000242991[1,1,1]	0	+	16999064	16999064	0	1	845,	0,	chr12	16999114	16999859	retro_human_9953|RPL7P40-201|processed_pseudogene	0	+	intergenic	745
chr12	22980051	22980187	ENSG00000256353[1,1,1]	0	-	22980051	22980051	0	1	136,	0,	chr12	22980101	22980137	AC087258.1-201|processed_pseudogene	0	-	intergenic	36
chr12	31120911	31121257	ENSG00000270766[1,1,1]	0	+	31120911	31120911	0	1	346,	0,	chr12	31120961	31121207	retro_human_4084|AC024940.4-201|processed_pseudogene	0	+	intergenic	246
chr12	31829808	31831288	ENSG00000256987[1,1,1]	0	+	31829808	31829808	0	1	1480,	0,	chr12	31829858	31831238	retro_human_4059|AC023050.5-201|processed_pseudogene	0	+	intergenic	1380
chr12	31976581	31976932	ENSG00000271357[1,1,1]	0	-	31976581	31976581	0	1	351,	0,	chr12	31976631	31976882	AC048344.3-201|processed_pseudogene	0	-	intergenic	251
chr12	45131618	45174739	ENSG00000134297[2,4,2]	0	-	45131618	45131618	0	2	3437,158,	0,42963,	chr12	45131685	45174648	PLEKHA8P1-201|transcribed_processed_pseudogene	0	-	intergenic	42963
chr12	45131618	45174739	ENSG00000134297[2,4,2]	0	-	45131618	45131618	0	2	3437,158,	0,42963,	chr12	45134655	45174668	PLEKHA8P1-204|transcribed_processed_pseudogene	0	-	intergenic	40013
chr12	45131618	45174739	ENSG00000134297[2,4,2]	0	-	45131618	45131618	0	2	3437,158,	0,42963,	chr12	45135048	45174683	PLEKHA8P1-203|transcribed_processed_pseudogene	0	-	intergenic	39635
chr12	45131618	45174739	ENSG00000134297[2,6,2]	0	-	45131618	45131618	0	3	3437,168,158,	0,17816,42963,	chr12	45131685	45174648	PLEKHA8P1-201|transcribed_processed_pseudogene	0	-	intergenic	42963
chr12	45131618	45174739	ENSG00000134297[2,6,2]	0	-	45131618	45131618	0	3	3437,168,158,	0,17816,42963,	chr12	45134655	45174668	PLEKHA8P1-204|transcribed_processed_pseudogene	0	-	intergenic	40013
chr12	45131618	45174739	ENSG00000134297[2,6,2]	0	-	45131618	45131618	0	3	3437,168,158,	0,17816,42963,	chr12	45135048	45174683	PLEKHA8P1-203|transcribed_processed_pseudogene	0	-	intergenic	39635
chr12	45131618	45174739	ENSG00000134297[2,5,2]	0	-	45131618	45131618	0	3	1646,193,158,	0,3244,42963,	chr12	45131685	45174648	PLEKHA8P1-201|transcribed_processed_pseudogene	0	-	intergenic	42963
chr12	45131618	45174739	ENSG00000134297[2,5,2]	0	-	45131618	45131618	0	3	1646,193,158,	0,3244,42963,	chr12	45134655	45174668	PLEKHA8P1-204|transcribed_processed_pseudogene	0	-	intergenic	40013
chr12	45131618	45174739	ENSG00000134297[2,5,2]	0	-	45131618	45131618	0	3	1646,193,158,	0,3244,42963,	chr12	45135048	45174683	PLEKHA8P1-203|transcribed_processed_pseudogene	0	-	intergenic	39635
chr12	45134605	45174739	ENSG00000134297[2,4,4]	0	-	45134605	45134605	0	2	450,158,	0,39976,	chr12	45131685	45174648	PLEKHA8P1-201|transcribed_processed_pseudogene	0	-	intergenic	40043
chr12	45134605	45174739	ENSG00000134297[2,4,4]	0	-	45134605	45134605	0	2	450,158,	0,39976,	chr12	45134655	45174668	PLEKHA8P1-204|transcribed_processed_pseudogene	0	-	intergenic	40013
chr12	45134605	45174739	ENSG00000134297[2,4,4]	0	-	45134605	45134605	0	2	450,158,	0,39976,	chr12	45135048	45174683	PLEKHA8P1-203|transcribed_processed_pseudogene	0	-	intergenic	39635
chr12	45134998	45174739	ENSG00000134297[2,6,5]	0	-	45134998	45134998	0	3	57,168,158,	0,14436,39583,	chr12	45131685	45174648	PLEKHA8P1-201|transcribed_processed_pseudogene	0	-	intergenic	39650
chr12	45134998	45174739	ENSG00000134297[2,6,5]	0	-	45134998	45134998	0	3	57,168,158,	0,14436,39583,	chr12	45134655	45174668	PLEKHA8P1-204|transcribed_processed_pseudogene	0	-	intergenic	39670
chr12	45134998	45174739	ENSG00000134297[2,6,5]	0	-	45134998	45134998	0	3	57,168,158,	0,14436,39583,	chr12	45135048	45174683	PLEKHA8P1-203|transcribed_processed_pseudogene	0	-	intergenic	39635
chr12	47096478	47099190	ENSG00000258352[2,2,2]	0	-	47096478	47096478	0	2	234,205,	0,2507,	chr12	47096528	47099140	IFITM3P6-201|transcribed_processed_pseudogene	0	-	intergenic	2612
chr12	51149767	51161649	ENSG00000184271[9,13,1]	0	-	51153131	51159723	255	7	3707,169,142,204,129,251,156,	0,4709,5443,9082,9911,10946,11726,	chr12	51153174	51154628	retro_human_10176	0	-	intergenic	1454
chr12	51149767	51161649	ENSG00000184271[9,14,1]	0	-	51153131	51159723	255	7	3707,169,142,204,129,254,156,	0,4709,5443,9082,9911,10946,11726,	chr12	51153174	51154628	retro_human_10176	0	-	intergenic	1454
chr12	51149767	51161649	ENSG00000184271[9,5,1]	0	-	51153131	51159723	0	6	3707,169,142,204,129,936,	0,4709,5443,9082,9911,10946,	chr12	51153174	51154628	retro_human_10176	0	-	intergenic	1454
chr12	51149767	51161161	ENSG00000184271[5,5,1]	0	-	51153131	51159723	0	6	3707,169,142,204,129,448,	0,4709,5443,9082,9911,10946,	chr12	51153174	51154628	retro_human_10176	0	-	intergenic	1454
chr12	51151992	51161649	ENSG00000184271[9,13,3]	0	-	51153131	51159723	255	7	1482,169,142,204,129,251,156,	0,2484,3218,6857,7686,8721,9501,	chr12	51153174	51154628	retro_human_10176	0	-	intergenic	1454
chr12	51151992	51161649	ENSG00000184271[9,14,3]	0	-	51153131	51159723	255	7	1482,169,142,204,129,254,156,	0,2484,3218,6857,7686,8721,9501,	chr12	51153174	51154628	retro_human_10176	0	-	intergenic	1454
chr12	51151992	51161649	ENSG00000184271[9,5,3]	0	-	51153131	51159723	0	6	1482,169,142,204,129,936,	0,2484,3218,6857,7686,8721,	chr12	51153174	51154628	retro_human_10176	0	-	intergenic	1454
chr12	51151992	51161161	ENSG00000184271[5,5,3]	0	-	51153131	51159723	0	6	1482,169,142,204,129,448,	0,2484,3218,6857,7686,8721,	chr12	51153174	51154628	retro_human_10176	0	-	intergenic	1454
chr12	51151992	51160029	ENSG00000184271[3,3,3]	0	-	51153131	51159723	0	5	1482,169,142,204,351,	0,2484,3218,6857,7686,	chr12	51153174	51154628	retro_human_10176	0	-	intergenic	1454
chr12	55628922	55629187	ENSG00000270458[1,1,1]	0	-	55628922	55628922	0	1	265,	0,	chr12	55628972	55629137	AC009779.6-201|processed_pseudogene	0	-	intergenic	165
chr12	55836685	55839377	ENSG00000257966[1,1,1]	0	-	55836685	55836685	0	1	2692,	0,	chr12	55836735	55839327	retro_human_9778|OLA1P3-201|processed_pseudogene	0	-	intergenic	2592
chr12	56381291	56381790	ENSG00000274569[1,1,1]	0	-	56381291	56381291	0	1	499,	0,	chr12	56381341	56381740	AC024884.1-201|processed_pseudogene	0	-	intergenic	399
chr12	57716030	57720847	ENSG00000135446[1,1,1]	0	-	57716881	57720067	0	8	941,136,51,110,168,136,237,323,	0,1505,1777,2975,3242,3526,3819,4494,	chr12	57719297	57720064	retro_human_9783	0	-	intergenic	767
chr12	57716225	57720847	ENSG00000135446[1,7,7]	0	-	57716881	57719688	0	7	746,136,51,110,168,136,323,	0,1310,1582,2780,3047,3331,4299,	chr12	57719297	57720064	retro_human_9783	0	-	intergenic	767
chr12	57716225	57720847	ENSG00000135446[1,1,7]	0	-	57716881	57720067	0	8	746,136,51,110,168,136,237,323,	0,1310,1582,2780,3047,3331,3624,4299,	chr12	57719297	57720064	retro_human_9783	0	-	intergenic	767
chr12	57716522	57720847	ENSG00000135446[1,16,8]	0	-	57716881	57720067	255	7	449,136,51,110,168,136,998,	0,1013,1285,2483,2750,3034,3327,	chr12	57719297	57720064	retro_human_9783	0	-	intergenic	767
chr12	57716522	57720847	ENSG00000135446[1,17,8]	0	-	57717837	57720067	255	8	449,136,51,110,172,136,237,323,	0,1013,1285,2483,2746,3034,3327,4002,	chr12	57719297	57720064	retro_human_9783	0	-	intergenic	767
chr12	57716522	57720847	ENSG00000135446[1,11,8]	0	-	57716881	57719434	0	7	449,136,51,110,168,237,323,	0,1013,1285,2483,2750,3327,4002,	chr12	57719297	57720064	retro_human_9783	0	-	intergenic	767
chr12	57716522	57720847	ENSG00000135446[1,4,8]	0	-	57719848	57720067	0	3	449,136,3040,	0,1013,1285,	chr12	57719297	57720064	retro_human_9783	0	-	intergenic	767
chr12	57716522	57720847	ENSG00000135446[1,2,8]	0	-	57716881	57717565	0	4	449,136,51,323,	0,1013,1285,4002,	chr12	57719297	57720064	retro_human_9783	0	-	intergenic	767
chr12	57716522	57720847	ENSG00000135446[1,7,8]	0	-	57716881	57719688	0	7	449,136,51,110,168,136,323,	0,1013,1285,2483,2750,3034,4002,	chr12	57719297	57720064	retro_human_9783	0	-	intergenic	767
chr12	57716522	57720847	ENSG00000135446[1,1,8]	0	-	57716881	57720067	0	8	449,136,51,110,168,136,237,323,	0,1013,1285,2483,2750,3034,3327,4002,	chr12	57719297	57720064	retro_human_9783	0	-	intergenic	767
chr12	57716714	57720847	ENSG00000135446[1,17,2]	0	-	57717837	57720067	255	8	257,136,51,110,172,136,237,323,	0,821,1093,2291,2554,2842,3135,3810,	chr12	57719297	57720064	retro_human_9783	0	-	intergenic	767
chr12	57716714	57720847	ENSG00000135446[1,7,2]	0	-	57716881	57719688	0	7	257,136,51,110,168,136,323,	0,821,1093,2291,2558,2842,3810,	chr12	57719297	57720064	retro_human_9783	0	-	intergenic	767
chr12	64201092	64375748	ENSG00000243024[1,2,1]	0	+	64201092	64201092	0	5	261,112,382,102,613,	0,5592,166573,169117,174043,	chr12	64201146	64375698	AC012158.1-201|transcribed_processed_pseudogene	0	+	intergenic	174552
chr12	64201092	64375748	ENSG00000243024[1,2,1]	0	+	64201092	64201092	0	5	261,112,382,102,613,	0,5592,166573,169117,174043,	chr12	64331088	64375698	AC012158.1-202|transcribed_processed_pseudogene	0	+	intergenic	44610
chr12	64243528	64369441	ENSG00000185306[1,2,1]	0	-	64246002	64369198	0	11	2577,179,75,75,124,90,107,145,73,163,495,	0,5827,10192,10589,12968,19954,21243,38914,66205,88137,125418,	chr12	64201146	64375698	AC012158.1-201|transcribed_processed_pseudogene	0	+	intergenic	125913
chr12	64243528	64369441	ENSG00000185306[1,2,1]	0	-	64246002	64369198	0	11	2577,179,75,75,124,90,107,145,73,163,495,	0,5827,10192,10589,12968,19954,21243,38914,66205,88137,125418,	chr12	64331088	64375698	AC012158.1-202|transcribed_processed_pseudogene	0	+	intergenic	38353
chr12	64245203	64369875	ENSG00000185306[6,1,5]	0	-	64246002	64369198	0	13	902,179,75,75,124,90,107,145,74,406,73,163,929,	0,4152,8517,8914,11293,18279,19568,37239,46282,52166,64530,86462,123743,	chr12	64201146	64375698	AC012158.1-201|transcribed_processed_pseudogene	0	+	intergenic	124672
chr12	64245203	64369875	ENSG00000185306[6,1,5]	0	-	64246002	64369198	0	13	902,179,75,75,124,90,107,145,74,406,73,163,929,	0,4152,8517,8914,11293,18279,19568,37239,46282,52166,64530,86462,123743,	chr12	64331088	64375698	AC012158.1-202|transcribed_processed_pseudogene	0	+	intergenic	38787
chr12	64245749	64272242	ENSG00000185306[4,5,2]	0	-	64246002	64253750	0	7	356,179,75,75,90,107,153,	0,3606,7971,8368,17733,19022,26340,	chr12	64201146	64375698	AC012158.1-201|transcribed_processed_pseudogene	0	+	intergenic	26493
chr12	64245749	64272242	ENSG00000185306[4,6,2]	0	-	64246002	64263538	0	8	356,179,75,75,124,90,107,153,	0,3606,7971,8368,10747,17733,19022,26340,	chr12	64201146	64375698	AC012158.1-201|transcribed_processed_pseudogene	0	+	intergenic	26493
chr12	64369324	64375748	ENSG00000243024[4,4,1]	0	+	64369324	64369324	0	3	737,102,613,	0,885,5811,	chr12	64369374	64375698	AC012158.1-203|transcribed_processed_pseudogene	0	+	intergenic	6324
chr12	64369324	64375748	ENSG00000243024[4,4,1]	0	+	64369324	64369324	0	3	737,102,613,	0,885,5811,	chr12	64331088	64375698	AC012158.1-202|transcribed_processed_pseudogene	0	+	intergenic	6374
chr12	65737449	65806548	ENSG00000241749[2,2,1]	0	-	65737449	65737449	0	2	1062,205,	0,68894,	chr12	65737499	65806475	RPSAP52-201|transcribed_processed_pseudogene	0	-	intergenic	68976
chr12	65803912	65810602	ENSG00000149948[1,12,13]	0	+	65804771	65809693	255	3	970,87,954,	0,3589,5736,	chr12	65805475	65806498	RPSAP52-203|transcribed_processed_pseudogene	0	-	intergenic	1023
chr12	65804263	65810602	ENSG00000149948[2,12,13]	0	+	65804771	65809693	255	3	619,87,954,	0,3238,5385,	chr12	65805475	65806498	RPSAP52-203|transcribed_processed_pseudogene	0	-	intergenic	1023
chr12	65804263	65810602	ENSG00000149948[2,8,13]	0	+	65804771	65807630	0	2	619,3101,	0,3238,	chr12	65805475	65806498	RPSAP52-203|transcribed_processed_pseudogene	0	-	intergenic	1023
chr12	65804263	65808565	ENSG00000149948[2,8,7]	0	+	65804771	65807630	0	2	619,1064,	0,3238,	chr12	65805475	65806498	RPSAP52-203|transcribed_processed_pseudogene	0	-	intergenic	1023
chr12	65804573	65810602	ENSG00000149948[3,12,13]	0	+	65804771	65809693	255	3	309,87,954,	0,2928,5075,	chr12	65805475	65806498	RPSAP52-203|transcribed_processed_pseudogene	0	-	intergenic	1023
chr12	65805425	65806548	ENSG00000241749[2,1,2]	0	-	65805425	65805425	0	1	1123,	0,	chr12	65805475	65806498	RPSAP52-203|transcribed_processed_pseudogene	0	-	intergenic	1023
chr12	68622006	68622581	ENSG00000234925[1,1,1]	0	-	68622006	68622006	0	1	575,	0,	chr12	68622056	68622531	retro_human_6139|ATP5PDP4-201|processed_pseudogene	0	-	intergenic	475
chr12	68653854	68666473	ENSG00000247363[1,1,1]	0	-	68653854	68653854	0	3	1501,159,190,	0,11551,12429,	chr12	68664141	68665855	retro_human_2676|RPL7P42-201|processed_pseudogene	0	+	intergenic	1714
chr12	76090714	76091204	ENSG00000258304[1,1,1]	0	+	76090714	76090714	0	1	490,	0,	chr12	76090764	76091154	retro_human_2626|AC233290.2-201|processed_pseudogene	0	+	intergenic	390
chr12	87764607	87766155	ENSG00000258128[2,1,2]	0	-	87764607	87764607	0	1	1548,	0,	chr12	87763695	87764996	retro_human_739|MKRN9P-202|transcribed_processed_pseudogene	0	-	intergenic	389
chr12	89329128	89335265	ENSG00000139318[4,1,1]	0	-	89331200	89333983	0	3	2377,438,1682,	0,3403,4455,	chr12	89331309	89332763	retro_human_738	0	-	intergenic	1454
chr12	89329768	89334495	ENSG00000139318[1,6,8]	0	-	89332520	89333983	255	2	3201,912,	0,3815,	chr12	89331309	89332763	retro_human_738	0	-	intergenic	1454
chr12	89329768	89334495	ENSG00000139318[1,3,8]	0	-	89331200	89333983	0	2	1737,912,	0,3815,	chr12	89331309	89332763	retro_human_738	0	-	intergenic	1454
chr12	89329768	89334495	ENSG00000139318[1,1,8]	0	-	89331200	89333983	0	3	1737,438,912,	0,2763,3815,	chr12	89331309	89332763	retro_human_738	0	-	intergenic	1454
chr12	89329959	89334495	ENSG00000139318[1,6,6]	0	-	89332520	89333983	255	2	3010,912,	0,3624,	chr12	89331309	89332763	retro_human_738	0	-	intergenic	1454
chr12	89329959	89334495	ENSG00000139318[1,2,6]	0	-	89331200	89332994	0	2	1546,1964,	0,2572,	chr12	89331309	89332763	retro_human_738	0	-	intergenic	1454
chr12	89329959	89334495	ENSG00000139318[1,3,6]	0	-	89331200	89333983	0	2	1546,912,	0,3624,	chr12	89331309	89332763	retro_human_738	0	-	intergenic	1454
chr12	89329959	89334495	ENSG00000139318[1,1,6]	0	-	89331200	89333983	0	3	1546,438,912,	0,2572,3624,	chr12	89331309	89332763	retro_human_738	0	-	intergenic	1454
chr12	89330262	89334495	ENSG00000139318[1,6,2]	0	-	89332520	89333983	255	2	2707,912,	0,3321,	chr12	89331309	89332763	retro_human_738	0	-	intergenic	1454
chr12	89330262	89334495	ENSG00000139318[1,2,2]	0	-	89331200	89332994	0	2	1243,1964,	0,2269,	chr12	89331309	89332763	retro_human_738	0	-	intergenic	1454
chr12	89330262	89334495	ENSG00000139318[1,3,2]	0	-	89331200	89333983	0	2	1243,912,	0,3321,	chr12	89331309	89332763	retro_human_738	0	-	intergenic	1454
chr12	89330262	89334495	ENSG00000139318[1,1,2]	0	-	89331200	89333983	0	3	1243,438,912,	0,2269,3321,	chr12	89331309	89332763	retro_human_738	0	-	intergenic	1454
chr12	89330537	89334495	ENSG00000139318[1,6,7]	0	-	89332520	89333983	255	2	2432,912,	0,3046,	chr12	89331309	89332763	retro_human_738	0	-	intergenic	1454
chr12	89330537	89334495	ENSG00000139318[1,2,7]	0	-	89331200	89332994	0	2	968,1964,	0,1994,	chr12	89331309	89332763	retro_human_738	0	-	intergenic	1454
chr12	89330537	89334495	ENSG00000139318[1,3,7]	0	-	89331200	89333983	0	2	968,912,	0,3046,	chr12	89331309	89332763	retro_human_738	0	-	intergenic	1454
chr12	89330537	89334495	ENSG00000139318[1,1,7]	0	-	89331200	89333983	0	3	968,438,912,	0,1994,3046,	chr12	89331309	89332763	retro_human_738	0	-	intergenic	1454
chr12	89330965	89333165	ENSG00000139318[2,2,3]	0	-	89331200	89332994	0	2	540,634,	0,1566,	chr12	89331309	89332763	retro_human_738	0	-	intergenic	1454
chr12	89331375	89333576	ENSG00000139318[3,4,4]	0	-	89332660	89332786	0	3	130,438,136,	0,1156,2065,	chr12	89331309	89332763	retro_human_738	0	-	intergenic	1388
chr12	95636919	95765114	ENSG00000074527[8,11,1]	0	-	95638251	95764977	255	9	1466,171,69,116,214,189,127,279,155,	0,8051,12322,24922,25713,52673,55444,80104,128040,	chr12	95628307	95653128	PGAM1P5-202|transcribed_processed_pseudogene	0	+	intergenic	16209
chr12	95636919	95769972	ENSG00000074527[1,15,1]	0	-	95638251	95769467	255	11	1466,171,69,116,214,189,127,114,279,530,560,	0,8051,12322,24922,25713,52673,55444,71164,80104,129177,132493,	chr12	95628307	95653128	PGAM1P5-202|transcribed_processed_pseudogene	0	+	intergenic	16209
chr12	95636919	95731294	ENSG00000074527[7,10,1]	0	-	95638251	95717026	255	9	1466,171,69,116,214,189,127,279,575,	0,8051,12322,24922,25713,52673,55444,80104,93800,	chr12	95628307	95653128	PGAM1P5-202|transcribed_processed_pseudogene	0	+	intergenic	16209
chr12	95636919	95769972	ENSG00000074527[1,13,1]	0	-	95638251	95769467	255	9	1466,171,69,116,214,189,127,530,560,	0,8051,12322,24922,25713,52673,55444,129177,132493,	chr12	95628307	95653128	PGAM1P5-202|transcribed_processed_pseudogene	0	+	intergenic	16209
chr12	95636919	95769538	ENSG00000074527[2,13,1]	0	-	95638251	95769467	255	9	1466,171,69,116,214,189,127,530,126,	0,8051,12322,24922,25713,52673,55444,129177,132493,	chr12	95628307	95653128	PGAM1P5-202|transcribed_processed_pseudogene	0	+	intergenic	16209
chr12	95636919	95769972	ENSG00000074527[1,14,1]	0	-	95638251	95769467	255	9	1466,69,116,214,189,127,279,530,560,	0,12322,24922,25713,52673,55444,80104,129177,132493,	chr12	95628307	95653128	PGAM1P5-202|transcribed_processed_pseudogene	0	+	intergenic	16209
chr12	95636919	95769972	ENSG00000074527[1,12,1]	0	-	95638251	95766570	255	10	1466,171,69,116,214,189,127,279,530,1029,	0,8051,12322,24922,25713,52673,55444,80104,129177,132024,	chr12	95628307	95653128	PGAM1P5-202|transcribed_processed_pseudogene	0	+	intergenic	16209
chr12	95636919	95769538	ENSG00000074527[2,12,1]	0	-	95638251	95766570	255	10	1466,171,69,116,214,189,127,279,530,595,	0,8051,12322,24922,25713,52673,55444,80104,129177,132024,	chr12	95628307	95653128	PGAM1P5-202|transcribed_processed_pseudogene	0	+	intergenic	16209
chr12	95636919	95769972	ENSG00000074527[1,2,1]	0	-	95638251	95769467	0	9	1466,171,116,214,189,127,279,530,560,	0,8051,24922,25713,52673,55444,80104,129177,132493,	chr12	95628307	95653128	PGAM1P5-202|transcribed_processed_pseudogene	0	+	intergenic	16209
chr12	95636919	95770398	ENSG00000074527[3,5,1]	0	-	95638251	95766570	0	10	1466,171,69,116,214,189,127,279,530,128,	0,8051,12322,24922,25713,52673,55444,80104,129177,133351,	chr12	95628307	95653128	PGAM1P5-202|transcribed_processed_pseudogene	0	+	intergenic	16209
chr12	95636919	95769972	ENSG00000074527[1,1,1]	0	-	95638251	95769467	0	10	1466,171,69,116,214,189,127,279,530,560,	0,8051,12322,24922,25713,52673,55444,80104,129177,132493,	chr12	95628307	95653128	PGAM1P5-202|transcribed_processed_pseudogene	0	+	intergenic	16209
chr12	95638100	95769538	ENSG00000074527[2,2,2]	0	-	95638251	95769467	0	9	285,171,116,214,189,127,279,530,126,	0,6870,23741,24532,51492,54263,78923,127996,131312,	chr12	95628307	95653128	PGAM1P5-202|transcribed_processed_pseudogene	0	+	intergenic	15028
chr12	95638100	95770398	ENSG00000074527[3,5,2]	0	-	95638251	95766570	0	10	285,171,69,116,214,189,127,279,530,128,	0,6870,11141,23741,24532,51492,54263,78923,127996,132170,	chr12	95628307	95653128	PGAM1P5-202|transcribed_processed_pseudogene	0	+	intergenic	15028
chr12	97726194	97729713	ENSG00000257501[4,6,6]	0	-	97726194	97726194	0	2	552,130,	0,3389,	chr12	97726244	97729636	AC007424.1-204|transcribed_processed_pseudogene	0	-	intergenic	3392
chr12	97726194	97729713	ENSG00000257501[4,6,6]	0	-	97726194	97726194	0	2	552,130,	0,3389,	chr12	97703199	97729663	AC007424.1-202|transcribed_processed_pseudogene	0	-	intergenic	3469
chr12	97726194	97729713	ENSG00000257501[4,6,6]	0	-	97726194	97726194	0	2	552,130,	0,3389,	chr12	97726401	97735004	AC007424.1-205|transcribed_processed_pseudogene	0	-	intergenic	3312
chr12	107696312	107704668	ENSG00000110851[4,7,1]	0	-	107697704	107704582	255	3	1702,169,231,	0,6562,8125,	chr12	107702874	107704612	retro_human_7745	0	-	intergenic	1738
chr12	107697475	107704668	ENSG00000110851[4,7,6]	0	-	107697704	107704582	255	3	539,169,231,	0,5399,6962,	chr12	107702874	107704612	retro_human_7745	0	-	intergenic	1738
chr12	107697632	107704668	ENSG00000110851[4,7,2]	0	-	107697704	107704582	255	3	382,169,231,	0,5242,6805,	chr12	107702874	107704612	retro_human_7745	0	-	intergenic	1738
chr12	107844647	107847554	ENSG00000257951[1,1,1]	0	+	107844647	107844647	0	3	193,291,625,	0,798,2282,	chr12	107845457	107847381	retro_human_3698	0	+	intergenic	1924
chr12	111349706	111383918	ENSG00000257595[1,1,1]	0	+	111349706	111349706	0	3	110,102,223,	0,2759,33989,	chr12	111362372	111366144	HSPA8P14-201|processed_pseudogene	0	+	intergenic	3772
chr12	120358514	120358915	ENSG00000239881[2,1,1]	0	+	120358514	120358514	0	1	401,	0,	chr12	120356616	120358865	RPS27P25-202|transcribed_processed_pseudogene	0	+	intergenic	351
chr12	122267171	122395856	ENSG00000130779[15,22,1]	0	-	122268667	122376235	255	24	1719,125,50,151,118,53,121,107,117,216,166,157,84,58,117,945,61,104,198,223,125,572,191,284,	0,2656,6774,7412,7648,17110,38383,45377,47860,56575,56889,61613,62653,63274,65256,69384,81355,83082,83744,89571,92590,105996,108979,128401,	chr12	122359743	122373653	retro_human_4471	0	-	intergenic	13910
chr12	122324048	122418514	ENSG00000130779[1,28,12]	0	-	122343189	122350923	255	16	178,157,84,58,117,945,105,33,61,104,198,223,125,572,191,199,	0,4736,5776,6397,8379,12507,19127,22864,24478,26205,26867,32694,35713,49119,52102,94267,	chr12	122359743	122373653	retro_human_4471	0	-	intergenic	13910
chr12	122324048	122418514	ENSG00000130779[1,25,12]	0	-	122359864	122373430	255	14	178,157,84,58,117,945,61,104,198,223,125,572,191,199,	0,4736,5776,6397,8379,12507,24478,26205,26867,32694,35713,49119,52102,94267,	chr12	122359743	122373653	retro_human_4471	0	-	intergenic	13910
chr12	122328734	122418514	ENSG00000130779[1,27,6]	0	-	122329795	122376235	255	14	1174,58,117,945,105,33,61,104,198,223,125,572,191,199,	0,1711,3693,7821,14441,18178,19792,21519,22181,28008,31027,44433,47416,89581,	chr12	122359743	122373653	retro_human_4471	0	-	intergenic	13910
chr12	122328734	122418514	ENSG00000130779[1,24,6]	0	-	122329795	122376235	255	12	1174,58,117,945,61,104,198,223,125,572,191,199,	0,1711,3693,7821,19792,21519,22181,28008,31027,44433,47416,89581,	chr12	122359743	122373653	retro_human_4471	0	-	intergenic	13910
chr12	122336840	122418514	ENSG00000130779[1,23,8]	0	-	122359864	122373430	255	9	660,61,104,198,223,125,572,191,199,	0,11686,13413,14075,19902,22921,36327,39310,81475,	chr12	122359743	122373653	retro_human_4471	0	-	intergenic	13910
chr12	122336840	122418514	ENSG00000130779[1,26,8]	0	-	122343189	122350923	255	11	660,105,33,61,104,198,223,125,572,191,199,	0,6335,10072,11686,13413,14075,19902,22921,36327,39310,81475,	chr12	122359743	122373653	retro_human_4471	0	-	intergenic	13910
chr12	132175848	132176249	ENSG00000256804[1,1,1]	0	-	132175848	132175848	0	1	401,	0,	chr12	132175898	132176199	retro_human_10759|AC138466.2-201|processed_pseudogene	0	-	intergenic	301
chr12	132795726	132796400	ENSG00000256108[1,1,1]	0	+	132795726	132795726	0	1	674,	0,	chr12	132795776	132796350	retro_human_4508|AC135586.1-201|processed_pseudogene	0	+	intergenic	574
chr13	17948019	17948936	ENSG00000227784[1,1,1]	0	+	17948019	17948019	0	1	917,	0,	chr13	17948069	17948886	ZNF965P-201|processed_pseudogene	0	+	intergenic	817
chr13	22450240	22454005	ENSG00000235205[1,1,1]	0	+	22453481	22453811	0	1	3765,	0,	chr13	22450290	22453955	retro_human_5661|TATDN2P3-201|processed_pseudogene	0	+	intergenic	3665
chr13	43653228	43796402	ENSG00000102804[5,14,7]	0	-	43654388	43795861	255	4	1415,52,3084,181,	0,2575,139721,142993,	chr13	43656816	43684678	AL139184.1-201|transcribed_processed_pseudogene	0	+	intergenic	27862
chr13	43653228	43796402	ENSG00000102804[5,14,7]	0	-	43654388	43795861	255	4	1415,52,3084,181,	0,2575,139721,142993,	chr13	43656966	43672580	AL139184.1-202|transcribed_processed_pseudogene	0	+	intergenic	15614
chr13	43653228	43796984	ENSG00000102804[12,14,7]	0	-	43654388	43795861	255	4	1415,52,3084,763,	0,2575,139721,142993,	chr13	43656816	43684678	AL139184.1-201|transcribed_processed_pseudogene	0	+	intergenic	27862
chr13	43653228	43796984	ENSG00000102804[12,14,7]	0	-	43654388	43795861	255	4	1415,52,3084,763,	0,2575,139721,142993,	chr13	43656966	43672580	AL139184.1-202|transcribed_processed_pseudogene	0	+	intergenic	15614
chr13	43653228	43796984	ENSG00000102804[12,15,7]	0	-	43654388	43795861	255	4	1415,52,3084,541,	0,2575,139721,143215,	chr13	43656816	43684678	AL139184.1-201|transcribed_processed_pseudogene	0	+	intergenic	27862
chr13	43653228	43796984	ENSG00000102804[12,15,7]	0	-	43654388	43795861	255	4	1415,52,3084,541,	0,2575,139721,143215,	chr13	43656966	43672580	AL139184.1-202|transcribed_processed_pseudogene	0	+	intergenic	15614
chr13	43653228	43796984	ENSG00000102804[12,16,7]	0	-	43654388	43795861	255	4	1415,52,3084,141,	0,2575,139721,143615,	chr13	43656816	43684678	AL139184.1-201|transcribed_processed_pseudogene	0	+	intergenic	27862
chr13	43653228	43796984	ENSG00000102804[12,16,7]	0	-	43654388	43795861	255	4	1415,52,3084,141,	0,2575,139721,143615,	chr13	43656966	43672580	AL139184.1-202|transcribed_processed_pseudogene	0	+	intergenic	15614
chr13	43653228	43694110	ENSG00000102804[4,4,7]	0	-	43654388	43655806	0	3	1415,52,134,	0,2575,40748,	chr13	43656816	43684678	AL139184.1-201|transcribed_processed_pseudogene	0	+	intergenic	27862
chr13	43653228	43694110	ENSG00000102804[4,4,7]	0	-	43654388	43655806	0	3	1415,52,134,	0,2575,40748,	chr13	43656966	43672580	AL139184.1-202|transcribed_processed_pseudogene	0	+	intergenic	15614
chr13	43653228	43796009	ENSG00000102804[13,1,7]	0	-	43654388	43795861	0	3	1415,52,3060,	0,2575,139721,	chr13	43656816	43684678	AL139184.1-201|transcribed_processed_pseudogene	0	+	intergenic	27862
chr13	43653228	43796009	ENSG00000102804[13,1,7]	0	-	43654388	43795861	0	3	1415,52,3060,	0,2575,139721,	chr13	43656966	43672580	AL139184.1-202|transcribed_processed_pseudogene	0	+	intergenic	15614
chr13	43653228	43793359	ENSG00000102804[11,1,7]	0	-	43654388	43793332	0	3	1415,52,410,	0,2575,139721,	chr13	43656816	43684678	AL139184.1-201|transcribed_processed_pseudogene	0	+	intergenic	27862
chr13	43653228	43793359	ENSG00000102804[11,1,7]	0	-	43654388	43793332	0	3	1415,52,410,	0,2575,139721,	chr13	43656966	43672580	AL139184.1-202|transcribed_processed_pseudogene	0	+	intergenic	15614
chr13	43653228	43796402	ENSG00000102804[5,1,7]	0	-	43654388	43795861	0	3	1415,52,3453,	0,2575,139721,	chr13	43656816	43684678	AL139184.1-201|transcribed_processed_pseudogene	0	+	intergenic	27862
chr13	43653228	43796402	ENSG00000102804[5,1,7]	0	-	43654388	43795861	0	3	1415,52,3453,	0,2575,139721,	chr13	43656966	43672580	AL139184.1-202|transcribed_processed_pseudogene	0	+	intergenic	15614
chr13	48441592	48443732	ENSG00000102539[1,1,1]	0	+	48441642	48443679	0	2	951,388,	0,1752,	chr13	48441757	48443532	retro_human_6890	0	+	intergenic	1775
chr13	50668210	50669800	ENSG00000236778[2,4,1]	0	+	50668210	50668210	0	2	128,878,	0,712,	chr13	50669083	50675936	RPS4XP16-203|transcribed_processed_pseudogene	0	+	intergenic	717
chr13	50668210	50669800	ENSG00000236778[2,4,1]	0	+	50668210	50668210	0	2	128,878,	0,712,	chr13	50669083	50676232	retro_human_2040|RPS4XP16-202|transcribed_processed_pseudogene	0	+	intergenic	717
chr13	50675394	50676285	ENSG00000224892[2,1,2]	0	+	50675394	50675394	0	1	891,	0,	chr13	50669083	50676232	retro_human_2040|RPS4XP16-202|transcribed_processed_pseudogene	0	+	intergenic	838
chr13	96145319	96188312	ENSG00000234267[3,3,1]	0	-	96145319	96145319	0	3	569,102,163,	0,14632,42830,	chr13	96145369	96152380	retro_human_10497|TULP3P1-201|transcribed_processed_pseudogene	0	-	intergenic	7011
chr13	96145319	96188312	ENSG00000234267[3,3,1]	0	-	96145319	96145319	0	3	569,102,163,	0,14632,42830,	chr13	96145517	96188262	TULP3P1-203|transcribed_processed_pseudogene	0	-	intergenic	42745
chr14	13375414	13419213	ENSG00000225210[1,10,10]	0	+	13375414	13375414	255	3	201,91,2384,	0,30653,41415,	chr14	13375464	13381335	DUXAP9-202|transcribed_processed_pseudogene	0	+	intergenic	5871
chr14	13375414	13419213	ENSG00000225210[1,10,10]	0	+	13375414	13375414	255	3	201,91,2384,	0,30653,41415,	chr14	13375506	13428424	DUXAP9-201|transcribed_processed_pseudogene	0	+	intergenic	43707
chr14	13375414	13419213	ENSG00000225210[1,10,10]	0	+	13375414	13375414	255	3	201,91,2384,	0,30653,41415,	chr14	13375508	13420263	DUXAP9-203|transcribed_processed_pseudogene	0	+	intergenic	43705
chr14	13375414	13419213	ENSG00000225210[1,10,10]	0	+	13375414	13375414	255	3	201,91,2384,	0,30653,41415,	chr14	13375520	13418395	DUXAP9-207|transcribed_processed_pseudogene	0	+	intergenic	42875
chr14	13375414	13419213	ENSG00000225210[1,10,10]	0	+	13375414	13375414	255	3	201,91,2384,	0,30653,41415,	chr14	13375543	13388257	DUXAP9-206|transcribed_processed_pseudogene	0	+	intergenic	12714
chr14	13375414	13419213	ENSG00000225210[1,10,10]	0	+	13375414	13375414	255	3	201,91,2384,	0,30653,41415,	chr14	13375549	13417178	DUXAP9-205|transcribed_processed_pseudogene	0	+	intergenic	41629
chr14	13375414	13419213	ENSG00000225210[1,10,10]	0	+	13375414	13375414	255	3	201,91,2384,	0,30653,41415,	chr14	13375551	13444317	DUXAP9-209|transcribed_processed_pseudogene	0	+	intergenic	43662
chr14	13375414	13419213	ENSG00000225210[1,10,10]	0	+	13375414	13375414	255	3	201,91,2384,	0,30653,41415,	chr14	13375554	13407066	DUXAP9-204|transcribed_processed_pseudogene	0	+	intergenic	31512
chr14	13375414	13418445	ENSG00000225210[1,4,7]	0	+	13375414	13375414	0	8	201,111,148,112,138,136,91,1616,	0,2320,3705,3973,5814,6170,30653,41415,	chr14	13375464	13381335	DUXAP9-202|transcribed_processed_pseudogene	0	+	intergenic	5871
chr14	13375414	13418445	ENSG00000225210[1,4,7]	0	+	13375414	13375414	0	8	201,111,148,112,138,136,91,1616,	0,2320,3705,3973,5814,6170,30653,41415,	chr14	13375506	13428424	DUXAP9-201|transcribed_processed_pseudogene	0	+	intergenic	42939
chr14	13375414	13418445	ENSG00000225210[1,4,7]	0	+	13375414	13375414	0	8	201,111,148,112,138,136,91,1616,	0,2320,3705,3973,5814,6170,30653,41415,	chr14	13375508	13420263	DUXAP9-203|transcribed_processed_pseudogene	0	+	intergenic	42937
chr14	13375414	13418445	ENSG00000225210[1,4,7]	0	+	13375414	13375414	0	8	201,111,148,112,138,136,91,1616,	0,2320,3705,3973,5814,6170,30653,41415,	chr14	13375520	13418395	DUXAP9-207|transcribed_processed_pseudogene	0	+	intergenic	42875
chr14	13375414	13418445	ENSG00000225210[1,4,7]	0	+	13375414	13375414	0	8	201,111,148,112,138,136,91,1616,	0,2320,3705,3973,5814,6170,30653,41415,	chr14	13375543	13388257	DUXAP9-206|transcribed_processed_pseudogene	0	+	intergenic	12714
chr14	13375414	13418445	ENSG00000225210[1,4,7]	0	+	13375414	13375414	0	8	201,111,148,112,138,136,91,1616,	0,2320,3705,3973,5814,6170,30653,41415,	chr14	13375549	13417178	DUXAP9-205|transcribed_processed_pseudogene	0	+	intergenic	41629
chr14	13375414	13418445	ENSG00000225210[1,4,7]	0	+	13375414	13375414	0	8	201,111,148,112,138,136,91,1616,	0,2320,3705,3973,5814,6170,30653,41415,	chr14	13375551	13444317	DUXAP9-209|transcribed_processed_pseudogene	0	+	intergenic	42894
chr14	13375414	13418445	ENSG00000225210[1,4,7]	0	+	13375414	13375414	0	8	201,111,148,112,138,136,91,1616,	0,2320,3705,3973,5814,6170,30653,41415,	chr14	13375554	13407066	DUXAP9-204|transcribed_processed_pseudogene	0	+	intergenic	31512
chr14	13375414	13417228	ENSG00000225210[1,8,6]	0	+	13375414	13375414	0	4	201,136,91,399,	0,6170,30653,41415,	chr14	13375464	13381335	DUXAP9-202|transcribed_processed_pseudogene	0	+	intergenic	5871
chr14	13375414	13417228	ENSG00000225210[1,8,6]	0	+	13375414	13375414	0	4	201,136,91,399,	0,6170,30653,41415,	chr14	13375506	13428424	DUXAP9-201|transcribed_processed_pseudogene	0	+	intergenic	41722
chr14	13375414	13417228	ENSG00000225210[1,8,6]	0	+	13375414	13375414	0	4	201,136,91,399,	0,6170,30653,41415,	chr14	13375508	13420263	DUXAP9-203|transcribed_processed_pseudogene	0	+	intergenic	41720
chr14	13375414	13417228	ENSG00000225210[1,8,6]	0	+	13375414	13375414	0	4	201,136,91,399,	0,6170,30653,41415,	chr14	13375520	13418395	DUXAP9-207|transcribed_processed_pseudogene	0	+	intergenic	41708
chr14	13375414	13417228	ENSG00000225210[1,8,6]	0	+	13375414	13375414	0	4	201,136,91,399,	0,6170,30653,41415,	chr14	13375543	13388257	DUXAP9-206|transcribed_processed_pseudogene	0	+	intergenic	12714
chr14	13375414	13417228	ENSG00000225210[1,8,6]	0	+	13375414	13375414	0	4	201,136,91,399,	0,6170,30653,41415,	chr14	13375549	13417178	DUXAP9-205|transcribed_processed_pseudogene	0	+	intergenic	41629
chr14	13375414	13417228	ENSG00000225210[1,8,6]	0	+	13375414	13375414	0	4	201,136,91,399,	0,6170,30653,41415,	chr14	13375551	13444317	DUXAP9-209|transcribed_processed_pseudogene	0	+	intergenic	41677
chr14	13375414	13417228	ENSG00000225210[1,8,6]	0	+	13375414	13375414	0	4	201,136,91,399,	0,6170,30653,41415,	chr14	13375554	13407066	DUXAP9-204|transcribed_processed_pseudogene	0	+	intergenic	31512
chr14	13375414	13381385	ENSG00000225210[1,2,1]	0	+	13375414	13375414	0	5	201,111,115,112,157,	0,2320,3738,3973,5814,	chr14	13375464	13381335	DUXAP9-202|transcribed_processed_pseudogene	0	+	intergenic	5871
chr14	13375414	13381385	ENSG00000225210[1,2,1]	0	+	13375414	13375414	0	5	201,111,115,112,157,	0,2320,3738,3973,5814,	chr14	13375506	13428424	DUXAP9-201|transcribed_processed_pseudogene	0	+	intergenic	5879
chr14	13375414	13381385	ENSG00000225210[1,2,1]	0	+	13375414	13375414	0	5	201,111,115,112,157,	0,2320,3738,3973,5814,	chr14	13375508	13420263	DUXAP9-203|transcribed_processed_pseudogene	0	+	intergenic	5877
chr14	13375414	13381385	ENSG00000225210[1,2,1]	0	+	13375414	13375414	0	5	201,111,115,112,157,	0,2320,3738,3973,5814,	chr14	13375520	13418395	DUXAP9-207|transcribed_processed_pseudogene	0	+	intergenic	5865
chr14	13375414	13381385	ENSG00000225210[1,2,1]	0	+	13375414	13375414	0	5	201,111,115,112,157,	0,2320,3738,3973,5814,	chr14	13375543	13388257	DUXAP9-206|transcribed_processed_pseudogene	0	+	intergenic	5842
chr14	13375414	13381385	ENSG00000225210[1,2,1]	0	+	13375414	13375414	0	5	201,111,115,112,157,	0,2320,3738,3973,5814,	chr14	13375549	13417178	DUXAP9-205|transcribed_processed_pseudogene	0	+	intergenic	5836
chr14	13375414	13381385	ENSG00000225210[1,2,1]	0	+	13375414	13375414	0	5	201,111,115,112,157,	0,2320,3738,3973,5814,	chr14	13375554	13407066	DUXAP9-204|transcribed_processed_pseudogene	0	+	intergenic	5831
chr14	13581936	13650873	ENSG00000244306[2,3,1]	0	-	13581936	13581936	0	8	578,91,136,114,112,148,111,201,	0,38204,62639,62993,64859,65091,66508,68736,	chr14	13637452	13644596	DUXAP10-208|transcribed_processed_pseudogene	0	-	intergenic	7144
chr14	13581936	13650873	ENSG00000244306[2,3,1]	0	-	13581936	13581936	0	8	578,91,136,114,112,148,111,201,	0,38204,62639,62993,64859,65091,66508,68736,	chr14	13581986	13650762	DUXAP10-211|transcribed_processed_pseudogene	0	-	intergenic	68776
chr14	13581936	13650873	ENSG00000244306[2,3,1]	0	-	13581936	13581936	0	8	578,91,136,114,112,148,111,201,	0,38204,62639,62993,64859,65091,66508,68736,	chr14	13597793	13650765	DUXAP10-206|transcribed_processed_pseudogene	0	-	intergenic	52972
chr14	13581936	13650873	ENSG00000244306[2,3,1]	0	-	13581936	13581936	0	8	578,91,136,114,112,148,111,201,	0,38204,62639,62993,64859,65091,66508,68736,	chr14	13605641	13650738	DUXAP10-205|transcribed_processed_pseudogene	0	-	intergenic	45097
chr14	13581936	13650873	ENSG00000244306[2,3,1]	0	-	13581936	13581936	0	8	578,91,136,114,112,148,111,201,	0,38204,62639,62993,64859,65091,66508,68736,	chr14	13606032	13650779	DUXAP10-209|transcribed_processed_pseudogene	0	-	intergenic	44747
chr14	13581936	13650873	ENSG00000244306[2,3,1]	0	-	13581936	13581936	0	8	578,91,136,114,112,148,111,201,	0,38204,62639,62993,64859,65091,66508,68736,	chr14	13609118	13650738	DUXAP10-207|transcribed_processed_pseudogene	0	-	intergenic	41620
chr14	13581936	13650873	ENSG00000244306[2,3,1]	0	-	13581936	13581936	0	8	578,91,136,114,112,148,111,201,	0,38204,62639,62993,64859,65091,66508,68736,	chr14	13611821	13650762	DUXAP10-210|transcribed_processed_pseudogene	0	-	intergenic	38941
chr14	13581936	13650873	ENSG00000244306[2,3,1]	0	-	13581936	13581936	0	8	578,91,136,114,112,148,111,201,	0,38204,62639,62993,64859,65091,66508,68736,	chr14	13620151	13650781	DUXAP10-202|transcribed_processed_pseudogene	0	-	intergenic	30630
chr14	13636061	13650873	ENSG00000244306[2,12,12]	0	-	13636061	13636061	255	7	2815,136,138,112,148,111,201,	0,8514,8868,10734,10966,12383,14611,	chr14	13637452	13644596	DUXAP10-208|transcribed_processed_pseudogene	0	-	intergenic	7144
chr14	13636061	13650873	ENSG00000244306[2,12,12]	0	-	13636061	13636061	255	7	2815,136,138,112,148,111,201,	0,8514,8868,10734,10966,12383,14611,	chr14	13644960	13650823	DUXAP10-203|transcribed_processed_pseudogene	0	-	intergenic	5863
chr14	13636061	13650873	ENSG00000244306[2,12,12]	0	-	13636061	13636061	255	7	2815,136,138,112,148,111,201,	0,8514,8868,10734,10966,12383,14611,	chr14	13581986	13650762	DUXAP10-211|transcribed_processed_pseudogene	0	-	intergenic	14701
chr14	13636061	13650873	ENSG00000244306[2,12,12]	0	-	13636061	13636061	255	7	2815,136,138,112,148,111,201,	0,8514,8868,10734,10966,12383,14611,	chr14	13597793	13650765	DUXAP10-206|transcribed_processed_pseudogene	0	-	intergenic	14704
chr14	13636061	13650873	ENSG00000244306[2,12,12]	0	-	13636061	13636061	255	7	2815,136,138,112,148,111,201,	0,8514,8868,10734,10966,12383,14611,	chr14	13605641	13650738	DUXAP10-205|transcribed_processed_pseudogene	0	-	intergenic	14677
chr14	13636061	13650873	ENSG00000244306[2,12,12]	0	-	13636061	13636061	255	7	2815,136,138,112,148,111,201,	0,8514,8868,10734,10966,12383,14611,	chr14	13606032	13650779	DUXAP10-209|transcribed_processed_pseudogene	0	-	intergenic	14718
chr14	13636061	13650873	ENSG00000244306[2,12,12]	0	-	13636061	13636061	255	7	2815,136,138,112,148,111,201,	0,8514,8868,10734,10966,12383,14611,	chr14	13609118	13650738	DUXAP10-207|transcribed_processed_pseudogene	0	-	intergenic	14677
chr14	13636061	13650873	ENSG00000244306[2,12,12]	0	-	13636061	13636061	255	7	2815,136,138,112,148,111,201,	0,8514,8868,10734,10966,12383,14611,	chr14	13611821	13650762	DUXAP10-210|transcribed_processed_pseudogene	0	-	intergenic	14701
chr14	13636061	13650873	ENSG00000244306[2,12,12]	0	-	13636061	13636061	255	7	2815,136,138,112,148,111,201,	0,8514,8868,10734,10966,12383,14611,	chr14	13620151	13650781	DUXAP10-202|transcribed_processed_pseudogene	0	-	intergenic	14720
chr14	13637402	13650873	ENSG00000244306[2,11,10]	0	-	13637402	13637402	255	6	1474,136,138,112,148,201,	0,7173,7527,9393,9625,13270,	chr14	13637452	13644596	DUXAP10-208|transcribed_processed_pseudogene	0	-	intergenic	7144
chr14	13637402	13650873	ENSG00000244306[2,11,10]	0	-	13637402	13637402	255	6	1474,136,138,112,148,201,	0,7173,7527,9393,9625,13270,	chr14	13644960	13650823	DUXAP10-203|transcribed_processed_pseudogene	0	-	intergenic	5863
chr14	13637402	13650873	ENSG00000244306[2,11,10]	0	-	13637402	13637402	255	6	1474,136,138,112,148,201,	0,7173,7527,9393,9625,13270,	chr14	13581986	13650762	DUXAP10-211|transcribed_processed_pseudogene	0	-	intergenic	13360
chr14	13637402	13650873	ENSG00000244306[2,11,10]	0	-	13637402	13637402	255	6	1474,136,138,112,148,201,	0,7173,7527,9393,9625,13270,	chr14	13597793	13650765	DUXAP10-206|transcribed_processed_pseudogene	0	-	intergenic	13363
chr14	13637402	13650873	ENSG00000244306[2,11,10]	0	-	13637402	13637402	255	6	1474,136,138,112,148,201,	0,7173,7527,9393,9625,13270,	chr14	13605641	13650738	DUXAP10-205|transcribed_processed_pseudogene	0	-	intergenic	13336
chr14	13637402	13650873	ENSG00000244306[2,11,10]	0	-	13637402	13637402	255	6	1474,136,138,112,148,201,	0,7173,7527,9393,9625,13270,	chr14	13606032	13650779	DUXAP10-209|transcribed_processed_pseudogene	0	-	intergenic	13377
chr14	13637402	13650873	ENSG00000244306[2,11,10]	0	-	13637402	13637402	255	6	1474,136,138,112,148,201,	0,7173,7527,9393,9625,13270,	chr14	13609118	13650738	DUXAP10-207|transcribed_processed_pseudogene	0	-	intergenic	13336
chr14	13637402	13650873	ENSG00000244306[2,11,10]	0	-	13637402	13637402	255	6	1474,136,138,112,148,201,	0,7173,7527,9393,9625,13270,	chr14	13611821	13650762	DUXAP10-210|transcribed_processed_pseudogene	0	-	intergenic	13360
chr14	13637402	13650873	ENSG00000244306[2,11,10]	0	-	13637402	13637402	255	6	1474,136,138,112,148,201,	0,7173,7527,9393,9625,13270,	chr14	13620151	13650781	DUXAP10-202|transcribed_processed_pseudogene	0	-	intergenic	13379
chr14	13637402	13650873	ENSG00000244306[2,12,10]	0	-	13637402	13637402	255	7	1474,136,138,112,148,111,201,	0,7173,7527,9393,9625,11042,13270,	chr14	13637452	13644596	DUXAP10-208|transcribed_processed_pseudogene	0	-	intergenic	7144
chr14	13637402	13650873	ENSG00000244306[2,12,10]	0	-	13637402	13637402	255	7	1474,136,138,112,148,111,201,	0,7173,7527,9393,9625,11042,13270,	chr14	13644960	13650823	DUXAP10-203|transcribed_processed_pseudogene	0	-	intergenic	5863
chr14	13637402	13650873	ENSG00000244306[2,12,10]	0	-	13637402	13637402	255	7	1474,136,138,112,148,111,201,	0,7173,7527,9393,9625,11042,13270,	chr14	13581986	13650762	DUXAP10-211|transcribed_processed_pseudogene	0	-	intergenic	13360
chr14	13637402	13650873	ENSG00000244306[2,12,10]	0	-	13637402	13637402	255	7	1474,136,138,112,148,111,201,	0,7173,7527,9393,9625,11042,13270,	chr14	13597793	13650765	DUXAP10-206|transcribed_processed_pseudogene	0	-	intergenic	13363
chr14	13637402	13650873	ENSG00000244306[2,12,10]	0	-	13637402	13637402	255	7	1474,136,138,112,148,111,201,	0,7173,7527,9393,9625,11042,13270,	chr14	13605641	13650738	DUXAP10-205|transcribed_processed_pseudogene	0	-	intergenic	13336
chr14	13637402	13650873	ENSG00000244306[2,12,10]	0	-	13637402	13637402	255	7	1474,136,138,112,148,111,201,	0,7173,7527,9393,9625,11042,13270,	chr14	13606032	13650779	DUXAP10-209|transcribed_processed_pseudogene	0	-	intergenic	13377
chr14	13637402	13650873	ENSG00000244306[2,12,10]	0	-	13637402	13637402	255	7	1474,136,138,112,148,111,201,	0,7173,7527,9393,9625,11042,13270,	chr14	13609118	13650738	DUXAP10-207|transcribed_processed_pseudogene	0	-	intergenic	13336
chr14	13637402	13650873	ENSG00000244306[2,12,10]	0	-	13637402	13637402	255	7	1474,136,138,112,148,111,201,	0,7173,7527,9393,9625,11042,13270,	chr14	13611821	13650762	DUXAP10-210|transcribed_processed_pseudogene	0	-	intergenic	13360
chr14	13637402	13650873	ENSG00000244306[2,12,10]	0	-	13637402	13637402	255	7	1474,136,138,112,148,111,201,	0,7173,7527,9393,9625,11042,13270,	chr14	13620151	13650781	DUXAP10-202|transcribed_processed_pseudogene	0	-	intergenic	13379
chr14	13644910	13650873	ENSG00000244306[2,2,3]	0	-	13644910	13644910	0	5	157,112,115,111,201,	0,1885,2117,3534,5762,	chr14	13644960	13650823	DUXAP10-203|transcribed_processed_pseudogene	0	-	intergenic	5863
chr14	13644910	13650873	ENSG00000244306[2,2,3]	0	-	13644910	13644910	0	5	157,112,115,111,201,	0,1885,2117,3534,5762,	chr14	13597793	13650765	DUXAP10-206|transcribed_processed_pseudogene	0	-	intergenic	5855
chr14	13644910	13650873	ENSG00000244306[2,2,3]	0	-	13644910	13644910	0	5	157,112,115,111,201,	0,1885,2117,3534,5762,	chr14	13605641	13650738	DUXAP10-205|transcribed_processed_pseudogene	0	-	intergenic	5828
chr14	13644910	13650873	ENSG00000244306[2,2,3]	0	-	13644910	13644910	0	5	157,112,115,111,201,	0,1885,2117,3534,5762,	chr14	13606032	13650779	DUXAP10-209|transcribed_processed_pseudogene	0	-	intergenic	5869
chr14	13644910	13650873	ENSG00000244306[2,2,3]	0	-	13644910	13644910	0	5	157,112,115,111,201,	0,1885,2117,3534,5762,	chr14	13609118	13650738	DUXAP10-207|transcribed_processed_pseudogene	0	-	intergenic	5828
chr14	13644910	13650873	ENSG00000244306[2,2,3]	0	-	13644910	13644910	0	5	157,112,115,111,201,	0,1885,2117,3534,5762,	chr14	13611821	13650762	DUXAP10-210|transcribed_processed_pseudogene	0	-	intergenic	5852
chr14	13644910	13650873	ENSG00000244306[2,2,3]	0	-	13644910	13644910	0	5	157,112,115,111,201,	0,1885,2117,3534,5762,	chr14	13620151	13650781	DUXAP10-202|transcribed_processed_pseudogene	0	-	intergenic	5871
chr14	51836747	51838169	ENSG00000258856[1,1,2]	0	+	51836747	51836747	0	1	1422,	0,	chr14	51836797	51838119	retro_human_7279|AL136520.1-201|transcribed_processed_pseudogene	0	+	intergenic	1322
chr14	88531483	88550723	ENSG00000170099[1,4,1]	0	-	88531706	88541930	255	5	406,148,271,800,173,	0,1873,5534,9834,19067,	chr14	88537035	88541816	retro_human_6062	0	-	intergenic	4781
chr14	88531483	88550723	ENSG00000170099[1,2,1]	0	-	88537216	88541930	0	5	406,148,271,781,173,	0,1873,5534,9685,19067,	chr14	88537035	88541816	retro_human_6062	0	-	intergenic	4781
chr14	88531483	88550723	ENSG00000170099[1,1,1]	0	-	88531706	88541930	0	5	406,148,271,632,173,	0,1873,5534,9834,19067,	chr14	88537035	88541816	retro_human_6062	0	-	intergenic	4781
chr14	89764145	89775295	ENSG00000182512[2,2,2]	0	+	89774784	89774940	0	2	351,661,	0,10489,	chr14	89765944	89774756	retro_human_8795	0	+	intergenic	8812
chr14	89765234	89775295	ENSG00000182512[4,1,2]	0	+	89765781	89774810	0	2	842,661,	0,9400,	chr14	89765944	89774756	retro_human_8795	0	+	intergenic	8812
chr14	89765234	89775462	ENSG00000182512[4,1,1]	0	+	89765781	89774810	0	2	842,828,	0,9400,	chr14	89765944	89774756	retro_human_8795	0	+	intergenic	8812
chr14	89765691	89775462	ENSG00000182512[1,1,1]	0	+	89765781	89774810	0	2	385,828,	0,8943,	chr14	89765944	89774756	retro_human_8795	0	+	intergenic	8812
chr14	89765691	89775295	ENSG00000182512[1,1,2]	0	+	89765781	89774810	0	2	385,661,	0,8943,	chr14	89765944	89774756	retro_human_8795	0	+	intergenic	8812
chr15	26540114	26540906	ENSG00000260844[1,1,1]	0	-	26540114	26540114	0	1	792,	0,	chr15	26540164	26540856	AC055876.4-201|processed_pseudogene	0	-	intergenic	692
chr15	30319127	30330274	ENSG00000223509[5,5,3]	0	-	30319127	30319127	0	6	571,130,166,170,156,580,	0,1828,4173,5890,7141,10567,	chr15	30316319	30323379	AC135983.3-201|transcribed_processed_pseudogene	0	-	intergenic	4252
chr15	30319127	30330274	ENSG00000223509[5,5,3]	0	-	30319127	30319127	0	6	571,130,166,170,156,580,	0,1828,4173,5890,7141,10567,	chr15	30323137	30325127	AC135983.3-204|transcribed_processed_pseudogene	0	-	intergenic	1990
chr15	30319127	30330274	ENSG00000223509[5,5,3]	0	-	30319127	30319127	0	6	571,130,166,170,156,580,	0,1828,4173,5890,7141,10567,	chr15	30325088	30326382	AC135983.3-205|transcribed_processed_pseudogene	0	-	intergenic	1294
chr15	30319127	30330274	ENSG00000223509[5,5,3]	0	-	30319127	30319127	0	6	571,130,166,170,156,580,	0,1828,4173,5890,7141,10567,	chr15	30319177	30330224	AC135983.3-202|transcribed_processed_pseudogene	0	-	intergenic	11047
chr15	30319127	30330274	ENSG00000223509[5,5,3]	0	-	30319127	30319127	0	6	571,130,166,170,156,580,	0,1828,4173,5890,7141,10567,	chr15	30319510	30333408	AC135983.3-203|transcribed_processed_pseudogene	0	-	intergenic	10764
chr15	30325038	30326432	ENSG00000223509[4,4,5]	0	-	30325038	30325038	0	2	149,164,	0,1230,	chr15	30325088	30326382	AC135983.3-205|transcribed_processed_pseudogene	0	-	intergenic	1294
chr15	30325038	30326432	ENSG00000223509[4,4,5]	0	-	30325038	30325038	0	2	149,164,	0,1230,	chr15	30319177	30330224	AC135983.3-202|transcribed_processed_pseudogene	0	-	intergenic	1394
chr15	30325038	30326432	ENSG00000223509[4,4,5]	0	-	30325038	30325038	0	2	149,164,	0,1230,	chr15	30319510	30333408	AC135983.3-203|transcribed_processed_pseudogene	0	-	intergenic	1394
chr15	34509734	34615028	ENSG00000186073[7,21,11]	0	+	34513175	34513385	0	4	5026,106,166,645,	0,5593,104069,104649,	chr15	34604066	34623937	CSNK1A1P1-201|transcribed_processed_pseudogene	0	-	intergenic	10962
chr15	34604016	34623987	ENSG00000223518[2,2,1]	0	-	34604016	34604016	0	4	1279,69,112,783,	0,6034,18638,19188,	chr15	34604066	34623937	CSNK1A1P1-201|transcribed_processed_pseudogene	0	-	intergenic	19871
chr15	34622560	34623641	ENSG00000223518[1,1,2]	0	-	34622560	34622560	0	1	1081,	0,	chr15	34622610	34623591	retro_human_8258|CSNK1A1P1-202|transcribed_processed_pseudogene	0	-	intergenic	981
chr15	34622560	34623641	ENSG00000223518[1,1,2]	0	-	34622560	34622560	0	1	1081,	0,	chr15	34622653	34623591	CSNK1A1P1-203|transcribed_processed_pseudogene	0	-	intergenic	938
chr15	38678183	38680304	ENSG00000104140[1,3,1]	0	-	38679080	38680159	255	2	1338,601,	0,1520,	chr15	38679168	38680066	retro_human_8262	0	-	intergenic	898
chr15	38678183	38679815	ENSG00000104140[3,3,1]	0	-	38679349	38679747	255	2	1338,112,	0,1520,	chr15	38679168	38680066	retro_human_8262	0	-	intergenic	647
chr15	38678183	38680304	ENSG00000104140[1,1,1]	0	-	38679080	38680159	0	3	1338,59,353,	0,1520,1768,	chr15	38679168	38680066	retro_human_8262	0	-	intergenic	898
chr15	38735272	38745108	ENSG00000128917[1,4,1]	0	+	38742245	38744017	255	10	827,58,264,61,131,170,220,703,109,1094,	0,1335,2213,2881,3027,5261,5611,6941,8131,8742,	chr15	38740890	38742419	retro_human_5314	0	+	intergenic	1529
chr15	38735272	38745108	ENSG00000128917[1,1,1]	0	+	38735651	38744017	0	11	445,270,58,264,61,131,170,220,703,109,1094,	0,557,1335,2213,2881,3027,5261,5611,6941,8131,8742,	chr15	38740890	38742419	retro_human_5314	0	+	intergenic	1529
chr15	38735570	38745108	ENSG00000128917[3,4,1]	0	+	38742245	38744017	255	10	529,58,264,61,131,170,220,703,109,1094,	0,1037,1915,2583,2729,4963,5313,6643,7833,8444,	chr15	38740890	38742419	retro_human_5314	0	+	intergenic	1529
chr15	38735570	38745108	ENSG00000128917[3,1,1]	0	+	38735651	38744017	0	11	147,270,58,264,61,131,170,220,703,109,1094,	0,259,1037,1915,2583,2729,4963,5313,6643,7833,8444,	chr15	38740890	38742419	retro_human_5314	0	+	intergenic	1529
chr15	38735879	38745108	ENSG00000128917[4,4,1]	0	+	38742245	38744017	255	10	220,58,264,61,131,170,220,703,109,1094,	0,728,1606,2274,2420,4654,5004,6334,7524,8135,	chr15	38740890	38742419	retro_human_5314	0	+	intergenic	1529
chr15	38969195	38970504	ENSG00000157021[1,1,1]	0	+	38969195	38969195	0	2	332,654,	0,655,	chr15	38969246	38970373	retro_human_5316	0	+	intergenic	1127
chr15	41165447	41178430	ENSG00000140265[1,1,1]	0	-	41168401	41177238	255	6	3820,468,699,205,430,548,	0,5793,7988,10800,11473,12435,	chr15	41171449	41173928	retro_human_7315	0	-	intergenic	2479
chr15	41165447	41178430	ENSG00000140265[1,2,1]	0	-	41168401	41177238	0	5	3820,468,699,205,1510,	0,5793,7988,10800,11473,	chr15	41171449	41173928	retro_human_7315	0	-	intergenic	2479
chr15	41165447	41177437	ENSG00000140265[2,2,1]	0	-	41168401	41177238	0	5	3820,468,699,205,517,	0,5793,7988,10800,11473,	chr15	41171449	41173928	retro_human_7315	0	-	intergenic	2479
chr15	41168293	41178430	ENSG00000140265[1,1,2]	0	-	41168401	41177238	255	6	974,468,699,205,430,548,	0,2947,5142,7954,8627,9589,	chr15	41171449	41173928	retro_human_7315	0	-	intergenic	2479
chr15	41168293	41178430	ENSG00000140265[1,2,2]	0	-	41168401	41177238	0	5	974,468,699,205,1510,	0,2947,5142,7954,8627,	chr15	41171449	41173928	retro_human_7315	0	-	intergenic	2479
chr15	43138355	43140881	ENSG00000259433[1,1,1]	0	-	43138355	43138355	0	1	2526,	0,	chr15	43138405	43140831	AC051619.2-201|processed_pseudogene	0	-	intergenic	2426
chr15	43287716	43330964	ENSG00000104154[1,1,1]	0	-	43293326	43330513	0	8	5762,135,106,202,154,147,505,199,	0,7055,7971,9285,11172,31582,42406,43049,	chr15	43319313	43327826	HMGN2P46-205|transcribed_processed_pseudogene	0	+	intergenic	8513
chr15	43287716	43330964	ENSG00000104154[1,1,1]	0	-	43293326	43330513	0	8	5762,135,106,202,154,147,505,199,	0,7055,7971,9285,11172,31582,42406,43049,	chr15	43319296	43364888	HMGN2P46-204|transcribed_processed_pseudogene	0	+	intergenic	11668
chr15	43287716	43330964	ENSG00000104154[1,1,1]	0	-	43293326	43330513	0	8	5762,135,106,202,154,147,505,199,	0,7055,7971,9285,11172,31582,42406,43049,	chr15	43319311	43364260	HMGN2P46-201|transcribed_processed_pseudogene	0	+	intergenic	11653
chr15	43287716	43330964	ENSG00000104154[1,1,1]	0	-	43293326	43330513	0	8	5762,135,106,202,154,147,505,199,	0,7055,7971,9285,11172,31582,42406,43049,	chr15	43319311	43364260	HMGN2P46-202|transcribed_processed_pseudogene	0	+	intergenic	11653
chr15	43287716	43330964	ENSG00000104154[1,1,1]	0	-	43293326	43330513	0	8	5762,135,106,202,154,147,505,199,	0,7055,7971,9285,11172,31582,42406,43049,	chr15	43319311	43364260	HMGN2P46-203|transcribed_processed_pseudogene	0	+	intergenic	11653
chr15	43290920	43330964	ENSG00000104154[1,1,3]	0	-	43293326	43330513	0	8	2558,135,106,202,154,147,505,199,	0,3851,4767,6081,7968,28378,39202,39845,	chr15	43319313	43327826	HMGN2P46-205|transcribed_processed_pseudogene	0	+	intergenic	8513
chr15	43290920	43330964	ENSG00000104154[1,1,3]	0	-	43293326	43330513	0	8	2558,135,106,202,154,147,505,199,	0,3851,4767,6081,7968,28378,39202,39845,	chr15	43319296	43364888	HMGN2P46-204|transcribed_processed_pseudogene	0	+	intergenic	11668
chr15	43290920	43330964	ENSG00000104154[1,1,3]	0	-	43293326	43330513	0	8	2558,135,106,202,154,147,505,199,	0,3851,4767,6081,7968,28378,39202,39845,	chr15	43319311	43364260	HMGN2P46-201|transcribed_processed_pseudogene	0	+	intergenic	11653
chr15	43290920	43330964	ENSG00000104154[1,1,3]	0	-	43293326	43330513	0	8	2558,135,106,202,154,147,505,199,	0,3851,4767,6081,7968,28378,39202,39845,	chr15	43319311	43364260	HMGN2P46-202|transcribed_processed_pseudogene	0	+	intergenic	11653
chr15	43290920	43330964	ENSG00000104154[1,1,3]	0	-	43293326	43330513	0	8	2558,135,106,202,154,147,505,199,	0,3851,4767,6081,7968,28378,39202,39845,	chr15	43319311	43364260	HMGN2P46-203|transcribed_processed_pseudogene	0	+	intergenic	11653
chr15	43310157	43330779	ENSG00000104154[3,2,2]	0	-	43311100	43330513	0	3	966,147,657,	0,9141,19965,	chr15	43319313	43327826	HMGN2P46-205|transcribed_processed_pseudogene	0	+	intergenic	8513
chr15	43310157	43330779	ENSG00000104154[3,2,2]	0	-	43311100	43330513	0	3	966,147,657,	0,9141,19965,	chr15	43319296	43364888	HMGN2P46-204|transcribed_processed_pseudogene	0	+	intergenic	11483
chr15	43310157	43330779	ENSG00000104154[3,2,2]	0	-	43311100	43330513	0	3	966,147,657,	0,9141,19965,	chr15	43319311	43364260	HMGN2P46-201|transcribed_processed_pseudogene	0	+	intergenic	11468
chr15	43310157	43330779	ENSG00000104154[3,2,2]	0	-	43311100	43330513	0	3	966,147,657,	0,9141,19965,	chr15	43319311	43364260	HMGN2P46-202|transcribed_processed_pseudogene	0	+	intergenic	11468
chr15	43310157	43330779	ENSG00000104154[3,2,2]	0	-	43311100	43330513	0	3	966,147,657,	0,9141,19965,	chr15	43319311	43364260	HMGN2P46-203|transcribed_processed_pseudogene	0	+	intergenic	11468
chr15	43310157	43330445	ENSG00000104154[2,2,2]	0	-	43311100	43330141	0	3	966,147,323,	0,9141,19965,	chr15	43319313	43327826	HMGN2P46-205|transcribed_processed_pseudogene	0	+	intergenic	8513
chr15	43310157	43330445	ENSG00000104154[2,2,2]	0	-	43311100	43330141	0	3	966,147,323,	0,9141,19965,	chr15	43319296	43364888	HMGN2P46-204|transcribed_processed_pseudogene	0	+	intergenic	11149
chr15	43310157	43330445	ENSG00000104154[2,2,2]	0	-	43311100	43330141	0	3	966,147,323,	0,9141,19965,	chr15	43319311	43364260	HMGN2P46-201|transcribed_processed_pseudogene	0	+	intergenic	11134
chr15	43310157	43330445	ENSG00000104154[2,2,2]	0	-	43311100	43330141	0	3	966,147,323,	0,9141,19965,	chr15	43319311	43364260	HMGN2P46-202|transcribed_processed_pseudogene	0	+	intergenic	11134
chr15	43310157	43330445	ENSG00000104154[2,2,2]	0	-	43311100	43330141	0	3	966,147,323,	0,9141,19965,	chr15	43319311	43364260	HMGN2P46-203|transcribed_processed_pseudogene	0	+	intergenic	11134
chr15	72205459	72235440	ENSG00000140459[1,14,1]	0	-	72205725	72212905	255	9	395,198,79,167,161,204,198,156,380,	0,862,1528,1878,5268,6080,7337,10191,29601,	chr15	72222205	72232369	PPIAP46-201|transcribed_processed_pseudogene	0	+	intergenic	10164
chr15	72205459	72235440	ENSG00000140459[1,14,1]	0	-	72205725	72212905	255	9	395,198,79,167,161,204,198,156,380,	0,862,1528,1878,5268,6080,7337,10191,29601,	chr15	72218518	72229652	PPIAP46-202|transcribed_processed_pseudogene	0	+	intergenic	11134
chr15	72205459	72235440	ENSG00000140459[1,12,1]	0	-	72205725	72235329	255	8	395,198,79,167,161,204,200,380,	0,862,1528,1878,5268,6080,7335,29601,	chr15	72222205	72232369	PPIAP46-201|transcribed_processed_pseudogene	0	+	intergenic	10164
chr15	72205459	72235440	ENSG00000140459[1,12,1]	0	-	72205725	72235329	255	8	395,198,79,167,161,204,200,380,	0,862,1528,1878,5268,6080,7335,29601,	chr15	72218518	72229652	PPIAP46-202|transcribed_processed_pseudogene	0	+	intergenic	11134
chr15	72205459	72235440	ENSG00000140459[1,13,1]	0	-	72205725	72235329	255	10	395,99,198,79,167,161,204,200,156,380,	0,611,862,1528,1878,5268,6080,7335,10191,29601,	chr15	72222205	72232369	PPIAP46-201|transcribed_processed_pseudogene	0	+	intergenic	10164
chr15	72205459	72235440	ENSG00000140459[1,13,1]	0	-	72205725	72235329	255	10	395,99,198,79,167,161,204,200,156,380,	0,611,862,1528,1878,5268,6080,7335,10191,29601,	chr15	72218518	72229652	PPIAP46-202|transcribed_processed_pseudogene	0	+	intergenic	11134
chr15	72205459	72234005	ENSG00000140459[2,11,1]	0	-	72205725	72233589	255	9	395,198,79,167,161,204,200,156,607,	0,862,1528,1878,5268,6080,7335,10191,27939,	chr15	72222205	72232369	PPIAP46-201|transcribed_processed_pseudogene	0	+	intergenic	10164
chr15	72205459	72234005	ENSG00000140459[2,11,1]	0	-	72205725	72233589	255	9	395,198,79,167,161,204,200,156,607,	0,862,1528,1878,5268,6080,7335,10191,27939,	chr15	72218518	72229652	PPIAP46-202|transcribed_processed_pseudogene	0	+	intergenic	11134
chr15	72205459	72235440	ENSG00000140459[1,8,1]	0	-	72206434	72235329	0	8	395,198,167,161,204,200,156,380,	0,862,1878,5268,6080,7335,10191,29601,	chr15	72222205	72232369	PPIAP46-201|transcribed_processed_pseudogene	0	+	intergenic	10164
chr15	72205459	72235440	ENSG00000140459[1,8,1]	0	-	72206434	72235329	0	8	395,198,167,161,204,200,156,380,	0,862,1878,5268,6080,7335,10191,29601,	chr15	72218518	72229652	PPIAP46-202|transcribed_processed_pseudogene	0	+	intergenic	11134
chr15	72205459	72234005	ENSG00000140459[2,2,1]	0	-	72205725	72212945	0	9	395,198,79,167,161,204,200,156,542,	0,862,1528,1878,5268,6080,7335,10191,28004,	chr15	72222205	72232369	PPIAP46-201|transcribed_processed_pseudogene	0	+	intergenic	10164
chr15	72205459	72234005	ENSG00000140459[2,2,1]	0	-	72205725	72212945	0	9	395,198,79,167,161,204,200,156,542,	0,862,1528,1878,5268,6080,7335,10191,28004,	chr15	72218518	72229652	PPIAP46-202|transcribed_processed_pseudogene	0	+	intergenic	11134
chr15	72205459	72235440	ENSG00000140459[1,1,1]	0	-	72205725	72235329	0	9	395,198,79,167,161,204,200,156,380,	0,862,1528,1878,5268,6080,7335,10191,29601,	chr15	72222205	72232369	PPIAP46-201|transcribed_processed_pseudogene	0	+	intergenic	10164
chr15	72205459	72235440	ENSG00000140459[1,1,1]	0	-	72205725	72235329	0	9	395,198,79,167,161,204,200,156,380,	0,862,1528,1878,5268,6080,7335,10191,29601,	chr15	72218518	72229652	PPIAP46-202|transcribed_processed_pseudogene	0	+	intergenic	11134
chr15	72218468	72230425	ENSG00000260266[1,4,4]	0	+	72218468	72218468	255	4	222,160,174,1163,	0,3807,5563,10794,	chr15	72222205	72232369	PPIAP46-201|transcribed_processed_pseudogene	0	+	intergenic	8220
chr15	72218468	72230425	ENSG00000260266[1,4,4]	0	+	72218468	72218468	255	4	222,160,174,1163,	0,3807,5563,10794,	chr15	72218518	72229652	PPIAP46-202|transcribed_processed_pseudogene	0	+	intergenic	11134
chr15	72218468	72232419	ENSG00000260266[1,6,2]	0	+	72218468	72218468	255	3	222,160,3157,	0,3807,10794,	chr15	72222205	72232369	PPIAP46-201|transcribed_processed_pseudogene	0	+	intergenic	10164
chr15	72218468	72232419	ENSG00000260266[1,6,2]	0	+	72218468	72218468	255	3	222,160,3157,	0,3807,10794,	chr15	72218518	72229652	PPIAP46-202|transcribed_processed_pseudogene	0	+	intergenic	11134
chr15	72218468	72232419	ENSG00000260266[1,5,2]	0	+	72218468	72218468	255	5	222,160,193,1113,559,	0,3807,5563,10794,13392,	chr15	72222205	72232369	PPIAP46-201|transcribed_processed_pseudogene	0	+	intergenic	10164
chr15	72218468	72232419	ENSG00000260266[1,5,2]	0	+	72218468	72218468	255	5	222,160,193,1113,559,	0,3807,5563,10794,13392,	chr15	72218518	72229652	PPIAP46-202|transcribed_processed_pseudogene	0	+	intergenic	11134
chr15	72218468	72229840	ENSG00000260266[1,2,1]	0	+	72218468	72218468	0	4	222,160,193,578,	0,3807,5563,10794,	chr15	72222205	72232369	PPIAP46-201|transcribed_processed_pseudogene	0	+	intergenic	7635
chr15	72218468	72229840	ENSG00000260266[1,2,1]	0	+	72218468	72218468	0	4	222,160,193,578,	0,3807,5563,10794,	chr15	72218518	72229652	PPIAP46-202|transcribed_processed_pseudogene	0	+	intergenic	11134
chr15	72222155	72232419	ENSG00000260266[2,7,2]	0	+	72222155	72222155	255	3	280,193,3157,	0,1876,7107,	chr15	72222205	72232369	PPIAP46-201|transcribed_processed_pseudogene	0	+	intergenic	10164
chr15	72222155	72232419	ENSG00000260266[2,7,2]	0	+	72222155	72222155	255	3	280,193,3157,	0,1876,7107,	chr15	72218518	72229652	PPIAP46-202|transcribed_processed_pseudogene	0	+	intergenic	7497
chr15	72222155	72230010	ENSG00000260266[2,7,3]	0	+	72222155	72222155	255	3	280,193,748,	0,1876,7107,	chr15	72222205	72232369	PPIAP46-201|transcribed_processed_pseudogene	0	+	intergenic	7805
chr15	72222155	72230010	ENSG00000260266[2,7,3]	0	+	72222155	72222155	255	3	280,193,748,	0,1876,7107,	chr15	72218518	72229652	PPIAP46-202|transcribed_processed_pseudogene	0	+	intergenic	7497
chr15	72222155	72232419	ENSG00000260266[2,3,2]	0	+	72222155	72222155	0	2	280,3157,	0,7107,	chr15	72222205	72232369	PPIAP46-201|transcribed_processed_pseudogene	0	+	intergenic	10164
chr15	72222155	72232419	ENSG00000260266[2,3,2]	0	+	72222155	72222155	0	2	280,3157,	0,7107,	chr15	72218518	72229652	PPIAP46-202|transcribed_processed_pseudogene	0	+	intergenic	7497
chr15	72328923	72349081	ENSG00000247240[1,11,2]	0	+	72328923	72328923	255	4	901,95,219,303,	0,4838,17864,19855,	chr15	72345796	72358014	AC012435.2-201|transcribed_processed_pseudogene	0	-	intergenic	3285
chr15	72328923	72349081	ENSG00000247240[1,6,2]	0	+	72328923	72328923	0	2	438,149,	0,20009,	chr15	72345796	72358014	AC012435.2-201|transcribed_processed_pseudogene	0	-	intergenic	3285
chr15	72328923	72349081	ENSG00000247240[1,4,2]	0	+	72328923	72328923	0	5	901,95,219,294,303,	0,4838,17864,19425,19855,	chr15	72345796	72358014	AC012435.2-201|transcribed_processed_pseudogene	0	-	intergenic	3285
chr15	72328923	72349081	ENSG00000247240[1,9,2]	0	+	72328923	72328923	0	4	834,95,219,303,	0,4838,17864,19855,	chr15	72345796	72358014	AC012435.2-201|transcribed_processed_pseudogene	0	-	intergenic	3285
chr15	72345746	72358064	ENSG00000260103[2,2,1]	0	-	72345746	72345746	0	2	3385,101,	0,12217,	chr15	72345796	72358014	AC012435.2-201|transcribed_processed_pseudogene	0	-	intergenic	12218
chr15	74129964	74132769	ENSG00000259581[1,1,1]	0	-	74131646	74132138	0	1	2805,	0,	chr15	74130014	74132719	retro_human_3808|TYRO3P-201|processed_pseudogene	0	-	intergenic	2705
chr15	80590077	80602932	ENSG00000259315[2,2,1]	0	-	80590077	80590077	0	2	1608,153,	0,12702,	chr15	80595043	80603170	ACTG1P17-203|transcribed_processed_pseudogene	0	-	intergenic	7889
chr15	80590077	80602932	ENSG00000259315[2,2,1]	0	-	80590077	80590077	0	2	1608,153,	0,12702,	chr15	80590127	80602882	ACTG1P17-202|transcribed_processed_pseudogene	0	-	intergenic	12755
chr15	80594993	80603220	ENSG00000259315[3,3,3]	0	-	80594993	80594993	0	2	196,441,	0,7786,	chr15	80595043	80603170	ACTG1P17-203|transcribed_processed_pseudogene	0	-	intergenic	8127
chr15	80594993	80603220	ENSG00000259315[3,3,3]	0	-	80594993	80594993	0	2	196,441,	0,7786,	chr15	80590127	80602882	ACTG1P17-202|transcribed_processed_pseudogene	0	-	intergenic	7889
chr15	87404388	87411436	ENSG00000166813[1,5,3]	0	-	87405867	87408866	0	5	322,394,304,352,119,	0,521,1288,4150,6929,	chr15	87404542	87405343	retro_human_2262	0	-	intergenic	801
chr15	90379839	90496531	TALONG000132472[1,1,1]	0	-	90381613	90392720	0	4	2061,132,124,272,	0,12829,81487,116420,	chr15	90475765	90496480	H2AZ2P1-203|transcribed_processed_pseudogene	0	-	intergenic	20715
chr15	90379839	90496531	TALONG000132472[1,1,1]	0	-	90381613	90392720	0	4	2061,132,124,272,	0,12829,81487,116420,	chr15	90478002	90496373	H2AZ2P1-202|transcribed_processed_pseudogene	0	-	intergenic	18371
chr15	90379839	90572196	ENSG00000185442[9,10,1]	0	-	90381613	90392720	0	4	2061,132,124,289,	0,12829,81487,192068,	chr15	90475765	90496480	H2AZ2P1-203|transcribed_processed_pseudogene	0	-	intergenic	20715
chr15	90381390	90572196	ENSG00000185442[9,10,2]	0	-	90381613	90392720	0	4	510,132,124,289,	0,11278,79936,190517,	chr15	90475765	90496480	H2AZ2P1-203|transcribed_processed_pseudogene	0	-	intergenic	20715
chr15	92620831	92887233	ENSG00000277654[5,8,7]	0	+	92620831	92620831	0	5	127,176,74,110,116,	0,164309,168250,212182,266286,	chr15	92605156	92789952	AC087633.2-201|transcribed_processed_pseudogene	0	+	intergenic	169121
chr15	92620831	92887233	ENSG00000277654[5,8,7]	0	+	92620831	92620831	0	5	127,176,74,110,116,	0,164309,168250,212182,266286,	chr15	92605183	92789991	AC087633.2-202|transcribed_processed_pseudogene	0	+	intergenic	169160
chr15	92620831	92887233	ENSG00000277654[5,8,7]	0	+	92620831	92620831	0	5	127,176,74,110,116,	0,164309,168250,212182,266286,	chr15	92620628	92785225	AC087633.2-204|transcribed_processed_pseudogene	0	+	intergenic	164394
chr15	92620831	92887233	ENSG00000277654[5,8,7]	0	+	92620831	92620831	0	5	127,176,74,110,116,	0,164309,168250,212182,266286,	chr15	92620881	92876577	AC087633.2-205|transcribed_processed_pseudogene	0	+	intergenic	255696
chr15	92620831	92887233	ENSG00000277654[5,8,7]	0	+	92620831	92620831	0	5	127,176,74,110,116,	0,164309,168250,212182,266286,	chr15	92620884	92887183	AC087633.2-206|transcribed_processed_pseudogene	0	+	intergenic	266299
chr15	92620831	92887233	ENSG00000277654[5,8,7]	0	+	92620831	92620831	0	5	127,176,74,110,116,	0,164309,168250,212182,266286,	chr15	92620942	92789181	AC087633.2-207|transcribed_processed_pseudogene	0	+	intergenic	168239
chr15	92620831	92887233	ENSG00000277654[5,8,7]	0	+	92620831	92620831	0	5	127,176,74,110,116,	0,164309,168250,212182,266286,	chr15	92789120	92923923	AC087633.2-208|transcribed_processed_pseudogene	0	+	intergenic	98113
chr16	377934	388899	ENSG00000236829[1,3,2]	0	+	377934	377934	0	3	431,140,6344,	0,1243,4621,	chr16	377984	388849	Z97634.1-201|transcribed_processed_pseudogene	0	+	intergenic	10865
chr16	377934	388899	ENSG00000236829[1,3,2]	0	+	377934	377934	0	3	431,140,6344,	0,1243,4621,	chr16	378037	383131	Z97634.1-202|transcribed_processed_pseudogene	0	+	intergenic	5094
chr16	377934	382650	ENSG00000236829[1,3,3]	0	+	377934	377934	0	3	431,140,95,	0,1243,4621,	chr16	377984	388849	Z97634.1-201|transcribed_processed_pseudogene	0	+	intergenic	4666
chr16	377934	382650	ENSG00000236829[1,3,3]	0	+	377934	377934	0	3	431,140,95,	0,1243,4621,	chr16	378037	383131	Z97634.1-202|transcribed_processed_pseudogene	0	+	intergenic	4613
chr16	377934	383181	ENSG00000236829[1,3,1]	0	+	377934	377934	0	3	431,140,626,	0,1243,4621,	chr16	377984	388849	Z97634.1-201|transcribed_processed_pseudogene	0	+	intergenic	5197
chr16	377934	383181	ENSG00000236829[1,3,1]	0	+	377934	377934	0	3	431,140,626,	0,1243,4621,	chr16	378037	383131	Z97634.1-202|transcribed_processed_pseudogene	0	+	intergenic	5094
chr16	377934	388899	ENSG00000236829[1,2,2]	0	+	377934	377934	0	3	431,140,1244,	0,1243,9721,	chr16	377984	388849	Z97634.1-201|transcribed_processed_pseudogene	0	+	intergenic	10865
chr16	377934	388899	ENSG00000236829[1,2,2]	0	+	377934	377934	0	3	431,140,1244,	0,1243,9721,	chr16	378037	383131	Z97634.1-202|transcribed_processed_pseudogene	0	+	intergenic	5094
chr16	4216659	4249332	ENSG00000185739[4,5,1]	0	-	4219491	4231906	255	6	3641,234,117,96,102,279,	0,6229,8482,13843,15210,32394,	chr16	4219663	4223123	retro_human_10316	0	-	intergenic	3460
chr16	4216659	4245411	ENSG00000185739[3,4,1]	0	-	4219491	4231906	255	6	3641,234,117,96,102,411,	0,6229,8482,13843,15210,28341,	chr16	4219663	4223123	retro_human_10316	0	-	intergenic	3460
chr16	20789860	20799945	ENSG00000188215[2,2,2]	0	-	20790803	20793453	0	3	1424,536,136,	0,3162,9949,	chr16	20790888	20793294	retro_human_4152	0	-	intergenic	2406
chr16	26339082	26339530	ENSG00000237140[1,1,1]	0	-	26339082	26339082	0	1	448,	0,	chr16	26339132	26339480	HSPE1P16-201|processed_pseudogene	0	-	intergenic	348
chr16	28645020	28645754	ENSG00000271623[1,1,1]	0	+	28645020	28645020	0	1	734,	0,	chr16	28645070	28645704	AC138894.3-201|processed_pseudogene	0	+	intergenic	634
chr16	30368385	30374614	ENSG00000149922[1,1,1]	0	-	30368870	30373833	0	9	696,184,74,71,147,268,235,166,102,	0,769,1035,2800,2948,3198,5012,5330,6127,	chr16	30371197	30371853	retro_human_6444	0	-	intergenic	656
chr16	30368385	30374225	ENSG00000149922[3,2,1]	0	-	30368870	30373833	0	8	696,184,74,71,147,268,235,510,	0,769,1035,2800,2948,3198,5012,5330,	chr16	30371197	30371853	retro_human_6444	0	-	intergenic	656
chr16	30368385	30373939	ENSG00000149922[2,2,1]	0	-	30368870	30373833	0	8	696,184,74,71,147,268,235,224,	0,769,1035,2800,2948,3198,5012,5330,	chr16	30371197	30371853	retro_human_6444	0	-	intergenic	656
chr16	30370505	30374614	ENSG00000149922[1,3,2]	0	-	30371139	30373833	0	5	751,147,268,235,899,	0,828,1078,2892,3210,	chr16	30371197	30371853	retro_human_6444	0	-	intergenic	656
chr16	30912841	30921870	ENSG00000261459[1,1,1]	0	-	30919470	30921647	0	4	179,870,114,452,	0,6406,8323,8577,	chr16	30919600	30921539	retro_human_1037	0	-	intergenic	1939
chr16	30917285	30921683	ENSG00000169955[3,1,1]	0	-	30919470	30921647	255	3	2835,114,265,	0,3879,4133,	chr16	30919600	30921539	retro_human_1037	0	-	intergenic	1939
chr16	30917285	30922022	ENSG00000169955[1,1,1]	0	-	30919470	30921647	255	3	2835,114,604,	0,3879,4133,	chr16	30919600	30921539	retro_human_1037	0	-	intergenic	1939
chr16	30917285	30922022	ENSG00000169955[1,2,1]	0	-	30919470	30921647	0	3	2832,114,604,	0,3879,4133,	chr16	30919600	30921539	retro_human_1037	0	-	intergenic	1939
chr16	30917285	30921683	ENSG00000169955[3,2,1]	0	-	30919470	30921647	0	3	2832,114,265,	0,3879,4133,	chr16	30919600	30921539	retro_human_1037	0	-	intergenic	1939
chr16	30917285	30921683	ENSG00000169955[3,3,1]	0	-	30920030	30921647	0	2	2832,519,	0,3879,	chr16	30919600	30921539	retro_human_1037	0	-	intergenic	1939
chr16	30917285	30922022	ENSG00000169955[1,3,1]	0	-	30920030	30921647	0	2	2832,858,	0,3879,	chr16	30919600	30921539	retro_human_1037	0	-	intergenic	1939
chr16	30917285	30922022	ENSG00000169955[1,4,1]	0	-	30920030	30921647	0	2	2835,858,	0,3879,	chr16	30919600	30921539	retro_human_1037	0	-	intergenic	1939
chr16	30917285	30921683	ENSG00000169955[3,4,1]	0	-	30920030	30921647	0	2	2835,519,	0,3879,	chr16	30919600	30921539	retro_human_1037	0	-	intergenic	1939
chr16	30917285	30922365	ENSG00000169955[2,4,1]	0	-	30920030	30921647	0	2	2835,1201,	0,3879,	chr16	30919600	30921539	retro_human_1037	0	-	intergenic	1939
chr16	30918040	30922022	ENSG00000169955[1,1,3]	0	-	30919470	30921647	255	3	2080,114,604,	0,3124,3378,	chr16	30919600	30921539	retro_human_1037	0	-	intergenic	1939
chr16	30918040	30921683	ENSG00000169955[3,1,3]	0	-	30919470	30921647	255	3	2080,114,265,	0,3124,3378,	chr16	30919600	30921539	retro_human_1037	0	-	intergenic	1939
chr16	30918040	30922022	ENSG00000169955[1,2,3]	0	-	30919470	30921647	0	3	2077,114,604,	0,3124,3378,	chr16	30919600	30921539	retro_human_1037	0	-	intergenic	1939
chr16	30918040	30921683	ENSG00000169955[3,2,3]	0	-	30919470	30921647	0	3	2077,114,265,	0,3124,3378,	chr16	30919600	30921539	retro_human_1037	0	-	intergenic	1939
chr16	30918040	30922022	ENSG00000169955[1,3,3]	0	-	30920030	30921647	0	2	2077,858,	0,3124,	chr16	30919600	30921539	retro_human_1037	0	-	intergenic	1939
chr16	30918040	30921683	ENSG00000169955[3,3,3]	0	-	30920030	30921647	0	2	2077,519,	0,3124,	chr16	30919600	30921539	retro_human_1037	0	-	intergenic	1939
chr16	30918040	30922022	ENSG00000169955[1,4,3]	0	-	30920030	30921647	0	2	2080,858,	0,3124,	chr16	30919600	30921539	retro_human_1037	0	-	intergenic	1939
chr16	30918040	30921683	ENSG00000169955[3,4,3]	0	-	30920030	30921647	0	2	2080,519,	0,3124,	chr16	30919600	30921539	retro_human_1037	0	-	intergenic	1939
chr16	30918284	30921683	ENSG00000169955[3,1,4]	0	-	30919470	30921647	255	3	1836,114,265,	0,2880,3134,	chr16	30919600	30921539	retro_human_1037	0	-	intergenic	1939
chr16	30918284	30922022	ENSG00000169955[1,1,4]	0	-	30919470	30921647	255	3	1836,114,604,	0,2880,3134,	chr16	30919600	30921539	retro_human_1037	0	-	intergenic	1939
chr16	30918284	30921683	ENSG00000169955[3,2,4]	0	-	30919470	30921647	0	3	1833,114,265,	0,2880,3134,	chr16	30919600	30921539	retro_human_1037	0	-	intergenic	1939
chr16	30918284	30922022	ENSG00000169955[1,2,4]	0	-	30919470	30921647	0	3	1833,114,604,	0,2880,3134,	chr16	30919600	30921539	retro_human_1037	0	-	intergenic	1939
chr16	30918284	30921683	ENSG00000169955[3,3,4]	0	-	30920030	30921647	0	2	1833,519,	0,2880,	chr16	30919600	30921539	retro_human_1037	0	-	intergenic	1939
chr16	30918284	30922022	ENSG00000169955[1,3,4]	0	-	30920030	30921647	0	2	1833,858,	0,2880,	chr16	30919600	30921539	retro_human_1037	0	-	intergenic	1939
chr16	30918284	30921683	ENSG00000169955[3,4,4]	0	-	30920030	30921647	0	2	1836,519,	0,2880,	chr16	30919600	30921539	retro_human_1037	0	-	intergenic	1939
chr16	30918284	30922022	ENSG00000169955[1,4,4]	0	-	30920030	30921647	0	2	1836,858,	0,2880,	chr16	30919600	30921539	retro_human_1037	0	-	intergenic	1939
chr16	30919224	30922022	ENSG00000169955[1,2,2]	0	-	30919470	30921647	0	3	893,114,604,	0,1940,2194,	chr16	30919600	30921539	retro_human_1037	0	-	intergenic	1939
chr16	30940680	30945391	ENSG00000169951[1,3,1]	0	-	30942163	30942400	0	2	2394,692,	0,4019,	chr16	30942293	30945080	retro_human_1039	0	-	intergenic	2787
chr16	30940680	30945515	ENSG00000169951[2,3,1]	0	-	30942163	30942400	0	2	2394,816,	0,4019,	chr16	30942293	30945080	retro_human_1039	0	-	intergenic	2787
chr16	30940680	30944883	ENSG00000169951[3,3,1]	0	-	30942163	30942400	0	2	2394,184,	0,4019,	chr16	30942293	30945080	retro_human_1039	0	-	intergenic	2590
chr16	30940680	30945391	ENSG00000169951[1,1,1]	0	-	30942163	30945149	0	3	2394,114,438,	0,4019,4273,	chr16	30942293	30945080	retro_human_1039	0	-	intergenic	2787
chr16	30940680	30945515	ENSG00000169951[2,1,1]	0	-	30942163	30945149	0	3	2394,114,562,	0,4019,4273,	chr16	30942293	30945080	retro_human_1039	0	-	intergenic	2787
chr16	30940680	30945515	ENSG00000169951[2,2,1]	0	-	30942163	30945149	0	3	2397,114,562,	0,4019,4273,	chr16	30942293	30945080	retro_human_1039	0	-	intergenic	2787
chr16	30940680	30945391	ENSG00000169951[1,2,1]	0	-	30942163	30945149	0	3	2397,114,438,	0,4019,4273,	chr16	30942293	30945080	retro_human_1039	0	-	intergenic	2787
chr16	30941102	30945391	ENSG00000169951[1,3,3]	0	-	30942163	30942400	0	2	1972,692,	0,3597,	chr16	30942293	30945080	retro_human_1039	0	-	intergenic	2787
chr16	30941102	30945515	ENSG00000169951[2,3,3]	0	-	30942163	30942400	0	2	1972,816,	0,3597,	chr16	30942293	30945080	retro_human_1039	0	-	intergenic	2787
chr16	30941102	30944883	ENSG00000169951[3,3,3]	0	-	30942163	30942400	0	2	1972,184,	0,3597,	chr16	30942293	30945080	retro_human_1039	0	-	intergenic	2590
chr16	30941102	30945515	ENSG00000169951[2,1,3]	0	-	30942163	30945149	0	3	1972,114,562,	0,3597,3851,	chr16	30942293	30945080	retro_human_1039	0	-	intergenic	2787
chr16	30941102	30945391	ENSG00000169951[1,1,3]	0	-	30942163	30945149	0	3	1972,114,438,	0,3597,3851,	chr16	30942293	30945080	retro_human_1039	0	-	intergenic	2787
chr16	30941102	30945515	ENSG00000169951[2,2,3]	0	-	30942163	30945149	0	3	1975,114,562,	0,3597,3851,	chr16	30942293	30945080	retro_human_1039	0	-	intergenic	2787
chr16	30941102	30945391	ENSG00000169951[1,2,3]	0	-	30942163	30945149	0	3	1975,114,438,	0,3597,3851,	chr16	30942293	30945080	retro_human_1039	0	-	intergenic	2787
chr16	30941744	30945515	ENSG00000169951[2,3,4]	0	-	30942163	30942400	0	2	1330,816,	0,2955,	chr16	30942293	30945080	retro_human_1039	0	-	intergenic	2787
chr16	30941744	30945391	ENSG00000169951[1,3,4]	0	-	30942163	30942400	0	2	1330,692,	0,2955,	chr16	30942293	30945080	retro_human_1039	0	-	intergenic	2787
chr16	30941744	30945391	ENSG00000169951[1,1,4]	0	-	30942163	30945149	0	3	1330,114,438,	0,2955,3209,	chr16	30942293	30945080	retro_human_1039	0	-	intergenic	2787
chr16	30941744	30945515	ENSG00000169951[2,1,4]	0	-	30942163	30945149	0	3	1330,114,562,	0,2955,3209,	chr16	30942293	30945080	retro_human_1039	0	-	intergenic	2787
chr16	30941744	30945391	ENSG00000169951[1,2,4]	0	-	30942163	30945149	0	3	1333,114,438,	0,2955,3209,	chr16	30942293	30945080	retro_human_1039	0	-	intergenic	2787
chr16	30942554	30945391	ENSG00000169951[1,3,2]	0	-	30944816	30945149	0	2	520,692,	0,2145,	chr16	30942293	30945080	retro_human_1039	0	-	intergenic	2526
chr16	30959178	30970890	ENSG00000239791[1,2,2]	0	+	30959178	30959178	0	2	212,1381,	0,10331,	chr16	30969672	30972555	retro_human_1040	0	-	intergenic	1218
chr16	30967585	30972799	ENSG00000197162[1,1,1]	0	-	30969542	30972591	0	3	2838,129,413,	0,4516,4801,	chr16	30969672	30972555	retro_human_1040	0	-	intergenic	2883
chr16	30967790	30972799	ENSG00000197162[1,1,5]	0	-	30969542	30972591	0	3	2633,129,413,	0,4311,4596,	chr16	30969672	30972555	retro_human_1040	0	-	intergenic	2883
chr16	30968436	30972799	ENSG00000197162[1,1,6]	0	-	30969542	30972591	0	3	1987,129,413,	0,3665,3950,	chr16	30969672	30972555	retro_human_1040	0	-	intergenic	2883
chr16	30970058	30972527	ENSG00000197162[3,4,4]	0	-	30972145	30972420	0	3	365,129,172,	0,2043,2297,	chr16	30969672	30972555	retro_human_1040	0	-	intergenic	2469
chr16	31526356	31537612	ENSG00000178226[1,1,1]	0	-	31526621	31537514	0	15	541,122,266,142,238,164,257,130,250,167,281,163,36,36,135,	0,1416,1614,2591,2845,3603,3859,4464,4710,6911,9517,10195,10585,10818,11121,	chr16	31531167	31536129	retro_human_5253	0	-	intergenic	4962
chr16	31553076	31553454	ENSG00000263343[1,1,1]	0	+	31553076	31553076	0	1	378,	0,	chr16	31553125	31553405	AC009088.4-201|processed_pseudogene	0	+	intergenic	280
chr16	38933248	38936323	ENSG00000260073[1,1,1]	0	+	38936323	38936323	0	1	3075,	0,	chr16	38935225	38935625	retro_human_654|AC023824.2-201|processed_pseudogene	0	-	intergenic	400
chr16	53557533	53557775	ENSG00000260497[1,1,1]	0	-	53557533	53557533	0	1	242,	0,	chr16	53557583	53557725	AC141846.1-201|processed_pseudogene	0	-	intergenic	142
chr16	74830229	74832386	ENSG00000244378[2,1,2]	0	+	74830435	74830879	0	1	2157,	0,	chr16	74830279	74832336	RPS2P45-201|transcribed_processed_pseudogene	0	+	intergenic	2057
chr16	94731181	94756468	ENSG00000260630[1,12,6]	0	+	94731181	94731181	0	4	153,189,310,542,	0,9219,9755,24745,	chr16	94747605	94750482	retro_human_8444	0	-	intergenic	2877
chr16	94746763	94750943	ENSG00000185669[4,2,1]	0	-	94747577	94750494	255	2	993,714,	0,3466,	chr16	94747605	94750482	retro_human_8444	0	-	intergenic	2877
chr16	94746763	94750678	ENSG00000185669[3,2,1]	0	-	94747577	94750494	255	2	993,449,	0,3466,	chr16	94747605	94750482	retro_human_8444	0	-	intergenic	2877
chr16	94746763	94750439	ENSG00000185669[2,2,1]	0	-	94747577	94750329	255	2	993,210,	0,3466,	chr16	94747605	94750482	retro_human_8444	0	-	intergenic	2834
chr16	94746763	94755693	ENSG00000185669[1,1,1]	0	-	94747577	94755542	0	3	993,621,227,	0,3466,8703,	chr16	94747605	94750482	retro_human_8444	0	-	intergenic	2877
chr17	1309361	1351935	ENSG00000167193[2,2,1]	0	-	1312368	1344839	0	3	3012,366,7337,	0,16151,35237,	chr17	1325556	1344854	retro_human_158	0	-	intergenic	19298
chr17	1309361	1345004	ENSG00000167193[1,2,1]	0	-	1312368	1344839	0	3	3012,366,406,	0,16151,35237,	chr17	1325556	1344854	retro_human_158	0	-	intergenic	19298
chr17	1309361	1351935	ENSG00000167193[2,1,1]	0	-	1312238	1344839	0	3	3012,536,7337,	0,15981,35237,	chr17	1325556	1344854	retro_human_158	0	-	intergenic	19298
chr17	1309361	1345004	ENSG00000167193[1,1,1]	0	-	1312238	1344839	0	3	3012,536,406,	0,15981,35237,	chr17	1325556	1344854	retro_human_158	0	-	intergenic	19298
chr17	1312069	1351935	ENSG00000167193[2,4,3]	0	-	1312138	1312312	0	3	304,366,260,	0,13443,39606,	chr17	1325556	1344854	retro_human_158	0	-	intergenic	19298
chr17	4998862	5005313	ENSG00000167840[1,21,3]	0	-	4999198	4999666	255	4	1043,475,144,142,	0,3905,5585,6309,	chr17	4999163	5003073	retro_human_7235	0	-	intergenic	3910
chr17	4998862	5005313	ENSG00000167840[1,22,3]	0	-	4999198	5003184	255	5	1016,127,475,144,142,	0,3437,3905,5585,6309,	chr17	4999163	5003073	retro_human_7235	0	-	intergenic	3910
chr17	4998862	5005313	ENSG00000167840[1,17,3]	0	-	5002608	5005194	255	3	1043,943,142,	0,3437,6309,	chr17	4999163	5003073	retro_human_7235	0	-	intergenic	3910
chr17	4998862	5005313	ENSG00000167840[1,18,3]	0	-	4999740	5005194	255	3	1043,475,142,	0,3905,6309,	chr17	4999163	5003073	retro_human_7235	0	-	intergenic	3910
chr17	4998862	5005313	ENSG00000167840[1,2,3]	0	-	4999198	5003121	255	4	1043,127,375,142,	0,3437,3905,6309,	chr17	4999163	5003073	retro_human_7235	0	-	intergenic	3910
chr17	4998862	5005313	ENSG00000167840[1,20,3]	0	-	4999198	4999666	255	4	1043,943,144,142,	0,3437,5585,6309,	chr17	4999163	5003073	retro_human_7235	0	-	intergenic	3910
chr17	4998862	5005313	ENSG00000167840[1,1,3]	0	-	4999198	5005194	255	4	1043,127,475,142,	0,3437,3905,6309,	chr17	4999163	5003073	retro_human_7235	0	-	intergenic	3910
chr17	4998862	5005313	ENSG00000167840[1,3,3]	0	-	4999198	5005194	0	4	1016,127,475,142,	0,3437,3905,6309,	chr17	4999163	5003073	retro_human_7235	0	-	intergenic	3910
chr17	4998862	5005313	ENSG00000167840[1,8,3]	0	-	4999198	4999666	0	5	1043,127,158,144,142,	0,3437,4222,5585,6309,	chr17	4999163	5003073	retro_human_7235	0	-	intergenic	3910
chr17	4998862	5005313	ENSG00000167840[1,6,3]	0	-	4999198	4999666	0	3	1043,843,142,	0,3437,6309,	chr17	4999163	5003073	retro_human_7235	0	-	intergenic	3910
chr17	4998862	5005313	ENSG00000167840[1,14,3]	0	-	4999198	5003184	0	5	1043,127,475,144,142,	0,3437,3905,5585,6309,	chr17	4999163	5003073	retro_human_7235	0	-	intergenic	3910
chr17	4999056	5005313	ENSG00000167840[1,16,1]	0	-	5002608	5005194	255	3	822,943,142,	0,3243,6115,	chr17	4999163	5003073	retro_human_7235	0	-	intergenic	3910
chr17	4999056	5005313	ENSG00000167840[1,21,1]	0	-	4999198	4999666	255	4	849,475,144,142,	0,3711,5391,6115,	chr17	4999163	5003073	retro_human_7235	0	-	intergenic	3910
chr17	4999056	5005313	ENSG00000167840[1,22,1]	0	-	4999198	5003184	255	5	822,127,475,144,142,	0,3243,3711,5391,6115,	chr17	4999163	5003073	retro_human_7235	0	-	intergenic	3910
chr17	4999056	5005313	ENSG00000167840[1,17,1]	0	-	5002608	5005194	255	3	849,943,142,	0,3243,6115,	chr17	4999163	5003073	retro_human_7235	0	-	intergenic	3910
chr17	4999056	5005313	ENSG00000167840[1,18,1]	0	-	4999740	5005194	255	3	849,475,142,	0,3711,6115,	chr17	4999163	5003073	retro_human_7235	0	-	intergenic	3910
chr17	4999056	5005313	ENSG00000167840[1,2,1]	0	-	4999198	5003121	255	4	849,127,375,142,	0,3243,3711,6115,	chr17	4999163	5003073	retro_human_7235	0	-	intergenic	3910
chr17	4999056	5005313	ENSG00000167840[1,19,1]	0	-	4999198	5003121	255	5	849,127,375,144,142,	0,3243,3711,5391,6115,	chr17	4999163	5003073	retro_human_7235	0	-	intergenic	3910
chr17	4999056	5005313	ENSG00000167840[1,20,1]	0	-	4999198	4999666	255	4	849,943,144,142,	0,3243,5391,6115,	chr17	4999163	5003073	retro_human_7235	0	-	intergenic	3910
chr17	4999056	5005313	ENSG00000167840[1,1,1]	0	-	4999198	5005194	255	4	849,127,475,142,	0,3243,3711,6115,	chr17	4999163	5003073	retro_human_7235	0	-	intergenic	3910
chr17	4999056	5005313	ENSG00000167840[1,3,1]	0	-	4999198	5005194	0	4	822,127,475,142,	0,3243,3711,6115,	chr17	4999163	5003073	retro_human_7235	0	-	intergenic	3910
chr17	4999056	5005313	ENSG00000167840[1,8,1]	0	-	4999198	4999666	0	5	849,127,158,144,142,	0,3243,4028,5391,6115,	chr17	4999163	5003073	retro_human_7235	0	-	intergenic	3910
chr17	4999056	5005313	ENSG00000167840[1,6,1]	0	-	4999198	4999666	0	3	849,843,142,	0,3243,6115,	chr17	4999163	5003073	retro_human_7235	0	-	intergenic	3910
chr17	4999056	5005313	ENSG00000167840[1,14,1]	0	-	4999198	5003184	0	5	849,127,475,144,142,	0,3243,3711,5391,6115,	chr17	4999163	5003073	retro_human_7235	0	-	intergenic	3910
chr17	4999056	5016592	ENSG00000167840[5,12,1]	0	-	4999198	4999666	0	5	849,943,144,552,236,	0,3243,5391,6115,17300,	chr17	4999163	5003073	retro_human_7235	0	-	intergenic	3910
chr17	4999056	5016592	ENSG00000167840[5,15,1]	0	-	4999198	5005194	0	5	849,127,475,552,236,	0,3243,3711,6115,17300,	chr17	4999163	5003073	retro_human_7235	0	-	intergenic	3910
chr17	4999726	5005313	ENSG00000167840[1,8,5]	0	-	5004464	5005194	0	5	179,127,158,144,142,	0,2573,3358,4721,5445,	chr17	4999163	5003073	retro_human_7235	0	-	intergenic	3347
chr17	16522930	16527077	ENSG00000197566[2,2,1]	0	-	16524530	16526747	0	1	4147,	0,	chr17	16524531	16536991	retro_human_2179	0	-	intergenic	2546
chr17	16522930	16556122	ENSG00000197566[1,1,1]	0	-	16524530	16551975	0	6	3819,96,127,66,89,143,	0,13166,13934,26629,28958,33049,	chr17	16524531	16536991	retro_human_2179	0	-	intergenic	12460
chr17	17440987	17443054	ENSG00000108551[1,4,1]	0	-	17441736	17442790	255	2	1303,550,	0,1517,	chr17	17441956	17442718	retro_human_3358	0	-	intergenic	762
chr17	17440987	17443054	ENSG00000108551[1,2,1]	0	-	17442139	17442790	0	2	1232,550,	0,1517,	chr17	17441956	17442718	retro_human_3358	0	-	intergenic	762
chr17	17440987	17443054	ENSG00000108551[1,1,1]	0	-	17441736	17442790	0	2	1306,550,	0,1517,	chr17	17441956	17442718	retro_human_3358	0	-	intergenic	762
chr17	19112153	19122492	ENSG00000266311[1,1,1]	0	-	19112153	19112153	0	3	218,133,189,	0,7811,10150,	chr17	19115250	19117648	retro_human_2541|KYNUP2-201|processed_pseudogene	0	-	intergenic	2398
chr17	19112153	19122492	ENSG00000266311[1,2,1]	0	-	19112153	19112153	0	3	214,133,189,	0,7811,10150,	chr17	19115250	19117648	retro_human_2541|KYNUP2-201|processed_pseudogene	0	-	intergenic	2398
chr17	20288507	20291541	ENSG00000154898[3,3,3]	0	+	20288507	20288507	0	2	478,518,	0,2516,	chr17	20288557	20291491	CCDC144CP-203|transcribed_processed_pseudogene	0	+	intergenic	2934
chr17	20789787	20795133	ENSG00000226981[2,2,2]	0	+	20789787	20789787	255	3	551,180,2284,	0,2783,3062,	chr17	20789861	20793072	retro_human_1767	0	+	intergenic	3211
chr17	22722611	22722880	ENSG00000265233[1,1,1]	0	-	22722611	22722611	0	1	269,	0,	chr17	22722661	22722830	ABBA01006766.1-201|processed_pseudogene	0	-	intergenic	169
chr17	32986275	32987456	ENSG00000264943[1,1,1]	0	+	32986275	32986275	0	1	1181,	0,	chr17	32985855	32986576	retro_human_5306|SH3GL1P1-202|transcribed_processed_pseudogene	0	+	intergenic	301
chr17	31953824	31954090	ENSG00000264148[1,1,1]	0	-	31953824	31953824	0	1	266,	0,	chr17	31953874	31954040	AC138207.3-201|processed_pseudogene	0	-	intergenic	166
chr17	33029012	33042939	ENSG00000264164[1,2,1]	0	+	33029012	33029012	0	3	194,140,273,	0,11873,13654,	chr17	33029062	33042813	AC090616.2-201|transcribed_processed_pseudogene	0	+	intergenic	13751
chr17	39927116	40015545	ENSG00000161381[1,21,1]	0	-	39931696	40015295	255	13	4697,161,136,61,82,96,100,119,123,70,144,179,326,	0,6593,14650,15841,20195,24344,42589,44142,44858,45639,45983,76395,88103,	chr17	39920872	39945305	RDM1P5-203|transcribed_processed_pseudogene	0	+	intergenic	18189
chr17	39927116	40015545	ENSG00000161381[1,21,1]	0	-	39931696	40015295	255	13	4697,161,136,61,82,96,100,119,123,70,144,179,326,	0,6593,14650,15841,20195,24344,42589,44142,44858,45639,45983,76395,88103,	chr17	39920905	39976091	RDM1P5-202|transcribed_processed_pseudogene	0	+	intergenic	48975
chr17	39927116	40015545	ENSG00000161381[1,1,1]	0	-	39931696	40015295	0	14	4697,161,36,136,61,82,96,100,119,123,70,144,179,326,	0,6593,9187,14650,15841,20195,24344,42589,44142,44858,45639,45983,76395,88103,	chr17	39920872	39945305	RDM1P5-203|transcribed_processed_pseudogene	0	+	intergenic	18189
chr17	39927116	40015545	ENSG00000161381[1,1,1]	0	-	39931696	40015295	0	14	4697,161,36,136,61,82,96,100,119,123,70,144,179,326,	0,6593,9187,14650,15841,20195,24344,42589,44142,44858,45639,45983,76395,88103,	chr17	39920905	39976091	RDM1P5-202|transcribed_processed_pseudogene	0	+	intergenic	48975
chr17	39930563	40015545	ENSG00000161381[1,21,14]	0	-	39931696	40015295	255	13	1250,161,136,61,82,96,100,119,123,70,144,179,326,	0,3146,11203,12394,16748,20897,39142,40695,41411,42192,42536,72948,84656,	chr17	39920872	39945305	RDM1P5-203|transcribed_processed_pseudogene	0	+	intergenic	14742
chr17	39930563	40015545	ENSG00000161381[1,21,14]	0	-	39931696	40015295	255	13	1250,161,136,61,82,96,100,119,123,70,144,179,326,	0,3146,11203,12394,16748,20897,39142,40695,41411,42192,42536,72948,84656,	chr17	39920905	39976091	RDM1P5-202|transcribed_processed_pseudogene	0	+	intergenic	45528
chr17	39930933	40015545	ENSG00000161381[1,22,2]	0	-	39943297	40015295	255	13	880,161,136,425,82,96,100,119,123,70,144,179,326,	0,2776,10833,12024,16378,20527,38772,40325,41041,41822,42166,72578,84286,	chr17	39920872	39945305	RDM1P5-203|transcribed_processed_pseudogene	0	+	intergenic	14372
chr17	39930933	40015545	ENSG00000161381[1,22,2]	0	-	39943297	40015295	255	13	880,161,136,425,82,96,100,119,123,70,144,179,326,	0,2776,10833,12024,16378,20527,38772,40325,41041,41822,42166,72578,84286,	chr17	39920905	39976091	RDM1P5-202|transcribed_processed_pseudogene	0	+	intergenic	45158
chr17	39930933	40015545	ENSG00000161381[1,21,2]	0	-	39931696	40015295	255	13	880,161,136,61,82,96,100,119,123,70,144,179,326,	0,2776,10833,12024,16378,20527,38772,40325,41041,41822,42166,72578,84286,	chr17	39920872	39945305	RDM1P5-203|transcribed_processed_pseudogene	0	+	intergenic	14372
chr17	39930933	40015545	ENSG00000161381[1,21,2]	0	-	39931696	40015295	255	13	880,161,136,61,82,96,100,119,123,70,144,179,326,	0,2776,10833,12024,16378,20527,38772,40325,41041,41822,42166,72578,84286,	chr17	39920905	39976091	RDM1P5-202|transcribed_processed_pseudogene	0	+	intergenic	45158
chr17	39930933	40016958	ENSG00000161381[9,15,2]	0	-	39943297	40003547	0	14	880,161,36,136,425,82,96,100,119,123,70,144,179,177,	0,2776,5370,10833,12024,16378,20527,38772,40325,41041,41822,42166,72578,85848,	chr17	39920872	39945305	RDM1P5-203|transcribed_processed_pseudogene	0	+	intergenic	14372
chr17	39930933	40016958	ENSG00000161381[9,15,2]	0	-	39943297	40003547	0	14	880,161,36,136,425,82,96,100,119,123,70,144,179,177,	0,2776,5370,10833,12024,16378,20527,38772,40325,41041,41822,42166,72578,85848,	chr17	39920905	39976091	RDM1P5-202|transcribed_processed_pseudogene	0	+	intergenic	45158
chr17	39930933	40015545	ENSG00000161381[1,11,2]	0	-	39945281	40015295	0	15	880,161,36,136,425,200,82,96,100,119,123,70,144,179,326,	0,2776,5370,10833,12024,14170,16378,20527,38772,40325,41041,41822,42166,72578,84286,	chr17	39920872	39945305	RDM1P5-203|transcribed_processed_pseudogene	0	+	intergenic	14372
chr17	39930933	40015545	ENSG00000161381[1,11,2]	0	-	39945281	40015295	0	15	880,161,36,136,425,200,82,96,100,119,123,70,144,179,326,	0,2776,5370,10833,12024,14170,16378,20527,38772,40325,41041,41822,42166,72578,84286,	chr17	39920905	39976091	RDM1P5-202|transcribed_processed_pseudogene	0	+	intergenic	45158
chr17	39930933	40015545	ENSG00000161381[1,10,2]	0	-	39943297	40015295	0	14	880,161,36,136,425,82,96,100,119,123,70,144,179,326,	0,2776,5370,10833,12024,16378,20527,38772,40325,41041,41822,42166,72578,84286,	chr17	39920872	39945305	RDM1P5-203|transcribed_processed_pseudogene	0	+	intergenic	14372
chr17	39930933	40015545	ENSG00000161381[1,10,2]	0	-	39943297	40015295	0	14	880,161,36,136,425,82,96,100,119,123,70,144,179,326,	0,2776,5370,10833,12024,16378,20527,38772,40325,41041,41822,42166,72578,84286,	chr17	39920905	39976091	RDM1P5-202|transcribed_processed_pseudogene	0	+	intergenic	45158
chr17	39930933	40015545	ENSG00000161381[1,1,2]	0	-	39931696	40015295	0	14	880,161,36,136,61,82,96,100,119,123,70,144,179,326,	0,2776,5370,10833,12024,16378,20527,38772,40325,41041,41822,42166,72578,84286,	chr17	39920872	39945305	RDM1P5-203|transcribed_processed_pseudogene	0	+	intergenic	14372
chr17	39930933	40015545	ENSG00000161381[1,1,2]	0	-	39931696	40015295	0	14	880,161,36,136,61,82,96,100,119,123,70,144,179,326,	0,2776,5370,10833,12024,16378,20527,38772,40325,41041,41822,42166,72578,84286,	chr17	39920905	39976091	RDM1P5-202|transcribed_processed_pseudogene	0	+	intergenic	45158
chr17	39931725	39934375	ENSG00000161381[3,3,3]	0	-	39931788	39933885	0	2	88,666,	0,1984,	chr17	39920872	39945305	RDM1P5-203|transcribed_processed_pseudogene	0	+	intergenic	2650
chr17	40956627	40964526	ENSG00000126368[1,1,1]	0	-	40956970	40963981	0	8	540,211,186,644,145,89,339,576,	0,1169,2192,2702,3702,3950,4324,7323,	chr17	40957708	40958951	retro_human_9328	0	-	intergenic	1243
chr17	40956627	40964662	ENSG00000126368[2,1,1]	0	-	40956970	40963981	0	8	540,211,186,644,145,89,339,712,	0,1169,2192,2702,3702,3950,4324,7323,	chr17	40957708	40958951	retro_human_9328	0	-	intergenic	1243
chr17	40956787	40964526	ENSG00000126368[1,1,2]	0	-	40956970	40963981	0	8	380,211,186,644,145,89,339,576,	0,1009,2032,2542,3542,3790,4164,7163,	chr17	40957708	40958951	retro_human_9328	0	-	intergenic	1243
chr17	43871840	43880310	ENSG00000108828[1,10,1]	0	-	43873347	43876665	255	6	1588,242,90,171,204,500,	0,1750,3881,4076,4632,7970,	chr17	43876471	43880059	retro_human_3076	0	-	intergenic	3588
chr17	43871840	43880310	ENSG00000108828[1,3,1]	0	-	43873347	43880197	0	6	1588,242,90,171,208,296,	0,1750,3881,4076,4632,8174,	chr17	43876471	43880059	retro_human_3076	0	-	intergenic	3588
chr17	43871840	43880310	ENSG00000108828[1,1,1]	0	-	43873347	43880197	0	6	1588,242,90,171,208,500,	0,1750,3881,4076,4632,7970,	chr17	43876471	43880059	retro_human_3076	0	-	intergenic	3588
chr17	43873132	43880310	ENSG00000108828[1,3,2]	0	-	43873347	43880197	0	6	296,242,90,171,208,296,	0,458,2589,2784,3340,6882,	chr17	43876471	43880059	retro_human_3076	0	-	intergenic	3588
chr17	43873132	43878201	ENSG00000108828[2,2,2]	0	-	43873347	43876665	0	6	296,242,90,171,208,181,	0,458,2589,2784,3340,4888,	chr17	43876471	43880059	retro_human_3076	0	-	intergenic	1730
chr17	44805231	44806539	ENSG00000131096[1,1,1]	0	-	44805507	44806032	255	4	298,81,188,141,	0,426,613,1167,	chr17	44805733	44805954	retro_human_8945	0	-	intergenic	221
chr17	44805231	44806539	ENSG00000131096[1,3,1]	0	-	44805656	44806032	0	3	507,188,141,	0,613,1167,	chr17	44805733	44805954	retro_human_8945	0	-	intergenic	221
chr17	47192286	47223829	ENSG00000228696[1,8,6]	0	-	47192572	47220379	0	5	304,266,111,165,172,	0,9218,22529,27945,31371,	chr17	47214700	47220322	retro_human_4255	0	-	intergenic	5622
chr17	47192286	47223829	ENSG00000228696[1,6,6]	0	-	47192564	47220379	0	4	304,111,165,172,	0,22529,27945,31371,	chr17	47214700	47220322	retro_human_4255	0	-	intergenic	5622
chr17	47201342	47223829	ENSG00000228696[1,1,9]	0	-	47201498	47220379	0	4	428,111,165,172,	0,13473,18889,22315,	chr17	47214700	47220322	retro_human_4255	0	-	intergenic	5622
chr17	47388689	47441312	ENSG00000185829[1,8,8]	0	-	47390444	47437890	255	5	1818,266,111,165,141,	0,30325,43637,49053,52482,	chr17	47432211	47437833	retro_human_4254	0	-	intergenic	5622
chr17	47388689	47441312	ENSG00000185829[1,3,8]	0	-	47390502	47437890	0	4	1818,111,165,141,	0,43637,49053,52482,	chr17	47432211	47437833	retro_human_4254	0	-	intergenic	5622
chr17	47388689	47441312	ENSG00000185829[1,4,8]	0	-	47390419	47437890	0	5	1818,76,111,165,141,	0,11311,43637,49053,52482,	chr17	47432211	47437833	retro_human_4254	0	-	intergenic	5622
chr17	47388915	47441312	ENSG00000185829[1,8,9]	0	-	47390444	47437890	255	5	1592,266,111,165,141,	0,30099,43411,48827,52256,	chr17	47432211	47437833	retro_human_4254	0	-	intergenic	5622
chr17	47390282	47441312	ENSG00000185829[1,3,3]	0	-	47390502	47437890	0	4	225,111,165,141,	0,42044,47460,50889,	chr17	47432211	47437833	retro_human_4254	0	-	intergenic	5622
chr17	47390282	47441312	ENSG00000185829[1,4,3]	0	-	47390419	47437890	0	5	225,76,111,165,141,	0,9718,42044,47460,50889,	chr17	47432211	47437833	retro_human_4254	0	-	intergenic	5622
chr17	47408023	47441312	ENSG00000185829[1,9,10]	0	-	47410092	47437890	255	5	2087,266,111,165,141,	0,10991,24303,29719,33148,	chr17	47432211	47437833	retro_human_4254	0	-	intergenic	5622
chr17	47408779	47441312	ENSG00000185829[1,9,11]	0	-	47410092	47437890	255	5	1331,266,111,165,141,	0,10235,23547,28963,32392,	chr17	47432211	47437833	retro_human_4254	0	-	intergenic	5622
chr17	47408779	47441312	ENSG00000185829[1,5,11]	0	-	47410084	47437890	0	4	1331,111,165,141,	0,23547,28963,32392,	chr17	47432211	47437833	retro_human_4254	0	-	intergenic	5622
chr17	47409806	47441312	ENSG00000185829[1,5,4]	0	-	47410084	47437890	0	4	304,111,165,141,	0,22520,27936,31365,	chr17	47432211	47437833	retro_human_4254	0	-	intergenic	5622
chr17	47414132	47441312	ENSG00000185829[1,6,5]	0	-	47414338	47437890	0	4	208,111,165,141,	0,18194,23610,27039,	chr17	47432211	47437833	retro_human_4254	0	-	intergenic	5622
chr17	47414355	47441312	ENSG00000185829[1,1,1]	0	-	47419008	47437890	0	4	4925,111,165,141,	0,17971,23387,26816,	chr17	47432211	47437833	retro_human_4254	0	-	intergenic	5622
chr17	47415643	47441312	ENSG00000185829[1,1,7]	0	-	47419008	47437890	0	4	3637,111,165,141,	0,16683,22099,25528,	chr17	47432211	47437833	retro_human_4254	0	-	intergenic	5622
chr17	54556789	54557371	ENSG00000262384[1,1,1]	0	-	54556789	54556789	0	1	582,	0,	chr17	54556839	54557321	retro_human_3848|AC034268.1-201|processed_pseudogene	0	-	intergenic	482
chr17	55578479	55579074	ENSG00000263199[1,1,1]	0	+	55578479	55578479	0	1	595,	0,	chr17	55578529	55579024	retro_human_3930|AC005951.1-201|processed_pseudogene	0	+	intergenic	495
chr17	61302556	61303191	ENSG00000213228[1,1,1]	0	-	61302556	61302556	0	1	635,	0,	chr17	61302606	61304925	retro_human_5099|RPL12P38-202|transcribed_processed_pseudogene	0	-	intergenic	585
chr17	61302556	61303191	ENSG00000213228[1,1,1]	0	-	61302556	61302556	0	1	635,	0,	chr17	61302606	61304925	retro_human_8465|RPL12P38-202|transcribed_processed_pseudogene	0	-	intergenic	585
chr17	77492238	77492527	ENSG00000267084[1,1,1]	0	-	77492238	77492238	0	1	289,	0,	chr17	77492288	77492477	retro_human_6495|AC015802.2-201|processed_pseudogene	0	-	intergenic	189
chr17	81416993	81417249	ENSG00000271340[1,1,1]	0	+	81416993	81416993	0	1	256,	0,	chr17	81417043	81417199	retro_human_4327|AC120024.3-201|processed_pseudogene	0	+	intergenic	156
chr17	82426980	82430019	ENSG00000184009[1,53,1]	0	-	82427810	82428741	255	8	467,355,182,439,41,240,129,168,	0,616,1064,1325,1900,2040,2369,2871,	chr17	82427811	82428657	retro_human_2377	0	-	intergenic	846
chr17	82426980	82430019	ENSG00000184009[1,52,1]	0	-	82427810	82429472	255	7	467,330,182,439,240,129,168,	0,641,1064,1325,2040,2369,2871,	chr17	82427811	82428657	retro_human_2377	0	-	intergenic	846
chr17	82426980	82430019	ENSG00000184009[1,51,1]	0	-	82427810	82429472	255	7	423,477,182,439,240,129,168,	0,494,1064,1325,2040,2369,2871,	chr17	82427811	82428657	retro_human_2377	0	-	intergenic	846
chr17	82426980	82430019	ENSG00000184009[1,39,1]	0	-	82428174	82429472	255	5	971,182,443,240,670,	0,1064,1321,2040,2369,	chr17	82427811	82428657	retro_human_2377	0	-	intergenic	846
chr17	82426980	82430019	ENSG00000184009[1,37,1]	0	-	82427810	82429254	255	5	971,182,439,240,674,	0,1064,1325,2040,2365,	chr17	82427811	82428657	retro_human_2377	0	-	intergenic	846
chr17	82426980	82430019	ENSG00000184009[1,47,1]	0	-	82428249	82429472	255	4	1764,240,129,168,	0,2040,2369,2871,	chr17	82427811	82428657	retro_human_2377	0	-	intergenic	846
chr17	82426980	82430019	ENSG00000184009[1,50,1]	0	-	82427119	82429472	255	6	169,182,439,240,129,168,	0,1064,1325,2040,2369,2871,	chr17	82427811	82428657	retro_human_2377	0	-	intergenic	846
chr17	82426980	82430019	ENSG00000184009[1,49,1]	0	-	82427978	82429472	255	5	1246,439,240,129,168,	0,1325,2040,2369,2871,	chr17	82427811	82428657	retro_human_2377	0	-	intergenic	846
chr17	82426980	82430019	ENSG00000184009[1,3,1]	0	-	82427810	82429472	255	6	971,182,439,240,129,438,	0,1064,1325,2040,2369,2601,	chr17	82427811	82428657	retro_human_2377	0	-	intergenic	846
chr17	82426980	82430019	ENSG00000184009[1,43,1]	0	-	82427810	82428741	255	4	971,182,1173,168,	0,1064,1325,2871,	chr17	82427811	82428657	retro_human_2377	0	-	intergenic	846
chr17	82426980	82430628	ENSG00000184009[9,54,1]	0	-	82427810	82429472	255	6	971,182,439,240,129,143,	0,1064,1325,2040,2369,3505,	chr17	82427811	82428657	retro_human_2377	0	-	intergenic	846
chr17	82426980	82430019	ENSG00000184009[1,41,1]	0	-	82428249	82428741	255	2	2498,168,	0,2871,	chr17	82427811	82428657	retro_human_2377	0	-	intergenic	846
chr17	82426980	82430019	ENSG00000184009[1,44,1]	0	-	82427810	82429341	255	5	971,182,439,458,168,	0,1064,1325,2040,2871,	chr17	82427811	82428657	retro_human_2377	0	-	intergenic	846
chr17	82426980	82430019	ENSG00000184009[1,38,1]	0	-	82427810	82428741	255	4	971,182,955,670,	0,1064,1325,2369,	chr17	82427811	82428657	retro_human_2377	0	-	intergenic	846
chr17	82426980	82430019	ENSG00000184009[1,46,1]	0	-	82428249	82428741	255	4	971,1216,129,168,	0,1064,2369,2871,	chr17	82427811	82428657	retro_human_2377	0	-	intergenic	846
chr17	82426980	82430019	ENSG00000184009[1,45,1]	0	-	82427810	82429254	255	6	971,182,439,240,133,168,	0,1064,1325,2040,2365,2871,	chr17	82427811	82428657	retro_human_2377	0	-	intergenic	846
chr17	82426980	82430019	ENSG00000184009[1,15,1]	0	-	82427810	82429472	255	7	467,355,182,439,240,129,287,	0,616,1064,1325,2040,2369,2752,	chr17	82427811	82428657	retro_human_2377	0	-	intergenic	846
chr17	82426980	82430019	ENSG00000184009[1,35,1]	0	-	82428249	82428741	255	2	467,2423,	0,616,	chr17	82427811	82428657	retro_human_2377	0	-	intergenic	846
chr17	82426980	82430019	ENSG00000184009[1,21,1]	0	-	82427810	82428741	255	6	971,182,616,240,129,168,	0,1064,1325,2040,2369,2871,	chr17	82427811	82428657	retro_human_2377	0	-	intergenic	846
chr17	82426980	82430019	ENSG00000184009[1,4,1]	0	-	82427810	82429472	255	6	971,182,439,240,129,301,	0,1064,1325,2040,2369,2738,	chr17	82427811	82428657	retro_human_2377	0	-	intergenic	846
chr17	82426980	82430019	ENSG00000184009[1,48,1]	0	-	82428174	82429472	255	6	971,182,443,240,129,168,	0,1064,1321,2040,2369,2871,	chr17	82427811	82428657	retro_human_2377	0	-	intergenic	846
chr17	82426980	82430019	ENSG00000184009[1,16,1]	0	-	82427810	82428741	255	5	971,182,955,129,168,	0,1064,1325,2369,2871,	chr17	82427811	82428657	retro_human_2377	0	-	intergenic	846
chr17	82426980	82430019	ENSG00000184009[1,40,1]	0	-	82427810	82429472	255	6	971,182,439,240,129,282,	0,1064,1325,2040,2369,2757,	chr17	82427811	82428657	retro_human_2377	0	-	intergenic	846
chr17	82426980	82430019	ENSG00000184009[1,42,1]	0	-	82428249	82428741	255	3	971,1434,168,	0,1064,2871,	chr17	82427811	82428657	retro_human_2377	0	-	intergenic	846
chr17	82426980	82430019	ENSG00000184009[1,14,1]	0	-	82427810	82429472	255	6	467,355,182,439,240,670,	0,616,1064,1325,2040,2369,	chr17	82427811	82428657	retro_human_2377	0	-	intergenic	846
chr17	82426980	82430019	ENSG00000184009[1,36,1]	0	-	82428249	82428741	255	2	971,1975,	0,1064,	chr17	82427811	82428657	retro_human_2377	0	-	intergenic	846
chr17	82426980	82430019	ENSG00000184009[1,6,1]	0	-	82427810	82429472	0	6	971,182,439,240,129,287,	0,1064,1325,2040,2369,2752,	chr17	82427811	82428657	retro_human_2377	0	-	intergenic	846
chr17	82426980	82430019	ENSG00000184009[1,29,1]	0	-	82427810	82429472	0	7	467,354,182,439,240,129,168,	0,617,1064,1325,2040,2369,2871,	chr17	82427811	82428657	retro_human_2377	0	-	intergenic	846
chr17	82426980	82430019	ENSG00000184009[1,17,1]	0	-	82428249	82429472	0	5	971,700,240,129,168,	0,1064,2040,2369,2871,	chr17	82427811	82428657	retro_human_2377	0	-	intergenic	846
chr17	82426980	82430019	ENSG00000184009[1,20,1]	0	-	82427810	82429472	0	7	467,355,182,439,240,129,168,	0,616,1064,1325,2040,2369,2871,	chr17	82427811	82428657	retro_human_2377	0	-	intergenic	846
chr17	82426980	82430019	ENSG00000184009[1,30,1]	0	-	82427978	82428741	0	5	1246,616,240,129,168,	0,1325,2040,2369,2871,	chr17	82427811	82428657	retro_human_2377	0	-	intergenic	846
chr17	82426980	82430019	ENSG00000184009[1,13,1]	0	-	82427810	82429341	0	4	971,182,439,999,	0,1064,1325,2040,	chr17	82427811	82428657	retro_human_2377	0	-	intergenic	846
chr17	82426980	82429318	ENSG00000184009[5,13,1]	0	-	82427810	82429254	0	4	971,182,439,298,	0,1064,1325,2040,	chr17	82427811	82428657	retro_human_2377	0	-	intergenic	846
chr17	82426980	82430628	ENSG00000184009[9,2,1]	0	-	82427810	82429472	0	5	971,182,439,240,1279,	0,1064,1325,2040,2369,	chr17	82427811	82428657	retro_human_2377	0	-	intergenic	846
chr17	82426980	82430019	ENSG00000184009[1,2,1]	0	-	82427810	82429472	0	5	971,182,439,240,670,	0,1064,1325,2040,2369,	chr17	82427811	82428657	retro_human_2377	0	-	intergenic	846
chr17	82426980	82430019	ENSG00000184009[1,5,1]	0	-	82427810	82429472	0	6	971,182,439,240,129,296,	0,1064,1325,2040,2369,2743,	chr17	82427811	82428657	retro_human_2377	0	-	intergenic	846
chr17	82426980	82430019	ENSG00000184009[1,26,1]	0	-	82427810	82428741	0	3	971,182,1714,	0,1064,1325,	chr17	82427811	82428657	retro_human_2377	0	-	intergenic	846
chr17	82426980	82429016	ENSG00000184009[8,26,1]	0	-	82427810	82428741	0	3	971,182,711,	0,1064,1325,	chr17	82427811	82428657	retro_human_2377	0	-	intergenic	846
chr17	82426980	82430628	ENSG00000184009[9,1,1]	0	-	82427810	82429472	0	6	971,182,439,240,129,777,	0,1064,1325,2040,2369,2871,	chr17	82427811	82428657	retro_human_2377	0	-	intergenic	846
chr17	82426980	82430019	ENSG00000184009[1,1,1]	0	-	82427810	82429472	0	6	971,182,439,240,129,168,	0,1064,1325,2040,2369,2871,	chr17	82427811	82428657	retro_human_2377	0	-	intergenic	846
chr17	82426980	82430019	ENSG00000184009[1,23,1]	0	-	82427810	82428741	0	7	971,182,439,41,240,129,168,	0,1064,1325,1900,2040,2369,2871,	chr17	82427811	82428657	retro_human_2377	0	-	intergenic	846
chr17	82427556	82430019	ENSG00000184009[1,6,4]	0	-	82427810	82429472	0	6	395,182,439,240,129,287,	0,488,749,1464,1793,2176,	chr17	82427811	82428657	retro_human_2377	0	-	intergenic	846
chr17	82427757	82430019	ENSG00000184009[1,23,3]	0	-	82427810	82428741	0	7	194,182,439,41,240,129,168,	0,287,548,1123,1263,1592,2094,	chr17	82427811	82428657	retro_human_2377	0	-	intergenic	846
chr17	82428152	82430019	ENSG00000184009[1,30,5]	0	-	82428804	82429472	0	5	74,616,240,129,168,	0,153,868,1197,1699,	chr17	82427811	82428657	retro_human_2377	0	-	intergenic	505
chr18	2721278	2727306	ENSG00000101574[1,8,7]	0	-	2722519	2722960	255	2	2120,411,	0,5617,	chr18	2724135	2724869	retro_human_721|AP005136.2-201|processed_pseudogene	0	+	intergenic	734
chr18	2721278	2727030	ENSG00000101574[5,8,7]	0	-	2722519	2722960	255	2	2120,135,	0,5617,	chr18	2724135	2724869	retro_human_721|AP005136.2-201|processed_pseudogene	0	+	intergenic	734
chr18	2722974	2727306	ENSG00000101574[1,8,8]	0	-	2727136	2727250	255	2	424,411,	0,3921,	chr18	2724135	2724869	retro_human_721|AP005136.2-201|processed_pseudogene	0	+	intergenic	734
chr18	2722974	2727030	ENSG00000101574[5,8,8]	0	-	2723032	2723134	255	2	424,135,	0,3921,	chr18	2724135	2724869	retro_human_721|AP005136.2-201|processed_pseudogene	0	+	intergenic	734
chr18	2807701	2811027	ENSG00000266405[2,2,1]	0	-	2807701	2807701	0	2	1183,346,	0,2980,	chr18	2807751	2810977	retro_human_6801|CBX3P2-201|transcribed_processed_pseudogene	0	-	intergenic	3226
chr18	2808256	2808891	ENSG00000266405[1,1,2]	0	-	2808256	2808256	0	1	635,	0,	chr18	2807751	2810977	retro_human_6801|CBX3P2-201|transcribed_processed_pseudogene	0	-	intergenic	635
chr18	10888702	10890710	ENSG00000264714[2,1,2]	0	+	10888702	10888702	0	1	2008,	0,	chr18	10886739	10889057	retro_human_10807|KIAA0895LP1-202|transcribed_processed_pseudogene	0	+	intergenic	355
chr18	12237926	12239467	ENSG00000256616[1,1,2]	0	-	12237926	12237926	0	1	1541,	0,	chr18	12236003	12239359	retro_human_7203|AP002414.2-201|transcribed_processed_pseudogene	0	-	intergenic	1433
chr18	12374299	12374830	ENSG00000267076[1,1,1]	0	+	12374299	12374299	0	1	531,	0,	chr18	12371365	12375437	retro_human_962|AP005264.5-202|transcribed_processed_pseudogene	0	+	intergenic	531
chr18	12381573	12386272	ENSG00000267733[5,5,5]	0	+	12381573	12381573	0	2	229,502,	0,4197,	chr18	12376378	12385969	AP005264.5-204|transcribed_processed_pseudogene	0	+	intergenic	4396
chr18	12381573	12386272	ENSG00000267733[5,5,5]	0	+	12381573	12381573	0	2	229,502,	0,4197,	chr18	12381623	12386222	AP005264.5-205|transcribed_processed_pseudogene	0	+	intergenic	4599
chr18	12381573	12386272	ENSG00000267733[5,5,5]	0	+	12381573	12381573	0	2	229,502,	0,4197,	chr18	12372303	12386510	AP005264.5-203|transcribed_processed_pseudogene	0	+	intergenic	4699
chr18	14640798	14662230	ENSG00000265766[2,2,1]	0	-	14640798	14640798	0	4	1489,56,134,376,	0,12620,20681,21056,	chr18	14640848	14662180	CXADRP3-201|transcribed_processed_pseudogene	0	-	intergenic	21332
chr18	43459614	43469356	ENSG00000132872[1,1,1]	0	-	43462115	43469052	0	4	2806,121,815,338,	0,3869,5737,9404,	chr18	43462125	43465750	retro_human_3877	0	-	intergenic	3625
chr18	43460000	43469356	ENSG00000132872[1,1,8]	0	-	43462115	43469052	0	4	2420,121,815,338,	0,3483,5351,9018,	chr18	43462125	43465750	retro_human_3877	0	-	intergenic	3625
chr18	43462221	43463973	ENSG00000132872[2,3,5]	0	-	43463716	43463857	0	2	199,490,	0,1262,	chr18	43462125	43465750	retro_human_3877	0	-	intergenic	1752
chr18	48217653	48328455	ENSG00000184828[2,2,1]	0	-	48220294	48232139	0	3	3290,1224,405,	0,13278,110397,	chr18	48220742	48232139	retro_human_3481	0	-	intergenic	11397
chr18	60023687	60027218	ENSG00000267669[1,1,1]	0	+	60023687	60023687	0	2	78,550,	0,2981,	chr18	60023737	60027168	retro_human_7576|AC098847.1-201|transcribed_processed_pseudogene	0	+	intergenic	3431
chr19	2906763	2918509	ENSG00000175691[1,1,1]	0	-	2907087	2918328	0	4	1648,181,127,184,	0,3353,6001,11562,	chr19	2907034	2912891	retro_human_6818	0	-	intergenic	5857
chr19	4027423	4050075	ENSG00000178951[1,1,3]	0	-	4030864	4038344	0	3	3931,1277,268,	0,9659,22384,	chr19	4031156	4038308	retro_human_990	0	-	intergenic	7152
chr19	4027726	4050075	ENSG00000178951[1,1,4]	0	-	4030864	4038344	0	3	3628,1277,268,	0,9356,22081,	chr19	4031156	4038308	retro_human_990	0	-	intergenic	7152
chr19	4028285	4050075	ENSG00000178951[1,1,5]	0	-	4030864	4038344	0	3	3069,1277,268,	0,8797,21522,	chr19	4031156	4038308	retro_human_990	0	-	intergenic	7152
chr19	4029422	4050075	ENSG00000178951[1,1,6]	0	-	4030864	4038344	0	3	1932,1277,268,	0,7660,20385,	chr19	4031156	4038308	retro_human_990	0	-	intergenic	7152
chr19	4029644	4050075	ENSG00000178951[1,1,7]	0	-	4030864	4038344	0	3	1710,1277,268,	0,7438,20163,	chr19	4031156	4038308	retro_human_990	0	-	intergenic	7152
chr19	4030801	4048908	ENSG00000178951[2,2,2]	0	-	4030864	4038344	0	3	553,1277,353,	0,6281,17754,	chr19	4031156	4038308	retro_human_990	0	-	intergenic	7152
chr19	4157365	4165919	ENSG00000077463[1,17,1]	0	-	4157682	4165842	255	8	458,124,81,96,60,183,128,143,	0,969,1621,1783,3020,5045,6719,8411,	chr19	4162410	4164212	retro_human_6216	0	-	intergenic	1802
chr19	4157365	4165919	ENSG00000077463[1,16,1]	0	-	4158207	4165842	255	8	888,84,81,96,60,183,128,143,	0,969,1621,1783,3020,5045,6719,8411,	chr19	4162410	4164212	retro_human_6216	0	-	intergenic	1802
chr19	4157365	4165919	ENSG00000077463[1,12,1]	0	-	4158325	4165842	0	6	1093,81,96,60,128,143,	0,1621,1783,3020,6719,8411,	chr19	4162410	4164212	retro_human_6216	0	-	intergenic	1802
chr19	4157365	4165919	ENSG00000077463[1,3,1]	0	-	4158207	4165842	0	7	888,84,81,96,60,128,143,	0,969,1621,1783,3020,6719,8411,	chr19	4162410	4164212	retro_human_6216	0	-	intergenic	1802
chr19	4157365	4165919	ENSG00000077463[1,11,1]	0	-	4157926	4158508	0	5	888,910,60,128,143,	0,969,3020,6719,8411,	chr19	4162410	4164212	retro_human_6216	0	-	intergenic	1802
chr19	4157365	4165919	ENSG00000077463[1,9,1]	0	-	4157926	4162571	0	7	888,124,81,96,60,183,143,	0,969,1621,1783,3020,5045,8411,	chr19	4162410	4164212	retro_human_6216	0	-	intergenic	1802
chr19	4157365	4165919	ENSG00000077463[1,8,1]	0	-	4157926	4158508	0	6	888,733,96,60,183,143,	0,969,1783,3020,5045,8411,	chr19	4162410	4164212	retro_human_6216	0	-	intergenic	1802
chr19	4157365	4165919	ENSG00000077463[1,13,1]	0	-	4157926	4165842	0	7	888,124,81,96,60,128,143,	0,969,1621,1783,3020,6719,8411,	chr19	4162410	4164212	retro_human_6216	0	-	intergenic	1802
chr19	4157365	4165919	ENSG00000077463[1,14,1]	0	-	4159147	4165842	0	7	888,124,258,60,183,128,143,	0,969,1621,3020,5045,6719,8411,	chr19	4162410	4164212	retro_human_6216	0	-	intergenic	1802
chr19	4157365	4165919	ENSG00000077463[1,1,1]	0	-	4157926	4165842	0	8	888,124,81,96,60,183,128,143,	0,969,1621,1783,3020,5045,6719,8411,	chr19	4162410	4164212	retro_human_6216	0	-	intergenic	1802
chr19	4157365	4165919	ENSG00000077463[1,4,1]	0	-	4157926	4165842	0	7	888,124,96,60,183,128,143,	0,969,1783,3020,5045,6719,8411,	chr19	4162410	4164212	retro_human_6216	0	-	intergenic	1802
chr19	4159047	4162860	ENSG00000077463[3,5,5]	0	-	4159147	4162571	0	3	197,60,450,	0,1338,3363,	chr19	4162410	4164212	retro_human_6216	0	-	intergenic	450
chr19	4163864	4165919	ENSG00000077463[1,10,6]	0	-	4163881	4164004	0	2	348,143,	0,1912,	chr19	4162410	4164212	retro_human_6216	0	-	intergenic	348
chr19	5192051	5199109	ENSG00000105426[8,14,1]	0	-	5193370	5198801	255	7	1385,136,155,126,127,179,551,	0,2464,2779,5011,5221,6132,6507,	chr19	5197075	5198329	retro_human_992	0	-	intergenic	1254
chr19	5192051	5201300	ENSG00000105426[9,16,1]	0	-	5193370	5201217	255	10	1385,136,155,126,127,179,286,155,120,146,	0,2464,2779,5011,5221,6132,6507,6879,8903,9103,	chr19	5197075	5198329	retro_human_992	0	-	intergenic	1254
chr19	5192051	5199109	ENSG00000105426[8,15,1]	0	-	5193370	5198801	255	8	1385,136,155,126,127,179,286,179,	0,2464,2779,5011,5221,6132,6507,6879,	chr19	5197075	5198329	retro_human_992	0	-	intergenic	1254
chr19	9450334	9508477	ENSG00000270011[2,18,2]	0	+	9504530	9508011	255	14	105,86,63,89,127,83,87,143,108,86,127,93,83,1573,	0,569,13677,14375,15074,16977,40740,47493,52195,54143,54846,55411,55959,56570,	chr19	9474333	9480798	retro_human_1276	0	-	intergenic	6465
chr19	9450334	9506419	ENSG00000270011[2,13,9]	0	+	9504530	9506409	0	7	105,86,108,86,127,93,126,	0,569,52195,54143,54846,55411,55959,	chr19	9474333	9480798	retro_human_1276	0	-	intergenic	6465
chr19	9450334	9508477	ENSG00000270011[2,15,2]	0	+	9504530	9508011	0	9	281,86,87,108,86,127,93,83,1093,	0,569,40740,52195,54143,54846,55411,55959,57050,	chr19	9474333	9480798	retro_human_1276	0	-	intergenic	6465
chr19	9816062	9827007	ENSG00000224689[2,2,1]	0	-	9816062	9816062	0	3	1396,155,439,	0,6212,10506,	chr19	9816348	9820006	retro_human_6260	0	-	intergenic	3658
chr19	10612518	10629841	ENSG00000079999[1,18,1]	0	-	10613255	10626468	255	4	744,686,686,166,	0,5496,13311,17157,	chr19	10618014	10626318	retro_human_6258	0	-	intergenic	8304
chr19	10612518	10630043	ENSG00000079999[9,18,1]	0	-	10613255	10626468	255	4	744,686,686,368,	0,5496,13311,17157,	chr19	10618014	10626318	retro_human_6258	0	-	intergenic	8304
chr19	10612518	10629381	ENSG00000079999[2,14,1]	0	-	10613255	10626468	255	4	744,686,686,250,	0,5496,13311,16613,	chr19	10618014	10626318	retro_human_6258	0	-	intergenic	8304
chr19	10612518	10629841	ENSG00000079999[1,17,1]	0	-	10613098	10626468	255	6	744,177,206,686,686,314,	0,3114,3570,5496,13311,17009,	chr19	10618014	10626318	retro_human_6258	0	-	intergenic	8304
chr19	10612518	10629671	ENSG00000079999[8,17,1]	0	-	10613098	10626468	255	6	744,177,206,686,686,144,	0,3114,3570,5496,13311,17009,	chr19	10618014	10626318	retro_human_6258	0	-	intergenic	8304
chr19	10612518	10629172	ENSG00000079999[7,12,1]	0	-	10613098	10626468	255	6	744,177,206,686,686,350,	0,3114,3570,5496,13311,16304,	chr19	10618014	10626318	retro_human_6258	0	-	intergenic	8304
chr19	10612518	10629381	ENSG00000079999[2,16,1]	0	-	10613098	10626468	255	5	744,206,686,686,250,	0,3570,5496,13311,16613,	chr19	10618014	10626318	retro_human_6258	0	-	intergenic	8304
chr19	10612518	10629841	ENSG00000079999[1,19,1]	0	-	10613098	10626468	255	5	744,206,686,686,166,	0,3570,5496,13311,17157,	chr19	10618014	10626318	retro_human_6258	0	-	intergenic	8304
chr19	10612518	10630043	ENSG00000079999[9,19,1]	0	-	10613098	10626468	255	5	744,206,686,686,368,	0,3570,5496,13311,17157,	chr19	10618014	10626318	retro_human_6258	0	-	intergenic	8304
chr19	10612518	10629381	ENSG00000079999[2,15,1]	0	-	10615766	10626468	255	5	744,177,686,686,250,	0,3114,5496,13311,16613,	chr19	10618014	10626318	retro_human_6258	0	-	intergenic	8304
chr19	10612518	10626566	ENSG00000079999[11,11,1]	0	-	10613098	10626468	255	5	744,177,206,686,737,	0,3114,3570,5496,13311,	chr19	10618014	10626318	retro_human_6258	0	-	intergenic	8304
chr19	10612518	10629172	ENSG00000079999[7,13,1]	0	-	10613098	10626468	255	6	744,177,206,686,686,329,	0,3114,3570,5496,13311,16325,	chr19	10618014	10626318	retro_human_6258	0	-	intergenic	8304
chr19	10612518	10629381	ENSG00000079999[2,2,1]	0	-	10613098	10626468	0	6	744,177,206,686,686,250,	0,3114,3570,5496,13311,16613,	chr19	10618014	10626318	retro_human_6258	0	-	intergenic	8304
chr19	10612518	10629841	ENSG00000079999[1,1,1]	0	-	10613098	10626468	0	6	744,177,206,686,686,166,	0,3114,3570,5496,13311,17157,	chr19	10618014	10626318	retro_human_6258	0	-	intergenic	8304
chr19	10612518	10630227	ENSG00000079999[10,1,1]	0	-	10613098	10626468	0	6	744,177,206,686,686,552,	0,3114,3570,5496,13311,17157,	chr19	10618014	10626318	retro_human_6258	0	-	intergenic	8304
chr19	10618334	10629671	ENSG00000079999[8,9,3]	0	-	10626002	10626209	0	3	366,686,144,	0,7495,11193,	chr19	10618014	10626318	retro_human_6258	0	-	intergenic	7984
chr19	12270007	12271624	ENSG00000242615[2,1,1]	0	-	12270599	12271028	0	1	1617,	0,	chr19	12270057	12271574	retro_human_5347|AC022415.1-201|transcribed_processed_pseudogene	0	-	intergenic	1517
chr19	12270572	12271195	ENSG00000242615[1,1,2]	0	-	12270599	12271028	0	1	623,	0,	chr19	12270057	12271574	retro_human_5347|AC022415.1-201|transcribed_processed_pseudogene	0	-	intergenic	623
chr19	12323205	12338160	ENSG00000234773[1,1,2]	0	+	12323205	12323205	0	3	179,377,1646,	0,12370,13309,	chr19	12335576	12337478	retro_human_7058	0	+	intergenic	1902
chr19	12508042	12512084	ENSG00000248406[1,1,1]	0	-	12510970	12512043	0	3	1691,61,177,	0,2875,3865,	chr19	12508736	12512040	retro_human_7507	0	-	intergenic	3304
chr19	15074790	15104803	ENSG00000105143[1,1,1]	0	-	15075004	15097736	255	10	407,135,195,234,344,43,205,138,212,606,	0,2955,4162,6503,12035,14352,18334,21768,22741,29407,	chr19	15093100	15096682	retro_human_9116	0	-	intergenic	3582
chr19	15074790	15104803	ENSG00000105143[1,14,1]	0	-	15075004	15097736	255	10	407,135,195,234,344,43,205,138,212,402,	0,2955,4162,6503,12035,14352,18334,21768,22741,29611,	chr19	15093100	15096682	retro_human_9116	0	-	intergenic	3582
chr19	15074790	15097794	ENSG00000105143[2,2,1]	0	-	15075004	15097736	0	9	407,135,195,234,344,43,205,138,263,	0,2955,4162,6503,12035,14352,18334,21768,22741,	chr19	15093100	15096682	retro_human_9116	0	-	intergenic	3582
chr19	15086083	15104803	ENSG00000105143[1,13,2]	0	-	15086824	15097736	255	6	1086,43,205,138,212,606,	0,3059,7041,10475,11448,18114,	chr19	15093100	15096682	retro_human_9116	0	-	intergenic	3582
chr19	15086083	15104803	ENSG00000105143[1,4,2]	0	-	15086824	15097736	0	6	1086,43,205,138,212,402,	0,3059,7041,10475,11448,18318,	chr19	15093100	15096682	retro_human_9116	0	-	intergenic	3582
chr19	15086083	15105237	ENSG00000105143[4,4,2]	0	-	15086824	15097736	0	6	1086,43,205,138,212,836,	0,3059,7041,10475,11448,18318,	chr19	15093100	15096682	retro_human_9116	0	-	intergenic	3582
chr19	16033473	16034515	ENSG00000267218[1,1,1]	0	-	16033473	16033473	0	1	1042,	0,	chr19	16033526	16034465	AC005336.2-201|processed_pseudogene	0	-	intergenic	939
chr19	16847072	16847289	ENSG00000269419[1,1,1]	0	+	16847072	16847072	0	1	217,	0,	chr19	16847122	16847240	AC008737.2-201|processed_pseudogene	0	+	intergenic	118
chr19	17366715	17381440	ENSG00000160113[3,1,1]	0	-	17367237	17380093	0	4	794,567,95,1625,	0,3661,8828,13100,	chr19	17370378	17379922	retro_human_10352	0	-	intergenic	9544
chr19	17366715	17380842	ENSG00000160113[1,1,1]	0	-	17367237	17380093	0	4	794,567,95,1027,	0,3661,8828,13100,	chr19	17370378	17379922	retro_human_10352	0	-	intergenic	9544
chr19	18156429	18166227	ENSG00000273654[1,2,1]	0	+	18156429	18156429	0	2	315,1454,	0,8344,	chr19	18156479	18166177	retro_human_9370|AC020904.2-201|transcribed_processed_pseudogene	0	+	intergenic	9698
chr19	18164656	18166227	ENSG00000273654[2,1,1]	0	+	18164656	18164656	0	1	1571,	0,	chr19	18156479	18166177	retro_human_9370|AC020904.2-201|transcribed_processed_pseudogene	0	+	intergenic	1521
chr19	18330858	18338193	ENSG00000105649[1,6,1]	0	-	18331595	18336841	255	5	925,125,119,228,637,	0,1952,3554,5755,6698,	chr19	18334412	18336793	retro_human_10349	0	-	intergenic	2381
chr19	18330858	18338193	ENSG00000105649[1,5,1]	0	-	18331595	18336841	255	4	925,125,119,1580,	0,1952,3554,5755,	chr19	18334412	18336793	retro_human_10349	0	-	intergenic	2381
chr19	18330858	18338193	ENSG00000105649[1,2,1]	0	-	18331595	18334474	0	4	925,125,119,197,	0,1952,3554,7138,	chr19	18334412	18336793	retro_human_10349	0	-	intergenic	2381
chr19	18330858	18338193	ENSG00000105649[1,1,1]	0	-	18331595	18336841	0	5	925,125,119,228,197,	0,1952,3554,5755,7138,	chr19	18334412	18336793	retro_human_10349	0	-	intergenic	2381
chr19	21861335	21906245	ENSG00000197020[1,1,1]	0	-	21865300	21906045	0	5	5269,99,127,93,203,	0,21287,22211,42969,44707,	chr19	21865352	21882719	retro_human_9510	0	-	intergenic	17367
chr19	21861925	21906245	ENSG00000197020[1,9,7]	0	-	21865300	21906045	255	5	4679,96,127,93,203,	0,20697,21621,42379,44117,	chr19	21865352	21882719	retro_human_9510	0	-	intergenic	17367
chr19	21862602	21906245	ENSG00000197020[1,8,8]	0	-	21865300	21906045	255	4	4002,127,93,203,	0,20944,41702,43440,	chr19	21865352	21882719	retro_human_9510	0	-	intergenic	17367
chr19	21862602	21906245	ENSG00000197020[1,7,8]	0	-	21865300	21866281	255	3	4002,93,203,	0,41702,43440,	chr19	21865352	21882719	retro_human_9510	0	-	intergenic	17367
chr19	21862602	21906245	ENSG00000197020[1,9,8]	0	-	21865300	21906045	255	5	4002,96,127,93,203,	0,20020,20944,41702,43440,	chr19	21865352	21882719	retro_human_9510	0	-	intergenic	17367
chr19	21862602	21906245	ENSG00000197020[1,1,8]	0	-	21865300	21906045	0	5	4002,99,127,93,203,	0,20020,20944,41702,43440,	chr19	21865352	21882719	retro_human_9510	0	-	intergenic	17367
chr19	21863037	21906245	ENSG00000197020[1,8,9]	0	-	21865300	21906045	255	4	3567,127,93,203,	0,20509,41267,43005,	chr19	21865352	21882719	retro_human_9510	0	-	intergenic	17367
chr19	21863037	21906245	ENSG00000197020[1,7,9]	0	-	21865300	21866281	255	3	3567,93,203,	0,41267,43005,	chr19	21865352	21882719	retro_human_9510	0	-	intergenic	17367
chr19	21863037	21906245	ENSG00000197020[1,9,9]	0	-	21865300	21906045	255	5	3567,96,127,93,203,	0,19585,20509,41267,43005,	chr19	21865352	21882719	retro_human_9510	0	-	intergenic	17367
chr19	21863037	21906245	ENSG00000197020[1,1,9]	0	-	21865300	21906045	0	5	3567,99,127,93,203,	0,19585,20509,41267,43005,	chr19	21865352	21882719	retro_human_9510	0	-	intergenic	17367
chr19	21864055	21906245	ENSG00000197020[1,8,10]	0	-	21865300	21906045	255	4	2549,127,93,203,	0,19491,40249,41987,	chr19	21865352	21882719	retro_human_9510	0	-	intergenic	17367
chr19	21864055	21906245	ENSG00000197020[1,7,10]	0	-	21865300	21866281	255	3	2549,93,203,	0,40249,41987,	chr19	21865352	21882719	retro_human_9510	0	-	intergenic	17367
chr19	21864055	21906245	ENSG00000197020[1,9,10]	0	-	21865300	21906045	255	5	2549,96,127,93,203,	0,18567,19491,40249,41987,	chr19	21865352	21882719	retro_human_9510	0	-	intergenic	17367
chr19	21864055	21906245	ENSG00000197020[1,1,10]	0	-	21865300	21906045	0	5	2549,99,127,93,203,	0,18567,19491,40249,41987,	chr19	21865352	21882719	retro_human_9510	0	-	intergenic	17367
chr19	21864531	21906245	ENSG00000197020[1,8,11]	0	-	21865300	21906045	255	4	2073,127,93,203,	0,19015,39773,41511,	chr19	21865352	21882719	retro_human_9510	0	-	intergenic	17367
chr19	21864531	21906245	ENSG00000197020[1,7,11]	0	-	21865300	21866281	255	3	2073,93,203,	0,39773,41511,	chr19	21865352	21882719	retro_human_9510	0	-	intergenic	17367
chr19	21864531	21906245	ENSG00000197020[1,9,11]	0	-	21865300	21906045	255	5	2073,96,127,93,203,	0,18091,19015,39773,41511,	chr19	21865352	21882719	retro_human_9510	0	-	intergenic	17367
chr19	21864531	21906245	ENSG00000197020[1,1,11]	0	-	21865300	21906045	0	5	2073,99,127,93,203,	0,18091,19015,39773,41511,	chr19	21865352	21882719	retro_human_9510	0	-	intergenic	17367
chr19	21864757	21906245	ENSG00000197020[1,8,2]	0	-	21865300	21906045	255	4	1847,127,93,203,	0,18789,39547,41285,	chr19	21865352	21882719	retro_human_9510	0	-	intergenic	17367
chr19	21864757	21906245	ENSG00000197020[1,7,2]	0	-	21865300	21866281	255	3	1847,93,203,	0,39547,41285,	chr19	21865352	21882719	retro_human_9510	0	-	intergenic	17367
chr19	21864757	21906245	ENSG00000197020[1,9,2]	0	-	21865300	21906045	255	5	1847,96,127,93,203,	0,17865,18789,39547,41285,	chr19	21865352	21882719	retro_human_9510	0	-	intergenic	17367
chr19	21864757	21906245	ENSG00000197020[1,1,2]	0	-	21865300	21906045	0	5	1847,99,127,93,203,	0,17865,18789,39547,41285,	chr19	21865352	21882719	retro_human_9510	0	-	intergenic	17367
chr19	21865093	21906245	ENSG00000197020[1,8,6]	0	-	21865300	21906045	255	4	1511,127,93,203,	0,18453,39211,40949,	chr19	21865352	21882719	retro_human_9510	0	-	intergenic	17367
chr19	21865093	21906245	ENSG00000197020[1,7,6]	0	-	21865300	21866281	255	3	1511,93,203,	0,39211,40949,	chr19	21865352	21882719	retro_human_9510	0	-	intergenic	17367
chr19	21865093	21906245	ENSG00000197020[1,9,6]	0	-	21865300	21906045	255	5	1511,96,127,93,203,	0,17529,18453,39211,40949,	chr19	21865352	21882719	retro_human_9510	0	-	intergenic	17367
chr19	21865093	21906245	ENSG00000197020[1,1,6]	0	-	21865300	21906045	0	5	1511,99,127,93,203,	0,17529,18453,39211,40949,	chr19	21865352	21882719	retro_human_9510	0	-	intergenic	17367
chr19	21943365	21990643	ENSG00000198521[3,13,1]	0	-	21946077	21957672	255	6	4910,99,127,182,115,271,	0,12988,14195,38247,40493,47007,	chr19	21947365	21957687	retro_human_7585	0	-	intergenic	10322
chr19	21943365	21974704	ENSG00000198521[1,8,1]	0	-	21946077	21956387	0	3	4910,99,202,	0,12988,31137,	chr19	21947365	21957687	retro_human_7585	0	-	intergenic	10322
chr19	21943365	21990643	ENSG00000198521[3,6,1]	0	-	21946077	21957672	0	7	4910,99,127,182,115,225,271,	0,12988,14195,38247,40493,46040,47007,	chr19	21947365	21957687	retro_human_7585	0	-	intergenic	10322
chr19	21943365	21990643	ENSG00000198521[3,5,1]	0	-	21946077	21957672	0	7	4910,99,127,182,115,90,271,	0,12988,14195,38247,40493,46040,47007,	chr19	21947365	21957687	retro_human_7585	0	-	intergenic	10322
chr19	21943365	21990643	ENSG00000198521[3,3,1]	0	-	21946077	21990402	0	4	4910,99,127,271,	0,12988,14195,47007,	chr19	21947365	21957687	retro_human_7585	0	-	intergenic	10322
chr19	21943365	21974704	ENSG00000198521[1,1,1]	0	-	21946077	21974505	0	4	4910,99,127,202,	0,12988,14195,31137,	chr19	21947365	21957687	retro_human_7585	0	-	intergenic	10322
chr19	21944613	21990643	ENSG00000198521[3,13,9]	0	-	21946077	21957672	255	6	3662,99,127,182,115,271,	0,11740,12947,36999,39245,45759,	chr19	21947365	21957687	retro_human_7585	0	-	intergenic	10322
chr19	21944613	21974704	ENSG00000198521[1,8,9]	0	-	21946077	21956387	0	3	3662,99,202,	0,11740,29889,	chr19	21947365	21957687	retro_human_7585	0	-	intergenic	10322
chr19	21944613	21990643	ENSG00000198521[3,5,9]	0	-	21946077	21957672	0	7	3662,99,127,182,115,90,271,	0,11740,12947,36999,39245,44792,45759,	chr19	21947365	21957687	retro_human_7585	0	-	intergenic	10322
chr19	21944613	21990643	ENSG00000198521[3,3,9]	0	-	21946077	21990402	0	4	3662,99,127,271,	0,11740,12947,45759,	chr19	21947365	21957687	retro_human_7585	0	-	intergenic	10322
chr19	21944613	21974704	ENSG00000198521[1,1,9]	0	-	21946077	21974505	0	4	3662,99,127,202,	0,11740,12947,29889,	chr19	21947365	21957687	retro_human_7585	0	-	intergenic	10322
chr19	21945030	21990643	ENSG00000198521[3,13,10]	0	-	21946077	21957672	255	6	3245,99,127,182,115,271,	0,11323,12530,36582,38828,45342,	chr19	21947365	21957687	retro_human_7585	0	-	intergenic	10322
chr19	21945030	21974704	ENSG00000198521[1,8,10]	0	-	21946077	21956387	0	3	3245,99,202,	0,11323,29472,	chr19	21947365	21957687	retro_human_7585	0	-	intergenic	10322
chr19	21945030	21990643	ENSG00000198521[3,10,10]	0	-	21946077	21956387	0	3	3245,99,271,	0,11323,45342,	chr19	21947365	21957687	retro_human_7585	0	-	intergenic	10322
chr19	21945030	21990643	ENSG00000198521[3,5,10]	0	-	21946077	21957672	0	7	3245,99,127,182,115,90,271,	0,11323,12530,36582,38828,44375,45342,	chr19	21947365	21957687	retro_human_7585	0	-	intergenic	10322
chr19	21945030	21990643	ENSG00000198521[3,3,10]	0	-	21946077	21990402	0	4	3245,99,127,271,	0,11323,12530,45342,	chr19	21947365	21957687	retro_human_7585	0	-	intergenic	10322
chr19	21945030	21974704	ENSG00000198521[1,1,10]	0	-	21946077	21974505	0	4	3245,99,127,202,	0,11323,12530,29472,	chr19	21947365	21957687	retro_human_7585	0	-	intergenic	10322
chr19	21945514	21990643	ENSG00000198521[3,13,11]	0	-	21946077	21957672	255	6	2761,99,127,182,115,271,	0,10839,12046,36098,38344,44858,	chr19	21947365	21957687	retro_human_7585	0	-	intergenic	10322
chr19	21945514	21974704	ENSG00000198521[1,8,11]	0	-	21946077	21956387	0	3	2761,99,202,	0,10839,28988,	chr19	21947365	21957687	retro_human_7585	0	-	intergenic	10322
chr19	21945514	21990643	ENSG00000198521[3,6,11]	0	-	21946077	21957672	0	7	2761,99,127,182,115,225,271,	0,10839,12046,36098,38344,43891,44858,	chr19	21947365	21957687	retro_human_7585	0	-	intergenic	10322
chr19	21945514	21990643	ENSG00000198521[3,5,11]	0	-	21946077	21957672	0	7	2761,99,127,182,115,90,271,	0,10839,12046,36098,38344,43891,44858,	chr19	21947365	21957687	retro_human_7585	0	-	intergenic	10322
chr19	21945514	21990643	ENSG00000198521[3,3,11]	0	-	21946077	21990402	0	4	2761,99,127,271,	0,10839,12046,44858,	chr19	21947365	21957687	retro_human_7585	0	-	intergenic	10322
chr19	21945514	21974704	ENSG00000198521[1,1,11]	0	-	21946077	21974505	0	4	2761,99,127,202,	0,10839,12046,28988,	chr19	21947365	21957687	retro_human_7585	0	-	intergenic	10322
chr19	21945698	21990643	ENSG00000198521[3,13,2]	0	-	21946077	21957672	255	6	2577,99,127,182,115,271,	0,10655,11862,35914,38160,44674,	chr19	21947365	21957687	retro_human_7585	0	-	intergenic	10322
chr19	21945698	21974704	ENSG00000198521[1,8,2]	0	-	21946077	21956387	0	3	2577,99,202,	0,10655,28804,	chr19	21947365	21957687	retro_human_7585	0	-	intergenic	10322
chr19	21945698	21990643	ENSG00000198521[3,4,2]	0	-	21946077	21957672	0	6	2577,99,127,182,77,271,	0,10655,11862,35914,38198,44674,	chr19	21947365	21957687	retro_human_7585	0	-	intergenic	10322
chr19	21945698	21990643	ENSG00000198521[3,10,2]	0	-	21946077	21956387	0	3	2577,99,271,	0,10655,44674,	chr19	21947365	21957687	retro_human_7585	0	-	intergenic	10322
chr19	21945698	21990643	ENSG00000198521[3,6,2]	0	-	21946077	21957672	0	7	2577,99,127,182,115,225,271,	0,10655,11862,35914,38160,43707,44674,	chr19	21947365	21957687	retro_human_7585	0	-	intergenic	10322
chr19	21945698	21990643	ENSG00000198521[3,5,2]	0	-	21946077	21957672	0	7	2577,99,127,182,115,90,271,	0,10655,11862,35914,38160,43707,44674,	chr19	21947365	21957687	retro_human_7585	0	-	intergenic	10322
chr19	21945698	21990643	ENSG00000198521[3,3,2]	0	-	21946077	21990402	0	4	2577,99,127,271,	0,10655,11862,44674,	chr19	21947365	21957687	retro_human_7585	0	-	intergenic	10322
chr19	21945698	21974704	ENSG00000198521[1,1,2]	0	-	21946077	21974505	0	4	2577,99,127,202,	0,10655,11862,28804,	chr19	21947365	21957687	retro_human_7585	0	-	intergenic	10322
chr19	21946037	21990643	ENSG00000198521[3,3,12]	0	-	21946077	21990402	0	4	2238,99,127,271,	0,10316,11523,44335,	chr19	21947365	21957687	retro_human_7585	0	-	intergenic	10322
chr19	21946037	21974704	ENSG00000198521[1,1,12]	0	-	21946077	21974505	0	4	2238,99,127,202,	0,10316,11523,28465,	chr19	21947365	21957687	retro_human_7585	0	-	intergenic	10322
chr19	21946620	21990643	ENSG00000198521[3,13,13]	0	-	21957604	21983926	255	6	1655,99,127,182,115,271,	0,9733,10940,34992,37238,43752,	chr19	21947365	21957687	retro_human_7585	0	-	intergenic	10322
chr19	21946620	21974704	ENSG00000198521[1,8,13]	0	-	21946620	21946620	0	3	1655,99,202,	0,9733,27882,	chr19	21947365	21957687	retro_human_7585	0	-	intergenic	10322
chr19	21946620	21990643	ENSG00000198521[3,5,13]	0	-	21957604	21983926	0	7	1655,99,127,182,115,90,271,	0,9733,10940,34992,37238,42785,43752,	chr19	21947365	21957687	retro_human_7585	0	-	intergenic	10322
chr19	21946620	21990643	ENSG00000198521[3,3,13]	0	-	21946620	21946620	0	4	1655,99,127,271,	0,9733,10940,43752,	chr19	21947365	21957687	retro_human_7585	0	-	intergenic	10322
chr19	21946620	21974704	ENSG00000198521[1,1,13]	0	-	21946620	21946620	0	4	1655,99,127,202,	0,9733,10940,27882,	chr19	21947365	21957687	retro_human_7585	0	-	intergenic	10322
chr19	21947296	21990643	ENSG00000198521[3,13,14]	0	-	21957604	21983926	255	6	979,99,127,182,115,271,	0,9057,10264,34316,36562,43076,	chr19	21947365	21957687	retro_human_7585	0	-	intergenic	10322
chr19	21947296	21974704	ENSG00000198521[1,8,14]	0	-	21947296	21947296	0	3	979,99,202,	0,9057,27206,	chr19	21947365	21957687	retro_human_7585	0	-	intergenic	10322
chr19	21947296	21990643	ENSG00000198521[3,5,14]	0	-	21957604	21983926	0	7	979,99,127,182,115,90,271,	0,9057,10264,34316,36562,42109,43076,	chr19	21947365	21957687	retro_human_7585	0	-	intergenic	10322
chr19	21947296	21990643	ENSG00000198521[3,3,14]	0	-	21947296	21947296	0	4	979,99,127,271,	0,9057,10264,43076,	chr19	21947365	21957687	retro_human_7585	0	-	intergenic	10322
chr19	21947296	21974704	ENSG00000198521[1,1,14]	0	-	21947296	21947296	0	4	979,99,127,202,	0,9057,10264,27206,	chr19	21947365	21957687	retro_human_7585	0	-	intergenic	10322
chr19	21947896	21974704	ENSG00000198521[1,8,4]	0	-	21947896	21947896	0	3	379,99,202,	0,8457,26606,	chr19	21947365	21957687	retro_human_7585	0	-	intergenic	9791
chr19	21948098	21990643	ENSG00000198521[3,10,5]	0	-	21948098	21948098	0	3	177,99,271,	0,8255,42274,	chr19	21947365	21957687	retro_human_7585	0	-	intergenic	9589
chr19	23115870	23143679	ENSG00000269067[1,1,3]	0	-	23115923	23143483	0	4	1693,96,127,199,	0,11890,12907,27610,	chr19	23116614	23128901	retro_human_9260	0	-	intergenic	12287
chr19	23338748	23339395	ENSG00000269471[1,1,1]	0	+	23338748	23338748	0	1	647,	0,	chr19	23338798	23339345	AC092329.2-201|processed_pseudogene	0	+	intergenic	547
chr19	23356383	23385270	ENSG00000196081[1,3,1]	0	-	23357222	23367105	0	5	2470,96,127,122,205,	0,9709,10610,21042,28682,	chr19	23357832	23366186	retro_human_9258	0	-	intergenic	8354
chr19	23356383	23385270	ENSG00000196081[1,1,1]	0	-	23357222	23385068	0	4	2470,96,127,205,	0,9709,10610,28682,	chr19	23357832	23366186	retro_human_9258	0	-	intergenic	8354
chr19	23357175	23385270	ENSG00000196081[1,3,4]	0	-	23357222	23367105	0	5	1678,96,127,122,205,	0,8917,9818,20250,27890,	chr19	23357832	23366186	retro_human_9258	0	-	intergenic	8354
chr19	23357175	23385270	ENSG00000196081[1,1,4]	0	-	23357222	23385068	0	4	1678,96,127,205,	0,8917,9818,27890,	chr19	23357832	23366186	retro_human_9258	0	-	intergenic	8354
chr19	23358714	23385270	ENSG00000196081[1,3,3]	0	-	23358714	23358714	0	5	139,96,127,122,205,	0,7378,8279,18711,26351,	chr19	23357832	23366186	retro_human_9258	0	-	intergenic	7472
chr19	23439742	23533357	ENSG00000167232[1,12,4]	0	-	23443865	23533190	0	4	4158,96,127,197,	0,71835,72731,93418,	chr19	23496399	23512597	retro_human_9259	0	-	intergenic	16198
chr19	23441561	23533357	ENSG00000167232[1,12,5]	0	-	23443865	23533190	0	4	2339,96,127,197,	0,70016,70912,91599,	chr19	23496399	23512597	retro_human_9259	0	-	intergenic	16198
chr19	23443655	23533357	ENSG00000167232[1,12,7]	0	-	23443865	23533190	0	4	245,96,127,197,	0,67922,68818,89505,	chr19	23496399	23512597	retro_human_9259	0	-	intergenic	16198
chr19	23474764	23533357	ENSG00000167232[1,3,10]	0	-	23476785	23533190	0	4	2134,96,127,197,	0,36813,37709,58396,	chr19	23496399	23512597	retro_human_9259	0	-	intergenic	16198
chr19	23475624	23533357	ENSG00000167232[1,3,8]	0	-	23476785	23533190	0	4	1274,96,127,197,	0,35953,36849,57536,	chr19	23496399	23512597	retro_human_9259	0	-	intergenic	16198
chr19	23495490	23533357	ENSG00000167232[1,11,1]	0	-	23497250	23500526	0	2	5080,197,	0,37670,	chr19	23496399	23512597	retro_human_9259	0	-	intergenic	16198
chr19	23495490	23533357	ENSG00000167232[1,2,1]	0	-	23497250	23533190	0	3	5080,127,197,	0,16983,37670,	chr19	23496399	23512597	retro_human_9259	0	-	intergenic	16198
chr19	23495490	23533357	ENSG00000167232[1,1,1]	0	-	23497250	23533190	0	4	5080,96,127,197,	0,16087,16983,37670,	chr19	23496399	23512597	retro_human_9259	0	-	intergenic	16198
chr19	23497197	23632000	ENSG00000167232[5,13,3]	0	-	23497250	23500526	255	2	3387,1164,	0,133639,	chr19	23496399	23512597	retro_human_9259	0	-	intergenic	15400
chr19	23497197	23533357	ENSG00000167232[1,11,3]	0	-	23497250	23500526	0	2	3373,197,	0,35963,	chr19	23496399	23512597	retro_human_9259	0	-	intergenic	15400
chr19	23497197	23533357	ENSG00000167232[1,2,3]	0	-	23497250	23533190	0	3	3373,127,197,	0,15276,35963,	chr19	23496399	23512597	retro_human_9259	0	-	intergenic	15400
chr19	23497197	23533357	ENSG00000167232[1,1,3]	0	-	23497250	23533190	0	4	3373,96,127,197,	0,14380,15276,35963,	chr19	23496399	23512597	retro_human_9259	0	-	intergenic	15400
chr19	23498667	23533357	ENSG00000167232[1,11,12]	0	-	23500498	23533190	0	2	1903,197,	0,34493,	chr19	23496399	23512597	retro_human_9259	0	-	intergenic	13930
chr19	23498667	23533357	ENSG00000167232[1,2,12]	0	-	23499394	23499625	0	3	1903,127,197,	0,13806,34493,	chr19	23496399	23512597	retro_human_9259	0	-	intergenic	13930
chr19	23498667	23533357	ENSG00000167232[1,1,12]	0	-	23499394	23499625	0	4	1903,96,127,197,	0,12910,13806,34493,	chr19	23496399	23512597	retro_human_9259	0	-	intergenic	13930
chr19	23498835	23533357	ENSG00000167232[1,11,13]	0	-	23500498	23533190	0	2	1735,197,	0,34325,	chr19	23496399	23512597	retro_human_9259	0	-	intergenic	13762
chr19	23498835	23533357	ENSG00000167232[1,2,13]	0	-	23499394	23499625	0	3	1735,127,197,	0,13638,34325,	chr19	23496399	23512597	retro_human_9259	0	-	intergenic	13762
chr19	23498835	23533357	ENSG00000167232[1,1,13]	0	-	23499394	23499625	0	4	1735,96,127,197,	0,12742,13638,34325,	chr19	23496399	23512597	retro_human_9259	0	-	intergenic	13762
chr19	23499919	23533357	ENSG00000167232[1,11,9]	0	-	23500498	23533190	0	2	651,197,	0,33241,	chr19	23496399	23512597	retro_human_9259	0	-	intergenic	12678
chr19	23500334	23533357	ENSG00000167232[1,11,14]	0	-	23500498	23533190	0	2	236,197,	0,32826,	chr19	23496399	23512597	retro_human_9259	0	-	intergenic	12263
chr19	23500334	23533357	ENSG00000167232[1,2,14]	0	-	23533194	23533323	0	3	236,127,197,	0,12139,32826,	chr19	23496399	23512597	retro_human_9259	0	-	intergenic	12263
chr19	23500334	23533357	ENSG00000167232[1,1,14]	0	-	23533194	23533323	0	4	236,96,127,197,	0,11243,12139,32826,	chr19	23496399	23512597	retro_human_9259	0	-	intergenic	12263
chr19	23879104	23899356	ENSG00000196172[1,4,1]	0	-	23883575	23885067	255	2	6178,195,	0,20057,	chr19	23884188	23895337	retro_human_9264	0	-	intergenic	11149
chr19	23879104	23899356	ENSG00000196172[1,3,1]	0	-	23883575	23895259	0	3	6178,96,195,	0,16136,20057,	chr19	23884188	23895337	retro_human_9264	0	-	intergenic	11149
chr19	23879104	23899356	ENSG00000196172[1,1,1]	0	-	23883575	23899164	0	4	6178,96,127,195,	0,16136,16738,20057,	chr19	23884188	23895337	retro_human_9264	0	-	intergenic	11149
chr19	23879828	23899356	ENSG00000196172[1,4,3]	0	-	23883575	23885067	255	2	5454,195,	0,19333,	chr19	23884188	23895337	retro_human_9264	0	-	intergenic	11149
chr19	23879828	23899356	ENSG00000196172[1,3,3]	0	-	23883575	23895259	0	3	5454,96,195,	0,15412,19333,	chr19	23884188	23895337	retro_human_9264	0	-	intergenic	11149
chr19	23879828	23899356	ENSG00000196172[1,1,3]	0	-	23883575	23899164	0	4	5454,96,127,195,	0,15412,16014,19333,	chr19	23884188	23895337	retro_human_9264	0	-	intergenic	11149
chr19	23880311	23899356	ENSG00000196172[1,1,4]	0	-	23883575	23899164	0	4	4971,96,127,195,	0,14929,15531,18850,	chr19	23884188	23895337	retro_human_9264	0	-	intergenic	11149
chr19	23883268	23899356	ENSG00000196172[1,4,5]	0	-	23883575	23885067	255	2	2014,195,	0,15893,	chr19	23884188	23895337	retro_human_9264	0	-	intergenic	11149
chr19	23883268	23899356	ENSG00000196172[1,2,5]	0	-	23883575	23895259	0	3	2014,75,195,	0,11972,15893,	chr19	23884188	23895337	retro_human_9264	0	-	intergenic	11149
chr19	23883268	23899356	ENSG00000196172[1,3,5]	0	-	23883575	23895259	0	3	2014,96,195,	0,11972,15893,	chr19	23884188	23895337	retro_human_9264	0	-	intergenic	11149
chr19	23883268	23899356	ENSG00000196172[1,1,5]	0	-	23883575	23899164	0	4	2014,96,127,195,	0,11972,12574,15893,	chr19	23884188	23895337	retro_human_9264	0	-	intergenic	11149
chr19	23884796	23899356	ENSG00000196172[1,2,2]	0	-	23899194	23899353	0	3	486,75,195,	0,10444,14365,	chr19	23884188	23895337	retro_human_9264	0	-	intergenic	10541
chr19	23884796	23899356	ENSG00000196172[1,3,2]	0	-	23899194	23899353	0	3	486,96,195,	0,10444,14365,	chr19	23884188	23895337	retro_human_9264	0	-	intergenic	10541
chr19	38696689	38698318	ENSG00000161281[1,6,1]	0	-	38697356	38697671	255	3	163,85,831,	0,590,798,	chr19	38697278	38697556	retro_human_9696	0	-	intergenic	278
chr19	38696689	38698318	ENSG00000161281[1,7,1]	0	-	38696802	38698226	255	4	163,82,87,107,	0,590,798,1522,	chr19	38697278	38697556	retro_human_9696	0	-	intergenic	278
chr19	38696689	38698318	ENSG00000161281[1,8,1]	0	-	38697356	38698226	255	4	163,101,87,107,	0,590,798,1522,	chr19	38697278	38697556	retro_human_9696	0	-	intergenic	278
chr19	38696689	38698318	ENSG00000161281[1,5,1]	0	-	38696802	38697671	255	2	163,1039,	0,590,	chr19	38697278	38697556	retro_human_9696	0	-	intergenic	278
chr19	38696689	38698318	ENSG00000161281[1,4,1]	0	-	38696802	38698226	0	4	163,85,60,107,	0,590,825,1522,	chr19	38697278	38697556	retro_human_9696	0	-	intergenic	278
chr19	38696689	38698318	ENSG00000161281[1,3,1]	0	-	38697411	38698226	0	3	163,295,107,	0,590,1522,	chr19	38697278	38697556	retro_human_9696	0	-	intergenic	278
chr19	38696689	38698318	ENSG00000161281[1,2,1]	0	-	38698083	38698200	0	4	163,85,87,596,	0,590,798,1033,	chr19	38697278	38697556	retro_human_9696	0	-	intergenic	278
chr19	38696689	38697894	ENSG00000161281[2,2,1]	0	-	38696689	38696689	0	4	163,85,87,172,	0,590,798,1033,	chr19	38697278	38697556	retro_human_9696	0	-	intergenic	278
chr19	38696689	38698535	ENSG00000161281[4,1,1]	0	-	38696802	38698226	0	4	163,85,87,324,	0,590,798,1522,	chr19	38697278	38697556	retro_human_9696	0	-	intergenic	278
chr19	38696689	38698318	ENSG00000161281[1,1,1]	0	-	38696802	38698226	0	4	163,85,87,107,	0,590,798,1522,	chr19	38697278	38697556	retro_human_9696	0	-	intergenic	278
chr19	38696689	38698738	ENSG00000161281[3,1,1]	0	-	38696802	38698226	0	4	163,85,87,527,	0,590,798,1522,	chr19	38697278	38697556	retro_human_9696	0	-	intergenic	278
chr19	40469442	40494118	ENSG00000196381[1,3,1]	0	-	40470909	40471890	0	4	3146,72,98,214,	0,18753,23831,24462,	chr19	40471492	40478137	retro_human_6115	0	-	intergenic	6645
chr19	40469442	40494118	ENSG00000196381[1,1,1]	0	-	40470909	40471890	0	4	2856,72,98,214,	0,18753,23831,24462,	chr19	40471492	40478137	retro_human_6115	0	-	intergenic	6645
chr19	40469667	40494118	ENSG00000196381[1,3,5]	0	-	40470909	40471890	0	4	2921,72,98,214,	0,18528,23606,24237,	chr19	40471492	40478137	retro_human_6115	0	-	intergenic	6645
chr19	40469667	40494118	ENSG00000196381[1,2,5]	0	-	40470909	40471890	0	5	2631,126,72,98,214,	0,8346,18528,23606,24237,	chr19	40471492	40478137	retro_human_6115	0	-	intergenic	6645
chr19	40469667	40494118	ENSG00000196381[1,1,5]	0	-	40470909	40471890	0	4	2631,72,98,214,	0,18528,23606,24237,	chr19	40471492	40478137	retro_human_6115	0	-	intergenic	6645
chr19	40470545	40494118	ENSG00000196381[1,3,2]	0	-	40470909	40471890	0	4	2043,72,98,214,	0,17650,22728,23359,	chr19	40471492	40478137	retro_human_6115	0	-	intergenic	6645
chr19	40470545	40494118	ENSG00000196381[1,2,2]	0	-	40470909	40471890	0	5	1753,126,72,98,214,	0,7468,17650,22728,23359,	chr19	40471492	40478137	retro_human_6115	0	-	intergenic	6645
chr19	40470545	40494118	ENSG00000196381[1,1,2]	0	-	40470909	40471890	0	4	1753,72,98,214,	0,17650,22728,23359,	chr19	40471492	40478137	retro_human_6115	0	-	intergenic	6645
chr19	40581156	40594449	ENSG00000267422[1,2,1]	0	+	40581156	40581156	0	2	388,251,	0,13042,	chr19	40581206	40594306	AC016582.2-201|transcribed_processed_pseudogene	0	+	intergenic	13100
chr19	41605666	41607747	ENSG00000171747[2,2,1]	0	-	41605812	41607594	0	4	290,166,89,180,	0,371,695,1901,	chr19	41605816	41606274	retro_human_8449	0	-	intergenic	458
chr19	43619819	43648501	ENSG00000269858[1,20,5]	0	+	43621251	43647309	255	3	122,1077,1264,	0,1198,27418,	chr19	43639089	43647145	CYP2F2P-202|transcribed_processed_pseudogene	0	-	intergenic	8056
chr19	43619819	43648501	ENSG00000269858[1,20,5]	0	+	43621251	43647309	255	3	122,1077,1264,	0,1198,27418,	chr19	43639396	43647446	CYP2F2P-201|transcribed_processed_pseudogene	0	-	intergenic	8050
chr19	43619819	43648212	ENSG00000269858[1,20,4]	0	+	43621251	43647309	255	3	122,1077,975,	0,1198,27418,	chr19	43639089	43647145	CYP2F2P-202|transcribed_processed_pseudogene	0	-	intergenic	8056
chr19	43619819	43648212	ENSG00000269858[1,20,4]	0	+	43621251	43647309	255	3	122,1077,975,	0,1198,27418,	chr19	43639396	43647446	CYP2F2P-201|transcribed_processed_pseudogene	0	-	intergenic	8050
chr19	43619819	43651945	ENSG00000269858[1,20,6]	0	+	43621251	43647309	255	3	122,1077,4708,	0,1198,27418,	chr19	43639089	43647145	CYP2F2P-202|transcribed_processed_pseudogene	0	-	intergenic	8056
chr19	43619819	43651945	ENSG00000269858[1,20,6]	0	+	43621251	43647309	255	3	122,1077,4708,	0,1198,27418,	chr19	43639396	43647446	CYP2F2P-201|transcribed_processed_pseudogene	0	-	intergenic	8050
chr19	43619819	43648501	ENSG00000269858[1,18,5]	0	+	43621251	43647280	255	5	122,1077,120,137,1264,	0,1198,7414,7997,27418,	chr19	43639089	43647145	CYP2F2P-202|transcribed_processed_pseudogene	0	-	intergenic	8056
chr19	43619819	43648501	ENSG00000269858[1,18,5]	0	+	43621251	43647280	255	5	122,1077,120,137,1264,	0,1198,7414,7997,27418,	chr19	43639396	43647446	CYP2F2P-201|transcribed_processed_pseudogene	0	-	intergenic	8050
chr19	43619819	43648212	ENSG00000269858[1,18,4]	0	+	43621251	43647280	255	5	122,1077,120,137,975,	0,1198,7414,7997,27418,	chr19	43639089	43647145	CYP2F2P-202|transcribed_processed_pseudogene	0	-	intergenic	8056
chr19	43619819	43648212	ENSG00000269858[1,18,4]	0	+	43621251	43647280	255	5	122,1077,120,137,975,	0,1198,7414,7997,27418,	chr19	43639396	43647446	CYP2F2P-201|transcribed_processed_pseudogene	0	-	intergenic	8050
chr19	43620978	43648501	ENSG00000269858[12,24,5]	0	+	43621251	43647309	255	2	1116,1264,	0,26259,	chr19	43639089	43647145	CYP2F2P-202|transcribed_processed_pseudogene	0	-	intergenic	8056
chr19	43620978	43648501	ENSG00000269858[12,24,5]	0	+	43621251	43647309	255	2	1116,1264,	0,26259,	chr19	43639396	43647446	CYP2F2P-201|transcribed_processed_pseudogene	0	-	intergenic	8050
chr19	43620978	43648212	ENSG00000269858[12,24,4]	0	+	43621251	43647309	255	2	1116,975,	0,26259,	chr19	43639089	43647145	CYP2F2P-202|transcribed_processed_pseudogene	0	-	intergenic	8056
chr19	43620978	43648212	ENSG00000269858[12,24,4]	0	+	43621251	43647309	255	2	1116,975,	0,26259,	chr19	43639396	43647446	CYP2F2P-201|transcribed_processed_pseudogene	0	-	intergenic	8050
chr19	43639039	43647195	ENSG00000237118[1,1,1]	0	-	43639039	43639039	0	3	536,142,426,	0,6754,7730,	chr19	43639089	43647145	CYP2F2P-202|transcribed_processed_pseudogene	0	-	intergenic	8056
chr19	43639039	43647195	ENSG00000237118[1,1,1]	0	-	43639039	43639039	0	3	536,142,426,	0,6754,7730,	chr19	43639396	43647446	CYP2F2P-201|transcribed_processed_pseudogene	0	-	intergenic	7799
chr19	44615758	44631082	ENSG00000170956[4,1,1]	0	+	44616049	44630712	0	7	355,360,118,53,32,66,433,	0,1202,12532,13684,14042,14551,14891,	chr19	44616897	44623240	retro_human_7158	0	+	intergenic	6343
chr19	45339896	45347934	ENSG00000079385[1,12,6]	0	-	45340666	45347777	0	4	1030,279,360,221,	0,1432,6549,7817,	chr19	45340667	45341563	retro_human_2993	0	-	intergenic	896
chr19	47109131	47113450	ENSG00000159917[2,5,1]	0	-	47110054	47112010	0	1	4319,	0,	chr19	47112914	47113745	retro_human_8081|AC138473.1-201|processed_pseudogene	0	+	intergenic	536
chr19	48605004	48605493	ENSG00000104936[8,14,8]	0	-	48605004	48605004	0	2	75,338,	0,151,	chr19	48604846	48605368	retro_human_6205	0	-	intergenic	364
chr19	48605004	48606489	ENSG00000104936[13,32,8]	0	-	48605119	48606121	0	3	358,94,508,	0,611,977,	chr19	48604846	48605368	retro_human_6205	0	-	intergenic	364
chr19	53908738	53910542	ENSG00000167748[2,2,1]	0	-	53908839	53910154	0	3	254,137,746,	0,803,1058,	chr19	53908846	53909874	retro_human_423	0	-	intergenic	1028
chr19	53908738	53913481	ENSG00000167748[1,1,1]	0	-	53908839	53913392	0	5	254,137,290,160,135,	0,803,1058,2616,4608,	chr19	53908846	53909874	retro_human_423	0	-	intergenic	1028
chr19	54502878	54503646	ENSG00000254760[1,1,1]	0	+	54502878	54502878	0	2	288,304,	0,464,	chr19	54503459	54504070	retro_human_802	0	-	intergenic	187
chr19	54530948	54531320	ENSG00000269181[1,1,1]	0	+	54530948	54530948	0	1	372,	0,	chr19	54530998	54531270	AC020914.5-201|processed_pseudogene	0	+	intergenic	272
chr19	54683159	54690489	ENSG00000269388[1,1,1]	0	+	54683159	54683159	0	2	136,628,	0,6702,	chr19	54683209	54690439	AC018755.3-201|transcribed_processed_pseudogene	0	+	intergenic	7230
chr19	54683159	54690489	ENSG00000269388[1,1,1]	0	+	54683159	54683159	0	2	136,628,	0,6702,	chr19	54687196	54690358	AC018755.3-202|transcribed_processed_pseudogene	0	+	intergenic	3162
chr19	54687889	54689171	ENSG00000267808[1,1,1]	0	+	54687889	54687889	0	1	1282,	0,	chr19	54683209	54690439	AC018755.3-201|transcribed_processed_pseudogene	0	+	intergenic	1282
chr19	54687889	54689171	ENSG00000267808[1,1,1]	0	+	54687889	54687889	0	1	1282,	0,	chr19	54687196	54690358	AC018755.3-202|transcribed_processed_pseudogene	0	+	intergenic	1282
chr19	54941128	54975225	ENSG00000161551[1,9,10]	0	-	54948122	54967577	0	7	2037,75,96,127,79,199,1210,	0,6969,23348,24455,26389,26745,32887,	chr19	54960048	54965698	retro_human_4839	0	-	intergenic	5650
chr19	54942949	54992264	ENSG00000161551[7,21,3]	0	-	54968061	54987302	255	11	216,75,96,127,79,199,1065,96,127,202,156,	0,5148,21527,22634,24568,24924,35078,40717,41097,44338,49159,	chr19	54960048	54965698	retro_human_4839	0	-	intergenic	5650
chr19	54942949	54975225	ENSG00000161551[1,9,3]	0	-	54948122	54967577	0	7	216,75,96,127,79,199,1210,	0,5148,21527,22634,24568,24924,31066,	chr19	54960048	54965698	retro_human_4839	0	-	intergenic	5650
chr19	54942949	54966087	ENSG00000161551[4,7,3]	0	-	54948122	54964660	0	3	216,75,1611,	0,5148,21527,	chr19	54960048	54965698	retro_human_4839	0	-	intergenic	5650
chr19	54958426	54975225	ENSG00000161551[1,2,7]	0	-	54959729	54967577	0	7	2475,96,127,79,199,92,135,	0,6050,7157,9091,9447,15589,16664,	chr19	54960048	54965698	retro_human_4839	0	-	intergenic	5650
chr19	54959143	54975225	ENSG00000161551[1,20,8]	0	-	54959729	54967577	255	7	1758,96,127,79,199,92,187,	0,5333,6440,8374,8730,14872,15895,	chr19	54960048	54965698	retro_human_4839	0	-	intergenic	5650
chr19	54959143	54975225	ENSG00000161551[1,19,8]	0	-	54959729	54967577	255	7	1758,96,127,79,199,92,199,	0,5333,6440,8374,8730,14872,15883,	chr19	54960048	54965698	retro_human_4839	0	-	intergenic	5650
chr19	54959143	54975225	ENSG00000161551[1,3,8]	0	-	54959729	54967577	0	6	1581,96,127,79,199,1210,	0,5333,6440,8374,8730,14872,	chr19	54960048	54965698	retro_human_4839	0	-	intergenic	5650
chr19	54959143	54975225	ENSG00000161551[1,1,8]	0	-	54959729	54967577	0	6	1758,96,127,79,199,1210,	0,5333,6440,8374,8730,14872,	chr19	54960048	54965698	retro_human_4839	0	-	intergenic	5650
chr19	54959143	54975225	ENSG00000161551[1,4,8]	0	-	54959729	54967577	0	7	1581,96,127,79,199,92,199,	0,5333,6440,8374,8730,14872,15883,	chr19	54960048	54965698	retro_human_4839	0	-	intergenic	5650
chr19	54959143	54975225	ENSG00000161551[1,2,8]	0	-	54959729	54967577	0	7	1758,96,127,79,199,92,135,	0,5333,6440,8374,8730,14872,15947,	chr19	54960048	54965698	retro_human_4839	0	-	intergenic	5650
chr19	54959601	54975225	ENSG00000161551[1,20,9]	0	-	54959729	54967577	255	7	1300,96,127,79,199,92,187,	0,4875,5982,7916,8272,14414,15437,	chr19	54960048	54965698	retro_human_4839	0	-	intergenic	5650
chr19	54959601	54975225	ENSG00000161551[1,19,9]	0	-	54959729	54967577	255	7	1300,96,127,79,199,92,199,	0,4875,5982,7916,8272,14414,15425,	chr19	54960048	54965698	retro_human_4839	0	-	intergenic	5650
chr19	54959601	54975225	ENSG00000161551[1,1,9]	0	-	54959729	54967577	0	6	1300,96,127,79,199,1210,	0,4875,5982,7916,8272,14414,	chr19	54960048	54965698	retro_human_4839	0	-	intergenic	5650
chr19	54959601	54975225	ENSG00000161551[1,2,9]	0	-	54959729	54967577	0	7	1300,96,127,79,199,92,135,	0,4875,5982,7916,8272,14414,15489,	chr19	54960048	54965698	retro_human_4839	0	-	intergenic	5650
chr19	55197480	55197989	ENSG00000270248[1,1,1]	0	-	55197480	55197480	0	1	509,	0,	chr19	55197530	55197939	retro_human_8547|AC011468.4-201|processed_pseudogene	0	-	intergenic	409
chr19	56009606	56025183	ENSG00000213801[2,2,1]	0	-	56011422	56011914	0	2	2325,111,	0,15466,	chr19	56009651	56025133	ZNF321P-201|transcribed_processed_pseudogene	0	-	intergenic	15482
chr19	56011597	56025183	ENSG00000213801[2,2,3]	0	-	56011736	56011844	0	2	334,111,	0,13475,	chr19	56009651	56025133	ZNF321P-201|transcribed_processed_pseudogene	0	-	intergenic	13536
chr19	56048911	56120515	ENSG00000242779[3,15,12]	0	-	56048911	56048911	255	4	4464,81,272,224,	0,14510,20186,71380,	chr19	56052915	56064074	ZNF702P-207|transcribed_processed_pseudogene	0	-	intergenic	11159
chr19	56048911	56120515	ENSG00000242779[3,15,12]	0	-	56048911	56048911	255	4	4464,81,272,224,	0,14510,20186,71380,	chr19	56049428	56063995	ZNF702P-214|transcribed_processed_pseudogene	0	-	intergenic	14567
chr19	56048911	56120515	ENSG00000242779[3,15,12]	0	-	56048911	56048911	255	4	4464,81,272,224,	0,14510,20186,71380,	chr19	56049618	56075030	ZNF702P-213|transcribed_processed_pseudogene	0	-	intergenic	25412
chr19	56048911	56120515	ENSG00000242779[3,15,12]	0	-	56048911	56048911	255	4	4464,81,272,224,	0,14510,20186,71380,	chr19	56050783	56076047	ZNF702P-201|transcribed_processed_pseudogene	0	-	intergenic	25264
chr19	56048911	56120515	ENSG00000242779[3,15,12]	0	-	56048911	56048911	255	4	4464,81,272,224,	0,14510,20186,71380,	chr19	56053294	56076049	ZNF702P-209|transcribed_processed_pseudogene	0	-	intergenic	22755
chr19	56048911	56120515	ENSG00000242779[3,15,12]	0	-	56048911	56048911	255	4	4464,81,272,224,	0,14510,20186,71380,	chr19	56056574	56076049	ZNF702P-205|transcribed_processed_pseudogene	0	-	intergenic	19475
chr19	56048911	56120515	ENSG00000242779[3,15,12]	0	-	56048911	56048911	255	4	4464,81,272,224,	0,14510,20186,71380,	chr19	56057905	56076048	ZNF702P-208|transcribed_processed_pseudogene	0	-	intergenic	18143
chr19	56048911	56120515	ENSG00000242779[3,15,12]	0	-	56048911	56048911	255	4	4464,81,272,224,	0,14510,20186,71380,	chr19	56061325	56076054	ZNF702P-212|transcribed_processed_pseudogene	0	-	intergenic	14729
chr19	56048911	56120515	ENSG00000242779[3,15,12]	0	-	56048911	56048911	255	4	4464,81,272,224,	0,14510,20186,71380,	chr19	56052977	56120465	ZNF702P-210|transcribed_processed_pseudogene	0	-	intergenic	67488
chr19	56048911	56120515	ENSG00000242779[3,15,12]	0	-	56048911	56048911	255	4	4464,81,272,224,	0,14510,20186,71380,	chr19	56061432	56120450	ZNF702P-203|transcribed_processed_pseudogene	0	-	intergenic	59018
chr19	56048911	56120515	ENSG00000242779[3,3,12]	0	-	56048911	56048911	0	4	4464,81,272,179,	0,14510,20186,71425,	chr19	56052915	56064074	ZNF702P-207|transcribed_processed_pseudogene	0	-	intergenic	11159
chr19	56048911	56120515	ENSG00000242779[3,3,12]	0	-	56048911	56048911	0	4	4464,81,272,179,	0,14510,20186,71425,	chr19	56049428	56063995	ZNF702P-214|transcribed_processed_pseudogene	0	-	intergenic	14567
chr19	56048911	56120515	ENSG00000242779[3,3,12]	0	-	56048911	56048911	0	4	4464,81,272,179,	0,14510,20186,71425,	chr19	56049618	56075030	ZNF702P-213|transcribed_processed_pseudogene	0	-	intergenic	25412
chr19	56048911	56120515	ENSG00000242779[3,3,12]	0	-	56048911	56048911	0	4	4464,81,272,179,	0,14510,20186,71425,	chr19	56050783	56076047	ZNF702P-201|transcribed_processed_pseudogene	0	-	intergenic	25264
chr19	56048911	56120515	ENSG00000242779[3,3,12]	0	-	56048911	56048911	0	4	4464,81,272,179,	0,14510,20186,71425,	chr19	56053294	56076049	ZNF702P-209|transcribed_processed_pseudogene	0	-	intergenic	22755
chr19	56048911	56120515	ENSG00000242779[3,3,12]	0	-	56048911	56048911	0	4	4464,81,272,179,	0,14510,20186,71425,	chr19	56056574	56076049	ZNF702P-205|transcribed_processed_pseudogene	0	-	intergenic	19475
chr19	56048911	56120515	ENSG00000242779[3,3,12]	0	-	56048911	56048911	0	4	4464,81,272,179,	0,14510,20186,71425,	chr19	56057905	56076048	ZNF702P-208|transcribed_processed_pseudogene	0	-	intergenic	18143
chr19	56048911	56120515	ENSG00000242779[3,3,12]	0	-	56048911	56048911	0	4	4464,81,272,179,	0,14510,20186,71425,	chr19	56061325	56076054	ZNF702P-212|transcribed_processed_pseudogene	0	-	intergenic	14729
chr19	56048911	56120515	ENSG00000242779[3,3,12]	0	-	56048911	56048911	0	4	4464,81,272,179,	0,14510,20186,71425,	chr19	56052977	56120465	ZNF702P-210|transcribed_processed_pseudogene	0	-	intergenic	67488
chr19	56048911	56120515	ENSG00000242779[3,3,12]	0	-	56048911	56048911	0	4	4464,81,272,179,	0,14510,20186,71425,	chr19	56061432	56120450	ZNF702P-203|transcribed_processed_pseudogene	0	-	intergenic	59018
chr19	56048911	56076104	ENSG00000242779[6,12,12]	0	-	56048911	56048911	0	5	4464,81,272,118,102,	0,14510,20186,23704,27091,	chr19	56052915	56064074	ZNF702P-207|transcribed_processed_pseudogene	0	-	intergenic	11159
chr19	56048911	56076104	ENSG00000242779[6,12,12]	0	-	56048911	56048911	0	5	4464,81,272,118,102,	0,14510,20186,23704,27091,	chr19	56068974	56076049	ZNF702P-211|transcribed_processed_pseudogene	0	-	intergenic	7075
chr19	56048911	56076104	ENSG00000242779[6,12,12]	0	-	56048911	56048911	0	5	4464,81,272,118,102,	0,14510,20186,23704,27091,	chr19	56069088	56076054	ZNF702P-204|transcribed_processed_pseudogene	0	-	intergenic	6966
chr19	56048911	56076104	ENSG00000242779[6,12,12]	0	-	56048911	56048911	0	5	4464,81,272,118,102,	0,14510,20186,23704,27091,	chr19	56049428	56063995	ZNF702P-214|transcribed_processed_pseudogene	0	-	intergenic	14567
chr19	56048911	56076104	ENSG00000242779[6,12,12]	0	-	56048911	56048911	0	5	4464,81,272,118,102,	0,14510,20186,23704,27091,	chr19	56049618	56075030	ZNF702P-213|transcribed_processed_pseudogene	0	-	intergenic	25412
chr19	56048911	56076104	ENSG00000242779[6,12,12]	0	-	56048911	56048911	0	5	4464,81,272,118,102,	0,14510,20186,23704,27091,	chr19	56050783	56076047	ZNF702P-201|transcribed_processed_pseudogene	0	-	intergenic	25264
chr19	56048911	56076104	ENSG00000242779[6,12,12]	0	-	56048911	56048911	0	5	4464,81,272,118,102,	0,14510,20186,23704,27091,	chr19	56053294	56076049	ZNF702P-209|transcribed_processed_pseudogene	0	-	intergenic	22755
chr19	56048911	56076104	ENSG00000242779[6,12,12]	0	-	56048911	56048911	0	5	4464,81,272,118,102,	0,14510,20186,23704,27091,	chr19	56056574	56076049	ZNF702P-205|transcribed_processed_pseudogene	0	-	intergenic	19475
chr19	56048911	56076104	ENSG00000242779[6,12,12]	0	-	56048911	56048911	0	5	4464,81,272,118,102,	0,14510,20186,23704,27091,	chr19	56057905	56076048	ZNF702P-208|transcribed_processed_pseudogene	0	-	intergenic	18143
chr19	56048911	56076104	ENSG00000242779[6,12,12]	0	-	56048911	56048911	0	5	4464,81,272,118,102,	0,14510,20186,23704,27091,	chr19	56061325	56076054	ZNF702P-212|transcribed_processed_pseudogene	0	-	intergenic	14729
chr19	56048911	56076104	ENSG00000242779[6,12,12]	0	-	56048911	56048911	0	5	4464,81,272,118,102,	0,14510,20186,23704,27091,	chr19	56065361	56069242	ZNF702P-206|transcribed_processed_pseudogene	0	-	intergenic	3881
chr19	56048911	56076104	ENSG00000242779[6,12,12]	0	-	56048911	56048911	0	5	4464,81,272,118,102,	0,14510,20186,23704,27091,	chr19	56052977	56120465	ZNF702P-210|transcribed_processed_pseudogene	0	-	intergenic	23127
chr19	56048911	56076104	ENSG00000242779[6,12,12]	0	-	56048911	56048911	0	5	4464,81,272,118,102,	0,14510,20186,23704,27091,	chr19	56061432	56120450	ZNF702P-203|transcribed_processed_pseudogene	0	-	intergenic	14672
chr19	56048911	56076104	ENSG00000242779[6,8,12]	0	-	56048911	56048911	0	4	4464,81,272,102,	0,14510,20186,27091,	chr19	56052915	56064074	ZNF702P-207|transcribed_processed_pseudogene	0	-	intergenic	11159
chr19	56048911	56076104	ENSG00000242779[6,8,12]	0	-	56048911	56048911	0	4	4464,81,272,102,	0,14510,20186,27091,	chr19	56068974	56076049	ZNF702P-211|transcribed_processed_pseudogene	0	-	intergenic	7075
chr19	56048911	56076104	ENSG00000242779[6,8,12]	0	-	56048911	56048911	0	4	4464,81,272,102,	0,14510,20186,27091,	chr19	56069088	56076054	ZNF702P-204|transcribed_processed_pseudogene	0	-	intergenic	6966
chr19	56048911	56076104	ENSG00000242779[6,8,12]	0	-	56048911	56048911	0	4	4464,81,272,102,	0,14510,20186,27091,	chr19	56049428	56063995	ZNF702P-214|transcribed_processed_pseudogene	0	-	intergenic	14567
chr19	56048911	56076104	ENSG00000242779[6,8,12]	0	-	56048911	56048911	0	4	4464,81,272,102,	0,14510,20186,27091,	chr19	56049618	56075030	ZNF702P-213|transcribed_processed_pseudogene	0	-	intergenic	25412
chr19	56048911	56076104	ENSG00000242779[6,8,12]	0	-	56048911	56048911	0	4	4464,81,272,102,	0,14510,20186,27091,	chr19	56050783	56076047	ZNF702P-201|transcribed_processed_pseudogene	0	-	intergenic	25264
chr19	56048911	56076104	ENSG00000242779[6,8,12]	0	-	56048911	56048911	0	4	4464,81,272,102,	0,14510,20186,27091,	chr19	56053294	56076049	ZNF702P-209|transcribed_processed_pseudogene	0	-	intergenic	22755
chr19	56048911	56076104	ENSG00000242779[6,8,12]	0	-	56048911	56048911	0	4	4464,81,272,102,	0,14510,20186,27091,	chr19	56056574	56076049	ZNF702P-205|transcribed_processed_pseudogene	0	-	intergenic	19475
chr19	56048911	56076104	ENSG00000242779[6,8,12]	0	-	56048911	56048911	0	4	4464,81,272,102,	0,14510,20186,27091,	chr19	56057905	56076048	ZNF702P-208|transcribed_processed_pseudogene	0	-	intergenic	18143
chr19	56048911	56076104	ENSG00000242779[6,8,12]	0	-	56048911	56048911	0	4	4464,81,272,102,	0,14510,20186,27091,	chr19	56061325	56076054	ZNF702P-212|transcribed_processed_pseudogene	0	-	intergenic	14729
chr19	56048911	56076104	ENSG00000242779[6,8,12]	0	-	56048911	56048911	0	4	4464,81,272,102,	0,14510,20186,27091,	chr19	56065361	56069242	ZNF702P-206|transcribed_processed_pseudogene	0	-	intergenic	3881
chr19	56048911	56076104	ENSG00000242779[6,8,12]	0	-	56048911	56048911	0	4	4464,81,272,102,	0,14510,20186,27091,	chr19	56052977	56120465	ZNF702P-210|transcribed_processed_pseudogene	0	-	intergenic	23127
chr19	56048911	56076104	ENSG00000242779[6,8,12]	0	-	56048911	56048911	0	4	4464,81,272,102,	0,14510,20186,27091,	chr19	56061432	56120450	ZNF702P-203|transcribed_processed_pseudogene	0	-	intergenic	14672
chr19	56049378	56120515	ENSG00000242779[3,15,1]	0	-	56049378	56049378	255	4	3997,81,272,224,	0,14043,19719,70913,	chr19	56052915	56064074	ZNF702P-207|transcribed_processed_pseudogene	0	-	intergenic	11159
chr19	56049378	56120515	ENSG00000242779[3,15,1]	0	-	56049378	56049378	255	4	3997,81,272,224,	0,14043,19719,70913,	chr19	56049428	56063995	ZNF702P-214|transcribed_processed_pseudogene	0	-	intergenic	14567
chr19	56049378	56120515	ENSG00000242779[3,15,1]	0	-	56049378	56049378	255	4	3997,81,272,224,	0,14043,19719,70913,	chr19	56049618	56075030	ZNF702P-213|transcribed_processed_pseudogene	0	-	intergenic	25412
chr19	56049378	56120515	ENSG00000242779[3,15,1]	0	-	56049378	56049378	255	4	3997,81,272,224,	0,14043,19719,70913,	chr19	56050783	56076047	ZNF702P-201|transcribed_processed_pseudogene	0	-	intergenic	25264
chr19	56049378	56120515	ENSG00000242779[3,15,1]	0	-	56049378	56049378	255	4	3997,81,272,224,	0,14043,19719,70913,	chr19	56053294	56076049	ZNF702P-209|transcribed_processed_pseudogene	0	-	intergenic	22755
chr19	56049378	56120515	ENSG00000242779[3,15,1]	0	-	56049378	56049378	255	4	3997,81,272,224,	0,14043,19719,70913,	chr19	56056574	56076049	ZNF702P-205|transcribed_processed_pseudogene	0	-	intergenic	19475
chr19	56049378	56120515	ENSG00000242779[3,15,1]	0	-	56049378	56049378	255	4	3997,81,272,224,	0,14043,19719,70913,	chr19	56057905	56076048	ZNF702P-208|transcribed_processed_pseudogene	0	-	intergenic	18143
chr19	56049378	56120515	ENSG00000242779[3,15,1]	0	-	56049378	56049378	255	4	3997,81,272,224,	0,14043,19719,70913,	chr19	56061325	56076054	ZNF702P-212|transcribed_processed_pseudogene	0	-	intergenic	14729
chr19	56049378	56120515	ENSG00000242779[3,15,1]	0	-	56049378	56049378	255	4	3997,81,272,224,	0,14043,19719,70913,	chr19	56052977	56120465	ZNF702P-210|transcribed_processed_pseudogene	0	-	intergenic	67488
chr19	56049378	56120515	ENSG00000242779[3,15,1]	0	-	56049378	56049378	255	4	3997,81,272,224,	0,14043,19719,70913,	chr19	56061432	56120450	ZNF702P-203|transcribed_processed_pseudogene	0	-	intergenic	59018
chr19	56049378	56120515	ENSG00000242779[3,3,1]	0	-	56049378	56049378	0	4	3997,81,272,179,	0,14043,19719,70958,	chr19	56052915	56064074	ZNF702P-207|transcribed_processed_pseudogene	0	-	intergenic	11159
chr19	56049378	56120515	ENSG00000242779[3,3,1]	0	-	56049378	56049378	0	4	3997,81,272,179,	0,14043,19719,70958,	chr19	56049428	56063995	ZNF702P-214|transcribed_processed_pseudogene	0	-	intergenic	14567
chr19	56049378	56120515	ENSG00000242779[3,3,1]	0	-	56049378	56049378	0	4	3997,81,272,179,	0,14043,19719,70958,	chr19	56049618	56075030	ZNF702P-213|transcribed_processed_pseudogene	0	-	intergenic	25412
chr19	56049378	56120515	ENSG00000242779[3,3,1]	0	-	56049378	56049378	0	4	3997,81,272,179,	0,14043,19719,70958,	chr19	56050783	56076047	ZNF702P-201|transcribed_processed_pseudogene	0	-	intergenic	25264
chr19	56049378	56120515	ENSG00000242779[3,3,1]	0	-	56049378	56049378	0	4	3997,81,272,179,	0,14043,19719,70958,	chr19	56053294	56076049	ZNF702P-209|transcribed_processed_pseudogene	0	-	intergenic	22755
chr19	56049378	56120515	ENSG00000242779[3,3,1]	0	-	56049378	56049378	0	4	3997,81,272,179,	0,14043,19719,70958,	chr19	56056574	56076049	ZNF702P-205|transcribed_processed_pseudogene	0	-	intergenic	19475
chr19	56049378	56120515	ENSG00000242779[3,3,1]	0	-	56049378	56049378	0	4	3997,81,272,179,	0,14043,19719,70958,	chr19	56057905	56076048	ZNF702P-208|transcribed_processed_pseudogene	0	-	intergenic	18143
chr19	56049378	56120515	ENSG00000242779[3,3,1]	0	-	56049378	56049378	0	4	3997,81,272,179,	0,14043,19719,70958,	chr19	56061325	56076054	ZNF702P-212|transcribed_processed_pseudogene	0	-	intergenic	14729
chr19	56049378	56120515	ENSG00000242779[3,3,1]	0	-	56049378	56049378	0	4	3997,81,272,179,	0,14043,19719,70958,	chr19	56052977	56120465	ZNF702P-210|transcribed_processed_pseudogene	0	-	intergenic	67488
chr19	56049378	56120515	ENSG00000242779[3,3,1]	0	-	56049378	56049378	0	4	3997,81,272,179,	0,14043,19719,70958,	chr19	56061432	56120450	ZNF702P-203|transcribed_processed_pseudogene	0	-	intergenic	59018
chr19	56049378	56076104	ENSG00000242779[6,12,1]	0	-	56049378	56049378	0	5	3997,81,272,118,102,	0,14043,19719,23237,26624,	chr19	56052915	56064074	ZNF702P-207|transcribed_processed_pseudogene	0	-	intergenic	11159
chr19	56049378	56076104	ENSG00000242779[6,12,1]	0	-	56049378	56049378	0	5	3997,81,272,118,102,	0,14043,19719,23237,26624,	chr19	56068974	56076049	ZNF702P-211|transcribed_processed_pseudogene	0	-	intergenic	7075
chr19	56049378	56076104	ENSG00000242779[6,12,1]	0	-	56049378	56049378	0	5	3997,81,272,118,102,	0,14043,19719,23237,26624,	chr19	56069088	56076054	ZNF702P-204|transcribed_processed_pseudogene	0	-	intergenic	6966
chr19	56049378	56076104	ENSG00000242779[6,12,1]	0	-	56049378	56049378	0	5	3997,81,272,118,102,	0,14043,19719,23237,26624,	chr19	56049428	56063995	ZNF702P-214|transcribed_processed_pseudogene	0	-	intergenic	14567
chr19	56049378	56076104	ENSG00000242779[6,12,1]	0	-	56049378	56049378	0	5	3997,81,272,118,102,	0,14043,19719,23237,26624,	chr19	56049618	56075030	ZNF702P-213|transcribed_processed_pseudogene	0	-	intergenic	25412
chr19	56049378	56076104	ENSG00000242779[6,12,1]	0	-	56049378	56049378	0	5	3997,81,272,118,102,	0,14043,19719,23237,26624,	chr19	56050783	56076047	ZNF702P-201|transcribed_processed_pseudogene	0	-	intergenic	25264
chr19	56049378	56076104	ENSG00000242779[6,12,1]	0	-	56049378	56049378	0	5	3997,81,272,118,102,	0,14043,19719,23237,26624,	chr19	56053294	56076049	ZNF702P-209|transcribed_processed_pseudogene	0	-	intergenic	22755
chr19	56049378	56076104	ENSG00000242779[6,12,1]	0	-	56049378	56049378	0	5	3997,81,272,118,102,	0,14043,19719,23237,26624,	chr19	56056574	56076049	ZNF702P-205|transcribed_processed_pseudogene	0	-	intergenic	19475
chr19	56049378	56076104	ENSG00000242779[6,12,1]	0	-	56049378	56049378	0	5	3997,81,272,118,102,	0,14043,19719,23237,26624,	chr19	56057905	56076048	ZNF702P-208|transcribed_processed_pseudogene	0	-	intergenic	18143
chr19	56049378	56076104	ENSG00000242779[6,12,1]	0	-	56049378	56049378	0	5	3997,81,272,118,102,	0,14043,19719,23237,26624,	chr19	56061325	56076054	ZNF702P-212|transcribed_processed_pseudogene	0	-	intergenic	14729
chr19	56049378	56076104	ENSG00000242779[6,12,1]	0	-	56049378	56049378	0	5	3997,81,272,118,102,	0,14043,19719,23237,26624,	chr19	56065361	56069242	ZNF702P-206|transcribed_processed_pseudogene	0	-	intergenic	3881
chr19	56049378	56076104	ENSG00000242779[6,12,1]	0	-	56049378	56049378	0	5	3997,81,272,118,102,	0,14043,19719,23237,26624,	chr19	56052977	56120465	ZNF702P-210|transcribed_processed_pseudogene	0	-	intergenic	23127
chr19	56049378	56076104	ENSG00000242779[6,12,1]	0	-	56049378	56049378	0	5	3997,81,272,118,102,	0,14043,19719,23237,26624,	chr19	56061432	56120450	ZNF702P-203|transcribed_processed_pseudogene	0	-	intergenic	14672
chr19	56049378	56076104	ENSG00000242779[6,8,1]	0	-	56049378	56049378	0	4	3997,81,272,102,	0,14043,19719,26624,	chr19	56052915	56064074	ZNF702P-207|transcribed_processed_pseudogene	0	-	intergenic	11159
chr19	56049378	56076104	ENSG00000242779[6,8,1]	0	-	56049378	56049378	0	4	3997,81,272,102,	0,14043,19719,26624,	chr19	56068974	56076049	ZNF702P-211|transcribed_processed_pseudogene	0	-	intergenic	7075
chr19	56049378	56076104	ENSG00000242779[6,8,1]	0	-	56049378	56049378	0	4	3997,81,272,102,	0,14043,19719,26624,	chr19	56069088	56076054	ZNF702P-204|transcribed_processed_pseudogene	0	-	intergenic	6966
chr19	56049378	56076104	ENSG00000242779[6,8,1]	0	-	56049378	56049378	0	4	3997,81,272,102,	0,14043,19719,26624,	chr19	56049428	56063995	ZNF702P-214|transcribed_processed_pseudogene	0	-	intergenic	14567
chr19	56049378	56076104	ENSG00000242779[6,8,1]	0	-	56049378	56049378	0	4	3997,81,272,102,	0,14043,19719,26624,	chr19	56049618	56075030	ZNF702P-213|transcribed_processed_pseudogene	0	-	intergenic	25412
chr19	56049378	56076104	ENSG00000242779[6,8,1]	0	-	56049378	56049378	0	4	3997,81,272,102,	0,14043,19719,26624,	chr19	56050783	56076047	ZNF702P-201|transcribed_processed_pseudogene	0	-	intergenic	25264
chr19	56049378	56076104	ENSG00000242779[6,8,1]	0	-	56049378	56049378	0	4	3997,81,272,102,	0,14043,19719,26624,	chr19	56053294	56076049	ZNF702P-209|transcribed_processed_pseudogene	0	-	intergenic	22755
chr19	56049378	56076104	ENSG00000242779[6,8,1]	0	-	56049378	56049378	0	4	3997,81,272,102,	0,14043,19719,26624,	chr19	56056574	56076049	ZNF702P-205|transcribed_processed_pseudogene	0	-	intergenic	19475
chr19	56049378	56076104	ENSG00000242779[6,8,1]	0	-	56049378	56049378	0	4	3997,81,272,102,	0,14043,19719,26624,	chr19	56057905	56076048	ZNF702P-208|transcribed_processed_pseudogene	0	-	intergenic	18143
chr19	56049378	56076104	ENSG00000242779[6,8,1]	0	-	56049378	56049378	0	4	3997,81,272,102,	0,14043,19719,26624,	chr19	56061325	56076054	ZNF702P-212|transcribed_processed_pseudogene	0	-	intergenic	14729
chr19	56049378	56076104	ENSG00000242779[6,8,1]	0	-	56049378	56049378	0	4	3997,81,272,102,	0,14043,19719,26624,	chr19	56065361	56069242	ZNF702P-206|transcribed_processed_pseudogene	0	-	intergenic	3881
chr19	56049378	56076104	ENSG00000242779[6,8,1]	0	-	56049378	56049378	0	4	3997,81,272,102,	0,14043,19719,26624,	chr19	56052977	56120465	ZNF702P-210|transcribed_processed_pseudogene	0	-	intergenic	23127
chr19	56049378	56076104	ENSG00000242779[6,8,1]	0	-	56049378	56049378	0	4	3997,81,272,102,	0,14043,19719,26624,	chr19	56061432	56120450	ZNF702P-203|transcribed_processed_pseudogene	0	-	intergenic	14672
chr19	56050122	56120515	ENSG00000242779[3,15,13]	0	-	56050122	56050122	255	4	3253,81,272,224,	0,13299,18975,70169,	chr19	56052915	56064074	ZNF702P-207|transcribed_processed_pseudogene	0	-	intergenic	11159
chr19	56050122	56120515	ENSG00000242779[3,15,13]	0	-	56050122	56050122	255	4	3253,81,272,224,	0,13299,18975,70169,	chr19	56068974	56076049	ZNF702P-211|transcribed_processed_pseudogene	0	-	intergenic	7075
chr19	56050122	56120515	ENSG00000242779[3,15,13]	0	-	56050122	56050122	255	4	3253,81,272,224,	0,13299,18975,70169,	chr19	56049428	56063995	ZNF702P-214|transcribed_processed_pseudogene	0	-	intergenic	13873
chr19	56050122	56120515	ENSG00000242779[3,15,13]	0	-	56050122	56050122	255	4	3253,81,272,224,	0,13299,18975,70169,	chr19	56049618	56075030	ZNF702P-213|transcribed_processed_pseudogene	0	-	intergenic	24908
chr19	56050122	56120515	ENSG00000242779[3,15,13]	0	-	56050122	56050122	255	4	3253,81,272,224,	0,13299,18975,70169,	chr19	56050783	56076047	ZNF702P-201|transcribed_processed_pseudogene	0	-	intergenic	25264
chr19	56050122	56120515	ENSG00000242779[3,15,13]	0	-	56050122	56050122	255	4	3253,81,272,224,	0,13299,18975,70169,	chr19	56053294	56076049	ZNF702P-209|transcribed_processed_pseudogene	0	-	intergenic	22755
chr19	56050122	56120515	ENSG00000242779[3,15,13]	0	-	56050122	56050122	255	4	3253,81,272,224,	0,13299,18975,70169,	chr19	56056574	56076049	ZNF702P-205|transcribed_processed_pseudogene	0	-	intergenic	19475
chr19	56050122	56120515	ENSG00000242779[3,15,13]	0	-	56050122	56050122	255	4	3253,81,272,224,	0,13299,18975,70169,	chr19	56057905	56076048	ZNF702P-208|transcribed_processed_pseudogene	0	-	intergenic	18143
chr19	56050122	56120515	ENSG00000242779[3,15,13]	0	-	56050122	56050122	255	4	3253,81,272,224,	0,13299,18975,70169,	chr19	56061325	56076054	ZNF702P-212|transcribed_processed_pseudogene	0	-	intergenic	14729
chr19	56050122	56120515	ENSG00000242779[3,15,13]	0	-	56050122	56050122	255	4	3253,81,272,224,	0,13299,18975,70169,	chr19	56052977	56120465	ZNF702P-210|transcribed_processed_pseudogene	0	-	intergenic	67488
chr19	56050122	56120515	ENSG00000242779[3,15,13]	0	-	56050122	56050122	255	4	3253,81,272,224,	0,13299,18975,70169,	chr19	56061432	56120450	ZNF702P-203|transcribed_processed_pseudogene	0	-	intergenic	59018
chr19	56050122	56120515	ENSG00000242779[3,3,13]	0	-	56050122	56050122	0	4	3253,81,272,179,	0,13299,18975,70214,	chr19	56052915	56064074	ZNF702P-207|transcribed_processed_pseudogene	0	-	intergenic	11159
chr19	56050122	56120515	ENSG00000242779[3,3,13]	0	-	56050122	56050122	0	4	3253,81,272,179,	0,13299,18975,70214,	chr19	56068974	56076049	ZNF702P-211|transcribed_processed_pseudogene	0	-	intergenic	7075
chr19	56050122	56120515	ENSG00000242779[3,3,13]	0	-	56050122	56050122	0	4	3253,81,272,179,	0,13299,18975,70214,	chr19	56049428	56063995	ZNF702P-214|transcribed_processed_pseudogene	0	-	intergenic	13873
chr19	56050122	56120515	ENSG00000242779[3,3,13]	0	-	56050122	56050122	0	4	3253,81,272,179,	0,13299,18975,70214,	chr19	56049618	56075030	ZNF702P-213|transcribed_processed_pseudogene	0	-	intergenic	24908
chr19	56050122	56120515	ENSG00000242779[3,3,13]	0	-	56050122	56050122	0	4	3253,81,272,179,	0,13299,18975,70214,	chr19	56050783	56076047	ZNF702P-201|transcribed_processed_pseudogene	0	-	intergenic	25264
chr19	56050122	56120515	ENSG00000242779[3,3,13]	0	-	56050122	56050122	0	4	3253,81,272,179,	0,13299,18975,70214,	chr19	56053294	56076049	ZNF702P-209|transcribed_processed_pseudogene	0	-	intergenic	22755
chr19	56050122	56120515	ENSG00000242779[3,3,13]	0	-	56050122	56050122	0	4	3253,81,272,179,	0,13299,18975,70214,	chr19	56056574	56076049	ZNF702P-205|transcribed_processed_pseudogene	0	-	intergenic	19475
chr19	56050122	56120515	ENSG00000242779[3,3,13]	0	-	56050122	56050122	0	4	3253,81,272,179,	0,13299,18975,70214,	chr19	56057905	56076048	ZNF702P-208|transcribed_processed_pseudogene	0	-	intergenic	18143
chr19	56050122	56120515	ENSG00000242779[3,3,13]	0	-	56050122	56050122	0	4	3253,81,272,179,	0,13299,18975,70214,	chr19	56061325	56076054	ZNF702P-212|transcribed_processed_pseudogene	0	-	intergenic	14729
chr19	56050122	56120515	ENSG00000242779[3,3,13]	0	-	56050122	56050122	0	4	3253,81,272,179,	0,13299,18975,70214,	chr19	56052977	56120465	ZNF702P-210|transcribed_processed_pseudogene	0	-	intergenic	67488
chr19	56050122	56120515	ENSG00000242779[3,3,13]	0	-	56050122	56050122	0	4	3253,81,272,179,	0,13299,18975,70214,	chr19	56061432	56120450	ZNF702P-203|transcribed_processed_pseudogene	0	-	intergenic	59018
chr19	56050122	56076104	ENSG00000242779[6,12,13]	0	-	56050122	56050122	0	5	3253,81,272,118,102,	0,13299,18975,22493,25880,	chr19	56052915	56064074	ZNF702P-207|transcribed_processed_pseudogene	0	-	intergenic	11159
chr19	56050122	56076104	ENSG00000242779[6,12,13]	0	-	56050122	56050122	0	5	3253,81,272,118,102,	0,13299,18975,22493,25880,	chr19	56068974	56076049	ZNF702P-211|transcribed_processed_pseudogene	0	-	intergenic	7075
chr19	56050122	56076104	ENSG00000242779[6,12,13]	0	-	56050122	56050122	0	5	3253,81,272,118,102,	0,13299,18975,22493,25880,	chr19	56069088	56076054	ZNF702P-204|transcribed_processed_pseudogene	0	-	intergenic	6966
chr19	56050122	56076104	ENSG00000242779[6,12,13]	0	-	56050122	56050122	0	5	3253,81,272,118,102,	0,13299,18975,22493,25880,	chr19	56049428	56063995	ZNF702P-214|transcribed_processed_pseudogene	0	-	intergenic	13873
chr19	56050122	56076104	ENSG00000242779[6,12,13]	0	-	56050122	56050122	0	5	3253,81,272,118,102,	0,13299,18975,22493,25880,	chr19	56049618	56075030	ZNF702P-213|transcribed_processed_pseudogene	0	-	intergenic	24908
chr19	56050122	56076104	ENSG00000242779[6,12,13]	0	-	56050122	56050122	0	5	3253,81,272,118,102,	0,13299,18975,22493,25880,	chr19	56050783	56076047	ZNF702P-201|transcribed_processed_pseudogene	0	-	intergenic	25264
chr19	56050122	56076104	ENSG00000242779[6,12,13]	0	-	56050122	56050122	0	5	3253,81,272,118,102,	0,13299,18975,22493,25880,	chr19	56053294	56076049	ZNF702P-209|transcribed_processed_pseudogene	0	-	intergenic	22755
chr19	56050122	56076104	ENSG00000242779[6,12,13]	0	-	56050122	56050122	0	5	3253,81,272,118,102,	0,13299,18975,22493,25880,	chr19	56056574	56076049	ZNF702P-205|transcribed_processed_pseudogene	0	-	intergenic	19475
chr19	56050122	56076104	ENSG00000242779[6,12,13]	0	-	56050122	56050122	0	5	3253,81,272,118,102,	0,13299,18975,22493,25880,	chr19	56057905	56076048	ZNF702P-208|transcribed_processed_pseudogene	0	-	intergenic	18143
chr19	56050122	56076104	ENSG00000242779[6,12,13]	0	-	56050122	56050122	0	5	3253,81,272,118,102,	0,13299,18975,22493,25880,	chr19	56061325	56076054	ZNF702P-212|transcribed_processed_pseudogene	0	-	intergenic	14729
chr19	56050122	56076104	ENSG00000242779[6,12,13]	0	-	56050122	56050122	0	5	3253,81,272,118,102,	0,13299,18975,22493,25880,	chr19	56065361	56069242	ZNF702P-206|transcribed_processed_pseudogene	0	-	intergenic	3881
chr19	56050122	56076104	ENSG00000242779[6,12,13]	0	-	56050122	56050122	0	5	3253,81,272,118,102,	0,13299,18975,22493,25880,	chr19	56052977	56120465	ZNF702P-210|transcribed_processed_pseudogene	0	-	intergenic	23127
chr19	56050122	56076104	ENSG00000242779[6,12,13]	0	-	56050122	56050122	0	5	3253,81,272,118,102,	0,13299,18975,22493,25880,	chr19	56061432	56120450	ZNF702P-203|transcribed_processed_pseudogene	0	-	intergenic	14672
chr19	56050122	56076104	ENSG00000242779[6,8,13]	0	-	56050122	56050122	0	4	3253,81,272,102,	0,13299,18975,25880,	chr19	56052915	56064074	ZNF702P-207|transcribed_processed_pseudogene	0	-	intergenic	11159
chr19	56050122	56076104	ENSG00000242779[6,8,13]	0	-	56050122	56050122	0	4	3253,81,272,102,	0,13299,18975,25880,	chr19	56068974	56076049	ZNF702P-211|transcribed_processed_pseudogene	0	-	intergenic	7075
chr19	56050122	56076104	ENSG00000242779[6,8,13]	0	-	56050122	56050122	0	4	3253,81,272,102,	0,13299,18975,25880,	chr19	56069088	56076054	ZNF702P-204|transcribed_processed_pseudogene	0	-	intergenic	6966
chr19	56050122	56076104	ENSG00000242779[6,8,13]	0	-	56050122	56050122	0	4	3253,81,272,102,	0,13299,18975,25880,	chr19	56049428	56063995	ZNF702P-214|transcribed_processed_pseudogene	0	-	intergenic	13873
chr19	56050122	56076104	ENSG00000242779[6,8,13]	0	-	56050122	56050122	0	4	3253,81,272,102,	0,13299,18975,25880,	chr19	56049618	56075030	ZNF702P-213|transcribed_processed_pseudogene	0	-	intergenic	24908
chr19	56050122	56076104	ENSG00000242779[6,8,13]	0	-	56050122	56050122	0	4	3253,81,272,102,	0,13299,18975,25880,	chr19	56050783	56076047	ZNF702P-201|transcribed_processed_pseudogene	0	-	intergenic	25264
chr19	56050122	56076104	ENSG00000242779[6,8,13]	0	-	56050122	56050122	0	4	3253,81,272,102,	0,13299,18975,25880,	chr19	56053294	56076049	ZNF702P-209|transcribed_processed_pseudogene	0	-	intergenic	22755
chr19	56050122	56076104	ENSG00000242779[6,8,13]	0	-	56050122	56050122	0	4	3253,81,272,102,	0,13299,18975,25880,	chr19	56056574	56076049	ZNF702P-205|transcribed_processed_pseudogene	0	-	intergenic	19475
chr19	56050122	56076104	ENSG00000242779[6,8,13]	0	-	56050122	56050122	0	4	3253,81,272,102,	0,13299,18975,25880,	chr19	56057905	56076048	ZNF702P-208|transcribed_processed_pseudogene	0	-	intergenic	18143
chr19	56050122	56076104	ENSG00000242779[6,8,13]	0	-	56050122	56050122	0	4	3253,81,272,102,	0,13299,18975,25880,	chr19	56061325	56076054	ZNF702P-212|transcribed_processed_pseudogene	0	-	intergenic	14729
chr19	56050122	56076104	ENSG00000242779[6,8,13]	0	-	56050122	56050122	0	4	3253,81,272,102,	0,13299,18975,25880,	chr19	56065361	56069242	ZNF702P-206|transcribed_processed_pseudogene	0	-	intergenic	3881
chr19	56050122	56076104	ENSG00000242779[6,8,13]	0	-	56050122	56050122	0	4	3253,81,272,102,	0,13299,18975,25880,	chr19	56052977	56120465	ZNF702P-210|transcribed_processed_pseudogene	0	-	intergenic	23127
chr19	56050122	56076104	ENSG00000242779[6,8,13]	0	-	56050122	56050122	0	4	3253,81,272,102,	0,13299,18975,25880,	chr19	56061432	56120450	ZNF702P-203|transcribed_processed_pseudogene	0	-	intergenic	14672
chr19	56050733	56120515	ENSG00000242779[3,15,5]	0	-	56050733	56050733	255	4	2642,81,272,224,	0,12688,18364,69558,	chr19	56052915	56064074	ZNF702P-207|transcribed_processed_pseudogene	0	-	intergenic	11159
chr19	56050733	56120515	ENSG00000242779[3,15,5]	0	-	56050733	56050733	255	4	2642,81,272,224,	0,12688,18364,69558,	chr19	56068974	56076049	ZNF702P-211|transcribed_processed_pseudogene	0	-	intergenic	7075
chr19	56050733	56120515	ENSG00000242779[3,15,5]	0	-	56050733	56050733	255	4	2642,81,272,224,	0,12688,18364,69558,	chr19	56049428	56063995	ZNF702P-214|transcribed_processed_pseudogene	0	-	intergenic	13262
chr19	56050733	56120515	ENSG00000242779[3,15,5]	0	-	56050733	56050733	255	4	2642,81,272,224,	0,12688,18364,69558,	chr19	56049618	56075030	ZNF702P-213|transcribed_processed_pseudogene	0	-	intergenic	24297
chr19	56050733	56120515	ENSG00000242779[3,15,5]	0	-	56050733	56050733	255	4	2642,81,272,224,	0,12688,18364,69558,	chr19	56050783	56076047	ZNF702P-201|transcribed_processed_pseudogene	0	-	intergenic	25264
chr19	56050733	56120515	ENSG00000242779[3,15,5]	0	-	56050733	56050733	255	4	2642,81,272,224,	0,12688,18364,69558,	chr19	56053294	56076049	ZNF702P-209|transcribed_processed_pseudogene	0	-	intergenic	22755
chr19	56050733	56120515	ENSG00000242779[3,15,5]	0	-	56050733	56050733	255	4	2642,81,272,224,	0,12688,18364,69558,	chr19	56056574	56076049	ZNF702P-205|transcribed_processed_pseudogene	0	-	intergenic	19475
chr19	56050733	56120515	ENSG00000242779[3,15,5]	0	-	56050733	56050733	255	4	2642,81,272,224,	0,12688,18364,69558,	chr19	56057905	56076048	ZNF702P-208|transcribed_processed_pseudogene	0	-	intergenic	18143
chr19	56050733	56120515	ENSG00000242779[3,15,5]	0	-	56050733	56050733	255	4	2642,81,272,224,	0,12688,18364,69558,	chr19	56061325	56076054	ZNF702P-212|transcribed_processed_pseudogene	0	-	intergenic	14729
chr19	56050733	56120515	ENSG00000242779[3,15,5]	0	-	56050733	56050733	255	4	2642,81,272,224,	0,12688,18364,69558,	chr19	56052977	56120465	ZNF702P-210|transcribed_processed_pseudogene	0	-	intergenic	67488
chr19	56050733	56120515	ENSG00000242779[3,15,5]	0	-	56050733	56050733	255	4	2642,81,272,224,	0,12688,18364,69558,	chr19	56061432	56120450	ZNF702P-203|transcribed_processed_pseudogene	0	-	intergenic	59018
chr19	56050733	56120515	ENSG00000242779[3,3,5]	0	-	56050733	56050733	0	4	2642,81,272,179,	0,12688,18364,69603,	chr19	56052915	56064074	ZNF702P-207|transcribed_processed_pseudogene	0	-	intergenic	11159
chr19	56050733	56120515	ENSG00000242779[3,3,5]	0	-	56050733	56050733	0	4	2642,81,272,179,	0,12688,18364,69603,	chr19	56068974	56076049	ZNF702P-211|transcribed_processed_pseudogene	0	-	intergenic	7075
chr19	56050733	56120515	ENSG00000242779[3,3,5]	0	-	56050733	56050733	0	4	2642,81,272,179,	0,12688,18364,69603,	chr19	56049428	56063995	ZNF702P-214|transcribed_processed_pseudogene	0	-	intergenic	13262
chr19	56050733	56120515	ENSG00000242779[3,3,5]	0	-	56050733	56050733	0	4	2642,81,272,179,	0,12688,18364,69603,	chr19	56049618	56075030	ZNF702P-213|transcribed_processed_pseudogene	0	-	intergenic	24297
chr19	56050733	56120515	ENSG00000242779[3,3,5]	0	-	56050733	56050733	0	4	2642,81,272,179,	0,12688,18364,69603,	chr19	56050783	56076047	ZNF702P-201|transcribed_processed_pseudogene	0	-	intergenic	25264
chr19	56050733	56120515	ENSG00000242779[3,3,5]	0	-	56050733	56050733	0	4	2642,81,272,179,	0,12688,18364,69603,	chr19	56053294	56076049	ZNF702P-209|transcribed_processed_pseudogene	0	-	intergenic	22755
chr19	56050733	56120515	ENSG00000242779[3,3,5]	0	-	56050733	56050733	0	4	2642,81,272,179,	0,12688,18364,69603,	chr19	56056574	56076049	ZNF702P-205|transcribed_processed_pseudogene	0	-	intergenic	19475
chr19	56050733	56120515	ENSG00000242779[3,3,5]	0	-	56050733	56050733	0	4	2642,81,272,179,	0,12688,18364,69603,	chr19	56057905	56076048	ZNF702P-208|transcribed_processed_pseudogene	0	-	intergenic	18143
chr19	56050733	56120515	ENSG00000242779[3,3,5]	0	-	56050733	56050733	0	4	2642,81,272,179,	0,12688,18364,69603,	chr19	56061325	56076054	ZNF702P-212|transcribed_processed_pseudogene	0	-	intergenic	14729
chr19	56050733	56120515	ENSG00000242779[3,3,5]	0	-	56050733	56050733	0	4	2642,81,272,179,	0,12688,18364,69603,	chr19	56052977	56120465	ZNF702P-210|transcribed_processed_pseudogene	0	-	intergenic	67488
chr19	56050733	56120515	ENSG00000242779[3,3,5]	0	-	56050733	56050733	0	4	2642,81,272,179,	0,12688,18364,69603,	chr19	56061432	56120450	ZNF702P-203|transcribed_processed_pseudogene	0	-	intergenic	59018
chr19	56050733	56076104	ENSG00000242779[6,12,5]	0	-	56050733	56050733	0	5	2642,81,272,118,102,	0,12688,18364,21882,25269,	chr19	56052915	56064074	ZNF702P-207|transcribed_processed_pseudogene	0	-	intergenic	11159
chr19	56050733	56076104	ENSG00000242779[6,12,5]	0	-	56050733	56050733	0	5	2642,81,272,118,102,	0,12688,18364,21882,25269,	chr19	56068974	56076049	ZNF702P-211|transcribed_processed_pseudogene	0	-	intergenic	7075
chr19	56050733	56076104	ENSG00000242779[6,12,5]	0	-	56050733	56050733	0	5	2642,81,272,118,102,	0,12688,18364,21882,25269,	chr19	56069088	56076054	ZNF702P-204|transcribed_processed_pseudogene	0	-	intergenic	6966
chr19	56050733	56076104	ENSG00000242779[6,12,5]	0	-	56050733	56050733	0	5	2642,81,272,118,102,	0,12688,18364,21882,25269,	chr19	56049428	56063995	ZNF702P-214|transcribed_processed_pseudogene	0	-	intergenic	13262
chr19	56050733	56076104	ENSG00000242779[6,12,5]	0	-	56050733	56050733	0	5	2642,81,272,118,102,	0,12688,18364,21882,25269,	chr19	56049618	56075030	ZNF702P-213|transcribed_processed_pseudogene	0	-	intergenic	24297
chr19	56050733	56076104	ENSG00000242779[6,12,5]	0	-	56050733	56050733	0	5	2642,81,272,118,102,	0,12688,18364,21882,25269,	chr19	56050783	56076047	ZNF702P-201|transcribed_processed_pseudogene	0	-	intergenic	25264
chr19	56050733	56076104	ENSG00000242779[6,12,5]	0	-	56050733	56050733	0	5	2642,81,272,118,102,	0,12688,18364,21882,25269,	chr19	56053294	56076049	ZNF702P-209|transcribed_processed_pseudogene	0	-	intergenic	22755
chr19	56050733	56076104	ENSG00000242779[6,12,5]	0	-	56050733	56050733	0	5	2642,81,272,118,102,	0,12688,18364,21882,25269,	chr19	56056574	56076049	ZNF702P-205|transcribed_processed_pseudogene	0	-	intergenic	19475
chr19	56050733	56076104	ENSG00000242779[6,12,5]	0	-	56050733	56050733	0	5	2642,81,272,118,102,	0,12688,18364,21882,25269,	chr19	56057905	56076048	ZNF702P-208|transcribed_processed_pseudogene	0	-	intergenic	18143
chr19	56050733	56076104	ENSG00000242779[6,12,5]	0	-	56050733	56050733	0	5	2642,81,272,118,102,	0,12688,18364,21882,25269,	chr19	56061325	56076054	ZNF702P-212|transcribed_processed_pseudogene	0	-	intergenic	14729
chr19	56050733	56076104	ENSG00000242779[6,12,5]	0	-	56050733	56050733	0	5	2642,81,272,118,102,	0,12688,18364,21882,25269,	chr19	56065361	56069242	ZNF702P-206|transcribed_processed_pseudogene	0	-	intergenic	3881
chr19	56050733	56076104	ENSG00000242779[6,12,5]	0	-	56050733	56050733	0	5	2642,81,272,118,102,	0,12688,18364,21882,25269,	chr19	56052977	56120465	ZNF702P-210|transcribed_processed_pseudogene	0	-	intergenic	23127
chr19	56050733	56076104	ENSG00000242779[6,12,5]	0	-	56050733	56050733	0	5	2642,81,272,118,102,	0,12688,18364,21882,25269,	chr19	56061432	56120450	ZNF702P-203|transcribed_processed_pseudogene	0	-	intergenic	14672
chr19	56050733	56076104	ENSG00000242779[6,8,5]	0	-	56050733	56050733	0	4	2642,81,272,102,	0,12688,18364,25269,	chr19	56052915	56064074	ZNF702P-207|transcribed_processed_pseudogene	0	-	intergenic	11159
chr19	56050733	56076104	ENSG00000242779[6,8,5]	0	-	56050733	56050733	0	4	2642,81,272,102,	0,12688,18364,25269,	chr19	56068974	56076049	ZNF702P-211|transcribed_processed_pseudogene	0	-	intergenic	7075
chr19	56050733	56076104	ENSG00000242779[6,8,5]	0	-	56050733	56050733	0	4	2642,81,272,102,	0,12688,18364,25269,	chr19	56069088	56076054	ZNF702P-204|transcribed_processed_pseudogene	0	-	intergenic	6966
chr19	56050733	56076104	ENSG00000242779[6,8,5]	0	-	56050733	56050733	0	4	2642,81,272,102,	0,12688,18364,25269,	chr19	56049428	56063995	ZNF702P-214|transcribed_processed_pseudogene	0	-	intergenic	13262
chr19	56050733	56076104	ENSG00000242779[6,8,5]	0	-	56050733	56050733	0	4	2642,81,272,102,	0,12688,18364,25269,	chr19	56049618	56075030	ZNF702P-213|transcribed_processed_pseudogene	0	-	intergenic	24297
chr19	56050733	56076104	ENSG00000242779[6,8,5]	0	-	56050733	56050733	0	4	2642,81,272,102,	0,12688,18364,25269,	chr19	56050783	56076047	ZNF702P-201|transcribed_processed_pseudogene	0	-	intergenic	25264
chr19	56050733	56076104	ENSG00000242779[6,8,5]	0	-	56050733	56050733	0	4	2642,81,272,102,	0,12688,18364,25269,	chr19	56053294	56076049	ZNF702P-209|transcribed_processed_pseudogene	0	-	intergenic	22755
chr19	56050733	56076104	ENSG00000242779[6,8,5]	0	-	56050733	56050733	0	4	2642,81,272,102,	0,12688,18364,25269,	chr19	56056574	56076049	ZNF702P-205|transcribed_processed_pseudogene	0	-	intergenic	19475
chr19	56050733	56076104	ENSG00000242779[6,8,5]	0	-	56050733	56050733	0	4	2642,81,272,102,	0,12688,18364,25269,	chr19	56057905	56076048	ZNF702P-208|transcribed_processed_pseudogene	0	-	intergenic	18143
chr19	56050733	56076104	ENSG00000242779[6,8,5]	0	-	56050733	56050733	0	4	2642,81,272,102,	0,12688,18364,25269,	chr19	56061325	56076054	ZNF702P-212|transcribed_processed_pseudogene	0	-	intergenic	14729
chr19	56050733	56076104	ENSG00000242779[6,8,5]	0	-	56050733	56050733	0	4	2642,81,272,102,	0,12688,18364,25269,	chr19	56065361	56069242	ZNF702P-206|transcribed_processed_pseudogene	0	-	intergenic	3881
chr19	56050733	56076104	ENSG00000242779[6,8,5]	0	-	56050733	56050733	0	4	2642,81,272,102,	0,12688,18364,25269,	chr19	56052977	56120465	ZNF702P-210|transcribed_processed_pseudogene	0	-	intergenic	23127
chr19	56050733	56076104	ENSG00000242779[6,8,5]	0	-	56050733	56050733	0	4	2642,81,272,102,	0,12688,18364,25269,	chr19	56061432	56120450	ZNF702P-203|transcribed_processed_pseudogene	0	-	intergenic	14672
chr19	56053244	56076104	ENSG00000242779[6,12,6]	0	-	56053244	56053244	0	5	131,81,272,118,102,	0,10177,15853,19371,22758,	chr19	56052915	56064074	ZNF702P-207|transcribed_processed_pseudogene	0	-	intergenic	10830
chr19	56053244	56076104	ENSG00000242779[6,12,6]	0	-	56053244	56053244	0	5	131,81,272,118,102,	0,10177,15853,19371,22758,	chr19	56068974	56076049	ZNF702P-211|transcribed_processed_pseudogene	0	-	intergenic	7075
chr19	56053244	56076104	ENSG00000242779[6,12,6]	0	-	56053244	56053244	0	5	131,81,272,118,102,	0,10177,15853,19371,22758,	chr19	56069088	56076054	ZNF702P-204|transcribed_processed_pseudogene	0	-	intergenic	6966
chr19	56053244	56076104	ENSG00000242779[6,12,6]	0	-	56053244	56053244	0	5	131,81,272,118,102,	0,10177,15853,19371,22758,	chr19	56049428	56063995	ZNF702P-214|transcribed_processed_pseudogene	0	-	intergenic	10751
chr19	56053244	56076104	ENSG00000242779[6,12,6]	0	-	56053244	56053244	0	5	131,81,272,118,102,	0,10177,15853,19371,22758,	chr19	56049618	56075030	ZNF702P-213|transcribed_processed_pseudogene	0	-	intergenic	21786
chr19	56053244	56076104	ENSG00000242779[6,12,6]	0	-	56053244	56053244	0	5	131,81,272,118,102,	0,10177,15853,19371,22758,	chr19	56050783	56076047	ZNF702P-201|transcribed_processed_pseudogene	0	-	intergenic	22803
chr19	56053244	56076104	ENSG00000242779[6,12,6]	0	-	56053244	56053244	0	5	131,81,272,118,102,	0,10177,15853,19371,22758,	chr19	56053294	56076049	ZNF702P-209|transcribed_processed_pseudogene	0	-	intergenic	22755
chr19	56053244	56076104	ENSG00000242779[6,12,6]	0	-	56053244	56053244	0	5	131,81,272,118,102,	0,10177,15853,19371,22758,	chr19	56056574	56076049	ZNF702P-205|transcribed_processed_pseudogene	0	-	intergenic	19475
chr19	56053244	56076104	ENSG00000242779[6,12,6]	0	-	56053244	56053244	0	5	131,81,272,118,102,	0,10177,15853,19371,22758,	chr19	56057905	56076048	ZNF702P-208|transcribed_processed_pseudogene	0	-	intergenic	18143
chr19	56053244	56076104	ENSG00000242779[6,12,6]	0	-	56053244	56053244	0	5	131,81,272,118,102,	0,10177,15853,19371,22758,	chr19	56061325	56076054	ZNF702P-212|transcribed_processed_pseudogene	0	-	intergenic	14729
chr19	56053244	56076104	ENSG00000242779[6,12,6]	0	-	56053244	56053244	0	5	131,81,272,118,102,	0,10177,15853,19371,22758,	chr19	56065361	56069242	ZNF702P-206|transcribed_processed_pseudogene	0	-	intergenic	3881
chr19	56053244	56076104	ENSG00000242779[6,12,6]	0	-	56053244	56053244	0	5	131,81,272,118,102,	0,10177,15853,19371,22758,	chr19	56052977	56120465	ZNF702P-210|transcribed_processed_pseudogene	0	-	intergenic	22860
chr19	56053244	56076104	ENSG00000242779[6,12,6]	0	-	56053244	56053244	0	5	131,81,272,118,102,	0,10177,15853,19371,22758,	chr19	56061432	56120450	ZNF702P-203|transcribed_processed_pseudogene	0	-	intergenic	14672
chr19	56057855	56076104	ENSG00000242779[6,9,8]	0	-	56057855	56057855	0	4	478,81,272,102,	0,5566,11242,18147,	chr19	56052915	56064074	ZNF702P-207|transcribed_processed_pseudogene	0	-	intergenic	6219
chr19	56057855	56076104	ENSG00000242779[6,9,8]	0	-	56057855	56057855	0	4	478,81,272,102,	0,5566,11242,18147,	chr19	56068974	56076049	ZNF702P-211|transcribed_processed_pseudogene	0	-	intergenic	7075
chr19	56057855	56076104	ENSG00000242779[6,9,8]	0	-	56057855	56057855	0	4	478,81,272,102,	0,5566,11242,18147,	chr19	56069088	56076054	ZNF702P-204|transcribed_processed_pseudogene	0	-	intergenic	6966
chr19	56057855	56076104	ENSG00000242779[6,9,8]	0	-	56057855	56057855	0	4	478,81,272,102,	0,5566,11242,18147,	chr19	56049428	56063995	ZNF702P-214|transcribed_processed_pseudogene	0	-	intergenic	6140
chr19	56057855	56076104	ENSG00000242779[6,9,8]	0	-	56057855	56057855	0	4	478,81,272,102,	0,5566,11242,18147,	chr19	56049618	56075030	ZNF702P-213|transcribed_processed_pseudogene	0	-	intergenic	17175
chr19	56057855	56076104	ENSG00000242779[6,9,8]	0	-	56057855	56057855	0	4	478,81,272,102,	0,5566,11242,18147,	chr19	56050783	56076047	ZNF702P-201|transcribed_processed_pseudogene	0	-	intergenic	18192
chr19	56057855	56076104	ENSG00000242779[6,9,8]	0	-	56057855	56057855	0	4	478,81,272,102,	0,5566,11242,18147,	chr19	56053294	56076049	ZNF702P-209|transcribed_processed_pseudogene	0	-	intergenic	18194
chr19	56057855	56076104	ENSG00000242779[6,9,8]	0	-	56057855	56057855	0	4	478,81,272,102,	0,5566,11242,18147,	chr19	56056574	56076049	ZNF702P-205|transcribed_processed_pseudogene	0	-	intergenic	18194
chr19	56057855	56076104	ENSG00000242779[6,9,8]	0	-	56057855	56057855	0	4	478,81,272,102,	0,5566,11242,18147,	chr19	56057905	56076048	ZNF702P-208|transcribed_processed_pseudogene	0	-	intergenic	18143
chr19	56057855	56076104	ENSG00000242779[6,9,8]	0	-	56057855	56057855	0	4	478,81,272,102,	0,5566,11242,18147,	chr19	56061325	56076054	ZNF702P-212|transcribed_processed_pseudogene	0	-	intergenic	14729
chr19	56057855	56076104	ENSG00000242779[6,9,8]	0	-	56057855	56057855	0	4	478,81,272,102,	0,5566,11242,18147,	chr19	56065361	56069242	ZNF702P-206|transcribed_processed_pseudogene	0	-	intergenic	3881
chr19	56057855	56076104	ENSG00000242779[6,9,8]	0	-	56057855	56057855	0	4	478,81,272,102,	0,5566,11242,18147,	chr19	56052977	56120465	ZNF702P-210|transcribed_processed_pseudogene	0	-	intergenic	18249
chr19	56057855	56076104	ENSG00000242779[6,9,8]	0	-	56057855	56057855	0	4	478,81,272,102,	0,5566,11242,18147,	chr19	56061432	56120450	ZNF702P-203|transcribed_processed_pseudogene	0	-	intergenic	14672
chr19	56068924	56076104	ENSG00000242779[6,11,11]	0	-	56068924	56068924	0	3	445,118,102,	0,3691,7078,	chr19	56068974	56076049	ZNF702P-211|transcribed_processed_pseudogene	0	-	intergenic	7075
chr19	56068924	56076104	ENSG00000242779[6,11,11]	0	-	56068924	56068924	0	3	445,118,102,	0,3691,7078,	chr19	56069088	56076054	ZNF702P-204|transcribed_processed_pseudogene	0	-	intergenic	6966
chr19	56068924	56076104	ENSG00000242779[6,11,11]	0	-	56068924	56068924	0	3	445,118,102,	0,3691,7078,	chr19	56049618	56075030	ZNF702P-213|transcribed_processed_pseudogene	0	-	intergenic	6106
chr19	56068924	56076104	ENSG00000242779[6,11,11]	0	-	56068924	56068924	0	3	445,118,102,	0,3691,7078,	chr19	56050783	56076047	ZNF702P-201|transcribed_processed_pseudogene	0	-	intergenic	7123
chr19	56068924	56076104	ENSG00000242779[6,11,11]	0	-	56068924	56068924	0	3	445,118,102,	0,3691,7078,	chr19	56053294	56076049	ZNF702P-209|transcribed_processed_pseudogene	0	-	intergenic	7125
chr19	56068924	56076104	ENSG00000242779[6,11,11]	0	-	56068924	56068924	0	3	445,118,102,	0,3691,7078,	chr19	56056574	56076049	ZNF702P-205|transcribed_processed_pseudogene	0	-	intergenic	7125
chr19	56068924	56076104	ENSG00000242779[6,11,11]	0	-	56068924	56068924	0	3	445,118,102,	0,3691,7078,	chr19	56057905	56076048	ZNF702P-208|transcribed_processed_pseudogene	0	-	intergenic	7124
chr19	56068924	56076104	ENSG00000242779[6,11,11]	0	-	56068924	56068924	0	3	445,118,102,	0,3691,7078,	chr19	56061325	56076054	ZNF702P-212|transcribed_processed_pseudogene	0	-	intergenic	7130
chr19	56068924	56076104	ENSG00000242779[6,11,11]	0	-	56068924	56068924	0	3	445,118,102,	0,3691,7078,	chr19	56052977	56120465	ZNF702P-210|transcribed_processed_pseudogene	0	-	intergenic	7180
chr19	56068924	56076104	ENSG00000242779[6,11,11]	0	-	56068924	56068924	0	3	445,118,102,	0,3691,7078,	chr19	56061432	56120450	ZNF702P-203|transcribed_processed_pseudogene	0	-	intergenic	7180
chr19	56244639	56272936	ENSG00000197497[1,1,1]	0	-	56246721	56265173	0	4	3974,127,60,125,	0,13082,20519,28172,	chr19	56246707	56257845	retro_human_1847	0	-	intergenic	11138
chr19	56246353	56272936	ENSG00000197497[1,1,2]	0	-	56246721	56265173	0	4	2260,127,60,125,	0,11368,18805,26458,	chr19	56246707	56257845	retro_human_1847	0	-	intergenic	11138
chr19	56511488	56537864	ENSG00000241015[1,7,5]	0	+	56526822	56536299	255	6	95,219,111,88,127,3661,	0,13067,14292,15261,17576,22715,	chr19	56511538	56524227	TPM3P9-201|transcribed_processed_pseudogene	0	+	intergenic	12689
chr19	56511488	56537864	ENSG00000241015[1,8,5]	0	+	56534223	56536299	255	6	95,111,88,127,91,3661,	0,14292,15261,17576,19838,22715,	chr19	56511538	56524227	TPM3P9-201|transcribed_processed_pseudogene	0	+	intergenic	12689
chr19	56511488	56537864	ENSG00000241015[1,5,5]	0	+	56534223	56536299	255	7	95,123,111,88,127,91,3661,	0,13067,14292,15261,17576,19838,22715,	chr19	56511538	56524227	TPM3P9-201|transcribed_processed_pseudogene	0	+	intergenic	12689
chr19	56511488	56537864	ENSG00000241015[1,9,5]	0	+	56526822	56536299	255	5	95,111,88,127,3661,	0,14292,15261,17576,22715,	chr19	56511538	56524227	TPM3P9-201|transcribed_processed_pseudogene	0	+	intergenic	12689
chr19	56511488	56537864	ENSG00000241015[1,10,5]	0	+	56526822	56536299	255	4	95,88,127,3661,	0,15261,17576,22715,	chr19	56511538	56524227	TPM3P9-201|transcribed_processed_pseudogene	0	+	intergenic	12689
chr19	56511488	56524277	ENSG00000241015[1,3,2]	0	+	56521886	56522162	255	4	95,171,106,2924,	0,1646,7899,9865,	chr19	56511538	56524227	TPM3P9-201|transcribed_processed_pseudogene	0	+	intergenic	12689
chr19	56511488	56522512	ENSG00000241015[1,3,3]	0	+	56521886	56522162	255	4	95,171,106,1159,	0,1646,7899,9865,	chr19	56511538	56524227	TPM3P9-201|transcribed_processed_pseudogene	0	+	intergenic	10974
chr19	56511488	56522998	ENSG00000241015[1,3,4]	0	+	56521886	56522162	255	4	95,171,106,1645,	0,1646,7899,9865,	chr19	56511538	56524227	TPM3P9-201|transcribed_processed_pseudogene	0	+	intergenic	11460
chr19	56511488	56522512	ENSG00000241015[1,4,3]	0	+	56521886	56522162	255	3	95,106,1159,	0,7899,9865,	chr19	56511538	56524227	TPM3P9-201|transcribed_processed_pseudogene	0	+	intergenic	10974
chr19	56511488	56524277	ENSG00000241015[1,4,2]	0	+	56521886	56522162	255	3	95,106,2924,	0,7899,9865,	chr19	56511538	56524227	TPM3P9-201|transcribed_processed_pseudogene	0	+	intergenic	12689
chr19	56511488	56537864	ENSG00000241015[1,6,5]	0	+	56526822	56536299	255	6	95,123,111,88,127,3661,	0,13067,14292,15261,17576,22715,	chr19	56511538	56524227	TPM3P9-201|transcribed_processed_pseudogene	0	+	intergenic	12689
chr19	56511488	56522512	ENSG00000241015[1,2,3]	0	+	56521886	56522162	0	2	95,1159,	0,9865,	chr19	56511538	56524227	TPM3P9-201|transcribed_processed_pseudogene	0	+	intergenic	10974
chr19	56511488	56524277	ENSG00000241015[1,2,2]	0	+	56521886	56522162	0	2	95,2924,	0,9865,	chr19	56511538	56524227	TPM3P9-201|transcribed_processed_pseudogene	0	+	intergenic	12689
chr19	56511488	56529957	ENSG00000160336[1,3,2]	0	+	56526822	56529451	0	6	95,123,111,88,127,526,	0,13067,14292,15261,17576,17943,	chr19	56511538	56524227	TPM3P9-201|transcribed_processed_pseudogene	0	+	intergenic	12689
chr19	56511490	56524276	ENSG00000196417[4,9,13]	0	+	56521886	56522162	255	5	93,171,153,106,2923,	0,1644,2378,7897,9863,	chr19	56511538	56524227	TPM3P9-201|transcribed_processed_pseudogene	0	+	intergenic	12689
chr19	56511490	56522512	ENSG00000196417[4,9,12]	0	+	56521886	56522162	255	5	93,171,153,106,1159,	0,1644,2378,7897,9863,	chr19	56511538	56524227	TPM3P9-201|transcribed_processed_pseudogene	0	+	intergenic	10974
chr19	56583363	56592052	ENSG00000213777[2,3,3]	0	+	56583363	56583363	0	2	328,499,	0,8190,	chr19	56583413	56592278	AC011487.1-202|transcribed_processed_pseudogene	0	+	intergenic	8639
chr19	56583363	56592052	ENSG00000213777[2,3,3]	0	+	56583363	56583363	0	2	328,499,	0,8190,	chr19	56583562	56592002	AC011487.1-203|transcribed_processed_pseudogene	0	+	intergenic	8440
chr19	56873149	56914035	ENSG00000142405[3,8,1]	0	-	56873509	56913922	255	10	445,171,171,171,171,171,171,1702,81,231,	0,2472,4828,7813,10538,11865,14080,16171,21494,40655,	chr19	56885026	56890756	retro_human_2032	0	-	intergenic	5730
chr19	56873149	56904248	ENSG00000142405[1,2,1]	0	-	56873509	56903978	0	9	445,171,171,171,171,171,1702,81,559,	0,2472,7813,10538,11865,14080,16171,21494,30540,	chr19	56885026	56890756	retro_human_2032	0	-	intergenic	5730
chr19	56873149	56904248	ENSG00000142405[1,5,1]	0	-	56873509	56903978	0	10	445,171,171,171,171,171,174,1702,81,559,	0,2472,4828,7813,10538,11865,14080,16171,21494,30540,	chr19	56885026	56890756	retro_human_2032	0	-	intergenic	5730
chr19	56873149	56904248	ENSG00000142405[1,1,1]	0	-	56873509	56903978	0	10	445,171,171,171,171,171,171,1702,81,559,	0,2472,4828,7813,10538,11865,14080,16171,21494,30540,	chr19	56885026	56890756	retro_human_2032	0	-	intergenic	5730
chr19	57296615	57303944	ENSG00000204577[2,4,2]	0	-	57297483	57303364	0	14	1012,156,53,38,76,117,51,303,297,303,285,36,85,136,	0,1091,2133,2417,2535,2901,3927,4300,4855,5600,6050,6519,6715,7193,	chr19	57300887	57301840	retro_human_2056	0	-	intergenic	953
chr19	57297221	57303525	ENSG00000204577[1,1,1]	0	-	57297483	57303364	0	13	406,159,53,38,76,117,51,303,297,303,285,36,195,	0,485,1527,1811,1929,2295,3321,3694,4249,4994,5444,5913,6109,	chr19	57300887	57301840	retro_human_2056	0	-	intergenic	953
chr19	57831383	57845798	ENSG00000243772[1,1,1]	0	+	57831466	57845233	0	8	117,36,300,294,51,105,53,715,	0,909,3382,5200,8665,12982,13549,13700,	chr19	57833055	57835109	retro_human_10040	0	+	intergenic	2054
chr19	58687259	58695616	ENSG00000179943[1,7,1]	0	-	58689435	58695546	255	2	2321,207,	0,8150,	chr19	58688399	58693738	retro_human_5929	0	-	intergenic	5339
chr19	58687259	58695616	ENSG00000179943[1,6,1]	0	-	58688386	58693801	255	3	2321,330,1186,	0,6248,7171,	chr19	58688399	58693738	retro_human_5929	0	-	intergenic	5339
chr19	58687259	58694774	ENSG00000179943[3,6,1]	0	-	58688386	58693801	255	3	2321,330,344,	0,6248,7171,	chr19	58688399	58693738	retro_human_5929	0	-	intergenic	5339
chr19	58687259	58695616	ENSG00000179943[1,8,1]	0	-	58689566	58693801	255	4	2321,115,330,207,	0,4295,6248,8150,	chr19	58688399	58693738	retro_human_5929	0	-	intergenic	5339
chr19	58687259	58695616	ENSG00000179943[1,3,1]	0	-	58688386	58693801	0	2	2321,2109,	0,6248,	chr19	58688399	58693738	retro_human_5929	0	-	intergenic	5339
chr19	58687259	58694774	ENSG00000179943[3,3,1]	0	-	58688386	58693801	0	2	2321,1267,	0,6248,	chr19	58688399	58693738	retro_human_5929	0	-	intergenic	5339
chr19	58687259	58694774	ENSG00000179943[3,4,1]	0	-	58689566	58693801	0	3	2321,115,1267,	0,4295,6248,	chr19	58688399	58693738	retro_human_5929	0	-	intergenic	5339
chr19	58687259	58695616	ENSG00000179943[1,1,1]	0	-	58688386	58693801	0	3	2321,330,207,	0,6248,8150,	chr19	58688399	58693738	retro_human_5929	0	-	intergenic	5339
chr19	58689243	58697955	ENSG00000179943[4,3,2]	0	-	58697341	58697611	0	2	337,4448,	0,4264,	chr19	58688399	58693738	retro_human_5929	0	-	intergenic	4495
chr19	58689243	58693828	ENSG00000179943[2,4,2]	0	-	58689566	58693801	0	3	337,115,321,	0,2311,4264,	chr19	58688399	58693738	retro_human_5929	0	-	intergenic	4495
chr19	58730883	58741588	ENSG00000171425[5,2,1]	0	+	58740486	58741077	0	2	745,1121,	0,9584,	chr19	58738693	58741077	retro_human_10698	0	+	intergenic	2384
chr19	58731324	58741588	ENSG00000171425[2,2,1]	0	+	58740486	58741077	0	2	304,1121,	0,9143,	chr19	58738693	58741077	retro_human_10698	0	+	intergenic	2384
chr19	58736851	58739435	ENSG00000213015[1,5,1]	0	+	58738425	58738941	0	2	249,1080,	0,1504,	chr19	58738693	58741077	retro_human_10698	0	+	intergenic	742
chr19	58736851	58739435	ENSG00000213015[1,1,1]	0	+	58738425	58738941	0	2	249,1022,	0,1562,	chr19	58738693	58741077	retro_human_10698	0	+	intergenic	742
chr19	58736897	58741588	ENSG00000171425[4,4,1]	0	+	58740486	58741077	0	2	203,1121,	0,3570,	chr19	58738693	58741077	retro_human_10698	0	+	intergenic	2384
chr19	58736897	58740955	ENSG00000171425[4,4,2]	0	+	58736897	58736897	0	2	203,488,	0,3570,	chr19	58738693	58741077	retro_human_10698	0	+	intergenic	2262
chr19	58737629	58739435	ENSG00000213015[2,2,1]	0	+	58738425	58738941	0	1	1806,	0,	chr19	58738693	58741077	retro_human_10698	0	+	intergenic	742
chr19	58739254	58741588	ENSG00000171425[6,1,1]	0	+	58740486	58741077	0	2	435,1121,	0,1213,	chr19	58738693	58741077	retro_human_10698	0	+	intergenic	1823
chr19	58739513	58741588	ENSG00000171425[1,1,1]	0	+	58740486	58741077	0	2	176,1121,	0,954,	chr19	58738693	58741077	retro_human_10698	0	+	intergenic	1564
chr19	58739674	58741588	ENSG00000171425[3,6,1]	0	+	58740486	58741077	255	2	267,1121,	0,793,	chr19	58738693	58741077	retro_human_10698	0	+	intergenic	1403
chr19	58739674	58741588	ENSG00000171425[3,3,1]	0	+	58740486	58741077	0	2	81,1121,	0,793,	chr19	58738693	58741077	retro_human_10698	0	+	intergenic	1403
chr19	59860389	59894736	ENSG00000269793[2,3,1]	0	+	59860389	59860389	0	2	121,1660,	0,32687,	chr19	59869738	59877170	retro_human_1267	0	-	intergenic	7432
chr19	59860389	59894736	ENSG00000269793[2,2,1]	0	+	59860389	59860389	0	4	121,151,253,1660,	0,24622,25749,32687,	chr19	59869738	59877170	retro_human_1267	0	-	intergenic	7432
chr19	59869582	59935849	ENSG00000269699[1,4,1]	0	-	59869776	59919361	0	12	1033,96,169,80,103,104,84,90,253,76,87,200,	0,4879,7455,15373,44102,47153,48254,49091,49763,51890,61520,66067,	chr19	59869738	59877170	retro_human_1267	0	-	intergenic	7432
chr19	59869582	59935849	ENSG00000269699[1,3,1]	0	-	59869776	59919361	0	11	1033,96,169,80,103,104,84,90,166,87,200,	0,4879,7455,15373,44102,47153,48254,49091,49763,61520,66067,	chr19	59869738	59877170	retro_human_1267	0	-	intergenic	7432
chr19	60794248	60806184	ENSG00000179909[1,4,2]	0	-	60798569	60805901	255	4	525,1801,127,316,	0,3671,7534,11620,	chr19	60798486	60801927	retro_human_6729	0	-	intergenic	3441
chr19	60794248	60806184	ENSG00000179909[1,2,2]	0	-	60798569	60805901	0	4	3829,1551,127,316,	0,3921,7534,11620,	chr19	60798486	60801927	retro_human_6729	0	-	intergenic	3441
chr19	60794248	60806184	ENSG00000179909[1,3,2]	0	-	60798569	60805901	0	5	525,158,1551,127,316,	0,3671,3921,7534,11620,	chr19	60798486	60801927	retro_human_6729	0	-	intergenic	3441
chr19	60794453	60806184	ENSG00000179909[1,1,3]	0	-	60798569	60805901	255	3	5267,127,316,	0,7329,11415,	chr19	60798486	60801927	retro_human_6729	0	-	intergenic	3441
chr19	60794453	60806184	ENSG00000179909[1,4,3]	0	-	60798569	60805901	255	4	320,1801,127,316,	0,3466,7329,11415,	chr19	60798486	60801927	retro_human_6729	0	-	intergenic	3441
chr19	60794453	60806184	ENSG00000179909[1,3,3]	0	-	60798569	60805901	0	5	320,158,1551,127,316,	0,3466,3716,7329,11415,	chr19	60798486	60801927	retro_human_6729	0	-	intergenic	3441
chr19	60797324	60806184	ENSG00000179909[1,1,4]	0	-	60798569	60805901	255	3	2396,127,316,	0,4458,8544,	chr19	60798486	60801927	retro_human_6729	0	-	intergenic	3441
chr19	60797324	60806184	ENSG00000179909[1,2,4]	0	-	60798569	60805901	0	4	753,1551,127,316,	0,845,4458,8544,	chr19	60798486	60801927	retro_human_6729	0	-	intergenic	3441
chr19	60799107	60806184	ENSG00000179909[1,1,5]	0	-	60799107	60799107	255	3	613,127,316,	0,2675,6761,	chr19	60798486	60801927	retro_human_6729	0	-	intergenic	2820
chr19	61671130	61682113	ENSG00000213753[1,2,4]	0	+	61671130	61671130	0	2	217,3213,	0,7770,	chr19	61671180	61679302	CENPBD1P1-202|transcribed_processed_pseudogene	0	+	intergenic	8122
chr19	61671130	61682113	ENSG00000213753[1,2,4]	0	+	61671130	61671130	0	2	217,3213,	0,7770,	chr19	61673137	61682063	CENPBD1P1-203|transcribed_processed_pseudogene	0	+	intergenic	8926
chr19	61671130	61682113	ENSG00000213753[1,2,4]	0	+	61671130	61671130	0	2	217,3213,	0,7770,	chr19	61673115	61702367	CENPBD1P1-204|transcribed_processed_pseudogene	0	+	intergenic	8998
chr19	61671130	61679952	ENSG00000213753[1,2,7]	0	+	61671130	61671130	0	2	217,1052,	0,7770,	chr19	61671180	61679302	CENPBD1P1-202|transcribed_processed_pseudogene	0	+	intergenic	8122
chr19	61671130	61679952	ENSG00000213753[1,2,7]	0	+	61671130	61671130	0	2	217,1052,	0,7770,	chr19	61673137	61682063	CENPBD1P1-203|transcribed_processed_pseudogene	0	+	intergenic	6815
chr19	61671130	61679952	ENSG00000213753[1,2,7]	0	+	61671130	61671130	0	2	217,1052,	0,7770,	chr19	61673115	61702367	CENPBD1P1-204|transcribed_processed_pseudogene	0	+	intergenic	6837
chr19	61671130	61679352	ENSG00000213753[1,2,1]	0	+	61671130	61671130	0	2	217,452,	0,7770,	chr19	61671180	61679302	CENPBD1P1-202|transcribed_processed_pseudogene	0	+	intergenic	8122
chr19	61671130	61679352	ENSG00000213753[1,2,1]	0	+	61671130	61671130	0	2	217,452,	0,7770,	chr19	61673137	61682063	CENPBD1P1-203|transcribed_processed_pseudogene	0	+	intergenic	6215
chr19	61671130	61679352	ENSG00000213753[1,2,1]	0	+	61671130	61671130	0	2	217,452,	0,7770,	chr19	61673115	61702367	CENPBD1P1-204|transcribed_processed_pseudogene	0	+	intergenic	6237
chr19	61673065	61697368	ENSG00000213753[2,10,5]	0	+	61673065	61673065	255	2	201,885,	0,23418,	chr19	61671180	61679302	CENPBD1P1-202|transcribed_processed_pseudogene	0	+	intergenic	6237
chr19	61673065	61697368	ENSG00000213753[2,10,5]	0	+	61673065	61673065	255	2	201,885,	0,23418,	chr19	61673137	61682063	CENPBD1P1-203|transcribed_processed_pseudogene	0	+	intergenic	8926
chr19	61673065	61697368	ENSG00000213753[2,10,5]	0	+	61673065	61673065	255	2	201,885,	0,23418,	chr19	61673115	61702367	CENPBD1P1-204|transcribed_processed_pseudogene	0	+	intergenic	24253
chr19	61673065	61697002	ENSG00000213753[2,10,2]	0	+	61673065	61673065	255	2	201,519,	0,23418,	chr19	61671180	61679302	CENPBD1P1-202|transcribed_processed_pseudogene	0	+	intergenic	6237
chr19	61673065	61697002	ENSG00000213753[2,10,2]	0	+	61673065	61673065	255	2	201,519,	0,23418,	chr19	61673137	61682063	CENPBD1P1-203|transcribed_processed_pseudogene	0	+	intergenic	8926
chr19	61673065	61697002	ENSG00000213753[2,10,2]	0	+	61673065	61673065	255	2	201,519,	0,23418,	chr19	61673115	61702367	CENPBD1P1-204|transcribed_processed_pseudogene	0	+	intergenic	23887
chr19	61673065	61683166	ENSG00000213753[2,4,9]	0	+	61673065	61673065	0	2	201,4266,	0,5835,	chr19	61671180	61679302	CENPBD1P1-202|transcribed_processed_pseudogene	0	+	intergenic	6237
chr19	61673065	61683166	ENSG00000213753[2,4,9]	0	+	61673065	61673065	0	2	201,4266,	0,5835,	chr19	61673137	61682063	CENPBD1P1-203|transcribed_processed_pseudogene	0	+	intergenic	8926
chr19	61673065	61683166	ENSG00000213753[2,4,9]	0	+	61673065	61673065	0	2	201,4266,	0,5835,	chr19	61673115	61702367	CENPBD1P1-204|transcribed_processed_pseudogene	0	+	intergenic	10051
chr19	61673065	61680472	ENSG00000213753[2,4,8]	0	+	61673065	61673065	0	2	201,1572,	0,5835,	chr19	61671180	61679302	CENPBD1P1-202|transcribed_processed_pseudogene	0	+	intergenic	6237
chr19	61673065	61680472	ENSG00000213753[2,4,8]	0	+	61673065	61673065	0	2	201,1572,	0,5835,	chr19	61673137	61682063	CENPBD1P1-203|transcribed_processed_pseudogene	0	+	intergenic	7335
chr19	61673065	61680472	ENSG00000213753[2,4,8]	0	+	61673065	61673065	0	2	201,1572,	0,5835,	chr19	61673115	61702367	CENPBD1P1-204|transcribed_processed_pseudogene	0	+	intergenic	7357
chr19	61673065	61679952	ENSG00000213753[2,4,7]	0	+	61673065	61673065	0	2	201,1052,	0,5835,	chr19	61671180	61679302	CENPBD1P1-202|transcribed_processed_pseudogene	0	+	intergenic	6237
chr19	61673065	61679952	ENSG00000213753[2,4,7]	0	+	61673065	61673065	0	2	201,1052,	0,5835,	chr19	61673137	61682063	CENPBD1P1-203|transcribed_processed_pseudogene	0	+	intergenic	6815
chr19	61673065	61679952	ENSG00000213753[2,4,7]	0	+	61673065	61673065	0	2	201,1052,	0,5835,	chr19	61673115	61702367	CENPBD1P1-204|transcribed_processed_pseudogene	0	+	intergenic	6837
chr19	61673065	61682113	ENSG00000213753[2,4,4]	0	+	61673065	61673065	0	2	201,3213,	0,5835,	chr19	61671180	61679302	CENPBD1P1-202|transcribed_processed_pseudogene	0	+	intergenic	6237
chr19	61673065	61682113	ENSG00000213753[2,4,4]	0	+	61673065	61673065	0	2	201,3213,	0,5835,	chr19	61673137	61682063	CENPBD1P1-203|transcribed_processed_pseudogene	0	+	intergenic	8926
chr19	61673065	61682113	ENSG00000213753[2,4,4]	0	+	61673065	61673065	0	2	201,3213,	0,5835,	chr19	61673115	61702367	CENPBD1P1-204|transcribed_processed_pseudogene	0	+	intergenic	8998
chr19	61673065	61697002	ENSG00000213753[2,5,2]	0	+	61673065	61673065	0	4	201,202,127,519,	0,10601,15947,23418,	chr19	61671180	61679302	CENPBD1P1-202|transcribed_processed_pseudogene	0	+	intergenic	6237
chr19	61673065	61697002	ENSG00000213753[2,5,2]	0	+	61673065	61673065	0	4	201,202,127,519,	0,10601,15947,23418,	chr19	61673137	61682063	CENPBD1P1-203|transcribed_processed_pseudogene	0	+	intergenic	8926
chr19	61673065	61697002	ENSG00000213753[2,5,2]	0	+	61673065	61673065	0	4	201,202,127,519,	0,10601,15947,23418,	chr19	61673115	61702367	CENPBD1P1-204|transcribed_processed_pseudogene	0	+	intergenic	23887
chr19	61673065	61697368	ENSG00000213753[2,5,5]	0	+	61673065	61673065	0	4	201,202,127,885,	0,10601,15947,23418,	chr19	61671180	61679302	CENPBD1P1-202|transcribed_processed_pseudogene	0	+	intergenic	6237
chr19	61673065	61697368	ENSG00000213753[2,5,5]	0	+	61673065	61673065	0	4	201,202,127,885,	0,10601,15947,23418,	chr19	61673137	61682063	CENPBD1P1-203|transcribed_processed_pseudogene	0	+	intergenic	8926
chr19	61673065	61697368	ENSG00000213753[2,5,5]	0	+	61673065	61673065	0	4	201,202,127,885,	0,10601,15947,23418,	chr19	61673115	61702367	CENPBD1P1-204|transcribed_processed_pseudogene	0	+	intergenic	24253
chr19	61673065	61697368	ENSG00000213753[2,6,5]	0	+	61673065	61673065	0	3	201,202,885,	0,10601,23418,	chr19	61671180	61679302	CENPBD1P1-202|transcribed_processed_pseudogene	0	+	intergenic	6237
chr19	61673065	61697368	ENSG00000213753[2,6,5]	0	+	61673065	61673065	0	3	201,202,885,	0,10601,23418,	chr19	61673137	61682063	CENPBD1P1-203|transcribed_processed_pseudogene	0	+	intergenic	8926
chr19	61673065	61697368	ENSG00000213753[2,6,5]	0	+	61673065	61673065	0	3	201,202,885,	0,10601,23418,	chr19	61673115	61702367	CENPBD1P1-204|transcribed_processed_pseudogene	0	+	intergenic	24253
chr19	61673065	61697002	ENSG00000213753[2,6,2]	0	+	61673065	61673065	0	3	201,202,519,	0,10601,23418,	chr19	61671180	61679302	CENPBD1P1-202|transcribed_processed_pseudogene	0	+	intergenic	6237
chr19	61673065	61697002	ENSG00000213753[2,6,2]	0	+	61673065	61673065	0	3	201,202,519,	0,10601,23418,	chr19	61673137	61682063	CENPBD1P1-203|transcribed_processed_pseudogene	0	+	intergenic	8926
chr19	61673065	61697002	ENSG00000213753[2,6,2]	0	+	61673065	61673065	0	3	201,202,519,	0,10601,23418,	chr19	61673115	61702367	CENPBD1P1-204|transcribed_processed_pseudogene	0	+	intergenic	23887
chr19	61691360	61696922	ENSG00000269600[1,2,3]	0	-	61691360	61691360	0	3	280,111,306,	0,3862,5256,	chr19	61673115	61702367	CENPBD1P1-204|transcribed_processed_pseudogene	0	+	intergenic	5562
chr20	8973005	8973249	ENSG00000228438[1,1,1]	0	-	8973005	8973005	0	1	244,	0,	chr20	8973055	8973199	retro_human_7637|AL445567.1-201|processed_pseudogene	0	-	intergenic	144
chr20	22945093	22945592	ENSG00000213882[1,1,1]	0	-	22945093	22945093	0	1	499,	0,	chr20	22945143	22945542	retro_human_3785|CYB5AP4-201|processed_pseudogene	0	-	intergenic	399
chr20	33533060	33533407	ENSG00000230801[1,1,1]	0	-	33533060	33533060	0	1	347,	0,	chr20	33533110	33533357	retro_human_4198|AL160175.1-201|processed_pseudogene	0	-	intergenic	247
chr20	33910349	33912540	ENSG00000235217[5,1,1]	0	-	33910349	33910349	0	1	2191,	0,	chr20	33910399	33914283	retro_human_4196|TSPY26P-202|transcribed_processed_pseudogene	0	-	intergenic	2141
chr20	33910349	33912115	ENSG00000235217[4,1,1]	0	-	33910349	33910349	0	1	1766,	0,	chr20	33910399	33914283	retro_human_4196|TSPY26P-202|transcribed_processed_pseudogene	0	-	intergenic	1716
chr20	33910349	33911812	ENSG00000235217[3,1,1]	0	-	33910349	33910349	0	1	1463,	0,	chr20	33910399	33914283	retro_human_4196|TSPY26P-202|transcribed_processed_pseudogene	0	-	intergenic	1413
chr20	33910349	33914333	ENSG00000235217[1,1,1]	0	-	33910349	33910349	0	1	3984,	0,	chr20	33910399	33914283	retro_human_4196|TSPY26P-202|transcribed_processed_pseudogene	0	-	intergenic	3884
chr20	33911895	33912540	ENSG00000235217[5,1,3]	0	-	33911895	33911895	0	1	645,	0,	chr20	33910399	33914283	retro_human_4196|TSPY26P-202|transcribed_processed_pseudogene	0	-	intergenic	645
chr20	33911895	33914333	ENSG00000235217[1,1,3]	0	-	33911895	33911895	0	1	2438,	0,	chr20	33910399	33914283	retro_human_4196|TSPY26P-202|transcribed_processed_pseudogene	0	-	intergenic	2388
chr20	33913074	33914500	ENSG00000235217[2,1,2]	0	-	33913074	33913074	0	1	1426,	0,	chr20	33910399	33914283	retro_human_4196|TSPY26P-202|transcribed_processed_pseudogene	0	-	intergenic	1209
chr20	47559654	47560933	ENSG00000101470[4,3,1]	0	-	47560748	47560862	255	2	216,452,	0,827,	chr20	47560782	47561109	retro_human_5007	0	-	intergenic	151
chr20	47559654	47560933	ENSG00000101470[4,4,1]	0	-	47559841	47560862	255	3	216,137,151,	0,827,1128,	chr20	47560782	47561109	retro_human_5007	0	-	intergenic	151
chr20	48192008	48193243	ENSG00000215452[1,1,2]	0	-	48192008	48192008	0	1	1235,	0,	chr20	48192110	48192565	retro_human_10908	0	-	intergenic	455
chr20	48199949	48201424	ENSG00000225849[1,1,2]	0	-	48199949	48199949	0	1	1475,	0,	chr20	48199818	48213336	MKRN7P-202|transcribed_processed_pseudogene	0	-	intergenic	1475
chr20	65149321	65168024	ENSG00000101204[1,1,1]	0	-	65152891	65167790	0	6	3693,1375,110,45,152,310,	0,6482,13296,13692,16821,18393,	chr20	65156437	65162730	retro_human_9507	0	-	intergenic	6293
chr20	65150167	65168024	ENSG00000101204[1,1,2]	0	-	65152891	65167790	0	6	2847,1375,110,45,152,310,	0,5636,12450,12846,15975,17547,	chr20	65156437	65162730	retro_human_9507	0	-	intergenic	6293
chr20	65150545	65168024	ENSG00000101204[1,1,16]	0	-	65152891	65167790	0	6	2469,1375,110,45,152,310,	0,5258,12072,12468,15597,17169,	chr20	65156437	65162730	retro_human_9507	0	-	intergenic	6293
chr20	65893208	65897340	ENSG00000171700[5,8,1]	0	-	65893914	65897281	255	5	895,235,75,122,176,	0,994,1317,3371,3956,	chr20	65893948	65894433	retro_human_8314	0	-	intergenic	485
chr20	65893208	65894396	ENSG00000171700[4,6,1]	0	-	65893914	65894382	255	2	895,194,	0,994,	chr20	65893948	65894433	retro_human_8314	0	-	intergenic	448
chr20	65893208	65897340	ENSG00000171700[5,9,1]	0	-	65893914	65896941	255	6	895,235,75,122,98,176,	0,994,1317,3371,3703,3956,	chr20	65893948	65894433	retro_human_8314	0	-	intergenic	485
chr21	5692525	5695728	ENSG00000188681[5,21,1]	0	-	5692525	5692525	255	4	385,155,231,689,	0,1170,1938,2514,	chr21	5694461	5697695	retro_human_10618	0	-	intergenic	1267
chr21	5692525	5695911	ENSG00000188681[6,21,1]	0	-	5692525	5692525	255	4	385,155,231,872,	0,1170,1938,2514,	chr21	5694461	5697695	retro_human_10618	0	-	intergenic	1450
chr21	9718060	9732729	ENSG00000270533[2,3,3]	0	-	9718060	9718060	255	2	351,119,	0,14550,	chr21	9588384	9732679	CR382285.1-201|transcribed_processed_pseudogene	0	-	intergenic	14619
chr21	25276285	25324950	ENSG00000154736[3,1,1]	0	-	25282472	25324778	0	8	6752,176,176,184,284,168,133,1276,	0,12013,14132,14995,16600,25520,36866,47389,	chr21	25313069	25324523	retro_human_10036	0	-	intergenic	11454
chr21	25281282	25324282	ENSG00000154736[4,1,3]	0	-	25282472	25323944	0	8	1755,176,176,184,284,168,133,608,	0,7016,9135,9998,11603,20523,31869,42392,	chr21	25313069	25324523	retro_human_10036	0	-	intergenic	11213
chr21	25281962	25324445	ENSG00000154736[5,1,4]	0	-	25282472	25323944	0	8	1075,176,176,184,284,168,133,771,	0,6336,8455,9318,10923,19843,31189,41712,	chr21	25313069	25324523	retro_human_10036	0	-	intergenic	11376
chr22	17553198	17553649	ENSG00000237358[1,1,1]	0	-	17553198	17553198	0	1	451,	0,	chr22	17553248	17553599	AC007064.1-201|processed_pseudogene	0	-	intergenic	351
chr22	18086365	18087597	ENSG00000229492[1,1,1]	0	+	18086449	18086881	0	1	1232,	0,	chr22	18086415	18087547	FO681548.1-201|processed_pseudogene	0	+	intergenic	1132
chr22	21076500	21079749	ENSG00000229107[1,1,1]	0	-	21076500	21076500	0	2	435,574,	0,2675,	chr22	21076550	21079699	retro_human_8877|ABHD17AP4-201|processed_pseudogene	0	-	intergenic	3149
chr22	22298745	22299237	ENSG00000225544[1,1,1]	0	-	22298745	22298745	0	1	492,	0,	chr22	22298795	22299187	AC245452.1-201|processed_pseudogene	0	-	intergenic	392
chr22	23813307	23825374	ENSG00000133519[2,2,1]	0	-	23813307	23813307	0	3	1169,824,262,	0,9204,11805,	chr22	23815305	23817684	retro_human_3324	0	+	intergenic	2379
chr22	23813307	23825528	ENSG00000133519[3,2,1]	0	-	23813307	23813307	0	3	1169,824,416,	0,9204,11805,	chr22	23815305	23817684	retro_human_3324	0	+	intergenic	2379
chr22	23881079	23883634	ENSG00000227755[2,3,2]	0	+	23881079	23881079	0	2	155,531,	0,2024,	chr22	23881129	23883584	AP000344.1-202|transcribed_processed_pseudogene	0	+	intergenic	2455
chr22	23881079	23883634	ENSG00000227755[2,3,2]	0	+	23881079	23881079	0	2	155,531,	0,2024,	chr22	23869351	23883539	AP000344.1-201|transcribed_processed_pseudogene	0	+	intergenic	2460
chr22	32654466	32669206	ENSG00000128253[1,7,1]	0	-	32654856	32657269	255	5	968,291,54,218,417,	0,2517,3960,11949,14323,	chr22	32654989	32657278	retro_human_8114	0	-	intergenic	2289
chr22	32654466	32666704	ENSG00000128253[2,5,1]	0	-	32654856	32657269	0	3	968,291,289,	0,2517,11949,	chr22	32654989	32657278	retro_human_8114	0	-	intergenic	2289
chr22	32654466	32667610	ENSG00000128253[3,3,1]	0	-	32654856	32666534	0	5	968,291,146,218,887,	0,2517,3960,11949,12257,	chr22	32654989	32657278	retro_human_8114	0	-	intergenic	2289
chr22	32654466	32657533	ENSG00000128253[4,4,1]	0	-	32654856	32657356	0	2	968,550,	0,2517,	chr22	32654989	32657278	retro_human_8114	0	-	intergenic	2289
chr22	32654735	32666704	ENSG00000128253[2,6,2]	0	-	32654856	32657269	0	4	699,291,54,289,	0,2248,3691,11680,	chr22	32654989	32657278	retro_human_8114	0	-	intergenic	2289
chr22	35578586	35689999	ENSG00000233080[2,2,1]	0	-	35578586	35578586	0	6	131,55,168,122,163,109,	0,239,51732,52636,75124,111304,	chr22	35578636	35689949	LINC01399-201|transcribed_processed_pseudogene	0	-	intergenic	111313
chr22	42611988	42612544	ENSG00000227370[1,1,1]	0	+	42611988	42611988	0	1	556,	0,	chr22	42612038	42612494	retro_human_1634|AC254562.1-201|processed_pseudogene	0	+	intergenic	456
chr22	50465123	50468783	ENSG00000198355[2,6,1]	0	+	50465608	50467785	255	6	570,110,51,370,177,1138,	0,662,855,979,2226,2522,	chr22	50466247	50466729	retro_human_6716	0	+	intergenic	482
chr22	50465123	50468783	ENSG00000198355[2,8,1]	0	+	50467444	50467785	255	5	570,110,494,177,1183,	0,662,855,2226,2477,	chr22	50466247	50466729	retro_human_6716	0	+	intergenic	482
chr22	50465123	50468783	ENSG00000198355[2,5,1]	0	+	50465608	50467694	255	6	570,110,51,370,177,1181,	0,662,855,979,2226,2479,	chr22	50466247	50466729	retro_human_6716	0	+	intergenic	482
chr22	50465123	50468783	ENSG00000198355[2,1,1]	0	+	50465608	50467785	0	6	570,110,51,370,177,1183,	0,662,855,979,2226,2477,	chr22	50466247	50466729	retro_human_6716	0	+	intergenic	482
chr22	50465378	50468783	ENSG00000198355[1,15,1]	0	+	50467444	50467785	255	2	2148,1183,	0,2222,	chr22	50466247	50466729	retro_human_6716	0	+	intergenic	482
chr22	50465378	50468783	ENSG00000198355[1,11,1]	0	+	50467444	50467785	255	4	517,494,177,1183,	0,600,1971,2222,	chr22	50466247	50466729	retro_human_6716	0	+	intergenic	482
chr22	50465378	50468783	ENSG00000198355[1,13,1]	0	+	50467683	50467785	255	2	1094,1434,	0,1971,	chr22	50466247	50466729	retro_human_6716	0	+	intergenic	482
chr22	50465378	50468783	ENSG00000198355[1,14,1]	0	+	50467444	50467785	255	3	1094,177,1183,	0,1971,2222,	chr22	50466247	50466729	retro_human_6716	0	+	intergenic	482
chr22	50465378	50468783	ENSG00000198355[1,7,1]	0	+	50465608	50467785	255	6	315,110,51,157,177,1183,	0,407,600,937,1971,2222,	chr22	50466247	50466729	retro_human_6716	0	+	intergenic	482
chr22	50465378	50468783	ENSG00000198355[1,9,1]	0	+	50467444	50467785	255	5	315,244,370,177,1183,	0,407,724,1971,2222,	chr22	50466247	50466729	retro_human_6716	0	+	intergenic	482
chr22	50465378	50468783	ENSG00000198355[1,12,1]	0	+	50467444	50467785	255	4	651,370,177,1183,	0,724,1971,2222,	chr22	50466247	50466729	retro_human_6716	0	+	intergenic	482
chr22	50465378	50468783	ENSG00000198355[1,6,1]	0	+	50465608	50467785	255	6	315,110,51,370,177,1138,	0,407,600,724,1971,2267,	chr22	50466247	50466729	retro_human_6716	0	+	intergenic	482
chr22	50465378	50468783	ENSG00000198355[1,4,1]	0	+	50465608	50467579	255	5	315,110,51,370,1434,	0,407,600,724,1971,	chr22	50466247	50466729	retro_human_6716	0	+	intergenic	482
chr22	50465378	50468783	ENSG00000198355[1,8,1]	0	+	50467444	50467785	255	5	315,110,494,177,1183,	0,407,600,1971,2222,	chr22	50466247	50466729	retro_human_6716	0	+	intergenic	482
chr22	50465378	50468783	ENSG00000198355[1,10,1]	0	+	50467444	50467785	255	5	517,51,370,177,1183,	0,600,724,1971,2222,	chr22	50466247	50466729	retro_human_6716	0	+	intergenic	482
chr22	50465378	50468783	ENSG00000198355[1,5,1]	0	+	50465608	50467694	255	6	315,110,51,370,177,1181,	0,407,600,724,1971,2224,	chr22	50466247	50466729	retro_human_6716	0	+	intergenic	482
chr22	50465378	50466357	ENSG00000198355[1,2,2]	0	+	50465608	50465985	0	3	517,51,255,	0,600,724,	chr22	50466247	50466729	retro_human_6716	0	+	intergenic	110
chr22	50465378	50468783	ENSG00000198355[1,1,1]	0	+	50465608	50467785	0	6	315,110,51,370,177,1183,	0,407,600,724,1971,2222,	chr22	50466247	50466729	retro_human_6716	0	+	intergenic	482
chr22	51135478	51138733	ENSG00000100299[1,10,2]	0	-	51135658	51137419	255	6	497,103,128,125,170,1389,	0,611,968,1186,1623,1866,	chr22	51137680	51138230	retro_human_10562	0	-	intergenic	550
chr22	51135478	51138327	ENSG00000100299[6,12,2]	0	-	51135658	51137196	255	6	497,103,128,125,816,261,	0,611,968,1186,1623,2588,	chr22	51137680	51138230	retro_human_10562	0	-	intergenic	550
chr22	51135478	51138733	ENSG00000100299[1,12,2]	0	-	51135658	51137196	255	6	497,103,128,125,816,667,	0,611,968,1186,1623,2588,	chr22	51137680	51138230	retro_human_10562	0	-	intergenic	550
chr22	51135478	51138327	ENSG00000100299[6,14,2]	0	-	51135921	51138290	255	7	497,128,125,170,219,241,261,	0,968,1186,1623,1866,2198,2588,	chr22	51137680	51138230	retro_human_10562	0	-	intergenic	550
chr22	51135478	51138733	ENSG00000100299[1,14,2]	0	-	51135921	51138290	255	7	497,128,125,170,219,241,667,	0,968,1186,1623,1866,2198,2588,	chr22	51137680	51138230	retro_human_10562	0	-	intergenic	550
chr22	51135478	51138327	ENSG00000100299[6,13,2]	0	-	51135658	51137419	255	7	497,103,128,125,170,573,261,	0,611,968,1186,1623,1866,2588,	chr22	51137680	51138230	retro_human_10562	0	-	intergenic	550
chr22	51135478	51138733	ENSG00000100299[1,13,2]	0	-	51135658	51137419	255	7	497,103,128,125,170,573,667,	0,611,968,1186,1623,1866,2588,	chr22	51137680	51138230	retro_human_10562	0	-	intergenic	550
chr22	51135478	51138733	ENSG00000100299[1,9,2]	0	-	51135658	51137196	255	5	497,103,128,125,1632,	0,611,968,1186,1623,	chr22	51137680	51138230	retro_human_10562	0	-	intergenic	550
chr22	51135478	51138327	ENSG00000100299[6,9,2]	0	-	51135658	51137196	255	5	497,103,128,125,1226,	0,611,968,1186,1623,	chr22	51137680	51138230	retro_human_10562	0	-	intergenic	550
chr22	51135478	51138733	ENSG00000100299[1,5,2]	0	-	51135658	51137883	0	8	497,103,128,125,170,219,241,277,	0,611,968,1186,1623,1866,2198,2978,	chr22	51137680	51138230	retro_human_10562	0	-	intergenic	550
chr22	51135478	51138733	ENSG00000100299[1,2,2]	0	-	51135658	51138290	0	9	497,103,128,125,170,219,241,237,325,	0,611,968,1186,1623,1866,2198,2588,2930,	chr22	51137680	51138230	retro_human_10562	0	-	intergenic	550
chr22	51135478	51138733	ENSG00000100299[1,4,2]	0	-	51135658	51138290	0	9	497,103,128,125,170,219,241,237,232,	0,611,968,1186,1623,1866,2198,2588,3023,	chr22	51137680	51138230	retro_human_10562	0	-	intergenic	550
chr22	51135478	51138733	ENSG00000100299[1,3,2]	0	-	51135658	51138290	0	9	497,103,128,125,170,219,241,237,277,	0,611,968,1186,1623,1866,2198,2588,2978,	chr22	51137680	51138230	retro_human_10562	0	-	intergenic	550
chr22	51135478	51138327	ENSG00000100299[6,1,2]	0	-	51135658	51138290	0	8	497,103,128,125,170,219,241,261,	0,611,968,1186,1623,1866,2198,2588,	chr22	51137680	51138230	retro_human_10562	0	-	intergenic	550
chr22	51135478	51138733	ENSG00000100299[1,1,2]	0	-	51135658	51138290	0	8	497,103,128,125,170,219,241,667,	0,611,968,1186,1623,1866,2198,2588,	chr22	51137680	51138230	retro_human_10562	0	-	intergenic	550
chr22	51137051	51138733	ENSG00000100299[1,8,3]	0	-	51137547	51138290	0	2	866,667,	0,1015,	chr22	51137680	51138230	retro_human_10562	0	-	intergenic	550
chr1	16478290	16481348	TALONG000059677[1,1,1]	0	-	16481348	16481348	0	9	323,140,107,147,78,121,37,885,240,	0,447,683,871,1145,1395,1604,1732,2818,	chr1	16480738	16482323	retro_human_5052	0	-	intergenic	610
chr1	16478290	16481159	TALONG000059677[2,2,1]	0	-	16481159	16481159	0	6	323,140,107,147,496,1137,	0,447,683,871,1145,1732,	chr1	16480738	16482323	retro_human_5052	0	-	intergenic	421
