chr5	181892717	181897344	ENSG00000237094[6,7,2]	0	+	181897344	181897344	0	2	243,233,	0,4394,	chr5	181892418	181895209	retro_human_9324|AC138035.3-1|processed_pseudogene	0	-	CICP15	2492
chr1	146488	151124	ENSG00000230021[8,12,3]	0	-	146488	146488	0	2	227,257,	0,4379,	chr1	148603	151415	CICP18-201|transcribed_processed_pseudogene	0	-	CICP3	2521
chr1	146488	151124	ENSG00000230021[8,12,3]	0	-	146488	146488	0	2	227,257,	0,4379,	chr1	148607	151413	retro_human_9205|CICP3-201|processed_pseudogene	0	+	CICP3	2517
chr1	208423	208637	ENSG00000285268[1,1,1]	0	+	208423	208423	0	1	214,	0,	chr1	208473	208587	AL669831.6-201|transcribed_processed_pseudogene	0	+	LINC01409	114
chr1	1159155	1180410	ENSG00000215790[2,3,1]	0	-	1159784	1173931	0	7	635,146,128,136,469,418,319,	0,9911,13539,14140,14454,19463,20936,	chr1	1166926	1170356	AL031282.1-203|transcribed_processed_pseudogene	0	+	SLC35E2A	3430
chr1	1159155	1180410	ENSG00000215790[2,3,1]	0	-	1159784	1173931	0	7	635,146,128,136,469,418,319,	0,9911,13539,14140,14454,19463,20936,	chr1	1158982	1166277	AL031282.1-202|transcribed_processed_pseudogene	0	+	SLC35E2A	7122
chr1	1161702	1180410	ENSG00000215790[2,5,5]	0	-	1164020	1173931	255	6	2345,146,128,136,469,319,	0,7364,10992,11593,11907,18389,	chr1	1166926	1170356	AL031282.1-203|transcribed_processed_pseudogene	0	+	SLC35E2A	3430
chr1	1161702	1180410	ENSG00000215790[2,5,5]	0	-	1164020	1173931	255	6	2345,146,128,136,469,319,	0,7364,10992,11593,11907,18389,	chr1	1158982	1166277	AL031282.1-202|transcribed_processed_pseudogene	0	+	SLC35E2A	4575
chr1	1161702	1180410	ENSG00000215790[2,6,5]	0	-	1164020	1173931	255	7	2345,146,128,136,469,418,319,	0,7364,10992,11593,11907,16916,18389,	chr1	1166926	1170356	AL031282.1-203|transcribed_processed_pseudogene	0	+	SLC35E2A	3430
chr1	1161702	1180410	ENSG00000215790[2,6,5]	0	-	1164020	1173931	255	7	2345,146,128,136,469,418,319,	0,7364,10992,11593,11907,16916,18389,	chr1	1158982	1166277	AL031282.1-202|transcribed_processed_pseudogene	0	+	SLC35E2A	4575
chr1	1161702	1180410	ENSG00000215790[2,2,5]	0	-	1166830	1173931	0	6	5194,146,128,136,469,319,	0,7364,10992,11593,11907,18389,	chr1	1166926	1170356	AL031282.1-203|transcribed_processed_pseudogene	0	+	SLC35E2A	3430
chr1	1161702	1180410	ENSG00000215790[2,2,5]	0	-	1166830	1173931	0	6	5194,146,128,136,469,319,	0,7364,10992,11593,11907,18389,	chr1	1158982	1166277	AL031282.1-202|transcribed_processed_pseudogene	0	+	SLC35E2A	4575
chr1	1166150	1170051	ENSG00000215790[3,4,4]	0	-	1166830	1169591	0	3	746,146,467,	0,2916,3434,	chr1	1166926	1170356	AL031282.1-203|transcribed_processed_pseudogene	0	+	SLC35E2A	3125
chr1	6361957	6362343	ENSG00000227950[1,1,1]	0	-	6361957	6361957	0	1	386,	0,	chr1	6362007	6362293	retro_human_10364|AL590128.1-201|processed_pseudogene	0	-	RPL37P9,LOC124903832	286
chr1	11421822	11424559	ENSG00000224904[1,1,1]	0	+	11421822	11421822	0	1	2737,	0,	chr1	11421872	11424509	retro_human_7777|SBF1P2-201|processed_pseudogene	0	+	SBF1P2	2637
chr1	15049257	15049804	ENSG00000235084[1,1,1]	0	+	15049257	15049257	0	1	547,	0,	chr1	15049307	15049754	retro_human_8340|CHCHD2P6-201|processed_pseudogene	0	+	CHCHD2P6	447
chr1	15059304	15059629	ENSG00000236500[1,1,1]	0	-	15059304	15059304	0	1	325,	0,	chr1	15059354	15059579	retro_human_336|CD24P1-201|processed_pseudogene	0	-	CD24P1	225
chr1	15682495	15682781	ENSG00000233929[1,1,1]	0	-	15682495	15682495	0	1	286,	0,	chr1	15682545	15682731	retro_human_338|MT1XP1-201|processed_pseudogene	0	-	MT1XP1	186
chr1	16401182	16401717	ENSG00000236698[1,1,1]	0	-	16401182	16401182	0	1	535,	0,	chr1	16401232	16401667	retro_human_341|EIF1AXP1-201|processed_pseudogene	0	-	EIF1AXP1	435
chr1	16698915	16700204	ENSG00000238142[1,6,3]	0	-	16698915	16698915	0	2	298,228,	0,1061,	chr1	16699523	16700031	BX284668.4-201|processed_pseudogene	0	+	LOC105376805,LOC107985101	508
chr1	16698915	16700204	ENSG00000238142[1,4,3]	0	-	16698915	16698915	0	2	298,560,	0,729,	chr1	16699523	16700031	BX284668.4-201|processed_pseudogene	0	+	LOC105376805,LOC107985101	508
chr1	16698915	16700204	ENSG00000238142[1,7,3]	0	-	16698915	16698915	0	2	295,228,	0,1061,	chr1	16699523	16700031	BX284668.4-201|processed_pseudogene	0	+	LOC105376805,LOC107985101	508
chr1	19431507	19432062	ENSG00000226396[1,1,1]	0	+	19431795	19431927	0	1	555,	0,	chr1	19431557	19432012	retro_human_8925|AL031727.1-201|processed_pseudogene	0	+	RPS14P3	455
chr1	21854269	21854591	ENSG00000285794[1,1,1]	0	+	21854269	21854269	0	1	322,	0,	chr1	21854319	21854541	AL031281.1-201|transcribed_processed_pseudogene	0	+	LINC00339	222
chr1	21892052	21892640	ENSG00000271428[1,1,1]	0	-	21892052	21892052	0	1	588,	0,	chr1	21892102	21892590	retro_human_5044|MPHOSPH6P1-201|processed_pseudogene	0	-	LOC124903873	488
chr1	23738835	23740190	ENSG00000229106[1,1,1]	0	-	23739858	23740152	0	1	1355,	0,	chr1	23738885	23740140	retro_human_10541|BTBD6P1-201|processed_pseudogene	0	-	BTBD6P1	1255
chr1	25130378	25130958	ENSG00000224183[1,1,1]	0	-	25130431	25130908	0	1	580,	0,	chr1	25130428	25130908	retro_human_7141|SDHDP6-201|processed_pseudogene	0	-	SDHDP6	480
chr1	25234957	25235535	ENSG00000238084[1,1,1]	0	+	25234957	25234957	0	1	578,	0,	chr1	25235007	25235485	retro_human_9504|AL031284.1-201|processed_pseudogene	0	+	SDHDP7	478
chr1	27042009	27042749	ENSG00000214973[1,1,1]	0	-	27042009	27042009	0	1	740,	0,	chr1	27042059	27042699	retro_human_5477|CHCHD3P3-201|processed_pseudogene	0	-	CHCHD3P3	640
chr1	27166512	27167080	ENSG00000241547[1,1,1]	0	+	27166529	27167027	0	1	568,	0,	chr1	27166562	27167030	retro_human_10142|ACTG1P20-201|processed_pseudogene	0	+	ACTG1P20	468
chr1	27490679	27490971	ENSG00000235912[1,1,1]	0	+	27490679	27490679	0	1	292,	0,	chr1	27490729	27490921	AL031729.1-201|processed_pseudogene	0	+	LOC729973	192
chr1	27937524	27938305	ENSG00000228589[1,1,1]	0	-	27937524	27937524	0	1	781,	0,	chr1	27937574	27938255	retro_human_10996|SPCS2P4-201|processed_pseudogene	0	-	SPCS2P4	681
chr1	32259974	32261081	ENSG00000224333[1,1,1]	0	-	32259974	32259974	0	1	1107,	0,	chr1	32260024	32261031	retro_human_4221|GAPDHP20-201|processed_pseudogene	0	-	GAPDHP20	1007
chr1	33141899	33143617	ENSG00000160094[3,5,4]	0	+	33143220	33143406	0	2	158,437,	0,1281,	chr1	33143179	33143514	retro_human_82	0	+	ZNF362	335
chr1	35942889	35946952	ENSG00000232862[2,2,1]	0	-	35942889	35942889	0	3	1496,177,101,	0,2210,3962,	chr1	35943193	35944091	retro_human_2325|AL138787.1-202|transcribed_processed_pseudogene	0	-	LOC100128093	898
chr1	35943143	35944141	ENSG00000232862[1,1,2]	0	-	35943143	35943143	0	1	998,	0,	chr1	35943193	35944091	retro_human_2325|AL138787.1-202|transcribed_processed_pseudogene	0	-	LOC100128093	898
chr1	37409473	37410105	ENSG00000232273[1,1,1]	0	+	37409473	37409473	0	1	632,	0,	chr1	37409523	37410055	retro_human_5599|FTH1P1-201|processed_pseudogene	0	+	FTH1P1	532
chr1	37420947	37421300	ENSG00000237749[1,1,1]	0	+	37420947	37420947	0	1	353,	0,	chr1	37420997	37421250	retro_human_11097|AL034379.1-201|processed_pseudogene	0	+	RPS27P9	253
chr1	39587399	39588067	ENSG00000225333[1,1,1]	0	+	39587399	39587399	0	1	668,	0,	chr1	39587449	39588017	retro_human_11093|AL035404.1-201|processed_pseudogene	0	+	LOC100128091	568
chr1	39832076	39832901	ENSG00000228477[1,1,1]	0	+	39832173	39832848	0	1	825,	0,	chr1	39832126	39832851	retro_human_11095|AL663070.1-201|processed_pseudogene	0	+	RPS2P12	725
chr1	40002176	40002961	ENSG00000226745[1,1,1]	0	+	40002176	40002176	0	1	785,	0,	chr1	40002226	40002911	retro_human_11102|OAZ1P1-201|processed_pseudogene	0	+	OAZ1P1	685
chr1	42712324	42716953	ENSG00000228192[1,4,4]	0	-	42712324	42712324	0	5	169,142,47,174,216,	0,930,1559,2667,4413,	chr1	42712912	42713478	retro_human_10712	0	+	ERMAP	566
chr1	42712324	42716953	ENSG00000228192[1,3,4]	0	-	42712324	42712324	0	5	169,142,47,100,216,	0,930,1559,2667,4413,	chr1	42712912	42713478	retro_human_10712	0	+	ERMAP	566
chr1	43721075	43722487	ENSG00000224751[1,1,1]	0	-	43721075	43721075	0	1	1412,	0,	chr1	43721125	43722437	retro_human_10130|SHMT1P1-201|processed_pseudogene	0	-	SHMT1P1	1312
chr1	43974192	43975711	ENSG00000271647[1,1,1]	0	-	43974192	43974192	0	1	1519,	0,	chr1	43974242	43975661	retro_human_6706|KRT8P47-201|processed_pseudogene	0	-	LOC128966738	1419
chr1	43993041	43993501	ENSG00000233514[1,1,1]	0	-	43993041	43993041	0	1	460,	0,	chr1	43993091	43993451	retro_human_6707|AL356653.1-201|processed_pseudogene	0	-	LOC100129492	360
chr1	44651273	44651758	ENSG00000234093[1,1,1]	0	-	44651273	44651273	0	1	485,	0,	chr1	44651323	44651708	retro_human_6703|RPS15AP11-201|processed_pseudogene	0	-	RPS15AP11	385
chr1	44830135	44831074	ENSG00000229815[1,1,1]	0	+	44830135	44830135	0	1	939,	0,	chr1	44830185	44831024	retro_human_6386|CCNB1IP1P1-201|processed_pseudogene	0	+	CCNB1IP1P1	839
chr1	44941495	44942048	ENSG00000234315[1,1,1]	0	-	44941683	44941998	0	1	553,	0,	chr1	44941545	44941998	retro_human_6711|OSTCP5-201|processed_pseudogene	0	-	OSTCP5	453
chr1	45518107	45518589	ENSG00000225447[1,1,1]	0	-	45518294	45518420	0	1	482,	0,	chr1	45518157	45518539	retro_human_892|RPS15AP10-201|processed_pseudogene	0	-	RPS15AP10	382
chr1	45658410	45659191	ENSG00000236111[1,1,1]	0	+	45658410	45658410	0	1	781,	0,	chr1	45658460	45659141	retro_human_6385|AL603882.1-201|processed_pseudogene	0	+	RPL6P1	681
chr1	46060603	46063232	ENSG00000117472[2,20,1]	0	+	46060892	46062750	255	7	301,207,75,99,156,84,527,	0,807,1210,1401,1576,1841,2102,	chr1	46061417	46061704	retro_human_5046	0	+	TSPAN1	287
chr1	48314631	48315988	ENSG00000235105[1,1,1]	0	+	48314631	48314631	0	1	1357,	0,	chr1	48314681	48315938	retro_human_603|AL356968.2-201|processed_pseudogene	0	+	LOC644462	1257
chr1	48375980	48376554	ENSG00000232514[1,1,1]	0	-	48375980	48375980	0	1	574,	0,	chr1	48376030	48376504	retro_human_6081|AL356968.1-201|processed_pseudogene	0	-	RPL21P25	474
chr1	50660205	50661116	ENSG00000230585[1,1,1]	0	+	50660205	50660205	0	1	911,	0,	chr1	50660255	50661066	retro_human_604|PHBP12-201|processed_pseudogene	0	+	PHB1P12	811
chr1	51252131	51253186	ENSG00000232027[1,1,1]	0	+	51252131	51252131	0	1	1055,	0,	chr1	51252181	51253136	retro_human_607|AL671986.1-201|processed_pseudogene	0	+	LOC100422413	955
chr1	51740599	51741057	ENSG00000230604[1,1,1]	0	+	51740599	51740599	0	1	458,	0,	chr1	51740649	51741007	retro_human_609|TSEN15P2-201|processed_pseudogene	0	+	TSEN15P2	358
chr1	52250091	52250759	ENSG00000224680[1,1,1]	0	+	52250091	52250091	0	1	668,	0,	chr1	52250141	52250709	retro_human_5996|PLA2G12AP1-201|processed_pseudogene	0	+	PLA2G12AP1	568
chr1	52454533	52455336	ENSG00000236290[1,1,1]	0	+	52454533	52454533	0	1	803,	0,	chr1	52454583	52455286	retro_human_5989|EEF1GP7-201|processed_pseudogene	0	+	EEF1GP7	703
chr1	52801887	52802162	ENSG00000230953[1,1,1]	0	+	52801887	52801887	0	1	275,	0,	chr1	52801937	52802112	retro_human_5992|AC099677.1-201|processed_pseudogene	0	+	LOC112268226	175
chr1	52825001	52825496	ENSG00000237279[1,1,1]	0	-	52825001	52825001	0	1	495,	0,	chr1	52825051	52825446	retro_human_685|H3P2-201|processed_pseudogene	0	-	H3P2	395
chr1	52874670	52875272	ENSG00000236360[1,1,1]	0	-	52874670	52874670	0	1	602,	0,	chr1	52874720	52875222	retro_human_6471|RRAS2P1-201|processed_pseudogene	0	-	RRAS2P1,SCP2	502
chr1	52876195	52877596	ENSG00000226147[1,1,1]	0	+	52876972	52877443	0	1	1401,	0,	chr1	52876245	52877546	retro_human_5988|TUBBP10-201|processed_pseudogene	0	+	TUBBP10	1301
chr1	52954561	52954941	ENSG00000227644[1,1,1]	0	-	52954561	52954561	0	1	380,	0,	chr1	52954611	52954891	retro_human_6470|HIGD1AP11-201|processed_pseudogene	0	-	HIGD1AP11	280
chr1	53319222	53321857	ENSG00000236253[4,1,3]	0	-	53319222	53319222	0	1	2635,	0,	chr1	53320608	53321539	SLC25A3P1-201|transcribed_processed_pseudogene	0	-	SLC25A3P1	931
chr1	53320557	53321589	ENSG00000236253[1,1,2]	0	-	53320557	53320557	0	1	1032,	0,	chr1	53320608	53321539	SLC25A3P1-201|transcribed_processed_pseudogene	0	-	SLC25A3P1	931
chr1	53857827	53858990	ENSG00000219102[1,1,1]	0	-	53857827	53857827	0	1	1163,	0,	chr1	53857877	53858940	retro_human_6468|HNRNPA3P12-201|processed_pseudogene	0	-	HNRNPA3P12	1063
chr1	53972708	53973046	ENSG00000225183[1,1,1]	0	+	53972818	53972920	0	1	338,	0,	chr1	53972758	53972996	retro_human_250|AL353898.1-201|processed_pseudogene	0	+	COX7BP3	238
chr1	57926692	57928239	ENSG00000229887[1,1,1]	0	-	57926692	57926692	0	1	1547,	0,	chr1	57927031	57928142	retro_human_6464	0	-	HNRNPA1P6	1111
chr1	57926978	57928239	ENSG00000229887[1,1,2]	0	-	57926978	57926978	0	1	1261,	0,	chr1	57927031	57928142	retro_human_6464	0	-	HNRNPA1P6	1111
chr1	57934936	57935384	ENSG00000223416[1,1,1]	0	-	57934936	57934936	0	1	448,	0,	chr1	57934986	57935334	retro_human_6614|RPS26P15-201|processed_pseudogene	0	-	RPS26P15	348
chr1	58508759	58509549	ENSG00000185839[1,1,1]	0	-	58508759	58508759	0	1	790,	0,	chr1	58508809	58509499	retro_human_2321|AL035411.1-201|processed_pseudogene	0	-	AK2P1	690
chr1	58877945	58878864	ENSG00000228121[1,1,1]	0	+	58877945	58877945	0	1	919,	0,	chr1	58877995	58878814	retro_human_245|PHBP3-201|processed_pseudogene	0	+	PHB1P3	819
chr1	64862562	64864142	ENSG00000185031[1,1,1]	0	-	64862714	64863992	0	1	1580,	0,	chr1	64862612	64864092	retro_human_1063|SLC2A3P2-201|processed_pseudogene	0	-	SLC2A3P2	1480
chr1	68039141	68040571	ENSG00000234383[1,1,1]	0	-	68039187	68039742	0	1	1430,	0,	chr1	68039191	68040521	retro_human_7785|CTBP2P8-201|processed_pseudogene	0	-	CTBP2P8	1330
chr1	75580035	75581489	ENSG00000181227[1,1,1]	0	-	75580035	75580035	0	1	1454,	0,	chr1	75580085	75581439	retro_human_8962|DLSTP1-201|processed_pseudogene	0	-	DLSTP1	1354
chr1	76537373	76538223	ENSG00000226415[1,1,1]	0	+	76537373	76537373	0	1	850,	0,	chr1	76537423	76538173	retro_human_6606|TPI1P1-201|processed_pseudogene	0	+	TPI1P1	750
chr1	77649622	77650643	ENSG00000219201[1,1,1]	0	-	77649622	77649622	0	1	1021,	0,	chr1	77649672	77650593	retro_human_1447|AC138392.1-201|processed_pseudogene	0	-	LOC653631	921
chr1	77882241	77883107	ENSG00000213561[1,1,1]	0	-	77882241	77882241	0	1	866,	0,	chr1	77882291	77883057	retro_human_1448|AC103591.2-201|processed_pseudogene	0	-	LOC100131495	766
chr1	78505076	78505600	ENSG00000238015[1,1,1]	0	+	78505076	78505076	0	1	524,	0,	chr1	78505126	78505550	retro_human_6613|AC104837.2-201|processed_pseudogene	0	+	RPL23P3	424
chr1	80120972	80121691	ENSG00000236407[1,1,1]	0	+	80120972	80120972	0	1	719,	0,	chr1	80121022	80121641	retro_human_1197|HMGB1P18-201|processed_pseudogene	0	+	HMGB1P18	619
chr1	81046435	81047178	ENSG00000235089[1,1,1]	0	+	81046435	81046435	0	1	743,	0,	chr1	81046485	81047128	retro_human_1195|AL357632.1-201|processed_pseudogene	0	+	RPL10AP4	643
chr1	81433680	81434129	ENSG00000234683[1,1,1]	0	-	81433680	81433680	0	1	449,	0,	chr1	81433729	81434079	retro_human_7300|AL138799.2-201|processed_pseudogene	0	-	RPS20P7	350
chr1	86624890	86625545	ENSG00000230721[1,1,1]	0	+	86624890	86624890	0	1	655,	0,	chr1	86624940	86625495	retro_human_6213|AL049597.1-201|processed_pseudogene	0	+	RPL17P5	555
chr1	88672439	88672857	ENSG00000241975[1,1,1]	0	+	88672622	88672769	0	1	418,	0,	chr1	88672489	88672807	retro_human_6210|ELOCP19-201|processed_pseudogene	0	+	ELOCP19	318
chr1	88947587	88948170	ENSG00000234518[1,1,1]	0	-	88947587	88947587	0	1	583,	0,	chr1	88947637	88948120	retro_human_1829|PTGES3P1-201|processed_pseudogene	0	-	PTGES3P1	483
chr1	89836764	89837593	ENSG00000228175[1,1,1]	0	-	89836764	89836764	0	1	829,	0,	chr1	89836814	89837543	retro_human_109|GEMIN8P4-201|processed_pseudogene	0	-	GEMIN8P4	729
chr1	90868487	90869473	ENSG00000232393[1,1,1]	0	+	90868487	90868487	0	1	986,	0,	chr1	90868537	90869423	retro_human_6206|RPL5P6-201|processed_pseudogene	0	+	RPL5P6	886
chr1	91444713	91444964	ENSG00000229067[1,1,1]	0	+	91444713	91444713	0	1	251,	0,	chr1	91444763	91444914	retro_human_811|AL714022.1-201|processed_pseudogene	0	+	RPL39P13	151
chr1	92047961	92048905	ENSG00000226773[1,1,1]	0	+	92047961	92047961	0	1	944,	0,	chr1	92048011	92048855	AL663109.1-201|processed_pseudogene	0	+	LOC100419803	844
chr1	92491854	92492537	ENSG00000229992[1,1,1]	0	-	92491989	92492217	0	1	683,	0,	chr1	92491904	92492487	retro_human_4412|HMGB3P9-201|processed_pseudogene	0	-	HMGB3P9	583
chr1	92600955	92602218	ENSG00000223896[1,1,1]	0	+	92600955	92600955	0	1	1263,	0,	chr1	92601005	92602168	retro_human_809|CCNJP2-201|processed_pseudogene	0	+	CCNJP2	1163
chr1	92775848	92779350	ENSG00000229052[1,1,2]	0	+	92775848	92775848	0	1	3502,	0,	chr1	92776547	92777293	AL449283.1-202|transcribed_processed_pseudogene	0	+	LOC100127934	746
chr1	93124502	93124771	ENSG00000229567[1,1,1]	0	-	93124502	93124502	0	1	269,	0,	chr1	93124552	93124721	AL139421.1-201|processed_pseudogene	0	-	LOC100130531	169
chr1	93769478	93769978	ENSG00000223490[1,1,1]	0	-	93769478	93769478	0	1	500,	0,	chr1	93769528	93769928	CHCHD2P5-201|processed_pseudogene	0	-	CHCHD2P5	400
chr1	94498544	94499479	ENSG00000232857[1,1,1]	0	-	94498544	94498544	0	1	935,	0,	chr1	94498594	94499429	retro_human_4422|KATNBL1P2-201|processed_pseudogene	0	-	KATNBL1P2	835
chr1	96238795	96239637	ENSG00000225923[1,1,1]	0	+	96238795	96238795	0	1	842,	0,	chr1	96238845	96239587	retro_human_805|AC092393.1-201|processed_pseudogene	0	+	LOC101060164	742
chr1	96526957	96527804	ENSG00000137970[1,1,1]	0	-	96526957	96526957	0	1	847,	0,	chr1	96527007	96527754	retro_human_10319|RPL7P9-201|processed_pseudogene	0	-	RPL7P9	747
chr1	98856312	98856669	ENSG00000227034[1,1,1]	0	+	98856312	98856312	0	1	357,	0,	chr1	98856362	98856619	AL445433.1-201|processed_pseudogene	0	+	PLPPR5	257
chr1	99690792	99691044	ENSG00000231996[1,1,1]	0	+	99690792	99690792	0	1	252,	0,	chr1	99690842	99690994	retro_human_5789|AC096949.1-201|processed_pseudogene	0	+	RPL39P9	152
chr1	100061293	100061771	ENSG00000225169[1,1,1]	0	+	100061293	100061293	0	1	478,	0,	chr1	100061343	100061721	retro_human_418|BRI3P1-201|processed_pseudogene	0	+	BRI3P1	378
chr1	100789803	100790882	ENSG00000230946[1,1,1]	0	-	100789803	100789803	0	1	1079,	0,	chr1	100789853	100790832	retro_human_10324|HNRNPA1P68-201|processed_pseudogene	0	-	HNRNPA1P68	979
chr1	101105656	101106097	ENSG00000228399[1,1,1]	0	+	101105656	101105656	0	1	441,	0,	chr1	101105704	101106047	retro_human_422|AL109741.2-201|processed_pseudogene	0	+	RPS20P6	343
chr1	107542696	107543042	ENSG00000224550[1,1,1]	0	+	107542696	107542696	0	1	346,	0,	chr1	107542746	107542992	retro_human_5374|AC114491.1-201|processed_pseudogene	0	+	NDUFA4P1	246
chr1	108800068	108800912	ENSG00000228076[1,1,1]	0	-	108800068	108800068	0	1	844,	0,	chr1	108800118	108800862	retro_human_7077|AL591719.1-201|processed_pseudogene	0	-	LOC100271656	744
chr1	109063385	109063738	ENSG00000228665[1,1,1]	0	+	109063385	109063385	0	1	353,	0,	chr1	109063435	109063688	retro_human_5376|BX679664.1-201|processed_pseudogene	0	+	RPS27P6	253
chr1	109679810	109680640	ENSG00000235045[1,1,1]	0	+	109679810	109679810	0	1	830,	0,	chr1	109679860	109680590	retro_human_35|RPL7P8-201|processed_pseudogene	0	+	RPL7P8	730
chr1	109820735	109821192	ENSG00000224927[1,1,1]	0	-	109820735	109820735	0	1	457,	0,	chr1	109820785	109821142	retro_human_7083|NDUFA5P10-201|processed_pseudogene	0	-	NDUFA5P10	357
chr1	111394923	111395304	ENSG00000236012[1,1,1]	0	+	111394923	111394923	0	1	381,	0,	chr1	111394973	111395254	retro_human_4569|HIGD1AP12-201|processed_pseudogene	0	+	HIGD1AP12	281
chr1	111452147	111452771	ENSG00000233337[1,1,1]	0	+	111452147	111452147	0	1	624,	0,	chr1	111452197	111452721	retro_human_8213|UBE2FP3-201|processed_pseudogene	0	+	UBE2FP3	524
chr1	112935947	112936962	ENSG00000229020[1,1,1]	0	+	112935947	112935947	0	1	1015,	0,	chr1	112935997	112936912	retro_human_8218|AKR7A2P1-201|processed_pseudogene	0	+	AKR7A2P1	915
chr1	113137201	113138864	ENSG00000237278[1,1,1]	0	-	113137201	113137201	0	1	1663,	0,	chr1	113137251	113138814	RLIMP2-201|processed_pseudogene	0	-	RLIMP2,LRIG2	1563
chr1	113180838	113181348	ENSG00000233839[1,1,1]	0	+	113180838	113180838	0	1	510,	0,	chr1	113180888	113181298	retro_human_8217|AL357055.1-201|processed_pseudogene	0	+	RPS19P2	410
chr1	114479953	114481021	ENSG00000225650[1,1,1]	0	+	114479953	114479953	0	1	1068,	0,	chr1	114480003	114480971	retro_human_2741|EIF2S2P5-201|processed_pseudogene	0	+	EIF2S2P5	968
chr1	115575696	115576628	ENSG00000232185[1,1,1]	0	+	115575696	115575696	0	1	932,	0,	chr1	115575746	115576578	retro_human_2739|CNOT7P2-201|processed_pseudogene	0	+	CNOT7P2	832
chr1	117148668	117149149	ENSG00000228453[1,1,1]	0	+	117148668	117148668	0	1	481,	0,	chr1	117148718	117149099	retro_human_2737|RPS15AP9-201|processed_pseudogene	0	+	RPS15AP9	381
chr1	117787258	117787778	ENSG00000228217[1,1,1]	0	-	117787258	117787258	0	1	520,	0,	chr1	117787308	117787728	PNRC2P1-201|processed_pseudogene	0	-	PNRC2P1	420
chr1	118627493	118628907	ENSG00000226126[1,1,1]	0	-	118627493	118627493	0	1	1414,	0,	chr1	118627543	118628857	retro_human_856|PSMC1P12-201|processed_pseudogene	0	-	PSMC1P12	1314
chr1	119098157	119099214	ENSG00000223575[1,1,1]	0	-	119098549	119099164	0	1	1057,	0,	chr1	119098207	119099164	retro_human_855|RBMX2P3-201|processed_pseudogene	0	-	RBMX2P3	957
chr1	121511661	121513309	ENSG00000233432[1,1,1]	0	+	121511661	121511661	0	1	1648,	0,	chr1	121511711	121513259	retro_human_1733|MTIF2P1-201|processed_pseudogene	0	+	MTIF2P1	1548
chr1	142838601	142841245	ENSG00000242352[1,1,1]	0	+	142838601	142838601	0	1	2644,	0,	chr1	142838651	142841195	retro_human_2142|FAM91A3P-201|transcribed_processed_pseudogene	0	+	FAM91A3P	2544
chr1	142976269	142978046	ENSG00000273213[1,2,4]	0	-	142977577	142977985	0	2	340,473,	0,1304,	chr1	142976244	142976523	retro_human_1632	0	-	H3-7,H2BP2	254
chr1	143623562	143624061	ENSG00000227212[1,1,1]	0	-	143624061	143624061	0	1	499,	0,	chr1	143623612	143624011	retro_human_5398|PFN1P6-201|processed_pseudogene	0	-	PFN1P6,NBPF15	399
chr1	144357679	144358298	ENSG00000223612[1,1,1]	0	+	144357679	144357679	0	1	619,	0,	chr1	144357729	144358248	retro_human_8356|AC241585.1-201|processed_pseudogene	0	+	LOC729086	519
chr1	147850721	147851364	ENSG00000244371[1,1,1]	0	+	147851364	147851364	0	1	643,	0,	chr1	147850771	147851314	retro_human_2514|PFN1P8-201|processed_pseudogene	0	+	PFN1P8	543
chr1	147724810	147726151	ENSG00000230832[1,1,1]	0	+	147726151	147726151	0	1	1341,	0,	chr1	147724860	147726101	retro_human_2515|AC241584.1-201|processed_pseudogene	0	+	SSBL4P	1241
chr1	147628213	147635715	ENSG00000180867[1,2,5]	0	-	147635715	147635715	0	3	2303,162,866,	0,5610,6636,	chr1	147628786	147630296	retro_human_9314|PDIA3P1-202|transcribed_processed_pseudogene	0	-	PDIA3P1	1510
chr1	147628408	147635715	ENSG00000180867[1,2,4]	0	-	147635715	147635715	0	3	2108,162,866,	0,5415,6441,	chr1	147628786	147630296	retro_human_9314|PDIA3P1-202|transcribed_processed_pseudogene	0	-	PDIA3P1	1510
chr1	147629232	147635715	ENSG00000180867[1,2,1]	0	-	147635715	147635715	0	3	1284,162,866,	0,4591,5617,	chr1	147628786	147630296	retro_human_9314|PDIA3P1-202|transcribed_processed_pseudogene	0	-	PDIA3P1	1064
chr1	147628213	147635715	ENSG00000180867[1,3,5]	0	-	147635715	147635715	0	2	5772,866,	0,6636,	chr1	147628786	147630296	retro_human_9314|PDIA3P1-202|transcribed_processed_pseudogene	0	-	PDIA3P1	1510
chr1	147628213	147635250	ENSG00000180867[3,2,5]	0	-	147635250	147635250	0	3	2303,162,401,	0,5610,6636,	chr1	147628786	147630296	retro_human_9314|PDIA3P1-202|transcribed_processed_pseudogene	0	-	PDIA3P1	1510
chr1	147628408	147635250	ENSG00000180867[3,2,4]	0	-	147635250	147635250	0	3	2108,162,401,	0,5415,6441,	chr1	147628786	147630296	retro_human_9314|PDIA3P1-202|transcribed_processed_pseudogene	0	-	PDIA3P1	1510
chr1	147628736	147630346	ENSG00000180867[2,1,2]	0	-	147630346	147630346	0	1	1610,	0,	chr1	147628786	147630296	retro_human_9314|PDIA3P1-202|transcribed_processed_pseudogene	0	-	PDIA3P1	1510
chr1	147603431	147605188	ENSG00000226015[1,1,1]	0	+	147603481	147604195	0	1	1757,	0,	chr1	147603481	147605138	retro_human_2517|CCT8P1-201|processed_pseudogene	0	+	CCT8P1,FMO5	1657
chr1	146965255	146966753	ENSG00000223728[1,1,1]	0	-	146966753	146966753	0	1	1498,	0,	chr1	146965305	146966703	retro_human_10889|AC239801.1-201|processed_pseudogene	0	-	LOC391092	1398
chr1	146677455	146677957	ENSG00000225080[1,1,1]	0	-	146677957	146677957	0	1	502,	0,	chr1	146677505	146677907	retro_human_10887|PFN1P4-201|processed_pseudogene	0	-	PFN1P4	402
chr1	148799290	148801926	ENSG00000284842[1,1,1]	0	+	148799290	148799290	0	1	2636,	0,	chr1	148799340	148801876	retro_human_2520|FAM91A2P-201|transcribed_processed_pseudogene	0	+	FAM91A2P,LINC00869	2536
chr1	148966964	148968991	ENSG00000220323[1,1,3]	0	+	148966964	148966964	0	1	2027,	0,	chr1	148967277	148967555	retro_human_8749	0	+	H2BC19P	278
chr1	148974282	148975127	ENSG00000261716[2,1,2]	0	-	148974282	148974282	0	1	845,	0,	chr1	148974536	148974814	retro_human_9308	0	-	H2BC20P	278
chr1	148974282	148974962	ENSG00000261716[1,1,2]	0	-	148974282	148974282	0	1	680,	0,	chr1	148974536	148974814	retro_human_9308	0	-	H2BC20P	278
chr1	152989310	152990719	ENSG00000223599[1,1,1]	0	-	152989968	152990268	0	1	1409,	0,	chr1	152989360	152990669	retro_human_3441|AL513523.1-201|processed_pseudogene	0	-	LOC645965	1309
chr1	153096309	153100952	ENSG00000143570[1,11,1]	0	-	153097361	153099976	255	4	1706,131,219,370,	0,3171,3480,4273,	chr1	153097365	153098117	retro_human_3442	0	-	SLC39A1	752
chr1	153096309	153100952	ENSG00000143570[1,12,1]	0	-	153097361	153099976	255	4	1706,131,219,347,	0,3171,3480,4296,	chr1	153097365	153098117	retro_human_3442	0	-	SLC39A1	752
chr1	153096309	153100952	ENSG00000143570[1,4,1]	0	-	153097361	153099976	0	4	1706,131,219,515,	0,3171,3480,4128,	chr1	153097365	153098117	retro_human_3442	0	-	SLC39A1	752
chr1	153096309	153100952	ENSG00000143570[1,7,1]	0	-	153097361	153099801	0	3	1706,219,197,	0,3480,4446,	chr1	153097365	153098117	retro_human_3442	0	-	SLC39A1	752
chr1	153096309	153100952	ENSG00000143570[1,9,1]	0	-	153097361	153099976	0	4	1706,131,219,690,	0,3171,3480,3953,	chr1	153097365	153098117	retro_human_3442	0	-	SLC39A1	752
chr1	153096309	153100060	ENSG00000143570[5,2,1]	0	-	153097361	153099976	0	3	1706,131,271,	0,3171,3480,	chr1	153097365	153098117	retro_human_3442	0	-	SLC39A1	752
chr1	153096309	153100952	ENSG00000143570[1,2,1]	0	-	153097361	153099976	0	3	1706,131,1163,	0,3171,3480,	chr1	153097365	153098117	retro_human_3442	0	-	SLC39A1	752
chr1	153096309	153100952	ENSG00000143570[1,3,1]	0	-	153097361	153099976	0	4	1706,131,219,633,	0,3171,3480,4010,	chr1	153097365	153098117	retro_human_3442	0	-	SLC39A1	752
chr1	153096309	153100952	ENSG00000143570[1,1,1]	0	-	153097361	153099976	0	4	1706,131,219,197,	0,3171,3480,4446,	chr1	153097365	153098117	retro_human_3442	0	-	SLC39A1	752
chr1	153097563	153100573	ENSG00000143570[4,9,2]	0	-	153097741	153097876	0	4	452,131,219,311,	0,1917,2226,2699,	chr1	153097365	153098117	retro_human_3442	0	-	SLC39A1	554
chr1	154141941	154156392	ENSG00000160685[1,1,2]	0	+	154154021	154156043	0	3	364,1160,812,	0,12074,13639,	chr1	154154067	154155797	retro_human_5931	0	+	ZBTB7B	1730
chr1	154141941	154157946	ENSG00000160685[1,1,1]	0	+	154154021	154156043	0	3	364,1160,2366,	0,12074,13639,	chr1	154154067	154155797	retro_human_5931	0	+	ZBTB7B	1730
chr1	154141941	154157946	ENSG00000160685[1,4,1]	0	+	154150281	154156043	0	5	364,140,100,1160,2366,	0,7678,8336,12074,13639,	chr1	154154067	154155797	retro_human_5931	0	+	ZBTB7B	1730
chr1	154141941	154156392	ENSG00000160685[1,2,2]	0	+	154154021	154156043	0	4	107,101,1160,812,	0,263,12074,13639,	chr1	154154067	154155797	retro_human_5931	0	+	ZBTB7B	1730
chr1	154141941	154157946	ENSG00000160685[1,2,1]	0	+	154154021	154156043	0	4	107,101,1160,2366,	0,263,12074,13639,	chr1	154154067	154155797	retro_human_5931	0	+	ZBTB7B	1730
chr1	154148142	154156392	ENSG00000160685[3,9,2]	0	+	154154021	154156043	255	3	206,1160,812,	0,5873,7438,	chr1	154154067	154155797	retro_human_5931	0	+	ZBTB7B	1730
chr1	154153758	154156392	ENSG00000160685[2,3,2]	0	+	154154021	154156043	0	2	1417,812,	0,1822,	chr1	154154067	154155797	retro_human_5931	0	+	ZBTB7B	1730
chr1	154154227	154157946	ENSG00000160685[4,3,1]	0	+	154154234	154156043	0	2	948,2366,	0,1353,	chr1	154154067	154155797	retro_human_5931	0	+	ZBTB7B	1570
chr1	154154227	154156392	ENSG00000160685[4,3,2]	0	+	154154234	154156043	0	2	948,812,	0,1353,	chr1	154154067	154155797	retro_human_5931	0	+	ZBTB7B	1570
chr1	154154406	154157946	ENSG00000160685[5,3,1]	0	+	154154432	154156043	0	2	769,2366,	0,1174,	chr1	154154067	154155797	retro_human_5931	0	+	ZBTB7B	1391
chr1	154154406	154156392	ENSG00000160685[5,3,2]	0	+	154154432	154156043	0	2	769,812,	0,1174,	chr1	154154067	154155797	retro_human_5931	0	+	ZBTB7B	1391
chr1	154154699	154157946	ENSG00000160685[6,3,1]	0	+	154154963	154156043	0	2	476,2366,	0,881,	chr1	154154067	154155797	retro_human_5931	0	+	ZBTB7B	1098
chr1	154154699	154156392	ENSG00000160685[6,3,2]	0	+	154154963	154156043	0	2	476,812,	0,881,	chr1	154154067	154155797	retro_human_5931	0	+	ZBTB7B	1098
chr1	154154856	154157946	ENSG00000160685[7,3,1]	0	+	154154963	154156043	0	2	319,2366,	0,724,	chr1	154154067	154155797	retro_human_5931	0	+	ZBTB7B	941
chr1	154154856	154156392	ENSG00000160685[7,3,2]	0	+	154154963	154156043	0	2	319,812,	0,724,	chr1	154154067	154155797	retro_human_5931	0	+	ZBTB7B	941
chr1	154155042	154157946	ENSG00000160685[8,3,1]	0	+	154155050	154156043	0	2	133,2366,	0,538,	chr1	154154067	154155797	retro_human_5931	0	+	ZBTB7B	755
chr1	154155042	154156392	ENSG00000160685[8,3,2]	0	+	154155050	154156043	0	2	133,812,	0,538,	chr1	154154067	154155797	retro_human_5931	0	+	ZBTB7B	755
chr1	154729118	154729880	ENSG00000223503[1,1,1]	0	-	154729118	154729118	0	1	762,	0,	chr1	154729168	154729830	retro_human_9744|AL353807.1-201|processed_pseudogene	0	-	LOC284620	662
chr1	156195995	156197626	ENSG00000237842[1,1,1]	0	-	156195995	156195995	0	1	1631,	0,	chr1	156196045	156197576	retro_human_3832|SMU1P1-201|processed_pseudogene	0	-	SMU1P1	1531
chr1	156210022	156211570	ENSG00000224520[1,1,1]	0	+	156210022	156210022	0	1	1548,	0,	chr1	156210072	156211520	retro_human_183|KRT8P45-201|processed_pseudogene	0	+	KRT8P45	1448
chr1	156998213	156998577	ENSG00000227425[1,1,1]	0	+	156998213	156998213	0	1	364,	0,	chr1	156998263	156998527	retro_human_181|MRPS21P2-201|processed_pseudogene	0	+	MRPS21P2	264
chr1	157660699	157662966	ENSG00000231434[1,1,1]	0	+	157660699	157660699	0	1	2267,	0,	chr1	157660749	157662916	retro_human_185|AL365440.1-201|processed_pseudogene	0	+	HSP90AA3P	2167
chr1	158218117	158218880	ENSG00000233473[1,1,1]	0	-	158218117	158218117	0	1	763,	0,	chr1	158218167	158218830	retro_human_3534|RAD1P2-201|processed_pseudogene	0	-	RAD1P2	663
chr1	159454423	159454827	ENSG00000235082[1,1,1]	0	+	159454423	159454423	0	1	404,	0,	chr1	159454473	159454777	retro_human_3082|SUMO1P3-201|processed_pseudogene	0	+	SUMO1P3	304
chr1	160031965	160033162	ENSG00000213080[1,1,1]	0	+	160031965	160031965	0	1	1197,	0,	chr1	160032015	160033112	retro_human_3079|AL354714.2-201|processed_pseudogene	0	+	LOC646347	1097
chr1	160171858	160172131	ENSG00000232879[1,1,1]	0	+	160171858	160171858	0	1	273,	0,	chr1	160171908	160172081	AL591806.1-201|processed_pseudogene	0	+	GLRX5P2	173
chr1	160950580	160952607	ENSG00000225217[1,1,1]	0	+	160950580	160950580	0	1	2027,	0,	chr1	160950652	160952464	retro_human_8958	0	+	HSPA7	1812
chr1	161029106	161029621	ENSG00000213075[1,1,2]	0	-	161029106	161029106	0	1	515,	0,	chr1	161028012	161029571	retro_human_5977|RPL31P11-201|transcribed_processed_pseudogene	0	-	RPL31P11	465
chr1	161029106	161029621	ENSG00000213075[1,1,2]	0	-	161029106	161029106	0	1	515,	0,	chr1	161029156	161029528	RPL31P11-202|transcribed_processed_pseudogene	0	-	RPL31P11	372
chr1	161235069	161236533	ENSG00000229808[1,1,2]	0	+	161235226	161235616	0	1	1464,	0,	chr1	161235119	161236483	retro_human_8959|AL391825.1-201|transcribed_processed_pseudogene	0	+	LOC100422526,ATF6	1364
chr1	161235069	161236533	ENSG00000229808[1,1,2]	0	+	161235226	161235616	0	1	1464,	0,	chr1	161235226	161235967	AL391825.1-202|transcribed_processed_pseudogene	0	+	LOC100422526,ATF6	741
chr1	163702501	163703199	ENSG00000213070[1,1,1]	0	+	163702501	163702501	0	1	698,	0,	chr1	163702551	163703149	retro_human_8960|HMGB3P6-201|processed_pseudogene	0	+	HMGB3P6	598
chr1	164267616	164268028	ENSG00000225487[1,1,1]	0	-	164267616	164267616	0	1	412,	0,	chr1	164267666	164267978	retro_human_4662|AL390119.1-201|processed_pseudogene	0	-	RPL35AP7	312
chr1	166093169	166094550	ENSG00000232341[1,1,1]	0	+	166093169	166093169	0	1	1381,	0,	chr1	166093219	166094500	retro_human_3470|RPL4P2-201|processed_pseudogene	0	+	RPL4P2	1281
chr1	166509410	166509925	ENSG00000213068[1,1,1]	0	-	166509410	166509410	0	1	515,	0,	chr1	166509460	166509875	retro_human_7730|AL451050.1-201|processed_pseudogene	0	-	RPS17P6	415
chr1	167407317	167407939	ENSG00000224837[1,1,1]	0	-	167407317	167407317	0	1	622,	0,	chr1	167407367	167407889	retro_human_7728|GCSHP5-201|processed_pseudogene	0	-	GCSHP5	522
chr1	167562072	167562526	ENSG00000237049[1,1,1]	0	+	167562072	167562072	0	1	454,	0,	chr1	167562122	167562476	retro_human_1754|RPL34P1-201|processed_pseudogene	0	+	RPL34P1	354
chr1	167597015	167598895	ENSG00000214262[1,1,1]	0	-	167597015	167597015	0	1	1880,	0,	chr1	167597065	167598845	retro_human_7727|ANKRD36BP1-201|transcribed_processed_pseudogene	0	-	ANKRD36BP1,SFT2D2	1780
chr1	167597015	167598895	ENSG00000214262[1,1,1]	0	-	167597015	167597015	0	1	1880,	0,	chr1	167597289	167598706	ANKRD36BP1-202|transcribed_processed_pseudogene	0	-	ANKRD36BP1,SFT2D2	1417
chr1	167597239	167598895	ENSG00000214262[1,1,2]	0	-	167597239	167597239	0	1	1656,	0,	chr1	167597065	167598845	retro_human_7727|ANKRD36BP1-201|transcribed_processed_pseudogene	0	-	ANKRD36BP1,SFT2D2	1606
chr1	167597239	167598895	ENSG00000214262[1,1,2]	0	-	167597239	167597239	0	1	1656,	0,	chr1	167597289	167598706	ANKRD36BP1-202|transcribed_processed_pseudogene	0	-	ANKRD36BP1,SFT2D2	1417
chr1	170439857	170441598	ENSG00000226552[1,1,1]	0	+	170439857	170439857	0	1	1741,	0,	chr1	170439907	170441548	retro_human_7749|BX284613.1-201|processed_pseudogene	0	+	LOC646804	1641
chr1	171039543	171040954	ENSG00000230364[1,1,1]	0	-	171039543	171039543	0	1	1411,	0,	chr1	171039593	171040904	retro_human_1899|RPL4P3-201|processed_pseudogene	0	-	RPL4P3	1311
chr1	174114759	174115129	ENSG00000223828[1,1,1]	0	-	174114759	174114759	0	1	370,	0,	chr1	174114809	174115079	retro_human_6766|BANF1P4-201|processed_pseudogene	0	-	BANF1P4	270
chr1	175277246	175277517	ENSG00000230777[1,1,1]	0	+	175277246	175277246	0	1	271,	0,	chr1	175277296	175277467	retro_human_4076|RPS29P5-201|processed_pseudogene	0	+	RPS29P5	171
chr1	178101359	178102531	ENSG00000228196[1,1,1]	0	-	178101359	178101359	0	1	1172,	0,	chr1	178101409	178102481	retro_human_8222|PTPN2P1-201|processed_pseudogene	0	-	PTPN2P1	1072
chr1	181695520	181695954	ENSG00000231684[1,1,1]	0	+	181695520	181695520	0	1	434,	0,	chr1	181695570	181695904	retro_human_5502|EIF1P3-201|processed_pseudogene	0	+	EIF1P3	334
chr1	184528193	184528669	ENSG00000231084[1,1,1]	0	-	184528193	184528193	0	1	476,	0,	chr1	184528243	184528619	retro_human_907|RPL22P24-201|processed_pseudogene	0	-	RPL22P24	376
chr1	184637697	184638770	ENSG00000238061[1,1,1]	0	+	184638524	184638650	0	1	1073,	0,	chr1	184637747	184638720	retro_human_6969|AL356273.2-201|processed_pseudogene	0	+	LOC100422414	973
chr1	190492387	190493424	ENSG00000228020[1,1,1]	0	-	190492387	190492387	0	1	1037,	0,	chr1	190492437	190493374	retro_human_5863|HNRNPA1P46-201|processed_pseudogene	0	-	HNRNPA1P46	937
chr1	192063161	192063783	ENSG00000231767[1,1,1]	0	+	192063262	192063730	0	1	622,	0,	chr1	192063262	192063730	retro_human_6960	0	+	RPS27AP5	468
chr1	197457106	197457614	ENSG00000232824[1,1,1]	0	-	197457106	197457106	0	1	508,	0,	chr1	197457156	197457564	PRR13P1-201|processed_pseudogene	0	-	PRR13P1	408
chr1	200120733	200121178	ENSG00000231333[1,1,1]	0	+	200120733	200120733	0	1	445,	0,	chr1	200120783	200121128	retro_human_3648|RPL34P6-201|processed_pseudogene	0	+	RPL34P6	345
chr1	200777692	200778373	ENSG00000223396[2,1,1]	0	+	200777692	200777692	0	1	681,	0,	chr1	200777829	200778323	retro_human_3649|RPS10P7-202|transcribed_processed_pseudogene	0	+	RPS10P7	494
chr1	201733608	201733962	ENSG00000236439[1,1,1]	0	-	201733608	201733608	0	1	354,	0,	chr1	201733658	201733912	retro_human_510|AC099336.2-201|processed_pseudogene	0	-	RPS27P8	254
chr1	202029383	202029673	ENSG00000235449[1,1,1]	0	-	202029383	202029383	0	1	290,	0,	chr1	202029433	202029623	retro_human_509|AC098934.2-201|processed_pseudogene	0	-	COX7CP2	190
chr1	202058623	202059788	ENSG00000226148[1,1,1]	0	+	202058623	202058623	0	1	1165,	0,	chr1	202058673	202059738	retro_human_3642|SLC25A39P1-201|processed_pseudogene	0	+	SLC25A39P1	1065
chr1	202135919	202137052	ENSG00000234996[2,1,1]	0	+	202135919	202135919	0	1	1133,	0,	chr1	202135969	202137002	retro_human_9120|AC098934.1-202|transcribed_processed_pseudogene	0	+	ACTG1P25	1033
chr1	202174454	202175472	ENSG00000230280[1,1,1]	0	+	202174454	202174454	0	1	1018,	0,	chr1	202174504	202175422	retro_human_9121|HNRNPA1P59-201|processed_pseudogene	0	+	HNRNPA1P59	918
chr1	202518473	202519304	ENSG00000236523[1,1,1]	0	+	202518473	202518473	0	1	831,	0,	chr1	202518523	202519254	retro_human_9117|NPM1P40-201|processed_pseudogene	0	+	NPM1P40	731
chr1	202920134	202921026	ENSG00000236035[1,1,1]	0	-	202920134	202920134	0	1	892,	0,	chr1	202920184	202920976	retro_human_5488|NSA2P1-201|processed_pseudogene	0	-	NSA2P1	792
chr1	203167628	203168019	ENSG00000232917[1,1,1]	0	-	203167628	203167628	0	1	391,	0,	chr1	203167678	203167969	retro_human_5485|HSPE1P6-201|processed_pseudogene	0	-	HSPE1P6	291
chr1	203659087	203659421	ENSG00000237848[1,1,1]	0	+	203659087	203659087	0	1	334,	0,	chr1	203659137	203659371	retro_human_9124|AL606489.2-201|processed_pseudogene	0	+	LOC124904489	234
chr1	203793191	203794139	ENSG00000236779[1,1,1]	0	-	203793191	203793191	0	1	948,	0,	chr1	203793241	203794089	retro_human_5491|AL512306.1-201|processed_pseudogene	0	-	LOC100291628	848
chr1	204615501	204615826	ENSG00000235363[1,1,1]	0	+	204615501	204615501	0	1	325,	0,	chr1	204615551	204615776	retro_human_3242|SNRPGP10-201|processed_pseudogene	0	+	SNRPGP10	225
chr1	206168535	206174597	ENSG00000162894[5,12,10]	0	-	206169326	206174137	255	4	917,59,144,84,	0,5230,5493,5978,	chr1	206171922	206172533	retro_human_3248|AC098935.1-201|processed_pseudogene	0	+	RPL13AP8	611
chr1	206168535	206174299	ENSG00000162894[2,11,10]	0	-	206173888	206174212	255	2	917,534,	0,5230,	chr1	206171922	206172533	retro_human_3248|AC098935.1-201|processed_pseudogene	0	+	RPL13AP8	611
chr1	206168535	206173902	ENSG00000162894[4,11,10]	0	-	206169109	206169349	255	2	917,137,	0,5230,	chr1	206171922	206172533	retro_human_3248|AC098935.1-201|processed_pseudogene	0	+	RPL13AP8	611
chr1	206168535	206174597	ENSG00000162894[5,4,10]	0	-	206169326	206174212	0	3	917,59,569,	0,5230,5493,	chr1	206171922	206172533	retro_human_3248|AC098935.1-201|processed_pseudogene	0	+	RPL13AP8	611
chr1	206168535	206174299	ENSG00000162894[2,4,10]	0	-	206169326	206174212	0	3	917,59,271,	0,5230,5493,	chr1	206171922	206172533	retro_human_3248|AC098935.1-201|processed_pseudogene	0	+	RPL13AP8	611
chr1	206168779	206174299	ENSG00000162894[2,4,2]	0	-	206169326	206174212	0	3	673,59,271,	0,4986,5249,	chr1	206171922	206172533	retro_human_3248|AC098935.1-201|processed_pseudogene	0	+	RPL13AP8	611
chr1	206171872	206172583	ENSG00000226945[1,1,1]	0	+	206171872	206171872	0	1	711,	0,	chr1	206171922	206172533	retro_human_3248|AC098935.1-201|processed_pseudogene	0	+	RPL13AP8	611
chr1	208478954	208480278	ENSG00000224540[1,1,1]	0	+	208478954	208478954	0	1	1324,	0,	chr1	208479004	208480228	retro_human_8690|AC092810.1-201|processed_pseudogene	0	+	TFDP1P1	1224
chr1	210419097	210419559	ENSG00000234004[1,1,1]	0	+	210419097	210419097	0	1	462,	0,	chr1	210419147	210419509	retro_human_8689|AC092017.1-201|processed_pseudogene	0	+	RPS25P2	362
chr1	210687843	210688476	ENSG00000238137[1,1,1]	0	+	210687843	210687843	0	1	633,	0,	chr1	210687893	210688426	retro_human_2837|ARPC3P2-201|processed_pseudogene	0	+	ARPC3P2	533
chr1	212068948	212069527	ENSG00000236905[1,1,1]	0	+	212068948	212068948	0	1	579,	0,	chr1	212068998	212069477	retro_human_2834|AC104333.3-201|processed_pseudogene	0	+	RPS5P4	479
chr1	213771684	213773057	ENSG00000215819[1,1,1]	0	+	213771684	213771684	0	1	1373,	0,	chr1	213771734	213773007	retro_human_2836|KRT18P12-201|processed_pseudogene	0	+	KRT18P12,PTPN14	1273
chr1	218435838	218436592	ENSG00000225920[1,1,1]	0	-	218435838	218435838	0	1	754,	0,	chr1	218435888	218436542	retro_human_2852|RIMKLBP2-201|processed_pseudogene	0	-	RIMKLBP2	654
chr1	219505214	219511859	ENSG00000118873[1,31,17]	0	-	219506918	219511617	0	2	1817,357,	0,6288,	chr1	219505985	219507197	retro_human_2845|AURKAP1-201|transcribed_processed_pseudogene	0	-	AURKAP1	1212
chr1	219505935	219507247	ENSG00000213033[1,1,1]	0	-	219506299	219506512	0	1	1312,	0,	chr1	219505985	219507197	retro_human_2845|AURKAP1-201|transcribed_processed_pseudogene	0	-	AURKAP1	1212
chr1	219866906	219867813	ENSG00000233012[2,1,2]	0	+	219867066	219867336	0	1	907,	0,	chr1	219865446	219867155	retro_human_8304|HDAC1P2-201|transcribed_processed_pseudogene	0	+	MARK1	249
chr1	221495756	221496820	ENSG00000227613[1,1,1]	0	-	221495756	221495756	0	1	1064,	0,	chr1	221495806	221496770	retro_human_4043|QRSL1P2-201|processed_pseudogene	0	-	QRSL1P2	964
chr1	223046256	223047165	ENSG00000227621[1,1,1]	0	-	223046256	223046256	0	1	909,	0,	chr1	223046306	223047115	retro_human_9521|PHBP11-201|processed_pseudogene	0	-	PHB1P11	809
chr1	223053403	223054629	ENSG00000188460[1,1,1]	0	-	223053403	223053403	0	1	1226,	0,	chr1	223053453	223054579	retro_human_1299|ACTBP11-201|processed_pseudogene	0	-	ACTBP11	1126
chr1	223364668	223364999	ENSG00000236773[1,1,1]	0	-	223364668	223364668	0	1	331,	0,	chr1	223364718	223364949	retro_human_9519|AC092809.3-201|processed_pseudogene	0	-	LOC724084	231
chr1	225314981	225315250	ENSG00000270598[1,1,1]	0	+	225314981	225314981	0	1	269,	0,	chr1	225315031	225315200	retro_human_2427|AL512343.1-201|processed_pseudogene	0	+	LOC112268255	169
chr1	227652674	227653156	ENSG00000181201[1,1,1]	0	-	227652674	227652674	0	1	482,	0,	chr1	227652727	227653007	retro_human_9131	0	-	H2BC27P	280
chr1	228028412	228029651	ENSG00000183929[1,1,1]	0	+	228028417	228028843	0	1	1239,	0,	chr1	228028462	228029601	retro_human_7896|DUSP5P1-201|processed_pseudogene	0	+	DUSP5P1	1139
chr1	228949235	228949600	ENSG00000229367[1,1,1]	0	+	228949235	228949235	0	1	365,	0,	chr1	228949285	228949550	retro_human_2071|HMGN2P19-201|processed_pseudogene	0	+	HMGN2P19	265
chr1	230402455	230403128	ENSG00000227934[1,1,1]	0	+	230402455	230402455	0	1	673,	0,	chr1	230402505	230403078	retro_human_2070|AL732414.1-201|processed_pseudogene	0	+	LOC644006	573
chr1	233746782	233747320	ENSG00000235605[1,1,1]	0	-	233746782	233746782	0	1	538,	0,	chr1	233746832	233747270	retro_human_5746|AL355472.1-201|processed_pseudogene	0	-	RPS15P2	438
chr1	235011106	235012930	ENSG00000227236[1,1,1]	0	+	235011106	235011106	0	1	1824,	0,	chr1	235011156	235012880	retro_human_4040|AL583844.1-201|processed_pseudogene	0	+	LOC100131725	1724
chr1	235134624	235135709	ENSG00000235674[1,1,1]	0	+	235134624	235134624	0	1	1085,	0,	chr1	235134674	235135659	retro_human_4039|LDHAP2-201|processed_pseudogene	0	+	LDHAP2,LYST	985
chr1	235882882	235884286	ENSG00000244457[1,1,1]	0	+	235882932	235884096	0	1	1404,	0,	chr1	235882932	235884236	retro_human_4041|ENO1P1-201|transcribed_processed_pseudogene	0	+	ENO1P1,EDARADD	1304
chr1	240409588	240410032	ENSG00000238085[1,1,1]	0	-	240409796	240409982	0	1	444,	0,	chr1	240409638	240409982	AL590682.1-201|processed_pseudogene	0	-	RPLP1P2	344
chr1	243811315	243812100	ENSG00000225401[1,1,1]	0	-	243811315	243811315	0	1	785,	0,	chr1	243811365	243812050	retro_human_4845|TGIF2P1-201|processed_pseudogene	0	-	TGIF2P1	685
chr1	244110630	244111019	ENSG00000232059[1,1,1]	0	-	244110630	244110630	0	1	389,	0,	chr1	244110680	244110969	retro_human_4466|AL451007.1-201|processed_pseudogene	0	-	RPL37P8	289
chr1	246551987	246552697	ENSG00000226164[1,1,1]	0	+	246551987	246551987	0	1	710,	0,	chr1	246552037	246552647	FGFR3P6-201|processed_pseudogene	0	+	FGFR3P6	610
chr1	247361851	247363500	ENSG00000226191[1,1,1]	0	-	247361851	247361851	0	1	1649,	0,	chr1	247361901	247363450	retro_human_5695|CLK3P2-201|processed_pseudogene	0	-	CLK3P2	1549
chr1	248375151	248375714	ENSG00000233084[1,1,1]	0	+	248375151	248375151	0	1	563,	0,	chr1	248375201	248375664	retro_human_4465|RPL23AP25-201|processed_pseudogene	0	+	RPL23AP25	463
chr2	11341053	11342070	ENSG00000230154[1,1,1]	0	+	11341053	11341053	0	1	1017,	0,	chr2	11341103	11342020	retro_human_1491|AIDAP1-201|processed_pseudogene	0	+	AIDAP1	917
chr2	19859761	19860188	ENSG00000213403[1,1,1]	0	+	19859761	19859761	0	1	427,	0,	chr2	19859811	19860138	retro_human_7359|CISD1P1-201|processed_pseudogene	0	+	CISD1P1	327
chr2	20273380	20274635	ENSG00000235411[1,1,1]	0	-	20273380	20273380	0	1	1255,	0,	chr2	20273430	20274585	retro_human_5692|DRG1P1-201|processed_pseudogene	0	-	DRG1P1	1155
chr2	24364978	24365351	ENSG00000232963[1,1,1]	0	+	24364978	24364978	0	1	373,	0,	chr2	24365028	24365301	retro_human_1909|HMGN2P20-201|processed_pseudogene	0	+	HMGN2P20	273
chr2	25845184	25846016	ENSG00000187536[1,1,1]	0	-	25845633	25845966	0	1	832,	0,	chr2	25845234	25845966	retro_human_5684|TPM3P7-201|processed_pseudogene	0	-	TPM3P7	732
chr2	25857730	25858312	ENSG00000217643[1,1,1]	0	+	25857730	25857730	0	1	582,	0,	chr2	25857780	25858262	retro_human_1913|PTGES3P2-201|processed_pseudogene	0	+	PTGES3P2	482
chr2	26717273	26717665	ENSG00000225024[1,1,1]	0	-	26717273	26717273	0	1	392,	0,	chr2	26717323	26717615	retro_human_325|RPL37P11-201|processed_pseudogene	0	-	RPL37P11	292
chr2	30790681	30791039	ENSG00000230118[1,1,1]	0	-	30790709	30790838	0	1	358,	0,	chr2	30790731	30790989	AC092569.1-201|processed_pseudogene	0	-	CAPN13	258
chr2	31868910	31871896	ENSG00000237007[1,1,1]	0	-	31868910	31868910	0	1	2986,	0,	chr2	31869007	31871846	retro_human_3107|KRT18P52-201|processed_pseudogene	0	-	KRT18P52	2839
chr2	31868910	31871896	ENSG00000237007[1,1,1]	0	-	31868910	31868910	0	1	2986,	0,	chr2	31869007	31871846	retro_human_6102|KRT18P52-201|processed_pseudogene	0	-	KRT18P52	2839
chr2	37155596	37156471	ENSG00000224891[1,1,1]	0	+	37155596	37155596	0	1	875,	0,	chr2	37155646	37156421	retro_human_2279|ARL14EPP1-201|processed_pseudogene	0	+	ARL14EPP1,EIF2AK2	775
chr2	46009217	46009685	ENSG00000233829[1,1,1]	0	-	46009217	46009217	0	1	468,	0,	chr2	46009267	46009635	retro_human_4851|RPL26P15-201|processed_pseudogene	0	-	RPL26P15	368
chr2	47803713	47804079	ENSG00000235369[1,1,1]	0	-	47803713	47803713	0	1	366,	0,	chr2	47803763	47804029	retro_human_9042|RPL36AP15-201|processed_pseudogene	0	-	RPL36AP15	266
chr2	47889347	47889902	ENSG00000236549[1,1,1]	0	+	47889347	47889347	0	1	555,	0,	chr2	47889397	47889852	retro_human_5807|RPS27AP7-201|processed_pseudogene	0	+	RPS27AP7	455
chr2	54523298	54523857	ENSG00000237887[1,1,1]	0	+	54523351	54523741	0	1	559,	0,	chr2	54523348	54523807	retro_human_8542|RPL23AP32-201|processed_pseudogene	0	+	RPL23AP32	459
chr2	57045308	57046395	ENSG00000271115[1,1,1]	0	-	57045308	57045308	0	1	1087,	0,	chr2	57045358	57046345	retro_human_3162|EIF2S2P7-201|processed_pseudogene	0	-	EIF2S2P7	987
chr2	58256218	58257404	ENSG00000233426[1,1,1]	0	+	58256218	58256218	0	1	1186,	0,	chr2	58256268	58257354	retro_human_8545|EIF3FP3-201|processed_pseudogene	0	+	EIF3FP3	1086
chr2	58465075	58466916	ENSG00000231043[1,1,1]	0	-	58465075	58465075	0	1	1841,	0,	chr2	58465125	58466866	retro_human_3164|AC007238.1-201|processed_pseudogene	0	-	LOC644456	1741
chr2	60942604	60943935	ENSG00000237522[1,1,1]	0	-	60942604	60942604	0	1	1331,	0,	chr2	60942654	60943885	retro_human_9440|NONOP2-201|processed_pseudogene	0	-	NONOP2	1231
chr2	60943989	60944488	ENSG00000232713[1,1,1]	0	-	60943989	60943989	0	1	499,	0,	chr2	60944037	60944438	retro_human_9439|RPS12P3-201|processed_pseudogene	0	-	RPS12P3	401
chr2	62152589	62153430	ENSG00000242735[1,1,1]	0	+	62152589	62152589	0	1	841,	0,	chr2	62152639	62153380	retro_human_5408|RPSAP26-201|processed_pseudogene	0	+	RPSAP26	741
chr2	63629745	63630498	ENSG00000228305[1,1,1]	0	-	63629745	63629745	0	1	753,	0,	chr2	63629795	63630448	retro_human_3563|PRELID1P6-201|processed_pseudogene	0	-	PRELID1P6	653
chr2	64674995	64675553	ENSG00000227791[1,1,1]	0	+	64674995	64674995	0	1	558,	0,	chr2	64675045	64675503	retro_human_9108|RPS10P9-201|processed_pseudogene	0	+	RPS10P9	458
chr2	65214727	65215708	ENSG00000172974[1,1,1]	0	+	65214727	65214727	0	1	981,	0,	chr2	65214777	65215658	retro_human_10945|VDAC2P5-201|processed_pseudogene	0	+	VDAC2P5	881
chr2	65677444	65678587	ENSG00000214533[1,1,1]	0	+	65677444	65677444	0	1	1143,	0,	chr2	65677494	65678537	retro_human_8955|KRT18P33-201|processed_pseudogene	0	+	KRT18P33	1043
chr2	69606996	69607414	ENSG00000232228[1,1,1]	0	-	69607165	69607267	0	1	418,	0,	chr2	69607046	69607364	retro_human_9868|RPL36AP16-201|processed_pseudogene	0	-	RPL36AP16	318
chr2	69856726	69857250	ENSG00000275381[1,1,1]	0	-	69856726	69856726	0	1	524,	0,	chr2	69856776	69857200	AC019206.1-201|processed_pseudogene	0	-	GMCL1	424
chr2	70966851	70967287	ENSG00000226186[1,1,1]	0	-	70966859	70967237	0	1	436,	0,	chr2	70966901	70967237	retro_human_3961|ELOCP21-201|processed_pseudogene	0	-	ELOCP21	336
chr2	71996880	71997233	ENSG00000233971[1,1,1]	0	-	71996880	71996880	0	1	353,	0,	chr2	71996930	71997183	retro_human_3962|RPS20P10-201|processed_pseudogene	0	-	RPS20P10	253
chr2	74359645	74360031	ENSG00000225658[1,1,1]	0	+	74359645	74359645	0	1	386,	0,	chr2	74359695	74359981	retro_human_7540|TAF13P2-201|processed_pseudogene	0	+	TAF13P2	286
chr2	75660527	75660967	ENSG00000226247[1,1,1]	0	-	75660527	75660527	0	1	440,	0,	chr2	75660577	75660917	retro_human_4350|SUPT4H1P1-201|processed_pseudogene	0	-	SUPT4H1P1	340
chr2	77797799	77798172	ENSG00000237077[2,1,1]	0	+	77797799	77797799	0	1	373,	0,	chr2	77797849	77798054	retro_human_7542|RPL38P2-202|transcribed_processed_pseudogene	0	+	RPL38P2	205
chr2	78417700	78418102	ENSG00000214429[1,1,1]	0	-	78417700	78417700	0	1	402,	0,	chr2	78417750	78418052	retro_human_4347|CYCSP6-201|processed_pseudogene	0	-	CYCSP6	302
chr2	84917642	84918537	ENSG00000213399[1,1,1]	0	+	84917642	84917642	0	1	895,	0,	chr2	84917693	84918487	retro_human_8980|RPS2P17-201|processed_pseudogene	0	+	RPS2P17	794
chr2	85343221	85343879	ENSG00000270532[1,1,1]	0	-	85343221	85343221	0	1	658,	0,	chr2	85343271	85343829	retro_human_10677|PEBP1P2-201|processed_pseudogene	0	-	PEBP1P2	558
chr2	85688062	85689161	ENSG00000203363[1,1,1]	0	-	85688062	85688062	0	1	1099,	0,	chr2	85688112	85689111	GPR160P1-201|processed_pseudogene	0	-	GPR160P1	999
chr2	87577847	87578884	ENSG00000214354[1,1,1]	0	-	87577847	87577847	0	1	1037,	0,	chr2	87577897	87578834	retro_human_10673|PAFAH1B1P1-201|processed_pseudogene	0	-	PAFAH1B1P1	937
chr2	87666824	87667278	ENSG00000225933[1,1,1]	0	+	87666824	87666824	0	1	454,	0,	chr2	87666874	87667228	retro_human_4002|RPS14P5-201|processed_pseudogene	0	+	RPS14P5	354
chr2	91937629	91938775	ENSG00000232531[1,1,1]	0	-	91937629	91937629	0	1	1146,	0,	chr2	91937679	91938726	retro_human_7783|KMT5AP2-201|processed_pseudogene	0	-	KMT5AP2,IGSF3P2	1047
chr2	92100323	92101796	ENSG00000226481[1,1,1]	0	-	92101796	92101796	0	1	1473,	0,	chr2	92100373	92101746	retro_human_3267|ACTR3BP2-201|processed_pseudogene	0	-	ACTR3BP2	1373
chr2	95243809	95244822	ENSG00000213355[1,1,1]	0	+	95243809	95243809	0	1	1013,	0,	chr2	95243859	95244772	retro_human_8214|CNN2P8-201|processed_pseudogene	0	+	CNN2P8	913
chr2	95267242	95267685	ENSG00000232502[1,1,1]	0	-	95267242	95267242	0	1	443,	0,	chr2	95267292	95267635	AC073464.1-201|processed_pseudogene	0	-	FAM95A	343
chr2	95942564	95943088	ENSG00000227120[1,1,1]	0	+	95942564	95942564	0	1	524,	0,	chr2	95942614	95943038	AC009238.1-201|processed_pseudogene	0	+	LOC124906048	424
chr2	96031540	96033234	ENSG00000272913[1,1,1]	0	-	96031540	96031540	0	1	1694,	0,	chr2	96031828	96033152	retro_human_1315	0	+	ANKRD33BP1,LINC03052	1324
chr2	96032399	96038937	ENSG00000229689[4,1,2]	0	+	96032399	96032399	0	1	6538,	0,	chr2	96031828	96033152	retro_human_1315	0	+	ANKRD33BP1,LINC03052	753
chr2	96146749	96147273	ENSG00000235959[1,1,1]	0	-	96146749	96146749	0	1	524,	0,	chr2	96146799	96147223	AC009237.6-201|processed_pseudogene	0	-	LOC124905589	424
chr2	96148202	96148649	ENSG00000236750[1,1,1]	0	-	96148202	96148202	0	1	447,	0,	chr2	96148252	96148599	AC009237.9-201|processed_pseudogene	0	-	LOC124905589	347
chr2	98285414	98285812	ENSG00000235734[1,1,1]	0	+	98285414	98285414	0	1	398,	0,	chr2	98285464	98285762	retro_human_7049|HMGN1P36-201|processed_pseudogene	0	+	HMGN1P36	298
chr2	99560531	99561366	ENSG00000231822[1,1,1]	0	+	99560531	99560531	0	1	835,	0,	chr2	99560581	99561316	SMC3P1-201|processed_pseudogene	0	+	SMC3P1	735
chr2	100829048	100829439	ENSG00000269383[1,1,1]	0	-	100829048	100829048	0	1	391,	0,	chr2	100829098	100829389	retro_human_4376|CYCSP7-201|processed_pseudogene	0	-	CYCSP7	291
chr2	102708077	102708575	ENSG00000205716[1,1,1]	0	-	102708077	102708077	0	1	498,	0,	chr2	102708127	102708525	retro_human_9459|FAM183DP-201|processed_pseudogene	0	-	FAM183DP	398
chr2	108382260	108382851	ENSG00000235325[1,1,1]	0	-	108382260	108382260	0	1	591,	0,	chr2	108382310	108382801	retro_human_3986|SRSF3P5-201|processed_pseudogene	0	-	SRSF3P5	491
chr2	108737643	108738874	ENSG00000227597[1,1,1]	0	+	108737643	108737643	0	1	1231,	0,	chr2	108737693	108738824	retro_human_3612|WASF1P1-201|processed_pseudogene	0	+	WASF1P1	1131
chr2	109172812	109173551	ENSG00000235644[1,1,1]	0	-	109172812	109172812	0	1	739,	0,	chr2	109172862	109173501	retro_human_3990|RPL10P5-201|processed_pseudogene	0	-	RPL10P5	639
chr2	110406267	110407298	ENSG00000240069[1,1,1]	0	+	110406267	110406267	0	1	1031,	0,	chr2	110406317	110407248	retro_human_9959|GPAA1P1-201|transcribed_processed_pseudogene	0	+	GPAA1P1	931
chr2	110409144	110410700	ENSG00000225108[1,1,1]	0	-	110409144	110409144	0	1	1556,	0,	chr2	110409194	110410650	ZBTB45P1-1|processed_pseudogene	0	-	LINC01123,ZBTB45P1	1456
chr2	110783032	110786262	ENSG00000230650[1,1,1]	0	-	110783032	110783032	0	1	3230,	0,	chr2	110783082	110786212	retro_human_9073|AC140479.2-201|processed_pseudogene	0	-	LOC442041	3130
chr2	110797561	110806963	ENSG00000175772[2,4,1]	0	-	110797561	110797561	255	2	1981,178,	0,9224,	chr2	110805582	110807113	retro_human_9103|ZBTB45P2-201|processed_pseudogene	0	+	ZBTB45P2,LIMS4	1381
chr2	110797561	110806963	ENSG00000175772[2,2,1]	0	-	110797561	110797561	0	3	1981,185,178,	0,2562,9224,	chr2	110805582	110807113	retro_human_9103|ZBTB45P2-201|processed_pseudogene	0	+	ZBTB45P2,LIMS4	1381
chr2	110805532	110807163	ENSG00000226065[1,1,1]	0	+	110805532	110805532	0	1	1631,	0,	chr2	110805582	110807113	retro_human_9103|ZBTB45P2-201|processed_pseudogene	0	+	ZBTB45P2,LIMS4	1531
chr2	110808797	110810684	ENSG00000230596[2,1,1]	0	-	110808797	110808797	0	1	1887,	0,	chr2	110808847	110810634	retro_human_9074|GPAA1P2-202|transcribed_processed_pseudogene	0	-	GPAA1P2,LIMS4	1787
chr2	110808797	110810684	ENSG00000230596[2,1,1]	0	-	110808797	110808797	0	1	1887,	0,	chr2	110808984	110809912	GPAA1P2-201|transcribed_processed_pseudogene	0	-	GPAA1P2,LIMS4	928
chr2	110808797	110809962	ENSG00000230596[1,1,1]	0	-	110808797	110808797	0	1	1165,	0,	chr2	110808847	110810634	retro_human_9074|GPAA1P2-202|transcribed_processed_pseudogene	0	-	GPAA1P2,LIMS4	1115
chr2	110808797	110809962	ENSG00000230596[1,1,1]	0	-	110808797	110808797	0	1	1165,	0,	chr2	110808984	110809912	GPAA1P2-201|transcribed_processed_pseudogene	0	-	GPAA1P2,LIMS4	928
chr2	111056794	111057281	ENSG00000216867[1,1,1]	0	+	111056794	111056794	0	1	487,	0,	chr2	111056844	111057231	retro_human_2159|RPL22P12-201|processed_pseudogene	0	+	RPL22P12	387
chr2	111721331	111721851	ENSG00000226928[1,1,1]	0	-	111721331	111721331	0	1	520,	0,	chr2	111721381	111721801	retro_human_9075|RPS14P4-201|processed_pseudogene	0	-	RPS14P4	420
chr2	112366692	112367527	ENSG00000225496[1,1,1]	0	-	112366692	112366692	0	1	835,	0,	chr2	112366742	112367477	retro_human_9076|RTRAFP1-201|processed_pseudogene	0	-	RTRAFP1	735
chr2	113048385	113048845	ENSG00000231747[1,1,1]	0	-	113048385	113048385	0	1	460,	0,	chr2	113048436	113048795	retro_human_3589|AC079922.1-201|processed_pseudogene	0	-	RPS20P11	359
chr2	114082589	114083457	ENSG00000144158[1,1,1]	0	+	114082589	114082589	0	1	868,	0,	chr2	114082639	114083407	retro_human_8616|SNRPA1P1-201|processed_pseudogene	0	+	SNRPA1P1	768
chr2	120645762	120646525	ENSG00000236878[1,1,1]	0	+	120645762	120645762	0	1	763,	0,	chr2	120645813	120646475	MTATP6P26-201|processed_pseudogene	0	+	MTATP6P26	662
chr2	124199493	124200494	ENSG00000227738[1,1,1]	0	+	124199493	124199493	0	1	1001,	0,	chr2	124199543	124200444	retro_human_5329|PSMD14P1-201|processed_pseudogene	0	+	PSMD14P1	901
chr2	128275792	128277050	ENSG00000274010[1,1,1]	0	-	128275792	128275792	0	1	1258,	0,	chr2	128275842	128277000	retro_human_9137|ZFP91P1-201|processed_pseudogene	0	-	ZFP91P1	1158
chr2	128281922	128282371	ENSG00000244563[1,1,1]	0	-	128281922	128281922	0	1	449,	0,	chr2	128281972	128282321	retro_human_10381|RPS26P19-201|processed_pseudogene	0	-	RPS26P19,POLR2D	349
chr2	128954733	128955223	ENSG00000227653[1,1,1]	0	-	128954733	128954733	0	1	490,	0,	chr2	128954783	128955173	retro_human_8630|ISCA1P6-201|processed_pseudogene	0	-	ISCA1P6	390
chr2	130646715	130647436	ENSG00000230756[1,1,1]	0	-	130646715	130646715	0	1	721,	0,	chr2	130646765	130647386	retro_human_3188|RHOQP3-201|processed_pseudogene	0	-	RHOQP3	621
chr2	130663224	130665559	ENSG00000213225[1,1,1]	0	+	130663224	130663224	0	1	2335,	0,	chr2	130663274	130665509	retro_human_10407|NOC2LP1-202|transcribed_processed_pseudogene	0	+	NOC2LP1	2235
chr2	130663224	130665559	ENSG00000213225[1,1,1]	0	+	130663224	130663224	0	1	2335,	0,	chr2	130665250	130666002	NOC2LP1-201|transcribed_processed_pseudogene	0	+	NOC2LP1	309
chr2	130665200	130666052	ENSG00000213225[2,1,2]	0	+	130665200	130665200	0	1	852,	0,	chr2	130663274	130665509	retro_human_10407|NOC2LP1-202|transcribed_processed_pseudogene	0	+	NOC2LP1	309
chr2	130665200	130666052	ENSG00000213225[2,1,2]	0	+	130665200	130665200	0	1	852,	0,	chr2	130665250	130666002	NOC2LP1-201|transcribed_processed_pseudogene	0	+	NOC2LP1	752
chr2	130665378	130666052	ENSG00000213225[3,1,2]	0	+	130665378	130665378	0	1	674,	0,	chr2	130665250	130666002	NOC2LP1-201|transcribed_processed_pseudogene	0	+	NOC2LP1	624
chr2	130685413	130686505	ENSG00000236595[1,1,1]	0	+	130685413	130685413	0	1	1092,	0,	chr2	130685463	130686455	MED15P5-201|processed_pseudogene	0	+	MED15P5	992
chr2	131786859	131787985	ENSG00000224425[1,1,1]	0	-	131786859	131786859	0	1	1126,	0,	chr2	131786909	131787935	retro_human_3182|SSBP3P2-201|processed_pseudogene	0	-	SSBP3P2	1026
chr2	131858495	131859662	ENSG00000214077[1,1,1]	0	-	131858495	131858495	0	1	1167,	0,	chr2	131858545	131859612	retro_human_5102|GNAQP1-201|processed_pseudogene	0	-	GNAQP1	1067
chr2	131895715	131896394	ENSG00000232742[1,1,1]	0	+	131895715	131895715	0	1	679,	0,	chr2	131895765	131896344	retro_human_7483|RHOQP2-201|processed_pseudogene	0	+	RHOQP2	579
chr2	132157812	132158938	ENSG00000213222[1,1,1]	0	-	132157812	132157812	0	1	1126,	0,	chr2	132157862	132158888	retro_human_5084|TOMM40P4-201|processed_pseudogene	0	-	LOC128966745,NBEAP2	1026
chr2	132789016	132789713	ENSG00000230992[1,1,1]	0	+	132789016	132789016	0	1	697,	0,	chr2	132789066	132789663	FAM201B-201|processed_pseudogene	0	+	FAM201B	597
chr2	138724226	138724963	ENSG00000233045[1,1,1]	0	+	138724226	138724226	0	1	737,	0,	chr2	138724276	138724913	retro_human_2117|RPL15P5-201|processed_pseudogene	0	+	RPL15P5	637
chr2	143302376	143304380	ENSG00000229781[1,1,1]	0	+	143302376	143302376	0	1	2004,	0,	chr2	143302426	143304330	retro_human_6118|RRN3P4-201|processed_pseudogene	0	+	RRN3P4	1904
chr2	143541297	143542506	ENSG00000224288[1,1,1]	0	-	143541297	143541297	0	1	1209,	0,	chr2	143541347	143542456	MTCYBP11-201|processed_pseudogene	0	-	MTCYBP11	1109
chr2	143542474	143543057	ENSG00000226839[1,1,1]	0	+	143542474	143542474	0	1	583,	0,	chr2	143542524	143543007	MTND6P11-201|processed_pseudogene	0	+	MTND6P11	483
chr2	149320335	149320792	ENSG00000228848[1,1,1]	0	-	149320335	149320335	0	1	457,	0,	chr2	149320384	149320742	retro_human_1324|RPS20P13-201|processed_pseudogene	0	-	RPS20P13	358
chr2	152841983	152842777	ENSG00000213197[1,1,1]	0	+	152842327	152842729	0	1	794,	0,	chr2	152842033	152842727	retro_human_11207|NUDCP1-201|processed_pseudogene	0	+	NUDCP1	694
chr2	157832814	157833605	ENSG00000230562[1,1,1]	0	-	157832814	157832814	0	1	791,	0,	chr2	157832864	157833555	FAM133DP-201|processed_pseudogene	0	-	FAM133DP	691
chr2	159465959	159466405	ENSG00000213189[1,1,1]	0	+	159466054	159466354	0	1	446,	0,	chr2	159466009	159466355	retro_human_995|BTF3L4P2-201|processed_pseudogene	0	+	BTF3L4P2	346
chr2	159919580	159920520	ENSG00000225369[1,1,1]	0	-	159919631	159920039	0	1	940,	0,	chr2	159919630	159920470	retro_human_7306|CAPZA1P2-201|processed_pseudogene	0	-	CAPZA1P2	840
chr2	161799051	161799662	ENSG00000232320[1,1,1]	0	-	161799051	161799051	0	1	611,	0,	chr2	161799101	161799612	retro_human_7302|MXRA7P1-201|processed_pseudogene	0	-	MXRA7P1	511
chr2	164779206	164779597	ENSG00000229641[1,1,1]	0	+	164779206	164779206	0	1	391,	0,	chr2	164779256	164779547	CYP2C56P-201|processed_pseudogene	0	+	CYP2C56P	291
chr2	171228912	171229996	ENSG00000128692[1,1,1]	0	+	171228912	171228912	0	1	1084,	0,	chr2	171228962	171229946	retro_human_8010|EIF2S2P4-201|processed_pseudogene	0	+	EIF2S2P4	984
chr2	171229098	171229378	ENSG00000128692[2,1,2]	0	+	171229098	171229098	0	1	280,	0,	chr2	171228962	171229946	retro_human_8010|EIF2S2P4-201|processed_pseudogene	0	+	EIF2S2P4	280
chr2	171852031	171852479	ENSG00000224553[1,1,1]	0	-	171852132	171852429	0	1	448,	0,	chr2	171852081	171852429	retro_human_8426|RPS26P20-201|processed_pseudogene	0	-	RPS26P20	348
chr2	171994373	171994917	ENSG00000233762[1,1,1]	0	-	171994373	171994373	0	1	544,	0,	chr2	171994420	171994867	retro_human_8427|RPS15P4-201|processed_pseudogene	0	-	RPS15P4	447
chr2	174529314	174530287	ENSG00000235414[1,1,1]	0	+	174529314	174529314	0	1	973,	0,	chr2	174529364	174530237	retro_human_6919|RPSAP24-201|processed_pseudogene	0	+	RPSAP24	873
chr2	174990572	174991033	ENSG00000179997[1,1,1]	0	+	174990572	174990572	0	1	461,	0,	chr2	174990622	174990983	retro_human_8620|RPA3P1-201|processed_pseudogene	0	+	RPA3P1	361
chr2	175208555	175209590	ENSG00000235655[1,1,3]	0	+	175208555	175208555	0	1	1035,	0,	chr2	175208605	175209016	retro_human_8619|H3P6-201|processed_pseudogene	0	+	H3P6	411
chr2	175208555	175209430	ENSG00000235655[1,1,2]	0	+	175208555	175208555	0	1	875,	0,	chr2	175208605	175209016	retro_human_8619|H3P6-201|processed_pseudogene	0	+	H3P6	411
chr2	175208555	175209066	ENSG00000235655[1,1,1]	0	+	175208555	175208555	0	1	511,	0,	chr2	175208605	175209016	retro_human_8619|H3P6-201|processed_pseudogene	0	+	H3P6	411
chr2	176330901	176331417	ENSG00000223976[1,1,1]	0	+	176330901	176330901	0	1	516,	0,	chr2	176330951	176331367	EXTL2P1-201|processed_pseudogene	0	+	EXTL2P1	416
chr2	176595351	176597766	ENSG00000128713[1,1,2]	0	+	176595477	176597267	0	2	907,732,	0,1683,	chr2	176596992	176597249	retro_human_8625	0	+	HOXD11	257
chr2	176688989	176689434	ENSG00000218175[1,1,1]	0	-	176688989	176688989	0	1	445,	0,	chr2	176689039	176689384	retro_human_2966|AC016739.1-201|processed_pseudogene	0	-	RPLP1P4	345
chr2	176826712	176827253	ENSG00000237260[1,1,1]	0	+	176826712	176826712	0	1	541,	0,	chr2	176826762	176827203	retro_human_8638|PPIAP67-201|processed_pseudogene	0	+	PPIAP67	441
chr2	178937458	178938271	ENSG00000238082[1,1,1]	0	+	178937975	178938107	0	1	813,	0,	chr2	178937508	178938221	retro_human_8631|NUDCP2-201|processed_pseudogene	0	+	NUDCP2	713
chr2	179026960	179032306	ENSG00000270277[2,2,2]	0	+	179026960	179026960	255	7	342,304,297,291,306,303,2106,	0,1223,1653,2045,2433,2836,3240,	chr2	179031111	179032676	retro_human_3641	0	-	TTN	1195
chr2	179031627	179033525	ENSG00000270277[1,1,1]	0	+	179031627	179031627	0	1	1898,	0,	chr2	179031111	179032676	retro_human_3641	0	-	TTN	1049
chr2	183276998	183277436	ENSG00000232430[1,1,1]	0	+	183277115	183277289	0	1	438,	0,	chr2	183277048	183277386	retro_human_2812|RPL31P15-201|processed_pseudogene	0	+	RPL31P15,DNAJC10	338
chr2	184096092	184096870	ENSG00000177855[1,1,1]	0	-	184096092	184096092	0	1	778,	0,	chr2	184096142	184096820	retro_human_2591|CACYBPP2-201|processed_pseudogene	0	-	CACYBPP2	678
chr2	186853862	186854493	ENSG00000227692[1,1,1]	0	+	186853862	186853862	0	1	631,	0,	chr2	186853912	186854443	retro_human_2816|MED28P3-201|processed_pseudogene	0	+	MED28P3	531
chr2	187904456	187904823	ENSG00000231739[1,1,1]	0	+	187904456	187904456	0	1	367,	0,	chr2	187904506	187904773	GAPDHP59-201|processed_pseudogene	0	+	GAPDHP59	267
chr2	190412654	190413636	ENSG00000204253[1,1,1]	0	+	190412654	190412654	0	1	982,	0,	chr2	190412704	190413586	retro_human_10600|HNRNPCP2-201|processed_pseudogene	0	+	HNRNPCP2	882
chr2	192369353	192370477	ENSG00000213946[1,1,1]	0	-	192369353	192369353	0	1	1124,	0,	chr2	192369403	192370427	retro_human_9234|DNAJB1P1-201|processed_pseudogene	0	-	DNAJB1P1	1024
chr2	193764985	193766032	ENSG00000235218[1,1,1]	0	-	193764985	193764985	0	1	1047,	0,	chr2	193765035	193765982	retro_human_9235|DNAJC17P1-201|processed_pseudogene	0	-	DNAJC17P1	947
chr2	194938544	194939206	ENSG00000225394[1,1,1]	0	-	194938544	194938544	0	1	662,	0,	chr2	194938594	194939156	retro_human_9227|AC106883.1-201|processed_pseudogene	0	-	LOC100419812	562
chr2	197863329	197864613	ENSG00000213104[1,1,1]	0	-	197863329	197863329	0	2	667,298,	0,986,	chr2	197863379	197864563	retro_human_3752|NPM1P46-201|processed_pseudogene	0	-	NPM1P46	1184
chr2	199592592	199594196	ENSG00000230407[1,1,1]	0	+	199592592	199592592	0	1	1604,	0,	chr2	199592642	199594146	AC018717.1-201|processed_pseudogene	0	+	LOC100419513	1504
chr2	200143255	200144525	ENSG00000213938[1,1,1]	0	+	200143255	200143255	0	1	1270,	0,	chr2	200143305	200144484	retro_human_2414|SEPHS1P6-201|processed_pseudogene	0	+	SEPHS1P6	1179
chr2	201327643	201328965	ENSG00000224346[1,1,1]	0	+	201327643	201327643	0	1	1322,	0,	chr2	201327693	201328915	retro_human_2416|BICD1P1-201|processed_pseudogene	0	+	BICD1P1	1222
chr2	201546488	201547551	ENSG00000225695[1,1,1]	0	+	201546488	201546488	0	1	1063,	0,	chr2	201546538	201547501	retro_human_2415|HNRNPA1P35-201|processed_pseudogene	0	+	HNRNPA1P35	963
chr2	201584775	201586630	ENSG00000232719[1,1,1]	0	+	201584775	201584775	0	2	554,815,	0,1040,	chr2	201585532	201586401	retro_human_708|RPL17P10-201|processed_pseudogene	0	-	RPL17P10	869
chr2	201599798	201623369	ENSG00000003402[3,3,3]	0	+	201613307	201619866	0	5	125,418,106,136,3730,	0,13372,16672,19615,19841,	chr2	201620957	201623469	retro_human_705|IMPDH1P10-201|processed_pseudogene	0	-	IMPDH1P10,CFLAR	2412
chr2	201601142	201625095	ENSG00000003402[13,32,5]	0	+	201613307	201624873	255	6	1201,418,106,136,83,279,	0,12028,15328,18271,22657,23674,	chr2	201620957	201623469	retro_human_705|IMPDH1P10-201|processed_pseudogene	0	-	IMPDH1P10,CFLAR	2512
chr2	201601882	201625095	ENSG00000003402[2,31,5]	0	+	201613307	201623915	255	5	461,418,106,136,1296,	0,11288,14588,17531,21917,	chr2	201620957	201623469	retro_human_705|IMPDH1P10-201|processed_pseudogene	0	-	IMPDH1P10,CFLAR	2512
chr2	201601882	201625095	ENSG00000003402[2,32,5]	0	+	201613307	201624873	255	6	461,418,106,136,83,279,	0,11288,14588,17531,21917,22934,	chr2	201620957	201623469	retro_human_705|IMPDH1P10-201|processed_pseudogene	0	-	IMPDH1P10,CFLAR	2512
chr2	201605868	201625095	ENSG00000003402[9,34,5]	0	+	201613307	201624873	255	6	321,418,106,136,83,279,	0,7302,10602,13545,17931,18948,	chr2	201620957	201623469	retro_human_705|IMPDH1P10-201|processed_pseudogene	0	-	IMPDH1P10,CFLAR	2512
chr2	201612720	201625095	ENSG00000003402[10,35,5]	0	+	201613307	201623915	255	5	242,418,106,136,1296,	0,450,3750,6693,11079,	chr2	201620957	201623469	retro_human_705|IMPDH1P10-201|processed_pseudogene	0	-	IMPDH1P10,CFLAR	2512
chr2	201612720	201625095	ENSG00000003402[10,36,5]	0	+	201613307	201624873	255	6	242,418,106,136,83,279,	0,450,3750,6693,11079,12096,	chr2	201620957	201623469	retro_human_705|IMPDH1P10-201|processed_pseudogene	0	-	IMPDH1P10,CFLAR	2512
chr2	201612720	201625095	ENSG00000003402[10,19,5]	0	+	201613307	201623915	0	4	868,106,136,1296,	0,3750,6693,11079,	chr2	201620957	201623469	retro_human_705|IMPDH1P10-201|processed_pseudogene	0	-	IMPDH1P10,CFLAR	2512
chr2	201612720	201625095	ENSG00000003402[10,8,5]	0	+	201613307	201624873	0	5	868,106,136,83,279,	0,3750,6693,11079,12096,	chr2	201620957	201623469	retro_human_705|IMPDH1P10-201|processed_pseudogene	0	-	IMPDH1P10,CFLAR	2512
chr2	201612894	201625095	ENSG00000003402[4,8,5]	0	+	201613307	201624873	0	5	694,106,136,83,279,	0,3576,6519,10905,11922,	chr2	201620957	201623469	retro_human_705|IMPDH1P10-201|processed_pseudogene	0	-	IMPDH1P10,CFLAR	2512
chr2	201613257	201624228	ENSG00000003402[5,19,4]	0	+	201613307	201623915	0	4	331,106,136,429,	0,3213,6156,10542,	chr2	201620957	201623469	retro_human_705|IMPDH1P10-201|processed_pseudogene	0	-	IMPDH1P10,CFLAR	2512
chr2	201616170	201624228	ENSG00000003402[6,10,4]	0	+	201616477	201623915	0	4	122,106,136,429,	0,300,3243,7629,	chr2	201620957	201623469	retro_human_705|IMPDH1P10-201|processed_pseudogene	0	-	IMPDH1P10,CFLAR	2512
chr2	201616170	201624900	ENSG00000003402[6,21,13]	0	+	201616477	201624873	0	4	406,136,83,84,	0,3243,7629,8646,	chr2	201620957	201623469	retro_human_705|IMPDH1P10-201|processed_pseudogene	0	-	IMPDH1P10,CFLAR	2512
chr2	201645879	201646176	ENSG00000235579[1,1,1]	0	-	201645879	201645879	0	1	297,	0,	chr2	201645929	201646126	RPL38P5-201|processed_pseudogene	0	-	RPL38P5	197
chr2	202100786	202107026	ENSG00000155755[4,4,1]	0	-	202104910	202106847	0	2	4189,348,	0,5892,	chr2	202102298	202104083	retro_human_3760|ENO1P4-201|processed_pseudogene	0	-	TMEM237	1785
chr2	202102248	202104133	ENSG00000241790[1,1,1]	0	-	202103595	202103919	0	1	1885,	0,	chr2	202102298	202104083	retro_human_3760|ENO1P4-201|processed_pseudogene	0	-	TMEM237	1785
chr2	202712683	202712937	ENSG00000224463[1,1,1]	0	+	202712683	202712683	0	1	254,	0,	chr2	202712733	202712887	retro_human_7882|RPL39P14-201|processed_pseudogene	0	+	RPL39P14	154
chr2	202986025	202986457	ENSG00000270915[1,1,1]	0	-	202986025	202986025	0	1	432,	0,	chr2	202986075	202986407	retro_human_10294|H3P8-201|processed_pseudogene	0	-	H3P8	332
chr2	203672220	203672818	ENSG00000204196[1,1,1]	0	+	203672270	203672765	0	1	598,	0,	chr2	203672270	203672768	retro_human_7880|RPL12P16-201|processed_pseudogene	0	+	RPL12P16,NBEAL1	498
chr2	203672622	203672818	ENSG00000204196[2,1,1]	0	+	203672694	203672808	0	1	196,	0,	chr2	203672270	203672768	retro_human_7880|RPL12P16-201|processed_pseudogene	0	+	RPL12P16,NBEAL1	146
chr2	206597404	206599615	ENSG00000237580[4,1,2]	0	-	206597454	206597658	0	1	2211,	0,	chr2	206598002	206598393	retro_human_4367|GCSHP3-201|processed_pseudogene	0	-	GCSHP3,NDUFS1	391
chr2	206597404	206599208	ENSG00000237580[3,1,2]	0	-	206597454	206597658	0	1	1804,	0,	chr2	206598002	206598393	retro_human_4367|GCSHP3-201|processed_pseudogene	0	-	GCSHP3,NDUFS1	391
chr2	206597404	206598786	ENSG00000237580[2,1,2]	0	-	206597454	206597658	0	1	1382,	0,	chr2	206598002	206598393	retro_human_4367|GCSHP3-201|processed_pseudogene	0	-	GCSHP3,NDUFS1	391
chr2	206597952	206598443	ENSG00000237580[1,1,1]	0	-	206598270	206598393	0	1	491,	0,	chr2	206598002	206598393	retro_human_4367|GCSHP3-201|processed_pseudogene	0	-	GCSHP3,NDUFS1	391
chr2	208156039	208156583	ENSG00000213082[1,1,1]	0	+	208156039	208156039	0	1	544,	0,	chr2	208156089	208156533	retro_human_2060|PPP1R14BP2-201|processed_pseudogene	0	+	PPP1R14BP2	444
chr2	210288862	210289766	ENSG00000237194[1,1,1]	0	+	210288939	210289713	0	1	904,	0,	chr2	210288939	210289716	retro_human_7529|SNAI1P1-201|processed_pseudogene	0	+	SNAI1P1	777
chr2	213312912	213313797	ENSG00000231254[1,1,1]	0	+	213312912	213312912	0	1	885,	0,	chr2	213312962	213313747	retro_human_7524|PCED1CP-201|processed_pseudogene	0	+	PCED1CP	785
chr2	216660258	216661495	ENSG00000236478[1,1,1]	0	-	216660258	216660258	0	1	1237,	0,	chr2	216660308	216661445	retro_human_4316|AC012513.2-201|processed_pseudogene	0	-	LOC100421349	1137
chr2	217092687	217093407	ENSG00000235444[1,1,1]	0	-	217092687	217092687	0	1	720,	0,	chr2	217092739	217093357	retro_human_4796|PSMB3P2-201|processed_pseudogene	0	-	PSMB3P2	618
chr2	218243811	218244656	ENSG00000231035[1,1,1]	0	-	218243811	218243811	0	1	845,	0,	chr2	218243861	218244606	retro_human_905|RPL7L1P9-201|processed_pseudogene	0	-	RPL7L1P9	745
chr2	219441723	219442473	ENSG00000224928[1,1,1]	0	-	219441723	219441723	0	1	750,	0,	chr2	219441773	219442423	retro_human_56|KRT8P30-201|processed_pseudogene	0	-	KRT8P30	650
chr2	219470282	219472900	ENSG00000163497[2,2,2]	0	-	219472706	219472862	0	2	349,295,	0,2323,	chr2	219470381	219470707	retro_human_896	0	-	FEV	326
chr2	222429295	222429785	ENSG00000233868[1,1,1]	0	+	222429295	222429295	0	1	490,	0,	chr2	222429345	222429735	retro_human_1689|LLPHP3-201|processed_pseudogene	0	+	LLPHP3	390
chr2	223211513	223211993	ENSG00000235225[1,1,1]	0	+	223211513	223211513	0	1	480,	0,	chr2	223211563	223211941	retro_human_7149|RPL31P17-201|processed_pseudogene	0	+	RPL31P17	378
chr2	223387677	223388193	ENSG00000224121[1,1,1]	0	-	223387677	223387677	0	1	516,	0,	chr2	223387727	223388143	retro_human_10993|ATG12P2-201|processed_pseudogene	0	-	ATG12P2	416
chr2	223428655	223429217	ENSG00000278083[1,1,1]	0	-	223428655	223428655	0	1	562,	0,	chr2	223428708	223429167	AC013476.1-201|processed_pseudogene	0	-	LOC100419511	459
chr2	224981579	224982393	ENSG00000228446[1,1,1]	0	-	224981579	224981579	0	1	814,	0,	chr2	224981629	224982343	ANKRD49P1-201|processed_pseudogene	0	-	ANKRD49P1	714
chr2	228284197	228287149	ENSG00000229172[1,1,1]	0	+	228284197	228284197	0	1	2952,	0,	chr2	228284247	228287099	retro_human_7143|AC073065.1-201|processed_pseudogene	0	+	LOC100533842	2852
chr2	230998032	230998748	ENSG00000250011[1,1,1]	0	+	230998118	230998697	0	1	716,	0,	chr2	230998082	230998698	retro_human_696|HMGB1P3-201|processed_pseudogene	0	+	SP100,HMGB1P3	616
chr2	231208179	231208540	ENSG00000237758[1,1,1]	0	-	231208179	231208179	0	1	361,	0,	chr2	231208229	231208490	retro_human_3195|BANF1P3-201|processed_pseudogene	0	-	BANF1P3	261
chr2	231440958	231441416	ENSG00000235013[1,1,1]	0	+	231440958	231440958	0	1	458,	0,	chr2	231441008	231441366	retro_human_697|COX20P2-201|processed_pseudogene	0	+	COX20P2	358
chr2	231740540	231740850	ENSG00000237039[1,1,1]	0	+	231740590	231740797	0	1	310,	0,	chr2	231740590	231740800	retro_human_4296|RPS28P4-201|processed_pseudogene	0	+	RPS28P4	210
chr2	231918312	231918916	ENSG00000172799[1,1,1]	0	-	231918312	231918312	0	1	604,	0,	chr2	231918362	231918866	retro_human_3177|ZBTB8OSP2-201|processed_pseudogene	0	-	ZBTB8OSP2	504
chr2	232007575	232014934	ENSG00000171596[1,1,1]	0	-	232009484	232014800	0	3	2289,895,137,	0,4986,7222,	chr2	232009650	232013354	retro_human_3179	0	-	NMUR1	3704
chr2	232008511	232014934	ENSG00000171596[1,1,2]	0	-	232009484	232014800	0	3	1353,895,137,	0,4050,6286,	chr2	232009650	232013354	retro_human_3179	0	-	NMUR1	3704
chr2	232274001	232274508	ENSG00000237641[1,1,1]	0	-	232274001	232274001	0	1	507,	0,	chr2	232274051	232274458	retro_human_9880|RPL28P2-201|processed_pseudogene	0	-	RPL28P2,COPS7B	407
chr2	232829770	232830658	ENSG00000251485[1,1,1]	0	+	232830004	232830277	0	1	888,	0,	chr2	232829820	232830608	retro_human_703|NRBF2P6-201|processed_pseudogene	0	+	NRBF2P6,DIS3L2	788
chr2	234210120	234210764	ENSG00000233445[1,1,1]	0	-	234210120	234210120	0	1	644,	0,	chr2	234210170	234210714	retro_human_3969|RPL17P11-201|processed_pseudogene	0	-	RPL17P11,UGT1A	544
chr2	234354189	234357298	ENSG00000224287[2,2,1]	0	-	234354189	234354189	0	2	1964,168,	0,2941,	chr2	234354239	234357248	retro_human_3971|MSL3P1-201|transcribed_processed_pseudogene	0	-	MSL3P1	3009
chr2	234354189	234357298	ENSG00000224287[2,2,1]	0	-	234354189	234354189	0	2	1964,168,	0,2941,	chr2	234354931	234357034	MSL3P1-202|transcribed_processed_pseudogene	0	-	MSL3P1	2103
chr2	236372135	236372367	ENSG00000228499[1,1,1]	0	-	236372135	236372135	0	1	232,	0,	chr2	236372185	236372317	retro_human_2051|TMSB10P1-201|processed_pseudogene	0	-	TMSB10P1	132
chr2	241054033	241058094	ENSG00000188542[2,1,2]	0	+	241054714	241055494	0	2	1074,2735,	0,1326,	chr2	241056518	241057863	retro_human_586	0	-	DUSP28	1345
chr2	241054033	241058094	ENSG00000188542[2,2,2]	0	+	241054714	241055494	0	3	1074,190,391,	0,1326,3670,	chr2	241056518	241057863	retro_human_586	0	-	DUSP28	1345
chr2	241054336	241058094	ENSG00000188542[1,1,2]	0	+	241054714	241055494	0	2	771,2735,	0,1023,	chr2	241056518	241057863	retro_human_586	0	-	DUSP28	1345
chr2	241054336	241058094	ENSG00000188542[1,2,2]	0	+	241054714	241055494	0	3	771,190,391,	0,1023,3367,	chr2	241056518	241057863	retro_human_586	0	-	DUSP28	1345
chr2	241054771	241058094	ENSG00000188542[3,1,2]	0	+	241054978	241055494	0	2	336,2735,	0,588,	chr2	241056518	241057863	retro_human_586	0	-	DUSP28	1345
chr2	241054771	241056747	ENSG00000188542[3,1,4]	0	+	241054978	241055494	0	2	336,1388,	0,588,	chr2	241056518	241057863	retro_human_586	0	-	DUSP28	229
chr2	241054771	241058094	ENSG00000188542[3,2,2]	0	+	241054978	241055494	0	3	336,190,391,	0,588,2932,	chr2	241056518	241057863	retro_human_586	0	-	DUSP28	1345
chr2	241056466	241058094	ENSG00000188542[4,3,2]	0	+	241057862	241058057	0	2	160,391,	0,1237,	chr2	241056518	241057863	retro_human_586	0	-	DUSP28	1345
chr2	242685038	242685589	ENSG00000271153[1,1,1]	0	+	242685038	242685038	0	1	551,	0,	chr2	242685088	242685539	retro_human_6773|RPL23AP88-1|processed_pseudogene	0	+	RPL23AP88	451
chr3	1724126	1724631	ENSG00000214074[1,1,1]	0	+	1724126	1724126	0	1	505,	0,	chr3	1724176	1724581	retro_human_2551|RPL23AP39-201|processed_pseudogene	0	+	RPL23AP39	405
chr3	3977882	3980296	ENSG00000229241[1,1,1]	0	-	3978770	3979694	0	1	2414,	0,	chr3	3977932	3980246	retro_human_4567|PNPT1P1-201|processed_pseudogene	0	-	PNPT1P1	2314
chr3	6763571	6763978	ENSG00000236152[1,1,1]	0	-	6763571	6763571	0	1	407,	0,	chr3	6763621	6763928	retro_human_10050|MRPS36P1-201|processed_pseudogene	0	-	MRPS36P1	307
chr3	9978819	9999040	ENSG00000180385[1,5,2]	0	+	9978819	9978819	0	2	430,4324,	0,15897,	chr3	9995549	9998052	retro_human_8781	0	+	EMC3-AS1	2503
chr3	9996217	9999040	ENSG00000180385[3,1,2]	0	+	9996217	9996217	0	2	549,234,	0,2589,	chr3	9995549	9998052	retro_human_8781	0	+	EMC3-AS1	1835
chr3	11229157	11229584	ENSG00000213964[1,1,1]	0	-	11229157	11229157	0	1	427,	0,	chr3	11229207	11229534	retro_human_10047|CHCHD4P4-201|processed_pseudogene	0	-	CHCHD4P4	327
chr3	13054423	13054679	ENSG00000231362[1,1,1]	0	-	13054476	13054629	0	1	256,	0,	chr3	13054473	13054629	retro_human_9665|AC069271.1-201|processed_pseudogene	0	-	RPL39P17	156
chr3	15881162	15882784	ENSG00000224728[1,1,1]	0	+	15881162	15881162	0	1	1622,	0,	chr3	15881212	15882734	retro_human_3315|IMPDH1P8-201|processed_pseudogene	0	+	IMPDH1P8	1522
chr3	17873785	17874755	ENSG00000213383[1,1,1]	0	-	17873785	17873785	0	1	970,	0,	chr3	17873835	17874705	retro_human_4175|AC104297.1-201|processed_pseudogene	0	-	PP1P	870
chr3	20016469	20016724	ENSG00000229468[1,1,1]	0	+	20016469	20016469	0	1	255,	0,	chr3	20016519	20016674	retro_human_9199|RPL39P18-201|processed_pseudogene	0	+	RPL39P18	155
chr3	21416142	21417016	ENSG00000236380[1,1,1]	0	+	21416142	21416142	0	1	874,	0,	chr3	21416192	21416966	retro_human_9200|VENTXP7-201|processed_pseudogene	0	+	VENTXP7	774
chr3	22386523	22387725	ENSG00000132967[1,1,2]	0	+	22386523	22386523	0	1	1202,	0,	chr3	22386573	22387206	retro_human_9197|HMGB1P5-201|transcribed_processed_pseudogene	0	+	HMGB1P5	633
chr3	22386523	22387725	ENSG00000132967[1,1,2]	0	+	22386523	22386523	0	1	1202,	0,	chr3	22386699	22387675	HMGB1P5-202|transcribed_processed_pseudogene	0	+	HMGB1P5	976
chr3	22386523	22387256	ENSG00000132967[1,1,1]	0	+	22386523	22386523	0	1	733,	0,	chr3	22386573	22387206	retro_human_9197|HMGB1P5-201|transcribed_processed_pseudogene	0	+	HMGB1P5	633
chr3	22386523	22387256	ENSG00000132967[1,1,1]	0	+	22386523	22386523	0	1	733,	0,	chr3	22386699	22387675	HMGB1P5-202|transcribed_processed_pseudogene	0	+	HMGB1P5	557
chr3	22994635	22996495	ENSG00000231915[1,1,1]	0	+	22994635	22994635	0	1	1860,	0,	chr3	22994818	22996442	retro_human_9195	0	+	SALL4P5	1624
chr3	27488294	27488765	ENSG00000230807[1,1,1]	0	+	27488294	27488294	0	1	471,	0,	chr3	27488344	27488715	retro_human_8038|AC099535.1-201|processed_pseudogene	0	+	UBA52P4	371
chr3	32187774	32188752	ENSG00000237433[1,1,1]	0	+	32187774	32187774	0	1	978,	0,	chr3	32187824	32188702	retro_human_2557|RPSAP11-201|processed_pseudogene	0	+	RPSAP11	878
chr3	32783801	32784371	ENSG00000227337[1,1,1]	0	+	32783801	32783801	0	1	570,	0,	chr3	32783850	32784321	retro_human_2553|RPL23AP43-201|processed_pseudogene	0	+	RPL23AP43	471
chr3	33078940	33079328	ENSG00000235424[1,1,1]	0	+	33078940	33078940	0	1	388,	0,	chr3	33078990	33079278	retro_human_8403|SUMO2P10-201|processed_pseudogene	0	+	SUMO2P10	288
chr3	36768410	36770193	ENSG00000230067[1,1,1]	0	-	36768410	36768410	0	1	1783,	0,	chr3	36768460	36770143	retro_human_4584|HSPD1P6-201|transcribed_processed_pseudogene	0	-	HSPD1P6	1683
chr3	36977632	36978257	ENSG00000236165[1,1,1]	0	+	36977632	36977632	0	1	625,	0,	chr3	36977682	36978207	retro_human_8406|PRADC1P1-201|processed_pseudogene	0	+	PRADC1P1	525
chr3	37017817	37018409	ENSG00000224858[1,1,1]	0	-	37017817	37017817	0	1	592,	0,	chr3	37017867	37018359	retro_human_4585|RPL29P11-201|processed_pseudogene	0	-	RPL29P11	492
chr3	37135949	37136494	ENSG00000225558[1,1,1]	0	+	37135949	37135949	0	1	545,	0,	chr3	37135999	37136444	retro_human_8398|UBE2D3P2-201|processed_pseudogene	0	+	UBE2D3P2	445
chr3	37144805	37145352	ENSG00000224080[1,1,1]	0	-	37144805	37144805	0	1	547,	0,	chr3	37144855	37145302	retro_human_4582|UBE2FP1-201|processed_pseudogene	0	-	UBE2FP1	447
chr3	37277040	37278046	ENSG00000230409[1,1,1]	0	+	37277090	37277993	0	1	1006,	0,	chr3	37277090	37277996	retro_human_2952|TCEA1P2-201|processed_pseudogene	0	+	TCEA1P2	906
chr3	37794034	37794659	ENSG00000236411[1,1,1]	0	-	37794034	37794034	0	1	625,	0,	chr3	37794084	37794609	retro_human_4581|NDUFAF4P3-201|processed_pseudogene	0	-	NDUFAF4P3	525
chr3	38532795	38533419	ENSG00000232439[1,1,1]	0	-	38532795	38532795	0	1	624,	0,	chr3	38532845	38533369	retro_human_10484|RPL18AP7-201|processed_pseudogene	0	-	RPL18AP7	524
chr3	39347825	39348886	ENSG00000228168[1,1,1]	0	+	39347825	39347825	0	1	1061,	0,	chr3	39347875	39348836	retro_human_2948|HNRNPA1P21-201|processed_pseudogene	0	+	HNRNPA1P21	961
chr3	40776564	40776919	ENSG00000234287[1,1,1]	0	+	40776564	40776564	0	1	355,	0,	chr3	40776614	40776869	retro_human_7224|AC099560.2-201|processed_pseudogene	0	+	RPS27P4	255
chr3	41876791	41877136	ENSG00000223513[1,1,1]	0	-	41876844	41877069	0	1	345,	0,	chr3	41876841	41877086	retro_human_4993|ATP6V0E1P2-201|processed_pseudogene	0	-	ATP6V0E1P2	245
chr3	42904881	42905927	ENSG00000236459[1,1,1]	0	+	42905113	42905740	0	1	1046,	0,	chr3	42904931	42905877	retro_human_1778|HNRNPA1P22-201|processed_pseudogene	0	+	HNRNPA1P22	946
chr3	44595620	44596810	ENSG00000214820[1,1,1]	0	-	44595620	44595620	0	1	1190,	0,	chr3	44595670	44596760	retro_human_9424|MPRIPP1-201|processed_pseudogene	0	-	MPRIPP1	1090
chr3	45176143	45176645	ENSG00000224094[1,1,1]	0	-	45176143	45176143	0	1	502,	0,	chr3	45176193	45176595	retro_human_9416|RPS24P8-201|processed_pseudogene	0	-	RPS24P8	402
chr3	45899229	45899803	ENSG00000236930[1,1,1]	0	-	45899353	45899482	0	1	574,	0,	chr3	45899279	45899753	retro_human_9413|AC099782.1-201|processed_pseudogene	0	-	SDHDP4	474
chr3	46039123	46040084	ENSG00000226933[1,1,1]	0	+	46039123	46039123	0	1	961,	0,	chr3	46039173	46040034	retro_human_191|NRBF2P2-201|processed_pseudogene	0	+	NRBF2P2	861
chr3	46935138	46935367	ENSG00000273682[1,1,1]	0	-	46935138	46935138	0	1	229,	0,	chr3	46935188	46935317	AC109583.3-201|processed_pseudogene	0	-	BLVRBP1	129
chr3	47518857	47519524	ENSG00000271161[1,1,2]	0	+	47518857	47518857	0	1	667,	0,	chr3	47518907	47519157	retro_human_5555|BOLA2P2-201|transcribed_processed_pseudogene	0	+	BOLA2P2,ELP6	250
chr3	47518857	47519524	ENSG00000271161[1,1,2]	0	+	47518857	47518857	0	1	667,	0,	chr3	47518907	47519474	BOLA2P2-202|transcribed_processed_pseudogene	0	+	BOLA2P2,ELP6	567
chr3	48208665	48208945	ENSG00000231884[1,1,1]	0	+	48208665	48208665	0	1	280,	0,	chr3	48208715	48208895	retro_human_5553|NDUFB1P1-201|processed_pseudogene	0	+	NDUFB1P1	180
chr3	48284076	48284764	ENSG00000229759[1,1,1]	0	-	48284076	48284076	0	1	688,	0,	chr3	48284126	48284714	retro_human_5435|MRPS18AP1-201|processed_pseudogene	0	-	MRPS18AP1	588
chr3	48318508	48319191	ENSG00000228638[1,1,1]	0	-	48318900	48319026	0	1	683,	0,	chr3	48318558	48319141	retro_human_5438|FCF1P2-201|transcribed_processed_pseudogene	0	-	FCF1P2	583
chr3	48319000	48319444	ENSG00000228638[2,1,2]	0	-	48319000	48319000	0	1	444,	0,	chr3	48318558	48319141	retro_human_5438|FCF1P2-201|transcribed_processed_pseudogene	0	-	FCF1P2	141
chr3	49386504	49387776	ENSG00000233276[1,7,1]	0	-	49386769	49387483	255	2	619,371,	0,901,	chr3	49386785	49387615	retro_human_73	0	-	GPX1	830
chr3	49386504	49387776	ENSG00000233276[1,3,1]	0	-	49386769	49387051	0	2	641,371,	0,901,	chr3	49386785	49387615	retro_human_73	0	-	GPX1	830
chr3	49386504	49387776	ENSG00000233276[1,5,1]	0	-	49386769	49387651	0	2	622,233,	0,1039,	chr3	49386785	49387615	retro_human_73	0	-	GPX1	830
chr3	49386504	49387776	ENSG00000233276[1,4,1]	0	-	49386769	49387051	0	2	763,371,	0,901,	chr3	49386785	49387615	retro_human_73	0	-	GPX1	830
chr3	49386504	49387776	ENSG00000233276[1,1,1]	0	-	49386769	49387483	0	2	622,371,	0,901,	chr3	49386785	49387615	retro_human_73	0	-	GPX1	830
chr3	49386504	49388023	ENSG00000233276[2,1,1]	0	-	49386769	49387483	0	2	622,618,	0,901,	chr3	49386785	49387615	retro_human_73	0	-	GPX1	830
chr3	49386504	49388023	ENSG00000233276[2,2,1]	0	-	49386769	49387051	0	1	1519,	0,	chr3	49386785	49387615	retro_human_73	0	-	GPX1	830
chr3	49386504	49387776	ENSG00000233276[1,2,1]	0	-	49386769	49387051	0	1	1272,	0,	chr3	49386785	49387615	retro_human_73	0	-	GPX1	830
chr3	50329195	50332176	ENSG00000114378[4,10,1]	0	-	50329841	50332102	255	2	961,764,	0,2217,	chr3	50329857	50330204	retro_human_70	0	-	HYAL1	347
chr3	50329195	50332176	ENSG00000114378[4,2,1]	0	-	50329841	50332102	0	3	961,90,764,	0,1148,2217,	chr3	50329857	50330204	retro_human_70	0	-	HYAL1	347
chr3	50329787	50332980	ENSG00000114378[1,6,3]	0	-	50329841	50331766	0	4	369,90,567,159,	0,556,1625,3034,	chr3	50329857	50330204	retro_human_70	0	-	HYAL1	347
chr3	52765406	52766827	ENSG00000275956[1,1,1]	0	+	52765406	52765406	0	1	1421,	0,	chr3	52765456	52766777	retro_human_10220|AC104446.2-201|processed_pseudogene	0	+	LOC100301990	1321
chr3	57982153	57982740	ENSG00000213509[1,1,1]	0	+	57982153	57982153	0	1	587,	0,	chr3	57982203	57982690	retro_human_11054|PPIAP16-201|processed_pseudogene	0	+	PPIAP16	487
chr3	64217935	64218781	ENSG00000239926[1,1,1]	0	+	64217935	64217935	0	1	846,	0,	chr3	64217985	64218731	retro_human_8989|PRDX3P4-201|processed_pseudogene	0	+	PRDX3P4	746
chr3	66052756	66053288	ENSG00000203647[1,1,1]	0	-	66053059	66053221	0	1	532,	0,	chr3	66052806	66053238	AC106827.1-201|processed_pseudogene	0	-	LOC124900543	432
chr3	68190519	68191246	ENSG00000214552[1,1,1]	0	+	68190569	68191196	0	1	727,	0,	chr3	68190569	68191196	retro_human_10664|COPS8P2-201|processed_pseudogene	0	+	COPS8P2	627
chr3	68681101	68682521	ENSG00000241506[1,1,1]	0	+	68681101	68681101	0	1	1420,	0,	chr3	68681151	68682471	retro_human_10666|PSMC1P1-201|processed_pseudogene	0	+	PSMC1P1	1320
chr3	69508257	69509438	ENSG00000239263[1,1,1]	0	-	69508752	69508998	0	1	1181,	0,	chr3	69508307	69509388	RBM43P1-201|processed_pseudogene	0	-	RBM43P1	1081
chr3	69572466	69573596	ENSG00000240265[1,1,1]	0	-	69572788	69573124	0	1	1130,	0,	chr3	69572516	69573546	retro_human_6406|AC099328.1-201|processed_pseudogene	0	-	H1-8P1	1030
chr3	72926058	72926604	ENSG00000271266[1,1,1]	0	+	72926058	72926058	0	1	546,	0,	chr3	72926108	72926554	retro_human_10668|LAPTM4BP2-201|processed_pseudogene	0	+	LAPTM4BP2	446
chr3	72970872	72971522	ENSG00000242960[1,1,1]	0	+	72971031	72971292	0	1	650,	0,	chr3	72970922	72971472	retro_human_4769|FTH1P23-201|processed_pseudogene	0	+	FTH1P23	550
chr3	75256395	75257501	ENSG00000213300[1,1,1]	0	+	75256395	75256395	0	1	1106,	0,	chr3	75256445	75257451	retro_human_4772|HNRNPA3P6-201|processed_pseudogene	0	+	HNRNPA3P6	1006
chr3	75437217	75437450	ENSG00000240665[1,1,1]	0	+	75437217	75437217	0	1	233,	0,	chr3	75437267	75437400	LSP1P2-201|processed_pseudogene	0	+	LSP1P2	133
chr3	75677830	75678398	ENSG00000243422[1,1,2]	0	-	75677830	75677830	0	1	568,	0,	chr3	75677880	75678348	retro_human_634|RPL23AP49-201|transcribed_processed_pseudogene	0	-	RPL23AP49	468
chr3	75677830	75678398	ENSG00000243422[1,1,2]	0	-	75677830	75677830	0	1	568,	0,	chr3	75678093	75678383	AC108724.2-201|processed_pseudogene	0	+	RPL23AP49	290
chr3	75711677	75712258	ENSG00000241622[1,1,1]	0	+	75711677	75711677	0	1	581,	0,	chr3	75711727	75712208	retro_human_4773|RARRES2P1-201|processed_pseudogene	0	+	RARRES2P1	481
chr3	83991209	83992501	ENSG00000242195[1,1,1]	0	+	83991209	83991209	0	1	1292,	0,	chr3	83991259	83992451	SRRM1P2-201|processed_pseudogene	0	+	SRRM1P2	1192
chr3	88171182	88171843	ENSG00000241535[1,1,1]	0	-	88171182	88171182	0	1	661,	0,	chr3	88171232	88171793	retro_human_1833|CBX5P1-201|processed_pseudogene	0	-	CBX5P1	561
chr3	90337926	90338321	ENSG00000271024[1,1,1]	0	-	90337926	90337926	0	1	395,	0,	chr3	90337976	90338271	retro_human_1835|HSPE1P19-201|processed_pseudogene	0	-	HSPE1P19	295
chr3	98357175	98358146	ENSG00000244681[1,1,2]	0	-	98357175	98357175	0	1	971,	0,	chr3	98357225	98358096	retro_human_10221|MTHFD2P1-202|transcribed_processed_pseudogene	0	-	MTHFD2P1	871
chr3	99053199	99054685	ENSG00000243547[1,1,1]	0	+	99053199	99053199	0	1	1486,	0,	chr3	99053249	99054635	retro_human_4339|HNRNPKP4-201|processed_pseudogene	0	+	HNRNPKP4	1386
chr3	101228694	101229008	ENSG00000250562[1,1,1]	0	-	101228694	101228694	0	1	314,	0,	chr3	101228744	101228958	retro_human_10216|RPL38P4-201|processed_pseudogene	0	-	RPL38P4	214
chr3	104163902	104164494	ENSG00000282978[1,1,1]	0	-	104163955	104164441	0	1	592,	0,	chr3	104163952	104164444	retro_human_10206|AC110994.3-201|processed_pseudogene	0	-	BTF3P16	492
chr3	104228105	104229294	ENSG00000175841[1,1,1]	0	+	104228105	104228105	0	1	1189,	0,	chr3	104228155	104229244	retro_human_6896|FAM172BP-201|processed_pseudogene	0	+	FAM172BP	1089
chr3	104289051	104289610	ENSG00000242299[1,1,1]	0	-	104289051	104289051	0	1	559,	0,	chr3	104289101	104289560	retro_human_7312|AC073861.1-201|processed_pseudogene	0	-	RPS18P5,PCNP	459
chr3	104425090	104426020	ENSG00000244119[2,1,2]	0	+	104425090	104425090	0	1	930,	0,	chr3	104425140	104425860	retro_human_3583|PDCL3P4-201|processed_pseudogene	0	+	PDCL3P4	720
chr3	109568484	109569174	ENSG00000239997[1,1,1]	0	+	109568484	109568484	0	1	690,	0,	chr3	109568534	109569124	retro_human_9442|FCF1P3-201|processed_pseudogene	0	+	FCF1P3	590
chr3	111263068	111263677	ENSG00000241634[1,1,1]	0	-	111263068	111263068	0	1	609,	0,	chr3	111263118	111263627	retro_human_1402|AC069499.1-201|processed_pseudogene	0	-	RPL13P8,CIP2A	509
chr3	116081356	116082509	ENSG00000240751[1,1,1]	0	+	116081356	116081356	0	1	1153,	0,	chr3	116081406	116082459	retro_human_3126|AC026348.1-201|processed_pseudogene	0	+	RABGGTBP1	1053
chr3	116606455	116607289	ENSG00000241889[1,1,1]	0	+	116606903	116607236	0	1	834,	0,	chr3	116606505	116607239	retro_human_3127|AC079944.2-201|processed_pseudogene	0	+	CTDNEP1P1	734
chr3	116952279	116954003	ENSG00000240487[1,1,1]	0	-	116952279	116952279	0	1	1724,	0,	chr3	116952329	116953953	retro_human_4816|FAM214BP1-201|processed_pseudogene	0	-	ATOSBP1	1624
chr3	119365739	119366665	ENSG00000198406[1,1,1]	0	-	119365739	119365739	0	1	926,	0,	chr3	119365789	119366615	retro_human_4820|BZW1P2-201|processed_pseudogene	0	-	BZW1P2	826
chr3	119746546	119746988	ENSG00000243014[1,1,1]	0	+	119746546	119746546	0	1	442,	0,	chr3	119746596	119746938	retro_human_3131|PTMAP8-201|processed_pseudogene	0	+	PTMAP8	342
chr3	120394044	120394947	ENSG00000240393[1,1,1]	0	-	120394044	120394044	0	1	903,	0,	chr3	120394094	120394897	retro_human_4818|AC092691.2-201|processed_pseudogene	0	-	DRG1P2,LOC124906270	803
chr3	122355178	122355903	ENSG00000242052[1,1,1]	0	-	122355178	122355178	0	1	725,	0,	chr3	122355228	122355853	retro_human_5536|RPL10P7-201|processed_pseudogene	0	-	RPL10P7	625
chr3	123026193	123027541	ENSG00000240882[1,1,1]	0	+	123026193	123026193	0	1	1348,	0,	chr3	123026243	123027491	retro_human_9008|AC063952.2-201|processed_pseudogene	0	+	PTOV1P1	1248
chr3	123232372	123232811	ENSG00000244441[1,1,1]	0	+	123232372	123232372	0	1	439,	0,	chr3	123232422	123232761	retro_human_9007|AC126182.2-201|processed_pseudogene	0	+	RPL34P9	339
chr3	128037557	128038127	ENSG00000229048[1,1,1]	0	+	128037557	128037557	0	1	570,	0,	chr3	128037607	128038077	retro_human_2748|DUTP1-201|processed_pseudogene	0	+	DUTP1	470
chr3	128690879	128691241	ENSG00000241439[1,1,1]	0	+	128690879	128690879	0	1	362,	0,	chr3	128690929	128691191	retro_human_8578|AC092903.1-201|processed_pseudogene	0	+	FBRSL1P1	262
chr3	131509065	131509718	ENSG00000242992[1,1,1]	0	-	131509065	131509065	0	1	653,	0,	chr3	131509115	131509668	retro_human_2434|FTH1P4-201|processed_pseudogene	0	-	FTH1P4	553
chr3	135362706	135404387	ENSG00000240303[1,2,2]	0	-	135363126	135404244	0	11	573,78,127,107,122,139,165,162,126,100,292,	0,1268,8472,10121,12219,13123,21273,23762,24467,26587,41389,	chr3	135390327	135394879	retro_human_2376|HSPA8P19-201|processed_pseudogene	0	+	HSPA8P19	4552
chr3	135362919	135404625	ENSG00000240303[7,2,10]	0	-	135363126	135404244	0	11	360,78,127,107,122,139,165,162,126,100,530,	0,1055,8259,9908,12006,12910,21060,23549,24254,26374,41176,	chr3	135390327	135394879	retro_human_2376|HSPA8P19-201|processed_pseudogene	0	+	HSPA8P19	4552
chr3	135362919	135404387	ENSG00000240303[1,2,10]	0	-	135363126	135404244	0	11	360,78,127,107,122,139,165,162,126,100,292,	0,1055,8259,9908,12006,12910,21060,23549,24254,26374,41176,	chr3	135390327	135394879	retro_human_2376|HSPA8P19-201|processed_pseudogene	0	+	HSPA8P19	4552
chr3	136291058	136291360	ENSG00000250983[1,1,1]	0	-	136291058	136291058	0	1	302,	0,	chr3	136291108	136291310	AC022296.3-201|processed_pseudogene	0	-	FAM76AP1	202
chr3	137096956	137097294	ENSG00000214289[1,1,1]	0	-	137096956	137096956	0	1	338,	0,	chr3	137097093	137097244	retro_human_8294|RPL39P5-202|transcribed_processed_pseudogene	0	-	RPL39P5	151
chr3	139477163	139477993	ENSG00000240695[1,1,1]	0	-	139477259	139477469	0	1	830,	0,	chr3	139477213	139477943	AC117382.1-201|processed_pseudogene	0	-	DNAJC8P2	730
chr3	139639738	139640840	ENSG00000214283[1,1,1]	0	-	139639738	139639738	0	1	1102,	0,	chr3	139639788	139640790	retro_human_2086|RAD51AP1P1-201|processed_pseudogene	0	-	RAD51AP1P1	1002
chr3	140620889	140622932	ENSG00000241478[1,1,1]	0	+	140620889	140620889	0	1	2043,	0,	chr3	140620939	140622882	retro_human_5114|HSPA8P9-201|processed_pseudogene	0	+	HSPA8P9	1943
chr3	141518499	141519578	ENSG00000239207[1,1,1]	0	+	141518499	141518499	0	1	1079,	0,	chr3	141518549	141519528	retro_human_10851|GAPDHP39-201|processed_pseudogene	0	+	GAPDHP39	979
chr3	142241228	142242457	ENSG00000178631[1,1,1]	0	+	142241228	142241228	0	1	1229,	0,	chr3	142241278	142242407	retro_human_5077|ACTG1P1-201|processed_pseudogene	0	+	ACTG1P1	1129
chr3	143649314	143649872	ENSG00000224085[1,1,1]	0	+	143649314	143649314	0	1	558,	0,	chr3	143649364	143649822	retro_human_9145|RPL23AP41-201|processed_pseudogene	0	+	RPL23AP41	458
chr3	144218248	144219617	ENSG00000215606[1,1,1]	0	-	144218248	144218248	0	1	1369,	0,	chr3	144218298	144219567	retro_human_7904|KRT18P35-201|processed_pseudogene	0	-	KRT18P35	1269
chr3	145196463	145205137	ENSG00000175054[3,23,1]	0	-	145197859	145204988	0	4	423,137,106,250,	0,1286,3948,8424,	chr3	145197385	145199433	retro_human_10380|AC109992.1-201|processed_pseudogene	0	+	EIF2AK1P1,ATR	2048
chr3	145197335	145199483	ENSG00000242479[1,1,1]	0	+	145197335	145197335	0	1	2148,	0,	chr3	145197385	145199433	retro_human_10380|AC109992.1-201|processed_pseudogene	0	+	EIF2AK1P1,ATR	2048
chr3	145707563	145707835	ENSG00000241592[1,1,1]	0	+	145707563	145707563	0	1	272,	0,	chr3	145707613	145707785	AC021074.2-201|processed_pseudogene	0	+	PAQR9	172
chr3	148439496	148440117	ENSG00000241695[1,1,1]	0	+	148439496	148439496	0	1	621,	0,	chr3	148439546	148440067	retro_human_6231|GM2AP1-201|processed_pseudogene	0	+	GM2AP1	521
chr3	152690315	152691218	ENSG00000239351[1,1,1]	0	-	152690315	152690315	0	1	903,	0,	chr3	152690365	152691168	retro_human_9088|NPM1P29-201|processed_pseudogene	0	-	NPM1P29	803
chr3	152733506	152734733	ENSG00000224831[1,1,1]	0	-	152733556	152734684	0	1	1227,	0,	chr3	152733556	152734684	retro_human_2826|TMEM183B-201|processed_pseudogene	0	-	TMEM183BP	1128
chr3	152735719	152736222	ENSG00000182000[1,1,1]	0	+	152735719	152735719	0	1	503,	0,	chr3	152735769	152736172	retro_human_6227|PPIAP73-201|processed_pseudogene	0	+	PPIAP73	403
chr3	153362448	153363159	ENSG00000271711[1,1,1]	0	-	153362448	153362448	0	1	711,	0,	chr3	153362498	153363109	retro_human_2827|AC069236.1-201|processed_pseudogene	0	-	SAP30P1	611
chr3	158534439	158535140	ENSG00000241307[1,1,1]	0	+	158534439	158534439	0	1	701,	0,	chr3	158534489	158535090	AC104472.2-201|processed_pseudogene	0	+	RPL7AP24	601
chr3	158761880	158762853	ENSG00000240489[1,1,1]	0	+	158761880	158761880	0	1	973,	0,	chr3	158761930	158762803	retro_human_449|SETP14-201|processed_pseudogene	0	+	SETP14	873
chr3	159584206	159585488	ENSG00000230457[1,1,1]	0	-	159584206	159584206	0	1	1282,	0,	chr3	159584256	159585438	retro_human_8656|PA2G4P4-201|processed_pseudogene	0	-	PA2G4P4	1182
chr3	161401707	161402001	ENSG00000243165[1,1,1]	0	-	161401707	161401707	0	1	294,	0,	chr3	161401757	161401951	AC025033.1-201|processed_pseudogene	0	-	RFKP6	194
chr3	161537306	161537729	ENSG00000243675[1,1,1]	0	+	161537306	161537306	0	1	423,	0,	chr3	161537356	161537679	retro_human_6645|AC080013.2-201|processed_pseudogene	0	+	RPL35AP9	323
chr3	161614923	161615891	ENSG00000232374[1,1,1]	0	-	161614923	161614923	0	1	968,	0,	chr3	161614973	161615841	retro_human_940|GPR79-201|processed_pseudogene	0	-	GPR79	868
chr3	163342416	163343913	ENSG00000229320[2,1,2]	0	+	163342416	163342416	0	1	1497,	0,	chr3	163342466	163343863	KRT8P12-202|transcribed_processed_pseudogene	0	+	KRT8P12	1397
chr3	163359509	163360452	ENSG00000242285[1,1,1]	0	+	163359509	163359509	0	1	943,	0,	chr3	163359559	163360402	retro_human_6641|RPL6P8-201|processed_pseudogene	0	+	RPL6P8	843
chr3	166784760	166785720	ENSG00000214210[1,1,1]	0	-	166784760	166784760	0	1	960,	0,	chr3	166784810	166785670	AC084017.1-201|processed_pseudogene	0	-	NGRNP1	860
chr3	169076820	169077518	ENSG00000244429[1,1,1]	0	+	169076820	169076820	0	1	698,	0,	chr3	169076870	169077468	retro_human_824|AC104629.1-201|processed_pseudogene	0	+	SSBL6P	598
chr3	172267582	172268092	ENSG00000213178[1,1,1]	0	-	172267635	172267920	0	1	510,	0,	chr3	172267632	172268042	retro_human_6756|RPL22P1-201|processed_pseudogene	0	-	RPL22P1	410
chr3	172716231	172717563	ENSG00000244039[1,1,1]	0	+	172717148	172717487	0	1	1332,	0,	chr3	172716281	172717513	retro_human_821|AC008040.2-201|processed_pseudogene	0	+	FAM20BP1	1232
chr3	173279896	173281006	ENSG00000241416[1,1,1]	0	+	173280678	173280987	0	1	1110,	0,	chr3	173279946	173280956	retro_human_7042|KRT8P13-201|processed_pseudogene	0	+	KRT8P13	1010
chr3	173438112	173438626	ENSG00000213174[1,1,1]	0	-	173438112	173438112	0	1	514,	0,	chr3	173438162	173438576	retro_human_6754|AC026316.1-201|processed_pseudogene	0	-	RPL28P1	414
chr3	175307248	175307565	ENSG00000224611[1,1,1]	0	+	175307248	175307248	0	1	317,	0,	chr3	175307298	175307515	retro_human_7041|AC007919.1-201|processed_pseudogene	0	+	TBPL1P1	217
chr3	175614441	175614982	ENSG00000227440[1,1,1]	0	-	175614441	175614441	0	1	541,	0,	chr3	175614491	175614932	retro_human_5045|ATP5MC1P4-201|processed_pseudogene	0	-	ATP5MC1P4,ECT2	441
chr3	178513161	178513700	ENSG00000214192[1,1,1]	0	-	178513161	178513161	0	1	539,	0,	chr3	178513210	178513650	retro_human_8292|UBE2V1P2-201|processed_pseudogene	0	-	UBE2V1P2	440
chr3	178772419	178773593	ENSG00000230362[1,1,1]	0	-	178772419	178772419	0	1	1174,	0,	chr3	178772469	178773543	retro_human_10530|ACTG1P23-201|processed_pseudogene	0	-	ACTG1P23	1074
chr3	182046557	182065313	ENSG00000171121[7,3,1]	0	-	182046743	182062786	0	4	564,199,192,2529,	0,1774,8022,16227,	chr3	182062864	182065110	retro_human_10535|LRRFIP1P1-201|processed_pseudogene	0	-	LRRFIP1P1	2246
chr3	182062814	182065160	ENSG00000240429[1,1,1]	0	-	182063509	182064100	0	1	2346,	0,	chr3	182062864	182065110	retro_human_10535|LRRFIP1P1-201|processed_pseudogene	0	-	LRRFIP1P1	2246
chr3	182063526	182065313	ENSG00000240429[3,1,2]	0	-	182064624	182064987	0	1	1787,	0,	chr3	182062864	182065110	retro_human_10535|LRRFIP1P1-201|processed_pseudogene	0	-	LRRFIP1P1	1584
chr3	182063526	182063849	ENSG00000240429[2,1,2]	0	-	182063529	182063628	0	1	323,	0,	chr3	182062864	182065110	retro_human_10535|LRRFIP1P1-201|processed_pseudogene	0	-	LRRFIP1P1	323
chr3	182064591	182065313	ENSG00000240429[3,1,3]	0	-	182064624	182064987	0	1	722,	0,	chr3	182062864	182065110	retro_human_10535|LRRFIP1P1-201|processed_pseudogene	0	-	LRRFIP1P1	519
chr3	183126202	183128255	ENSG00000239880[1,1,1]	0	+	183126202	183126202	0	1	2053,	0,	chr3	183126252	183128205	retro_human_7047|RALBP1P1-201|processed_pseudogene	0	+	RALBP1P1	1953
chr3	183574563	183575828	ENSG00000242068[1,1,1]	0	-	183574563	183574563	0	1	1265,	0,	chr3	183574613	183575778	retro_human_10538|AC108734.3-201|processed_pseudogene	0	-	RNF13P1	1165
chr3	185415333	185416174	ENSG00000228766[1,1,1]	0	+	185415333	185415333	0	1	841,	0,	chr3	185415383	185416124	retro_human_1223|RPL7L1P8-201|processed_pseudogene	0	+	RPL7L1P8	741
chr3	186694598	186697769	ENSG00000234371[1,2,1]	0	+	186694598	186694598	0	2	334,482,	0,2689,	chr3	186697279	186698174	retro_human_1227|RPSAP31-201|transcribed_processed_pseudogene	0	+	RPSAP31	490
chr3	186959191	186960023	ENSG00000228205[1,1,1]	0	+	186959191	186959191	0	1	832,	0,	chr3	186959241	186959973	retro_human_1229|AC131235.1-201|processed_pseudogene	0	+	RPS3P3	732
chr3	189412659	189412984	ENSG00000283390[1,1,1]	0	+	189412659	189412659	0	1	325,	0,	chr3	189412709	189412934	retro_human_7442|AC068631.3-201|processed_pseudogene	0	+	PET100P1	225
chr3	189582993	189583855	ENSG00000226652[2,1,1]	0	+	189582993	189582993	0	1	862,	0,	chr3	189582724	189584080	retro_human_7444|PSMD10P2-202|transcribed_processed_pseudogene	0	+	PSMD10P2	862
chr3	189582993	189583855	ENSG00000226652[2,1,1]	0	+	189582993	189582993	0	1	862,	0,	chr3	189583043	189584080	PSMD10P2-203|transcribed_processed_pseudogene	0	+	PSMD10P2	812
chr3	189582993	189583855	ENSG00000226652[2,1,1]	0	+	189582993	189582993	0	1	862,	0,	chr3	189583133	189583805	PSMD10P2-201|transcribed_processed_pseudogene	0	+	PSMD10P2	672
chr3	189717934	189718394	ENSG00000223803[1,1,1]	0	+	189717934	189717934	0	1	460,	0,	chr3	189717984	189718344	retro_human_7445|RPS20P14-201|processed_pseudogene	0	+	RPS20P14	360
chr3	192983016	192984004	ENSG00000238077[1,1,1]	0	+	192983016	192983016	0	1	988,	0,	chr3	192983066	192983954	retro_human_7446|NMNAT1P3-201|processed_pseudogene	0	+	NMNAT1P3	888
chr3	198261579	198262159	ENSG00000236844[1,1,1]	0	+	198261579	198261579	0	1	580,	0,	chr3	198261629	198262103	retro_human_1588|AC069213.3-201|processed_pseudogene	0	+	RPL24P6	474
chr3	198268224	198268690	ENSG00000236425[1,1,1]	0	-	198268224	198268224	0	1	466,	0,	chr3	198268274	198268640	AC069213.2-201|processed_pseudogene	0	-	RPL31P64	366
chr3	199255738	199256009	ENSG00000225770[1,1,1]	0	+	199255738	199255738	0	1	271,	0,	chr3	199255788	199255959	retro_human_4566|RPS29P3-201|processed_pseudogene	0	+	RPS29P3	171
chr3	199712896	199713879	ENSG00000233487[1,1,1]	0	-	199712949	199713411	0	1	983,	0,	chr3	199712946	199713829	retro_human_9742|RPSAP69-202|transcribed_processed_pseudogene	0	-	LOC124906328	883
chr3	200312934	200313320	ENSG00000213519[1,1,1]	0	-	200312934	200312934	0	1	386,	0,	chr3	200312984	200313270	retro_human_9743|AC132008.1-201|processed_pseudogene	0	-	LOC128966751	286
chr3	200366804	200368401	ENSG00000249626[1,1,1]	0	+	200366804	200366804	0	1	1597,	0,	chr3	200366854	200368351	retro_human_4565|AC024560.2-201|processed_pseudogene	0	+	LOC128966748,LOC112268458	1497
chr3	200849326	200850484	ENSG00000213113[1,1,1]	0	+	200849326	200849326	0	1	1158,	0,	chr3	200849371	200850359	retro_human_4563	0	+	TUBB8P8	988
chr4	419117	421327	ENSG00000251595[1,1,2]	0	-	419890	420511	0	1	2210,	0,	chr4	419167	421277	retro_human_3822|ABCA11P-202|transcribed_processed_pseudogene	0	-	ABCA11P	2110
chr4	420360	429272	ENSG00000251595[3,5,5]	0	-	420360	420360	255	2	154,108,	0,8804,	chr4	419167	421277	retro_human_3822|ABCA11P-202|transcribed_processed_pseudogene	0	-	ABCA11P	917
chr4	985077	1002661	ENSG00000127415[1,1,1]	0	+	985215	1002437	0	14	296,141,86,108,96,203,180,217,213,122,126,77,101,355,	0,862,13581,13851,14437,14648,14951,15238,15701,16005,16314,16518,16981,17229,	chr4	986997	989789	retro_human_3781	0	-	SLC26A1	2792
chr4	985995	987804	ENSG00000127415[2,10,2]	0	+	986007	987393	0	2	85,443,	0,1366,	chr4	986997	989789	retro_human_3781	0	-	SLC26A1	807
chr4	986077	991621	ENSG00000145217[1,1,5]	0	-	986966	989834	0	3	2416,603,190,	0,3181,5354,	chr4	986997	989789	retro_human_3781	0	-	SLC26A1	2792
chr4	2087446	2089446	ENSG00000249006[1,1,1]	0	-	2087872	2088394	0	1	2000,	0,	chr4	2087496	2089396	retro_human_9961|AL136360.1-201|processed_pseudogene	0	-	LOC100419959	1900
chr4	2232975	2233324	ENSG00000249047[1,1,1]	0	+	2232975	2232975	0	1	349,	0,	chr4	2233025	2233274	retro_human_4643|COX6B1P5-201|processed_pseudogene	0	+	COX6B1P5	249
chr4	3311638	3312062	ENSG00000248840[1,1,1]	0	+	3311688	3311862	0	1	424,	0,	chr4	3311688	3312012	retro_human_4645|AL645949.1-201|transcribed_processed_pseudogene	0	+	LOC100286945	324
chr4	8152751	8153432	ENSG00000250471[1,1,1]	0	+	8152751	8152751	0	1	681,	0,	chr4	8152801	8153380	retro_human_10138|GMPSP1-201|processed_pseudogene	0	+	GMPSP1	579
chr4	9559362	9560242	ENSG00000244004[1,1,1]	0	+	9559362	9559362	0	1	880,	0,	chr4	9559412	9560192	retro_human_6131|RPS3AP19-201|processed_pseudogene	0	+	RPS3AP19	780
chr4	11347983	11349001	ENSG00000250896[1,1,1]	0	+	11347983	11347983	0	1	1018,	0,	chr4	11348033	11348951	retro_human_6128|RNPS1P1-201|processed_pseudogene	0	+	RNPS1P1	918
chr4	16238161	16238509	ENSG00000242358[1,1,1]	0	-	16238161	16238161	0	1	348,	0,	chr4	16238211	16238459	retro_human_2444|RPS21P4-201|processed_pseudogene	0	-	RPS21P4,TAPT1-AS1	248
chr4	17043447	17043835	ENSG00000251212[1,1,1]	0	+	17043447	17043447	0	1	388,	0,	chr4	17043497	17043785	MTND5P4-201|processed_pseudogene	0	+	MTND5P4	288
chr4	22709104	22709780	ENSG00000237350[1,1,1]	0	-	22709104	22709104	0	1	676,	0,	chr4	22709154	22709730	retro_human_2441|CDC42P6-201|processed_pseudogene	0	-	CDC42P6	576
chr4	25486849	25488628	ENSG00000248608[1,1,1]	0	+	25486849	25486849	0	1	1779,	0,	chr4	25486899	25488578	retro_human_1882|AC133963.1-201|processed_pseudogene	0	+	LOC645433	1679
chr4	25660771	25661042	ENSG00000242640[1,1,1]	0	+	25660771	25660771	0	1	271,	0,	chr4	25660821	25660992	retro_human_7350|RPS29P11-201|processed_pseudogene	0	+	RPS29P11	171
chr4	29735199	29736643	ENSG00000249542[1,1,1]	0	+	29735199	29735199	0	1	1444,	0,	chr4	29735249	29736593	retro_human_7349|EEF1A1P21-201|processed_pseudogene	0	+	EEF1A1P21	1344
chr4	37790378	37790956	ENSG00000239532[1,1,1]	0	+	37790378	37790378	0	1	578,	0,	chr4	37790428	37790906	retro_human_7346|AC108022.1-201|processed_pseudogene	0	+	RPL21P45	478
chr4	37975809	37976231	ENSG00000249649[1,1,1]	0	-	37975809	37975809	0	1	422,	0,	chr4	37975859	37976181	retro_human_5217|MRPS33P2-201|processed_pseudogene	0	-	MRPS33P2	322
chr4	39449854	39451605	ENSG00000224097[1,1,2]	0	+	39449854	39449854	0	1	1751,	0,	chr4	39449904	39451555	retro_human_1474|AC021148.1-201|transcribed_processed_pseudogene	0	+	LOC401127	1651
chr4	39449854	39451605	ENSG00000224097[1,1,2]	0	+	39449854	39449854	0	1	1751,	0,	chr4	39450006	39451415	AC021148.1-202|transcribed_processed_pseudogene	0	+	LOC401127	1409
chr4	39449854	39451605	ENSG00000224097[1,1,2]	0	+	39449854	39449854	0	1	1751,	0,	chr4	39450134	39451116	AC021148.1-203|transcribed_processed_pseudogene	0	+	LOC401127	982
chr4	40013251	40014288	ENSG00000205794[1,1,2]	0	-	40013251	40013251	0	1	1037,	0,	chr4	40013301	40014238	retro_human_2091|AC098591.2-202|transcribed_processed_pseudogene	0	-	LOC344967	937
chr4	40465304	40465696	ENSG00000242197[1,1,1]	0	+	40465304	40465304	0	1	392,	0,	chr4	40465354	40465646	retro_human_1479|AC098869.1-201|processed_pseudogene	0	+	RPL37P14	292
chr4	40760003	40760704	ENSG00000248780[1,1,1]	0	+	40760062	40760191	0	1	701,	0,	chr4	40760053	40760654	retro_human_1478|ARL4AP2-201|processed_pseudogene	0	+	ARL4AP2	601
chr4	43866091	43866581	ENSG00000124399[1,1,1]	0	+	43866091	43866091	0	1	490,	0,	chr4	43866141	43866531	retro_human_6921|NDUFB4P12-201|processed_pseudogene	0	+	NDUFB4P12	390
chr4	46690939	46691618	ENSG00000249936[1,1,1]	0	-	46690939	46690939	0	1	679,	0,	chr4	46690989	46691568	retro_human_2095|RAC1P2-201|processed_pseudogene	0	-	RAC1P2	579
chr4	47673667	47674383	ENSG00000242262[1,1,1]	0	+	47673667	47673667	0	1	716,	0,	chr4	47673717	47674333	retro_human_6922|AC092597.1-201|processed_pseudogene	0	+	RPL15P7	616
chr4	55927297	55928439	ENSG00000251286[1,1,1]	0	-	55927297	55927297	0	1	1142,	0,	chr4	55927347	55928389	retro_human_8043|AC097522.1-201|processed_pseudogene	0	-	LOC100419861	1042
chr4	56206925	56207776	ENSG00000248375[1,1,1]	0	-	56206925	56206925	0	1	851,	0,	chr4	56206975	56207726	AC104066.3-201|processed_pseudogene	0	-	DANCR	751
chr4	57473793	57474355	ENSG00000229585[1,1,1]	0	-	57473793	57473793	0	1	562,	0,	chr4	57473833	57474305	retro_human_8045|RPL21P44-201|processed_pseudogene	0	-	RPL21P44	472
chr4	58839887	58840584	ENSG00000251111[1,1,1]	0	-	58839887	58839887	0	1	697,	0,	chr4	58839937	58840534	retro_human_8050|FCF1P8-201|processed_pseudogene	0	-	FCF1P8	597
chr4	66253946	66256015	ENSG00000180673[1,1,1]	0	+	66253946	66253946	0	1	2069,	0,	chr4	66253996	66255965	retro_human_4911|EXOC5P1-201|processed_pseudogene	0	+	EXOC5P1	1969
chr4	71168242	71169555	ENSG00000270292[1,1,1]	0	-	71168242	71168242	0	1	1313,	0,	chr4	71168292	71169505	retro_human_2221|AC079880.2-201|processed_pseudogene	0	-	LOC100419046	1213
chr4	71817347	71817630	ENSG00000162840[1,1,1]	0	+	71817347	71817347	0	1	283,	0,	chr4	71817397	71817580	retro_human_9768|MT2P1-201|processed_pseudogene	0	+	MT2P1	183
chr4	72324806	72325462	ENSG00000248547[1,1,1]	0	-	72324806	72324806	0	1	656,	0,	chr4	72324856	72325412	retro_human_7654|AC021146.2-201|processed_pseudogene	0	-	LOC100174950	556
chr4	76442419	76442843	ENSG00000248641[1,1,1]	0	+	76442419	76442419	0	1	424,	0,	chr4	76442469	76442793	retro_human_4267|HMGA1P2-201|processed_pseudogene	0	+	HMGA1P2	324
chr4	81521619	81522900	ENSG00000249565[1,1,1]	0	-	81521619	81521619	0	1	1281,	0,	chr4	81521669	81522850	retro_human_1440|SERBP1P5-201|processed_pseudogene	0	-	SERBP1P5	1181
chr4	83491380	83492363	ENSG00000244002[1,1,1]	0	+	83491380	83491380	0	1	983,	0,	chr4	83491430	83492313	retro_human_10159|RPSAP39-201|processed_pseudogene	0	+	RPSAP39	883
chr4	86577223	86578351	ENSG00000248401[1,1,1]	0	+	86577223	86577223	0	1	1128,	0,	chr4	86577273	86578301	retro_human_6074|AC114781.1-201|processed_pseudogene	0	+	LOC391674	1028
chr4	86807531	86808532	ENSG00000213608[1,1,1]	0	+	86807531	86807531	0	1	1001,	0,	chr4	86807581	86808482	retro_human_4680|SLC25A14P1-201|processed_pseudogene	0	+	SLC25A14P1	901
chr4	90279010	90279555	ENSG00000235043[1,1,1]	0	-	90279010	90279010	0	1	545,	0,	chr4	90279060	90279505	retro_human_7810|TECRP1-201|processed_pseudogene	0	-	TECRP1	445
chr4	91218219	91220501	ENSG00000183199[1,1,1]	0	+	91218219	91218219	0	1	2282,	0,	chr4	91218269	91220451	retro_human_10582|HSP90AB3P-201|processed_pseudogene	0	+	HSP90AB3P	2182
chr4	94164336	94164571	ENSG00000187653[1,1,1]	0	-	94164336	94164336	0	1	235,	0,	chr4	94164386	94164521	retro_human_1061|TMSB4XP8-201|processed_pseudogene	0	-	TMSB4XP8	135
chr4	100217555	100217905	ENSG00000236764[1,1,1]	0	+	100217555	100217555	0	1	350,	0,	chr4	100217605	100217855	retro_human_5087|COX7A2P2-201|processed_pseudogene	0	+	COX7A2P2	250
chr4	102224438	102224850	ENSG00000249055[1,1,1]	0	-	102224491	102224731	0	1	412,	0,	chr4	102224488	102224800	retro_human_1066|TBCAP3-201|transcribed_processed_pseudogene	0	-	TBCAP3,EIF4E	312
chr4	106065250	106066591	ENSG00000251288[1,1,1]	0	+	106065250	106065250	0	1	1341,	0,	chr4	106065300	106066541	retro_human_10990|AC018797.2-201|processed_pseudogene	0	+	LOC100419096	1241
chr4	106211015	106212628	ENSG00000250651[1,1,1]	0	+	106211015	106211015	0	1	1613,	0,	chr4	106211065	106212578	retro_human_10991|PABPC1P7-201|processed_pseudogene	0	+	PABPC1P7	1513
chr4	108795511	108796994	ENSG00000249264[1,1,1]	0	+	108795511	108795511	0	1	1483,	0,	chr4	108795561	108796944	retro_human_10986|EEF1A1P9-201|processed_pseudogene	0	+	EEF1A1P9	1383
chr4	108990125	108991270	ENSG00000248778[1,1,1]	0	-	108990125	108990125	0	1	1145,	0,	chr4	108990175	108991220	retro_human_3750|AC105391.1-201|processed_pseudogene	0	-	ARHGEF38	1045
chr4	112648395	112649629	ENSG00000249465[1,1,1]	0	-	112648395	112648395	0	1	1234,	0,	chr4	112648445	112649579	retro_human_3747|RBMXP4-201|processed_pseudogene	0	-	RBMXP4	1134
chr4	112855325	112856277	ENSG00000225094[1,1,1]	0	-	112855325	112855325	0	1	952,	0,	chr4	112855375	112856227	retro_human_3744|SETP20-201|processed_pseudogene	0	-	SETP20	852
chr4	112857252	112857915	ENSG00000249965[1,1,1]	0	+	112857252	112857252	0	1	663,	0,	chr4	112857302	112857865	retro_human_10983|CDC42P4-201|processed_pseudogene	0	+	CDC42P4	563
chr4	113554116	113554445	ENSG00000166530[1,1,1]	0	-	113554116	113554116	0	1	329,	0,	chr4	113554166	113554395	retro_human_3743|HSBP1P2-201|processed_pseudogene	0	-	HSBP1P2,LOC124900759	229
chr4	115764217	115766179	ENSG00000248697[1,1,1]	0	+	115764217	115764217	0	1	1962,	0,	chr4	115764267	115766129	retro_human_5466|TOX4P1-201|processed_pseudogene	0	+	TOX4P1	1862
chr4	115873273	115873784	ENSG00000250966[1,1,1]	0	+	115873273	115873273	0	1	511,	0,	chr4	115873323	115873734	retro_human_5465|H3P14-201|processed_pseudogene	0	+	H3P14	411
chr4	116522714	116523162	ENSG00000196656[1,1,1]	0	-	116522714	116522714	0	1	448,	0,	chr4	116522764	116523112	retro_human_10655|AC004057.1-201|transcribed_processed_pseudogene	0	-	RPS26P25	348
chr4	118016548	118017990	ENSG00000250215[1,1,1]	0	-	118016548	118016548	0	1	1442,	0,	chr4	118016598	118017940	CIR1P2-201|processed_pseudogene	0	-	CIR1P2	1342
chr4	118931518	118932514	ENSG00000250693[1,1,1]	0	+	118931518	118931518	0	1	996,	0,	chr4	118931568	118932464	retro_human_8179|RPF2P2-201|processed_pseudogene	0	+	RPF2P2	896
chr4	119346441	119347180	ENSG00000250442[1,1,1]	0	-	119346441	119346441	0	1	739,	0,	chr4	119346491	119347130	retro_human_5421|EIF3KP3-201|processed_pseudogene	0	-	EIF3KP3	639
chr4	121498324	121499771	ENSG00000251463[1,1,1]	0	-	121498324	121498324	0	1	1447,	0,	chr4	121498374	121499721	retro_human_67|FKBP4P1-201|processed_pseudogene	0	-	FKBP4P1	1347
chr4	121705479	121705900	ENSG00000230671[1,1,1]	0	-	121705479	121705479	0	1	421,	0,	chr4	121705529	121705850	retro_human_65|NDUFS5P5-201|processed_pseudogene	0	-	NDUFS5P5	321
chr4	121941221	121944134	ENSG00000248213[1,1,1]	0	-	121941221	121941221	0	1	2913,	0,	chr4	121941271	121944084	retro_human_64|CICP16-201|processed_pseudogene	0	-	CICP16	2813
chr4	121945924	121946210	ENSG00000251155[1,1,1]	0	+	121945924	121945924	0	1	286,	0,	chr4	121945974	121946160	SEPTIN14P4-201|processed_pseudogene	0	+	SEPTIN14P4	186
chr4	122696892	122700489	ENSG00000249244[1,1,1]	0	-	122696892	122696892	0	1	3597,	0,	chr4	122698403	122700061	retro_human_58	0	-	GK6P	1658
chr4	126564004	126564274	ENSG00000250322[1,1,1]	0	-	126564004	126564004	0	1	270,	0,	chr4	126564054	126564224	retro_human_5818|AC026402.1-201|processed_pseudogene	0	-	SPATA5	170
chr4	131459440	131460356	ENSG00000248394[1,1,1]	0	+	131459541	131459703	0	1	916,	0,	chr4	131459490	131460306	retro_human_6281|FOSL1P1-201|processed_pseudogene	0	+	FOSL1P1	816
chr4	137649497	137651333	ENSG00000248191[1,1,1]	0	+	137649497	137649497	0	1	1836,	0,	chr4	137649547	137651283	retro_human_2822|PES1P1-201|processed_pseudogene	0	+	PES1P1	1736
chr4	138275013	138275744	ENSG00000241411[1,1,1]	0	-	138275013	138275013	0	1	731,	0,	chr4	138275063	138275694	retro_human_4636|AC104619.1-201|processed_pseudogene	0	-	RPS2P27	631
chr4	140771437	140771952	ENSG00000213448[1,1,1]	0	+	140771437	140771437	0	1	515,	0,	chr4	140771487	140771902	retro_human_8283|RPS23P2-201|processed_pseudogene	0	+	RPS23P2	415
chr4	141879993	141881331	ENSG00000248795[1,1,1]	0	+	141879993	141879993	0	1	1338,	0,	chr4	141880043	141881281	retro_human_8284|AC098859.1-201|processed_pseudogene	0	+	LOC152594	1238
chr4	142434507	142435052	ENSG00000179967[1,1,1]	0	-	142434560	142434695	0	1	545,	0,	chr4	142434557	142435002	retro_human_4639|PPP1R14BP3-201|processed_pseudogene	0	-	PPP1R14BP3	445
chr4	143017696	143018207	ENSG00000178458[1,1,1]	0	-	143017696	143017696	0	1	511,	0,	chr4	143017746	143018157	retro_human_4640|H3P16-201|processed_pseudogene	0	-	H3P16	411
chr4	145634420	145634829	ENSG00000250835[1,1,1]	0	+	145634420	145634420	0	1	409,	0,	chr4	145634470	145634779	retro_human_8777|LSM3P4-201|processed_pseudogene	0	+	LSM3P4	309
chr4	146872226	146872828	ENSG00000248924[2,1,1]	0	-	146872226	146872226	0	1	602,	0,	chr4	146872276	146872597	AC139713.1-201|transcribed_processed_pseudogene	0	-	SMARCA5	321
chr4	146872226	146872828	ENSG00000248924[2,1,1]	0	-	146872226	146872226	0	1	602,	0,	chr4	146872318	146872778	AC139713.1-202|transcribed_processed_pseudogene	0	-	SMARCA5	460
chr4	146876602	146890959	ENSG00000251600[11,14,14]	0	+	146876602	146876602	0	2	742,1317,	0,13040,	chr4	146876667	146878656	retro_human_2618|GUSBP5-202|transcribed_processed_pseudogene	0	+	GUSBP5	1989
chr4	146876617	146878706	ENSG00000236296[1,1,2]	0	+	146876617	146876617	0	1	2089,	0,	chr4	146876667	146878656	retro_human_2618|GUSBP5-202|transcribed_processed_pseudogene	0	+	GUSBP5	1989
chr4	146876617	146878706	ENSG00000236296[1,1,2]	0	+	146876617	146876617	0	1	2089,	0,	chr4	146876682	146877260	GUSBP5-201|transcribed_processed_pseudogene	0	+	GUSBP5	578
chr4	146876840	146890006	ENSG00000251600[12,14,13]	0	+	146876840	146876840	0	2	504,364,	0,12802,	chr4	146876667	146878656	retro_human_2618|GUSBP5-202|transcribed_processed_pseudogene	0	+	GUSBP5	1816
chr4	147228835	147229475	ENSG00000249741[1,1,1]	0	-	147228873	147229425	0	1	640,	0,	chr4	147228885	147229425	retro_human_10523|AC093890.1-201|processed_pseudogene	0	-	LOC100420464,GYPE	540
chr4	150782795	150783493	ENSG00000249004[1,1,1]	0	-	150782795	150782795	0	1	698,	0,	chr4	150782845	150783443	retro_human_5022|PRMT5P1-201|processed_pseudogene	0	-	PRMT5P1	598
chr4	152027548	152027955	ENSG00000225176[1,1,1]	0	-	152027548	152027548	0	1	407,	0,	chr4	152027598	152027905	retro_human_5029|ATP5MGP4-201|processed_pseudogene	0	-	ATP5MGP4	307
chr4	156119075	156119944	ENSG00000250980[1,1,1]	0	-	156119075	156119075	0	1	869,	0,	chr4	156119125	156119894	retro_human_9406|NSA2P6-201|processed_pseudogene	0	-	NSA2P6	769
chr4	156250596	156251458	ENSG00000231841[1,1,1]	0	+	156250596	156250596	0	1	862,	0,	chr4	156250646	156251408	retro_human_8627|FAM192BP-201|processed_pseudogene	0	+	FAM192BP	762
chr4	156632159	156633185	ENSG00000213406[1,1,1]	0	-	156632159	156632159	0	1	1026,	0,	chr4	156632209	156633135	retro_human_9408|ANXA2P1-201|processed_pseudogene	0	-	ANXA2P1	926
chr4	161629696	161630715	ENSG00000251429[2,1,1]	0	+	161629696	161629696	0	1	1019,	0,	chr4	161629746	161630665	retro_human_3593|AIDAP2-203|transcribed_processed_pseudogene	0	+	AIDAP2	919
chr4	166671742	166680473	ENSG00000164128[1,8,1]	0	-	166673622	166674384	255	2	2793,165,	0,8566,	chr4	166673250	166674258	retro_human_10925	0	-	NPY1R	1008
chr4	166671742	166680473	ENSG00000164128[1,4,1]	0	-	166673135	166673850	0	4	1846,279,41,165,	0,1943,2752,8566,	chr4	166673250	166674258	retro_human_10925	0	-	NPY1R	1008
chr4	166671742	166680473	ENSG00000164128[1,1,1]	0	-	166673135	166674384	0	3	1846,850,165,	0,1943,8566,	chr4	166673250	166674258	retro_human_10925	0	-	NPY1R	1008
chr4	166671742	166680739	ENSG00000164128[5,1,1]	0	-	166673135	166674384	0	3	1846,850,431,	0,1943,8566,	chr4	166673250	166674258	retro_human_10925	0	-	NPY1R	1008
chr4	167280208	167280965	ENSG00000177803[1,1,1]	0	+	167280208	167280208	0	1	757,	0,	chr4	167280258	167280915	retro_human_9077|AC112247.1-201|processed_pseudogene	0	+	YWHAQP4	657
chr4	168268244	168268790	ENSG00000244146[1,1,1]	0	-	168268244	168268244	0	1	546,	0,	chr4	168268294	168268740	retro_human_7063|AC106872.3-201|processed_pseudogene	0	-	RPL26P16	446
chr4	168290901	168291649	ENSG00000121089[1,1,1]	0	+	168290901	168290901	0	1	748,	0,	chr4	168290951	168291599	NACA3P-201|processed_pseudogene	0	+	NACA3P	648
chr4	168295690	168297150	ENSG00000236941[1,1,1]	0	+	168295690	168295690	0	1	1460,	0,	chr4	168295740	168297100	retro_human_2118|AC106872.1-201|processed_pseudogene	0	+	LOC391711	1360
chr4	173151377	173151959	ENSG00000229204[1,1,1]	0	-	173151377	173151377	0	1	582,	0,	chr4	173151427	173151909	retro_human_9975|PTGES3P3-201|processed_pseudogene	0	-	PTGES3P3	482
chr4	175727928	175728488	ENSG00000248637[1,1,1]	0	-	175727928	175727928	0	1	560,	0,	chr4	175727978	175728438	retro_human_9984|AC108064.1-201|processed_pseudogene	0	-	LOC100506133	460
chr4	176955649	176956720	ENSG00000234801[1,1,1]	0	-	176955649	176955649	0	1	1071,	0,	chr4	176955699	176956670	retro_human_1971|MORF4-201|processed_pseudogene	0	-	MORF4	971
chr4	185247870	185248648	ENSG00000251433[1,1,1]	0	-	185247870	185247870	0	1	778,	0,	chr4	185247920	185248598	retro_human_1973|CCNHP1-201|processed_pseudogene	0	-	CCNHP1	678
chr4	186826235	186827031	ENSG00000213434[1,1,1]	0	+	186826235	186826235	0	1	796,	0,	chr4	186826285	186826981	retro_human_9464|VTI1BP2-201|processed_pseudogene	0	+	VTI1BP2	696
chr4	187642867	187643479	ENSG00000227765[1,1,1]	0	-	187642867	187642867	0	1	612,	0,	chr4	187642917	187643429	MYL12BP2-201|processed_pseudogene	0	-	MYL12BP2	512
chr4	192091453	192092675	ENSG00000180015[1,1,1]	0	+	192091453	192091453	0	1	1222,	0,	chr4	192091503	192092625	retro_human_9900|AC093909.1-201|processed_pseudogene	0	+	LOC285442	1122
chr4	193409495	193411668	ENSG00000214273[1,1,1]	0	+	193409495	193409495	0	1	2173,	0,	chr4	193409545	193411618	retro_human_9901|AGGF1P1-201|processed_pseudogene	0	+	AGGF1P1	2073
chr4	193562907	193563472	ENSG00000261914[1,1,1]	0	+	193562907	193562907	0	1	565,	0,	chr4	193562956	193563411	retro_human_3213|RPL23AP60-201|processed_pseudogene	0	+	RPL23AP84	455
chr4	193562907	193563472	ENSG00000261914[1,1,1]	0	+	193562907	193562907	0	1	565,	0,	chr4	193562968	193563209	AC215524.1-1|processed_pseudogene	0	-	RPL23AP84	241
chr5	14578866	14580559	ENSG00000250526[1,1,1]	0	-	14578866	14578866	0	1	1693,	0,	chr5	14578916	14580509	retro_human_8198|CCT6P2-201|processed_pseudogene	0	-	CCT6P2	1593
chr5	14591383	14592872	ENSG00000250182[1,1,1]	0	-	14591383	14591383	0	1	1489,	0,	chr5	14591433	14592822	retro_human_8197|EEF1A1P13-201|processed_pseudogene	0	-	EEF1A1P13	1389
chr5	14736516	14737892	ENSG00000249485[1,1,1]	0	-	14736810	14737737	0	1	1376,	0,	chr5	14736566	14737842	retro_human_8191|RBBP4P1-201|processed_pseudogene	0	-	RBBP4P1	1276
chr5	14813794	14814206	ENSG00000249928[1,1,1]	0	-	14813794	14813794	0	1	412,	0,	chr5	14813844	14814156	retro_human_8190|UQCRBP3-201|processed_pseudogene	0	-	UQCRBP3	312
chr5	16841390	16841838	ENSG00000243538[1,1,1]	0	-	16841491	16841788	0	1	448,	0,	chr5	16841440	16841788	retro_human_2707|RPS26P28-201|processed_pseudogene	0	-	RPS26P28	348
chr5	17293037	17294067	ENSG00000223361[2,1,1]	0	-	17293037	17293037	0	1	1030,	0,	chr5	17293087	17294017	retro_human_2708|FTH1P10-201|transcribed_processed_pseudogene	0	-	FTH1P10	930
chr5	17293037	17294067	ENSG00000223361[2,1,1]	0	-	17293037	17293037	0	1	1030,	0,	chr5	17293267	17293817	FTH1P10-202|transcribed_processed_pseudogene	0	-	FTH1P10	550
chr5	17293217	17293867	ENSG00000223361[1,1,2]	0	-	17293217	17293217	0	1	650,	0,	chr5	17293087	17294017	retro_human_2708|FTH1P10-201|transcribed_processed_pseudogene	0	-	FTH1P10	650
chr5	17293217	17293867	ENSG00000223361[1,1,2]	0	-	17293217	17293217	0	1	650,	0,	chr5	17293267	17293817	FTH1P10-202|transcribed_processed_pseudogene	0	-	FTH1P10	550
chr5	17451223	17451729	ENSG00000249620[1,1,1]	0	-	17451223	17451223	0	1	506,	0,	chr5	17451273	17451679	retro_human_2703|H3P18-201|processed_pseudogene	0	-	H3P18	406
chr5	17625717	17626226	ENSG00000250386[1,1,1]	0	-	17625717	17625717	0	1	509,	0,	chr5	17625767	17626176	retro_human_8557|H3P21-201|processed_pseudogene	0	-	H3P21	409
chr5	21990135	21991957	ENSG00000213430[1,1,1]	0	+	21990135	21990135	0	1	1822,	0,	chr5	21990185	21991907	retro_human_439|HSPD1P1-201|processed_pseudogene	0	+	HSPD1P1	1722
chr5	24277766	24278743	ENSG00000226432[1,1,1]	0	+	24277766	24277766	0	1	977,	0,	chr5	24277816	24278693	retro_human_444|AC010342.1-201|processed_pseudogene	0	+	LOC503540,AKTIPP2	877
chr5	26014155	26015990	ENSG00000251593[1,1,1]	0	+	26014155	26014155	0	1	1835,	0,	chr5	26014205	26015940	retro_human_443|MSNP1-201|processed_pseudogene	0	+	MSNP1	1735
chr5	29995660	29996997	ENSG00000233787[1,1,1]	0	-	29995660	29995660	0	1	1337,	0,	chr5	29995710	29996947	AC010374.1-201|processed_pseudogene	0	-	PGBD3P2	1237
chr5	32335534	32336050	ENSG00000230829[1,1,1]	0	+	32335534	32335534	0	1	516,	0,	chr5	32335584	32336000	retro_human_7937|AC025181.1-201|processed_pseudogene	0	+	RPL27P10	416
chr5	33277164	33277893	ENSG00000240376[1,1,1]	0	+	33277164	33277164	0	1	729,	0,	chr5	33277214	33277843	retro_human_7932|AC010343.1-201|processed_pseudogene	0	+	RPS8P8	629
chr5	34434586	34438284	ENSG00000215156[1,1,1]	0	+	34434586	34434586	0	1	3698,	0,	chr5	34434636	34438234	retro_human_5176|AC138409.1-1|processed_pseudogene	0	+	LOC646652	3598
chr5	37755270	37756540	ENSG00000248216[1,1,1]	0	-	37755270	37755270	0	1	1270,	0,	chr5	37755320	37756490	retro_human_7794|KCTD9P5-201|processed_pseudogene	0	-	KCTD9P5	1170
chr5	43459539	43460742	ENSG00000249779[1,1,1]	0	+	43459568	43459853	0	1	1203,	0,	chr5	43459589	43460692	retro_human_5525|AC106800.2-201|processed_pseudogene	0	+	LOC100419037	1103
chr5	43601112	43601600	ENSG00000188850[2,1,1]	0	+	43601112	43601112	0	1	488,	0,	chr5	43601162	43601506	retro_human_4783|AC114947.1-202|transcribed_processed_pseudogene	0	+	LOC107986378	344
chr5	56357697	56358343	ENSG00000250853[1,1,1]	0	-	56357750	56358251	0	1	646,	0,	chr5	56357747	56358293	retro_human_9789|RNF138P1-201|processed_pseudogene	0	-	RNF138P1	546
chr5	57332545	57333083	ENSG00000226221[1,1,1]	0	-	57332545	57332545	0	1	538,	0,	chr5	57332595	57333033	retro_human_4922|RPL26P19-201|processed_pseudogene	0	-	RPL26P19	438
chr5	61278113	61279105	ENSG00000214244[1,1,1]	0	-	61278113	61278113	0	1	992,	0,	chr5	61278163	61279055	retro_human_4930|SETP21-201|processed_pseudogene	0	-	SETP21	892
chr5	61448634	61449194	ENSG00000251303[1,1,1]	0	+	61448634	61448634	0	1	560,	0,	chr5	61448684	61449144	retro_human_5968|CAB39P1-201|processed_pseudogene	0	+	CAB39P1,DEPDC1B	460
chr5	62166205	62166896	ENSG00000251682[1,1,1]	0	+	62166205	62166205	0	1	691,	0,	chr5	62166255	62166846	retro_human_5961|AC122718.2-201|processed_pseudogene	0	+	LOC100421309	591
chr5	62194177	62195021	ENSG00000250461[1,1,1]	0	+	62194227	62194968	0	1	844,	0,	chr5	62194227	62194971	AC122718.1-201|processed_pseudogene	0	+	LOC100421561	744
chr5	63331826	63332163	ENSG00000268942[1,1,1]	0	-	63331826	63331826	0	1	337,	0,	chr5	63331876	63332113	retro_human_10413|CKS1BP3-201|processed_pseudogene	0	-	CKS1BP3	237
chr5	63596508	63596995	ENSG00000217416[1,1,1]	0	-	63596508	63596508	0	1	487,	0,	chr5	63596558	63596945	retro_human_10412|ISCA1P1-201|processed_pseudogene	0	-	ISCA1P1	387
chr5	67394082	67394672	ENSG00000234838[1,1,1]	0	+	67394082	67394082	0	1	590,	0,	chr5	67394132	67394622	retro_human_11062|PPIAP78-201|processed_pseudogene	0	+	PPIAP78	490
chr5	68458548	68461209	ENSG00000249238[1,1,1]	0	+	68458548	68458548	0	1	2661,	0,	chr5	68458598	68461159	retro_human_11064|BCL9P1-201|processed_pseudogene	0	+	BCL9P1	2561
chr5	68512206	68512711	ENSG00000250669[1,1,1]	0	-	68512206	68512206	0	1	505,	0,	chr5	68512256	68512661	retro_human_4515|AC112206.4-201|processed_pseudogene	0	-	LOC359819	405
chr5	68981390	68982166	ENSG00000213864[1,1,1]	0	-	68981390	68981390	0	1	776,	0,	chr5	68981440	68982116	retro_human_4518|EEF1B2P2-201|processed_pseudogene	0	-	EEF1B2P2	676
chr5	70159580	70160001	ENSG00000215006[1,1,1]	0	+	70159580	70159580	0	1	421,	0,	chr5	70159630	70159951	retro_human_5570|CHCHD2P2-201|processed_pseudogene	0	+	CHCHD2P2	321
chr5	70295472	70295826	ENSG00000244717[1,1,1]	0	+	70295472	70295472	0	1	354,	0,	chr5	70295522	70295776	retro_human_5568|RPS27P14-201|processed_pseudogene	0	+	RPS27P14	254
chr5	70457696	70462233	ENSG00000250138[1,1,1]	0	+	70457696	70457696	0	1	4537,	0,	chr5	70457864	70461268	retro_human_5567	0	+	LOC728488	3404
chr5	71957026	71957682	ENSG00000253536[1,1,1]	0	-	71957026	71957026	0	1	656,	0,	chr5	71957076	71957632	retro_human_9993|AC138832.1-201|processed_pseudogene	0	-	LOC100419852	556
chr5	73359986	73360404	ENSG00000242602[1,1,1]	0	-	73359986	73359986	0	1	418,	0,	chr5	73360036	73360354	retro_human_9994|AC008953.1-201|processed_pseudogene	0	-	RPL35AP13	318
chr5	73501687	73502367	ENSG00000248930[1,1,1]	0	-	73501687	73501687	0	1	680,	0,	chr5	73501737	73502317	retro_human_9995|AC020893.1-201|processed_pseudogene	0	-	CHP1P1	580
chr5	73989956	73990626	ENSG00000255883[1,1,1]	0	+	73989956	73989956	0	1	670,	0,	chr5	73990006	73990576	retro_human_9045|FUNDC2P1-201|processed_pseudogene	0	+	FUNDC2P1	570
chr5	75279823	75281030	ENSG00000250071[1,1,1]	0	+	75279823	75279823	0	1	1207,	0,	chr5	75279873	75280980	retro_human_9050|AC093214.1-201|processed_pseudogene	0	+	ARPC1AP3	1107
chr5	75855305	75855752	ENSG00000242198[1,1,1]	0	+	75855305	75855305	0	1	447,	0,	chr5	75855355	75855702	retro_human_3572|AC008897.1-201|processed_pseudogene	0	+	RPS26P26	347
chr5	76391619	76392987	ENSG00000248684[1,1,1]	0	+	76391619	76391619	0	1	1368,	0,	chr5	76391669	76392937	retro_human_3571|BIN2P2-201|processed_pseudogene	0	+	BIN2P2	1268
chr5	76723504	76723985	ENSG00000249014[1,1,1]	0	-	76723504	76723504	0	1	481,	0,	chr5	76723554	76723935	retro_human_4109|HMGN2P4-201|processed_pseudogene	0	-	HMGN2P4	381
chr5	76858379	76858954	ENSG00000251235[1,1,1]	0	+	76858379	76858379	0	1	575,	0,	chr5	76858429	76858904	retro_human_10972|SNRPCP2-201|processed_pseudogene	0	+	SNRPCP2	475
chr5	76992149	76992576	ENSG00000250574[1,1,1]	0	+	76992167	76992392	0	1	427,	0,	chr5	76992199	76992526	retro_human_3562|AC112173.1-201|processed_pseudogene	0	+	LOC101060043	327
chr5	78703978	78704412	ENSG00000249372[1,1,1]	0	+	78703978	78703978	0	1	434,	0,	chr5	78704028	78704362	retro_human_9162|ATP6V1G1P6-201|processed_pseudogene	0	+	ATP6V1G1P6	334
chr5	80503409	80503821	ENSG00000251050[1,1,1]	0	+	80503556	80503808	0	1	412,	0,	chr5	80503459	80503771	retro_human_3271|RBX1P2-201|processed_pseudogene	0	+	RBX1P2	312
chr5	83263559	83264449	ENSG00000240411[1,1,1]	0	+	83263559	83263559	0	1	890,	0,	chr5	83263609	83264399	retro_human_3272|RPL5P16-201|processed_pseudogene	0	+	RPL5P16	790
chr5	83768636	83769460	ENSG00000251552[1,1,1]	0	-	83768636	83768636	0	1	824,	0,	chr5	83768686	83769410	retro_human_3712|COQ10BP2-201|processed_pseudogene	0	-	COQ10BP2	724
chr5	85947488	85948465	ENSG00000243859[1,1,1]	0	+	85947488	85947488	0	1	977,	0,	chr5	85947538	85948415	retro_human_8722|RPL5P17-201|processed_pseudogene	0	+	RPL5P17	877
chr5	86885500	86886098	ENSG00000251585[1,1,1]	0	+	86885500	86885500	0	1	598,	0,	chr5	86885550	86886048	AC026444.1-201|processed_pseudogene	0	+	LOC100421863	498
chr5	87364590	87365342	ENSG00000242477[1,1,1]	0	-	87364590	87364590	0	1	752,	0,	chr5	87364641	87365292	retro_human_9182|AC091429.1-201|processed_pseudogene	0	-	RPL10AP9	651
chr5	91517440	91517858	ENSG00000249514[1,1,1]	0	-	91517440	91517440	0	1	418,	0,	chr5	91517490	91517808	retro_human_9183|TMEM251P1-201|processed_pseudogene	0	-	LYSETP1	318
chr5	91960208	91960945	ENSG00000251356[1,1,1]	0	+	91960208	91960208	0	1	737,	0,	chr5	91960258	91960895	retro_human_2892|RAB5CP2-201|processed_pseudogene	0	+	RAB5CP2	637
chr5	93324839	93325761	ENSG00000248950[1,1,1]	0	-	93324839	93324839	0	1	922,	0,	chr5	93324889	93325711	retro_human_9189|LDHBP3-201|processed_pseudogene	0	-	LDHBP3	822
chr5	94166538	94167786	ENSG00000249353[1,1,2]	0	-	94167382	94167595	0	1	1248,	0,	chr5	94166906	94167736	retro_human_6533|NPM1P27-201|processed_pseudogene	0	-	NPM1P27,FAM172A	830
chr5	94166856	94167786	ENSG00000249353[1,1,1]	0	-	94167382	94167595	0	1	930,	0,	chr5	94166906	94167736	retro_human_6533|NPM1P27-201|processed_pseudogene	0	-	NPM1P27,FAM172A	830
chr5	96270189	96271991	ENSG00000251348[1,1,1]	0	+	96270608	96270806	0	1	1802,	0,	chr5	96270239	96271941	retro_human_2889|HSPD1P11-201|processed_pseudogene	0	+	HSPD1P11	1702
chr5	98714379	98715199	ENSG00000238000[1,1,1]	0	+	98714379	98714379	0	1	820,	0,	chr5	98714429	98715149	retro_human_9998|AC116347.1-201|processed_pseudogene	0	+	PSME2P1	720
chr5	98895238	98896799	ENSG00000250221[1,1,1]	0	-	98895238	98895238	0	1	1561,	0,	chr5	98895288	98896749	retro_human_6538|KRT8P32-201|processed_pseudogene	0	-	KRT8P32	1461
chr5	99079541	99080561	ENSG00000251102[1,1,1]	0	+	99079541	99079541	0	1	1020,	0,	chr5	99079591	99080511	retro_human_10000|CTBP2P4-201|processed_pseudogene	0	+	CTBP2P4	920
chr5	99182605	99184671	ENSG00000251553[1,1,1]	0	+	99182605	99182605	0	1	2066,	0,	chr5	99182655	99184621	retro_human_9999|DDX18P4-201|processed_pseudogene	0	+	DDX18P4	1966
chr5	107698057	107698334	ENSG00000250273[1,1,1]	0	+	107698057	107698057	0	1	277,	0,	chr5	107698107	107698284	PSMC1P5-201|processed_pseudogene	0	+	PSMC1P5	177
chr5	109096015	109096473	ENSG00000244245[1,1,1]	0	+	109096015	109096015	0	1	458,	0,	chr5	109096065	109096424	retro_human_4123|AC133134.1-201|processed_pseudogene	0	+	RPS20P3	359
chr5	109396933	109397315	ENSG00000250441[1,1,1]	0	-	109396933	109396933	0	1	382,	0,	chr5	109396983	109397265	retro_human_748|AC109481.1-201|processed_pseudogene	0	-	LOC100820733	282
chr5	110344538	110345203	ENSG00000249068[1,1,1]	0	-	110344538	110344538	0	1	665,	0,	chr5	110344588	110345153	retro_human_746|AC008417.1-201|processed_pseudogene	0	-	CT45B1P	565
chr5	111702808	111703725	ENSG00000214784[1,1,1]	0	-	111702808	111702808	0	1	917,	0,	chr5	111702858	111703675	retro_human_7547|RPS3AP21-201|processed_pseudogene	0	-	RPS3AP21	817
chr5	113395565	113396317	ENSG00000249947[1,1,1]	0	+	113396026	113396203	0	1	752,	0,	chr5	113395615	113396267	retro_human_9549|XBP1P1-201|processed_pseudogene	0	+	XBP1P1	652
chr5	113400491	113403651	ENSG00000212643[2,1,1]	0	+	113402131	113403598	0	1	3160,	0,	chr5	113402131	113403601	retro_human_9548|ZRSR2P1-201|transcribed_processed_pseudogene	0	+	ZRSR2P1,SRP19	1470
chr5	113402081	113403651	ENSG00000212643[1,1,1]	0	+	113402131	113403598	0	1	1570,	0,	chr5	113402131	113403601	retro_human_9548|ZRSR2P1-201|transcribed_processed_pseudogene	0	+	ZRSR2P1,SRP19	1470
chr5	113402346	113403651	ENSG00000212643[3,1,1]	0	+	113402590	113403598	0	1	1305,	0,	chr5	113402131	113403601	retro_human_9548|ZRSR2P1-201|transcribed_processed_pseudogene	0	+	ZRSR2P1,SRP19	1255
chr5	113403374	113403651	ENSG00000212643[4,1,1]	0	+	113403374	113403374	0	1	277,	0,	chr5	113402131	113403601	retro_human_9548|ZRSR2P1-201|transcribed_processed_pseudogene	0	+	ZRSR2P1,SRP19	227
chr5	116024821	116026539	ENSG00000250444[1,1,1]	0	+	116024821	116024821	0	1	1718,	0,	chr5	116024871	116026489	retro_human_9553|CCT5P1-201|processed_pseudogene	0	+	CCT5P1	1618
chr5	116730407	116730777	ENSG00000232916[1,1,1]	0	-	116730407	116730407	0	1	370,	0,	chr5	116730457	116730727	retro_human_1746|HMGN2P27-201|processed_pseudogene	0	-	HMGN2P27	270
chr5	117074654	117075123	ENSG00000239528[1,1,1]	0	+	117074654	117074654	0	1	469,	0,	chr5	117074704	117075073	retro_human_9551|RPS14P8-201|processed_pseudogene	0	+	RPS14P8,SEMA6A	369
chr5	117228285	117228793	ENSG00000197575[1,1,1]	0	+	117228285	117228285	0	1	508,	0,	chr5	117228335	117228743	retro_human_9550|RPS17P2-201|processed_pseudogene	0	+	RPS17P2	408
chr5	117813706	117814144	ENSG00000243758[1,1,1]	0	-	117813706	117813706	0	1	438,	0,	chr5	117813761	117814100	retro_human_2105|RPL35AP15-201|processed_pseudogene	0	-	RPL35AP15	339
chr5	119486798	119487225	ENSG00000197744[1,1,1]	0	+	119486798	119486798	0	1	427,	0,	chr5	119486848	119487175	retro_human_9545|PTMAP2-201|processed_pseudogene	0	+	PTMAP2	327
chr5	127144833	127145234	ENSG00000230929[1,1,1]	0	-	127144833	127144833	0	1	401,	0,	chr5	127144883	127145184	retro_human_1710|AC099513.1-201|processed_pseudogene	0	-	RPLP1P7	301
chr5	127180153	127180485	ENSG00000213630[1,1,1]	0	-	127180153	127180153	0	1	332,	0,	chr5	127180203	127180435	retro_human_1709|BOLA3P3-201|processed_pseudogene	0	-	BOLA3P3	232
chr5	128304314	128306839	ENSG00000251032[1,1,1]	0	-	128304314	128304314	0	1	2525,	0,	chr5	128304364	128306789	retro_human_1703|CUL1P1-201|processed_pseudogene	0	-	CUL1P1	2425
chr5	128628272	128629881	ENSG00000250329[1,1,1]	0	+	128628608	128628908	0	1	1609,	0,	chr5	128628322	128629831	retro_human_10847|KDELC1P1-201|processed_pseudogene	0	+	POGLUT2P1	1509
chr5	130658795	130660813	ENSG00000248610[1,1,1]	0	+	130660385	130660776	0	1	2018,	0,	chr5	130658845	130660763	retro_human_10846|HSPA8P4-201|processed_pseudogene	0	+	HSPA8P4,CHSY3	1918
chr5	131508693	131509325	ENSG00000244192[1,1,1]	0	+	131508693	131508693	0	1	632,	0,	chr5	131508743	131509275	retro_human_10842|AC113367.1-201|processed_pseudogene	0	+	RPL11P2	532
chr5	138327564	138337012	ENSG00000226306[1,2,3]	0	+	138327564	138327564	0	2	310,2567,	0,6881,	chr5	138334632	138335744	retro_human_6581|NPY6R-201|transcribed_processed_pseudogene	0	+	NPY6R	1112
chr5	138327564	138337227	ENSG00000226306[1,2,2]	0	+	138327564	138327564	0	2	310,2782,	0,6881,	chr5	138334632	138335744	retro_human_6581|NPY6R-201|transcribed_processed_pseudogene	0	+	NPY6R	1112
chr5	138334582	138335794	ENSG00000226306[2,1,1]	0	+	138334582	138334582	0	1	1212,	0,	chr5	138334632	138335744	retro_human_6581|NPY6R-201|transcribed_processed_pseudogene	0	+	NPY6R	1112
chr5	138335039	138337227	ENSG00000226306[3,1,2]	0	+	138335039	138335039	0	1	2188,	0,	chr5	138334632	138335744	retro_human_6581|NPY6R-201|transcribed_processed_pseudogene	0	+	NPY6R	705
chr5	140019280	140021241	ENSG00000249215[1,1,1]	0	+	140019280	140019280	0	1	1961,	0,	chr5	140019330	140021191	retro_human_6579|NCOA4P4-201|processed_pseudogene	0	+	NCOA4P4	1861
chr5	141106884	141107816	ENSG00000251453[1,1,1]	0	+	141106884	141106884	0	1	932,	0,	chr5	141106934	141107766	retro_human_1165|HAUS1P1-201|processed_pseudogene	0	+	HAUS1P1	832
chr5	145763830	145765174	ENSG00000215325[1,1,1]	0	+	145763830	145763830	0	1	1344,	0,	chr5	145763880	145765124	retro_human_6987|ASS1P10-201|processed_pseudogene	0	+	PRELID2,ASS1P10	1244
chr5	147242216	147243536	ENSG00000248568[1,1,1]	0	-	147242598	147243321	0	1	1320,	0,	chr5	147242266	147243486	retro_human_2452|KRT8P48-201|processed_pseudogene	0	-	KRT8P48	1220
chr5	150558062	150558517	ENSG00000241907[1,1,1]	0	-	150558062	150558062	0	1	455,	0,	chr5	150558112	150558467	retro_human_2449|RPS20P4-201|processed_pseudogene	0	-	RPS20P4	355
chr5	152304788	152305408	ENSG00000213433[1,1,1]	0	-	152304788	152304788	0	1	620,	0,	chr5	152304838	152305358	retro_human_2457|RPLP1P6-202|transcribed_processed_pseudogene	0	-	RPLP1P6	520
chr5	152304788	152305408	ENSG00000213433[1,1,1]	0	-	152304788	152304788	0	1	620,	0,	chr5	152304876	152305219	RPLP1P6-201|transcribed_processed_pseudogene	0	-	RPLP1P6	343
chr5	155093239	155094472	ENSG00000253146[1,1,1]	0	-	155093239	155093239	0	1	1233,	0,	chr5	155093289	155094422	retro_human_5919|CIR1P1-201|processed_pseudogene	0	-	CIR1P1	1133
chr5	156025151	156027514	ENSG00000270442[1,1,1]	0	+	156025151	156025151	0	1	2363,	0,	chr5	156025201	156027464	retro_human_7393|AC008725.1-201|processed_pseudogene	0	+	PPIGP1	2263
chr5	158713164	158714199	ENSG00000254047[1,1,1]	0	-	158713164	158713164	0	1	1035,	0,	chr5	158713214	158714149	retro_human_544|AC025437.6-201|processed_pseudogene	0	-	LOC100130177	935
chr5	160786758	160787191	ENSG00000254373[1,1,1]	0	+	160786758	160786758	0	1	433,	0,	chr5	160786808	160787141	retro_human_1939|AC112191.2-201|processed_pseudogene	0	+	LOC727947	333
chr5	166917033	166917428	ENSG00000229119[1,1,1]	0	+	166917033	166917033	0	1	395,	0,	chr5	166917083	166917378	AC026403.1-201|processed_pseudogene	0	+	RPLP0P9	295
chr5	169087008	169088559	ENSG00000253861[1,1,1]	0	-	169087912	169088083	0	1	1551,	0,	chr5	169087058	169088509	retro_human_10148|SLC2A3P1-201|processed_pseudogene	0	-	SLC2A3P1,PANK3	1451
chr5	169151078	169151823	ENSG00000233913[1,1,1]	0	+	169151078	169151078	0	1	745,	0,	chr5	169151128	169151773	retro_human_1942|RPL10P9-201|processed_pseudogene	0	+	RPL10P9	645
chr5	172794658	172795780	ENSG00000253218[1,1,1]	0	-	172795138	172795360	0	1	1122,	0,	chr5	172794708	172795730	retro_human_10153|KLF3P1-201|processed_pseudogene	0	-	KLF3P1	1022
chr5	173196633	173196925	ENSG00000253683[1,1,1]	0	-	173196633	173196633	0	1	292,	0,	chr5	173196683	173196875	retro_human_10152|AC027309.2-201|processed_pseudogene	0	-	LOC100130394	192
chr5	173515533	173516498	ENSG00000253785[1,1,1]	0	+	173515533	173515533	0	1	965,	0,	chr5	173515583	173516448	retro_human_7801|AC008429.2-201|processed_pseudogene	0	+	LOC285591	865
chr5	173765856	173766544	ENSG00000254200[1,1,1]	0	-	173765856	173765856	0	1	688,	0,	chr5	173765906	173766494	retro_human_4245|RPL7AP33-201|processed_pseudogene	0	-	RPL7AP33	588
chr5	178522768	178523811	ENSG00000249129[1,1,1]	0	+	178522768	178522768	0	1	1043,	0,	chr5	178522818	178523761	retro_human_2341|SUDS3P1-201|processed_pseudogene	0	+	SUDS3P1	943
chr5	179551180	179552127	ENSG00000254158[1,1,1]	0	-	179551180	179551180	0	1	947,	0,	chr5	179551230	179552077	retro_human_10577|AC104117.4-201|processed_pseudogene	0	-	LOC100288803	847
chr5	180813095	180813882	ENSG00000253908[1,1,1]	0	+	180813095	180813095	0	1	787,	0,	chr5	180813145	180813832	retro_human_2724|AC104115.2-201|processed_pseudogene	0	+	LOC100419721	687
chr5	181090024	181090583	ENSG00000250749[1,1,1]	0	-	181090024	181090024	0	1	559,	0,	chr5	181090074	181090533	retro_human_4676|AC122714.1-201|processed_pseudogene	0	-	LOC100329129	459
chr5	181538593	181539032	ENSG00000231228[1,1,1]	0	+	181538643	181538979	0	1	439,	0,	chr5	181538643	181538982	retro_human_2721|ARPP19P1-201|processed_pseudogene	0	+	ARPP19P1	339
chr5	181615247	181622811	ENSG00000165810[5,16,1]	0	+	181615268	181621094	255	6	130,21,21,27,27,2340,	0,228,1422,1978,4339,5224,	chr5	181620306	181621079	retro_human_2719	0	+	BTNL9	773
chr5	181626271	181626963	ENSG00000241870[1,1,1]	0	+	181626271	181626271	0	1	692,	0,	chr5	181626321	181626913	retro_human_2330|AC008620.1-201|processed_pseudogene	0	+	RPL13P10	592
chr5	181763101	181765377	ENSG00000146054[1,5,3]	0	-	181763533	181765144	0	2	573,755,	0,1521,	chr5	181764533	181765063	retro_human_9325	0	-	TRIM7	530
chr6	2205051	2205413	ENSG00000236086[1,1,1]	0	+	2205051	2205051	0	1	362,	0,	chr6	2205101	2205363	retro_human_9322|HMGN2P28-201|processed_pseudogene	0	+	HMGN2P28	262
chr6	2891993	2892724	ENSG00000271361[1,1,1]	0	-	2891993	2891993	0	1	731,	0,	chr6	2892043	2892674	HTATSF1P2-201|processed_pseudogene	0	-	HTATSF1P2	631
chr6	3810865	3811485	ENSG00000217566[1,1,1]	0	+	3810865	3810865	0	1	620,	0,	chr6	3810915	3811435	retro_human_9318|TDGF1P4-201|processed_pseudogene	0	+	TDGF1P4	520
chr6	3847639	3848777	ENSG00000216657[1,1,1]	0	+	3847639	3847639	0	1	1138,	0,	chr6	3847689	3848727	retro_human_9317|GLRX3P2-201|processed_pseudogene	0	+	GLRX3P2	1038
chr6	5657681	5658135	ENSG00000217239[1,1,1]	0	-	5657681	5657681	0	1	454,	0,	chr6	5657731	5658085	retro_human_1342|AL136968.2-201|processed_pseudogene	0	-	RPL34P16	354
chr6	5841227	5842928	ENSG00000215057[1,1,1]	0	+	5841227	5841227	0	1	1701,	0,	chr6	5841277	5842878	retro_human_3456|PKMP5-201|processed_pseudogene	0	+	PKMP5	1601
chr6	6215942	6216343	ENSG00000241216[1,1,1]	0	-	6215942	6215942	0	1	401,	0,	chr6	6215992	6216293	retro_human_1349|SNAPC5P1-201|transcribed_processed_pseudogene	0	-	SNAPC5P1,LY86-AS1	301
chr6	6403689	6404724	ENSG00000218868[1,1,1]	0	+	6403689	6403689	0	1	1035,	0,	chr6	6403739	6404674	retro_human_3450|CNN3P1-201|processed_pseudogene	0	+	CNN3P1	935
chr6	6664104	6664692	ENSG00000219986[1,1,1]	0	-	6664104	6664104	0	1	588,	0,	chr6	6664154	6664642	retro_human_1344|BTF3P7-201|processed_pseudogene	0	-	BTF3P7	488
chr6	7209862	7211165	ENSG00000230570[1,1,1]	0	-	7210506	7210818	0	1	1303,	0,	chr6	7209912	7211115	retro_human_1339|AL139095.3-201|processed_pseudogene	0	-	LOC100422646	1203
chr6	10442436	10443015	ENSG00000217181[1,1,1]	0	-	10442436	10442436	0	1	579,	0,	chr6	10442486	10442965	retro_human_5547|AL139039.2-201|processed_pseudogene	0	-	RPL21P63,GCNT2	479
chr6	10501418	10502452	ENSG00000205318[1,1,1]	0	+	10501418	10501418	0	1	1034,	0,	chr6	10501468	10502402	GCNT2P1-201|processed_pseudogene	0	+	GCNT2P1	934
chr6	11729838	11731283	ENSG00000215124[1,1,1]	0	-	11729838	11729838	0	1	1445,	0,	chr6	11729888	11731233	retro_human_168|AMD1P4-201|processed_pseudogene	0	-	AMD1P4	1345
chr6	12382464	12383179	ENSG00000212802[1,1,1]	0	+	12382464	12382464	0	1	715,	0,	chr6	12382514	12383129	retro_human_9762|RPL15P3-201|processed_pseudogene	0	+	RPL15P3	615
chr6	13394703	13395583	ENSG00000218265[1,1,1]	0	+	13394703	13394703	0	1	880,	0,	chr6	13394753	13395533	retro_human_9757|RPS4XP7-201|processed_pseudogene	0	+	RPS4XP7	780
chr6	17402982	17403836	ENSG00000184612[1,1,1]	0	-	17402982	17402982	0	1	854,	0,	chr6	17403032	17403786	retro_human_177|RPL7P26-201|processed_pseudogene	0	-	RPL7P26	754
chr6	17454131	17454503	ENSG00000218359[1,1,1]	0	+	17454131	17454131	0	1	372,	0,	chr6	17454181	17454453	retro_human_3842|SUMO2P13-201|processed_pseudogene	0	+	SUMO2P13	272
chr6	19484336	19485718	ENSG00000214012[1,1,1]	0	+	19484336	19484336	0	1	1382,	0,	chr6	19484386	19485668	retro_human_3846|KRT18P38-201|processed_pseudogene	0	+	KRT18P38	1282
chr6	21474736	21475092	ENSG00000220771[1,1,1]	0	+	21474736	21474736	0	1	356,	0,	chr6	21474786	21475042	retro_human_3843|BOLA2P3-201|processed_pseudogene	0	+	BOLA2P3	256
chr6	25005688	25007189	ENSG00000219682[1,1,1]	0	+	25005688	25005688	0	1	1501,	0,	chr6	25005738	25007139	retro_human_8532|AL133268.1-201|processed_pseudogene	0	+	NUP50P2	1401
chr6	25126976	25127568	ENSG00000216718[1,1,1]	0	+	25126976	25126976	0	1	592,	0,	chr6	25127026	25127519	retro_human_8536|AL024509.2-201|processed_pseudogene	0	+	RPL21P68	493
chr6	26140429	26141211	ENSG00000218690[2,1,1]	0	-	26140429	26140429	0	1	782,	0,	chr6	26140670	26140948	retro_human_965	0	-	H2AC10P	278
chr6	26140601	26141049	ENSG00000218690[1,1,2]	0	-	26140601	26140601	0	1	448,	0,	chr6	26140670	26140948	retro_human_965	0	-	H2AC10P	278
chr6	26190193	26190710	ENSG00000220875[1,1,1]	0	-	26190193	26190193	0	1	517,	0,	chr6	26190243	26190660	retro_human_968|H3C9P-201|processed_pseudogene	0	-	H3C9P	417
chr6	26317729	26320332	ENSG00000111801[4,15,9]	0	+	26317946	26318051	0	3	324,27,293,	0,742,2310,	chr6	26319928	26320566	retro_human_6666	0	+	BTN3A3	404
chr6	27606644	27608239	ENSG00000216915[1,1,1]	0	-	27606644	27606644	0	1	1595,	0,	chr6	27606694	27608189	retro_human_6348|GPR89P-201|processed_pseudogene	0	-	GPR89P	1495
chr6	28036531	28037441	ENSG00000226314[3,5,4]	0	+	28036531	28036531	0	1	910,	0,	chr6	28036603	28037376	retro_human_1615	0	+	ZKSCAN8P1	773
chr6	28089663	28090755	ENSG00000176933[1,1,1]	0	-	28089663	28089663	0	1	1092,	0,	chr6	28089713	28090705	TOB2P1-201|processed_pseudogene	0	-	TOB2P1	992
chr6	28318363	28319298	ENSG00000231162[1,1,1]	0	+	28318363	28318363	0	1	935,	0,	chr6	28318413	28319248	retro_human_7466|COX11P1-201|processed_pseudogene	0	+	COX11P1	835
chr6	28734223	28738048	ENSG00000225595[1,1,1]	0	-	28734223	28734223	0	2	2441,117,	0,3708,	chr6	28736064	28736696	retro_human_7468|RPL13P-201|processed_pseudogene	0	+	RPL13P,LINC01623	632
chr6	28736014	28736746	ENSG00000213916[1,1,1]	0	+	28736014	28736014	0	1	732,	0,	chr6	28736064	28736696	retro_human_7468|RPL13P-201|processed_pseudogene	0	+	RPL13P,LINC01623	632
chr6	28951211	28951907	ENSG00000228364[1,1,1]	0	-	28951211	28951211	0	1	696,	0,	chr6	28951261	28951857	retro_human_7871|SAR1AP1-204|processed_pseudogene	0	-	SAR1AP1	596
chr6	29457137	29457755	ENSG00000231301[1,1,1]	0	+	29457137	29457137	0	1	618,	0,	chr6	29457187	29457705	retro_human_1989|RPL13AP-207|processed_pseudogene	0	+	RPL13AP	518
chr6	29531647	29534668	ENSG00000204655[1,13,5]	0	+	29531905	29534365	0	2	346,656,	0,2365,	chr6	29533976	29534539	retro_human_1992	0	+	MOG	563
chr6	29582809	29583332	ENSG00000233916[1,1,1]	0	-	29582809	29582809	0	1	523,	0,	chr6	29582859	29583282	retro_human_2576|ZDHHC20P1-204|processed_pseudogene	0	-	ZDHHC20P1,LOC124906559	423
chr6	29595384	29599438	ENSG00000204642[1,1,1]	0	+	29595558	29599264	0	7	238,270,276,276,117,33,464,	0,368,883,1741,2157,2721,3590,	chr6	29598760	29599231	retro_human_2577|RPL23AP1-201|transcribed_processed_pseudogene	0	-	HLA-F-AS1,RPL23AP1,HLA-F	471
chr6	29598710	29599281	ENSG00000239257[1,1,1]	0	-	29598710	29598710	0	1	571,	0,	chr6	29598760	29599231	retro_human_2577|RPL23AP1-201|transcribed_processed_pseudogene	0	-	HLA-F-AS1,RPL23AP1,HLA-F	471
chr6	29622761	29623282	ENSG00000235821[1,1,1]	0	-	29622761	29622761	0	1	521,	0,	chr6	29622811	29623232	retro_human_2578|IFITM4P-207|processed_pseudogene	0	-	IFITM4P	421
chr6	29674955	29675852	ENSG00000213880[1,1,1]	0	-	29674955	29674955	0	1	897,	0,	chr6	29675005	29675802	retro_human_2579|RPL7AP7-201|processed_pseudogene	0	-	RPL7AP7	797
chr6	30350080	30350831	ENSG00000236603[1,1,1]	0	+	30350080	30350080	0	1	751,	0,	chr6	30350130	30350781	retro_human_7824|RANP1-206|processed_pseudogene	0	+	RANP1	651
chr6	30497761	30498186	ENSG00000228415[1,1,1]	0	+	30497811	30497958	0	1	425,	0,	chr6	30497811	30498136	PTMAP1-205|processed_pseudogene	0	+	PTMAP1	325
chr6	30560959	30561789	ENSG00000230449[1,1,1]	0	-	30560959	30560959	0	1	830,	0,	chr6	30561009	30561739	retro_human_6000|RPL7P4-203|processed_pseudogene	0	-	RPL7P4	730
chr6	31146372	31147675	ENSG00000227939[1,1,1]	0	+	31146372	31146372	0	1	1303,	0,	chr6	31146422	31147625	retro_human_7819|RPL3P2-204|processed_pseudogene	0	+	RPL3P2	1203
chr6	31464095	31464460	ENSG00000230622[1,1,1]	0	-	31464095	31464095	0	1	365,	0,	chr6	31464136	31464410	retro_human_8430|UQCRHP1-204|processed_pseudogene	0	-	UQCRHP1	274
chr6	33221370	33221968	ENSG00000204194[1,1,1]	0	-	33221370	33221370	0	1	598,	0,	chr6	33221420	33221918	retro_human_8384|RPL12P1-201|processed_pseudogene	0	-	RPL12P1	498
chr6	34086918	34087381	ENSG00000220583[1,1,1]	0	-	34086918	34086918	0	1	463,	0,	chr6	34086968	34087331	retro_human_8388|RPL35P2-201|processed_pseudogene	0	-	RPL35P2	363
chr6	34400060	34400559	ENSG00000196114[1,1,1]	0	-	34400060	34400060	0	1	499,	0,	chr6	34400110	34400509	retro_human_8391|IFITM3P3-201|processed_pseudogene	0	-	IFITM3P3	399
chr6	34566905	34567503	ENSG00000217130[1,1,1]	0	+	34566905	34566905	0	1	598,	0,	chr6	34566955	34567453	retro_human_5032|AL139100.1-201|processed_pseudogene	0	+	RPS10P13	498
chr6	34846271	34846681	ENSG00000187762[1,1,1]	0	+	34846412	34846640	0	1	410,	0,	chr6	34846321	34846631	retro_human_5034|HSPE1P11-201|processed_pseudogene	0	+	HSPE1P11	310
chr6	35430650	35431057	ENSG00000218749[1,1,1]	0	+	35430650	35430650	0	1	407,	0,	chr6	35430700	35431007	retro_human_10937|AL033519.2-201|processed_pseudogene	0	+	RPL36P9	307
chr6	35912262	35913018	ENSG00000237719[1,1,1]	0	-	35912262	35912262	0	1	756,	0,	chr6	35912312	35912968	retro_human_8802|Z95152.1-201|processed_pseudogene	0	-	LOC107986592	656
chr6	36494410	36495964	ENSG00000213500[1,1,1]	0	+	36494410	36494410	0	1	1554,	0,	chr6	36494460	36495914	retro_human_10935|LAP3P2-201|processed_pseudogene	0	+	LAP3P2,PANDAR	1454
chr6	36868364	36868794	ENSG00000226976[1,1,1]	0	+	36868364	36868364	0	1	430,	0,	chr6	36868414	36868744	retro_human_10934|COX6A1P2-201|processed_pseudogene	0	+	COX6A1P2	330
chr6	38928444	38939668	ENSG00000112167[1,4,1]	0	-	38929866	38933751	255	3	1764,4407,354,	0,5301,10870,	chr6	38934752	38937384	retro_human_9220|ANKRD18EP-201|processed_pseudogene	0	+	ANKRD18EP,SAYSD1	2632
chr6	38928444	38939668	ENSG00000112167[1,1,1]	0	-	38929866	38939521	0	2	1764,354,	0,10870,	chr6	38934752	38937384	retro_human_9220|ANKRD18EP-201|processed_pseudogene	0	+	ANKRD18EP,SAYSD1	2632
chr6	38929282	38939668	ENSG00000112167[1,4,3]	0	-	38929866	38933751	255	3	926,4407,354,	0,4463,10032,	chr6	38934752	38937384	retro_human_9220|ANKRD18EP-201|processed_pseudogene	0	+	ANKRD18EP,SAYSD1	2632
chr6	38929282	38939668	ENSG00000112167[1,2,3]	0	-	38929866	38933751	0	2	926,5923,	0,4463,	chr6	38934752	38937384	retro_human_9220|ANKRD18EP-201|processed_pseudogene	0	+	ANKRD18EP,SAYSD1	2632
chr6	38929282	38939668	ENSG00000112167[1,1,3]	0	-	38929866	38939521	0	2	926,354,	0,10032,	chr6	38934752	38937384	retro_human_9220|ANKRD18EP-201|processed_pseudogene	0	+	ANKRD18EP,SAYSD1	2632
chr6	38929576	38939668	ENSG00000112167[1,4,4]	0	-	38929866	38933751	255	3	632,4407,354,	0,4169,9738,	chr6	38934752	38937384	retro_human_9220|ANKRD18EP-201|processed_pseudogene	0	+	ANKRD18EP,SAYSD1	2632
chr6	38929576	38939668	ENSG00000112167[1,2,4]	0	-	38929866	38933751	0	2	632,5923,	0,4169,	chr6	38934752	38937384	retro_human_9220|ANKRD18EP-201|processed_pseudogene	0	+	ANKRD18EP,SAYSD1	2632
chr6	38929576	38939668	ENSG00000112167[1,1,4]	0	-	38929866	38939521	0	2	632,354,	0,9738,	chr6	38934752	38937384	retro_human_9220|ANKRD18EP-201|processed_pseudogene	0	+	ANKRD18EP,SAYSD1	2632
chr6	38934702	38937434	ENSG00000217165[1,1,1]	0	+	38934702	38934702	0	1	2732,	0,	chr6	38934752	38937384	retro_human_9220|ANKRD18EP-201|processed_pseudogene	0	+	ANKRD18EP,SAYSD1	2632
chr6	38934898	38935873	ENSG00000217165[2,1,2]	0	+	38934898	38934898	0	1	975,	0,	chr6	38934752	38937384	retro_human_9220|ANKRD18EP-201|processed_pseudogene	0	+	ANKRD18EP,SAYSD1	975
chr6	41137402	41137902	ENSG00000213461[1,1,1]	0	-	41137402	41137402	0	1	500,	0,	chr6	41137452	41137852	AL672212.1-201|processed_pseudogene	0	-	RPL32P15	400
chr6	42555912	42556479	ENSG00000213435[1,1,1]	0	+	42555912	42555912	0	1	567,	0,	chr6	42555962	42556429	retro_human_3336|ATP6V0CP3-201|processed_pseudogene	0	+	PRPH2	467
chr6	43139119	43139345	ENSG00000219222[1,1,1]	0	+	43139119	43139119	0	1	226,	0,	chr6	43139169	43139296	RPL12P47-201|processed_pseudogene	0	+	RPL12P47	127
chr6	50699956	50700464	ENSG00000060303[1,1,1]	0	-	50699956	50699956	0	1	508,	0,	chr6	50700006	50700414	retro_human_2472|RPS17P5-201|processed_pseudogene	0	-	RPS17P5	408
chr6	54325279	54326061	ENSG00000213335[1,1,1]	0	-	54325279	54325279	0	1	782,	0,	chr6	54325329	54326011	retro_human_8061|CLNS1AP1-201|processed_pseudogene	0	-	CLNS1AP1	682
chr6	57910432	57911942	ENSG00000216687[1,1,1]	0	-	57910432	57910432	0	1	1510,	0,	chr6	57910477	57911892	AL390237.1-201|processed_pseudogene	0	-	LOC100288628	1415
chr6	66989213	66990423	ENSG00000233859[1,1,1]	0	-	66989213	66989213	0	1	1210,	0,	chr6	66989263	66990373	retro_human_6837|ADH5P4-201|processed_pseudogene	0	-	ADH5P4	1110
chr6	70885300	70886274	ENSG00000219085[1,1,1]	0	-	70885647	70885860	0	1	974,	0,	chr6	70885350	70886224	retro_human_5185|NPM1P37-201|processed_pseudogene	0	-	NPM1P37	874
chr6	71788734	71789935	ENSG00000232389[1,1,1]	0	-	71788734	71788734	0	1	1201,	0,	chr6	71788784	71789885	retro_human_5187|AL583856.1-201|processed_pseudogene	0	-	LOC642590	1101
chr6	72345447	72346242	ENSG00000218350[1,1,1]	0	+	72345447	72345447	0	1	795,	0,	chr6	72345497	72346192	retro_human_10026|LYPLA1P3-201|processed_pseudogene	0	+	LYPLA1P3	695
chr6	73775069	73776353	ENSG00000181514[1,1,1]	0	-	73775069	73775069	0	1	1284,	0,	chr6	73775119	73776303	retro_human_6930|FO393414.1-201|processed_pseudogene	0	-	LOC643067	1184
chr6	74466997	74467957	ENSG00000239626[1,1,1]	0	+	74466997	74466997	0	1	960,	0,	chr6	74467047	74467907	retro_human_4149|RPSAP41-201|processed_pseudogene	0	+	RPSAP41,LOC122539212	860
chr6	74468556	74469972	ENSG00000234882[1,1,1]	0	+	74468556	74468556	0	1	1416,	0,	chr6	74468606	74469922	retro_human_4146|EIF3EP1-201|processed_pseudogene	0	+	EIF3EP1,LOC122539212	1316
chr6	74529699	74531013	ENSG00000203909[1,1,1]	0	-	74530009	74530912	0	3	366,180,213,	0,840,1101,	chr6	74530493	74530774	retro_human_5182	0	-	DPPA5	281
chr6	74539304	74540918	ENSG00000203908[1,1,1]	0	+	74539426	74540554	0	3	291,180,666,	0,487,948,	chr6	74539731	74539973	retro_human_4145	0	+	KHDC3L	242
chr6	74549544	74550011	ENSG00000235174[1,1,2]	0	-	74549808	74549961	0	1	467,	0,	chr6	74549805	74549961	retro_human_5181|RPL39P3-201|processed_pseudogene	0	-	RPL39P3	156
chr6	74549755	74550011	ENSG00000235174[1,1,1]	0	-	74549808	74549961	0	1	256,	0,	chr6	74549805	74549961	retro_human_5181|RPL39P3-201|processed_pseudogene	0	-	RPL39P3	156
chr6	76787761	76788692	ENSG00000217488[1,1,1]	0	-	76787761	76787761	0	1	931,	0,	chr6	76787811	76788642	retro_human_10688|AL356057.1-201|transcribed_processed_pseudogene	0	-	LOC100421091	831
chr6	76787761	76788692	ENSG00000217488[1,1,1]	0	-	76787761	76787761	0	1	931,	0,	chr6	76788043	76788799	AL356057.1-202|transcribed_processed_pseudogene	0	-	LOC100421091	649
chr6	76787993	76788849	ENSG00000217488[2,1,2]	0	-	76787993	76787993	0	1	856,	0,	chr6	76787811	76788642	retro_human_10688|AL356057.1-201|transcribed_processed_pseudogene	0	-	LOC100421091	649
chr6	76787993	76788849	ENSG00000217488[2,1,2]	0	-	76787993	76787993	0	1	856,	0,	chr6	76788043	76788799	AL356057.1-202|transcribed_processed_pseudogene	0	-	LOC100421091	756
chr6	76921105	76921771	ENSG00000285401[1,1,1]	0	+	76921455	76921749	0	1	666,	0,	chr6	76921155	76921721	retro_human_9624|AL109897.1-201|processed_pseudogene	0	+	LOC124901230	566
chr6	80245355	80245902	ENSG00000217512[1,1,1]	0	-	80245521	80245662	0	1	547,	0,	chr6	80245405	80245852	AL356776.1-201|processed_pseudogene	0	-	LOC100419073,PHIP	447
chr6	86876676	86877491	ENSG00000220563[1,1,1]	0	-	86876676	86876676	0	1	815,	0,	chr6	86876726	86877441	retro_human_5546|PKMP3-201|transcribed_processed_pseudogene	0	-	PKMP3	715
chr6	88382190	88383226	ENSG00000218313[1,1,1]	0	-	88382190	88382190	0	1	1036,	0,	chr6	88382240	88383176	retro_human_4360|AL139274.1-201|processed_pseudogene	0	-	LOC100418923,ZNF292	936
chr6	91006898	91007278	ENSG00000220871[1,1,1]	0	+	91006898	91006898	0	1	380,	0,	chr6	91006948	91007228	retro_human_1322|DNAJC19P6-201|processed_pseudogene	0	+	DNAJC19P6	280
chr6	91024019	91024874	ENSG00000217653[1,1,1]	0	+	91024019	91024019	0	1	855,	0,	chr6	91024069	91024824	retro_human_7665|PIMREGP3-201|processed_pseudogene	0	+	PIMREGP3	755
chr6	93225429	93226422	ENSG00000220553[1,1,1]	0	+	93225429	93225429	0	1	993,	0,	chr6	93225479	93226372	retro_human_7661|RPL5P19-201|processed_pseudogene	0	+	RPL5P19	893
chr6	94303917	94304802	ENSG00000213187[1,1,1]	0	-	94303917	94303917	0	1	885,	0,	chr6	94303967	94304752	retro_human_9882|COPS5P1-201|processed_pseudogene	0	-	COPS5P1	785
chr6	97820395	97821076	ENSG00000213183[1,1,1]	0	-	97820395	97820395	0	1	681,	0,	chr6	97820445	97821026	retro_human_9886|RPS7P8-201|processed_pseudogene	0	-	RPS7P8	581
chr6	97825203	97826172	ENSG00000219139[1,1,1]	0	+	97825203	97825203	0	1	969,	0,	chr6	97825253	97826122	retro_human_150|TYMSP1-201|processed_pseudogene	0	+	TYMSP1	869
chr6	100349052	100349888	ENSG00000232699[1,1,1]	0	+	100349052	100349052	0	1	836,	0,	chr6	100349102	100349838	retro_human_7352|BDH2P1-201|processed_pseudogene	0	+	BDH2P1	736
chr6	102063438	102064274	ENSG00000270987[1,1,1]	0	+	102063438	102063438	0	1	836,	0,	chr6	102063488	102064224	retro_human_588|AL133338.2-201|processed_pseudogene	0	+	LOC728098	736
chr6	106036420	106038195	ENSG00000271099[1,1,1]	0	+	106036420	106036420	0	1	1775,	0,	chr6	106036470	106038145	AL357315.2-201|processed_pseudogene	0	+	LOC100422315	1675
chr6	109181461	109182772	ENSG00000225093[1,1,1]	0	-	109181461	109181461	0	1	1311,	0,	chr6	109181511	109182723	retro_human_2044|RPL3P7-201|processed_pseudogene	0	-	RPL3P7	1212
chr6	109795297	109795683	ENSG00000228976[1,1,1]	0	-	109795297	109795297	0	1	386,	0,	chr6	109795347	109795633	retro_human_9449|SUMO2P8-201|processed_pseudogene	0	-	SUMO2P8	286
chr6	110084973	110085330	ENSG00000228834[1,1,1]	0	-	110084973	110084973	0	1	357,	0,	chr6	110085023	110085280	retro_human_9452|AL445189.2-201|processed_pseudogene	0	-	ATP5MFP2,LOC124901481	257
chr6	111879086	111879525	ENSG00000217041[1,1,1]	0	+	111879086	111879086	0	1	439,	0,	chr6	111879136	111879475	retro_human_6368|AL512430.2-201|processed_pseudogene	0	+	RPS20P18	339
chr6	112036790	112037799	ENSG00000213149[1,1,1]	0	+	112036840	112037521	0	1	1009,	0,	chr6	112036840	112037749	retro_human_6367|CNN2P9-201|processed_pseudogene	0	+	CNN2P9	909
chr6	112613192	112614814	ENSG00000218676[1,1,1]	0	+	112613192	112613192	0	1	1622,	0,	chr6	112613242	112614764	retro_human_221|BRD7P4-201|processed_pseudogene	0	+	BRD7P4	1522
chr6	114765426	114765973	ENSG00000218208[1,1,1]	0	+	114765426	114765426	0	1	547,	0,	chr6	114765476	114765923	retro_human_224|RPS27AP11-201|processed_pseudogene	0	+	RPS27AP11	447
chr6	117438103	117443271	ENSG00000111817[4,10,7]	0	+	117442713	117442902	0	4	261,163,122,845,	0,717,3093,4323,	chr6	117442473	117443096	retro_human_9060|AL050331.1-201|processed_pseudogene	0	-	RPS5P1,LOC100287430,DSE	623
chr6	117442423	117443146	ENSG00000233558[1,1,1]	0	-	117442423	117442423	0	1	723,	0,	chr6	117442473	117443096	retro_human_9060|AL050331.1-201|processed_pseudogene	0	-	RPS5P1,LOC100287430,DSE	623
chr6	119183763	119184337	ENSG00000230202[1,1,1]	0	+	119183813	119184284	0	1	574,	0,	chr6	119183813	119184287	retro_human_228|AL450405.1-201|processed_pseudogene	0	+	RPL29P4	474
chr6	119686536	119688111	ENSG00000169075[1,1,1]	0	+	119686536	119686536	0	1	1575,	0,	chr6	119686586	119688061	retro_human_5973|Z99496.1-201|processed_pseudogene	0	+	BRD7P3	1475
chr6	119774141	119774806	ENSG00000217330[1,1,1]	0	+	119774141	119774141	0	1	665,	0,	chr6	119774191	119774756	retro_human_5972|SSXP10-201|processed_pseudogene	0	+	SSXP10	565
chr6	120455297	120455980	ENSG00000216316[1,1,1]	0	-	120455433	120455691	0	1	683,	0,	chr6	120455348	120455930	retro_human_9065|AL022722.1-201|processed_pseudogene	0	-	RPL13AP15	582
chr6	122840770	122841765	ENSG00000218180[1,1,1]	0	+	122840770	122840770	0	1	995,	0,	chr6	122840819	122841715	retro_human_2556|SLC25A5P7-201|processed_pseudogene	0	+	SLC25A5P7	896
chr6	124047920	124048331	ENSG00000232362[1,1,1]	0	-	124047920	124047920	0	1	411,	0,	chr6	124047970	124048281	retro_human_8742|ATP5MGP2-201|processed_pseudogene	0	-	ATP5MGP2	311
chr6	127832064	127833067	ENSG00000217325[1,1,1]	0	+	127832064	127832064	0	1	1003,	0,	chr6	127832114	127833017	retro_human_11072|PRELID1P1-202|transcribed_processed_pseudogene	0	+	PRELID1P1	903
chr6	127832064	127833067	ENSG00000217325[1,1,1]	0	+	127832064	127832064	0	1	1003,	0,	chr6	127832266	127832926	PRELID1P1-201|transcribed_processed_pseudogene	0	+	PRELID1P1	660
chr6	128605384	128605902	ENSG00000220522[1,1,1]	0	-	128605384	128605384	0	1	518,	0,	chr6	128605434	128605852	retro_human_8752|AL590002.1-201|processed_pseudogene	0	-	LOC100287856	418
chr6	130122137	130123231	ENSG00000220884[1,1,1]	0	-	130122137	130122137	0	1	1094,	0,	chr6	130122187	130123181	retro_human_1240|MESTP1-201|processed_pseudogene	0	-	MESTP1	994
chr6	132663469	132664046	ENSG00000219776[1,1,1]	0	+	132663469	132663469	0	1	577,	0,	chr6	132663519	132663997	retro_human_11075|RPL21P67-201|processed_pseudogene	0	+	RPL21P67	478
chr6	133014735	133015125	ENSG00000219532[1,1,1]	0	-	133014735	133014735	0	1	390,	0,	chr6	133014785	133015075	SELENOKP2-201|processed_pseudogene	0	-	SELENOKP2	290
chr6	134063204	134063946	ENSG00000220557[1,1,1]	0	-	134063204	134063204	0	1	742,	0,	chr6	134063254	134063896	retro_human_7462|HMGB1P13-201|processed_pseudogene	0	-	HMGB1P13	642
chr6	134192466	134193056	ENSG00000213122[1,1,1]	0	-	134192466	134192466	0	1	590,	0,	chr6	134192516	134193006	retro_human_7456|RPL23AP46-201|processed_pseudogene	0	-	RPL23AP46	490
chr6	137552216	137552650	ENSG00000220660[1,1,1]	0	+	137552216	137552216	0	1	434,	0,	chr6	137552266	137552600	retro_human_5581|AL023284.3-201|transcribed_processed_pseudogene	0	+	RPLP1P8	334
chr6	138893795	138895674	ENSG00000220412[1,1,1]	0	-	138893795	138893795	0	1	1879,	0,	chr6	138893845	138895624	retro_human_6236|AL356234.1-201|processed_pseudogene	0	-	PTPN11P3	1779
chr6	139838718	139839566	ENSG00000216802[1,1,1]	0	-	139839079	139839319	0	1	848,	0,	chr6	139838768	139839516	retro_human_6235|AL590617.1-201|processed_pseudogene	0	-	MTCH1P1	748
chr6	140009974	140013139	ENSG00000225415[2,1,2]	0	+	140011302	140012352	0	1	3165,	0,	chr6	140011302	140012355	ACKR4P1-201|processed_pseudogene	0	+	ACKR4P1	1053
chr6	140010410	140013139	ENSG00000225415[3,1,2]	0	+	140011302	140012352	0	1	2729,	0,	chr6	140011302	140012355	ACKR4P1-201|processed_pseudogene	0	+	ACKR4P1	1053
chr6	140010784	140013139	ENSG00000225415[4,1,2]	0	+	140011302	140012352	0	1	2355,	0,	chr6	140011302	140012355	ACKR4P1-201|processed_pseudogene	0	+	ACKR4P1	1053
chr6	140010971	140013139	ENSG00000225415[5,1,2]	0	+	140011302	140012352	0	1	2168,	0,	chr6	140011302	140012355	ACKR4P1-201|processed_pseudogene	0	+	ACKR4P1	1053
chr6	140011252	140013139	ENSG00000225415[1,1,2]	0	+	140011302	140012352	0	1	1887,	0,	chr6	140011302	140012355	ACKR4P1-201|processed_pseudogene	0	+	ACKR4P1	1053
chr6	140011252	140012405	ENSG00000225415[1,1,1]	0	+	140011302	140012352	0	1	1153,	0,	chr6	140011302	140012355	ACKR4P1-201|processed_pseudogene	0	+	ACKR4P1	1053
chr6	142107427	142107981	ENSG00000216548[1,1,1]	0	-	142107427	142107427	0	1	554,	0,	chr6	142107477	142107931	retro_human_6232|AL357084.1-201|processed_pseudogene	0	-	RPS18P10	454
chr6	144534586	144535824	ENSG00000217648[1,1,1]	0	+	144534636	144535041	0	1	1238,	0,	chr6	144534636	144535774	retro_human_7975|AL136116.3-201|processed_pseudogene	0	+	PARLP2,AIG1	1138
chr6	144682781	144683825	ENSG00000229036[1,1,1]	0	+	144682841	144683111	0	1	1044,	0,	chr6	144682922	144683775	retro_human_7977|VDAC1P8-201|transcribed_processed_pseudogene	0	+	VDAC1P8	853
chr6	145393019	145393638	ENSG00000217027[1,1,1]	0	-	145393019	145393019	0	1	619,	0,	chr6	145393069	145393588	retro_human_469|TPT1P4-201|processed_pseudogene	0	-	TPT1P4	519
chr6	147364327	147364960	ENSG00000187103[1,1,1]	0	+	147364628	147364907	0	1	633,	0,	chr6	147364377	147364910	retro_human_7967|FUNDC2P3-201|processed_pseudogene	0	+	FUNDC2P3	533
chr6	147995970	147997100	ENSG00000228283[1,1,2]	0	-	147995970	147995970	0	1	1130,	0,	chr6	147995584	147997050	retro_human_465|KATNBL1P6-202|transcribed_processed_pseudogene	0	-	KATNBL1P6	1080
chr6	147995970	147997100	ENSG00000228283[1,1,2]	0	-	147995970	147995970	0	1	1130,	0,	chr6	147996020	147996935	KATNBL1P6-201|transcribed_processed_pseudogene	0	-	KATNBL1P6	915
chr6	149763600	149763977	ENSG00000217824[1,1,1]	0	-	149763600	149763600	0	1	377,	0,	chr6	149763650	149763927	retro_human_466|SNRPEP6-201|processed_pseudogene	0	-	SNRPEP6	277
chr6	150311822	150312586	ENSG00000219487[1,1,1]	0	-	150311822	150311822	0	1	764,	0,	chr6	150311872	150312536	retro_human_2825|AL603766.1-201|processed_pseudogene	0	-	LOC729200	664
chr6	150691232	150692056	ENSG00000219553[1,1,1]	0	-	150691232	150691232	0	1	824,	0,	chr6	150691282	150692005	retro_human_6658|AL031133.1-201|processed_pseudogene	0	-	LOC729496	723
chr6	150793767	150794327	ENSG00000220848[2,1,1]	0	+	150793767	150793767	0	1	560,	0,	chr6	150793817	150794277	retro_human_5188|RPS18P9-201|transcribed_processed_pseudogene	0	+	RPS18P9	460
chr6	151118000	151122515	ENSG00000203722[1,2,2]	0	-	151118354	151122354	0	3	668,264,246,	0,896,4269,	chr6	151118388	151118891	retro_human_6655	0	-	RAET1G,RAET1E-AS1	503
chr6	152028160	152028982	ENSG00000213089[1,1,1]	0	+	152028241	152028787	0	1	822,	0,	chr6	152028210	152028932	retro_human_10282|PDCL3P5-201|processed_pseudogene	0	+	PDCL3P5	722
chr6	152300067	152300572	ENSG00000219747[1,1,1]	0	+	152300276	152300519	0	1	505,	0,	chr6	152300117	152300522	retro_human_10280|AL133260.1-201|processed_pseudogene	0	+	RPL32P16,MTHFD1L	405
chr6	152426114	152426612	ENSG00000213087[1,1,1]	0	-	152426114	152426114	0	1	498,	0,	chr6	152426164	152426562	retro_human_6654|AL356535.1-201|processed_pseudogene	0	-	RPS12P11	398
chr6	154484331	154484878	ENSG00000218426[1,1,1]	0	-	154484331	154484331	0	1	547,	0,	chr6	154484381	154484828	retro_human_6660|AL590867.2-201|processed_pseudogene	0	-	RPL27AP6	447
chr6	155751480	155752306	ENSG00000220181[1,1,1]	0	+	155751480	155751480	0	1	826,	0,	chr6	155751530	155752256	retro_human_10288|MTRES1P1-201|processed_pseudogene	0	+	MTRES1P1	726
chr6	158607929	158608963	ENSG00000213078[1,1,1]	0	-	158607929	158607929	0	1	1034,	0,	chr6	158607979	158608913	retro_human_839|AL390955.1-201|processed_pseudogene	0	-	LOC641708	934
chr6	158614495	158615211	ENSG00000218631[1,1,1]	0	-	158614495	158614495	0	1	716,	0,	chr6	158614545	158615161	retro_human_836|AL117344.1-201|processed_pseudogene	0	-	LOC100420839	616
chr6	161339188	161342421	ENSG00000213073[2,1,2]	0	+	161339266	161339608	0	1	3233,	0,	chr6	161339579	161340150	AL353625.1-202|transcribed_processed_pseudogene	0	+	CHP1P2,IGF2R	571
chr6	161409675	161409992	ENSG00000216516[1,1,1]	0	-	161409675	161409675	0	1	317,	0,	chr6	161409725	161409942	retro_human_5429|AL645733.1-201|processed_pseudogene	0	-	LOC112267977	217
chr7	1727046	1727882	ENSG00000230444[1,1,1]	0	+	1727046	1727046	0	1	836,	0,	chr7	1727096	1727832	retro_human_9902|TFAMP1-201|processed_pseudogene	0	+	TFAMP1	736
chr7	6609993	6610399	ENSG00000231359[1,1,1]	0	-	6609993	6609993	0	1	406,	0,	chr7	6610043	6610349	retro_human_8674|AC072052.1-201|processed_pseudogene	0	-	RPL31P34	306
chr7	7019550	7019850	ENSG00000243531[1,1,1]	0	-	7019550	7019550	0	1	300,	0,	chr7	7019600	7019800	AC079804.2-201|processed_pseudogene	0	-	EVA1CP3	200
chr7	7043204	7043740	ENSG00000241539[1,1,1]	0	-	7043204	7043204	0	1	536,	0,	chr7	7043254	7043690	AC079804.1-201|processed_pseudogene	0	-	ALG1L5P	436
chr7	10581558	10583600	ENSG00000229091[1,1,1]	0	+	10581558	10581558	0	1	2042,	0,	chr7	10581608	10583550	retro_human_11088|HSPA8P8-201|processed_pseudogene	0	+	HSPA8P8,MGC4859	1942
chr7	12602181	12603483	ENSG00000236048[1,1,1]	0	+	12602181	12602181	0	1	1302,	0,	chr7	12602231	12603433	retro_human_11090|AC013470.3-201|processed_pseudogene	0	+	SSBL5P	1202
chr7	15834646	15835064	ENSG00000235828[1,1,1]	0	-	15834646	15834646	0	1	418,	0,	chr7	15834696	15835014	retro_human_8678|RPL36AP26-201|processed_pseudogene	0	-	RPL36AP26	318
chr7	19078838	19079803	ENSG00000232492[1,1,1]	0	-	19078838	19078838	0	1	965,	0,	chr7	19078888	19079753	retro_human_8890|NPM1P13-201|processed_pseudogene	0	-	NPM1P13	865
chr7	20963326	20963854	ENSG00000219451[1,1,1]	0	+	20963326	20963326	0	1	528,	0,	chr7	20963376	20963804	retro_human_4810|RPL23P8-201|processed_pseudogene	0	+	RPL23P8	428
chr7	22646451	22647936	ENSG00000233476[1,1,1]	0	-	22646451	22646451	0	1	1485,	0,	chr7	22646501	22647886	retro_human_3236|EEF1A1P6-201|processed_pseudogene	0	-	EEF1A1P6	1385
chr7	23617115	23617422	ENSG00000236654[1,1,1]	0	+	23617115	23617115	0	1	307,	0,	chr7	23617165	23617372	retro_human_10704|AC079780.1-201|processed_pseudogene	0	+	LOC389473	207
chr7	23626830	23627822	ENSG00000232818[1,1,1]	0	+	23626830	23626830	0	1	992,	0,	chr7	23626880	23627772	retro_human_10703|RPS2P32-201|processed_pseudogene	0	+	RPS2P32	892
chr7	23860530	23861104	ENSG00000234800[1,1,1]	0	-	23860530	23860530	0	1	574,	0,	chr7	23860580	23861054	PCMTD1P3-201|processed_pseudogene	0	-	PCMTD1P3	474
chr7	25824959	25825439	ENSG00000239622[1,1,1]	0	-	25824959	25824959	0	1	480,	0,	chr7	25825009	25825389	retro_human_8331|AC005165.2-201|processed_pseudogene	0	-	UBA52P1	380
chr7	26411822	26412334	ENSG00000232383[1,1,1]	0	+	26411822	26411822	0	1	512,	0,	chr7	26411872	26412284	retro_human_10707|AC010677.1-201|processed_pseudogene	0	+	RPL23P7	412
chr7	27118592	27119292	ENSG00000226059[1,1,1]	0	-	27118592	27118592	0	1	700,	0,	chr7	27118642	27119242	retro_human_8332|HMGB3P20-201|processed_pseudogene	0	-	HMGB3P20	600
chr7	27594464	27595251	ENSG00000233830[1,1,1]	0	-	27594464	27594464	0	1	787,	0,	chr7	27594514	27595201	retro_human_2865|EIF4HP1-201|processed_pseudogene	0	-	EIF4HP1	687
chr7	29350068	29351081	ENSG00000237065[1,1,1]	0	+	29350287	29350545	0	1	1013,	0,	chr7	29350118	29351031	retro_human_4694|NANOGP4-201|transcribed_processed_pseudogene	0	+	NANOGP4	913
chr7	29763621	29763835	ENSG00000223437[1,1,1]	0	+	29763621	29763621	0	1	214,	0,	chr7	29763671	29763785	retro_human_4681|TMSB4XP3-201|processed_pseudogene	0	+	TMSB4XP3	114
chr7	29822414	29825766	ENSG00000227855[2,2,2]	0	+	29822414	29822414	0	2	431,664,	0,2688,	chr7	29822595	29823015	ZNRF2P2-203|transcribed_processed_pseudogene	0	-	ZNRF2P2,LOC646762	420
chr7	29822545	29823128	ENSG00000225264[1,1,2]	0	-	29822545	29822545	0	1	583,	0,	chr7	29822595	29823015	ZNRF2P2-203|transcribed_processed_pseudogene	0	-	ZNRF2P2,LOC646762	420
chr7	30506853	30510488	ENSG00000235859[2,1,1]	0	+	30509514	30509910	0	1	3635,	0,	chr7	30509204	30510438	retro_human_4727|AC006978.1-201|processed_pseudogene	0	+	DKFZP586I1420	1234
chr7	30507109	30510488	ENSG00000235859[3,1,1]	0	+	30509514	30509910	0	1	3379,	0,	chr7	30509204	30510438	retro_human_4727|AC006978.1-201|processed_pseudogene	0	+	DKFZP586I1420	1234
chr7	30509154	30510488	ENSG00000235859[1,1,1]	0	+	30509514	30509910	0	1	1334,	0,	chr7	30509204	30510438	retro_human_4727|AC006978.1-201|processed_pseudogene	0	+	DKFZP586I1420	1234
chr7	30660770	30662262	ENSG00000244480[1,1,1]	0	-	30660770	30660770	0	1	1492,	0,	chr7	30660820	30662212	AC005154.2-201|transcribed_processed_pseudogene	0	-	LOC100287825	1392
chr7	30681684	30682163	ENSG00000226874[1,1,1]	0	+	30681684	30681684	0	1	479,	0,	chr7	30681734	30682113	AC005154.1-201|processed_pseudogene	0	+	TRPC6P10	379
chr7	32596110	32597006	ENSG00000226468[1,1,1]	0	-	32596110	32596110	0	1	896,	0,	chr7	32596160	32596956	retro_human_7944|AC018641.1-201|processed_pseudogene	0	-	LOC100130673	796
chr7	32868138	32868681	ENSG00000237004[1,1,1]	0	+	32868138	32868138	0	1	543,	0,	chr7	32868188	32868631	ZNRF2P1-201|transcribed_processed_pseudogene	0	+	ZNRF2P1	443
chr7	36112065	36112586	ENSG00000270889[1,1,1]	0	-	36112065	36112065	0	1	521,	0,	chr7	36112115	36112536	retro_human_2945|AC087072.1-201|processed_pseudogene	0	-	PPP1R14BP4,SEPTIN7P3	421
chr7	38468258	38468782	ENSG00000231916[1,1,1]	0	+	38468258	38468258	0	1	524,	0,	chr7	38468308	38468732	retro_human_1848|AC006033.1-201|processed_pseudogene	0	+	LOC103689914,TRG	424
chr7	39723875	39730472	ENSG00000241127[1,6,1]	0	+	39729983	39730244	0	2	4293,655,	0,5942,	chr7	39726916	39727739	retro_human_4087|AC011290.2-201|processed_pseudogene	0	-	LOC100101126	823
chr7	39723875	39730472	ENSG00000241127[1,4,1]	0	+	39729983	39730244	0	2	213,2426,	0,4171,	chr7	39726916	39727739	retro_human_4087|AC011290.2-201|processed_pseudogene	0	-	LOC100101126	823
chr7	39723875	39728593	ENSG00000241127[1,4,5]	0	+	39723959	39728169	0	2	213,547,	0,4171,	chr7	39726916	39727739	retro_human_4087|AC011290.2-201|processed_pseudogene	0	-	LOC100101126	823
chr7	39723875	39728593	ENSG00000241127[1,5,5]	0	+	39723959	39724229	0	2	697,547,	0,4171,	chr7	39726916	39727739	retro_human_4087|AC011290.2-201|processed_pseudogene	0	-	LOC100101126	823
chr7	39723875	39730472	ENSG00000241127[1,1,1]	0	+	39723959	39730244	0	3	213,122,655,	0,4171,5942,	chr7	39726916	39727739	retro_human_4087|AC011290.2-201|processed_pseudogene	0	-	LOC100101126	823
chr7	39726866	39727789	ENSG00000236015[1,1,1]	0	-	39726866	39726866	0	1	923,	0,	chr7	39726916	39727739	retro_human_4087|AC011290.2-201|processed_pseudogene	0	-	LOC100101126	823
chr7	39767221	39767885	ENSG00000106540[1,1,1]	0	+	39767271	39767538	0	1	664,	0,	chr7	39767271	39767835	retro_human_1850|AC004837.1-201|processed_pseudogene	0	+	LOC646999,YAE1	564
chr7	39991074	39992322	ENSG00000233225[1,1,1]	0	+	39991074	39991074	0	1	1248,	0,	chr7	39990839	39991347	AC004987.1-201|processed_pseudogene	0	-	SSBP3P1,LOC100422519	273
chr7	39991074	39992322	ENSG00000233225[1,1,1]	0	+	39991074	39991074	0	1	1248,	0,	chr7	39991124	39992272	retro_human_1851|SSBP3P1-201|processed_pseudogene	0	+	SSBP3P1	1148
chr7	40011995	40012658	ENSG00000175741[1,1,1]	0	-	40011995	40011995	0	1	663,	0,	chr7	40012045	40012608	retro_human_2461|RWDD4P2-201|processed_pseudogene	0	-	RWDD4P2	563
chr7	40273088	40273447	ENSG00000270577[1,1,1]	0	+	40273088	40273088	0	1	359,	0,	chr7	40273138	40273397	retro_human_1853|AC006023.2-201|processed_pseudogene	0	+	HIGD1AP7	259
chr7	43925513	43925923	ENSG00000229497[1,1,1]	0	+	43925766	43925889	0	1	410,	0,	chr7	43925563	43925873	retro_human_7321|AC005189.1-201|processed_pseudogene	0	+	LOC107986727	310
chr7	46942723	46944893	ENSG00000242948[1,1,2]	0	+	46942723	46942723	0	1	2170,	0,	chr7	46944200	46944536	EPS15P1-201|transcribed_processed_pseudogene	0	+	EPS15P1	336
chr7	47214192	47215174	ENSG00000214754[1,1,1]	0	+	47214192	47214192	0	1	982,	0,	chr7	47214242	47215124	retro_human_1458|AC004870.1-201|processed_pseudogene	0	+	SRSF8CP	882
chr7	49419495	49420946	ENSG00000270763[1,1,1]	0	-	49419495	49419495	0	1	1451,	0,	chr7	49419545	49420896	DDX43P2-201|processed_pseudogene	0	-	DDX43P2	1351
chr7	51547573	51548412	ENSG00000228897[1,1,1]	0	-	51547573	51547573	0	1	839,	0,	chr7	51547623	51548362	AC012441.2-201|processed_pseudogene	0	-	LOC101928675	739
chr7	53349212	53350863	ENSG00000227344[1,1,1]	0	+	53349212	53349212	0	1	1651,	0,	chr7	53349262	53350813	retro_human_1461|HAUS6P1-201|processed_pseudogene	0	+	HAUS6P1	1551
chr7	54023809	54025016	ENSG00000235454[1,1,1]	0	+	54023809	54023809	0	1	1207,	0,	chr7	54023859	54024966	retro_human_7917|HAUS6P3-201|processed_pseudogene	0	+	HAUS6P3	1107
chr7	54580346	54581331	ENSG00000213673[1,1,1]	0	+	54580346	54580346	0	1	985,	0,	chr7	54580396	54581281	retro_human_7918|SLC25A5P3-201|processed_pseudogene	0	+	SLC25A5P3	885
chr7	54816239	54816716	ENSG00000232612[1,1,1]	0	+	54816239	54816239	0	1	477,	0,	chr7	54816289	54816666	retro_human_7920|RPL31P35-201|processed_pseudogene	0	+	RPL31P35	377
chr7	55093570	55098156	ENSG00000218586[1,1,1]	0	+	55093570	55093570	0	1	4586,	0,	chr7	55093620	55098106	retro_human_6902|AC006971.1-201|processed_pseudogene	0	+	LOC643168	4486
chr7	55805839	55807271	ENSG00000235207[1,1,1]	0	+	55805839	55805839	0	1	1432,	0,	chr7	55805889	55807221	retro_human_7931|TUBBP6-201|processed_pseudogene	0	+	TUBBP6	1332
chr7	64997784	64998074	ENSG00000227397[1,1,1]	0	+	64997784	64997784	0	1	290,	0,	chr7	64997834	64998024	AC079355.2-201|processed_pseudogene	0	+	LOC124906645	190
chr7	65116796	65118384	ENSG00000226342[1,1,1]	0	-	65116796	65116796	0	1	1588,	0,	chr7	65116846	65118334	retro_human_6155|NMD3P1-201|processed_pseudogene	0	-	NMD3P1	1488
chr7	65641655	65642518	ENSG00000232727[1,1,1]	0	+	65641655	65641655	0	1	863,	0,	chr7	65641705	65642468	retro_human_4293|YWHAEP1-201|processed_pseudogene	0	+	YWHAEP1	763
chr7	65707747	65708752	ENSG00000228653[1,1,1]	0	+	65707747	65707747	0	1	1005,	0,	chr7	65707797	65708702	retro_human_4290|HNRNPCP7-201|processed_pseudogene	0	+	HNRNPCP7,ZNF680	905
chr7	65776887	65777997	ENSG00000213642[1,1,1]	0	-	65776887	65776887	0	1	1110,	0,	chr7	65776937	65777947	retro_human_6153|AC016769.1-201|processed_pseudogene	0	-	LOC100129293	1010
chr7	65790177	65790752	ENSG00000224669[1,1,1]	0	+	65790177	65790177	0	1	575,	0,	chr7	65790227	65790702	retro_human_706|AC016769.2-201|processed_pseudogene	0	+	LOC641746	475
chr7	65873529	65918561	ENSG00000196247[1,1,4]	0	+	65873763	65916135	0	4	237,127,96,4756,	0,25193,25810,40276,	chr7	65886422	65894867	BNIP3P11-201|processed_pseudogene	0	-	BNIP3P11,ZNF107	8445
chr7	65873529	65917661	ENSG00000196247[1,1,12]	0	+	65873763	65916135	0	4	237,127,96,3856,	0,25193,25810,40276,	chr7	65886422	65894867	BNIP3P11-201|processed_pseudogene	0	-	BNIP3P11,ZNF107	8445
chr7	65873529	65915544	ENSG00000196247[1,1,11]	0	+	65914438	65914723	0	4	237,127,96,1739,	0,25193,25810,40276,	chr7	65886422	65894867	BNIP3P11-201|processed_pseudogene	0	-	BNIP3P11,ZNF107	8445
chr7	65873529	65914111	ENSG00000196247[1,1,10]	0	+	65873529	65873529	0	4	237,127,96,306,	0,25193,25810,40276,	chr7	65886422	65894867	BNIP3P11-201|processed_pseudogene	0	-	BNIP3P11,ZNF107	8445
chr7	65873529	65919113	ENSG00000196247[1,1,1]	0	+	65873763	65916135	0	4	237,127,96,5308,	0,25193,25810,40276,	chr7	65886422	65894867	BNIP3P11-201|processed_pseudogene	0	-	BNIP3P11,ZNF107	8445
chr7	65873529	65918561	ENSG00000196247[1,4,4]	0	+	65873763	65916135	0	3	237,127,4756,	0,25193,40276,	chr7	65886422	65894867	BNIP3P11-201|processed_pseudogene	0	-	BNIP3P11,ZNF107	8445
chr7	65873529	65915544	ENSG00000196247[1,4,11]	0	+	65914438	65914723	0	3	237,127,1739,	0,25193,40276,	chr7	65886422	65894867	BNIP3P11-201|processed_pseudogene	0	-	BNIP3P11,ZNF107	8445
chr7	65873529	65919113	ENSG00000196247[1,4,1]	0	+	65873763	65916135	0	3	237,127,5308,	0,25193,40276,	chr7	65886422	65894867	BNIP3P11-201|processed_pseudogene	0	-	BNIP3P11,ZNF107	8445
chr7	65873529	65914111	ENSG00000196247[1,2,10]	0	+	65873763	65886665	0	7	237,142,160,127,127,96,306,	0,2978,13116,24344,25193,25810,40276,	chr7	65886422	65894867	BNIP3P11-201|processed_pseudogene	0	-	BNIP3P11,ZNF107	8445
chr7	65873529	65919113	ENSG00000196247[1,3,1]	0	+	65899416	65916135	0	5	237,160,127,96,5308,	0,13116,25193,25810,40276,	chr7	65886422	65894867	BNIP3P11-201|processed_pseudogene	0	-	BNIP3P11,ZNF107	8445
chr7	65873529	65917661	ENSG00000196247[1,3,12]	0	+	65899416	65916135	0	5	237,160,127,96,3856,	0,13116,25193,25810,40276,	chr7	65886422	65894867	BNIP3P11-201|processed_pseudogene	0	-	BNIP3P11,ZNF107	8445
chr7	65873529	65915544	ENSG00000196247[1,3,11]	0	+	65914438	65914723	0	5	237,160,127,96,1739,	0,13116,25193,25810,40276,	chr7	65886422	65894867	BNIP3P11-201|processed_pseudogene	0	-	BNIP3P11,ZNF107	8445
chr7	65873529	65914111	ENSG00000196247[1,3,10]	0	+	65886667	65886802	0	5	237,160,127,96,306,	0,13116,25193,25810,40276,	chr7	65886422	65894867	BNIP3P11-201|processed_pseudogene	0	-	BNIP3P11,ZNF107	8445
chr7	65873529	65918561	ENSG00000196247[1,3,4]	0	+	65899416	65916135	0	5	237,160,127,96,4756,	0,13116,25193,25810,40276,	chr7	65886422	65894867	BNIP3P11-201|processed_pseudogene	0	-	BNIP3P11,ZNF107	8445
chr7	65886591	65919113	ENSG00000196247[5,14,1]	0	+	65899416	65916135	0	5	214,127,127,96,5308,	0,11282,12131,12748,27214,	chr7	65886422	65894867	BNIP3P11-201|processed_pseudogene	0	-	BNIP3P11,ZNF107	8276
chr7	65943370	65944281	ENSG00000224172[1,1,1]	0	-	65943370	65943370	0	1	911,	0,	chr7	65943420	65944231	retro_human_6159|AC091799.1-201|processed_pseudogene	0	-	LOC644387	811
chr7	66148357	66149241	ENSG00000270948[1,1,1]	0	-	66148357	66148357	0	1	884,	0,	chr7	66148407	66149191	MTDHP1-201|processed_pseudogene	0	-	MTDHP1	784
chr7	67292940	67293455	ENSG00000205596[1,1,1]	0	-	67292940	67292940	0	1	515,	0,	chr7	67292990	67293405	retro_human_371|AC068533.1-201|processed_pseudogene	0	-	LOC644667	415
chr7	67642999	67643588	ENSG00000231234[1,1,1]	0	-	67642999	67642999	0	1	589,	0,	chr7	67643049	67643538	retro_human_366|SKP1P1-201|transcribed_processed_pseudogene	0	-	SKP1P1	489
chr7	67724751	67725920	ENSG00000179342[1,1,1]	0	-	67724751	67724751	0	1	1169,	0,	chr7	67724801	67725870	retro_human_5734|AC008267.1-201|processed_pseudogene	0	-	LOC346329	1069
chr7	67773404	67773899	ENSG00000275400[1,1,1]	0	-	67773404	67773404	0	1	495,	0,	chr7	67773454	67773849	retro_human_5733|AC006001.4-201|processed_pseudogene	0	-	RABGEF1P1	395
chr7	67776488	67777062	ENSG00000177418[1,1,1]	0	-	67776488	67776488	0	1	574,	0,	chr7	67775865	67776715	retro_human_3351|SAPCD2P3-201|processed_pseudogene	0	+	SAPCD2P3	227
chr7	67776488	67777062	ENSG00000177418[1,1,1]	0	-	67776488	67776488	0	1	574,	0,	chr7	67776538	67777012	AC006001.1-201|processed_pseudogene	0	-	SAPCD2P3	474
chr7	67826336	67826806	ENSG00000225573[1,1,1]	0	-	67826336	67826336	0	1	470,	0,	chr7	67826386	67826756	retro_human_5732|RPL35P5-201|processed_pseudogene	0	-	RPL35P5	370
chr7	68122480	68126021	ENSG00000273142[1,1,1]	0	+	68122480	68122480	0	1	3541,	0,	chr7	68125003	68125722	retro_human_3353	0	+	LINC02604	719
chr7	68134204	68134667	ENSG00000179131[1,1,1]	0	+	68134204	68134204	0	1	463,	0,	chr7	68134254	68134617	retro_human_3352|AC073335.1-201|processed_pseudogene	0	+	RPL31P38	363
chr7	77210322	77211111	ENSG00000235090[1,1,1]	0	+	77210889	77211084	0	1	789,	0,	chr7	77210372	77211061	retro_human_8827|RPL7L1P3-201|processed_pseudogene	0	+	RPL7L1P3	689
chr7	77758593	77759590	ENSG00000233980[1,1,1]	0	-	77758593	77758593	0	1	997,	0,	chr7	77758643	77759540	retro_human_11228|FDPSP2-201|processed_pseudogene	0	-	FDPSP2	897
chr7	77929243	77929840	ENSG00000214243[1,1,1]	0	-	77929243	77929243	0	1	597,	0,	chr7	77929293	77929790	AC004980.2-201|processed_pseudogene	0	-	LOC124906604	497
chr7	78247043	78248197	ENSG00000231087[1,1,1]	0	-	78247043	78247043	0	1	1154,	0,	chr7	78247093	78248147	retro_human_11229|FDPSP7-201|processed_pseudogene	0	-	FDPSP7	1054
chr7	79738323	79738922	ENSG00000226230[1,1,1]	0	+	79738323	79738323	0	1	599,	0,	chr7	79738373	79738872	retro_human_10551|AC007237.1-201|processed_pseudogene	0	+	LOC100124402	499
chr7	86277609	86279574	ENSG00000224059[1,1,1]	0	+	86277609	86277609	0	1	1965,	0,	chr7	86277659	86279524	retro_human_10548|HSPA8P16-201|processed_pseudogene	0	+	HSPA8P16	1865
chr7	93683340	93683853	ENSG00000270453[1,1,1]	0	+	93683340	93683340	0	1	513,	0,	chr7	93683390	93683803	retro_human_5063|AC007566.2-201|processed_pseudogene	0	+	CHCHD4P1	413
chr7	94912097	94912449	ENSG00000237729[1,1,1]	0	-	94912097	94912097	0	1	352,	0,	chr7	94912147	94912399	retro_human_1128|AC002075.2-201|processed_pseudogene	0	-	RPS27P17	252
chr7	95081376	95081996	ENSG00000213483[1,1,1]	0	+	95081376	95081376	0	1	620,	0,	chr7	95081426	95081946	retro_human_10955|NDUFAF4P2-201|processed_pseudogene	0	+	NDUFAF4P2	520
chr7	95930862	95931756	ENSG00000232385[1,1,1]	0	-	95930862	95930862	0	1	894,	0,	chr7	95930912	95931705	retro_human_1126|RPS3AP25-201|processed_pseudogene	0	-	RPS3AP25	793
chr7	100681739	100682446	ENSG00000228335[1,1,1]	0	-	100681785	100682340	0	1	707,	0,	chr7	100681789	100682396	retro_human_6547|AC073063.1-201|processed_pseudogene	0	-	LOC100131859	607
chr7	100877518	100878144	ENSG00000224448[1,1,1]	0	-	100877518	100877518	0	1	626,	0,	chr7	100877568	100878094	retro_human_754|AC005020.1-201|processed_pseudogene	0	-	LOC442603	526
chr7	101810162	101811269	ENSG00000184414[1,1,1]	0	+	101810162	101810162	0	1	1107,	0,	chr7	101810212	101811219	IRS3P-201|processed_pseudogene	0	+	IRS3P	1007
chr7	102130025	102137111	ENSG00000087085[5,19,1]	0	-	102130298	102134316	255	6	392,170,485,1088,73,472,	0,1225,2392,3223,6441,6614,	chr7	102132405	102134199	retro_human_759	0	-	ACHE	1794
chr7	102130025	102137111	ENSG00000087085[5,18,1]	0	-	102130298	102134316	255	5	392,170,485,1091,472,	0,1225,2392,3223,6614,	chr7	102132405	102134199	retro_human_759	0	-	ACHE	1794
chr7	102130025	102136266	ENSG00000087085[3,16,1]	0	-	102130298	102134316	255	5	392,170,485,1091,121,	0,1225,2392,3223,6120,	chr7	102132405	102134199	retro_human_759	0	-	ACHE	1794
chr7	102130025	102137111	ENSG00000087085[5,17,1]	0	-	102130298	102134316	255	5	392,170,485,1088,472,	0,1225,2392,3223,6614,	chr7	102132405	102134199	retro_human_759	0	-	ACHE	1794
chr7	102130025	102136266	ENSG00000087085[3,15,1]	0	-	102130298	102134316	255	5	392,170,485,1091,378,	0,1225,2392,3223,5863,	chr7	102132405	102134199	retro_human_759	0	-	ACHE	1794
chr7	102130025	102136057	ENSG00000087085[1,15,1]	0	-	102130298	102134316	255	5	392,170,485,1091,169,	0,1225,2392,3223,5863,	chr7	102132405	102134199	retro_human_759	0	-	ACHE	1794
chr7	102130025	102136266	ENSG00000087085[3,3,1]	0	-	102130298	102134316	0	5	392,170,485,1088,121,	0,1225,2392,3223,6120,	chr7	102132405	102134199	retro_human_759	0	-	ACHE	1794
chr7	102130025	102136057	ENSG00000087085[1,4,1]	0	-	102130298	102134316	0	5	392,170,221,1088,169,	0,1225,2392,3223,5863,	chr7	102132405	102134199	retro_human_759	0	-	ACHE	1794
chr7	102130025	102134522	ENSG00000087085[2,2,1]	0	-	102130298	102134316	0	4	392,170,485,1274,	0,1225,2392,3223,	chr7	102132405	102134199	retro_human_759	0	-	ACHE	1794
chr7	102130025	102136057	ENSG00000087085[1,6,1]	0	-	102131042	102134316	0	5	1145,170,485,1091,169,	0,1225,2392,3223,5863,	chr7	102132405	102134199	retro_human_759	0	-	ACHE	1794
chr7	102130025	102136057	ENSG00000087085[1,5,1]	0	-	102131042	102134316	0	5	1145,170,485,1088,169,	0,1225,2392,3223,5863,	chr7	102132405	102134199	retro_human_759	0	-	ACHE	1794
chr7	102130025	102136266	ENSG00000087085[3,1,1]	0	-	102130298	102134316	0	5	392,170,485,1088,378,	0,1225,2392,3223,5863,	chr7	102132405	102134199	retro_human_759	0	-	ACHE	1794
chr7	102130025	102136057	ENSG00000087085[1,1,1]	0	-	102130298	102134316	0	5	392,170,485,1088,169,	0,1225,2392,3223,5863,	chr7	102132405	102134199	retro_human_759	0	-	ACHE	1794
chr7	102130242	102134367	ENSG00000087085[4,8,2]	0	-	102131411	102134316	0	3	175,170,1119,	0,1008,3006,	chr7	102132405	102134199	retro_human_759	0	-	ACHE	1794
chr7	102130747	102136057	ENSG00000087085[1,6,6]	0	-	102131042	102134316	0	5	423,170,485,1091,169,	0,503,1670,2501,5141,	chr7	102132405	102134199	retro_human_759	0	-	ACHE	1794
chr7	102130747	102136057	ENSG00000087085[1,5,6]	0	-	102131042	102134316	0	5	423,170,485,1088,169,	0,503,1670,2501,5141,	chr7	102132405	102134199	retro_human_759	0	-	ACHE	1794
chr7	104456419	104457110	ENSG00000224415[1,1,1]	0	-	104456472	104456835	0	1	691,	0,	chr7	104456469	104457060	retro_human_4525|AC007683.1-201|processed_pseudogene	0	-	RPL19P12	591
chr7	104662988	104663259	ENSG00000235354[1,1,1]	0	+	104663038	104663206	0	1	271,	0,	chr7	104663038	104663209	retro_human_2392|RPS29P16-201|processed_pseudogene	0	+	RPS29P16	171
chr7	105982064	105983992	ENSG00000197258[1,1,1]	0	+	105982114	105983107	0	1	1928,	0,	chr7	105982114	105983942	retro_human_2393|EIF4BP6-201|processed_pseudogene	0	+	EIF4BP6	1828
chr7	106616121	106616786	ENSG00000244490[1,1,1]	0	+	106616121	106616121	0	1	665,	0,	chr7	106616171	106616736	retro_human_3531|RWDD4P1-201|processed_pseudogene	0	+	RWDD4P1	565
chr7	106896415	106897514	ENSG00000231167[1,1,1]	0	-	106896787	106897123	0	1	1099,	0,	chr7	106896465	106897464	retro_human_4527|YBX1P2-201|processed_pseudogene	0	-	YBX1P2	999
chr7	108944637	108945735	ENSG00000250474[1,1,1]	0	+	108945087	108945441	0	1	1098,	0,	chr7	108944687	108945685	retro_human_4242|WBP1LP2-201|processed_pseudogene	0	+	WBP1LP2	998
chr7	118287265	118288112	ENSG00000213050[1,1,1]	0	-	118287265	118287265	0	1	847,	0,	chr7	118287315	118288062	retro_human_8896|TPM3P1-201|processed_pseudogene	0	-	TPM3P1	747
chr7	122366210	122366587	ENSG00000234927[1,1,1]	0	+	122366242	122366344	0	1	377,	0,	chr7	122366260	122366537	retro_human_4663|HMGN1P18-201|processed_pseudogene	0	+	HMGN1P18	277
chr7	123550405	123550878	ENSG00000213302[1,1,1]	0	+	123550405	123550405	0	1	473,	0,	chr7	123550455	123550828	retro_human_4661|AC015983.1-201|processed_pseudogene	0	+	RPL31P37	373
chr7	124166266	124166973	ENSG00000227573[1,1,1]	0	+	124166266	124166266	0	1	707,	0,	chr7	124166316	124166923	AC004986.1-201|processed_pseudogene	0	+	LOC100422456	607
chr7	129169466	129170203	ENSG00000240579[1,1,1]	0	-	129169466	129169466	0	1	737,	0,	chr7	129169516	129170153	retro_human_9364|AC006529.1-201|processed_pseudogene	0	-	LOC100196944	637
chr7	129618387	129619517	ENSG00000242261[1,1,1]	0	+	129618387	129618387	0	1	1130,	0,	chr7	129618437	129619467	retro_human_863|AC018635.1-201|processed_pseudogene	0	+	LOC100418961,RBM28	1030
chr7	129882409	129882956	ENSG00000213280[1,1,1]	0	-	129882409	129882409	0	1	547,	0,	chr7	129882459	129882906	retro_human_9361|AC090114.1-201|processed_pseudogene	0	-	RPS10P15	447
chr7	129963656	129964921	ENSG00000243302[1,1,1]	0	+	129963656	129963656	0	1	1265,	0,	chr7	129963706	129964871	AC018638.4-201|processed_pseudogene	0	+	LINC01000	1165
chr7	129965327	129965830	ENSG00000230715[1,1,1]	0	+	129965327	129965327	0	1	503,	0,	chr7	129965377	129965780	AC018638.2-201|processed_pseudogene	0	+	LINC01000	403
chr7	129966455	129967309	ENSG00000243679[1,1,1]	0	+	129966455	129966455	0	1	854,	0,	chr7	129966226	129966556	AC018638.1-201|processed_pseudogene	0	-	LINC01000	101
chr7	129966455	129967309	ENSG00000243679[1,1,1]	0	+	129966455	129966455	0	1	854,	0,	chr7	129966505	129967259	AC018638.5-201|processed_pseudogene	0	+	LINC01000	754
chr7	130368042	130370159	ENSG00000230359[1,1,2]	0	+	130368042	130368042	0	1	2117,	0,	chr7	130368092	130370109	retro_human_6687|TPI1P2-202|transcribed_processed_pseudogene	0	+	TPI1P2	2017
chr7	130368042	130370159	ENSG00000230359[1,1,2]	0	+	130368042	130368042	0	1	2117,	0,	chr7	130368888	130369640	TPI1P2-201|transcribed_processed_pseudogene	0	+	TPI1P2	752
chr7	130723029	130723387	ENSG00000238072[1,1,1]	0	-	130723029	130723029	0	1	358,	0,	chr7	130723079	130723337	retro_human_9357|AC009244.1-201|processed_pseudogene	0	-	CDC26P1	258
chr7	132979804	132980576	ENSG00000213261[1,1,1]	0	-	132979804	132979804	0	1	772,	0,	chr7	132979854	132980526	retro_human_3886|EEF1B2P6-201|processed_pseudogene	0	-	EEF1B2P6	672
chr7	134490761	134491961	ENSG00000237821[1,1,1]	0	-	134490761	134490761	0	1	1200,	0,	chr7	134490811	134491911	retro_human_3891|AC083873.1-201|processed_pseudogene	0	-	ST13P7	1100
chr7	136958190	136958735	ENSG00000271414[1,1,1]	0	+	136958190	136958190	0	1	545,	0,	chr7	136958240	136958685	retro_human_7910|AC093107.2-201|processed_pseudogene	0	+	LOC124901801	445
chr7	139713838	139714267	ENSG00000213237[1,1,1]	0	-	139713838	139713838	0	1	429,	0,	chr7	139713888	139714217	retro_human_9800|PTMAP10-201|processed_pseudogene	0	-	PTMAP10	329
chr7	139750333	139751982	ENSG00000214815[1,1,1]	0	+	139750333	139750333	0	1	1649,	0,	chr7	139750383	139751932	retro_human_1679|IMPDH1P3-201|processed_pseudogene	0	+	IMPDH1P3	1549
chr7	140485755	140487606	ENSG00000239254[1,1,1]	0	-	140485755	140485755	0	1	1851,	0,	chr7	140485805	140487556	retro_human_9797|AC009220.2-201|processed_pseudogene	0	-	LOC100499191	1751
chr7	141749434	141750006	ENSG00000103200[1,1,1]	0	-	141749434	141749434	0	1	572,	0,	chr7	141749484	141749956	retro_human_9805|AC069335.1-201|processed_pseudogene	0	-	LOC642355	472
chr7	143118250	143119356	ENSG00000224354[1,1,1]	0	-	143118250	143118250	0	1	1106,	0,	chr7	143118300	143119306	MTND2P5-201|processed_pseudogene	0	-	MTND2P5	1006
chr7	144888065	144888581	ENSG00000229977[1,1,1]	0	-	144888065	144888065	0	1	516,	0,	chr7	144888115	144888531	retro_human_4281|AC073264.1-201|processed_pseudogene	0	-	RPL26P22	416
chr7	146190638	146191771	ENSG00000214035[1,1,1]	0	+	146190638	146190638	0	1	1133,	0,	chr7	146190688	146191721	retro_human_8669|AC073310.1-201|processed_pseudogene	0	+	LOC402715	1033
chr7	146220269	146221312	ENSG00000225918[1,1,1]	0	-	146220269	146220269	0	1	1043,	0,	chr7	146220319	146221262	retro_human_10183|RPL7P59-201|processed_pseudogene	0	-	RPL7P59	943
chr7	149819082	149819591	ENSG00000213209[1,1,1]	0	+	149819082	149819082	0	1	509,	0,	chr7	149819132	149819541	retro_human_9725|AC005229.1-201|processed_pseudogene	0	+	LOC643438	409
chr7	150475811	150479135	ENSG00000244560[3,7,4]	0	+	150476038	150476815	255	2	1145,312,	0,3012,	chr7	150476464	150477054	retro_human_9098	0	+	LOC155060	590
chr7	150475811	150479135	ENSG00000244560[3,6,4]	0	+	150476038	150476675	0	3	374,644,312,	0,501,3012,	chr7	150476464	150477054	retro_human_9098	0	+	LOC155060	590
chr7	151662357	151663532	ENSG00000271582[1,1,1]	0	-	151662357	151662357	0	1	1175,	0,	chr7	151662407	151663482	retro_human_4699|AC073111.2-201|processed_pseudogene	0	-	EIF2AP1	1075
chr7	151690875	151692256	ENSG00000213205[1,1,1]	0	-	151690875	151690875	0	1	1381,	0,	chr7	151690925	151692206	retro_human_4696|STRADBP1-201|processed_pseudogene	0	-	STRADBP1	1281
chr7	151919750	151920686	ENSG00000177590[1,1,1]	0	-	151919750	151919750	0	1	936,	0,	chr7	151919800	151920636	retro_human_4695|GIMAP3P-201|processed_pseudogene	0	-	GIMAP3P	836
chr7	151922593	151923052	ENSG00000241134[1,1,1]	0	+	151922643	151922994	0	1	459,	0,	chr7	151922643	151923002	retro_human_8724|BET1P1-201|processed_pseudogene	0	+	BET1P1	359
chr7	152674655	152676340	ENSG00000240132[1,1,1]	0	+	152674655	152674655	0	1	1685,	0,	chr7	152674705	152676290	retro_human_8711|ETF1P2-201|processed_pseudogene	0	+	ETF1P2	1585
chr7	153301715	153302624	ENSG00000213188[1,1,1]	0	+	153301715	153301715	0	1	909,	0,	chr7	153301765	153302574	retro_human_8714|YBX1P4-201|processed_pseudogene	0	+	YBX1P4	809
chr7	153615387	153616122	ENSG00000241735[2,1,1]	0	+	153615387	153615387	0	1	735,	0,	chr7	153615437	153615845	retro_human_8706|FABP5P3-201|transcribed_processed_pseudogene	0	+	FABP5P3	408
chr7	153618322	153620096	ENSG00000020219[1,1,1]	0	+	153618322	153618322	0	1	1774,	0,	chr7	153618372	153620046	retro_human_8694|CCT8L1P-201|processed_pseudogene	0	+	CCT8L1P	1674
chr7	154317339	154317715	ENSG00000224104[1,1,1]	0	-	154317339	154317339	0	1	376,	0,	chr7	154317389	154317665	retro_human_10602|AC079809.1-201|processed_pseudogene	0	-	LOC124901802	276
chr7	158450811	158451119	ENSG00000224629[1,1,1]	0	-	158450811	158450811	0	1	308,	0,	chr7	158450861	158451069	retro_human_10594|AC004975.1-201|processed_pseudogene	0	-	RPL36AP30	208
chr7	159850369	159850731	ENSG00000224324[1,1,1]	0	-	159850369	159850369	0	1	362,	0,	chr7	159850419	159850681	retro_human_1962|THAP5P1-201|processed_pseudogene	0	-	THAP5P1	262
chr8	9912	10532	ENSG00000223508[1,1,1]	0	-	9912	9912	0	1	620,	0,	chr8	10027	10482	retro_human_5381|RPL23AP53-201|transcribed_processed_pseudogene	0	-	RPL23AP53	455
chr8	4540090	4541443	ENSG00000254244[1,1,1]	0	+	4540090	4540090	0	1	1353,	0,	chr8	4540140	4541393	retro_human_1957|PAICSP4-201|processed_pseudogene	0	+	PAICSP4	1253
chr8	5602346	5603442	ENSG00000253571[1,1,1]	0	+	5602346	5602346	0	1	1096,	0,	chr8	5602396	5603392	retro_human_1959|AC087369.1-201|processed_pseudogene	0	+	LOC392180	996
chr4	9549398	9550280	ENSG00000231930[1,1,1]	0	-	9550280	9550280	0	1	882,	0,	chr4	9549861	9550233	retro_human_2847|AC097493.1-201|processed_pseudogene	0	-	RPS24P11	372
chr8	6984257	6984703	ENSG00000255025[1,1,1]	0	-	6984257	6984257	0	1	446,	0,	chr8	6984307	6984653	AF228730.3-201|processed_pseudogene	0	-	VPS51P8	346
chr8	11689785	11690149	ENSG00000254889[1,1,1]	0	-	11689785	11689785	0	1	364,	0,	chr8	11689832	11690181	AC105233.1-1|processed_pseudogene	0	-	VPS51P16	317
chr8	10780280	10782969	ENSG00000233609[1,2,2]	0	-	10782969	10782969	0	3	621,96,105,	0,1295,2584,	chr8	10782061	10782362	retro_human_10061|RPL10P19-201|transcribed_processed_pseudogene	0	-	RPL10P19	301
chr8	7949872	7950354	ENSG00000227203[1,1,1]	0	-	7950354	7950354	0	1	482,	0,	chr8	7949922	7950304	retro_human_4982|SUB1P1-201|processed_pseudogene	0	-	SUB1P1	382
chr8	14288564	14289400	ENSG00000255437[1,1,1]	0	-	14288564	14288564	0	1	836,	0,	chr8	14288614	14289350	AC023538.1-201|processed_pseudogene	0	-	LOC100421160	736
chr8	16072398	16073632	ENSG00000250483[1,1,1]	0	-	16072398	16072398	0	1	1234,	0,	chr8	16072448	16073582	retro_human_9659|PPM1AP1-201|processed_pseudogene	0	-	TUSC3,PPM1AP1	1134
chr8	18352270	18363422	ENSG00000245281[2,2,6]	0	+	18352270	18352270	0	3	668,54,143,	0,2065,11009,	chr8	18356022	18357141	retro_human_4168|AC124242.2-201|processed_pseudogene	0	-	ABRAXAS1P2	1119
chr8	18355972	18357191	ENSG00000253384[1,1,1]	0	-	18355972	18355972	0	1	1219,	0,	chr8	18356022	18357141	retro_human_4168|AC124242.2-201|processed_pseudogene	0	-	ABRAXAS1P2	1119
chr8	18650741	18651485	ENSG00000244593[1,1,1]	0	-	18650741	18650741	0	1	744,	0,	chr8	18650791	18651435	retro_human_4167|AC025062.1-201|processed_pseudogene	0	-	RPL10AP11	644
chr8	23909810	23910539	ENSG00000253488[1,1,1]	0	-	23909810	23909810	0	1	729,	0,	chr8	23909860	23910489	SINHCAFP3-201|processed_pseudogene	0	-	SINHCAFP3	629
chr8	26655092	26659563	ENSG00000228451[2,3,3]	0	-	26655092	26655092	0	2	3334,616,	0,3855,	chr8	26655818	26659513	SDAD1P1-201|transcribed_processed_pseudogene	0	-	SDAD1P1	3695
chr8	26655092	26659563	ENSG00000228451[2,3,3]	0	-	26655092	26655092	0	2	3334,616,	0,3855,	chr8	26655951	26658079	SDAD1P1-202|transcribed_processed_pseudogene	0	-	SDAD1P1	2128
chr8	26655768	26659563	ENSG00000228451[2,3,2]	0	-	26655768	26655768	0	2	2658,616,	0,3179,	chr8	26655818	26659513	SDAD1P1-201|transcribed_processed_pseudogene	0	-	SDAD1P1	3695
chr8	26655768	26659563	ENSG00000228451[2,3,2]	0	-	26655768	26655768	0	2	2658,616,	0,3179,	chr8	26655951	26658079	SDAD1P1-202|transcribed_processed_pseudogene	0	-	SDAD1P1	2128
chr8	28577799	28578783	ENSG00000239198[1,1,1]	0	+	28577799	28577799	0	1	984,	0,	chr8	28577849	28578733	retro_human_6799|RPL5P22-201|processed_pseudogene	0	+	RPL5P22	884
chr8	30630726	30632472	ENSG00000127589[1,1,2]	0	+	30630726	30630726	0	1	1746,	0,	chr8	30630776	30632422	retro_human_6806|TUBBP1-202|transcribed_processed_pseudogene	0	+	TUBBP1	1646
chr8	30630726	30632472	ENSG00000127589[1,1,2]	0	+	30630726	30630726	0	1	1746,	0,	chr8	30630911	30632246	TUBBP1-201|transcribed_processed_pseudogene	0	+	TUBBP1	1335
chr8	33707408	33707941	ENSG00000254061[1,1,1]	0	-	33707458	33707677	0	1	533,	0,	chr8	33707458	33707891	AC091144.2-201|processed_pseudogene	0	-	LOC100507379	433
chr8	35149441	35150016	ENSG00000243181[1,1,1]	0	+	35149441	35149441	0	1	575,	0,	chr8	35149491	35149966	retro_human_198|AC087343.1-201|processed_pseudogene	0	+	RPL21P80	475
chr8	35801239	35801927	ENSG00000232024[1,1,1]	0	-	35801239	35801239	0	1	688,	0,	chr8	35801289	35801877	retro_human_2165|LSM12P1-201|processed_pseudogene	0	-	LSM12P1	588
chr8	38023684	38024451	ENSG00000233170[1,1,1]	0	-	38023684	38023684	0	1	767,	0,	chr8	38023734	38024401	retro_human_7606|AC138356.2-201|processed_pseudogene	0	-	LOC728024	667
chr8	38711266	38712684	ENSG00000239218[2,1,1]	0	-	38711341	38711548	0	1	1418,	0,	chr8	38711356	38711713	RPS20P22-201|transcribed_processed_pseudogene	0	-	RPS20P22	357
chr8	38711266	38711763	ENSG00000239218[1,1,1]	0	-	38711341	38711548	0	1	497,	0,	chr8	38711356	38711713	RPS20P22-201|transcribed_processed_pseudogene	0	-	RPS20P22	357
chr8	38877643	38878286	ENSG00000253570[1,1,1]	0	-	38877643	38877643	0	1	643,	0,	chr8	38877693	38878236	retro_human_7602|RNF5P1-201|processed_pseudogene	0	-	RNF5P1	543
chr8	41784880	41786262	ENSG00000253943[1,1,1]	0	+	41784880	41784880	0	1	1382,	0,	chr8	41784930	41786212	retro_human_5561|KRT18P37-201|processed_pseudogene	0	+	KRT18P37	1282
chr8	47532838	47533590	ENSG00000188873[1,1,1]	0	+	47532838	47532838	0	1	752,	0,	chr8	47532888	47533542	retro_human_5559|RPL10AP2-201|processed_pseudogene	0	+	RPL10AP2	654
chr8	47565014	47565370	ENSG00000254348[1,1,1]	0	+	47565014	47565014	0	1	356,	0,	chr8	47565064	47565320	AC120036.3-201|processed_pseudogene	0	+	LOC100287846,LOC124900251	256
chr8	47886719	47887927	ENSG00000253330[1,1,1]	0	-	47886719	47886719	0	1	1208,	0,	chr8	47886769	47887877	retro_human_8000|AC024451.2-201|processed_pseudogene	0	-	LOC100420054	1108
chr8	48762380	48762940	ENSG00000224594[1,1,1]	0	+	48762380	48762380	0	1	560,	0,	chr8	48762430	48762890	retro_human_573|RPL29P19-201|processed_pseudogene	0	+	RPL29P19	460
chr8	49295687	49299360	ENSG00000019549[1,2,2]	0	-	49297679	49299135	0	2	2624,304,	0,3369,	chr8	49297695	49298069	retro_human_8002	0	-	SNAI2	374
chr8	51233055	51233688	ENSG00000253340[1,1,1]	0	+	51233055	51233055	0	1	633,	0,	chr8	51233105	51233638	retro_human_575|AC087272.1-201|processed_pseudogene	0	+	LOC100128686	533
chr8	53602158	53628173	ENSG00000082556[1,1,1]	0	-	53605784	53627522	0	4	4156,353,305,241,	0,9084,25107,25774,	chr8	53605902	53611588	retro_human_2922	0	-	LOC105375836	5686
chr8	53605637	53627947	ENSG00000082556[2,2,2]	0	-	53605784	53627522	0	3	677,353,682,	0,5605,21628,	chr8	53605902	53611588	retro_human_2922	0	-	LOC105375836	5686
chr8	53770619	53771300	ENSG00000274295[1,1,1]	0	+	53770619	53770619	0	1	681,	0,	chr8	53770669	53771250	retro_human_570|AC131902.2-201|processed_pseudogene	0	+	LOC100421824	581
chr8	54264350	54264687	ENSG00000244159[1,1,1]	0	-	54264350	54264350	0	1	337,	0,	chr8	54264400	54264637	retro_human_2928|RPS27AP13-201|processed_pseudogene	0	-	RPS27AP13	237
chr8	54568824	54569379	ENSG00000270980[1,1,1]	0	-	54568824	54568824	0	1	555,	0,	chr8	54568874	54569329	retro_human_2927|AC060764.1-201|processed_pseudogene	0	-	CHCHD2P10	455
chr8	56427118	56428388	ENSG00000236814[1,1,1]	0	-	56427118	56427118	0	1	1270,	0,	chr8	56427168	56428338	retro_human_2929|AC046176.1-201|processed_pseudogene	0	-	PSMC6P1	1170
chr8	56854012	56855274	ENSG00000253541[1,1,1]	0	-	56854012	56854012	0	1	1262,	0,	chr8	56854062	56855224	retro_human_8365|SEPTIN10P1-201|processed_pseudogene	0	-	SEPTIN10P1	1162
chr8	56965597	56966100	ENSG00000241431[1,1,1]	0	+	56965597	56965597	0	1	503,	0,	chr8	56965647	56966050	retro_human_5951|RPL37P6-202|transcribed_processed_pseudogene	0	+	RPL37P6	403
chr8	56965597	56966100	ENSG00000241431[1,1,1]	0	+	56965597	56965597	0	1	503,	0,	chr8	56965669	56965963	RPL37P6-201|transcribed_processed_pseudogene	0	+	RPL37P6	294
chr8	56965844	56966100	ENSG00000241431[2,1,1]	0	+	56965844	56965844	0	1	256,	0,	chr8	56965647	56966050	retro_human_5951|RPL37P6-202|transcribed_processed_pseudogene	0	+	RPL37P6	206
chr8	56965844	56966100	ENSG00000241431[2,1,1]	0	+	56965844	56965844	0	1	256,	0,	chr8	56965669	56965963	RPL37P6-201|transcribed_processed_pseudogene	0	+	RPL37P6	119
chr8	59007456	59010864	ENSG00000035681[3,4,3]	0	-	59007598	59010690	0	3	310,84,255,	0,1319,3153,	chr8	59009577	59009922	retro_human_8693|AC068522.1-201|processed_pseudogene	0	-	RPS26P7	345
chr8	59009527	59009972	ENSG00000242970[1,1,1]	0	-	59009577	59009922	0	1	445,	0,	chr8	59009577	59009922	retro_human_8693|AC068522.1-201|processed_pseudogene	0	-	RPS26P7	345
chr8	61361419	61363687	ENSG00000255397[1,1,1]	0	-	61361419	61361419	0	1	2268,	0,	chr8	61361469	61363637	retro_human_8370|AC022182.3-201|processed_pseudogene	0	-	NASPP1	2168
chr8	61626032	61627006	ENSG00000213881[1,1,1]	0	+	61626032	61626032	0	1	974,	0,	chr8	61626082	61626956	retro_human_2493|NPM1P6-201|processed_pseudogene	0	+	NPM1P6	874
chr8	62567307	62568866	ENSG00000237810[1,1,1]	0	-	62567307	62567307	0	1	1559,	0,	chr8	62567357	62568816	retro_human_8372|AC104852.1-201|processed_pseudogene	0	-	LOC392226	1459
chr8	68720095	68720568	ENSG00000253964[1,1,1]	0	-	68720095	68720095	0	1	473,	0,	chr8	68720145	68720518	retro_human_3290|RPL31P40-201|processed_pseudogene	0	-	RPL31P40	373
chr8	69558117	69558957	ENSG00000254332[1,1,1]	0	+	69558117	69558117	0	1	840,	0,	chr8	69558159	69558907	retro_human_3055|AF201337.1-201|processed_pseudogene	0	+	TPM4P3	748
chr8	70703240	70703809	ENSG00000213003[1,1,1]	0	+	70703240	70703240	0	1	569,	0,	chr8	70703290	70703759	retro_human_9603|BTF3P12-201|processed_pseudogene	0	+	BTF3P12	469
chr8	74080965	74081379	ENSG00000254105[1,1,1]	0	+	74080965	74080965	0	1	414,	0,	chr8	74081015	74081329	retro_human_9607|VENTXP6-201|processed_pseudogene	0	+	VENTXP6	314
chr8	74411336	74411779	ENSG00000244295[1,1,1]	0	+	74411547	74411733	0	1	443,	0,	chr8	74411386	74411729	retro_human_9610|RPS20P21-201|processed_pseudogene	0	+	RPS20P21,TMEM70	343
chr8	74411562	74412088	ENSG00000244295[2,1,2]	0	+	74411874	74412036	0	1	526,	0,	chr8	74411386	74411729	retro_human_9610|RPS20P21-201|processed_pseudogene	0	+	RPS20P21,TMEM70	167
chr8	74413705	74414196	ENSG00000253833[1,1,1]	0	+	74413705	74413705	0	1	491,	0,	chr8	74413755	74414146	retro_human_4138|AC022868.1-201|processed_pseudogene	0	+	DSTNP3	391
chr8	75032646	75033747	ENSG00000253341[1,1,1]	0	-	75032646	75032646	0	1	1101,	0,	chr8	75032696	75033697	retro_human_626|AC115837.1-201|processed_pseudogene	0	-	PCBP2P2	1001
chr8	75731707	75732086	ENSG00000253229[1,1,1]	0	+	75731707	75731707	0	1	379,	0,	chr8	75731757	75732036	retro_human_4139|HIGD1AP6-201|processed_pseudogene	0	+	HIGD1AP6	279
chr8	79191574	79193964	ENSG00000253919[1,1,1]	0	-	79191845	79193714	0	1	2390,	0,	chr8	79191624	79193914	retro_human_622|THAP12P7-201|processed_pseudogene	0	-	THAP12P7	2290
chr8	80990408	80991396	ENSG00000188856[1,1,1]	0	+	80990408	80990408	0	1	988,	0,	chr8	80990458	80991346	retro_human_4135|RPSAP47-201|processed_pseudogene	0	+	RPSAP47	888
chr8	80999605	81000162	ENSG00000253760[1,1,1]	0	-	80999605	80999605	0	1	557,	0,	chr8	80999655	81000112	retro_human_6006|AC009812.2-201|processed_pseudogene	0	-	OCIAD2P1	457
chr8	81076466	81076801	ENSG00000254331[1,1,1]	0	-	81076513	81076750	0	1	335,	0,	chr8	81076516	81076751	retro_human_6007|CKS1BP7-201|processed_pseudogene	0	-	CKS1BP7	235
chr8	81243669	81244209	ENSG00000253516[1,1,1]	0	-	81243707	81243812	0	1	540,	0,	chr8	81243719	81244159	retro_human_6008|HMGB1P41-201|processed_pseudogene	0	-	HMGB1P41	440
chr8	82239402	82240457	ENSG00000231942[1,1,1]	0	+	82239402	82239402	0	1	1055,	0,	chr8	82239452	82240407	retro_human_9209|HNRNPA1P36-201|processed_pseudogene	0	+	HNRNPA1P36	955
chr8	88698871	88699882	ENSG00000253401[1,1,1]	0	-	88698871	88698871	0	1	1011,	0,	chr8	88698921	88699832	VTA1P2-201|processed_pseudogene	0	-	VTA1P2	911
chr8	92282171	92283735	ENSG00000253525[1,1,1]	0	+	92282474	92283458	0	1	1564,	0,	chr8	92282221	92283685	retro_human_3733|AC104966.1-201|processed_pseudogene	0	+	CPP	1464
chr8	93269141	93269589	ENSG00000233778[1,1,1]	0	-	93269141	93269141	0	1	448,	0,	chr8	93269191	93269539	retro_human_6051|AC104339.1-201|processed_pseudogene	0	-	RPS26P10	348
chr8	95082369	95082823	ENSG00000240509[1,1,1]	0	-	95082369	95082369	0	1	454,	0,	chr8	95082419	95082773	retro_human_6048|RPL34P18-201|processed_pseudogene	0	-	RPL34P18	354
chr8	98990501	98991033	ENSG00000243504[1,1,1]	0	+	98990501	98990501	0	1	532,	0,	chr8	98990551	98990983	retro_human_10448|RPS23P1-201|processed_pseudogene	0	+	RPS23P1	432
chr8	100029265	100030434	ENSG00000253415[1,1,1]	0	-	100029649	100029952	0	1	1169,	0,	chr8	100029315	100030384	AC016877.2-201|processed_pseudogene	0	-	LOC643494	1069
chr8	101289956	101290309	ENSG00000253299[1,1,1]	0	-	101289956	101289956	0	1	353,	0,	chr8	101290006	101290259	retro_human_6427|AC025647.1-201|processed_pseudogene	0	-	UFM1P3	253
chr8	102021433	102021881	ENSG00000212994[1,1,1]	0	+	102021433	102021433	0	1	448,	0,	chr8	102021483	102021831	retro_human_4954|RPS26P6-201|processed_pseudogene	0	+	RPS26P6	348
chr8	102494576	102495317	ENSG00000228224[2,1,1]	0	+	102494576	102494576	0	1	741,	0,	chr8	102494626	102495267	NACA4P-202|transcribed_processed_pseudogene	0	+	NACA4P	641
chr8	102997638	102998458	ENSG00000282989[1,1,1]	0	-	102997691	102998408	0	1	820,	0,	chr8	102997688	102998408	retro_human_1030|PDCL3P2-201|processed_pseudogene	0	-	PDCL3P2	720
chr8	104213538	104214578	ENSG00000253795[1,1,1]	0	+	104213538	104213538	0	1	1040,	0,	chr8	104213588	104214528	MTND1P5-201|processed_pseudogene	0	+	MTND1P5	940
chr8	104686643	104687034	ENSG00000255105[1,1,1]	0	-	104686643	104686643	0	1	391,	0,	chr8	104686693	104686984	PTMAP15-201|processed_pseudogene	0	-	PTMAP15	291
chr8	105693480	105693924	ENSG00000253454[1,1,1]	0	+	105693480	105693480	0	1	444,	0,	chr8	105693530	105693874	retro_human_10022|NDUFA5P2-201|processed_pseudogene	0	+	NDUFA5P2	344
chr8	107825496	107826183	ENSG00000253676[1,1,1]	0	-	107825496	107825496	0	1	687,	0,	chr8	107825546	107826133	retro_human_6863|TAGLN2P1-201|processed_pseudogene	0	-	TAGLN2P1	587
chr8	111233695	111234684	ENSG00000240590[1,1,1]	0	-	111233695	111233695	0	1	989,	0,	chr8	111233745	111234634	retro_human_6857|RPSAP48-201|processed_pseudogene	0	-	RPSAP48	889
chr8	120981562	120984794	ENSG00000136982[1,2,2]	0	-	120981883	120984644	0	2	508,332,	0,2900,	chr8	120982339	120982674	retro_human_4550	0	+	LOC105375728	335
chr8	122510308	122510737	ENSG00000239872[1,1,1]	0	-	122510308	122510308	0	1	429,	0,	chr8	122510358	122510687	retro_human_1419|RPL35AP19-201|processed_pseudogene	0	-	RPL35AP19	329
chr8	124483216	124483779	ENSG00000254388[1,1,1]	0	+	124483216	124483216	0	1	563,	0,	chr8	124483266	124483729	retro_human_13|DUTP2-201|processed_pseudogene	0	+	DUTP2	463
chr8	124531639	124533253	ENSG00000254294[1,1,1]	0	+	124531639	124531639	0	1	1614,	0,	chr8	124531689	124533203	retro_human_17|IMPDH1P6-201|processed_pseudogene	0	+	IMPDH1P6	1514
chr8	128213599	128214944	ENSG00000224722[1,1,1]	0	-	128213599	128213599	0	1	1345,	0,	chr8	128213649	128214894	AC020688.1-201|processed_pseudogene	0	-	SRRM1P1,PRNCR1	1245
chr8	128865666	128868462	ENSG00000136997[6,12,8]	0	+	128865716	128867865	255	2	807,611,	0,2185,	chr8	128868155	128868454	retro_human_5749	0	+	MYC	299
chr8	128865666	128868462	ENSG00000136997[6,11,8]	0	+	128865716	128868409	255	2	807,613,	0,2183,	chr8	128868155	128868454	retro_human_5749	0	+	MYC	299
chr8	134531819	134533021	ENSG00000225259[1,1,1]	0	+	134531819	134531819	0	1	1202,	0,	chr8	134531869	134532971	retro_human_10883|ST13P6-201|processed_pseudogene	0	+	ST13P6	1102
chr8	136743054	136743951	ENSG00000253915[1,1,1]	0	-	136743054	136743054	0	1	897,	0,	chr8	136743104	136743901	retro_human_7264|MAPRE1P1-201|processed_pseudogene	0	-	MAPRE1P1	797
chr8	146169979	146170734	ENSG00000254618[1,1,1]	0	+	146169979	146169979	0	1	755,	0,	chr8	146170029	146170684	retro_human_5380|TMED10P1-201|processed_pseudogene	0	+	TMED10P1	655
chr8	146177905	146181241	ENSG00000255559[1,1,1]	0	+	146177905	146177905	0	1	3336,	0,	chr8	146180705	146181051	retro_human_8251|AF235103.2-201|processed_pseudogene	0	-	ZNF252P-AS1	346
chr8	146225832	146226962	ENSG00000255000[1,1,1]	0	+	146225832	146225832	0	1	1130,	0,	chr8	146225882	146226912	AC139103.1-201|processed_pseudogene	0	+	LOC100419763	1030
chr9	4773679	4775058	ENSG00000270639[1,1,1]	0	-	4773679	4773679	0	1	1379,	0,	chr9	4773729	4775008	ECM1P1-201|processed_pseudogene	0	-	ECM1P1	1279
chr9	5115925	5117960	ENSG00000236567[1,1,1]	0	+	5117562	5117907	0	1	2035,	0,	chr9	5115975	5117910	retro_human_2382|TCF3P1-201|processed_pseudogene	0	+	TCF3P1	1935
chr9	6680143	6680575	ENSG00000232946[1,1,1]	0	+	6680143	6680143	0	1	432,	0,	chr9	6680193	6680525	retro_human_7842|AL354707.2-201|processed_pseudogene	0	+	RPL35AP20	332
chr9	7473529	7474905	ENSG00000230207[1,1,1]	0	-	7473529	7473529	0	1	1376,	0,	chr9	7473579	7474855	retro_human_10628|RPL4P5-201|processed_pseudogene	0	-	RPL4P5	1276
chr9	9102296	9102744	ENSG00000212829[1,1,1]	0	+	9102296	9102296	0	1	448,	0,	chr9	9102346	9102694	retro_human_7837|RPS26P3-201|processed_pseudogene	0	+	RPS26P3	348
chr9	14050171	14051417	ENSG00000223568[1,1,1]	0	-	14050171	14050171	0	1	1246,	0,	chr9	14050221	14051367	retro_human_4436|RPL3P11-201|processed_pseudogene	0	-	RPL3P11	1146
chr9	14931065	14932163	ENSG00000214110[1,1,1]	0	-	14931065	14931065	0	1	1098,	0,	chr9	14931115	14932113	retro_human_10629|LDHAP4-201|transcribed_processed_pseudogene	0	-	LDHAP4	998
chr9	15064816	15065912	ENSG00000234297[1,1,1]	0	+	15064816	15064816	0	1	1096,	0,	chr9	15064866	15065862	retro_human_2008|AL592293.2-201|processed_pseudogene	0	+	PSIP1P1	996
chr9	16787365	16787738	ENSG00000233551[1,1,1]	0	-	16787365	16787365	0	1	373,	0,	chr9	16787415	16787688	retro_human_5151|LSM1P1-201|processed_pseudogene	0	-	LSM1P1	273
chr9	20345180	20346112	ENSG00000237434[1,1,1]	0	+	20345180	20345180	0	1	932,	0,	chr9	20345230	20346062	retro_human_9015|AL512635.1-201|processed_pseudogene	0	+	SMNP	832
chr9	30574134	30574836	ENSG00000232060[1,1,1]	0	-	30574134	30574134	0	1	702,	0,	chr9	30574184	30574786	SLC4A1APP1-201|processed_pseudogene	0	-	SLC4A1APP1	602
chr9	30704378	30705646	ENSG00000215210[1,1,1]	0	+	30704378	30704378	0	1	1268,	0,	chr9	30704428	30705596	retro_human_3148|RBMXP2-201|processed_pseudogene	0	+	RBMXP2	1168
chr9	30847432	30847880	ENSG00000233278[1,1,1]	0	-	30847432	30847432	0	1	448,	0,	chr9	30847482	30847830	retro_human_3916|RPS26P2-201|processed_pseudogene	0	-	RPS26P2	348
chr9	32942584	32943085	ENSG00000223807[1,1,1]	0	+	32942584	32942584	0	1	501,	0,	chr9	32942634	32943034	retro_human_3144|BOLA3P4-201|processed_pseudogene	0	+	BOLA3P4	400
chr9	33036190	33036774	ENSG00000225693[1,1,1]	0	-	33036363	33036759	0	1	584,	0,	chr9	33036240	33036724	retro_human_9837|LAGE3P1-201|processed_pseudogene	0	-	LAGE3P1	484
chr9	33594853	33595588	ENSG00000234373[1,1,1]	0	+	33594853	33594853	0	1	735,	0,	chr9	33594903	33595538	SNX18P7-201|processed_pseudogene	0	+	SNX18P7	635
chr9	33642730	33643850	ENSG00000231991[1,1,1]	0	+	33642730	33642730	0	1	1120,	0,	chr9	33642780	33643800	retro_human_3142|ANXA2P2-201|processed_pseudogene	0	+	ANXA2P2	1020
chr9	33693616	33696060	ENSG00000237984[2,1,3]	0	-	33693616	33693616	0	1	2444,	0,	chr9	33692014	33696010	retro_human_9836|PTENP1-202|transcribed_processed_pseudogene	0	-	PTENP1	2394
chr9	33693616	33696060	ENSG00000237984[2,1,3]	0	-	33693616	33693616	0	1	2444,	0,	chr9	33693947	33695162	PTENP1-201|transcribed_processed_pseudogene	0	-	PTENP1	1215
chr9	33693897	33695212	ENSG00000237984[1,1,2]	0	-	33693897	33693897	0	1	1315,	0,	chr9	33692014	33696010	retro_human_9836|PTENP1-202|transcribed_processed_pseudogene	0	-	PTENP1	1315
chr9	33693897	33695212	ENSG00000237984[1,1,2]	0	-	33693897	33693897	0	1	1315,	0,	chr9	33693947	33695162	PTENP1-201|transcribed_processed_pseudogene	0	-	PTENP1	1215
chr9	33986617	33987165	ENSG00000226801[1,1,1]	0	-	33986694	33987135	0	1	548,	0,	chr9	33986667	33987115	retro_human_9835|OSTCP8-201|processed_pseudogene	0	-	OSTCP8	448
chr9	34210447	34210874	ENSG00000227383[1,1,1]	0	+	34210597	34210771	0	1	427,	0,	chr9	34210497	34210824	retro_human_3149|AL353662.1-201|processed_pseudogene	0	+	RPL35AP2	327
chr9	34336912	34338261	ENSG00000229207[1,1,1]	0	+	34336912	34336912	0	1	1349,	0,	chr9	34336962	34338211	retro_human_8595|SERPINH1P1-201|processed_pseudogene	0	+	SERPINH1P1	1249
chr9	35020473	35022226	ENSG00000273597[1,1,1]	0	-	35020473	35020473	0	1	1753,	0,	chr9	35020523	35022176	AL355377.1-201|processed_pseudogene	0	-	LOC100420114	1653
chr9	35029834	35030517	ENSG00000233148[1,1,1]	0	+	35029834	35029834	0	1	683,	0,	chr9	35029884	35030467	retro_human_7309|SYF2P2-201|processed_pseudogene	0	+	SYF2P2	583
chr9	35166559	35168434	ENSG00000215198[1,1,1]	0	-	35166559	35166559	0	1	1875,	0,	chr9	35166609	35168384	retro_human_4318|AL353795.1-201|processed_pseudogene	0	-	LOC730110	1775
chr9	35468844	35469549	ENSG00000244213[1,1,1]	0	+	35468844	35468844	0	1	705,	0,	chr9	35468894	35469499	retro_human_8598|ZFAND6P1-201|processed_pseudogene	0	+	ZFAND6P1,ATP8B5P	605
chr9	35613398	35613664	ENSG00000227852[1,1,1]	0	+	35613398	35613398	0	1	266,	0,	chr9	35613448	35613614	retro_human_8596|RPS29P17-201|processed_pseudogene	0	+	RPS29P17	166
chr9	35992967	35994042	ENSG00000213866[1,1,1]	0	-	35992967	35992967	0	1	1075,	0,	chr9	35993017	35993992	retro_human_4319|YBX1P10-201|processed_pseudogene	0	-	YBX1P10	975
chr9	37457819	37458329	ENSG00000236156[1,1,1]	0	+	37458138	37458276	0	1	510,	0,	chr9	37457869	37458279	retro_human_6060|CHCHD4P3-201|processed_pseudogene	0	+	CHCHD4P3	410
chr9	37500810	37502079	ENSG00000187988[1,1,1]	0	+	37500810	37500810	0	1	1269,	0,	chr9	37500860	37502029	retro_human_2770|KCTD9P3-201|processed_pseudogene	0	+	KCTD9P3	1169
chr9	37859898	37860349	ENSG00000232454[1,1,1]	0	+	37860103	37860301	0	1	451,	0,	chr9	37859948	37860299	retro_human_2771|AL138752.1-201|processed_pseudogene	0	+	MRPS10P5	351
chr9	37909542	37910350	ENSG00000213839[1,1,1]	0	+	37909542	37909542	0	1	808,	0,	chr9	37909592	37910300	retro_human_2773|TMX2P1-201|processed_pseudogene	0	+	TMX2P1,PAICSP1	708
chr9	38564720	38567038	ENSG00000273036[2,2,1]	0	-	38564720	38564720	0	3	325,107,531,	0,931,1787,	chr9	38566509	38566765	AL390726.4-202|transcribed_processed_pseudogene	0	-	CYP4F33P,FAM95C	256
chr9	39821434	39824302	ENSG00000278175[1,32,4]	0	-	39821434	39821434	0	3	1451,130,448,	0,2175,2420,	chr9	39823685	39824143	BX664615.1-201|processed_pseudogene	0	+	GLIDR	458
chr9	39821434	39824302	ENSG00000278175[1,24,4]	0	-	39821434	39821434	0	2	2305,448,	0,2420,	chr9	39823685	39824143	BX664615.1-201|processed_pseudogene	0	+	GLIDR	458
chr9	39821768	39824302	ENSG00000278175[1,32,12]	0	-	39821768	39821768	0	3	1117,130,448,	0,1841,2086,	chr9	39823685	39824143	BX664615.1-201|processed_pseudogene	0	+	GLIDR	458
chr9	39821768	39824302	ENSG00000278175[1,24,12]	0	-	39821768	39821768	0	2	1971,448,	0,2086,	chr9	39823685	39824143	BX664615.1-201|processed_pseudogene	0	+	GLIDR	458
chr9	39822631	39824302	ENSG00000278175[1,32,5]	0	-	39822631	39822631	0	3	254,130,448,	0,978,1223,	chr9	39823685	39824143	BX664615.1-201|processed_pseudogene	0	+	GLIDR	458
chr9	39822631	39824302	ENSG00000278175[1,24,5]	0	-	39822631	39822631	0	2	1108,448,	0,1223,	chr9	39823685	39824143	BX664615.1-201|processed_pseudogene	0	+	GLIDR	458
chr9	39823635	39824193	ENSG00000229273[1,1,1]	0	+	39823635	39823635	0	1	558,	0,	chr9	39823685	39824143	BX664615.1-201|processed_pseudogene	0	+	GLIDR	458
chr9	77149828	77171850	ENSG00000276291[1,22,13]	0	-	77171850	77171850	255	6	403,114,126,70,182,581,	0,2453,5190,19514,20782,21441,	chr9	77152248	77155088	retro_human_7402	0	-	LOC124906857	2840
chr9	77149828	77171850	ENSG00000276291[1,21,13]	0	-	77171850	77171850	255	7	403,114,126,170,70,182,581,	0,2453,5190,6588,19514,20782,21441,	chr9	77152248	77155088	retro_human_7402	0	-	LOC124906857	2840
chr9	40807484	40807912	ENSG00000278647[1,1,1]	0	+	40807484	40807484	0	1	428,	0,	chr9	40807532	40807899	retro_human_9860|CDK2AP2P2-201|processed_pseudogene	0	+	CDK2AP2P2,LOC128966772	367
chr9	43937857	43939289	ENSG00000268234[1,1,1]	0	+	43937857	43937857	0	1	1432,	0,	chr9	43937907	43939239	retro_human_5892|FKBP4P6-201|processed_pseudogene	0	+	FKBP4P6	1332
chr9	44119382	44122155	ENSG00000237357[1,2,1]	0	-	44119382	44119382	0	2	2302,375,	0,2398,	chr9	44121616	44122067	BX088651.1-201|processed_pseudogene	0	+	FAM88E	451
chr9	44119694	44122155	ENSG00000237357[1,1,2]	0	-	44119694	44119694	0	3	1117,130,375,	0,1842,2086,	chr9	44121616	44122067	BX088651.1-201|processed_pseudogene	0	+	FAM88E	451
chr9	44121566	44122117	ENSG00000212952[1,1,1]	0	+	44121566	44121566	0	1	551,	0,	chr9	44121616	44122067	BX088651.1-201|processed_pseudogene	0	+	FAM88E	451
chr9	39821768	39824267	ENSG00000226007[1,2,2]	0	-	39824267	39824267	0	3	1117,130,413,	0,1841,2086,	chr9	39823685	39824143	BX664615.1-201|processed_pseudogene	0	+	GLIDR	458
chr9	39821768	39824267	ENSG00000226007[1,3,2]	0	-	39824267	39824267	0	2	1971,413,	0,2086,	chr9	39823685	39824143	BX664615.1-201|processed_pseudogene	0	+	GLIDR	458
chr9	39823638	39824207	ENSG00000212951[1,1,1]	0	+	39824207	39824207	0	1	569,	0,	chr9	39823685	39824143	BX664615.1-201|processed_pseudogene	0	+	GLIDR	458
chr9	42935508	42936514	ENSG00000235832[1,1,1]	0	+	42936514	42936514	0	1	1006,	0,	chr9	42935558	42936464	retro_human_3938|CNN2P3-201|processed_pseudogene	0	+	CNN2P3	906
chr9	77779943	77780949	ENSG00000278068[1,1,1]	0	+	77779943	77779943	0	1	1006,	0,	chr9	77779993	77780899	retro_human_1152|AL136317.3-1|processed_pseudogene	0	+	LOC128966633	906
chr9	78748577	78749149	ENSG00000274355[1,1,1]	0	-	78748577	78748577	0	1	572,	0,	chr9	78748627	78749099	FAM74A3-201|transcribed_processed_pseudogene	0	-	FAM74A3	472
chr9	79508323	79509282	ENSG00000278763[2,2,1]	0	-	79508323	79508323	255	2	253,144,	0,815,	chr9	79508373	79508586	FAM27B-201|processed_pseudogene	0	-	FAM27B	213
chr9	79508323	79508636	ENSG00000278763[1,1,1]	0	-	79508323	79508323	0	1	313,	0,	chr9	79508373	79508586	FAM27B-201|processed_pseudogene	0	-	FAM27B	213
chr9	83740010	83740443	ENSG00000229814[1,1,1]	0	+	83740010	83740010	0	1	433,	0,	chr9	83740060	83740393	retro_human_770|RPL35AP21-201|processed_pseudogene	0	+	RPL35AP21	333
chr9	83954656	83955300	ENSG00000271166[1,1,1]	0	+	83954656	83954656	0	1	644,	0,	chr9	83954706	83955250	retro_human_769|AL671309.1-201|processed_pseudogene	0	+	LOC100420790	544
chr9	84158470	84158826	ENSG00000236060[1,1,1]	0	-	84158470	84158470	0	1	356,	0,	chr9	84158520	84158776	retro_human_6994|HSPB1P1-201|processed_pseudogene	0	-	HSPB1P1	256
chr9	84258621	84259216	ENSG00000224820[1,1,1]	0	-	84258621	84258621	0	1	595,	0,	chr9	84258671	84259166	retro_human_6993|BTF3P4-201|processed_pseudogene	0	-	BTF3P4	495
chr9	88555218	88556206	ENSG00000234618[1,1,1]	0	+	88555218	88555218	0	1	988,	0,	chr9	88555268	88556156	retro_human_7375|RPSAP9-201|processed_pseudogene	0	+	RPSAP9	888
chr9	90376199	90376537	ENSG00000234819[1,1,1]	0	+	90376199	90376199	0	1	338,	0,	chr9	90376249	90376487	retro_human_7380|AL353705.4-201|processed_pseudogene	0	+	LOC107987082	238
chr9	91549630	91550186	ENSG00000186940[1,1,1]	0	+	91549630	91549630	0	1	556,	0,	chr9	91549680	91550136	retro_human_1914|CHCHD2P9-201|processed_pseudogene	0	+	CHCHD2P9	456
chr9	99237833	99238924	ENSG00000224887[1,1,1]	0	-	99237833	99237833	0	1	1091,	0,	chr9	99237883	99238874	retro_human_6588|AL513318.1-201|processed_pseudogene	0	-	NFYCP2	991
chr9	99678714	99678988	ENSG00000219928[1,1,1]	0	+	99678764	99678935	0	1	274,	0,	chr9	99678764	99678938	retro_human_6976|AL161787.1-201|processed_pseudogene	0	+	RPS29P18	174
chr9	100170346	100170940	ENSG00000217716[1,1,1]	0	+	100170346	100170346	0	1	594,	0,	chr9	100170396	100170890	retro_human_6970|RPS10P3-201|processed_pseudogene	0	+	RPS10P3	494
chr9	100298883	100299983	ENSG00000276535[1,1,1]	0	-	100298883	100298883	0	1	1100,	0,	chr9	100298933	100299933	retro_human_6590|AL353726.1-201|processed_pseudogene	0	-	LOC100129202	1000
chr9	101613212	101614516	ENSG00000231799[1,1,1]	0	+	101613212	101613212	0	1	1304,	0,	chr9	101613262	101614466	retro_human_1507|PA2G4P6-201|processed_pseudogene	0	+	PA2G4P6	1204
chr9	104270861	104271988	ENSG00000275756[1,1,1]	0	+	104270861	104270861	0	1	1127,	0,	chr9	104270911	104271938	AL354751.3-201|processed_pseudogene	0	+	LOC100420896	1027
chr9	104337697	104340051	ENSG00000224809[1,1,1]	0	+	104337697	104337697	0	1	2354,	0,	chr9	104337747	104340001	retro_human_8162|BEND3P2-201|processed_pseudogene	0	+	BEND3P2	2254
chr9	104843459	104844024	ENSG00000213669[1,1,1]	0	-	104843459	104843459	0	1	565,	0,	chr9	104843509	104843974	retro_human_786|AL137074.1-201|processed_pseudogene	0	-	RPL21P86	465
chr9	106205716	106206132	ENSG00000227666[1,1,1]	0	+	106205773	106205959	0	1	416,	0,	chr9	106205766	106206082	retro_human_8160|CYCSP24-201|processed_pseudogene	0	+	CYCSP24	316
chr9	106516797	106517227	ENSG00000282886[1,1,1]	0	-	106516797	106516797	0	1	430,	0,	chr9	106516847	106517177	PTMAP12-201|processed_pseudogene	0	-	PTMAP12	330
chr9	107292879	107293327	ENSG00000223849[1,1,1]	0	+	107292879	107292879	0	1	448,	0,	chr9	107292929	107293277	retro_human_8165|AL354893.1-201|processed_pseudogene	0	+	RPS26P37	348
chr9	108317314	108319264	ENSG00000224546[1,1,1]	0	+	108317314	108317314	0	1	1950,	0,	chr9	108317364	108319214	retro_human_8157|EIF4BP3-201|processed_pseudogene	0	+	EIF4BP3	1850
chr9	108578953	108579567	ENSG00000238251[1,1,1]	0	+	108578953	108578953	0	1	614,	0,	chr9	108579003	108579517	retro_human_2652|NSA2P7-201|processed_pseudogene	0	+	NSA2P7	514
chr9	108898453	108899293	ENSG00000233820[2,1,2]	0	+	108898453	108898453	0	1	840,	0,	chr9	108897663	108899017	retro_human_2651|AL589843.2-201|transcribed_processed_pseudogene	0	+	LOC441455	564
chr9	108898453	108899293	ENSG00000233820[2,1,2]	0	+	108898453	108898453	0	1	840,	0,	chr9	108898503	108899243	AL589843.2-202|transcribed_processed_pseudogene	0	+	LOC441455	740
chr9	109081815	109082245	ENSG00000269907[1,1,1]	0	+	109081815	109081815	0	1	430,	0,	chr9	109081865	109082195	retro_human_2648|PTMAP11-201|processed_pseudogene	0	+	PTMAP11	330
chr9	109090667	109091158	ENSG00000227257[1,1,1]	0	+	109090667	109090667	0	1	491,	0,	chr9	109090717	109091108	AL158827.1-201|processed_pseudogene	0	+	LOC107987024	391
chr9	109239474	109240454	ENSG00000197214[1,1,1]	0	+	109239474	109239474	0	1	980,	0,	chr9	109239524	109240404	retro_human_2650|TCEA1P1-201|processed_pseudogene	0	+	TCEA1P1	880
chr9	109247970	109249426	ENSG00000228376[1,1,2]	0	-	109247970	109247970	0	1	1456,	0,	chr9	109248020	109249376	GAS2L1P2-201|transcribed_processed_pseudogene	0	-	GAS2L1P2	1356
chr9	109323613	109324514	ENSG00000277103[1,1,1]	0	-	109323613	109323613	0	1	901,	0,	chr9	109323663	109324464	AL445670.1-201|processed_pseudogene	0	-	LOC112268050	801
chr9	109370022	109371331	ENSG00000188801[1,1,1]	0	-	109370022	109370022	0	1	1309,	0,	chr9	109370072	109371281	retro_human_6189|ZNF322P1-201|processed_pseudogene	0	-	ZNF322P1	1209
chr9	111476810	111478346	ENSG00000255815[1,1,1]	0	+	111476810	111476810	0	1	1536,	0,	chr9	111476860	111478296	retro_human_9147|KRT8P11-201|processed_pseudogene	0	+	KRT8P11	1436
chr9	112169879	112170748	ENSG00000234709[1,1,1]	0	-	112169932	112170274	0	1	869,	0,	chr9	112169929	112170698	retro_human_6188|UPF3AP3-201|transcribed_processed_pseudogene	0	-	UPF3AP3	769
chr9	112346895	112347872	ENSG00000231697[1,1,1]	0	+	112347195	112347414	0	1	977,	0,	chr9	112346945	112347822	retro_human_9146|NANOGP5-201|transcribed_processed_pseudogene	0	+	NANOGP5	877
chr9	119293068	119293897	ENSG00000225531[1,1,1]	0	+	119293068	119293068	0	1	829,	0,	chr9	119293118	119293847	retro_human_9528|AL807761.2-201|processed_pseudogene	0	+	LOC100128086	729
chr9	120208710	120209190	ENSG00000213557[1,1,1]	0	+	120208710	120208710	0	1	480,	0,	chr9	120208760	120209140	retro_human_9530|AC068050.1-201|processed_pseudogene	0	+	RPL31P43	380
chr9	120795976	120796394	ENSG00000169253[1,1,1]	0	+	120795976	120795976	0	1	418,	0,	chr9	120796026	120796344	retro_human_9533|AL669983.1-201|processed_pseudogene	0	+	RPL36P14	318
chr9	123696490	123699454	ENSG00000173258[1,2,2]	0	+	123698779	123699313	0	2	154,803,	0,2161,	chr9	123698882	123699229	retro_human_3671	0	+	ZNF483	347
chr9	124344628	124345178	ENSG00000225513[1,1,1]	0	-	124344906	124345128	0	1	550,	0,	chr9	124344678	124345128	retro_human_20|AL158824.1-201|processed_pseudogene	0	-	RPL29P20	450
chr9	124533850	124534353	ENSG00000213529[1,1,1]	0	+	124533850	124533850	0	1	503,	0,	chr9	124533900	124534303	retro_human_3670|AL359073.1-201|processed_pseudogene	0	+	RPL32P22	403
chr9	125794022	125796394	ENSG00000138835[21,31,1]	0	+	125794306	125795551	0	2	344,1026,	0,1346,	chr9	125795375	125795632	retro_human_3668	0	+	RGS3	257
chr9	126049219	126050265	ENSG00000232905[1,1,1]	0	-	126049219	126049219	0	1	1046,	0,	chr9	126049269	126050215	retro_human_5646|AL162393.1-201|processed_pseudogene	0	-	LOC100132609	946
chr9	130276722	130277336	ENSG00000234782[1,1,1]	0	-	130276722	130276722	0	1	614,	0,	chr9	130276772	130277286	retro_human_287|TPT1P9-201|processed_pseudogene	0	-	TPT1P9	514
chr9	132916778	132918176	ENSG00000238181[1,1,1]	0	+	132916778	132916778	0	1	1398,	0,	chr9	132916828	132918126	retro_human_8346|AHCYP2-201|processed_pseudogene	0	+	AHCYP2	1298
chr9	133715799	133716508	ENSG00000213467[1,1,1]	0	-	133715799	133715799	0	1	709,	0,	chr9	133715849	133716458	retro_human_288|HMGB1P37-201|processed_pseudogene	0	-	HMGB1P37	609
chr9	134883206	134885746	ENSG00000226783[1,1,1]	0	+	134883206	134883206	0	1	2540,	0,	chr9	134883256	134885696	retro_human_8347|TLK1P1-201|processed_pseudogene	0	+	TLK1P1	2440
chr9	135226571	135227052	ENSG00000213216[1,1,1]	0	-	135226571	135226571	0	1	481,	0,	chr9	135226621	135227002	retro_human_5246|AC007066.1-201|processed_pseudogene	0	-	RPS25P8	381
chr9	136040879	136041630	ENSG00000234881[1,1,1]	0	+	136040879	136040879	0	1	751,	0,	chr9	136040929	136041580	retro_human_2499|PIGFP2-201|processed_pseudogene	0	+	PIGFP2	651
chr9	137348944	137349981	ENSG00000232630[1,1,1]	0	+	137348944	137348944	0	1	1037,	0,	chr9	137348994	137349931	retro_human_8702|PRPS1P2-201|processed_pseudogene	0	+	PRPS1P2	937
chr9	137462080	137462426	ENSG00000214593[1,1,1]	0	-	137462080	137462080	0	1	346,	0,	chr9	137462130	137462376	retro_human_5250|AL354710.1-201|processed_pseudogene	0	-	RPS10P17	246
chr9	137795521	137796581	ENSG00000214761[1,1,1]	0	+	137795521	137795521	0	1	1060,	0,	chr9	137795571	137796531	retro_human_8701|HNRNPA1P15-201|processed_pseudogene	0	+	HNRNPA1P15	960
chr7	22646447	22647936	ENSG00000196205[1,1,1]	0	-	22647936	22647936	0	1	1489,	0,	chr7	22646501	22647886	retro_human_3236|EEF1A1P6-201|processed_pseudogene	0	-	EEF1A1P6	1385
chr9	145552866	145553442	ENSG00000230064[1,1,1]	0	+	145552866	145552866	0	1	576,	0,	chr9	145552916	145553392	retro_human_10773|AL772161.1-201|processed_pseudogene	0	+	RPL21P81,MED22	476
chr9	149892617	149893279	ENSG00000233998[1,1,1]	0	-	149892617	149892617	0	1	662,	0,	chr9	149892667	149893229	retro_human_4869|SETP5-201|processed_pseudogene	0	-	SETP5,EHMT1	562
chr9	150045989	150047115	ENSG00000255585[1,1,2]	0	-	150045989	150045989	0	1	1126,	0,	chr9	150046039	150047065	AL590627.1-203|transcribed_processed_pseudogene	0	-	LOC100418938,EHMT1	1026
chr9	150045989	150047115	ENSG00000255585[1,1,2]	0	-	150045989	150045989	0	1	1126,	0,	chr9	150042447	150046568	AL590627.1-202|transcribed_processed_pseudogene	0	-	LOC651337	579
chrX	5974347	5975057	ENSG00000237730[1,1,1]	0	-	5974347	5974347	0	1	710,	0,	chrX	5974397	5975007	retro_human_4558|AC078991.1-201|processed_pseudogene	0	-	RPS5P8	610
chrX	9400726	9402057	ENSG00000215319[1,1,1]	0	-	9400726	9400726	0	1	1331,	0,	chrX	9400776	9402007	retro_human_4194|EIF5P1-201|processed_pseudogene	0	-	EIF5P1	1231
chrX	11286619	11288187	ENSG00000223418[1,1,1]	0	-	11286619	11286619	0	1	1568,	0,	chrX	11286669	11288137	retro_human_4921|AC004554.1-201|processed_pseudogene	0	-	LIMK2P1	1468
chrX	13824566	13825213	ENSG00000233247[1,1,1]	0	+	13824566	13824566	0	1	647,	0,	chrX	13824616	13825163	retro_human_10964|AC002524.1-201|processed_pseudogene	0	+	UBE2E4P	547
chrX	15781884	15782846	ENSG00000215313[1,1,1]	0	-	15781884	15781884	0	1	962,	0,	chrX	15781934	15782796	retro_human_11065|RPL6P30-201|processed_pseudogene	0	-	RPL6P30	862
chrX	17515906	17517481	ENSG00000225066[1,1,1]	0	+	17515906	17515906	0	1	1575,	0,	chrX	17515956	17517431	retro_human_5460|Z93929.1-201|processed_pseudogene	0	+	MDM4P1	1475
chrX	22659247	22660357	ENSG00000174028[1,1,1]	0	+	22659247	22659247	0	2	632,149,	0,961,	chrX	22659297	22660307	retro_human_90|FAM3C2-201|processed_pseudogene	0	+	FAM3C2P	1010
chrX	24013683	24014131	ENSG00000225071[1,1,1]	0	-	24013683	24013683	0	1	448,	0,	chrX	24013733	24014081	retro_human_9589|AC004552.1-201|processed_pseudogene	0	-	RPS26P58	348
chrX	24613733	24614524	ENSG00000214111[1,1,1]	0	+	24613733	24613733	0	1	791,	0,	chrX	24613783	24614474	retro_human_92|AC002504.1-201|processed_pseudogene	0	+	PAFAH1B2P1	691
chrX	25229935	25230641	ENSG00000228519[1,1,1]	0	-	25229935	25229935	0	1	706,	0,	chrX	25229985	25230591	retro_human_9597|AC097263.1-201|processed_pseudogene	0	-	RANBP1P1	606
chrX	29896678	29901702	ENSG00000169297[1,1,3]	0	-	29896841	29901625	0	2	405,1245,	0,3779,	chrX	29900381	29900896	retro_human_10795	0	-	NR0B1	515
chrX	29896678	29901702	ENSG00000169297[1,2,3]	0	-	29898083	29901625	0	2	1437,1245,	0,3779,	chrX	29900381	29900896	retro_human_10795	0	-	NR0B1	515
chrX	29897883	29900800	ENSG00000169297[2,2,2]	0	-	29898083	29900740	0	2	232,343,	0,2574,	chrX	29900381	29900896	retro_human_10795	0	-	NR0B1	419
chrX	30222349	30222977	ENSG00000232368[1,1,1]	0	+	30222349	30222349	0	1	628,	0,	chrX	30222399	30222927	retro_human_6270|FTLP2-201|processed_pseudogene	0	+	FTLP2	528
chrX	31804030	31804967	ENSG00000236285[1,1,1]	0	+	31804030	31804030	0	1	937,	0,	chrX	31804080	31804917	retro_human_6273|NPM1P8-201|processed_pseudogene	0	+	NPM1P8	837
chrX	32639756	32640183	ENSG00000226781[1,1,1]	0	+	32639756	32639756	0	1	427,	0,	chrX	32639806	32640133	retro_human_6272|TBCAP1-201|processed_pseudogene	0	+	TBCAP1	327
chrX	35221130	35222153	ENSG00000230227[1,1,1]	0	+	35221130	35221130	0	1	1023,	0,	chrX	35221180	35222103	retro_human_6264|SIAH1P1-201|processed_pseudogene	0	+	SIAH1P1	923
chrX	35306400	35307532	ENSG00000233663[1,1,1]	0	+	35306400	35306400	0	1	1132,	0,	chrX	35306450	35307482	AL161722.1-201|processed_pseudogene	0	+	LOC100420325	1032
chrX	35806802	35807442	ENSG00000229384[1,1,1]	0	+	35807157	35807397	0	1	640,	0,	chrX	35806852	35807392	retro_human_5400|HMGB1P16-201|processed_pseudogene	0	+	HMGB1P16	540
chrX	36557925	36559255	ENSG00000223723[1,1,1]	0	-	36557925	36557925	0	1	1330,	0,	chrX	36557975	36559205	retro_human_5363|BX842568.2-201|processed_pseudogene	0	-	TFDP1P2	1230
chrX	36845027	36845673	ENSG00000241607[1,1,1]	0	+	36845077	36845554	0	1	646,	0,	chrX	36845078	36845626	retro_human_876	0	+	LOC100420326,PRRG1	548
chrX	36895521	36896149	ENSG00000219186[1,1,1]	0	+	36895803	36895968	0	1	628,	0,	chrX	36895571	36896090	retro_human_873	0	+	FTH1P19	519
chrX	36908810	36909461	ENSG00000234355[1,1,1]	0	+	36908977	36909280	0	1	651,	0,	chrX	36908885	36909393	retro_human_874	0	+	FTH1P27	508
chrX	37103527	37103900	ENSG00000285944[1,1,1]	0	+	37103715	37103895	0	1	373,	0,	chrX	37103596	37103835	retro_human_871	0	+	H2AL1MP,XK	239
chrX	39187261	39188366	ENSG00000228232[1,1,1]	0	-	39187261	39187261	0	1	1105,	0,	chrX	39187311	39188316	retro_human_1690|GAPDHP1-201|processed_pseudogene	0	-	GAPDHP1	1005
chrX	40336112	40337095	ENSG00000216866[1,1,1]	0	-	40336112	40336112	0	1	983,	0,	chrX	40336162	40337045	retro_human_7111|RPS2P55-201|processed_pseudogene	0	-	RPS2P55	883
chrX	40876301	40876791	ENSG00000225238[1,1,1]	0	-	40876301	40876301	0	1	490,	0,	chrX	40876351	40876741	Z93015.1-201|processed_pseudogene	0	-	GEMIN7P1	390
chrX	41080635	41081470	ENSG00000217624[1,1,1]	0	-	41080685	41081420	0	1	835,	0,	chrX	41080685	41081420	retro_human_8400|AL627402.1-201|processed_pseudogene	0	-	YWHAZP10	735
chrX	41503650	41504170	ENSG00000228847[1,1,1]	0	-	41503650	41503650	0	1	520,	0,	chrX	41503700	41504120	retro_human_7100|ATP5MC2P4-201|processed_pseudogene	0	-	ATP5MC2P4	420
chrX	43435548	43437238	ENSG00000214019[1,1,1]	0	+	43435548	43435548	0	1	1690,	0,	chrX	43435598	43437188	retro_human_1468|AL034370.1-201|processed_pseudogene	0	+	RBM39P1	1590
chrX	43715577	43716840	ENSG00000214018[1,1,1]	0	-	43716116	43716647	0	1	1263,	0,	chrX	43715627	43716790	retro_human_7129|RRM2P3-201|processed_pseudogene	0	-	RRM2P3	1163
chrX	45695245	45696458	ENSG00000229145[1,1,1]	0	-	45695245	45695245	0	1	1213,	0,	chrX	45695295	45696408	retro_human_4966|ACTBP1-201|processed_pseudogene	0	-	ACTBP1	1113
chrX	45846644	45847750	ENSG00000235587[1,1,1]	0	-	45846644	45846644	0	1	1106,	0,	chrX	45846694	45847700	retro_human_10405|GAPDHP65-201|processed_pseudogene	0	-	GAPDHP65	1006
chrX	46053510	46054347	ENSG00000213997[1,1,1]	0	-	46053802	46053982	0	1	837,	0,	chrX	46053560	46054297	retro_human_9915|PGAM1P7-201|processed_pseudogene	0	-	PGAM1P7	737
chrX	46922440	46923422	ENSG00000235636[1,1,1]	0	-	46922440	46922440	0	1	982,	0,	chrX	46922490	46923372	retro_human_4873|NUS1P1-201|processed_pseudogene	0	-	NUS1P1	882
chrX	47992046	47992393	ENSG00000220125[1,1,1]	0	-	47992046	47992046	0	1	347,	0,	chrX	47992096	47992343	MRPL32P1-201|processed_pseudogene	0	-	MRPL32P1	247
chrX	48186445	48187523	ENSG00000233585[2,1,2]	0	-	48186445	48186445	0	1	1078,	0,	chrX	48186146	48186646	retro_human_5244|AC231533.2-201|transcribed_processed_pseudogene	0	-	ACAA2P1	201
chrX	48186445	48187523	ENSG00000233585[2,1,2]	0	-	48186445	48186445	0	1	1078,	0,	chrX	48186495	48187473	AC231533.2-202|transcribed_processed_pseudogene	0	-	ACAA2P1	978
chrX	48645765	48646411	ENSG00000230216[1,1,1]	0	-	48645765	48645765	0	1	646,	0,	chrX	48645815	48646361	retro_human_5303|HSPB1P2-201|processed_pseudogene	0	-	HSPB1P2	546
chrX	48948284	48949234	ENSG00000213856[1,1,1]	0	-	48948284	48948284	0	1	950,	0,	chrX	48948334	48949184	retro_human_1435|VDAC1P2-201|processed_pseudogene	0	-	VDAC1P2	850
chrX	52429059	52430241	ENSG00000231340[1,1,1]	0	-	52429059	52429059	0	1	1182,	0,	chrX	52429109	52430191	retro_human_5877|ACTG1P10-201|processed_pseudogene	0	-	ACTG1P10,KANTR	1082
chrX	53115541	53116064	ENSG00000235916[1,1,1]	0	+	53115541	53115541	0	1	523,	0,	chrX	53115591	53116014	retro_human_2246|AC233279.1-201|processed_pseudogene	0	+	MRPS18CP7	423
chrX	56030588	56031024	ENSG00000237748[1,1,1]	0	-	56030588	56030588	0	1	436,	0,	chrX	56030638	56030974	retro_human_8461|UQCRBP1-201|processed_pseudogene	0	-	UQCRBP1	336
chrX	56367723	56368595	ENSG00000237708[1,1,1]	0	-	56367723	56367723	0	1	872,	0,	chrX	56367773	56368545	retro_human_4539|AL139397.2-201|processed_pseudogene	0	-	SPIN2P1	772
chrX	56691402	56694266	ENSG00000231831[1,1,1]	0	-	56691402	56691402	0	1	2864,	0,	chrX	56691452	56694216	retro_human_533|MTHFD1P1-201|processed_pseudogene	0	-	MTHFD1P1,FAAH2	2764
chrX	56975801	56979095	ENSG00000215174[1,1,1]	0	-	56978910	56979045	0	1	3294,	0,	chrX	56975972	56979045	retro_human_546	0	-	NLRP2B	3073
chrX	61200278	61201455	ENSG00000236852[1,1,1]	0	+	61200278	61200278	0	1	1177,	0,	chrX	61200328	61201405	retro_human_1138|BX322784.1-201|processed_pseudogene	0	+	SSBL2P	1077
chrX	63833624	63834313	ENSG00000228158[1,1,1]	0	+	63833624	63833624	0	1	689,	0,	chrX	63833674	63834263	retro_human_1450|TLE1P1-201|processed_pseudogene	0	+	TLE1P1	589
chrX	66503264	66504612	ENSG00000228328[1,1,1]	0	-	66503639	66503891	0	1	1348,	0,	chrX	66503314	66504562	retro_human_5659|AL158201.1-201|processed_pseudogene	0	-	PGK1P1	1248
chrX	67033573	67034048	ENSG00000236735[1,1,1]	0	+	67033573	67033573	0	1	475,	0,	chrX	67033623	67033998	retro_human_8840|RPL31P63-201|processed_pseudogene	0	+	RPL31P63	375
chrX	69396987	69397417	ENSG00000230629[1,1,1]	0	+	69396987	69396987	0	1	430,	0,	chrX	69397037	69397367	retro_human_8839|RPS23P8-201|processed_pseudogene	0	+	RPS23P8	330
chrX	69748963	69750031	ENSG00000224208[1,1,1]	0	-	69748963	69748963	0	2	441,299,	0,769,	chrX	69749013	69749981	AL590762.3-201|processed_pseudogene	0	-	ZCRB1P1	968
chrX	69854133	69854665	ENSG00000213018[1,1,1]	0	-	69854133	69854133	0	1	532,	0,	chrX	69854183	69854615	retro_human_6715|AL590762.1-201|processed_pseudogene	0	-	PABPN1P1	432
chrX	69926116	69927062	ENSG00000243468[2,1,2]	0	-	69926116	69926116	0	1	946,	0,	chrX	69926166	69927012	INGX-201|transcribed_processed_pseudogene	0	-	TAF1	846
chrX	70478113	70478561	ENSG00000196933[1,1,1]	0	+	70478163	70478508	0	1	448,	0,	chrX	70478163	70478511	retro_human_3003|RPS26P11-201|processed_pseudogene	0	+	RPS26P11	348
chrX	71093343	71093693	ENSG00000225858[1,1,1]	0	+	71093343	71093343	0	1	350,	0,	chrX	71093393	71093643	BX295541.1-201|processed_pseudogene	0	+	MATR3P1	250
chrX	71211052	71212642	ENSG00000269911[1,1,1]	0	+	71211131	71211428	0	1	1590,	0,	chrX	71211063	71211636	retro_human_3001	0	+	FAM226B	573
chrX	71559514	71561661	ENSG00000204118[2,1,1]	0	-	71559514	71559514	0	1	2147,	0,	chrX	71559564	71561611	retro_human_164|NAP1L6P-201|transcribed_processed_pseudogene	0	-	NAP1L6P	2047
chrX	71559514	71561661	ENSG00000204118[2,1,1]	0	-	71559514	71559514	0	1	2147,	0,	chrX	71560041	71561266	NAP1L6P-202|transcribed_processed_pseudogene	0	-	NAP1L6P	1225
chrX	71559991	71561316	ENSG00000204118[1,1,2]	0	-	71559991	71559991	0	1	1325,	0,	chrX	71559564	71561611	retro_human_164|NAP1L6P-201|transcribed_processed_pseudogene	0	-	NAP1L6P	1325
chrX	71559991	71561316	ENSG00000204118[1,1,2]	0	-	71559991	71559991	0	1	1325,	0,	chrX	71560041	71561266	NAP1L6P-202|transcribed_processed_pseudogene	0	-	NAP1L6P	1225
chrX	71907892	71908260	ENSG00000233162[1,1,1]	0	+	71907892	71907892	0	1	368,	0,	chrX	71907942	71908210	retro_human_9909|MORF4L1P6-201|processed_pseudogene	0	+	MORF4L1P6	268
chrX	72464956	72465415	ENSG00000233984[1,1,1]	0	+	72464956	72464956	0	1	459,	0,	chrX	72465006	72465365	RPSAP14-201|processed_pseudogene	0	+	RPSAP14,FTX	359
chrX	72594549	72596116	ENSG00000224430[1,1,1]	0	-	72594549	72594549	0	1	1567,	0,	chrX	72594599	72596066	retro_human_7114|MKRN5P-201|processed_pseudogene	0	-	MKRN5P	1467
chrX	72607367	72607644	ENSG00000231549[1,1,1]	0	+	72607367	72607367	0	1	277,	0,	chrX	72607417	72607594	retro_human_9912|ATP5MDP1-201|processed_pseudogene	0	+	ATP5MKP1	177
chrX	72809536	72810399	ENSG00000213269[1,1,1]	0	-	72809536	72809536	0	1	863,	0,	chrX	72809586	72810349	retro_human_9430|AC004386.1-201|processed_pseudogene	0	-	RPS6P26	763
chrX	72842927	72843610	ENSG00000213695[1,1,1]	0	+	72842927	72842927	0	1	683,	0,	chrX	72842977	72843560	retro_human_4391|RPS7P14-201|processed_pseudogene	0	+	RPS7P14	583
chrX	73016677	73017236	ENSG00000230673[1,1,1]	0	-	73016677	73016677	0	1	559,	0,	chrX	73016727	73017186	PABPC1P3-201|processed_pseudogene	0	-	PABPC1P3,RLIM	459
chrX	74322337	74322626	ENSG00000226753[1,1,1]	0	+	74322337	74322337	0	1	289,	0,	chrX	74322387	74322576	AL451105.1-201|processed_pseudogene	0	+	FOXN3P2	189
chrX	74463469	74464005	ENSG00000232332[1,1,1]	0	+	74463469	74463469	0	1	536,	0,	chrX	74463519	74463955	retro_human_4396|AC233982.1-201|processed_pseudogene	0	+	ARL5AP5	436
chrX	74768572	74769677	ENSG00000213684[1,1,1]	0	-	74768572	74768572	0	1	1105,	0,	chrX	74768622	74769627	retro_human_1325|LDHBP2-201|processed_pseudogene	0	-	LDHBP2	1005
chrX	75089258	75090420	ENSG00000235447[1,1,1]	0	-	75089258	75089258	0	1	1162,	0,	chrX	75089308	75090370	retro_human_4289|TRAPPC13P1-201|processed_pseudogene	0	-	TRAPPC13P1	1062
chrX	79143675	79144553	ENSG00000225715[1,1,1]	0	+	79143675	79143675	0	1	878,	0,	chrX	79143725	79144503	retro_human_9465|AL512504.1-201|processed_pseudogene	0	+	PSMA1P1	778
chrX	79363230	79364178	ENSG00000073905[1,1,1]	0	+	79363230	79363230	0	1	948,	0,	chrX	79363280	79364128	retro_human_4004|VDAC1P1-201|processed_pseudogene	0	+	VDAC1P1	848
chrX	86130309	86131270	ENSG00000237506[1,1,1]	0	-	86130309	86130309	0	1	961,	0,	chrX	86130359	86131220	retro_human_9816|RPSAP15-201|processed_pseudogene	0	-	RPSAP15	861
chrX	90434713	90435664	ENSG00000234702[1,1,1]	0	-	90434713	90434713	0	1	951,	0,	chrX	90434763	90435614	retro_human_2874|VDAC1P3-201|processed_pseudogene	0	-	VDAC1P3	851
chrX	92018909	92019755	ENSG00000228301[1,1,1]	0	+	92018909	92018909	0	1	846,	0,	chrX	92018959	92019705	retro_human_9084|RPL7P55-201|processed_pseudogene	0	+	RPL7P55	746
chrX	93945593	93946126	ENSG00000223467[1,1,1]	0	+	93945593	93945593	0	1	533,	0,	chrX	93945643	93946076	retro_human_9082|CALM1P1-201|processed_pseudogene	0	+	CALM1P1	433
chrX	94166218	94167220	ENSG00000270583[1,1,1]	0	+	94166218	94166218	0	1	1002,	0,	chrX	94166268	94167170	retro_human_3607|AL365400.2-201|processed_pseudogene	0	+	LOC100420872	902
chrX	99243669	99245642	ENSG00000238116[1,1,1]	0	+	99243669	99243669	0	1	1973,	0,	chrX	99243719	99245592	retro_human_8643|Z95327.2-201|processed_pseudogene	0	+	RAD21P1	1873
chrX	99353341	99354219	ENSG00000179031[1,1,1]	0	+	99353341	99353341	0	1	878,	0,	chrX	99353391	99354169	retro_human_8642|NSA2P3-201|processed_pseudogene	0	+	NSA2P3	778
chrX	99635143	99635538	ENSG00000231643[1,1,1]	0	-	99635143	99635143	0	1	395,	0,	chrX	99635193	99635488	Z70280.1-201|processed_pseudogene	0	-	YWHAQP8	295
chrX	99982067	99983957	ENSG00000237682[1,1,1]	0	-	99982067	99982067	0	1	1890,	0,	chrX	99982117	99983907	retro_human_3501|AC234775.2-201|processed_pseudogene	0	-	PRKCIP1	1790
chrX	100223517	100225187	ENSG00000178146[1,1,1]	0	-	100223517	100223517	0	1	1670,	0,	chrX	100223567	100225137	retro_human_2486|AL672207.1-201|processed_pseudogene	0	-	GK4P	1570
chrX	100453073	100453696	ENSG00000234901[1,1,1]	0	-	100453073	100453073	0	1	623,	0,	chrX	100453123	100453646	MTND6P13-201|processed_pseudogene	0	-	MTND6P13	523
chrX	100991163	100992743	ENSG00000176318[1,1,1]	0	-	100991163	100991163	0	1	1580,	0,	chrX	100991213	100992693	retro_human_4010|FOXN3P1-201|processed_pseudogene	0	-	FOXN3P1	1480
chrX	102503556	102504152	ENSG00000235946[1,1,1]	0	-	102503556	102503556	0	1	596,	0,	chrX	102503606	102504102	H2BW3P-1|processed_pseudogene	0	-	H2BW3P	496
chrX	105568141	105568852	ENSG00000213569[1,1,1]	0	+	105568141	105568141	0	1	711,	0,	chrX	105568191	105568802	retro_human_1559|AL390039.1-201|processed_pseudogene	0	+	GTF3C6P2	611
chrX	105708931	105710106	ENSG00000204053[1,1,1]	0	+	105708931	105708931	0	1	1175,	0,	chrX	105708981	105710056	retro_human_1558|MYCLP1-201|processed_pseudogene	0	+	MYCLP1	1075
chrX	108968165	108970975	ENSG00000225366[1,1,1]	0	+	108968165	108968165	0	1	2810,	0,	chrX	108968215	108970925	TDGF1P3-202|transcribed_processed_pseudogene	0	+	TDGF1P3	2710
chrX	108968983	108969650	ENSG00000225366[2,1,2]	0	+	108968983	108968983	0	1	667,	0,	chrX	108968215	108970925	TDGF1P3-202|transcribed_processed_pseudogene	0	+	TDGF1P3	667
chrX	110067866	110069779	ENSG00000225031[1,1,1]	0	-	110067866	110067866	0	1	1913,	0,	chrX	110067916	110069729	retro_human_10170|EIF4BP7-201|processed_pseudogene	0	-	EIF4BP7	1813
chrX	114127074	114127462	ENSG00000228532[1,1,1]	0	-	114127074	114127074	0	1	388,	0,	chrX	114127124	114127412	retro_human_1730|AC005000.1-201|processed_pseudogene	0	-	SUMO2P21	288
chrX	117147483	117148645	ENSG00000250995[1,1,1]	0	+	117147959	117148598	0	1	1162,	0,	chrX	117147533	117148595	retro_human_10966|AL391280.2-201|processed_pseudogene	0	+	TMEM30BP1	1062
chrX	118619765	118620380	ENSG00000233382[2,1,3]	0	-	118619765	118619765	0	1	615,	0,	chrX	118619815	118620182	NKAPP1-205|transcribed_processed_pseudogene	0	-	NKAPP1	367
chrX	121823152	121823652	ENSG00000179101[1,1,1]	0	+	121823152	121823152	0	1	500,	0,	chrX	121823202	121823602	retro_human_5694|H3P47-201|processed_pseudogene	0	+	H3P47	400
chrX	121913545	121914438	ENSG00000232149[1,1,1]	0	+	121913545	121913545	0	1	893,	0,	chrX	121913595	121914388	retro_human_5764|FERP1-201|processed_pseudogene	0	+	FERP1,THOC2	793
chrX	126626732	126627600	ENSG00000235735[1,1,1]	0	+	126626732	126626732	0	1	868,	0,	chrX	126626782	126627550	retro_human_10508|RPL7AP72-201|processed_pseudogene	0	+	RPL7AP72	768
chrX	127726858	127727198	ENSG00000226339[1,1,1]	0	+	127726858	127726858	0	1	340,	0,	chrX	127726908	127727148	retro_human_1142|RPS26P56-201|processed_pseudogene	0	+	RPS26P56	240
chrX	128814738	128816462	ENSG00000221930[1,1,2]	0	+	128814738	128814738	0	1	1724,	0,	chrX	128814788	128816412	retro_human_1140|DENND10P1-202|transcribed_processed_pseudogene	0	+	DENND10P1	1624
chrX	128814738	128816462	ENSG00000221930[1,1,2]	0	+	128814738	128814738	0	1	1724,	0,	chrX	128814982	128816056	DENND10P1-201|transcribed_processed_pseudogene	0	+	DENND10P1	1074
chrX	128965440	128966143	ENSG00000238188[1,1,1]	0	+	128965440	128965440	0	1	703,	0,	chrX	128965490	128966093	retro_human_1146|AL049733.1-201|processed_pseudogene	0	+	SPRING1P2	603
chrX	130119844	130120455	ENSG00000241418[1,1,1]	0	-	130119844	130119844	0	1	611,	0,	chrX	130119894	130120405	retro_human_8572|MCRIP2P1-201|processed_pseudogene	0	-	MCRIP2P1,FIRRE	511
chrX	131231933	131232330	ENSG00000227064[1,1,1]	0	-	131232012	131232252	0	1	397,	0,	chrX	131231983	131232280	retro_human_11011|Z82205.1-201|processed_pseudogene	0	-	NAA20P1	297
chrX	131996052	131996568	ENSG00000227008[1,1,1]	0	+	131996052	131996052	0	1	516,	0,	chrX	131996102	131996518	retro_human_6090|AL009174.1-201|processed_pseudogene	0	+	RPS24P19	416
chrX	132491778	132492129	ENSG00000224908[1,1,1]	0	+	132491778	132491778	0	1	351,	0,	chrX	132491828	132492079	retro_human_1|TIMM8BP2-201|processed_pseudogene	0	+	TIMM8BP2	251
chrX	133758652	133764427	ENSG00000225769[1,1,1]	0	+	133758652	133758652	0	1	5775,	0,	chrX	133758702	133764377	retro_human_10193|CROCCP1-201|processed_pseudogene	0	+	CROCCP1	5675
chrX	134406185	134406799	ENSG00000231513[1,1,1]	0	-	134406185	134406185	0	1	614,	0,	chrX	134406235	134406749	retro_human_1930|E2F6P4-201|processed_pseudogene	0	-	E2F6P4	514
chrX	135115874	135116629	ENSG00000225125[1,1,1]	0	-	135115874	135115874	0	1	755,	0,	chrX	135115924	135116579	retro_human_9815|RANP4-201|processed_pseudogene	0	-	RANP4	655
chrX	135156054	135156805	ENSG00000225400[1,1,1]	0	+	135156054	135156054	0	1	751,	0,	chrX	135156104	135156755	retro_human_4693|RAB28P5-201|processed_pseudogene	0	+	RAB28P5	651
chrX	138344218	138345455	ENSG00000214653[1,1,1]	0	+	138344218	138344218	0	1	1237,	0,	chrX	138344268	138345405	retro_human_3816|HNRNPA3P3-201|processed_pseudogene	0	+	HNRNPA3P3	1137
chrX	146317710	146318324	ENSG00000219507[1,1,1]	0	+	146317710	146317710	0	1	614,	0,	chrX	146317760	146318274	retro_human_7217|FTH1P8-201|processed_pseudogene	0	+	FTH1P8	514
chrX	148498583	148500505	ENSG00000234825[1,1,1]	0	-	148498583	148498583	0	1	1922,	0,	chrX	148498633	148500455	retro_human_902|XRCC6P2-201|processed_pseudogene	0	-	XRCC6P2	1822
chrX	149260918	149261609	ENSG00000230508[1,1,1]	0	+	149260918	149260918	0	1	691,	0,	chrX	149260968	149261559	retro_human_10870|RPL19P21-201|processed_pseudogene	0	+	RPL19P21	591
chrX	150746127	150747675	ENSG00000223940[1,1,1]	0	+	150746127	150746127	0	1	1548,	0,	chrX	150746177	150747625	retro_human_10901|KRT8P8-201|processed_pseudogene	0	+	KRT8P8	1448
chrX	151872918	151873597	ENSG00000260081[1,1,4]	0	+	151872918	151872918	0	1	679,	0,	chrX	151872993	151873547	AF274858.1-202|transcribed_processed_pseudogene	0	+	LOC105373383	554
chrX	151873234	151873597	ENSG00000260081[4,1,4]	0	+	151873234	151873234	0	1	363,	0,	chrX	151872993	151873547	AF274858.1-202|transcribed_processed_pseudogene	0	+	LOC105373383	313
chrX	153053447	153053850	ENSG00000229237[1,1,1]	0	-	153053500	153053800	0	1	403,	0,	chrX	153053497	153053800	retro_human_7212|HMGN1P37-201|processed_pseudogene	0	-	HMGN1P37	303
chrX	153527625	153528719	ENSG00000225008[1,1,1]	0	-	153528319	153528463	0	1	1094,	0,	chrX	153527675	153528669	retro_human_1436|AC234781.2-201|processed_pseudogene	0	-	TWF1P2	994
chrY	2672178	2672485	ENSG00000223600[1,1,1]	0	-	2672178	2672178	0	1	307,	0,	chrY	2672228	2672435	EEF1A1P41-201|processed_pseudogene	0	-	EEF1A1P41	207
chrY	5473271	5473809	ENSG00000235175[1,1,1]	0	-	5473271	5473271	0	1	538,	0,	chrY	5473321	5473759	retro_human_10013|RPL26P37-201|processed_pseudogene	0	-	RPL26P37	438
chrY	14193292	14194133	ENSG00000215414[1,1,1]	0	+	14193292	14193292	0	1	841,	0,	chrY	14193342	14194083	retro_human_11221|PSMA6P1-201|processed_pseudogene	0	+	PSMA6P1	741
chrY	19085366	19085795	ENSG00000236599[1,1,1]	0	-	19085366	19085366	0	1	429,	0,	chrY	19085416	19085745	ELOCP26-201|processed_pseudogene	0	-	ELOCP26	329
chrY	19898920	19899263	ENSG00000185275[1,1,1]	0	-	19898920	19898920	0	1	343,	0,	chrY	19898970	19899213	retro_human_482|CD24P4-201|processed_pseudogene	0	-	CD24P4	243
chrY	26205483	26206487	ENSG00000233944[1,1,1]	0	-	26205483	26205483	0	1	1004,	0,	chrY	26205501	26206283	LINC00265-2P-1|processed_pseudogene	0	-	LINC00265-3P	782
chr10	13118857	13119177	ENSG00000235763[1,1,1]	0	-	13118857	13118857	0	1	320,	0,	chr10	13118907	13119127	retro_human_7870|SNRPGP5-201|processed_pseudogene	0	-	SNRPGP5	220
chr10	13171256	13172811	ENSG00000203414[1,1,1]	0	-	13171256	13171256	0	1	1555,	0,	chr10	13171306	13172761	BTBD7P1-201|processed_pseudogene	0	-	BTBD7P1	1455
chr10	17595812	17596763	ENSG00000236582[1,1,1]	0	+	17595812	17595812	0	1	951,	0,	chr10	17595862	17596713	retro_human_10748|PRPF38AP2-201|processed_pseudogene	0	+	PRPF38AP2	851
chr10	22244706	22245133	ENSG00000227462[1,1,1]	0	+	22244706	22244706	0	1	427,	0,	chr10	22244756	22245083	retro_human_10348|PSME2P6-201|processed_pseudogene	0	+	PSME2P6	327
chr10	22285973	22286429	ENSG00000233318[1,1,1]	0	+	22285973	22285973	0	1	456,	0,	chr10	22286023	22286379	retro_human_10347|RPL31P45-201|processed_pseudogene	0	+	RPL31P45	356
chr10	23155872	23156710	ENSG00000229932[1,1,1]	0	+	23155872	23155872	0	1	838,	0,	chr10	23155922	23156660	retro_human_10346|YWHAZP3-201|processed_pseudogene	0	+	YWHAZP3	738
chr10	27273098	27280869	ENSG00000262412[1,1,1]	0	+	27273098	27273098	0	2	305,797,	0,6974,	chr10	27276368	27281808	retro_human_6725|LRRC37A6P-202|transcribed_processed_pseudogene	0	-	LRRC37A6P	4501
chr10	27273098	27280869	ENSG00000262412[1,1,1]	0	+	27273098	27273098	0	2	305,797,	0,6974,	chr10	27277319	27280577	LRRC37A6P-201|transcribed_processed_pseudogene	0	-	LRRC37A6P	3258
chr10	27277269	27280627	ENSG00000230445[3,1,3]	0	-	27277269	27277269	0	1	3358,	0,	chr10	27276368	27281808	retro_human_6725|LRRC37A6P-202|transcribed_processed_pseudogene	0	-	LRRC37A6P	3358
chr10	27277269	27280627	ENSG00000230445[3,1,3]	0	-	27277269	27277269	0	1	3358,	0,	chr10	27277319	27280577	LRRC37A6P-201|transcribed_processed_pseudogene	0	-	LRRC37A6P	3258
chr10	27408223	27408548	ENSG00000237956[1,1,1]	0	-	27408223	27408223	0	1	325,	0,	chr10	27408273	27408498	retro_human_6723|TRIAP1P1-201|processed_pseudogene	0	-	TRIAP1P1	225
chr10	28930832	28931421	ENSG00000229605[1,1,1]	0	-	28930832	28930832	0	1	589,	0,	chr10	28930882	28931371	RPL21P93-201|processed_pseudogene	0	-	RPL21P93	489
chr10	29728908	29729248	ENSG00000225976[1,1,1]	0	+	29728908	29728908	0	1	340,	0,	chr10	29728958	29729198	retro_human_10340|CKS1BP2-201|processed_pseudogene	0	+	CKS1BP2	240
chr10	30434149	30434829	ENSG00000224473[1,1,1]	0	-	30434149	30434149	0	1	680,	0,	chr10	30434199	30434779	retro_human_6720|CCND3P1-201|processed_pseudogene	0	-	CCND3P1	580
chr10	32131451	32132323	ENSG00000234335[1,1,1]	0	-	32131451	32131451	0	1	872,	0,	chr10	32131501	32132273	retro_human_1281|RPS4XP11-201|processed_pseudogene	0	-	RPS4XP11	772
chr10	32217328	32217923	ENSG00000217094[1,1,1]	0	-	32217328	32217328	0	1	595,	0,	chr10	32217378	32217873	retro_human_1282|PPIAP31-201|processed_pseudogene	0	-	PPIAP31	495
chr10	32539937	32540439	ENSG00000231245[1,1,1]	0	-	32539937	32539937	0	1	502,	0,	chr10	32539987	32540389	retro_human_1288|C1DP1-201|processed_pseudogene	0	-	C1DP1,CCDC7	402
chr10	32973148	32973767	ENSG00000228816[1,1,1]	0	+	32973148	32973148	0	1	619,	0,	chr10	32973198	32973717	retro_human_4024|AK3P5-201|processed_pseudogene	0	+	AK3P5	519
chr10	34704091	34704598	ENSG00000215184[1,1,1]	0	-	34704317	34704515	0	1	507,	0,	chr10	34704141	34704548	retro_human_1280|RPS12P16-201|processed_pseudogene	0	-	RPS12P16	407
chr10	34903677	34903990	ENSG00000232525[1,1,1]	0	+	34903677	34903677	0	1	313,	0,	chr10	34903727	34903940	retro_human_4022|SS18L2P1-201|processed_pseudogene	0	+	SS18L2P1	213
chr10	36552989	36555603	ENSG00000229644[1,1,1]	0	-	36552989	36552989	0	1	2614,	0,	chr10	36553039	36555553	retro_human_7133|NAMPTP1-201|processed_pseudogene	0	-	NAMPTP1	2514
chr10	38756850	38758429	ENSG00000227264[1,1,1]	0	+	38756850	38756850	0	1	1579,	0,	chr10	38756900	38758379	retro_human_611|ACTR3BP5-201|processed_pseudogene	0	+	ACTR3BP5	1479
chr10	43397188	43398640	ENSG00000234420[1,1,2]	0	-	43397188	43397188	0	1	1452,	0,	chr10	43397238	43398590	retro_human_115|ZNF37BP-203|transcribed_processed_pseudogene	0	-	ZNF37BP	1352
chr10	44404120	44406182	ENSG00000236114[1,1,1]	0	+	44404120	44404120	0	1	2062,	0,	chr10	44404132	44404711	retro_human_592	0	+	LOC100130881,ZNF487	579
chr10	44404120	44406182	ENSG00000236114[1,1,1]	0	+	44404120	44404120	0	1	2062,	0,	chr10	44404888	44405841	retro_human_591	0	+	LOC100130881,ZNF487	953
chr10	44485714	44487223	ENSG00000232004[1,1,1]	0	-	44485714	44485714	0	1	1509,	0,	chr10	44485764	44487173	retro_human_974|CAP1P2-201|processed_pseudogene	0	-	CAP1P2	1409
chr10	45954081	45954577	ENSG00000228462[1,1,1]	0	-	45954081	45954081	0	1	496,	0,	chr10	45954131	45954527	retro_human_5884|RPS19P7-201|processed_pseudogene	0	-	RPS19P7	396
chr10	46821374	46821804	ENSG00000264217[1,1,1]	0	+	46821374	46821374	0	1	430,	0,	chr10	46821424	46821754	retro_human_7377|RPL35AP23-201|processed_pseudogene	0	+	RPL35AP23	330
chr10	46944091	46944657	ENSG00000280012[1,1,1]	0	+	46944091	46944091	0	1	566,	0,	chr10	46944141	46944607	retro_human_7378|RPL23AP61-201|processed_pseudogene	0	+	RPL23AP61	466
chr10	47520888	47521950	ENSG00000229927[1,1,2]	0	-	47520888	47520888	0	1	1062,	0,	chr10	47521344	47521900	retro_human_6043|RHEBP1-201|processed_pseudogene	0	-	RHEBP1	556
chr10	47521294	47521950	ENSG00000229927[1,1,1]	0	-	47521294	47521294	0	1	656,	0,	chr10	47521344	47521900	retro_human_6043|RHEBP1-201|processed_pseudogene	0	-	RHEBP1	556
chr10	47662407	47664267	ENSG00000215097[1,1,1]	0	-	47662407	47662407	0	1	1860,	0,	chr10	47662457	47664217	retro_human_6042|AL731733.1-201|processed_pseudogene	0	-	DUSP8P2	1760
chr10	48455504	48457365	ENSG00000215065[1,1,1]	0	+	48455504	48455504	0	1	1861,	0,	chr10	48455554	48457315	retro_human_2292|BX547991.1-201|processed_pseudogene	0	+	DUSP8P1,GLUD1P6	1761
chr10	48597327	48598548	ENSG00000226964[2,1,2]	0	+	48597327	48597327	0	1	1221,	0,	chr10	48597533	48598133	retro_human_2291|RHEBP2-201|processed_pseudogene	0	+	LOC107984289,SHLD2P3	600
chr10	48597483	48598183	ENSG00000226964[1,1,1]	0	+	48597483	48597483	0	1	700,	0,	chr10	48597533	48598133	retro_human_2291|RHEBP2-201|processed_pseudogene	0	+	LOC107984289,SHLD2P3	600
chr10	50759202	50759632	ENSG00000230166[1,1,1]	0	+	50759202	50759202	0	1	430,	0,	chr10	50759252	50759582	retro_human_7764|RPL35AP24-201|processed_pseudogene	0	+	RPL35AP24	330
chr10	51113111	51115049	ENSG00000225137[1,1,1]	0	+	51113111	51113111	0	1	1938,	0,	chr10	51113161	51114999	retro_human_7763|DYNC1I2P1-201|processed_pseudogene	0	+	DYNC1I2P1	1838
chr10	51473526	51484577	ENSG00000226200[1,1,4]	0	+	51473526	51473526	0	4	299,136,148,6384,	0,1777,4121,4667,	chr10	51478148	51479692	retro_human_267|SHQ1P1-201|processed_pseudogene	0	-	SHQ1P1,SGMS1-AS1	1544
chr10	51507087	51509131	ENSG00000231345[2,1,2]	0	+	51507087	51507087	0	1	2044,	0,	chr10	51504578	51508877	BEND3P1-202|transcribed_processed_pseudogene	0	+	BEND3P1	1790
chr10	51507087	51509131	ENSG00000231345[2,1,2]	0	+	51507087	51507087	0	1	2044,	0,	chr10	51507137	51509081	BEND3P1-201|transcribed_processed_pseudogene	0	+	BEND3P1	1944
chr10	51507087	51509131	ENSG00000231345[2,1,2]	0	+	51507087	51507087	0	1	2044,	0,	chr10	51508140	51508630	AL132656.1-1|transcribed_processed_pseudogene	0	-	BEND3P1	490
chr10	56517657	56518767	ENSG00000236993[1,1,1]	0	-	56517657	56517657	0	1	1110,	0,	chr10	56517707	56518717	retro_human_273|GAPDHP21-201|processed_pseudogene	0	-	GAPDHP21	1010
chr10	59569555	59570359	ENSG00000183055[1,1,1]	0	+	59570099	59570315	0	1	804,	0,	chr10	59569605	59570309	FAM133CP-201|processed_pseudogene	0	+	FAM133CP	704
chr10	66029161	66029693	ENSG00000227173[1,1,1]	0	-	66029161	66029161	0	1	532,	0,	chr10	66029211	66029643	retro_human_6416|MYL6P3-201|processed_pseudogene	0	-	MYL6P3	432
chr10	68702222	68702641	ENSG00000237141[1,1,1]	0	+	68702222	68702222	0	1	419,	0,	chr10	68702272	68702591	retro_human_4107|DNAJC19P1-201|processed_pseudogene	0	+	DNAJC19P1	319
chr10	69129678	69130721	ENSG00000234102[1,1,1]	0	+	69129678	69129678	0	1	1043,	0,	chr10	69129728	69130671	retro_human_645|KRT19P4-201|processed_pseudogene	0	+	KRT19P4	943
chr10	69501538	69501995	ENSG00000213025[1,1,1]	0	+	69501588	69501942	0	1	457,	0,	chr10	69501588	69501945	retro_human_8154|COX20P1-201|processed_pseudogene	0	+	COX20P1	357
chr10	70646942	70647919	ENSG00000230469[1,1,1]	0	+	70646942	70646942	0	1	977,	0,	chr10	70646992	70647869	retro_human_3049|RPL5P26-201|processed_pseudogene	0	+	RPL5P26	877
chr10	71032576	71033116	ENSG00000229097[1,1,1]	0	+	71032576	71032576	0	1	540,	0,	chr10	71032626	71033066	retro_human_3051|CALM2P2-201|processed_pseudogene	0	+	CALM2P2	440
chr10	71258445	71259747	ENSG00000224725[1,1,1]	0	+	71258445	71258445	0	1	1302,	0,	chr10	71258495	71259696	retro_human_3050|CEP57L1P1-201|processed_pseudogene	0	+	CEP57L1P1	1201
chr10	74293623	74294161	ENSG00000229659[1,1,1]	0	-	74293623	74293623	0	1	538,	0,	chr10	74293673	74294111	retro_human_10736|RPL26P6-201|processed_pseudogene	0	-	RPL26P6	438
chr10	74601925	74605462	ENSG00000250959[1,2,6]	0	+	74601925	74601925	0	2	362,2861,	0,676,	chr10	74603237	74605054	retro_human_8506|DUSP8P5-201|processed_pseudogene	0	+	DUSP8P5	1817
chr10	74601949	74605462	ENSG00000235316[2,1,2]	0	+	74601949	74601949	0	1	3513,	0,	chr10	74603237	74605054	retro_human_8506|DUSP8P5-201|processed_pseudogene	0	+	DUSP8P5	1817
chr10	74603187	74605462	ENSG00000235316[1,1,2]	0	+	74603187	74603187	0	1	2275,	0,	chr10	74603237	74605054	retro_human_8506|DUSP8P5-201|processed_pseudogene	0	+	DUSP8P5	1817
chr10	74603187	74605104	ENSG00000235316[1,1,1]	0	+	74603187	74603187	0	1	1917,	0,	chr10	74603237	74605054	retro_human_8506|DUSP8P5-201|processed_pseudogene	0	+	DUSP8P5	1817
chr10	74603697	74605462	ENSG00000235316[3,1,2]	0	+	74603697	74603697	0	1	1765,	0,	chr10	74603237	74605054	retro_human_8506|DUSP8P5-201|processed_pseudogene	0	+	DUSP8P5	1357
chr10	75396790	75399826	ENSG00000156110[4,13,5]	0	+	75396874	75399534	0	2	113,590,	0,2446,	chr10	75399060	75399424	retro_human_8504|MRPL35P3-201|processed_pseudogene	0	+	LOC102723439,ADK,MRPL35P3	364
chr10	75399010	75399474	ENSG00000226253[1,1,1]	0	+	75399160	75399259	0	1	464,	0,	chr10	75399060	75399424	retro_human_8504|MRPL35P3-201|processed_pseudogene	0	+	LOC102723439,ADK,MRPL35P3	364
chr10	76142859	76143113	ENSG00000227271[1,1,1]	0	-	76142859	76142859	0	1	254,	0,	chr10	76142909	76143063	retro_human_5630|RPL39P25-201|processed_pseudogene	0	-	RPL39P25	154
chr10	76256392	76256944	ENSG00000236797[1,1,1]	0	-	76256392	76256392	0	1	552,	0,	chr10	76256442	76256894	retro_human_5632|SPA17P1-201|transcribed_processed_pseudogene	0	-	SPA17P1	452
chr10	80549941	80554657	ENSG00000224886[2,1,2]	0	-	80549941	80549941	0	1	4716,	0,	chr10	80552298	80554738	BEND3P3-201|processed_pseudogene	0	+	BEND3P3	2359
chr10	80549941	80554657	ENSG00000224886[2,1,2]	0	-	80549941	80549941	0	1	4716,	0,	chr10	80553795	80554285	AL132656.1-201|transcribed_processed_pseudogene	0	-	BEND3P3	490
chr10	80551473	80554657	ENSG00000224886[2,1,3]	0	-	80551473	80551473	0	1	3184,	0,	chr10	80552298	80554738	BEND3P3-201|processed_pseudogene	0	+	BEND3P3	2359
chr10	80551473	80554657	ENSG00000224886[2,1,3]	0	-	80551473	80551473	0	1	3184,	0,	chr10	80553795	80554285	AL132656.1-201|transcribed_processed_pseudogene	0	-	BEND3P3	490
chr10	80552248	80554788	ENSG00000278616[1,1,1]	0	+	80552248	80552248	0	1	2540,	0,	chr10	80552298	80554738	BEND3P3-201|processed_pseudogene	0	+	BEND3P3	2440
chr10	80552248	80554788	ENSG00000278616[1,1,1]	0	+	80552248	80552248	0	1	2540,	0,	chr10	80553795	80554285	AL132656.1-201|transcribed_processed_pseudogene	0	-	BEND3P3	490
chr10	80553745	80554335	ENSG00000224886[1,1,1]	0	-	80553745	80553745	0	1	590,	0,	chr10	80552298	80554738	BEND3P3-201|processed_pseudogene	0	+	BEND3P3	590
chr10	80553745	80554335	ENSG00000224886[1,1,1]	0	-	80553745	80553745	0	1	590,	0,	chr10	80553795	80554285	AL132656.1-201|transcribed_processed_pseudogene	0	-	BEND3P3	490
chr10	80909742	80910266	ENSG00000227515[1,1,1]	0	-	80909742	80909742	0	1	524,	0,	chr10	80909792	80910216	retro_human_11114|C1DP4-201|processed_pseudogene	0	-	C1DP4	424
chr10	80995015	80995492	ENSG00000230171[1,1,1]	0	+	80995015	80995015	0	1	477,	0,	chr10	80995065	80995442	retro_human_3425|RPL22P18-201|processed_pseudogene	0	+	RPL22P18	377
chr10	85267611	85268168	ENSG00000233189[1,1,1]	0	-	85267611	85267611	0	1	557,	0,	chr10	85267661	85268118	retro_human_7616|RPL12P29-201|processed_pseudogene	0	-	RPL12P29	457
chr10	88526452	88526900	ENSG00000234192[1,1,1]	0	+	88526452	88526452	0	1	448,	0,	chr10	88526502	88526850	retro_human_8912|RPS26P38-201|processed_pseudogene	0	+	RPS26P38	348
chr10	90720696	90724412	ENSG00000232229[3,2,1]	0	+	90720696	90720696	255	1	3716,	0,	chr10	90721110	90722833	retro_human_1796|MARK2P16-201|processed_pseudogene	0	-	LINC00865	1723
chr10	90721060	90722883	ENSG00000270670[1,1,1]	0	-	90721060	90721060	0	1	1823,	0,	chr10	90721110	90722833	retro_human_1796|MARK2P16-201|processed_pseudogene	0	-	LINC00865	1723
chr10	90862177	90862631	ENSG00000228938[1,1,1]	0	+	90862177	90862177	0	1	454,	0,	chr10	90862227	90862581	retro_human_4210|SNRPD2P1-201|processed_pseudogene	0	+	SNRPD2P1	354
chr10	92690388	92690749	ENSG00000180581[1,1,1]	0	-	92690388	92690388	0	1	361,	0,	chr10	92690438	92690699	retro_human_1801|SRP9P1-201|processed_pseudogene	0	-	SRP9P1	261
chr10	93098662	93099224	ENSG00000105988[1,1,1]	0	+	93098662	93098662	0	1	562,	0,	chr10	93098712	93099174	retro_human_4215|NHP2P1-201|processed_pseudogene	0	+	NHP2P1	462
chr10	93548036	93549135	ENSG00000236493[1,1,1]	0	-	93548036	93548036	0	1	1099,	0,	chr10	93548086	93549085	retro_human_1803|EIF2S2P3-201|processed_pseudogene	0	-	EIF2S2P3	999
chr10	94837851	94840684	ENSG00000180764[1,1,2]	0	-	94837851	94837851	0	1	2833,	0,	chr10	94837272	94840634	retro_human_3362|PIPSL-201|transcribed_processed_pseudogene	0	-	PIPSL	2783
chr10	94837851	94840684	ENSG00000180764[1,1,2]	0	-	94837851	94837851	0	1	2833,	0,	chr10	94837901	94840634	PIPSL-202|transcribed_processed_pseudogene	0	-	PIPSL	2733
chr10	95817736	95822446	ENSG00000138109[1,2,2]	0	+	95817811	95821476	0	3	243,163,1125,	0,3251,3585,	chr10	95819381	95820250	MTND4P20-201|processed_pseudogene	0	-	MTND4P20	869
chr10	97068620	97069577	ENSG00000229417[1,1,1]	0	-	97068620	97068620	0	1	957,	0,	chr10	97068670	97069527	retro_human_3369|NPM1P25-201|processed_pseudogene	0	-	NPM1P25,BLNK	857
chr10	97252398	97254747	ENSG00000095587[2,2,2]	0	-	97252902	97253088	0	2	1509,103,	0,2246,	chr10	97252936	97253262	retro_human_3366	0	-	TLL2	326
chr10	97441288	97442126	ENSG00000235677[1,1,1]	0	+	97441288	97441288	0	1	838,	0,	chr10	97441338	97442076	retro_human_2260|NPM1P26-201|processed_pseudogene	0	+	NPM1P26	738
chr10	97631471	97632183	ENSG00000236552[1,1,1]	0	+	97631471	97631471	0	1	712,	0,	chr10	97631521	97632133	retro_human_9717|RPL13AP5-201|processed_pseudogene	0	+	RPL13AP5	612
chr10	103731329	103731785	ENSG00000236937[1,1,1]	0	+	103731329	103731329	0	1	456,	0,	chr10	103731379	103731735	retro_human_3802|PTGES3P4-201|processed_pseudogene	0	+	PTGES3P4	356
chr10	104101907	104103099	ENSG00000229256[1,1,1]	0	+	104101907	104101907	0	1	1192,	0,	chr10	104101957	104103049	retro_human_3807|ST13P13-201|processed_pseudogene	0	+	ST13P13	1092
chr10	111334394	111335107	ENSG00000237642[1,1,1]	0	+	111334394	111334394	0	1	713,	0,	chr10	111334444	111335056	retro_human_9283|HMGB3P5-201|processed_pseudogene	0	+	HMGB3P5	612
chr10	119767353	119768003	ENSG00000236058[1,1,1]	0	-	119767353	119767353	0	1	650,	0,	chr10	119767404	119767953	retro_human_4184|RPL17P36-201|processed_pseudogene	0	-	RPL17P36	549
chr10	120535982	120536709	ENSG00000227437[1,1,1]	0	+	120535982	120535982	0	1	727,	0,	chr10	120536032	120536659	retro_human_8900|RPS8P4-201|processed_pseudogene	0	+	RPS8P4	627
chr10	120716396	120716764	ENSG00000282413[1,1,1]	0	+	120716480	120716711	0	1	368,	0,	chr10	120716446	120716714	retro_human_8901|AL133461.1-201|processed_pseudogene	0	+	INPP5F	268
chr10	121252722	121253304	ENSG00000220842[1,1,1]	0	-	121252722	121252722	0	1	582,	0,	chr10	121252771	121253254	retro_human_4182|RPL21P16-201|processed_pseudogene	0	-	RPL21P16	483
chr10	124046506	124046947	ENSG00000227586[1,1,1]	0	-	124046506	124046506	0	1	441,	0,	chr10	124046556	124046897	retro_human_4180|RPS26P39-201|processed_pseudogene	0	-	RPS26P39	341
chr10	124869044	124869904	ENSG00000213438[1,1,1]	0	+	124869044	124869044	0	1	860,	0,	chr10	124869094	124869854	retro_human_8495|YBX2P1-201|processed_pseudogene	0	+	YBX2P1	760
chr10	134299741	134300105	ENSG00000230306[1,1,1]	0	-	134299741	134299741	0	1	364,	0,	chr10	134299791	134300055	retro_human_3782|BANF1P2-201|processed_pseudogene	0	-	BANF1P2	264
chr10	134745834	134746388	ENSG00000213147[1,1,1]	0	+	134745834	134745834	0	1	554,	0,	chr10	134745884	134746338	retro_human_7516|RPL23AP60-1|processed_pseudogene	0	+	RPL23AP60	454
chr10	134745834	134746388	ENSG00000213147[1,1,1]	0	+	134745834	134745834	0	1	554,	0,	chr10	134745896	134746137	BX322534.1-201|processed_pseudogene	0	-	RPL23AP60	241
chr11	873401	875061	ENSG00000177666[4,4,3]	0	+	873505	873709	0	2	641,96,	0,1564,	chr11	873830	874105	retro_human_3778	0	+	PNPLA2	275
chr11	4666039	4666905	ENSG00000167333[2,2,3]	0	-	4666480	4666816	0	2	77,589,	0,277,	chr11	4665497	4666150	retro_human_9299	0	-	TRIM68	111
chr11	6806524	6808818	ENSG00000254781[1,1,1]	0	+	6806524	6806524	0	1	2294,	0,	chr11	6806574	6808768	GVINP2-201|processed_pseudogene	0	+	GVINP2	2194
chr11	6902024	6903127	ENSG00000254712[1,1,1]	0	-	6902024	6902024	0	1	1103,	0,	chr11	6902074	6903077	retro_human_3530|AC087280.1-201|processed_pseudogene	0	-	LOC100131597	1003
chr11	7842018	7842829	ENSG00000241008[1,1,1]	0	+	7842018	7842018	0	1	811,	0,	chr11	7842068	7842779	retro_human_10214|AC044810.1-201|processed_pseudogene	0	+	RPL7AP55	711
chr11	9396401	9396907	ENSG00000254884[1,1,1]	0	-	9396449	9396857	0	1	506,	0,	chr11	9396451	9396857	retro_human_9014|PRR13P2-201|processed_pseudogene	0	-	PRR13P2	406
chr11	9690251	9690819	ENSG00000243964[1,1,1]	0	+	9690251	9690251	0	1	568,	0,	chr11	9690301	9690769	retro_human_10211|RPL23AP65-201|processed_pseudogene	0	+	RPL23AP65	468
chr11	9744541	9745124	ENSG00000239470[1,1,1]	0	+	9744541	9744541	0	1	583,	0,	chr11	9744591	9745074	retro_human_10212|AC011979.1-201|processed_pseudogene	0	+	RPL21P97	483
chr11	10043094	10044241	ENSG00000254765[1,1,1]	0	-	10043311	10043617	0	1	1147,	0,	chr11	10043144	10044191	retro_human_9011|AC011092.1-201|processed_pseudogene	0	-	GLULP2	1047
chr11	10356492	10356800	ENSG00000254719[1,1,1]	0	-	10356546	10356750	0	1	308,	0,	chr11	10356542	10356750	retro_human_9012|AC080023.2-201|processed_pseudogene	0	-	LOC653503	208
chr11	13777757	13778015	ENSG00000240454[1,1,1]	0	-	13777757	13777757	0	1	258,	0,	chr11	13777807	13777965	RPL39P26-201|processed_pseudogene	0	-	RPL39P26	158
chr11	17325865	17326838	ENSG00000197149[1,1,1]	0	+	17325865	17325865	0	1	973,	0,	chr11	17325915	17326788	retro_human_5905|AC107956.1-201|processed_pseudogene	0	+	RPS2P40	873
chr11	18357458	18358668	ENSG00000212789[1,1,1]	0	+	18357458	18357458	0	1	1210,	0,	chr11	18357508	18358618	retro_human_5908|ST13P5-201|processed_pseudogene	0	+	ST13P5	1110
chr11	18588212	18589025	ENSG00000256464[1,1,1]	0	-	18588488	18588629	0	1	813,	0,	chr11	18588262	18588975	retro_human_8587|YWHABP2-201|processed_pseudogene	0	-	YWHABP2	713
chr11	18763081	18763680	ENSG00000257043[1,1,1]	0	+	18763081	18763081	0	1	599,	0,	chr11	18763131	18763630	retro_human_5911|SRSF3P1-201|processed_pseudogene	0	+	SRSF3P1	499
chr11	27624247	27624630	ENSG00000242527[1,1,1]	0	+	27624247	27624247	0	1	383,	0,	chr11	27624301	27624580	retro_human_1072|AC100771.1-201|processed_pseudogene	0	+	RPL37AP7	279
chr11	27722353	27722828	ENSG00000240036[1,1,1]	0	+	27722353	27722353	0	1	475,	0,	chr11	27722403	27722779	retro_human_145|AC104563.1-201|processed_pseudogene	0	+	RPS25P1	376
chr11	28029421	28031717	ENSG00000224411[1,1,1]	0	-	28029421	28029421	0	1	2296,	0,	chr11	28029471	28031667	retro_human_2757|HSP90AA2P-201|processed_pseudogene	0	-	HSP90AA2P	2196
chr11	33211066	33212059	ENSG00000213713[1,1,1]	0	-	33211066	33211066	0	1	993,	0,	chr11	33211116	33212009	PIGCP1-201|processed_pseudogene	0	-	PIGCP1	893
chr11	33211649	33215054	ENSG00000280798[1,1,1]	0	+	33212182	33212510	0	1	3405,	0,	chr11	33211116	33212009	PIGCP1-201|processed_pseudogene	0	-	PIGCP1	360
chr11	33325537	33326079	ENSG00000241950[1,1,1]	0	-	33325537	33325537	0	1	542,	0,	chr11	33325587	33326029	retro_human_2762|RPL29P23-201|processed_pseudogene	0	-	RPL29P23,CSTF3-DT	442
chr11	33372430	33372932	ENSG00000241255[1,1,1]	0	+	33372430	33372430	0	1	502,	0,	chr11	33372480	33372882	retro_human_1480|AL136126.1-201|processed_pseudogene	0	+	RPS24P15	402
chr11	34471799	34472785	ENSG00000254708[1,1,1]	0	-	34472320	34472554	0	1	986,	0,	chr11	34471849	34472735	retro_human_8236|AL139174.1-201|processed_pseudogene	0	-	MMADHCP2	886
chr11	34847609	34848271	ENSG00000271369[1,1,1]	0	+	34847609	34847609	0	1	662,	0,	chr11	34847659	34848221	retro_human_5521|AC087783.1-201|processed_pseudogene	0	+	NDUFB8P3	562
chr11	43874041	43874612	ENSG00000243721[1,1,1]	0	+	43874091	43874559	0	1	571,	0,	chr11	43874091	43874559	retro_human_11029|AC068205.3-201|processed_pseudogene	0	+	RPL23AP63	468
chr11	43874041	43874612	ENSG00000243721[1,1,1]	0	+	43874091	43874559	0	1	571,	0,	chr11	43874091	43874562	RPL23AP63-201|processed_pseudogene	0	+	RPL23AP63	471
chr11	44785324	44785742	ENSG00000244267[1,1,1]	0	+	44785324	44785324	0	1	418,	0,	chr11	44785374	44785692	retro_human_6749|RPL34P22-201|processed_pseudogene	0	+	RPL34P22	318
chr11	46584684	46585513	ENSG00000244313[3,1,1]	0	-	46584737	46585232	0	1	829,	0,	chr11	46584734	46585232	retro_human_5595|AC024293.1-201|processed_pseudogene	0	-	RPS10P19	498
chr11	46584684	46584893	ENSG00000244313[2,1,1]	0	-	46584684	46584684	0	1	209,	0,	chr11	46584734	46585232	retro_human_5595|AC024293.1-201|processed_pseudogene	0	-	RPS10P19	159
chr11	46584684	46585282	ENSG00000244313[1,1,1]	0	-	46584737	46585232	0	1	598,	0,	chr11	46584734	46585232	retro_human_5595|AC024293.1-201|processed_pseudogene	0	-	RPS10P19	498
chr11	46875167	46876264	ENSG00000180210[1,3,2]	0	+	46875257	46875935	0	2	169,541,	0,556,	chr11	46875723	46875944	retro_human_6745	0	+	F2	221
chr11	48074812	48075197	ENSG00000254780[1,1,1]	0	-	48074812	48074812	0	1	385,	0,	chr11	48074862	48075147	retro_human_10423|AC023232.1-201|processed_pseudogene	0	-	LOC100287189	285
chr11	49162919	49169039	ENSG00000254764[1,1,1]	0	-	49162919	49162919	0	6	549,98,23,231,96,461,	0,1642,2603,3327,5278,5659,	chr11	49162973	49168989	retro_human_1405	0	-	TRIM53CP	6016
chr11	49610676	49611735	ENSG00000226268[1,1,1]	0	-	49610676	49610676	0	1	1059,	0,	chr11	49610726	49611685	retro_human_1409|AC135977.1-201|processed_pseudogene	0	-	LOC653698	959
chr11	56628439	56628798	ENSG00000238041[1,1,1]	0	+	56628439	56628439	0	1	359,	0,	chr11	56628489	56628748	retro_human_3704|AP004245.1-201|processed_pseudogene	0	+	TMEM230P2	259
chr11	57668327	57668915	ENSG00000213592[1,1,1]	0	-	57668327	57668327	0	1	588,	0,	chr11	57668377	57668865	retro_human_1635|PPIAP42-201|processed_pseudogene	0	-	PPIAP42	488
chr11	58191394	58192549	ENSG00000254589[1,1,1]	0	-	58191394	58191394	0	1	1155,	0,	chr11	58191444	58192499	retro_human_1015|EIF4A2P3-201|processed_pseudogene	0	-	EIF4A2P3	1055
chr11	59238036	59240284	ENSG00000254704[1,1,1]	0	-	59238036	59238036	0	1	2248,	0,	chr11	59238086	59240234	AP002358.2-201|processed_pseudogene	0	-	LOC643709	2148
chr11	59732558	59733063	ENSG00000234964[1,1,1]	0	-	59732558	59732558	0	1	505,	0,	chr11	59732608	59733013	retro_human_6853|FABP5P7-201|processed_pseudogene	0	-	FABP5P7	405
chr11	61625498	61626559	ENSG00000243742[2,1,1]	0	+	61625498	61625498	0	1	1061,	0,	chr11	61625548	61626509	retro_human_9977|RPLP0P2-204|transcribed_processed_pseudogene	0	+	RPLP0P2	961
chr11	62001335	62002287	ENSG00000244176[1,1,1]	0	-	62001335	62001335	0	1	952,	0,	chr11	62001385	62002237	retro_human_6854|AP003733.1-201|processed_pseudogene	0	-	RPS2P37	852
chr11	63621519	63622107	ENSG00000270269[1,1,1]	0	+	63621519	63621519	0	1	588,	0,	chr11	63621569	63622057	retro_human_10367|IMMP1LP1-201|processed_pseudogene	0	+	IMMP1LP1	488
chr11	63823955	63824332	ENSG00000256280[1,1,1]	0	-	63823955	63823955	0	1	377,	0,	chr11	63824005	63824282	retro_human_2982|AP006289.1-201|processed_pseudogene	0	-	ATP5MGP1	277
chr11	65138928	65139310	ENSG00000254455[1,1,1]	0	-	65138928	65138928	0	1	382,	0,	chr11	65138978	65139260	retro_human_8815|HIGD1AP10-201|processed_pseudogene	0	-	HIGD1AP10	282
chr11	65168292	65168845	ENSG00000255200[1,1,2]	0	-	65168292	65168292	0	1	553,	0,	chr11	65167426	65169778	retro_human_8813|PGAM1P8-202|transcribed_processed_pseudogene	0	-	PGAM1P8	553
chr11	65168292	65168845	ENSG00000255200[1,1,2]	0	-	65168292	65168292	0	1	553,	0,	chr11	65168342	65168795	PGAM1P8-201|transcribed_processed_pseudogene	0	-	PGAM1P8	453
chr11	66767460	66767982	ENSG00000254984[1,1,1]	0	-	66767460	66767460	0	1	522,	0,	chr11	66767510	66767932	FTLP6-201|processed_pseudogene	0	-	FTLP6	422
chr11	67677651	67678038	ENSG00000239559[1,1,1]	0	-	67677651	67677651	0	1	387,	0,	chr11	67677701	67677988	retro_human_5513|RPL37P2-201|processed_pseudogene	0	-	RPL37P2	287
chr11	67844568	67844776	ENSG00000254792[1,1,1]	0	+	67844568	67844568	0	1	208,	0,	chr11	67844618	67844726	AP003716.1-201|processed_pseudogene	0	+	ENPP7P7	108
chr11	67939139	67939608	ENSG00000254850[1,1,1]	0	+	67939139	67939139	0	1	469,	0,	chr11	67939189	67939558	AC004923.2-201|processed_pseudogene	0	+	LOC105369359	369
chr11	70293822	70294299	ENSG00000255329[1,1,1]	0	-	70293822	70293822	0	1	477,	0,	chr11	70293872	70294249	retro_human_133|H2AZP4-201|processed_pseudogene	0	-	H2AZP4	377
chr11	71432978	71433398	ENSG00000254924[1,1,1]	0	-	71432978	71432978	0	1	420,	0,	chr11	71433028	71433348	retro_human_9343|AP000867.2-201|processed_pseudogene	0	-	S100A11P3	320
chr11	73850764	73851396	ENSG00000256898[1,1,1]	0	-	73850764	73850764	0	1	632,	0,	chr11	73850814	73851346	retro_human_5896|AP002770.2-201|processed_pseudogene	0	-	ARPC3P4	532
chr11	74283788	74285177	ENSG00000212961[1,1,1]	0	+	74283788	74283788	0	1	1389,	0,	chr11	74283838	74285127	retro_human_4894|HNRNPA1P40-201|processed_pseudogene	0	+	HNRNPA1P40	1289
chr11	74414963	74415535	ENSG00000254974[1,1,1]	0	-	74414963	74414963	0	1	572,	0,	chr11	74415013	74415485	retro_human_5900|AP001372.4-201|processed_pseudogene	0	-	LOC107984356	472
chr11	74675180	74675679	ENSG00000227615[1,1,1]	0	-	74675180	74675180	0	1	499,	0,	chr11	74675230	74675629	retro_human_5891|AP001324.1-201|processed_pseudogene	0	-	RPS12P22	399
chr11	75008760	75009727	ENSG00000213333[1,1,1]	0	-	75008760	75008760	0	1	967,	0,	chr11	75008810	75009677	retro_human_2208|NPM1P50-201|transcribed_processed_pseudogene	0	-	NPM1P50	867
chr11	77667516	77668168	ENSG00000227376[1,1,1]	0	-	77667569	77668118	0	1	652,	0,	chr11	77667566	77668118	retro_human_516|FTH1P16-201|processed_pseudogene	0	-	FTH1P16	552
chr11	77746319	77746611	ENSG00000219529[2,1,2]	0	-	77746319	77746319	0	1	292,	0,	chr11	77746528	77746886	retro_human_519|AP000580.1-201|processed_pseudogene	0	-	RPS20P27	83
chr11	77746478	77746936	ENSG00000219529[1,1,1]	0	-	77746478	77746478	0	1	458,	0,	chr11	77746528	77746886	retro_human_519|AP000580.1-201|processed_pseudogene	0	-	RPS20P27	358
chr11	82625952	82626262	ENSG00000227097[1,1,1]	0	+	82625952	82625952	0	1	310,	0,	chr11	82626002	82626212	retro_human_11170|RPS28P7-201|processed_pseudogene	0	+	RPS28P7	210
chr11	83047479	83047962	ENSG00000254965[1,1,1]	0	-	83047479	83047479	0	1	483,	0,	chr11	83047529	83047912	retro_human_6310|C1DP5-201|processed_pseudogene	0	-	C1DP5	383
chr11	83145823	83146159	ENSG00000255541[1,1,1]	0	+	83145873	83146110	0	1	336,	0,	chr11	83145873	83146109	retro_human_5284|AP000873.5-201|processed_pseudogene	0	+	CKS1BP4	236
chr11	83149429	83149929	ENSG00000241020[1,1,1]	0	+	83149561	83149744	0	1	500,	0,	chr11	83149479	83149879	retro_human_5285|AP000873.1-201|processed_pseudogene	0	+	RPL32P24,ANKRD42	400
chr11	83265305	83265726	ENSG00000255003[1,1,1]	0	+	83265305	83265305	0	1	421,	0,	chr11	83265355	83265676	retro_human_5286|CYCSP28-201|processed_pseudogene	0	+	CYCSP28	321
chr11	86136557	86137792	ENSG00000254502[1,1,1]	0	+	86137060	86137675	0	1	1235,	0,	chr11	86136607	86137742	retro_human_5290|AP003097.1-201|processed_pseudogene	0	+	FNTAP1	1135
chr11	86226275	86227117	ENSG00000254783[1,1,1]	0	+	86226275	86226275	0	1	842,	0,	chr11	86226325	86227067	retro_human_5291|AP003084.1-201|processed_pseudogene	0	+	LOC100289518,EED	742
chr11	86237113	86238030	ENSG00000255222[1,1,1]	0	+	86237113	86237113	0	1	917,	0,	chr11	86237163	86237980	retro_human_5292|SETP17-201|processed_pseudogene	0	+	SETP17	817
chr11	86761840	86762526	ENSG00000271318[1,1,1]	0	-	86761840	86761840	0	1	686,	0,	chr11	86761890	86762476	retro_human_928|MOB4P2-201|processed_pseudogene	0	-	MOB4P2	586
chr11	87264775	87265526	ENSG00000270510[1,1,1]	0	-	87264775	87264775	0	1	751,	0,	chr11	87264825	87265476	retro_human_931|AP000811.1-201|processed_pseudogene	0	-	LOC100420680,TMEM135	651
chr11	87860237	87860389	ENSG00000254794[1,1,1]	0	-	87860237	87860237	0	1	152,	0,	chr11	87860287	87860339	AP000676.1-201|processed_pseudogene	0	-	LOC107984361	52
chr11	89620398	89621060	ENSG00000255385[1,1,1]	0	+	89620398	89620398	0	1	662,	0,	chr11	89620448	89621010	UBTFL10-201|processed_pseudogene	0	+	UBTFL10	562
chr11	94105284	94105933	ENSG00000256745[1,1,1]	0	-	94105284	94105284	0	1	649,	0,	chr11	94105334	94105883	retro_human_3907|AP002784.2-201|processed_pseudogene	0	-	ARPC3P3	549
chr11	95044468	95045543	ENSG00000256779[1,1,1]	0	+	95044468	95044468	0	1	1075,	0,	chr11	95044518	95045493	retro_human_8709|AP002383.3-201|transcribed_processed_pseudogene	0	+	SRSF8BP	975
chr11	95150705	95152294	ENSG00000270689[1,1,1]	0	+	95150705	95150705	0	1	1589,	0,	chr11	95150755	95152244	retro_human_8705|BUD13P1-201|processed_pseudogene	0	+	BUD13P1	1489
chr11	101603438	101604453	ENSG00000254506[2,1,1]	0	+	101603438	101603438	0	1	1015,	0,	chr11	101603488	101604403	retro_human_2882|AP003080.1-202|transcribed_processed_pseudogene	0	+	LOC100127938	915
chr11	102297127	102297974	ENSG00000243777[1,1,1]	0	+	102297127	102297127	0	1	847,	0,	chr11	102297177	102297924	retro_human_2883|AP000942.1-201|processed_pseudogene	0	+	RPS6P17	747
chr11	102810717	102811786	ENSG00000256035[1,1,1]	0	-	102810717	102810717	0	1	1069,	0,	chr11	102810767	102811736	retro_human_9821|AP000619.2-201|processed_pseudogene	0	-	CSNK1A1P2	969
chr11	103048897	103049473	ENSG00000239861[1,1,1]	0	+	103048897	103048897	0	1	576,	0,	chr11	103048947	103049423	retro_human_2880|AP001486.1-201|processed_pseudogene	0	+	RPL21P96	476
chr11	107183388	107184733	ENSG00000255353[1,1,1]	0	+	107183388	107183388	0	1	1345,	0,	chr11	107183438	107184683	retro_human_7776|AP003057.1-201|processed_pseudogene	0	+	ASS1P13	1245
chr11	107915478	107915923	ENSG00000240652[1,1,1]	0	+	107915478	107915478	0	1	445,	0,	chr11	107915528	107915873	retro_human_7774|AP001024.1-201|processed_pseudogene	0	+	RPLP2P3	345
chr11	112040049	112040659	ENSG00000230911[1,1,1]	0	-	112040049	112040049	0	1	610,	0,	chr11	112040099	112040609	retro_human_7736|PPIHP1-201|processed_pseudogene	0	-	PPIHP1	510
chr11	112218901	112219299	ENSG00000255231[1,1,1]	0	+	112218901	112218901	0	1	398,	0,	chr11	112218951	112219249	retro_human_2301|MRPS36P4-201|processed_pseudogene	0	+	MRPS36P4	298
chr11	112228614	112229109	ENSG00000243930[1,1,1]	0	+	112228841	112228988	0	1	495,	0,	chr11	112228664	112229059	retro_human_2300|RPS12P21-201|processed_pseudogene	0	+	RPS12P21,BCO2	395
chr11	113721998	113722777	ENSG00000256091[1,1,1]	0	+	113721998	113721998	0	1	779,	0,	chr11	113722048	113722727	retro_human_2303|MTRF1LP1-201|processed_pseudogene	0	+	MTRF1LP1,TMPRSS5	679
chr11	113799519	113801549	ENSG00000256167[1,1,1]	0	+	113799519	113799519	0	1	2030,	0,	chr11	113799569	113801499	retro_human_2304|ATF4P4-201|transcribed_processed_pseudogene	0	+	ATF4P4	1930
chr11	113799519	113801549	ENSG00000256167[1,1,1]	0	+	113799519	113799519	0	1	2030,	0,	chr11	113799569	113801499	retro_human_2306|ATF4P4-201|transcribed_processed_pseudogene	0	+	ATF4P4	1930
chr11	113799519	113801549	ENSG00000256167[1,1,1]	0	+	113799519	113799519	0	1	2030,	0,	chr11	113799580	113800366	AP003170.2-201|processed_pseudogene	0	+	LOC390251	786
chr11	113799519	113801549	ENSG00000256167[1,1,1]	0	+	113799519	113799519	0	1	2030,	0,	chr11	113800656	113801705	ATF4P4-202|transcribed_processed_pseudogene	0	+	ATF4P4	893
chr11	113831137	113832267	ENSG00000255710[1,1,1]	0	-	113831747	113832014	0	1	1130,	0,	chr11	113831187	113832217	retro_human_2290|AP003170.1-201|processed_pseudogene	0	-	LOC100421976	1030
chr11	114463430	114464590	ENSG00000256533[1,1,1]	0	+	114463430	114463430	0	1	1160,	0,	chr11	114463480	114464540	retro_human_2308|AP002373.2-201|processed_pseudogene	0	+	LOC100422382	1060
chr11	117051004	117051359	ENSG00000234268[1,1,1]	0	-	117051057	117051330	0	1	355,	0,	chr11	117051054	117051309	retro_human_1785|AP000936.3-201|processed_pseudogene	0	-	RPS27P19	255
chr11	117352859	117353335	ENSG00000271412[1,1,1]	0	-	117352859	117352859	0	1	476,	0,	chr11	117352909	117353285	retro_human_7766|PRR13P3-201|processed_pseudogene	0	-	PRR13P3	376
chr11	119424280	119425678	ENSG00000254590[1,1,1]	0	+	119424280	119424280	0	1	1398,	0,	chr11	119424330	119425628	retro_human_7387|AP003396.2-201|processed_pseudogene	0	+	LOC100130353	1298
chr11	119424280	119425678	ENSG00000254590[1,1,1]	0	+	119424280	119424280	0	1	1398,	0,	chr11	119425502	119425767	AP003396.4-201|processed_pseudogene	0	-	LOC100130353	176
chr11	119425452	119425817	ENSG00000254892[1,1,1]	0	-	119425452	119425452	0	1	365,	0,	chr11	119424330	119425628	retro_human_7387|AP003396.2-201|processed_pseudogene	0	+	LOC100130353	176
chr11	119425452	119425817	ENSG00000254892[1,1,1]	0	-	119425452	119425452	0	1	365,	0,	chr11	119425502	119425767	AP003396.4-201|processed_pseudogene	0	-	LOC100130353	265
chr11	121388009	121389121	ENSG00000232460[1,1,1]	0	-	121388009	121388009	0	1	1112,	0,	chr11	121388059	121389071	retro_human_9594|BMPR1AP2-201|processed_pseudogene	0	-	BMPR1AP2	1012
chr11	122988023	122988883	ENSG00000254944[1,1,1]	0	+	122988023	122988023	0	1	860,	0,	chr11	122988073	122988833	retro_human_7382|ATP5PBP5-201|processed_pseudogene	0	+	ATP5PBP5,JHY	760
chr11	123079690	123080031	ENSG00000233541[1,1,1]	0	+	123079690	123079690	0	1	341,	0,	chr11	123079740	123079981	retro_human_1932|RPL31P47-201|processed_pseudogene	0	+	RPL31P47	241
chr11	123626865	123628472	ENSG00000254449[1,1,1]	0	-	123626865	123626865	0	1	1607,	0,	chr11	123626915	123628422	retro_human_8853|SF3A3P2-201|processed_pseudogene	0	-	SF3A3P2	1507
chr11	124836436	124836984	ENSG00000254941[1,1,1]	0	-	124836436	124836436	0	1	548,	0,	chr11	124836486	124836934	retro_human_6473|AP000866.4-201|processed_pseudogene	0	-	LOC107984357	448
chr11	125142179	125143510	ENSG00000187686[2,1,1]	0	+	125142179	125142179	0	1	1331,	0,	chr11	125142229	125143460	retro_human_6981|KRT18P59-201|transcribed_processed_pseudogene	0	+	KRT18P59	1231
chr11	126096987	126098150	ENSG00000254759[1,1,1]	0	+	126096987	126096987	0	1	1163,	0,	chr11	126097037	126098100	retro_human_6982|NAP1L1P1-201|processed_pseudogene	0	+	NAP1L1P1	1063
chr11	127974108	127974950	ENSG00000254612[1,1,1]	0	-	127974108	127974108	0	1	842,	0,	chr11	127974158	127974900	retro_human_2729|DNAJB6P1-201|processed_pseudogene	0	-	DNAJB6P1	742
chr11	130068835	130069290	ENSG00000255262[1,1,1]	0	-	130068835	130068835	0	1	455,	0,	chr11	130068885	130069240	retro_human_8510|ELOBP2-201|processed_pseudogene	0	-	ELOBP2	355
chr11	130331428	130332834	ENSG00000255220[1,1,1]	0	+	130331428	130331428	0	1	1406,	0,	chr11	130331478	130332784	retro_human_1515|DDX18P5-201|processed_pseudogene	0	+	DDX18P5	1306
chr11	134165912	134166514	ENSG00000254481[1,1,1]	0	-	134165912	134165912	0	1	602,	0,	chr11	134165962	134166464	retro_human_6565|PTP4A2P2-201|processed_pseudogene	0	-	PTP4A2P2	502
chr11	134214877	134215563	ENSG00000254616[1,1,1]	0	+	134214877	134214877	0	1	686,	0,	chr11	134214927	134215513	AP001775.1-201|processed_pseudogene	0	+	LOC100533644	586
chr12	1641107	1642944	ENSG00000111186[10,10,7]	0	+	1641419	1642610	0	2	315,790,	0,1047,	chr12	1642104	1642610	retro_human_5914	0	+	WNT5B	506
chr12	3218098	3218453	ENSG00000227081[1,1,1]	0	-	3218098	3218098	0	1	355,	0,	chr12	3218148	3218403	retro_human_2397|AC005912.1-201|processed_pseudogene	0	-	RPS27P3	255
chr12	4104088	4106257	ENSG00000256356[1,1,1]	0	+	4104088	4104088	0	1	2169,	0,	chr12	4104138	4106207	retro_human_4705|HSPA8P5-201|processed_pseudogene	0	+	HSPA8P5	2069
chr12	4116299	4116954	ENSG00000242444[1,1,1]	0	-	4116299	4116299	0	1	655,	0,	chr12	4116349	4116904	retro_human_2223|AC007207.1-201|transcribed_processed_pseudogene	0	-	RPL18P9,LOC124900317	555
chr12	4116666	4124870	ENSG00000242444[2,2,2]	0	-	4116666	4116666	0	2	303,295,	0,7909,	chr12	4116716	4124820	AC007207.1-202|transcribed_processed_pseudogene	0	-	RPL18P9	8104
chr12	6420355	6420832	ENSG00000213942[1,1,1]	0	-	6420355	6420355	0	1	477,	0,	chr12	6420405	6420782	retro_human_5889|AC005840.1-201|processed_pseudogene	0	-	RPL31P10	377
chr12	6448831	6449286	ENSG00000224906[1,1,1]	0	+	6448831	6448831	0	1	455,	0,	chr12	6448881	6449236	retro_human_773|SRP14P1-201|processed_pseudogene	0	+	SRP14P1	355
chr12	6474915	6476660	ENSG00000139190[2,5,3]	0	-	6475262	6476610	0	3	410,159,98,	0,1264,1647,	chr12	6476177	6476401	retro_human_5890	0	-	VAMP1	224
chr12	6488012	6490606	ENSG00000256913[1,1,1]	0	+	6488012	6488012	0	1	2594,	0,	chr12	6488062	6490556	retro_human_774|AC005840.3-201|processed_pseudogene	0	+	PKP2P1	2494
chr12	6892959	6895099	ENSG00000248593[3,1,1]	0	+	6893321	6893753	0	1	2140,	0,	chr12	6894164	6894607	retro_human_10780	0	+	DSTNP2	443
chr12	6893893	6895099	ENSG00000248593[1,1,1]	0	+	6894211	6894643	0	1	1206,	0,	chr12	6894164	6894607	retro_human_10780	0	+	DSTNP2	443
chr12	8030761	8031521	ENSG00000255581[1,1,1]	0	-	8030761	8030761	0	1	760,	0,	chr12	8030811	8031471	retro_human_11125|AC006511.2-201|processed_pseudogene	0	-	LOC100462988	660
chr12	8382912	8383381	ENSG00000256552[2,1,1]	0	+	8382912	8382912	0	1	469,	0,	chr12	8382962	8383331	retro_human_5278|AC092745.2-202|transcribed_processed_pseudogene	0	+	LOC101927966	369
chr12	8587687	8590521	ENSG00000111732[4,12,2]	0	-	8587740	8590460	0	4	104,116,271,202,	0,573,982,2632,	chr12	8588578	8588937	retro_human_11021	0	-	AICDA	359
chr12	9018482	9019483	ENSG00000255776[1,1,1]	0	+	9018482	9018482	0	1	1001,	0,	chr12	9018532	9019433	retro_human_5281|VDAC2P2-201|processed_pseudogene	0	+	VDAC2P2	901
chr12	9222451	9222897	ENSG00000231503[1,1,1]	0	-	9222451	9222451	0	1	446,	0,	chr12	9222501	9222847	retro_human_11019|PTMAP4-201|processed_pseudogene	0	-	LINC00987,PTMAP4	346
chr12	9222468	9225618	ENSG00000237248[1,1,1]	0	+	9222468	9222468	0	2	587,1985,	0,1165,	chr12	9222501	9222847	retro_human_11019|PTMAP4-201|processed_pseudogene	0	-	LINC00987,PTMAP4	346
chr12	9581543	9582490	ENSG00000213443[1,1,1]	0	+	9581784	9582441	0	1	947,	0,	chr12	9581593	9582440	retro_human_5273|AC007068.1-201|processed_pseudogene	0	+	NPM1P7,CLEC2D	847
chr12	11369629	11370253	ENSG00000278654[1,1,1]	0	+	11369629	11369629	0	1	624,	0,	chr12	11369679	11370203	AC007450.4-201|processed_pseudogene	0	+	IQSEC3P2	524
chr12	11381850	11383364	ENSG00000270863[1,1,1]	0	+	11381850	11381850	0	1	1514,	0,	chr12	11381900	11383314	retro_human_6038|DDX55P1-201|processed_pseudogene	0	+	DDX55P1	1414
chr12	11980238	11980665	ENSG00000198134[1,1,1]	0	+	11980288	11980642	0	1	427,	0,	chr12	11980288	11980615	retro_human_10361|PTMAP9-201|processed_pseudogene	0	+	PTMAP9	327
chr12	12321211	12321690	ENSG00000271370[1,1,1]	0	-	12321211	12321211	0	1	479,	0,	chr12	12321261	12321640	retro_human_5123|AC007619.2-201|processed_pseudogene	0	-	LOC107001063	379
chr12	12714331	12714707	ENSG00000242329[1,1,1]	0	-	12714331	12714331	0	1	376,	0,	chr12	12714381	12714657	retro_human_5119|AC007215.1-201|processed_pseudogene	0	-	RPL37AP9	276
chr12	12724489	12725349	ENSG00000241352[1,1,1]	0	+	12724489	12724489	0	1	860,	0,	chr12	12724539	12725299	retro_human_8459|AC007688.2-201|processed_pseudogene	0	+	RPS6P1	760
chr12	12749030	12749739	ENSG00000234498[1,1,1]	0	+	12749030	12749030	0	1	709,	0,	chr12	12749080	12749689	retro_human_7257|RPL13AP20-201|processed_pseudogene	0	+	RPL13AP20	609
chr12	14068806	14069189	ENSG00000227760[1,1,1]	0	+	14068806	14068806	0	1	383,	0,	chr12	14068856	14069139	AC135001.1-201|processed_pseudogene	0	+	HMGN1P23	283
chr12	16390800	16391827	ENSG00000256450[1,1,1]	0	+	16390800	16390800	0	1	1027,	0,	chr12	16390850	16391777	retro_human_4883|AC007552.1-201|processed_pseudogene	0	+	GOT2P4	927
chr12	18965814	18966652	ENSG00000227525[1,1,1]	0	+	18965814	18965814	0	1	838,	0,	chr12	18965864	18966602	retro_human_9955|RPL7P6-201|processed_pseudogene	0	+	RPL7P6	738
chr12	18984529	18984959	ENSG00000256844[1,1,1]	0	-	18984529	18984529	0	1	430,	0,	chr12	18984579	18984909	retro_human_2478|MEF2BNBP1-201|processed_pseudogene	0	-	BORCS8P1	330
chr12	19289879	19290288	ENSG00000255909[1,1,1]	0	+	19289977	19290133	0	1	409,	0,	chr12	19289929	19290238	retro_human_9949|PDCD5P1-201|processed_pseudogene	0	+	PDCD5P1	309
chr12	20328058	20328587	ENSG00000131982[1,1,1]	0	-	20328058	20328058	0	1	529,	0,	chr12	20328108	20328537	retro_human_2471|UBE2L2-201|processed_pseudogene	0	-	UBE2L2	429
chr12	20430001	20431524	ENSG00000256663[1,1,1]	0	+	20430003	20431470	0	1	1523,	0,	chr12	20430051	20431474	retro_human_4842|AC112777.1-201|processed_pseudogene	0	+	LOC728688	1423
chr12	25308593	25309351	ENSG00000256079[1,1,1]	0	-	25308593	25308593	0	1	758,	0,	chr12	25308643	25309301	FAM133GP-201|processed_pseudogene	0	-	FAM133GP	658
chr12	25675830	25677159	ENSG00000255725[1,1,1]	0	+	25675830	25675830	0	1	1329,	0,	chr12	25675880	25677109	retro_human_8982|TDGP1-201|processed_pseudogene	0	+	TDGP1	1229
chr12	27365453	27373906	ENSG00000165935[4,6,1]	0	+	27367395	27373789	0	3	571,176,313,	0,1900,8140,	chr12	27368610	27370263	retro_human_9539|RARS1P1-201|processed_pseudogene	0	+	RARS1P1	1653
chr12	31128465	31129171	ENSG00000243517[1,1,1]	0	-	31128465	31128465	0	1	706,	0,	chr12	31128515	31129121	retro_human_6730|AC024940.2-201|processed_pseudogene	0	-	RPL13AP22	606
chr12	31353979	31354561	ENSG00000256159[1,1,1]	0	+	31353979	31353979	0	1	582,	0,	chr12	31354029	31354511	retro_human_9538|AC022080.2-201|processed_pseudogene	0	+	MRPL30P2	482
chr12	31492258	31493027	ENSG00000233381[2,3,3]	0	-	31492258	31492258	0	1	769,	0,	chr12	31492308	31492977	retro_human_6095|AK4P3-201|processed_pseudogene	0	-	AK4P3	669
chr12	31592139	31592679	ENSG00000276058[1,1,1]	0	-	31592179	31592323	0	1	540,	0,	chr12	31592189	31592629	retro_human_10090|STMN1P1-201|processed_pseudogene	0	-	STMN1P1	440
chr12	31631505	31632007	ENSG00000223722[1,1,1]	0	+	31631505	31631505	0	1	502,	0,	chr12	31631555	31631957	retro_human_1334|IFITM3P2-201|processed_pseudogene	0	+	IFITM3P2	402
chr12	31773429	31773833	ENSG00000244436[1,1,1]	0	+	31773429	31773429	0	1	404,	0,	chr12	31773479	31773783	AC023050.1-201|processed_pseudogene	0	+	RPLP2P4	304
chr12	31824252	31824846	ENSG00000242314[1,1,1]	0	+	31824252	31824252	0	1	594,	0,	chr12	31824302	31824796	retro_human_2504|RPL12P32-201|processed_pseudogene	0	+	RPL12P32	494
chr12	32739050	32739466	ENSG00000244743[1,1,1]	0	+	32739050	32739050	0	1	416,	0,	chr12	32739100	32739416	retro_human_4057|AC087588.1-201|processed_pseudogene	0	+	RPL35AP27	316
chr12	34085998	34087359	ENSG00000258794[1,1,1]	0	-	34085998	34085998	0	1	1361,	0,	chr12	34086048	34087309	retro_human_9336|DUX4L27-201|processed_pseudogene	0	-	DUX4L27	1261
chr12	42244807	42246557	ENSG00000257674[1,1,1]	0	+	42244857	42245622	0	1	1750,	0,	chr12	42244857	42246507	retro_human_9136|AC020629.1-201|processed_pseudogene	0	+	LOC727884	1650
chr12	45131618	45133385	ENSG00000134297[1,1,2]	0	-	45131618	45131618	0	1	1767,	0,	chr12	45131811	45133335	retro_human_7685|PLEKHA8P1-202|transcribed_processed_pseudogene	0	-	PLEKHA8P1	1524
chr12	45159403	45160238	ENSG00000257738[1,1,1]	0	+	45159403	45159403	0	1	835,	0,	chr12	45159453	45160188	retro_human_9135|AC009248.1-201|processed_pseudogene	0	+	LOC100419293	735
chr12	47096214	47096719	ENSG00000258352[1,1,1]	0	-	47096214	47096214	0	1	505,	0,	chr12	47096264	47096668	retro_human_1364|IFITM3P6-202|transcribed_processed_pseudogene	0	-	IFITM3P6	404
chr12	48121550	48122284	ENSG00000258051[1,1,1]	0	-	48121550	48121550	0	1	734,	0,	chr12	48121600	48122234	retro_human_1319|AC074029.2-201|processed_pseudogene	0	-	LOC100421855	634
chr12	48762551	48763162	ENSG00000271547[1,1,1]	0	-	48762551	48762551	0	1	611,	0,	chr12	48762601	48763112	retro_human_4274|AC117498.2-201|processed_pseudogene	0	-	LOC390314	511
chr12	48865555	48866051	ENSG00000239617[1,1,1]	0	-	48865605	48865848	0	1	496,	0,	chr12	48865605	48866001	retro_human_4273|AC073610.1-201|processed_pseudogene	0	-	RPL32P27	396
chr12	49351689	49352436	ENSG00000257954[1,1,1]	0	+	49351739	49352066	0	1	747,	0,	chr12	49351739	49352386	retro_human_8421|AC125611.2-201|processed_pseudogene	0	+	LOC100335030	647
chr12	49556301	49556569	ENSG00000258284[1,1,1]	0	+	49556301	49556301	0	1	268,	0,	chr12	49556351	49556519	retro_human_8385|POLR2KP1-201|processed_pseudogene	0	+	POLR2KP1	168
chr12	49935797	49938944	ENSG00000086159[1,1,4]	0	+	49936184	49938679	0	4	789,159,81,469,	0,1537,1959,2678,	chr12	49936257	49936688	retro_human_7250	0	+	AQP6	431
chr12	51087504	51088362	ENSG00000257246[1,1,2]	0	-	51087557	51088160	0	1	858,	0,	chr12	51087554	51088308	retro_human_10173|PHBP19-201|processed_pseudogene	0	-	PHB1P19	754
chr12	53106379	53106754	ENSG00000258016[1,1,1]	0	+	53106379	53106379	0	1	375,	0,	chr12	53106429	53106704	retro_human_10864|HIGD1AP1-201|processed_pseudogene	0	+	HIGD1AP1	275
chr12	53118817	53120130	ENSG00000257790[1,1,1]	0	+	53118817	53118817	0	1	1313,	0,	chr12	53118867	53120080	retro_human_10862|EIF4A1P4-201|processed_pseudogene	0	+	EIF4A1P4	1213
chr12	53951589	53955551	ENSG00000180818[2,3,4]	0	+	53954795	53954951	0	2	112,875,	0,3087,	chr12	53954484	53954918	retro_human_1530	0	+	HOXC10	434
chr12	53951795	53955268	ENSG00000180818[3,4,3]	0	+	53954795	53954951	0	2	93,592,	0,2881,	chr12	53954484	53954918	retro_human_1530	0	+	HOXC10	434
chr12	53951795	53955268	ENSG00000180818[3,5,3]	0	+	53954795	53954951	0	2	399,592,	0,2881,	chr12	53954484	53954918	retro_human_1530	0	+	HOXC10	434
chr12	55378224	55381385	ENSG00000179899[1,1,1]	0	-	55378224	55378224	0	1	3161,	0,	chr12	55378274	55381335	retro_human_3860|PHC1P1-201|processed_pseudogene	0	-	PHC1P1	3061
chr12	55866994	55867413	ENSG00000257569[1,1,1]	0	+	55866994	55866994	0	1	419,	0,	chr12	55867044	55867363	retro_human_1945|GSTP1P1-201|processed_pseudogene	0	+	GSTP1P1	319
chr12	56478618	56480420	ENSG00000257576[1,1,1]	0	+	56478618	56478618	0	1	1802,	0,	chr12	56478668	56480370	retro_human_8171|HSPD1P4-201|processed_pseudogene	0	+	HSPD1P4	1702
chr12	62944014	62944753	ENSG00000139239[1,1,1]	0	+	62944014	62944014	0	1	739,	0,	chr12	62944064	62944703	retro_human_8526|RPL14P1-201|processed_pseudogene	0	+	RPL14P1	639
chr12	63800679	63802654	ENSG00000255642[1,1,1]	0	+	63800679	63800679	0	1	1975,	0,	chr12	63800729	63802604	retro_human_8521|PABPC1P4-201|processed_pseudogene	0	+	PABPC1P4	1875
chr12	64245179	64245633	ENSG00000256192[1,1,1]	0	+	64245179	64245179	0	1	454,	0,	chr12	64245229	64245583	retro_human_8520|AC012158.2-201|processed_pseudogene	0	+	OOEPP2,C12orf56	354
chr12	65737449	65737945	ENSG00000241749[3,1,1]	0	-	65737449	65737449	0	1	496,	0,	chr12	65737600	65738478	retro_human_1780|RPSAP52-202|transcribed_processed_pseudogene	0	-	RPSAP52	345
chr12	65737449	65738528	ENSG00000241749[1,1,1]	0	-	65737449	65737449	0	1	1079,	0,	chr12	65737600	65738478	retro_human_1780|RPSAP52-202|transcribed_processed_pseudogene	0	-	RPSAP52	878
chr12	66016655	66017236	ENSG00000213343[1,1,1]	0	+	66016655	66016655	0	1	581,	0,	chr12	66016705	66017185	retro_human_2678|RPL21P18-201|processed_pseudogene	0	+	RPL21P18	480
chr12	66213560	66214816	ENSG00000225422[1,1,1]	0	-	66213560	66213560	0	1	1256,	0,	chr12	66213610	66214766	retro_human_6255|RBMS1P1-201|processed_pseudogene	0	-	RBMS1P1	1156
chr12	67245178	67246403	ENSG00000237766[1,1,1]	0	-	67245178	67245178	0	1	1225,	0,	chr12	67245228	67246353	retro_human_1772|GGTA2P-201|processed_pseudogene	0	-	GGTA2P	1125
chr12	67245178	67246403	ENSG00000237766[1,1,1]	0	-	67245178	67245178	0	1	1225,	0,	chr12	67245228	67246353	retro_human_6136|GGTA2P-201|processed_pseudogene	0	-	GGTA2P	1125
chr12	67330916	67331620	ENSG00000256037[1,1,1]	0	+	67330916	67330916	0	1	704,	0,	chr12	67330966	67331570	retro_human_2679|MRPL40P1-201|processed_pseudogene	0	+	MRPL40P1	604
chr12	68015232	68016420	ENSG00000236946[1,1,1]	0	+	68015232	68015232	0	1	1188,	0,	chr12	68015282	68016369	retro_human_2680|HNRNPA1P70-201|transcribed_processed_pseudogene	0	+	HNRNPA1P70	1087
chr12	68122790	68123263	ENSG00000256708[1,1,1]	0	+	68122790	68122790	0	1	473,	0,	chr12	68122840	68123213	retro_human_2674|AC007458.1-201|processed_pseudogene	0	+	LOC100509370	373
chr12	68820365	68823824	ENSG00000135679[10,42,9]	0	+	68821811	68822003	255	2	2426,482,	0,2977,	chr12	68821524	68821963	retro_human_2673|AC025423.2-201|processed_pseudogene	0	+	MDM2	439
chr12	68820365	68823824	ENSG00000135679[10,35,9]	0	+	68821811	68822003	0	2	2478,505,	0,2954,	chr12	68821524	68821963	retro_human_2673|AC025423.2-201|processed_pseudogene	0	+	MDM2	439
chr12	68821474	68822013	ENSG00000256664[1,1,1]	0	+	68821811	68822003	0	1	539,	0,	chr12	68821524	68821963	retro_human_2673|AC025423.2-201|processed_pseudogene	0	+	MDM2	439
chr12	68936900	68937301	ENSG00000257336[1,1,1]	0	-	68936995	68937199	0	1	401,	0,	chr12	68936950	68937251	retro_human_6137|PRELID2P1-201|processed_pseudogene	0	-	PRELID2P1	301
chr12	69263281	69264471	ENSG00000257818[1,1,1]	0	+	69263281	69263281	0	1	1190,	0,	chr12	69263331	69264421	retro_human_9556|C1GALT1P1-201|processed_pseudogene	0	+	C1GALT1P1	1090
chr12	70651272	70652311	ENSG00000257302[1,1,1]	0	+	70651272	70651272	0	1	1039,	0,	chr12	70651322	70652261	retro_human_9560|FAHD2P1-201|processed_pseudogene	0	+	FAHD2P1,PTPRR	939
chr12	71826655	71827956	ENSG00000257802[1,1,1]	0	-	71826655	71826655	0	1	1301,	0,	chr12	71826705	71827906	retro_human_6141|AC089984.2-201|processed_pseudogene	0	-	MRS2P2	1201
chr12	72407413	72407867	ENSG00000257287[1,1,1]	0	-	72407413	72407413	0	1	454,	0,	chr12	72407463	72407817	retro_human_345|H3P35-201|processed_pseudogene	0	-	H3P35,TRHDE	354
chr12	74265916	74266854	ENSG00000251138[6,7,8]	0	-	74265916	74265916	0	1	938,	0,	chr12	74266183	74266956	retro_human_9555|VENTXP3-201|processed_pseudogene	0	+	VENTXP3	671
chr12	74266133	74267006	ENSG00000257364[1,1,1]	0	+	74266133	74266133	0	1	873,	0,	chr12	74266183	74266956	retro_human_9555|VENTXP3-201|processed_pseudogene	0	+	VENTXP3	773
chr12	75939833	75940130	ENSG00000198923[1,1,1]	0	+	75939833	75939833	0	1	297,	0,	chr12	75939883	75940080	retro_human_4078|AC011611.1-201|processed_pseudogene	0	+	LOC100289143	197
chr12	76032566	76033244	ENSG00000257941[1,1,1]	0	+	76032566	76032566	0	1	678,	0,	chr12	76032616	76033194	retro_human_4085|AC011611.5-201|processed_pseudogene	0	+	LOC128966777	578
chr12	76735050	76735874	ENSG00000258090[1,1,1]	0	+	76735050	76735050	0	1	824,	0,	chr12	76735100	76735824	retro_human_9967|AC093014.1-201|processed_pseudogene	0	+	RWDD1P3	724
chr12	80007606	80008445	ENSG00000239473[1,1,1]	0	+	80007606	80007606	0	1	839,	0,	chr12	80007656	80008395	retro_human_9965|RPL7P38-201|processed_pseudogene	0	+	RPL7P38	739
chr12	80839727	80840381	ENSG00000258215[1,1,1]	0	-	80840023	80840242	0	1	654,	0,	chr12	80839777	80840331	retro_human_6525|AC078886.1-201|processed_pseudogene	0	-	LOC100420442	554
chr12	87764607	87766155	ENSG00000258128[2,1,2]	0	-	87764607	87764607	0	1	1548,	0,	chr12	87764657	87766105	MKRN9P-201|transcribed_processed_pseudogene	0	-	MKRN9P	1448
chr12	89901275	89901715	ENSG00000258290[1,1,1]	0	-	89901275	89901275	0	1	440,	0,	chr12	89901325	89901665	BRWD1P2-201|processed_pseudogene	0	-	BRWD1P2	340
chr12	92835632	92836927	ENSG00000258012[1,1,1]	0	+	92835632	92835632	0	1	1295,	0,	chr12	92835682	92836877	retro_human_4493|AC026111.1-201|processed_pseudogene	0	+	LOC100287544	1195
chr12	92861319	92862347	ENSG00000257195[1,1,1]	0	+	92861319	92861319	0	1	1028,	0,	chr12	92861369	92862297	retro_human_4492|HNRNPA1P50-201|processed_pseudogene	0	+	HNRNPA1P50	928
chr12	93064050	93064530	ENSG00000256393[1,1,2]	0	-	93064050	93064050	0	1	480,	0,	chr12	93064402	93064480	RPL41P5-201|processed_pseudogene	0	-	RPL41P5	78
chr12	93064352	93064530	ENSG00000256393[1,1,1]	0	-	93064352	93064352	0	1	178,	0,	chr12	93064402	93064480	RPL41P5-201|processed_pseudogene	0	-	RPL41P5	78
chr12	93104851	93105432	ENSG00000257210[1,1,1]	0	-	93104851	93104851	0	1	581,	0,	chr12	93104901	93105382	NACAP8-201|processed_pseudogene	0	-	LOC124906981	481
chr12	93622209	93623074	ENSG00000186076[1,1,1]	0	-	93622209	93622209	0	1	865,	0,	chr12	93622259	93623024	retro_human_817|AC012085.1-201|processed_pseudogene	0	-	LOC642969	765
chr12	94404517	94405843	ENSG00000213250[1,1,1]	0	-	94405047	94405206	0	1	1326,	0,	chr12	94404567	94405793	retro_human_4948|RBMS2P1-201|processed_pseudogene	0	-	RBMS2P1	1226
chr12	94814968	94816080	ENSG00000216306[1,1,1]	0	+	94814968	94814968	0	1	1112,	0,	chr12	94815018	94816030	retro_human_8728|KRT19P2-202|transcribed_processed_pseudogene	0	+	KRT19P2	1012
chr12	94814968	94816080	ENSG00000216306[1,1,1]	0	+	94814968	94814968	0	1	1112,	0,	chr12	94815325	94815900	KRT19P2-201|transcribed_processed_pseudogene	0	+	KRT19P2	575
chr12	95081190	95081806	ENSG00000257121[1,1,1]	0	+	95081190	95081190	0	1	616,	0,	chr12	95081240	95081756	retro_human_8729|AC126615.2-201|processed_pseudogene	0	+	LOC100287148	516
chr12	95267038	95267659	ENSG00000257666[1,1,1]	0	-	95267038	95267038	0	1	621,	0,	chr12	95267088	95267609	retro_human_7112|CBX3P5-201|processed_pseudogene	0	-	CBX3P5	521
chr12	98427024	98430435	ENSG00000227825[1,1,1]	0	-	98427024	98427024	0	1	3411,	0,	chr12	98427074	98430385	retro_human_8411|SLC9A7P1-201|transcribed_processed_pseudogene	0	-	SLC9A7P1	3311
chr12	98427024	98430435	ENSG00000227825[1,1,1]	0	-	98427024	98427024	0	1	3411,	0,	chr12	98428116	98430355	SLC9A7P1-202|transcribed_processed_pseudogene	0	-	SLC9A7P1	2239
chr12	98428066	98430435	ENSG00000227825[1,1,2]	0	-	98428066	98428066	0	1	2369,	0,	chr12	98427074	98430385	retro_human_8411|SLC9A7P1-201|transcribed_processed_pseudogene	0	-	SLC9A7P1	2319
chr12	98428066	98430435	ENSG00000227825[1,1,2]	0	-	98428066	98428066	0	1	2369,	0,	chr12	98428116	98430355	SLC9A7P1-202|transcribed_processed_pseudogene	0	-	SLC9A7P1	2239
chr12	99970220	99971107	ENSG00000214203[1,1,1]	0	-	99970220	99970220	0	1	887,	0,	chr12	99970270	99971057	retro_human_8397|RPS4XP1-201|processed_pseudogene	0	-	RPS4XP1	787
chr12	101734290	101735032	ENSG00000258230[2,1,1]	0	-	101734471	101734606	0	1	742,	0,	chr12	101734340	101734648	AC063950.1-201|transcribed_processed_pseudogene	0	-	ST13P22	308
chr12	101734290	101735032	ENSG00000258230[2,1,1]	0	-	101734471	101734606	0	1	742,	0,	chr12	101734414	101734982	AC063950.1-202|transcribed_processed_pseudogene	0	-	ST13P22	568
chr12	101834483	101834891	ENSG00000258153[1,1,1]	0	-	101834483	101834483	0	1	408,	0,	chr12	101834533	101834841	retro_human_1650|HSPE1P4-201|processed_pseudogene	0	-	HSPE1P4	308
chr12	103992405	103993270	ENSG00000216285[1,1,1]	0	+	103992405	103992405	0	1	865,	0,	chr12	103992455	103993220	retro_human_9171|AC078819.1-201|processed_pseudogene	0	+	LOC643576	765
chr12	104475635	104476146	ENSG00000258111[1,1,1]	0	+	104475685	104475838	0	1	511,	0,	chr12	104475685	104476096	retro_human_9175|AC079316.1-201|processed_pseudogene	0	+	LOC124903004	411
chr12	108249274	108250507	ENSG00000257281[1,1,1]	0	-	108249274	108249274	0	1	1233,	0,	chr12	108249324	108250457	retro_human_5704|AC009729.1-201|processed_pseudogene	0	-	LOC196469	1133
chr12	111558256	111558751	ENSG00000238168[1,1,1]	0	+	111558256	111558256	0	1	495,	0,	chr12	111558306	111558701	retro_human_3695|IFITM3P5-201|processed_pseudogene	0	+	IFITM3P5	395
chr12	111646723	111647334	ENSG00000258359[1,1,1]	0	-	111647071	111647287	0	1	611,	0,	chr12	111646773	111647284	retro_human_11160|PCNPP1-201|processed_pseudogene	0	-	PCNPP1	511
chr12	111876121	111878350	ENSG00000229186[1,1,1]	0	+	111876338	111876686	0	1	2229,	0,	chr12	111876396	111878288	retro_human_3694	0	+	ADAM1A,MAPKAPK5	1892
chr12	111977593	111977940	ENSG00000257624[1,1,1]	0	-	111977644	111977830	0	1	347,	0,	chr12	111977643	111977890	retro_human_11158|AC004024.1-201|processed_pseudogene	0	-	LOC724085	247
chr12	113030663	113031137	ENSG00000242461[1,1,1]	0	+	113030663	113030663	0	1	474,	0,	chr12	113030713	113031087	retro_human_3692|RPS15AP32-201|processed_pseudogene	0	+	RPS15AP32	374
chr12	119182232	119182877	ENSG00000213144[1,1,1]	0	+	119182463	119182655	0	1	645,	0,	chr12	119182282	119182827	retro_human_11243|AC084880.1-201|processed_pseudogene	0	+	LOC100287653	545
chr12	120269424	120269938	ENSG00000123009[1,1,1]	0	+	120269424	120269424	0	1	514,	0,	chr12	120269474	120269888	retro_human_5736|NME2P1-201|processed_pseudogene	0	+	NME2P1	414
chr12	120289459	120291302	ENSG00000089163[1,2,2]	0	+	120289459	120289459	0	2	113,518,	0,1325,	chr12	120290801	120291406	retro_human_5735	0	+	SIRT4	501
chr12	120358514	120358915	ENSG00000239881[2,1,1]	0	+	120358514	120358514	0	1	401,	0,	chr12	120358564	120358812	retro_human_5741|RPS27P25-201|transcribed_processed_pseudogene	0	+	RPS27P25	248
chr12	120905789	120906381	ENSG00000244585[1,1,1]	0	+	120905789	120905789	0	1	592,	0,	chr12	120905839	120906331	retro_human_5739|RPL12P33-201|processed_pseudogene	0	+	RPL12P33	492
chr12	121097851	121098222	ENSG00000223538[1,1,1]	0	+	121097851	121097851	0	1	371,	0,	chr12	121097901	121098172	retro_human_5742|AC079602.1-201|processed_pseudogene	0	+	LOC105370031	271
chr12	124314015	124317021	ENSG00000178882[3,3,2]	0	+	124314043	124316870	0	2	270,482,	0,2524,	chr12	124316478	124316825	retro_human_5723	0	+	RFLNA,ZNF664-RFLNA	347
chr12	126874740	126875798	ENSG00000255923[1,1,1]	0	+	126874740	126874740	0	1	1058,	0,	chr12	126874790	126875748	AC078878.1-201|processed_pseudogene	0	+	LOC121296	958
chr12	132950692	132951177	ENSG00000255703[1,1,1]	0	+	132950692	132950692	0	1	485,	0,	chr12	132950742	132951127	retro_human_4505|AC127070.3-201|processed_pseudogene	0	+	LOC647503	385
chr12	133029654	133030307	ENSG00000256563[1,1,1]	0	-	133029654	133029654	0	1	653,	0,	chr12	133029704	133030257	NANOGNBP2-201|processed_pseudogene	0	-	NANOGNBP2	553
chr12	133061693	133069517	ENSG00000198393[2,6,4]	0	+	133064408	133068818	0	3	2815,96,2042,	0,3083,5782,	chr12	133067700	133068998	retro_human_4507	0	+	ZNF26	1298
chr13	13611787	13613067	ENSG00000279730[1,1,1]	0	-	13613067	13613067	0	1	1280,	0,	chr13	13611837	13613017	retro_human_5417|KMT5AP1-201|processed_pseudogene	0	-	KMT5AP1,IGSF3P1	1180
chr13	17894331	17895638	ENSG00000226361[1,1,1]	0	+	17894331	17894331	0	1	1307,	0,	chr13	17894381	17895588	retro_human_11149|TERF1P5-201|processed_pseudogene	0	+	TERF1P5	1207
chr13	17910964	17911569	ENSG00000228797[1,1,1]	0	+	17910964	17910964	0	1	605,	0,	chr13	17911014	17911519	retro_human_11150|FAM207BP-201|processed_pseudogene	0	+	FAM207BP	505
chr13	18654445	18654866	ENSG00000223625[1,1,1]	0	-	18654501	18654816	0	1	421,	0,	chr13	18654495	18654816	retro_human_5410|CYCSP32-201|processed_pseudogene	0	-	CYCSP32	321
chr13	18759592	18761004	ENSG00000238132[1,1,1]	0	-	18759592	18759592	0	1	1412,	0,	chr13	18759642	18760954	retro_human_10917|CASC4P1-201|processed_pseudogene	0	-	GOLM2P1	1312
chr13	19014284	19014882	ENSG00000233469[1,1,1]	0	-	19014284	19014284	0	1	598,	0,	chr13	19014334	19014832	retro_human_10918|ST6GALNAC4P1-201|processed_pseudogene	0	-	ST6GALNAC4P1	498
chr13	20154371	20155357	ENSG00000213621[1,1,1]	0	+	20154371	20154371	0	1	986,	0,	chr13	20154421	20155307	retro_human_2765|RPSAP54-201|processed_pseudogene	0	+	RPSAP54	886
chr13	20287352	20287852	ENSG00000180172[1,1,1]	0	-	20287352	20287352	0	1	500,	0,	chr13	20287402	20287802	retro_human_7626|RPS12P23-201|processed_pseudogene	0	-	RPS12P23	400
chr13	20512190	20514289	ENSG00000215571[1,1,1]	0	+	20512190	20512190	0	1	2099,	0,	chr13	20512240	20514239	retro_human_5666|GRK6P1-201|processed_pseudogene	0	+	GRK6P1	1999
chr13	20822691	20823394	ENSG00000226525[1,1,1]	0	-	20822691	20822691	0	1	703,	0,	chr13	20822741	20823344	retro_human_7624|RPS7P10-201|processed_pseudogene	0	-	RPS7P10	603
chr13	22035025	22035980	ENSG00000226507[1,1,1]	0	-	22035025	22035025	0	1	955,	0,	chr13	22035075	22035930	retro_human_1116|IPMKP1-201|processed_pseudogene	0	-	IPMKP1	855
chr13	22096159	22096924	ENSG00000230535[1,1,1]	0	-	22096159	22096159	0	1	765,	0,	chr13	22096209	22096874	BASP1P1-201|processed_pseudogene	0	-	BASP1P1	665
chr13	22116506	22120191	ENSG00000234685[1,1,2]	0	+	22116506	22116506	0	1	3685,	0,	chr13	22116556	22117429	retro_human_5665|NUS1P2-201|processed_pseudogene	0	+	LINC00621,NUS1P2	873
chr13	22116506	22117479	ENSG00000234685[1,1,1]	0	+	22116506	22116506	0	1	973,	0,	chr13	22116556	22117429	retro_human_5665|NUS1P2-201|processed_pseudogene	0	+	LINC00621,NUS1P2	873
chr13	23329036	23330886	ENSG00000225674[1,1,1]	0	-	23329036	23329036	0	1	1850,	0,	chr13	23329086	23330836	retro_human_3414|IPO7P2-201|processed_pseudogene	0	-	IPO7P2	1750
chr13	23535240	23536202	ENSG00000234627[1,1,1]	0	+	23535240	23535240	0	1	962,	0,	chr13	23535290	23536152	retro_human_307|NUS1P3-201|processed_pseudogene	0	+	NUS1P3	862
chr13	24197240	24197723	ENSG00000232858[1,1,1]	0	-	24197240	24197240	0	1	483,	0,	chr13	24197289	24197638	retro_human_2188|RPL34P27-201|processed_pseudogene	0	-	RPL34P27	349
chr13	24575437	24575894	ENSG00000234152[1,1,1]	0	-	24575437	24575437	0	1	457,	0,	chr13	24575487	24575844	retro_human_2190|ELOBP1-201|processed_pseudogene	0	-	ELOBP1	357
chr13	27166656	27166912	ENSG00000180389[1,1,1]	0	+	27166656	27166656	0	1	256,	0,	chr13	27166706	27166862	retro_human_3034|ATP5F1EP2-201|processed_pseudogene	0	+	ATP5F1EP2	156
chr13	29518567	29519256	ENSG00000215049[1,1,1]	0	+	29518567	29518567	0	1	689,	0,	chr13	29518617	29519206	retro_human_7734|PRDX2P1-201|processed_pseudogene	0	+	PRDX2P1	589
chr13	29776018	29777142	ENSG00000224117[1,1,1]	0	+	29776018	29776018	0	1	1124,	0,	chr13	29776068	29777092	retro_human_680|PTPN2P2-201|processed_pseudogene	0	+	PTPN2P2	1024
chr13	31601846	31603395	ENSG00000215515[1,1,1]	0	+	31602218	31602692	0	1	1549,	0,	chr13	31601896	31603345	IFIT1P1-201|processed_pseudogene	0	+	IFIT1P1	1449
chr13	34469363	34470223	ENSG00000234835[1,1,1]	0	+	34469988	34470180	0	1	860,	0,	chr13	34469413	34470173	retro_human_674|PHBP13-201|processed_pseudogene	0	+	PHB1P13	760
chr13	36440171	36440656	ENSG00000230283[1,1,1]	0	-	36440171	36440171	0	1	485,	0,	chr13	36440221	36440606	retro_human_9247|RPS12P24-201|processed_pseudogene	0	-	RPS12P24	385
chr13	37212654	37214390	ENSG00000228036[1,1,1]	0	-	37212654	37212654	0	1	1736,	0,	chr13	37212704	37214340	retro_human_9315|HSPD1P9-201|processed_pseudogene	0	-	HSPD1P9	1636
chr13	38389204	38389620	ENSG00000214823[1,1,1]	0	-	38389204	38389204	0	1	416,	0,	chr13	38389254	38389570	retro_human_9298|NXT1P1-201|processed_pseudogene	0	-	NXT1P1	316
chr13	40082516	40082920	ENSG00000176268[1,1,1]	0	-	40082516	40082516	0	1	404,	0,	chr13	40082566	40082870	retro_human_7631|CYCSP34-201|processed_pseudogene	0	-	CYCSP34	304
chr13	40211892	40212545	ENSG00000229473[1,1,1]	0	-	40212192	40212471	0	1	653,	0,	chr13	40211942	40212495	RGS17P1-201|processed_pseudogene	0	-	RGS17P1	553
chr13	41288362	41290624	ENSG00000237263[1,1,1]	0	-	41288362	41288362	0	1	2262,	0,	chr13	41288412	41290574	retro_human_7635|MAPK6P3-201|processed_pseudogene	0	-	MAPK6P3	2162
chr13	43187292	43190168	ENSG00000179611[1,1,1]	0	+	43187292	43187292	0	1	2876,	0,	chr13	43187342	43190118	retro_human_6628|DGKZP1-201|processed_pseudogene	0	+	DGKZP1	2776
chr13	43814584	43815909	ENSG00000230793[1,1,1]	0	+	43814584	43814584	0	1	1325,	0,	chr13	43814634	43815859	retro_human_1067|SMARCE1P5-201|processed_pseudogene	0	+	SMARCE1P5	1225
chr13	44601908	44610942	ENSG00000170919[11,48,3]	0	+	44601908	44601908	0	4	461,79,86,777,	0,985,6960,8257,	chr13	44609486	44610401	retro_human_7608|RCN1P2-201|processed_pseudogene	0	-	RCN1P2	915
chr13	44606668	44610942	ENSG00000170919[12,49,3]	0	+	44606668	44606668	0	3	2286,189,777,	0,3179,3497,	chr13	44609486	44610401	retro_human_7608|RCN1P2-201|processed_pseudogene	0	-	RCN1P2	915
chr13	44609436	44610451	ENSG00000214455[1,1,1]	0	-	44609436	44609436	0	1	1015,	0,	chr13	44609486	44610401	retro_human_7608|RCN1P2-201|processed_pseudogene	0	-	RCN1P2	915
chr13	45658346	45659041	ENSG00000241353[1,1,1]	0	-	45658346	45658346	0	1	695,	0,	chr13	45658396	45658991	retro_human_1395|PPP1R2P4-201|processed_pseudogene	0	-	PPP1R2P4	595
chr13	45711735	45712027	ENSG00000205105[1,1,1]	0	+	45711735	45711735	0	1	292,	0,	chr13	45711785	45711977	retro_human_6627|COX17P1-201|processed_pseudogene	0	+	COX17P1	192
chr13	47991162	47991962	ENSG00000225131[1,1,1]	0	+	47991162	47991162	0	1	800,	0,	chr13	47991212	47991912	retro_human_6826|PSME2P2-201|processed_pseudogene	0	+	PSME2P2	700
chr13	48408727	48409019	ENSG00000235957[1,1,1]	0	-	48408727	48408727	0	1	292,	0,	chr13	48408777	48408969	retro_human_9733|COX7CP1-201|processed_pseudogene	0	-	COX7CP1	192
chr13	49392621	49393814	ENSG00000232150[1,1,1]	0	+	49392621	49392621	0	1	1193,	0,	chr13	49392671	49393764	retro_human_9828|ST13P4-201|processed_pseudogene	0	+	ST13P4	1093
chr13	50675394	50676285	ENSG00000224892[2,1,2]	0	+	50675394	50675394	0	1	891,	0,	chr13	50675444	50676235	RPS4XP16-201|transcribed_processed_pseudogene	0	+	RPS4XP16	791
chr13	51181361	51181869	ENSG00000236044[1,1,1]	0	+	51181361	51181361	0	1	508,	0,	chr13	51181411	51181819	retro_human_2042|FABP5P2-201|processed_pseudogene	0	+	FABP5P2	408
chr13	53656722	53657438	ENSG00000136149[1,1,1]	0	-	53656722	53656722	0	1	716,	0,	chr13	53656776	53657388	retro_human_5229|RPL13AP25-201|processed_pseudogene	0	-	RPL13AP25	612
chr13	59494399	59495730	ENSG00000238213[1,1,1]	0	+	59494399	59494399	0	1	1331,	0,	chr13	59494449	59495680	retro_human_7501|TARDBPP2-201|processed_pseudogene	0	+	TARDBPP2	1231
chr13	63032541	63033236	ENSG00000213232[1,1,1]	0	-	63032541	63032541	0	1	695,	0,	chr13	63032591	63033186	retro_human_1020|PPP1R2P10-201|processed_pseudogene	0	-	PPP1R2P10	595
chr13	63197238	63198314	ENSG00000237849[1,1,1]	0	-	63197238	63197238	0	1	1076,	0,	chr13	63197288	63198264	NFYAP1-201|processed_pseudogene	0	-	NFYAP1	976
chr13	67553797	67554173	ENSG00000236433[1,1,1]	0	-	67553797	67553797	0	1	376,	0,	chr13	67553847	67554123	retro_human_6030|RPL37P21-201|processed_pseudogene	0	-	RPL37P21	276
chr13	68207035	68208142	ENSG00000232380[1,1,1]	0	+	68207035	68207035	0	1	1107,	0,	chr13	68207085	68208092	retro_human_7505|ZDHHC20P4-201|processed_pseudogene	0	+	ZDHHC20P4	1007
chr13	68324008	68324337	ENSG00000225501[1,1,1]	0	-	68324008	68324008	0	1	329,	0,	chr13	68324062	68324287	retro_human_6028|SNRPFP3-201|processed_pseudogene	0	-	SNRPFP3	225
chr13	70900269	70900772	ENSG00000236534[1,1,1]	0	+	70900269	70900269	0	1	503,	0,	chr13	70900320	70900723	retro_human_1658|H3P36-201|processed_pseudogene	0	+	H3P36,DACH1	403
chr13	71925172	71925720	ENSG00000226617[1,1,1]	0	+	71925172	71925172	0	1	548,	0,	chr13	71925222	71925668	retro_human_1655|RPL21P110-201|processed_pseudogene	0	+	RPL21P110	446
chr13	72257873	72258421	ENSG00000232041[1,1,1]	0	+	72257873	72257873	0	1	548,	0,	chr13	72257923	72258371	retro_human_1654|PSMD10P3-201|processed_pseudogene	0	+	PSMD10P3	448
chr13	72321996	72322507	ENSG00000236972[1,1,1]	0	-	72321996	72321996	0	1	511,	0,	chr13	72322046	72322457	retro_human_6037|FABP5P1-201|processed_pseudogene	0	-	FABP5P1	411
chr13	72629691	72630376	ENSG00000229708[1,1,1]	0	-	72629691	72629691	0	1	685,	0,	chr13	72629741	72630326	retro_human_2857|MARK2P12-201|processed_pseudogene	0	-	MARK2P12	585
chr13	79848541	79849611	ENSG00000227862[1,1,1]	0	-	79848541	79848541	0	1	1070,	0,	chr13	79848591	79849561	retro_human_10834|HNRNPA1P31-201|processed_pseudogene	0	-	HNRNPA1P31	970
chr13	80118224	80118844	ENSG00000231222[1,1,1]	0	+	80118224	80118224	0	1	620,	0,	chr13	80118274	80118794	retro_human_7125|ARF4P4-201|processed_pseudogene	0	+	ARF4P4	520
chr13	80503258	80503638	ENSG00000237148[1,1,1]	0	+	80503258	80503258	0	1	380,	0,	chr13	80503308	80503588	retro_human_7126|HIGD1AP2-201|processed_pseudogene	0	+	HIGD1AP2	280
chr13	80920178	80921440	ENSG00000214182[1,1,2]	0	+	80920178	80920178	0	1	1262,	0,	chr13	80920228	80921390	retro_human_2795|PTMAP5-202|transcribed_processed_pseudogene	0	+	PTMAP5	1162
chr13	80920178	80921440	ENSG00000214182[1,1,2]	0	+	80920178	80920178	0	1	1262,	0,	chr13	80920385	80920718	PTMAP5-201|transcribed_processed_pseudogene	0	+	PTMAP5	333
chr13	85217378	85218013	ENSG00000228241[1,1,1]	0	+	85217378	85217378	0	1	635,	0,	chr13	85217428	85217963	retro_human_2796|MOB1AP1-201|processed_pseudogene	0	+	MOB1AP1	535
chr13	87093663	87096064	ENSG00000232204[1,1,1]	0	-	87093663	87093663	0	1	2401,	0,	chr13	87093713	87096014	retro_human_4986|TET1P1-201|processed_pseudogene	0	-	TET1P1	2301
chr13	88182453	88182892	ENSG00000233211[1,1,1]	0	-	88182453	88182453	0	1	439,	0,	chr13	88182503	88182842	retro_human_4988|GRPEL2P1-201|processed_pseudogene	0	-	GRPEL2P1	339
chr13	88565203	88567368	ENSG00000225530[1,1,1]	0	-	88565203	88565203	0	1	2165,	0,	chr13	88565253	88567318	retro_human_4985|SP3P-201|processed_pseudogene	0	-	SP3P	2065
chr13	97839617	97840021	ENSG00000233549[1,1,1]	0	-	97839617	97839617	0	1	404,	0,	chr13	97839667	97839971	retro_human_10489|CYCSP35-201|processed_pseudogene	0	-	CYCSP35	304
chr13	99755137	99755585	ENSG00000234354[1,1,1]	0	-	99755190	99755535	0	1	448,	0,	chr13	99755187	99755535	retro_human_4593|RPS26P47-201|processed_pseudogene	0	-	RPS26P47	348
chr13	101018140	101018851	ENSG00000215399[1,1,1]	0	+	101018140	101018140	0	1	711,	0,	chr13	101018190	101018801	retro_human_2409|HMGB3P7-201|processed_pseudogene	0	+	HMGB3P7	611
chr13	101218327	101219613	ENSG00000229975[1,1,1]	0	+	101218327	101218327	0	1	1286,	0,	chr13	101218377	101219563	LIPT1P1-201|processed_pseudogene	0	+	LIPT1P1	1186
chr13	107708035	107709727	ENSG00000232087[1,1,1]	0	+	107708035	107708035	0	1	1692,	0,	chr13	107708085	107709677	retro_human_2402|HCFC2P1-201|processed_pseudogene	0	+	HCFC2P1	1592
chr13	110166772	110170091	ENSG00000227105[1,1,1]	0	+	110166772	110166772	0	1	3319,	0,	chr13	110166822	110170041	retro_human_7865|PARP1P1-201|processed_pseudogene	0	+	PARP1P1	3219
chr13	113515655	113516176	ENSG00000226158[1,1,1]	0	+	113515655	113515655	0	1	521,	0,	chr13	113515705	113516126	retro_human_7868|CLCP2-201|processed_pseudogene	0	+	CLCP2	421
chr14	13417202	13417916	ENSG00000225210[2,1,2]	0	+	13417202	13417202	0	1	714,	0,	chr14	13417252	13417866	retro_human_8618|DUXAP9-208|transcribed_processed_pseudogene	0	+	DUXAP9	614
chr14	13580207	13581357	ENSG00000277156[1,1,1]	0	+	13580207	13580207	0	1	1150,	0,	chr14	13580257	13581307	retro_human_8615|TOMM40P1-201|processed_pseudogene	0	+	TOMM40P1	1050
chr14	13877609	13879983	ENSG00000257884[1,1,1]	0	+	13877609	13877609	0	1	2374,	0,	chr14	13877659	13879933	retro_human_2399|AL512310.7-1|transcribed_processed_pseudogene	0	+	USP10P1	2274
chr14	15287442	15290749	ENSG00000165804[9,14,1]	0	-	15289275	15290583	255	2	1114,1923,	0,1384,	chr14	15290371	15290805	retro_human_9033	0	-	ZNF219	378
chr14	15287442	15291134	ENSG00000165804[10,16,1]	0	-	15287954	15291001	255	4	1114,132,1420,139,	0,1384,1838,3553,	chr14	15290371	15290805	retro_human_9033	0	-	ZNF219	434
chr14	15287442	15290749	ENSG00000165804[9,15,1]	0	-	15287954	15290583	255	3	1114,132,1469,	0,1384,1838,	chr14	15290371	15290805	retro_human_9033	0	-	ZNF219	378
chr14	15290320	15291288	ENSG00000165804[4,5,3]	0	-	15290368	15290524	0	2	380,293,	0,675,	chr14	15290371	15290805	retro_human_9033	0	-	ZNF219	434
chr14	15305407	15314168	ENSG00000178107[1,1,1]	0	+	15305407	15305407	0	2	167,291,	0,8470,	chr14	15307709	15310887	CKAP2P1-201|processed_pseudogene	0	-	CKAP2P1	3178
chr14	15359847	15361178	ENSG00000259102[1,1,1]	0	+	15359847	15359847	0	1	1331,	0,	chr14	15359897	15361128	retro_human_2792|SMARCE1P3-201|processed_pseudogene	0	+	SMARCE1P3	1231
chr14	15809467	15810025	ENSG00000256385[1,1,1]	0	-	15809467	15809467	0	1	558,	0,	chr14	15809517	15809975	retro_human_8454|UBE2NP1-201|processed_pseudogene	0	-	UBE2NP1	458
chr14	15847335	15848045	ENSG00000255664[1,1,1]	0	-	15847335	15847335	0	1	710,	0,	chr14	15847385	15847995	retro_human_8450|ARL6IP1P1-201|processed_pseudogene	0	-	ARL6IP1P1,TRA	610
chr14	15947940	15949318	ENSG00000240954[1,1,1]	0	+	15947940	15947940	0	1	1378,	0,	chr14	15947990	15949268	retro_human_8601|RPL4P1-201|processed_pseudogene	0	+	RPL4P1,TRA	1278
chr14	17494804	17496850	ENSG00000270433[1,1,1]	0	+	17494804	17494804	0	1	2046,	0,	chr14	17496194	17496490	retro_human_8607	0	+	H3P37	296
chr14	19465235	19465608	ENSG00000257179[1,1,1]	0	-	19465235	19465235	0	1	373,	0,	chr14	19465285	19465558	retro_human_3217|HMGN2P6-201|processed_pseudogene	0	-	HMGN2P6	273
chr14	22462222	22463907	ENSG00000197358[1,1,2]	0	+	22462222	22462222	0	1	1685,	0,	chr14	22462272	22463857	retro_human_3154|BNIP3P1-202|transcribed_processed_pseudogene	0	+	BNIP3P1	1585
chr14	22462222	22463907	ENSG00000197358[1,1,2]	0	+	22462222	22462222	0	1	1685,	0,	chr14	22462436	22463016	BNIP3P1-201|transcribed_processed_pseudogene	0	+	BNIP3P1	580
chr14	25161815	25162191	ENSG00000258886[1,1,1]	0	+	25161815	25161815	0	1	376,	0,	chr14	25161865	25162141	retro_human_9026|HIGD1AP17-201|processed_pseudogene	0	+	HIGD1AP17	276
chr14	25216226	25216677	ENSG00000258968[1,1,1]	0	+	25216226	25216226	0	1	451,	0,	chr14	25216276	25216627	retro_human_9025|AL049830.4-201|processed_pseudogene	0	+	LOC100913082	351
chr14	25518048	25518559	ENSG00000283016[1,1,1]	0	-	25518101	25518509	0	1	511,	0,	chr14	25518098	25518509	retro_human_9177|AL139353.3-201|processed_pseudogene	0	-	ATP5MC1P2	411
chr14	26469513	26470058	ENSG00000259086[1,1,1]	0	-	26469513	26469513	0	1	545,	0,	chr14	26469563	26470008	retro_human_9111|KIAA1143P1-201|processed_pseudogene	0	-	KIAA1143P1	445
chr14	28764662	28765203	ENSG00000240463[1,1,1]	0	-	28764715	28765156	0	1	541,	0,	chr14	28764712	28765153	retro_human_4932|RPS19P3-201|processed_pseudogene	0	-	RPS19P3	441
chr14	28890131	28890706	ENSG00000241582[1,1,1]	0	+	28890131	28890131	0	1	575,	0,	chr14	28890181	28890656	retro_human_9030|RPL23AP8-201|processed_pseudogene	0	+	RPL23AP8,LOC107984628	475
chr14	29119952	29120194	ENSG00000258493[1,1,1]	0	+	29119952	29119952	0	1	242,	0,	chr14	29120002	29120144	AL121603.1-201|processed_pseudogene	0	+	SRP54-AS1	142
chr14	29617959	29618431	ENSG00000259022[1,1,1]	0	+	29617959	29617959	0	1	472,	0,	chr14	29618009	29618381	retro_human_3545|DNAJC8P1-201|processed_pseudogene	0	+	DNAJC8P1	372
chr14	30007525	30008009	ENSG00000258300[1,1,1]	0	+	30007525	30007525	0	1	484,	0,	chr14	30007575	30007959	retro_human_3544|NUTF2P2-201|processed_pseudogene	0	+	NUTF2P2	384
chr14	30242929	30244146	ENSG00000257720[1,1,1]	0	-	30242929	30242929	0	1	1217,	0,	chr14	30242979	30244096	retro_human_2394|ILF2P2-201|processed_pseudogene	0	-	ILF2P2	1117
chr14	32793871	32794815	ENSG00000271468[1,1,1]	0	+	32793871	32793871	0	1	944,	0,	chr14	32793921	32794765	AL357094.1-201|processed_pseudogene	0	+	LOC100422334	844
chr14	33162017	33162804	ENSG00000270713[1,1,1]	0	-	33162017	33162017	0	1	787,	0,	chr14	33162067	33162754	retro_human_3707|AL132994.2-201|processed_pseudogene	0	-	RIPPLY3P1	687
chr14	33573976	33575775	ENSG00000259100[1,1,1]	0	-	33573976	33573976	0	1	1799,	0,	chr14	33574026	33575725	AL157791.1-201|processed_pseudogene	0	-	COILP1	1699
chr14	35487123	35489672	ENSG00000258385[1,1,1]	0	+	35487123	35487123	0	1	2549,	0,	chr14	35487173	35489622	retro_human_9426|AL391516.1-201|processed_pseudogene	0	+	LOC100533628	2449
chr14	38311076	38311728	ENSG00000259137[1,1,1]	0	-	38311076	38311076	0	1	652,	0,	chr14	38311126	38311678	retro_human_7851|AL109766.1-201|processed_pseudogene	0	-	LOC645086	552
chr14	39052217	39058249	ENSG00000259000[1,1,1]	0	-	39052217	39052217	0	1	6032,	0,	chr14	39052267	39058199	retro_human_7849|DOCK11P1-201|processed_pseudogene	0	-	DOCK11P1	5932
chr14	39482005	39482456	ENSG00000258608[1,1,1]	0	+	39482005	39482005	0	1	451,	0,	chr14	39482055	39482406	retro_human_4291|DNAJC19P9-201|processed_pseudogene	0	+	DNAJC19P9	351
chr14	43775586	43775909	ENSG00000244270[2,1,1]	0	-	43775639	43775882	0	1	323,	0,	chr14	43775636	43776039	retro_human_2024|RPL32P29-201|processed_pseudogene	0	-	RPL32P29,RPS29	273
chr14	43775586	43776089	ENSG00000244270[1,1,1]	0	-	43775639	43775960	0	1	503,	0,	chr14	43775636	43776039	retro_human_2024|RPL32P29-201|processed_pseudogene	0	-	RPL32P29,RPS29	403
chr14	43798201	43798880	ENSG00000258568[1,1,1]	0	+	43798251	43798833	0	1	679,	0,	chr14	43798251	43798830	retro_human_6552|RHOQP1-201|processed_pseudogene	0	+	RHOQP1	579
chr14	43875364	43875989	ENSG00000259155[1,1,1]	0	+	43875364	43875364	0	1	625,	0,	chr14	43875414	43875939	retro_human_893|AL591767.3-201|processed_pseudogene	0	+	STK16P1	525
chr14	44255506	44256577	ENSG00000270788[1,1,1]	0	+	44255506	44255506	0	1	1071,	0,	chr14	44255556	44256527	retro_human_798|PDLIM1P1-201|processed_pseudogene	0	+	PDLIM1P1	971
chr14	49434397	49434962	ENSG00000279392[1,1,1]	0	+	49434397	49434397	0	1	565,	0,	chr14	49434447	49434912	retro_human_8113|AL158801.5-201|processed_pseudogene	0	+	UBE2L1	465
chr14	49503817	49504505	ENSG00000258469[1,1,1]	0	+	49503951	49504464	0	1	688,	0,	chr14	49503867	49504455	retro_human_8103|CHMP4BP1-201|processed_pseudogene	0	+	CHMP4BP1	588
chr14	49749050	49749919	ENSG00000213641[1,1,1]	0	+	49749050	49749050	0	1	869,	0,	chr14	49749100	49749869	retro_human_7266|RPL7AP4-201|processed_pseudogene	0	+	RPL7AP4	769
chr14	51836747	51838169	ENSG00000258856[1,1,2]	0	+	51836747	51836747	0	1	1422,	0,	chr14	51836882	51837645	AL136520.1-202|transcribed_processed_pseudogene	0	+	LOC401777	763
chr14	52491706	52492397	ENSG00000180189[1,1,1]	0	+	52491706	52491706	0	1	691,	0,	chr14	52491756	52492347	retro_human_8434|HMGB1P14-201|processed_pseudogene	0	+	HMGB1P14	591
chr14	52728213	52729079	ENSG00000258900[1,1,1]	0	+	52728797	52728941	0	1	866,	0,	chr14	52728263	52729029	retro_human_8436|HNRNPCP1-201|processed_pseudogene	0	+	HNRNPCP1,KIAA0586	766
chr14	53001752	53002228	ENSG00000213598[1,1,1]	0	+	53001752	53001752	0	1	476,	0,	chr14	53001802	53002178	retro_human_8438|AL049873.1-201|processed_pseudogene	0	+	RPL31P4	376
chr14	54385627	54386362	ENSG00000258563[1,1,1]	0	+	54385627	54385627	0	1	735,	0,	chr14	54385677	54386312	retro_human_8441|PSMA3P-201|processed_pseudogene	0	+	PSMA3P1	635
chr14	54418707	54419258	ENSG00000242135[1,1,1]	0	-	54418707	54418707	0	1	551,	0,	chr14	54418757	54419208	retro_human_4827|RPL17P2-201|processed_pseudogene	0	-	RPL17P2	451
chr14	54604011	54604636	ENSG00000258427[1,1,1]	0	+	54604011	54604011	0	1	625,	0,	chr14	54604061	54604586	retro_human_8442|RBM8B-201|processed_pseudogene	0	+	RBM8B	525
chr14	55125716	55126732	ENSG00000258485[1,1,1]	0	-	55125716	55125716	0	1	1016,	0,	chr14	55125766	55126682	retro_human_4826|SRMP2-201|processed_pseudogene	0	-	SRMP2	916
chr14	55178761	55179056	ENSG00000258656[1,1,1]	0	-	55178787	55179006	0	1	295,	0,	chr14	55178811	55179006	retro_human_4823|AL160236.1-201|processed_pseudogene	0	-	TRMT5	195
chr14	56039015	56039624	ENSG00000258956[1,1,1]	0	-	56039015	56039015	0	1	609,	0,	chr14	56039065	56039574	retro_human_6448|COX4I1P1-201|processed_pseudogene	0	-	COX4I1P1	509
chr14	57801370	57802731	ENSG00000270878[1,1,1]	0	-	57801370	57801370	0	1	1361,	0,	chr14	57801420	57802681	retro_human_6451|AL136038.6-201|processed_pseudogene	0	-	GCATP1	1261
chr14	57808848	57809254	ENSG00000258645[1,1,1]	0	+	57808848	57808848	0	1	406,	0,	chr14	57808898	57809204	retro_human_3344|HSPE1P2-201|processed_pseudogene	0	+	HSPE1P2	306
chr14	60219766	60220826	ENSG00000224861[1,1,1]	0	-	60219766	60219766	0	1	1060,	0,	chr14	60219816	60220776	retro_human_1049|YBX1P1-201|processed_pseudogene	0	-	YBX1P1	960
chr14	62006054	62006760	ENSG00000258759[1,1,1]	0	+	62006054	62006054	0	1	706,	0,	chr14	62006104	62006710	retro_human_8412|AL049779.2-201|processed_pseudogene	0	+	LOC100421541	606
chr14	63096757	63097157	ENSG00000258967[1,1,1]	0	-	63096906	63097107	0	1	400,	0,	chr14	63096807	63097107	retro_human_1052|HMGN1P3-201|processed_pseudogene	0	-	HMGN1P3	300
chr14	63768652	63769204	ENSG00000244237[1,1,1]	0	-	63768652	63768652	0	1	552,	0,	chr14	63768702	63769154	retro_human_1045|AL133445.1-201|processed_pseudogene	0	-	RPL24P3	452
chr14	65535737	65536234	ENSG00000259079[1,1,1]	0	-	65535737	65535737	0	1	497,	0,	chr14	65535787	65536184	retro_human_6876|AC005476.1-201|processed_pseudogene	0	-	LOC729941	397
chr14	67778618	67779227	ENSG00000258524[1,1,1]	0	-	67778618	67778618	0	1	609,	0,	chr14	67778668	67779177	NT5CP1-201|processed_pseudogene	0	-	NT5CP1	509
chr14	68211001	68211176	ENSG00000279461[1,1,1]	0	+	68211001	68211001	0	1	175,	0,	chr14	68211051	68211126	AC005480.2-201|processed_pseudogene	0	+	RPL41P4	75
chr14	68691904	68692455	ENSG00000258769[1,1,1]	0	+	68691904	68691904	0	1	551,	0,	chr14	68691954	68692405	retro_human_1124|RAP1AP-201|processed_pseudogene	0	+	RAP1AP	451
chr14	68867114	68867756	ENSG00000258439[1,1,1]	0	+	68867114	68867114	0	1	642,	0,	chr14	68867164	68867706	retro_human_1125|AC007956.2-201|processed_pseudogene	0	+	LOC100419503	542
chr14	69501473	69501938	ENSG00000119660[1,1,1]	0	-	69501473	69501473	0	1	465,	0,	chr14	69501523	69501888	retro_human_1427|DPPA5P4-201|processed_pseudogene	0	-	DPPA5P4	365
chr14	69804871	69805373	ENSG00000242951[1,1,1]	0	-	69804871	69804871	0	1	502,	0,	chr14	69804921	69805323	retro_human_1429|AC007182.2-201|processed_pseudogene	0	-	RPS24P2	402
chr14	71096054	71096528	ENSG00000241081[1,1,1]	0	-	71096054	71096054	0	1	474,	0,	chr14	71096104	71096478	RPL22P2-201|processed_pseudogene	0	-	RPL22P2	374
chr14	71178366	71178929	ENSG00000243225[1,1,1]	0	+	71178366	71178366	0	1	563,	0,	chr14	71178416	71178879	retro_human_2367|AC007686.1-201|processed_pseudogene	0	+	RPLP1P1	463
chr14	71905895	71906782	ENSG00000258917[1,1,1]	0	+	71905895	71905895	0	1	887,	0,	chr14	71905945	71906732	retro_human_2378|ZMYND19P1-201|processed_pseudogene	0	+	ZMYND19P1	787
chr14	75458408	75458777	ENSG00000205579[1,1,1]	0	-	75458408	75458408	0	1	369,	0,	chr14	75458458	75458727	retro_human_5650|DYNLL1P1-201|processed_pseudogene	0	-	DYNLL1P1	269
chr14	75627728	75628098	ENSG00000258605[1,1,1]	0	+	75627728	75627728	0	1	370,	0,	chr14	75627778	75628048	retro_human_2590|DYNLL1P2-201|processed_pseudogene	0	+	DYNLL1P2	270
chr14	76904710	76905162	ENSG00000259032[1,1,1]	0	-	76904710	76904710	0	1	452,	0,	chr14	76904760	76905112	retro_human_294|ENSAP2-201|processed_pseudogene	0	-	ENSAP2	352
chr14	85643455	85646466	ENSG00000258798[1,1,1]	0	+	85643455	85643455	0	2	126,278,	0,2733,	chr14	85644688	85644991	retro_human_8020|AL133153.1-201|processed_pseudogene	0	+	LOC112268126	303
chr14	85644638	85645041	ENSG00000258446[1,1,1]	0	+	85644638	85644638	0	1	403,	0,	chr14	85644688	85644991	retro_human_8020|AL133153.1-201|processed_pseudogene	0	+	LOC112268126	303
chr14	86256008	86256430	ENSG00000259020[1,1,1]	0	+	86256008	86256008	0	1	422,	0,	chr14	86256058	86256380	retro_human_8025|AL049872.1-201|processed_pseudogene	0	+	PTMAP7	322
chr14	87475869	87476283	ENSG00000241499[1,1,1]	0	+	87475869	87475869	0	1	414,	0,	chr14	87475919	87476233	retro_human_3400|AL132838.2-201|processed_pseudogene	0	+	RPL36AP4	314
chr14	89030864	89031579	ENSG00000240914[1,1,1]	0	-	89030864	89030864	0	1	715,	0,	chr14	89030914	89031529	retro_human_6068|RPL15P2-201|processed_pseudogene	0	-	RPL15P2	615
chr14	90454306	90454646	ENSG00000258788[1,1,1]	0	+	90454356	90454593	0	1	340,	0,	chr14	90454356	90454596	retro_human_8792|CKS1BP1-201|processed_pseudogene	0	+	CKS1BP1	240
chr14	90454465	90454646	ENSG00000258788[2,1,1]	0	+	90454467	90454593	0	1	181,	0,	chr14	90454356	90454596	retro_human_8792|CKS1BP1-201|processed_pseudogene	0	+	CKS1BP1	131
chr14	93204531	93205054	ENSG00000232573[1,1,1]	0	-	93204531	93204531	0	1	523,	0,	chr14	93204581	93205004	retro_human_672|RPL3P4-201|processed_pseudogene	0	-	RPL3P4	423
chr14	94508708	94511550	ENSG00000100811[4,2,6]	0	+	94509531	94509720	0	1	2842,	0,	chr14	94510283	94510618	retro_human_8914	0	+	YY1	335
chr14	94509178	94510876	ENSG00000100811[5,7,4]	0	+	94509531	94510627	0	2	500,429,	0,1269,	chr14	94510283	94510618	retro_human_8914	0	+	YY1	335
chr14	94510478	94511550	ENSG00000100811[7,2,6]	0	+	94510604	94510775	0	1	1072,	0,	chr14	94510283	94510618	retro_human_8914	0	+	YY1	140
chr14	94599680	94600073	ENSG00000258581[1,1,1]	0	+	94599680	94599680	0	1	393,	0,	chr14	94599730	94600023	retro_human_1404|AL157871.3-201|processed_pseudogene	0	+	NDUFB3P4	293
chr14	94713655	94714078	ENSG00000258500[1,1,1]	0	+	94713655	94713655	0	1	423,	0,	chr14	94713705	94714028	retro_human_3398|AL845552.1-201|transcribed_processed_pseudogene	0	+	HMGN1P25	323
chr14	96078928	96079757	ENSG00000259161[1,1,1]	0	-	96078928	96078928	0	1	829,	0,	chr14	96078978	96079707	retro_human_668|AL137779.3-201|processed_pseudogene	0	-	NPM1P20	729
chr14	97515201	97516034	ENSG00000270938[1,1,2]	0	+	97515201	97515201	0	1	833,	0,	chr14	97515251	97515729	RAP2CP1-201|transcribed_processed_pseudogene	0	+	RAP2CP1	478
chr14	97515201	97516034	ENSG00000270938[1,1,2]	0	+	97515201	97515201	0	1	833,	0,	chr14	97515341	97515984	RAP2CP1-202|transcribed_processed_pseudogene	0	+	RAP2CP1	643
chr14	97609897	97610881	ENSG00000243904[1,1,1]	0	-	97609897	97609897	0	1	984,	0,	chr14	97609947	97610831	retro_human_8089|RPSAP5-201|processed_pseudogene	0	-	RPSAP5	884
chr14	99076701	99077135	ENSG00000239365[1,1,1]	0	-	99076701	99076701	0	1	434,	0,	chr14	99076751	99077085	retro_human_8092|RPS26P49-201|processed_pseudogene	0	-	RPS26P49	334
chr14	99081860	99082821	ENSG00000196183[1,1,1]	0	-	99081860	99081860	0	1	961,	0,	chr14	99081910	99082766	retro_human_8093|RPS2P4-201|processed_pseudogene	0	-	RPS2P4	856
chr14	100249556	100250283	ENSG00000225200[1,1,1]	0	-	100249556	100249556	0	1	727,	0,	chr14	100249606	100250233	retro_human_2615|AC246787.1-201|processed_pseudogene	0	-	RPS8P1	627
chr14	100780490	100781554	ENSG00000228966[1,1,1]	0	-	100780490	100780490	0	1	1064,	0,	chr14	100780540	100781504	retro_human_2662|HOMER2P1-201|processed_pseudogene	0	-	HOMER2P1	964
chr15	19057845	19058567	ENSG00000281087[1,1,1]	0	-	19057845	19057845	0	1	722,	0,	chr15	19057896	19058519	retro_human_8476	0	-	RPS8P10	623
chr15	19057849	19058571	ENSG00000223877[1,1,1]	0	-	19057849	19057849	0	1	722,	0,	chr15	19057896	19058519	retro_human_8476	0	-	RPS8P10	623
chr15	20386872	20387256	ENSG00000277867[1,1,1]	0	+	20386872	20386872	0	1	384,	0,	chr15	20386922	20387206	AC138649.4-201|processed_pseudogene	0	+	LOC100133165	284
chr15	20863654	20865935	ENSG00000274099[1,1,1]	0	+	20863654	20863654	0	1	2281,	0,	chr15	20863704	20865885	retro_human_7743|ABCB10P1-201|processed_pseudogene	0	+	ABCB10P1	2181
chr15	22647446	22647798	ENSG00000242088[1,1,1]	0	-	22647446	22647446	0	1	352,	0,	chr15	22647496	22647748	retro_human_2028|AC090602.1-201|processed_pseudogene	0	-	RPS27P2	252
chr15	26145458	26147721	ENSG00000261524[1,1,1]	0	+	26145458	26145458	0	1	2263,	0,	chr15	26145508	26147671	retro_human_3825|ABCB10P3-201|processed_pseudogene	0	+	ABCB10P3	2163
chr15	26283318	26285602	ENSG00000260053[1,1,1]	0	-	26283318	26283318	0	1	2284,	0,	chr15	26283368	26285552	retro_human_2542|ABCB10P4-201|processed_pseudogene	0	-	ABCB10P4	2184
chr15	26565825	26567370	ENSG00000256951[2,1,2]	0	+	26565825	26565825	0	1	1545,	0,	chr15	26566217	26566505	AC055876.3-201|transcribed_processed_pseudogene	0	+	LOC100289656	288
chr15	26566167	26566555	ENSG00000256951[1,1,1]	0	+	26566167	26566167	0	1	388,	0,	chr15	26566217	26566505	AC055876.3-201|transcribed_processed_pseudogene	0	+	LOC100289656	288
chr15	27521433	27521806	ENSG00000234664[1,1,1]	0	+	27521433	27521433	0	1	373,	0,	chr15	27521483	27521756	retro_human_9974|HMGN2P5-201|processed_pseudogene	0	+	HMGN2P5	273
chr15	28016243	28018891	ENSG00000259993[1,1,1]	0	+	28016243	28016243	0	1	2648,	0,	chr15	28016293	28018841	retro_human_4898|AC135731.1-201|processed_pseudogene	0	+	LOC728424	2548
chr15	28676199	28677264	ENSG00000260382[1,1,1]	0	-	28676199	28676199	0	1	1065,	0,	chr15	28676249	28677214	retro_human_7855|AC087481.1-201|processed_pseudogene	0	-	TMEM183AP3	965
chr15	32173967	32175130	ENSG00000259904[1,1,1]	0	-	32173967	32173967	0	1	1163,	0,	chr15	32174017	32175080	retro_human_3710|ACTG1P15-201|processed_pseudogene	0	-	ACTG1P15	1063
chr15	32294671	32296341	ENSG00000259917[1,1,1]	0	-	32294671	32294671	0	1	1670,	0,	chr15	32294778	32296217	retro_human_3709	0	-	HNRNPLP2	1439
chr15	32748239	32748654	ENSG00000231409[1,1,1]	0	+	32748239	32748239	0	1	415,	0,	chr15	32748289	32748604	retro_human_10382|AC018868.1-201|processed_pseudogene	0	+	RPL36AP8	315
chr15	32897637	32898467	ENSG00000259397[1,1,1]	0	+	32897637	32897637	0	1	830,	0,	chr15	32897687	32898417	retro_human_10384|AC021231.2-201|processed_pseudogene	0	+	LOC441722	730
chr15	32926859	32927471	ENSG00000259592[1,1,1]	0	-	32926859	32926859	0	1	612,	0,	chr15	32926909	32927421	retro_human_3720|PRELID1P4-201|processed_pseudogene	0	-	PRELID1P4	512
chr15	33042581	33043553	ENSG00000259516[2,1,1]	0	+	33042581	33042581	0	1	972,	0,	chr15	33042631	33043368	retro_human_10385|ANP32AP1-201|transcribed_processed_pseudogene	0	+	ANP32AP1	737
chr15	33103518	33104810	ENSG00000259585[1,1,1]	0	-	33103518	33103518	0	1	1292,	0,	chr15	33103568	33104760	retro_human_3705|RBM17P4-201|processed_pseudogene	0	-	RBM17P4	1192
chr15	34422538	34424813	ENSG00000261315[1,1,1]	0	+	34422588	34423188	0	1	2275,	0,	chr15	34422588	34424763	retro_human_10390|LARP4P-201|transcribed_processed_pseudogene	0	+	LARP4P	2175
chr15	36264000	36264881	ENSG00000259192[1,1,1]	0	-	36264000	36264000	0	1	881,	0,	chr15	36264050	36264831	retro_human_8259|AC109631.1-201|processed_pseudogene	0	-	LOC100422645	781
chr15	38566569	38566947	ENSG00000271236[1,1,1]	0	+	38566569	38566569	0	1	378,	0,	chr15	38566619	38566897	retro_human_5313|SUMO2P15-201|processed_pseudogene	0	+	SUMO2P15	278
chr15	38661775	38663044	ENSG00000166145[8,11,4]	0	+	38662805	38662997	0	3	312,48,250,	0,525,1019,	chr15	38661898	38662185	retro_human_5315	0	+	SPINT1	287
chr15	40378889	40379496	ENSG00000260490[1,1,1]	0	+	40378889	40378889	0	1	607,	0,	chr15	40378939	40379446	retro_human_9810|MYL12BP1-201|processed_pseudogene	0	+	MYL12BP1	507
chr15	40388105	40388538	ENSG00000260282[1,1,1]	0	-	40388105	40388105	0	1	433,	0,	chr15	40388155	40388488	retro_human_2780|EIF4EBP2P2-201|processed_pseudogene	0	-	EIF4EBP2P2	333
chr15	40746390	40747539	ENSG00000254793[1,1,1]	0	-	40746390	40746390	0	1	1149,	0,	chr15	40746440	40747489	retro_human_2782|FDPSP4-201|processed_pseudogene	0	-	FDPSP4	1049
chr15	40922943	40923834	ENSG00000205871[1,1,1]	0	-	40922943	40922943	0	1	891,	0,	chr15	40922992	40923784	retro_human_2781|RPS3AP47-201|processed_pseudogene	0	-	RPS3AP47	792
chr15	41683156	41685643	ENSG00000227973[3,1,1]	0	-	41683210	41683603	0	1	2487,	0,	chr15	41683207	41683603	retro_human_7327|PIN4P1-201|processed_pseudogene	0	-	PIN4P1	396
chr15	41683156	41685113	ENSG00000227973[2,1,1]	0	-	41683210	41683603	0	1	1957,	0,	chr15	41683207	41683603	retro_human_7327|PIN4P1-201|processed_pseudogene	0	-	PIN4P1	396
chr15	41683156	41683653	ENSG00000227973[1,1,1]	0	-	41683210	41683603	0	1	497,	0,	chr15	41683207	41683603	retro_human_7327|PIN4P1-201|processed_pseudogene	0	-	PIN4P1	396
chr15	41796368	41797592	ENSG00000185607[1,1,1]	0	-	41796959	41797538	0	1	1224,	0,	chr15	41796418	41797542	retro_human_6353|ACTBP7-201|processed_pseudogene	0	-	ACTBP7	1124
chr15	42162331	42163433	ENSG00000250130[1,1,1]	0	+	42162368	42162869	0	1	1102,	0,	chr15	42162381	42163383	retro_human_10806|AC090519.1-201|processed_pseudogene	0	+	GAPDHP43	1002
chr15	42536953	42540924	ENSG00000185880[2,7,6]	0	+	42536953	42536953	0	2	412,1531,	0,2440,	chr15	42539680	42540159	retro_human_8570	0	+	LOC100419583	479
chr15	42536953	42540924	ENSG00000185880[2,8,6]	0	+	42536953	42536953	0	2	615,1531,	0,2440,	chr15	42539680	42540159	retro_human_8570	0	+	LOC100419583	479
chr15	43363589	43364310	ENSG00000179362[3,1,1]	0	+	43363589	43363589	0	1	721,	0,	chr15	43363639	43364129	retro_human_10800|HMGN2P46-208|transcribed_processed_pseudogene	0	+	HMGN2P46	490
chr15	44635361	44635894	ENSG00000259509[1,1,1]	0	+	44635361	44635361	0	1	533,	0,	chr15	44635411	44635844	retro_human_8568|AC073941.2-201|processed_pseudogene	0	+	LOC112268162	433
chr15	46533475	46534065	ENSG00000259216[1,1,1]	0	+	46533475	46533475	0	1	590,	0,	chr15	46533525	46534015	retro_human_10604|AC084757.1-201|processed_pseudogene	0	+	LOC645405	490
chr15	46964490	46965109	ENSG00000259467[1,1,1]	0	+	46964606	46964930	0	1	619,	0,	chr15	46964540	46965059	retro_human_4062|NDUFAF4P1-201|processed_pseudogene	0	+	NDUFAF4P1	519
chr15	47173299	47174961	ENSG00000259531[1,1,1]	0	-	47173568	47174213	0	1	1662,	0,	chr15	47173349	47174911	retro_human_3159|AC022306.1-201|processed_pseudogene	0	-	LOC100420615	1562
chr15	48752244	48753678	ENSG00000259378[1,1,1]	0	+	48752968	48753235	0	1	1434,	0,	chr15	48752294	48753628	retro_human_4012|DCAF13P3-201|processed_pseudogene	0	+	DCAF13P3	1334
chr15	49903879	49904432	ENSG00000242327[1,1,1]	0	+	49903879	49903879	0	1	553,	0,	chr15	49903929	49904382	retro_human_4452|AC023906.1-201|processed_pseudogene	0	+	RPS13P8	453
chr15	50313446	50314218	ENSG00000231169[1,1,1]	0	+	50313446	50313446	0	1	772,	0,	chr15	50313496	50314168	retro_human_3224|EEF1B2P1-201|processed_pseudogene	0	+	EEF1B2P1	672
chr15	53809109	53810671	ENSG00000230183[1,1,1]	0	-	53809109	53809109	0	1	1562,	0,	chr15	53809159	53810621	retro_human_10237|CNOT6LP1-201|processed_pseudogene	0	-	CNOT6LP1	1462
chr15	56002865	56003387	ENSG00000240934[1,1,1]	0	+	56002865	56002865	0	1	522,	0,	chr15	56002915	56003328	retro_human_3223|AC066616.1-201|processed_pseudogene	0	+	RPL28P4	413
chr15	56474234	56474972	ENSG00000270986[1,1,1]	0	+	56474234	56474234	0	1	738,	0,	chr15	56474284	56474922	retro_human_7990|HMGB1P51-201|processed_pseudogene	0	+	HMGB1P51	638
chr15	56488355	56488662	ENSG00000182625[1,1,1]	0	+	56488355	56488355	0	1	307,	0,	chr15	56488405	56488612	retro_human_7991|AC091046.1-201|processed_pseudogene	0	+	LOC100289060	207
chr15	56769058	56769921	ENSG00000259393[1,1,1]	0	-	56769058	56769058	0	1	863,	0,	chr15	56769108	56769871	retro_human_503|AC025918.2-201|processed_pseudogene	0	-	LOC100420929	763
chr15	57478423	57479088	ENSG00000259657[1,1,1]	0	+	57478423	57478423	0	1	665,	0,	chr15	57478473	57479038	retro_human_1545|PIGHP1-201|processed_pseudogene	0	+	PIGHP1	565
chr15	57569993	57570888	ENSG00000234797[1,1,1]	0	+	57569993	57569993	0	1	895,	0,	chr15	57570043	57570838	retro_human_1546|RPS3AP6-201|processed_pseudogene	0	+	RPS3AP6	795
chr15	58193476	58193888	ENSG00000240163[1,1,1]	0	+	58193476	58193476	0	1	412,	0,	chr15	58193526	58193838	retro_human_1551|AC087385.1-201|processed_pseudogene	0	+	RPL36AP44,ANXA2	312
chr15	60756935	60757987	ENSG00000259394[1,1,1]	0	+	60756935	60756935	0	1	1052,	0,	chr15	60756985	60757937	retro_human_7411|AC079328.1-201|processed_pseudogene	0	+	LOC100287243	952
chr15	62338047	62339152	ENSG00000248415[1,1,1]	0	-	62338047	62338047	0	1	1105,	0,	chr15	62338097	62339102	retro_human_6290|GAPDHP61-201|processed_pseudogene	0	-	GAPDHP61	1005
chr15	62835447	62836136	ENSG00000270218[1,1,1]	0	+	62835447	62835447	0	1	689,	0,	chr15	62835497	62836086	retro_human_7415|AC013553.2-201|processed_pseudogene	0	+	LOC100130437	589
chr15	63580548	63581612	ENSG00000259924[1,1,1]	0	-	63581148	63581535	0	1	1064,	0,	chr15	63580598	63581562	retro_human_9242|AC011939.1-201|processed_pseudogene	0	-	LOC646358	964
chr15	64236334	64236700	ENSG00000261102[1,1,1]	0	-	64236334	64236334	0	1	366,	0,	chr15	64236384	64236650	retro_human_6284|ATP5MFP6-201|processed_pseudogene	0	-	ATP5MFP6	266
chr15	64267879	64268302	ENSG00000243404[1,1,1]	0	-	64267879	64267879	0	1	423,	0,	chr15	64267929	64268252	retro_human_6285|RPL35AP32-201|processed_pseudogene	0	-	RPL35AP32	323
chr15	65054310	65054802	ENSG00000242634[1,1,1]	0	+	65054310	65054310	0	1	492,	0,	chr15	65054360	65054752	retro_human_1187|RPS24P16-201|processed_pseudogene	0	+	RPS24P16	392
chr15	66656321	66657340	ENSG00000259286[1,1,1]	0	+	66656963	66657287	0	1	1019,	0,	chr15	66656371	66657290	retro_human_7010|AC087639.1-201|processed_pseudogene	0	+	LOC390600	919
chr15	67625384	67626215	ENSG00000259496[1,1,1]	0	-	67625384	67625384	0	1	831,	0,	chr15	67625434	67626165	retro_human_6548|AC021818.2-201|processed_pseudogene	0	-	GEMIN8P1	731
chr15	68619476	68620079	ENSG00000235420[1,1,1]	0	-	68619476	68619476	0	1	603,	0,	chr15	68619560	68620029	retro_human_6551|RPL29P30-202|transcribed_processed_pseudogene	0	-	RPL29P30	469
chr15	68988000	68988746	ENSG00000259781[1,1,1]	0	-	68988000	68988000	0	1	746,	0,	chr15	68988050	68988696	retro_human_6530|HMGB1P6-201|processed_pseudogene	0	-	HMGB1P6	646
chr15	69951327	69952223	ENSG00000243568[1,1,1]	0	+	69951705	69952035	0	1	896,	0,	chr15	69951377	69952173	retro_human_7014|AC020779.1-201|processed_pseudogene	0	+	RPL21P115	796
chr15	70195968	70196564	ENSG00000243007[1,1,1]	0	-	70195968	70195968	0	1	596,	0,	chr15	70196018	70196514	retro_human_3411|RPL12P35-201|processed_pseudogene	0	-	RPL12P35	496
chr15	73121751	73123044	ENSG00000261205[1,1,1]	0	-	73121751	73121751	0	1	1293,	0,	chr15	73121801	73122994	retro_human_3812|NIFKP4-201|processed_pseudogene	0	-	NIFKP4	1193
chr15	73191782	73192619	ENSG00000259790[1,1,2]	0	-	73191782	73191782	0	1	837,	0,	chr15	73191456	73192753	retro_human_3813|ANP32BP1-201|transcribed_processed_pseudogene	0	-	ANP32BP1	837
chr15	73191782	73192619	ENSG00000259790[1,1,2]	0	-	73191782	73191782	0	1	837,	0,	chr15	73191832	73192569	ANP32BP1-202|transcribed_processed_pseudogene	0	-	ANP32BP1	737
chr15	73338896	73341045	ENSG00000169410[2,2,2]	0	-	73340872	73341025	0	3	173,208,280,	0,981,1869,	chr15	73339795	73340067	retro_human_6215	0	-	PTPN9	272
chr15	73617449	73618044	ENSG00000260815[1,1,1]	0	+	73617449	73617449	0	1	595,	0,	chr15	73617499	73617994	retro_human_795|PPIAP47-201|processed_pseudogene	0	+	PPIAP47	495
chr15	75138899	75139309	ENSG00000230459[1,1,1]	0	+	75138899	75138899	0	1	410,	0,	chr15	75138949	75139259	retro_human_796|AC060773.1-201|processed_pseudogene	0	+	LOC646853	310
chr15	76524407	76525037	ENSG00000213307[1,1,1]	0	-	76524407	76524407	0	1	630,	0,	chr15	76524457	76524987	retro_human_2824|RPL18P11-201|processed_pseudogene	0	-	RPL18P11	530
chr15	76726868	76727449	ENSG00000243711[1,1,1]	0	-	76726868	76726868	0	1	581,	0,	chr15	76726916	76727399	retro_human_764|RPL21P116-201|processed_pseudogene	0	-	RPL21P116	483
chr15	77786065	77788683	ENSG00000259642[2,1,4]	0	+	77786065	77786065	0	1	2618,	0,	chr15	77786090	77786439	AC015871.8-201|transcribed_processed_pseudogene	0	-	ST20-AS1	349
chr15	77786065	77787958	ENSG00000259642[2,1,3]	0	+	77786065	77786065	0	1	1893,	0,	chr15	77786090	77786439	AC015871.8-201|transcribed_processed_pseudogene	0	-	ST20-AS1	349
chr15	78981690	78982496	ENSG00000259461[1,1,1]	0	-	78981690	78981690	0	1	806,	0,	chr15	78981740	78982446	retro_human_9286|ANP32BP3-201|processed_pseudogene	0	-	ANP32BP3	706
chr15	80555894	80556630	ENSG00000259707[1,1,1]	0	-	80556070	80556220	0	1	736,	0,	chr15	80555944	80556580	retro_human_6087|AC105339.4-201|processed_pseudogene	0	-	LOC100421235,CPEB1-AS1	636
chr15	82383828	82389065	ENSG00000176700[1,3,14]	0	+	82383828	82383828	0	3	194,102,2815,	0,796,2422,	chr15	82386300	82387062	retro_human_407|EGLN1P1-201|transcribed_processed_pseudogene	0	+	EGLN1P1,SCAND2P	762
chr15	82383828	82389065	ENSG00000176700[1,4,14]	0	+	82383828	82383828	0	2	898,2815,	0,2422,	chr15	82386300	82387062	retro_human_407|EGLN1P1-201|transcribed_processed_pseudogene	0	+	EGLN1P1,SCAND2P	762
chr15	82383828	82387629	ENSG00000176700[1,4,13]	0	+	82383828	82383828	0	2	898,1379,	0,2422,	chr15	82386300	82387062	retro_human_407|EGLN1P1-201|transcribed_processed_pseudogene	0	+	EGLN1P1,SCAND2P	762
chr15	82383828	82387899	ENSG00000176700[1,4,4]	0	+	82383828	82383828	0	2	898,1649,	0,2422,	chr15	82386300	82387062	retro_human_407|EGLN1P1-201|transcribed_processed_pseudogene	0	+	EGLN1P1,SCAND2P	762
chr15	82385905	82389065	ENSG00000254779[2,1,3]	0	+	82385905	82385905	0	1	3160,	0,	chr15	82386300	82387062	retro_human_407|EGLN1P1-201|transcribed_processed_pseudogene	0	+	EGLN1P1,SCAND2P	762
chr15	82385905	82387629	ENSG00000254779[2,1,2]	0	+	82385905	82385905	0	1	1724,	0,	chr15	82386300	82387062	retro_human_407|EGLN1P1-201|transcribed_processed_pseudogene	0	+	EGLN1P1,SCAND2P	762
chr15	82385905	82393513	ENSG00000176700[4,11,9]	0	+	82385905	82385905	0	4	903,74,82,1586,	0,3863,4912,6022,	chr15	82386300	82387062	retro_human_407|EGLN1P1-201|transcribed_processed_pseudogene	0	+	EGLN1P1,SCAND2P	762
chr15	82385905	82393221	ENSG00000176700[4,11,11]	0	+	82385905	82385905	0	4	903,74,82,1294,	0,3863,4912,6022,	chr15	82386300	82387062	retro_human_407|EGLN1P1-201|transcribed_processed_pseudogene	0	+	EGLN1P1,SCAND2P	762
chr15	82385905	82393513	ENSG00000176700[4,10,9]	0	+	82385905	82385905	0	4	903,74,124,1586,	0,3863,4870,6022,	chr15	82386300	82387062	retro_human_407|EGLN1P1-201|transcribed_processed_pseudogene	0	+	EGLN1P1,SCAND2P	762
chr15	82385905	82393221	ENSG00000176700[4,10,11]	0	+	82385905	82385905	0	4	903,74,124,1294,	0,3863,4870,6022,	chr15	82386300	82387062	retro_human_407|EGLN1P1-201|transcribed_processed_pseudogene	0	+	EGLN1P1,SCAND2P	762
chr15	82386250	82387112	ENSG00000254779[1,1,1]	0	+	82386250	82386250	0	1	862,	0,	chr15	82386300	82387062	retro_human_407|EGLN1P1-201|transcribed_processed_pseudogene	0	+	EGLN1P1,SCAND2P	762
chr15	83167228	83167734	ENSG00000259630[1,1,1]	0	+	83167277	83167682	0	1	506,	0,	chr15	83167278	83167684	retro_human_411|AC104046.1-201|transcribed_processed_pseudogene	0	+	FABP5P9	406
chr15	86744364	86745191	ENSG00000261549[1,1,1]	0	-	86744364	86744364	0	1	827,	0,	chr15	86744414	86745141	retro_human_387|AC107954.1-201|processed_pseudogene	0	-	LOC100129942	727
chr15	86890338	86891389	ENSG00000259699[1,1,1]	0	-	86890338	86890338	0	1	1051,	0,	chr15	86890388	86891339	retro_human_2057|HMGB1P8-201|processed_pseudogene	0	-	HMGB1P8	951
chr15	86955863	86956641	ENSG00000259948[1,1,1]	0	-	86955863	86955863	0	1	778,	0,	chr15	86955913	86956591	retro_human_2259|AC124068.1-201|processed_pseudogene	0	-	LOC124903574,ABHD2	678
chr15	87443766	87444173	ENSG00000241362[1,1,1]	0	-	87443929	87444031	0	1	407,	0,	chr15	87443816	87444123	retro_human_2241|RPL36AP43-201|processed_pseudogene	0	-	RPL36AP43	307
chr15	87632507	87633353	ENSG00000259677[1,1,1]	0	+	87632507	87632507	0	1	846,	0,	chr15	87632557	87633303	retro_human_6196|AC027176.2-201|processed_pseudogene	0	+	LOC100631255	746
chr15	87962546	87963041	ENSG00000225193[1,1,1]	0	+	87962594	87962858	0	1	495,	0,	chr15	87962596	87962992	retro_human_6194|RPS12P26-201|transcribed_processed_pseudogene	0	+	RPS12P26	396
chr15	88031069	88031757	ENSG00000228998[1,1,1]	0	+	88031119	88031707	0	1	688,	0,	chr15	88031119	88031707	retro_human_6193|AC091167.1-201|transcribed_processed_pseudogene	0	+	PERPP2	588
chr15	88141775	88142125	ENSG00000259262[1,1,1]	0	+	88141775	88141775	0	1	350,	0,	chr15	88141825	88142075	retro_human_6200|NDUFA3P4-201|processed_pseudogene	0	+	NDUFA3P4	250
chr15	88390689	88391098	ENSG00000259746[1,1,1]	0	+	88390716	88390815	0	1	409,	0,	chr15	88390739	88391048	retro_human_3069|HSPE1P3-201|processed_pseudogene	0	+	HSPE1P3	309
chr15	89503568	89504783	ENSG00000259057[1,1,1]	0	-	89503568	89503568	0	1	1215,	0,	chr15	89503618	89504733	THRAP3P2-201|processed_pseudogene	0	-	THRAP3P2	1115
chr15	90043892	90044593	ENSG00000258726[1,1,1]	0	+	90043892	90043892	0	1	701,	0,	chr15	90043942	90044543	retro_human_3066|DUXAP6-201|processed_pseudogene	0	+	DUXAP6	601
chr15	90474046	90474449	ENSG00000253954[1,1,1]	0	+	90474046	90474046	0	1	403,	0,	chr15	90474096	90474399	retro_human_8937|HMGN1P38-201|processed_pseudogene	0	+	HMGN1P38	303
chr15	90557857	90558750	ENSG00000258527[1,1,1]	0	+	90557857	90557857	0	1	893,	0,	chr15	90557907	90558700	retro_human_8938|ASB9P1-201|processed_pseudogene	0	+	ASB9P1	793
chr15	91931399	91931902	ENSG00000258570[1,1,1]	0	+	91931399	91931399	0	1	503,	0,	chr15	91931449	91931852	retro_human_8941|H3P40-201|processed_pseudogene	0	+	H3P40	403
chr15	92619519	92621057	ENSG00000277654[2,1,1]	0	+	92619519	92619519	0	1	1538,	0,	chr15	92619568	92621007	retro_human_8942|AC087633.2-203|transcribed_processed_pseudogene	0	+	LOC440311	1439
chr15	94212727	94213167	ENSG00000242295[1,1,1]	0	+	94212727	94212727	0	1	440,	0,	chr15	94212777	94213117	retro_human_8933|AC087477.1-201|processed_pseudogene	0	+	RPL31P55	340
chr15	94521567	94523277	ENSG00000214424[1,1,1]	0	+	94521567	94521567	0	1	1710,	0,	chr15	94521617	94523227	retro_human_8932|FAM149B1P1-201|processed_pseudogene	0	+	FAM149B1P1	1610
chr15	97048380	97049432	ENSG00000259228[1,1,1]	0	-	97048380	97048380	0	1	1052,	0,	chr15	97048430	97049382	HNRNPA1P62-201|processed_pseudogene	0	-	HNRNPA1P62	952
chr16	1243595	1244977	ENSG00000197253[3,4,1]	0	-	1243962	1244944	255	4	529,164,267,101,	0,614,905,1281,	chr16	1244508	1245019	retro_human_1383	0	-	TPSB2	469
chr16	1243595	1245313	ENSG00000197253[2,2,1]	0	-	1243962	1245283	0	5	529,164,267,172,112,	0,614,905,1281,1606,	chr16	1244508	1245019	retro_human_1383	0	-	TPSB2	511
chr16	1243595	1245545	ENSG00000197253[1,2,1]	0	-	1243962	1245283	0	5	529,164,267,172,344,	0,614,905,1281,1606,	chr16	1244508	1245019	retro_human_1383	0	-	TPSB2	511
chr16	1492493	1493347	ENSG00000219027[1,1,1]	0	+	1492493	1492493	0	1	854,	0,	chr16	1492543	1493297	retro_human_5020|RPS3AP2-201|processed_pseudogene	0	+	RPS3AP2	754
chr16	2680503	2685605	ENSG00000260565[3,5,1]	0	-	2680503	2680503	0	1	5102,	0,	chr16	2683084	2683704	retro_human_7494	0	-	ERVK13-1	620
chr16	2860056	2862437	ENSG00000172460[5,3,1]	0	-	2860056	2860056	0	3	414,166,219,	0,1645,2162,	chr16	2860285	2861811	retro_human_1647	0	-	PRSS30P	1526
chr16	2860056	2863065	ENSG00000172460[3,5,1]	0	-	2860056	2860056	0	4	414,166,92,78,	0,1645,2162,2931,	chr16	2860285	2861811	retro_human_1647	0	-	PRSS30P	1526
chr16	2860056	2863333	ENSG00000172460[4,1,1]	0	-	2860056	2860056	0	2	414,2647,	0,630,	chr16	2860285	2861811	retro_human_1647	0	-	PRSS30P	1526
chr16	2949216	2949857	ENSG00000262959[1,1,1]	0	-	2949216	2949216	0	1	641,	0,	chr16	2949266	2949807	retro_human_1643|RPL23AP86-201|processed_pseudogene	0	-	RPL23AP86	541
chr16	3350195	3351029	ENSG00000262316[1,1,1]	0	-	3350195	3350195	0	1	834,	0,	chr16	3350245	3350979	retro_human_10314|AC025283.1-201|processed_pseudogene	0	-	LOC646140	734
chr16	4592238	4592653	ENSG00000261612[1,1,1]	0	-	4592238	4592238	0	1	415,	0,	chr16	4592288	4592603	retro_human_10317|SUB1P3-201|processed_pseudogene	0	-	SUB1P3	315
chr16	9189691	9190272	ENSG00000220793[1,1,1]	0	-	9189691	9189691	0	1	581,	0,	chr16	9189742	9190222	RPL21P119-201|processed_pseudogene	0	-	RPL21P119	480
chr16	10876248	10877509	ENSG00000262488[1,1,1]	0	-	10876248	10876248	0	1	1261,	0,	chr16	10876298	10877459	AC133065.2-201|processed_pseudogene	0	-	LOC729945	1161
chr16	11063253	11064093	ENSG00000229917[1,1,1]	0	+	11063276	11064041	0	1	840,	0,	chr16	11063303	11064043	retro_human_6185|RPL7P46-201|processed_pseudogene	0	+	RPL7P46	740
chr16	11278836	11279836	ENSG00000263179[1,1,1]	0	+	11278836	11278836	0	1	1000,	0,	chr16	11278886	11279786	retro_human_11205|HNRNPCP4-201|processed_pseudogene	0	+	HNRNPCP4	900
chr16	11939933	11940248	ENSG00000260318[1,1,1]	0	-	11940024	11940246	0	1	315,	0,	chr16	11939983	11940198	retro_human_4404|COX6CP1-201|processed_pseudogene	0	-	COX6CP1	215
chr16	12918264	12918687	ENSG00000241932[1,1,1]	0	+	12918264	12918264	0	1	423,	0,	chr16	12918314	12918638	retro_human_379|AC092324.2-201|processed_pseudogene	0	+	RPL35AP34	324
chr16	14237574	14238297	ENSG00000262470[1,1,1]	0	+	14237624	14238167	0	1	723,	0,	chr16	14237624	14238247	retro_human_11213|TVP23CP2-201|processed_pseudogene	0	+	TVP23CP2	623
chr16	16553406	16554137	ENSG00000261362[1,1,1]	0	-	16553406	16553406	0	1	731,	0,	chr16	16553456	16554087	retro_human_6070|AC136619.2-201|processed_pseudogene	0	-	LOC100133127	631
chr16	18177534	18178238	ENSG00000260933[1,1,1]	0	+	18177534	18177534	0	1	704,	0,	chr16	18177584	18178188	retro_human_11218|AC091489.2-201|processed_pseudogene	0	+	LOC100133137	604
chr16	21454537	21455173	ENSG00000258186[1,1,1]	0	-	21454537	21454537	0	1	636,	0,	chr16	21454599	21455024	retro_human_4141	0	-	SLC7A5P2	425
chr16	25365068	25383135	ENSG00000260448[2,5,2]	0	-	25365068	25365068	0	2	233,258,	0,17809,	chr16	25372907	25374777	retro_human_9754|AC133552.3-201|processed_pseudogene	0	+	LOC100421173	1870
chr16	25372857	25374827	ENSG00000262700[1,1,1]	0	+	25372857	25372857	0	1	1970,	0,	chr16	25372907	25374777	retro_human_9754|AC133552.3-201|processed_pseudogene	0	+	LOC100421173	1870
chr16	25730786	25731195	ENSG00000260690[1,1,1]	0	-	25730786	25730786	0	1	409,	0,	chr16	25730836	25731145	retro_human_4131|CYCSP39-201|processed_pseudogene	0	-	CYCSP39	309
chr16	26308882	26309255	ENSG00000230330[1,1,1]	0	-	26308882	26308882	0	1	373,	0,	chr16	26308932	26309205	retro_human_6440|HMGN2P3-201|processed_pseudogene	0	-	HMGN2P3	273
chr16	29895096	29895734	ENSG00000260727[1,1,1]	0	-	29895096	29895096	0	1	638,	0,	chr16	29895160	29895585	retro_human_6434	0	-	SLC7A5P1,SMG1P2	425
chr16	30741592	30743368	ENSG00000260219[2,2,1]	0	+	30741592	30741592	0	2	230,874,	0,902,	chr16	30742578	30742808	retro_human_6652	0	+	CD2BP2-DT	230
chr16	31208779	31209426	ENSG00000274678[1,1,1]	0	+	31208817	31209069	0	1	647,	0,	chr16	31208559	31209602	retro_human_5256|AC106886.1-201|processed_pseudogene	0	-	LOC124903679	647
chr16	31955729	31956919	ENSG00000261614[1,1,1]	0	-	31955729	31955729	0	1	1190,	0,	chr16	31955779	31956869	retro_human_5254|YBX3P1-201|processed_pseudogene	0	-	YBX3P1	1090
chr16	32281960	32282502	ENSG00000259950[1,1,1]	0	-	32281960	32281960	0	1	542,	0,	chr16	32282010	32282452	AC034105.3-201|processed_pseudogene	0	-	LOC100422713	442
chr16	38958665	38959315	ENSG00000261461[1,1,1]	0	+	38959315	38959315	0	1	650,	0,	chr16	38958715	38959265	retro_human_4013|UBE2MP1-201|processed_pseudogene	0	+	UBE2MP1	550
chr16	38325224	38325736	ENSG00000261620[1,1,1]	0	+	38325736	38325736	0	1	512,	0,	chr16	38325274	38325686	retro_human_6031|HMGN2P41-201|processed_pseudogene	0	+	HMGN2P41	412
chr16	52423207	52423896	ENSG00000259856[1,1,1]	0	-	52423207	52423207	0	1	689,	0,	chr16	52423257	52423846	retro_human_666|RAB43P1-201|processed_pseudogene	0	-	RAB43P1	589
chr16	53395407	53395850	ENSG00000259918[1,1,1]	0	-	53395407	53395407	0	1	443,	0,	chr16	53395457	53395800	retro_human_5655|NDUFA5P11-201|processed_pseudogene	0	-	NDUFA5P11	343
chr16	54131679	54132163	ENSG00000240793[1,1,1]	0	-	54131679	54131679	0	1	484,	0,	chr16	54131729	54132113	retro_human_298|UBA52P8-201|processed_pseudogene	0	-	UBA52P8	384
chr16	54268152	54268433	ENSG00000260688[1,1,1]	0	-	54268152	54268152	0	1	281,	0,	chr16	54268202	54268383	retro_human_299|AC026470.1-201|processed_pseudogene	0	-	LOC100526838	181
chr16	54397798	54398367	ENSG00000260033[1,1,1]	0	+	54397798	54397798	0	1	569,	0,	chr16	54397848	54398317	retro_human_5617|AC023813.2-201|processed_pseudogene	0	+	LOC105371239	469
chr16	54515714	54516875	ENSG00000260726[1,1,1]	0	+	54515714	54515714	0	1	1161,	0,	chr16	54515764	54516825	retro_human_5616|KLF8P1-201|processed_pseudogene	0	+	KLF8P1	1061
chr16	58453157	58453996	ENSG00000234337[1,1,1]	0	+	58453157	58453157	0	1	839,	0,	chr16	58453207	58453946	retro_human_256|AC026462.1-201|processed_pseudogene	0	+	LOC146253	739
chr16	58732516	58733439	ENSG00000260326[1,1,1]	0	+	58732516	58732516	0	1	923,	0,	chr16	58732566	58733389	retro_human_257|PHBP21-201|processed_pseudogene	0	+	PHB1P21	823
chr16	59095969	59097638	ENSG00000261056[1,1,1]	0	+	59096602	59097157	0	1	1669,	0,	chr16	59096019	59097588	retro_human_259|AC079416.2-201|transcribed_processed_pseudogene	0	+	LOC100421174,LOC100310835	1569
chr16	63398289	63398950	ENSG00000260828[1,1,1]	0	+	63398289	63398289	0	1	661,	0,	chr16	63398339	63398900	retro_human_5245|HMGB3P32-201|processed_pseudogene	0	+	HMGB3P32	561
chr16	63887306	63888311	ENSG00000261151[1,1,1]	0	-	63887306	63887306	0	1	1005,	0,	chr16	63887356	63888261	retro_human_7687|AC012182.1-201|processed_pseudogene	0	-	LOC100125393	905
chr16	65546635	65547301	ENSG00000260240[2,1,2]	0	-	65546635	65546635	0	1	666,	0,	chr16	65546685	65547251	retro_human_7688|APOOP5-202|transcribed_processed_pseudogene	0	-	APOOP5	566
chr16	66843187	66843853	ENSG00000224631[1,1,1]	0	-	66843187	66843187	0	1	666,	0,	chr16	66843237	66843803	retro_human_7690|RPS27AP16-202|transcribed_processed_pseudogene	0	-	RPS27AP16	566
chr16	66843187	66843853	ENSG00000224631[1,1,1]	0	-	66843187	66843187	0	1	666,	0,	chr16	66843282	66843752	RPS27AP16-201|transcribed_processed_pseudogene	0	-	RPS27AP16	470
chr16	74005139	74005576	ENSG00000240435[1,1,1]	0	+	74005209	74005404	0	1	437,	0,	chr16	74005189	74005526	retro_human_6098|RPS12P27-201|processed_pseudogene	0	+	RPS12P27	337
chr16	74273013	74273447	ENSG00000241334[1,1,1]	0	-	74273013	74273013	0	1	434,	0,	chr16	74273063	74273397	retro_human_2253|RPL35AP33-201|processed_pseudogene	0	-	RPL35AP33	334
chr16	74447300	74448293	ENSG00000260860[1,1,1]	0	-	74447300	74447300	0	1	993,	0,	chr16	74447350	74448243	retro_human_5355|AC126773.5-201|processed_pseudogene	0	-	LOC100418868	893
chr16	74618802	74619386	ENSG00000260459[1,1,1]	0	+	74618802	74618802	0	1	584,	0,	chr16	74618852	74619336	retro_human_6091|FTLP14-201|processed_pseudogene	0	+	FTLP14	484
chr16	75559021	75560523	ENSG00000260290[1,1,1]	0	-	75559021	75559021	0	1	1502,	0,	chr16	75559071	75560473	retro_human_4841|AC092115.1-201|processed_pseudogene	0	-	NONOP1	1402
chr16	76255651	76255990	ENSG00000240043[1,1,1]	0	-	76255651	76255651	0	1	339,	0,	chr16	76255701	76255940	retro_human_4848|RPS27P26-201|processed_pseudogene	0	-	RPS27P26	239
chr16	80714197	80715498	ENSG00000262904[1,1,1]	0	+	80714197	80714197	0	1	1301,	0,	chr16	80714247	80715448	retro_human_535|TMPOP2-201|processed_pseudogene	0	+	TMPOP2	1201
chr16	82291147	82291816	ENSG00000244485[1,1,1]	0	-	82291147	82291147	0	1	669,	0,	chr16	82291197	82291766	retro_human_4972|RPL18P13-201|processed_pseudogene	0	-	RPL18P13	569
chr16	82934391	82935154	ENSG00000260797[1,1,1]	0	-	82934391	82934391	0	1	763,	0,	chr16	82934441	82935104	retro_human_7289|AC106734.1-201|processed_pseudogene	0	-	LOC100128497	663
chr16	84111557	84112762	ENSG00000261776[1,1,1]	0	-	84111557	84111557	0	1	1205,	0,	chr16	84111607	84112712	retro_human_2987|AC079414.2-201|processed_pseudogene	0	-	LOC100131126	1105
chr16	91344928	91345244	ENSG00000270313[1,1,1]	0	-	91344928	91344928	0	1	316,	0,	chr16	91344978	91345194	retro_human_4905|COX6CP16-201|processed_pseudogene	0	-	COX6CP16	216
chr16	91881297	91882061	ENSG00000214259[1,1,1]	0	-	91881297	91881297	0	1	764,	0,	chr16	91881347	91882011	retro_human_8447|AC018695.1-201|processed_pseudogene	0	-	RPL10AP12	664
chr16	94017611	94017856	ENSG00000260443[1,1,1]	0	-	94017611	94017611	0	1	245,	0,	chr16	94017661	94017806	AC127455.1-201|processed_pseudogene	0	-	LOC107984816	145
chr16	94706400	94708051	ENSG00000124391[1,2,2]	0	+	94706520	94706655	0	2	788,359,	0,1292,	chr16	94707556	94707939	retro_human_2533	0	+	IL17C	383
chr16	94706400	94708397	ENSG00000124391[1,1,1]	0	+	94706520	94707948	0	3	126,329,705,	0,459,1292,	chr16	94707556	94707939	retro_human_2533	0	+	IL17C	383
chr16	96179394	96182695	ENSG00000261812[1,1,2]	0	+	96179394	96179394	0	3	750,194,1271,	0,1238,2030,	chr16	96180591	96182408	retro_human_1368	0	+	TUBB8P7	1817
chr17	637986	640672	ENSG00000231784[1,1,2]	0	+	637986	637986	0	1	2686,	0,	chr17	638223	638507	retro_human_6056	0	+	DBIL5P	284
chr17	1042104	1042415	ENSG00000275997[1,1,1]	0	+	1042104	1042104	0	1	311,	0,	chr17	1042155	1042365	AC016292.2-201|processed_pseudogene	0	+	MRPL14P1	210
chr17	2194050	2195105	ENSG00000262333[1,1,1]	0	+	2194087	2194921	0	1	1055,	0,	chr17	2194100	2195055	retro_human_11214|HNRNPA1P16-201|processed_pseudogene	0	+	HNRNPA1P16	955
chr17	2502422	2503183	ENSG00000262480[1,1,1]	0	-	2502422	2502422	0	1	761,	0,	chr17	2502472	2503133	retro_human_5540|SAMD11P1-201|processed_pseudogene	0	-	SAMD11P1,PAFAH1B1	661
chr17	4111293	4113131	ENSG00000263219[1,1,1]	0	+	4111293	4111293	0	1	1838,	0,	chr17	4111343	4113081	retro_human_7835|RYKP1-201|processed_pseudogene	0	+	RYKP1	1738
chr17	4190569	4191996	ENSG00000261868[1,1,1]	0	+	4190569	4190569	0	1	1427,	0,	chr17	4190619	4191946	retro_human_9987|MFSD1P1-201|processed_pseudogene	0	+	MFSD1P1	1327
chr17	4462043	4462456	ENSG00000262519[1,1,1]	0	+	4462043	4462043	0	1	413,	0,	chr17	4462096	4462406	retro_human_11027|TXNP4-201|processed_pseudogene	0	+	TXNP4	310
chr17	4746896	4747614	ENSG00000230201[1,1,1]	0	-	4746896	4746896	0	1	718,	0,	chr17	4746946	4747564	retro_human_1268|ATP6V0CP1-201|processed_pseudogene	0	-	ATP6V0CP1	618
chr17	5005235	5008426	ENSG00000234327[2,7,2]	0	+	5005235	5005235	255	2	255,1669,	0,1522,	chr17	5007529	5007903	retro_human_9937	0	-	ZNF232-AS1	374
chr17	5005235	5007815	ENSG00000234327[2,7,1]	0	+	5005235	5005235	255	2	255,1058,	0,1522,	chr17	5007529	5007903	retro_human_9937	0	-	ZNF232-AS1	286
chr17	5005235	5007815	ENSG00000234327[2,2,1]	0	+	5005235	5005235	255	3	238,67,286,	0,1522,2294,	chr17	5007529	5007903	retro_human_9937	0	-	ZNF232-AS1	286
chr17	5005235	5008426	ENSG00000234327[2,3,2]	0	+	5005235	5005235	0	3	255,67,897,	0,1522,2294,	chr17	5007529	5007903	retro_human_9937	0	-	ZNF232-AS1	374
chr17	5005235	5007815	ENSG00000234327[2,3,1]	0	+	5005235	5005235	0	3	255,67,286,	0,1522,2294,	chr17	5007529	5007903	retro_human_9937	0	-	ZNF232-AS1	286
chr17	5006680	5008426	ENSG00000234327[3,5,2]	0	+	5006680	5006680	0	1	1746,	0,	chr17	5007529	5007903	retro_human_9937	0	-	ZNF232-AS1	374
chr17	5072831	5077794	ENSG00000180626[2,2,1]	0	-	5075182	5077603	0	1	4963,	0,	chr17	5074255	5075448	retro_human_7237	0	-	ZNF594	1193
chr17	5073374	5085267	ENSG00000180626[1,3,3]	0	-	5075182	5077603	0	2	4249,487,	0,11406,	chr17	5074255	5075448	retro_human_7237	0	-	ZNF594	1193
chr17	5073374	5085267	ENSG00000180626[1,1,3]	0	-	5075182	5077603	0	2	4249,171,	0,11722,	chr17	5074255	5075448	retro_human_7237	0	-	ZNF594	1193
chr17	5073539	5085267	ENSG00000180626[1,3,4]	0	-	5075182	5077603	0	2	4084,487,	0,11241,	chr17	5074255	5075448	retro_human_7237	0	-	ZNF594	1193
chr17	5073539	5085267	ENSG00000180626[1,1,4]	0	-	5075182	5077603	0	2	4084,171,	0,11557,	chr17	5074255	5075448	retro_human_7237	0	-	ZNF594	1193
chr17	5624483	5625380	ENSG00000262961[1,1,1]	0	+	5624483	5624483	0	1	897,	0,	chr17	5624533	5625330	retro_human_11038|AC006236.1-201|processed_pseudogene	0	+	LOC100128284	797
chr17	8467244	8467691	ENSG00000244604[1,1,1]	0	+	8467244	8467244	0	1	447,	0,	chr17	8467294	8467641	retro_human_10609|AC025518.1-201|processed_pseudogene	0	+	RPS26P53	347
chr17	10623502	10624112	ENSG00000264176[1,1,1]	0	-	10623625	10623871	0	1	610,	0,	chr17	10623552	10623981	retro_human_1071|MAGOH2P-202|transcribed_processed_pseudogene	0	-	MAGOH2P,TMEM220	429
chr17	10623502	10624112	ENSG00000264176[1,1,1]	0	-	10623625	10623871	0	1	610,	0,	chr17	10623626	10624062	MAGOH2P-201|transcribed_processed_pseudogene	0	-	MAGOH2P,TMEM220	436
chr17	12023509	12023949	ENSG00000263648[1,1,1]	0	+	12023777	12023933	0	1	440,	0,	chr17	12023560	12023899	retro_human_10647|AC005244.1-201|processed_pseudogene	0	+	LOC103156999	339
chr17	14610997	14611556	ENSG00000230897[1,1,1]	0	-	14610997	14610997	0	1	559,	0,	chr17	14611047	14611506	retro_human_2180|RPS18P12-201|processed_pseudogene	0	-	RPS18P12	459
chr17	15413047	15413636	ENSG00000223878[1,1,1]	0	+	15413047	15413047	0	1	589,	0,	chr17	15413097	15413586	retro_human_10616|PPIAP53-201|processed_pseudogene	0	+	PPIAP53	489
chr17	15610420	15611189	ENSG00000233966[1,1,1]	0	-	15610420	15610420	0	1	769,	0,	chr17	15610470	15611139	retro_human_2182|UBE2SP1-201|processed_pseudogene	0	-	UBE2SP1	669
chr17	15692980	15694037	ENSG00000179277[1,1,1]	0	+	15692980	15692980	0	1	1057,	0,	chr17	15693030	15693987	retro_human_6180|MEIS3P1-201|processed_pseudogene	0	+	MEIS3P1	957
chr17	15693598	15696167	ENSG00000276855[2,1,1]	0	+	15693598	15693598	0	1	2569,	0,	chr17	15693030	15693987	retro_human_6180|MEIS3P1-201|processed_pseudogene	0	+	MEIS3P1	389
chr17	15946783	15947224	ENSG00000243686[1,1,1]	0	+	15946833	15947097	0	1	441,	0,	chr17	15946833	15947174	retro_human_6165|RPLP1P11-201|processed_pseudogene	0	+	RPLP1P11,TTC19	341
chr17	16293702	16294251	ENSG00000265095[1,1,1]	0	+	16293702	16293702	0	1	549,	0,	chr17	16293752	16294201	retro_human_6422|FTLP12-201|processed_pseudogene	0	+	FTLP12	449
chr17	16519041	16520175	ENSG00000235554[1,1,1]	0	-	16519041	16519041	0	1	1134,	0,	chr17	16519091	16520125	retro_human_2178|AC005822.1-201|processed_pseudogene	0	-	SRSF6P2	1034
chr17	16647958	16649188	ENSG00000226478[1,1,1]	0	-	16647958	16647958	0	1	1230,	0,	chr17	16648008	16649138	retro_human_2174|UPF3AP1-201|processed_pseudogene	0	-	UPF3AP1	1130
chr17	16786599	16789035	ENSG00000131885[5,7,1]	0	-	16786599	16786599	255	4	1019,221,126,785,	0,1118,1425,1651,	chr17	16787723	16788139	retro_human_8011	0	-	KRT17P1	416
chr17	16786599	16788254	ENSG00000131885[2,6,1]	0	-	16786599	16786599	255	4	145,35,221,230,	0,984,1118,1425,	chr17	16787723	16788139	retro_human_8011	0	-	KRT17P1	416
chr17	16787243	16788254	ENSG00000131885[2,3,3]	0	-	16787243	16787243	0	3	375,221,230,	0,474,781,	chr17	16787723	16788139	retro_human_8011	0	-	KRT17P1	416
chr17	18255436	18261863	ENSG00000177302[1,10,14]	0	-	18255584	18261584	0	2	310,459,	0,5968,	chr17	18259564	18260338	retro_human_388|RPL21P121-201|processed_pseudogene	0	+	RPL21P121	774
chr17	18519532	18519842	ENSG00000227077[1,1,1]	0	+	18519532	18519532	0	1	310,	0,	chr17	18519582	18519792	retro_human_4802|AC107983.1-201|processed_pseudogene	0	+	RPS28P9	210
chr17	18596975	18598423	ENSG00000174977[1,1,1]	0	+	18596975	18596975	0	1	1448,	0,	chr17	18597025	18598373	retro_human_6531|AC026271.1-201|processed_pseudogene	0	+	PAIP1P2	1348
chr17	18612697	18629098	ENSG00000249459[2,4,6]	0	-	18619133	18628471	0	3	7180,89,664,	0,14863,15737,	chr17	18617728	18619748	retro_human_8006	0	-	FOXO3B	2020
chr17	18612697	18629098	ENSG00000249459[2,6,6]	0	-	18619133	18628471	0	4	7180,89,232,75,	0,14863,15737,16326,	chr17	18617728	18619748	retro_human_8006	0	-	FOXO3B	2020
chr17	18613473	18629098	ENSG00000249459[2,6,7]	0	-	18619133	18628471	0	4	6404,89,232,75,	0,14087,14961,15550,	chr17	18617728	18619748	retro_human_8006	0	-	FOXO3B	2020
chr17	18614404	18629098	ENSG00000249459[2,4,8]	0	-	18619133	18628471	0	3	5473,89,664,	0,13156,14030,	chr17	18617728	18619748	retro_human_8006	0	-	FOXO3B	2020
chr17	18614404	18629098	ENSG00000249459[2,6,8]	0	-	18619133	18628471	0	4	5473,89,232,75,	0,13156,14030,14619,	chr17	18617728	18619748	retro_human_8006	0	-	FOXO3B	2020
chr17	18616727	18629098	ENSG00000249459[2,4,9]	0	-	18619133	18628471	0	3	3150,89,664,	0,10833,11707,	chr17	18617728	18619748	retro_human_8006	0	-	FOXO3B	2020
chr17	18616727	18629098	ENSG00000249459[2,6,9]	0	-	18619133	18628471	0	4	3150,89,232,75,	0,10833,11707,12296,	chr17	18617728	18619748	retro_human_8006	0	-	FOXO3B	2020
chr17	18617094	18629098	ENSG00000249459[2,4,10]	0	-	18619133	18628471	0	3	2783,89,664,	0,10466,11340,	chr17	18617728	18619748	retro_human_8006	0	-	FOXO3B	2020
chr17	18617094	18629098	ENSG00000249459[2,6,10]	0	-	18619133	18628471	0	4	2783,89,232,75,	0,10466,11340,11929,	chr17	18617728	18619748	retro_human_8006	0	-	FOXO3B	2020
chr17	18617717	18619745	ENSG00000240445[3,5,4]	0	-	18617728	18618613	0	1	2028,	0,	chr17	18617728	18619748	retro_human_8006	0	-	FOXO3B	2017
chr17	18624032	18624629	ENSG00000224126[1,1,1]	0	+	18624032	18624032	0	1	597,	0,	chr17	18624082	18624579	retro_human_6462|UBE2SP2-201|processed_pseudogene	0	+	UBE2SP2	497
chr17	20324317	20325551	ENSG00000214832[2,1,2]	0	-	20324317	20324317	0	1	1234,	0,	chr17	20324027	20325052	retro_human_2539|UPF3AP2-202|transcribed_processed_pseudogene	0	-	UPF3AP2	735
chr17	20324317	20325551	ENSG00000214832[2,1,2]	0	-	20324317	20324317	0	1	1234,	0,	chr17	20324367	20325499	UPF3AP2-201|transcribed_processed_pseudogene	0	-	UPF3AP2	1132
chr17	20480869	20481705	ENSG00000265916[1,1,1]	0	-	20480869	20480869	0	1	836,	0,	chr17	20480919	20481655	AC015818.5-201|processed_pseudogene	0	-	LOC100996294	736
chr17	20537892	20539067	ENSG00000188013[1,1,1]	0	+	20537892	20537892	0	1	1175,	0,	chr17	20537942	20539017	retro_human_5830|MEIS3P2-201|processed_pseudogene	0	+	MEIS3P2	1075
chr17	20724405	20725769	ENSG00000213671[1,1,1]	0	+	20724405	20724405	0	1	1364,	0,	chr17	20724455	20725719	retro_human_5832|OLA1P2-201|processed_pseudogene	0	+	OLA1P2	1264
chr17	20850704	20851546	ENSG00000265790[1,1,1]	0	-	20850704	20850704	0	1	842,	0,	chr17	20850754	20851496	retro_human_2536|RNASEH1P1-201|processed_pseudogene	0	-	RNASEH1P1,CCDC144NL-AS1	742
chr17	20932670	20932915	ENSG00000263729[1,1,1]	0	+	20932670	20932670	0	1	245,	0,	chr17	20932720	20932865	AC087393.1-201|processed_pseudogene	0	+	LOC124900389	145
chr17	21393713	21394420	ENSG00000265881[1,1,1]	0	-	21393713	21393713	0	1	707,	0,	chr17	21393763	21394370	retro_human_2537|PDLIM1P2-201|processed_pseudogene	0	-	PDLIM1P2	607
chr17	21453439	21454038	ENSG00000244582[1,1,1]	0	+	21453439	21453439	0	1	599,	0,	chr17	21453489	21453991	retro_human_5261|RPL21P120-201|processed_pseudogene	0	+	RPL21P120	502
chr17	21522352	21522663	ENSG00000266050[1,1,1]	0	-	21522352	21522352	0	1	311,	0,	chr17	21522402	21522613	AC233702.6-201|transcribed_processed_pseudogene	0	-	LOC124903953	211
chr17	22864587	22866849	ENSG00000263563[2,3,1]	0	+	22864587	22864587	0	2	441,1120,	0,1142,	chr17	22865735	22865963	retro_human_7933	0	+	UBBP4	228
chr17	22864587	22866849	ENSG00000263563[2,3,1]	0	+	22864587	22864587	0	2	441,1120,	0,1142,	chr17	22866186	22866421	retro_human_9215	0	+	UBBP4	235
chr17	22865685	22866849	ENSG00000263563[3,1,1]	0	+	22865685	22865685	0	1	1164,	0,	chr17	22865735	22865963	retro_human_7933	0	+	UBBP4	228
chr17	22865685	22866849	ENSG00000263563[3,1,1]	0	+	22865685	22865685	0	1	1164,	0,	chr17	22866186	22866421	retro_human_9215	0	+	UBBP4	235
chr17	28215472	28215944	ENSG00000239223[1,1,1]	0	+	28215472	28215472	0	1	472,	0,	chr17	28215522	28215894	retro_human_4163|RPL34P31-201|processed_pseudogene	0	+	RPL34P31	372
chr17	29168340	29169943	ENSG00000237575[1,1,2]	0	+	29168340	29168340	0	2	366,810,	0,793,	chr17	29169134	29169502	retro_human_10729	0	+	PYY2	368
chr17	29410788	29411473	ENSG00000263266[1,1,1]	0	+	29410788	29410788	0	1	685,	0,	chr17	29410838	29411423	retro_human_2629|RPS7P1-201|processed_pseudogene	0	+	RPS7P1	585
chr17	29964001	29964417	ENSG00000263781[1,1,1]	0	-	29964001	29964001	0	1	416,	0,	chr17	29964051	29964367	retro_human_550|AC024619.4-201|processed_pseudogene	0	-	NDUFS5P7	316
chr17	30146077	30147226	ENSG00000178082[1,1,1]	0	-	30146077	30146077	0	1	1149,	0,	chr17	30146127	30147176	retro_human_2937|TWF1P1-201|processed_pseudogene	0	-	TWF1P1	1049
chr17	30283165	30283606	ENSG00000239256[1,1,1]	0	-	30283165	30283165	0	1	441,	0,	chr17	30283215	30283556	retro_human_2938|RPL35AP35-201|processed_pseudogene	0	-	RPL35AP35	341
chr17	30659118	30659625	ENSG00000240531[1,1,1]	0	-	30659161	30659539	0	1	507,	0,	chr17	30659168	30659575	retro_human_5260|RPL21P123-201|transcribed_processed_pseudogene	0	-	RPL21P123,SSH2	407
chr17	32986275	32987456	ENSG00000264943[1,1,1]	0	+	32986275	32986275	0	1	1181,	0,	chr17	32986318	32987406	SH3GL1P1-203|transcribed_processed_pseudogene	0	+	SH3GL1P1	1088
chr17	32986275	32987456	ENSG00000264943[1,1,1]	0	+	32986275	32986275	0	1	1181,	0,	chr17	32986765	32988710	SH3GL1P1-201|transcribed_processed_pseudogene	0	+	SH3GL1P1	691
chr17	31776559	31777077	ENSG00000242439[1,1,1]	0	+	31776559	31776559	0	1	518,	0,	chr17	31776609	31777027	retro_human_5111|AC127024.1-201|processed_pseudogene	0	+	RPS17P3	418
chr17	32290840	32291612	ENSG00000263535[1,1,1]	0	+	32290890	32291559	0	1	772,	0,	chr17	32290890	32291562	retro_human_5307|AK4P1-201|processed_pseudogene	0	+	AK4P1	672
chr17	32986715	32988761	ENSG00000266777[3,1,3]	0	+	32986903	32987818	0	1	2046,	0,	chr17	32986318	32987406	SH3GL1P1-203|transcribed_processed_pseudogene	0	+	SH3GL1P1	691
chr17	32986715	32988761	ENSG00000266777[3,1,3]	0	+	32986903	32987818	0	1	2046,	0,	chr17	32986765	32988710	SH3GL1P1-201|transcribed_processed_pseudogene	0	+	SH3GL1P1	1945
chr17	33173609	33173928	ENSG00000266282[1,1,1]	0	-	33173609	33173609	0	1	319,	0,	chr17	33173659	33173878	retro_human_8768|UBL5P2-201|processed_pseudogene	0	-	UBL5P2	219
chr17	36138845	36139687	ENSG00000267744[1,1,1]	0	+	36139270	36139477	0	1	842,	0,	chr17	36138895	36139637	retro_human_10590|AC022916.3-201|transcribed_processed_pseudogene	0	+	LOC100130114	742
chr17	36325321	36325684	ENSG00000267315[1,1,1]	0	-	36325321	36325321	0	1	363,	0,	chr17	36325371	36325634	retro_human_3304|AC060766.3-201|processed_pseudogene	0	-	UFM1P2	263
chr17	36354607	36357792	ENSG00000267745[1,1,1]	0	-	36355045	36355282	0	2	958,354,	0,2831,	chr17	36354921	36355792	retro_human_3305|AC060766.5-201|transcribed_processed_pseudogene	0	-	LOC729839,SLFN12	871
chr17	36354871	36355842	ENSG00000267648[1,1,1]	0	-	36355045	36355282	0	1	971,	0,	chr17	36354921	36355792	retro_human_3305|AC060766.5-201|transcribed_processed_pseudogene	0	-	LOC729839,SLFN12	871
chr17	36357525	36358252	ENSG00000267102[1,1,1]	0	-	36357946	36358129	0	1	727,	0,	chr17	36357575	36358202	retro_human_3302|AC060766.1-201|transcribed_processed_pseudogene	0	-	SLFN12	627
chr17	36407421	36408591	ENSG00000267312[1,1,1]	0	-	36407421	36407421	0	1	1170,	0,	chr17	36407471	36408541	retro_human_3303|AC015911.4-201|processed_pseudogene	0	-	LOC100420061	1070
chr17	36418009	36418669	ENSG00000267554[1,1,1]	0	-	36418009	36418009	0	1	660,	0,	chr17	36418059	36418619	retro_human_3300|AC015911.8-201|processed_pseudogene	0	-	SLFN12L	560
chr17	36514382	36514638	ENSG00000242660[1,1,1]	0	+	36514382	36514382	0	1	256,	0,	chr17	36514432	36514588	retro_human_6519|AC015911.1-201|processed_pseudogene	0	+	RPL39P32	156
chr17	37142707	37144396	ENSG00000276085[2,3,1]	0	-	37142707	37142707	0	3	558,115,102,	0,979,1587,	chr17	37143686	37143871	retro_human_3464	0	-	CCL3L3	185
chr17	38131064	38131492	ENSG00000275029[2,1,2]	0	-	38131150	38131270	0	1	428,	0,	chr17	38130585	38131270	retro_human_3465|HMGB1P24-202|transcribed_processed_pseudogene	0	-	HMGB1P24	206
chr17	38131064	38131492	ENSG00000275029[2,1,2]	0	-	38131150	38131270	0	1	428,	0,	chr17	38131114	38131442	HMGB1P24-201|transcribed_processed_pseudogene	0	-	HMGB1P24	328
chr17	39718314	39718771	ENSG00000244086[1,1,1]	0	+	39718314	39718314	0	1	457,	0,	chr17	39718364	39718721	retro_human_475|AC110749.1-201|processed_pseudogene	0	+	RPS20P35	357
chr17	40698556	40699700	ENSG00000264663[1,1,1]	0	-	40699047	40699572	0	1	1144,	0,	chr17	40698606	40699650	retro_human_9334|KRT8P34-201|processed_pseudogene	0	-	KRT8P34	1044
chr17	40702888	40703144	ENSG00000226117[1,1,1]	0	-	40702888	40702888	0	1	256,	0,	chr17	40702938	40703094	retro_human_9327|AC090844.1-201|processed_pseudogene	0	-	RPL39P4	156
chr17	43390668	43391246	ENSG00000267185[1,1,1]	0	+	43390668	43390668	0	1	578,	0,	chr17	43390718	43391196	retro_human_4067|PTP4A2P1-201|processed_pseudogene	0	+	PTP4A2P1	478
chr17	43610619	43610989	ENSG00000214578[1,1,1]	0	-	43610619	43610619	0	1	370,	0,	chr17	43610669	43610939	retro_human_3077|HMGN2P15-201|processed_pseudogene	0	-	HMGN2P15	270
chr17	44028586	44028884	ENSG00000267340[1,1,1]	0	-	44028627	44028834	0	1	298,	0,	chr17	44028636	44028834	retro_human_8948|AC060780.2-201|processed_pseudogene	0	-	NBR1	198
chr17	44570819	44573042	ENSG00000267253[1,1,1]	0	-	44570819	44570819	0	1	2223,	0,	chr17	44570869	44572992	retro_human_8949|WHSC1L2P-201|processed_pseudogene	0	-	WHSC1L2P	2123
chr17	44607111	44611159	ENSG00000167941[2,1,2]	0	-	44607902	44611134	0	2	1210,80,	0,3968,	chr17	44607945	44608373	retro_human_8946	0	-	SOST	428
chr17	45081805	45083374	ENSG00000267691[1,1,1]	0	-	45081805	45081805	0	1	1569,	0,	chr17	45081855	45083324	retro_human_8943|SHC1P2-201|processed_pseudogene	0	-	SHC1P2	1469
chr17	46447501	46448660	ENSG00000264070[1,1,1]	0	+	46447501	46447501	0	1	1159,	0,	chr17	46447551	46448610	retro_human_869|DND1P1-201|processed_pseudogene	0	+	DND1P1	1059
chr17	46470204	46470652	ENSG00000204652[1,1,1]	0	+	46470204	46470204	0	1	448,	0,	chr17	46470254	46470602	retro_human_882|RPS26P8-201|processed_pseudogene	0	+	RPS26P8	348
chr17	47121529	47122676	ENSG00000262539[1,1,1]	0	-	47121529	47121529	0	1	1147,	0,	chr17	47121579	47122624	retro_human_4256|AC005829.2-201|processed_pseudogene	0	-	DND1P2	1045
chr17	49738547	49738986	ENSG00000248278[1,1,1]	0	-	49738547	49738547	0	1	439,	0,	chr17	49738651	49738936	retro_human_10158|SUMO2P17-201|transcribed_processed_pseudogene	0	-	SUMO2P17	285
chr17	50287228	50287982	ENSG00000229944[1,1,1]	0	-	50287228	50287228	0	1	754,	0,	chr17	50287278	50287932	retro_human_3852|EIF4EP2-201|processed_pseudogene	0	-	EIF4EP2	654
chr17	57762235	57762516	ENSG00000262408[1,1,1]	0	-	57762235	57762235	0	1	281,	0,	chr17	57762285	57762466	AC015912.2-201|processed_pseudogene	0	-	MTVR2	181
chr17	57919911	57921331	ENSG00000261192[1,1,2]	0	+	57919911	57919911	0	1	1420,	0,	chr17	57919961	57921281	retro_human_3932|RNF126P1-201|transcribed_processed_pseudogene	0	+	RNF126P1	1320
chr17	57919911	57921331	ENSG00000261192[1,1,2]	0	+	57919911	57919911	0	1	1420,	0,	chr17	57920004	57920929	RNF126P1-202|transcribed_processed_pseudogene	0	+	RNF126P1	925
chr17	59024874	59025747	ENSG00000229590[1,1,1]	0	+	59024874	59024874	0	1	873,	0,	chr17	59024924	59025697	retro_human_9398|MSX2P1-201|processed_pseudogene	0	+	MSX2P1,OR4D1	773
chr17	60023546	60070719	ENSG00000068489[3,1,8]	0	+	60037852	60069729	0	10	357,133,151,123,243,99,113,60,97,1056,	0,14301,29607,29993,38044,39311,39885,42098,42247,46117,	chr17	60043086	60048019	retro_human_8458	0	-	SPDYE22P	4933
chr17	60023779	60055356	ENSG00000068489[1,6,9]	0	+	60037852	60053313	0	3	124,133,2203,	0,14068,29374,	chr17	60043086	60048019	retro_human_8458	0	-	SPDYE22P	4933
chr17	60023779	60053712	ENSG00000068489[1,6,4]	0	+	60037852	60053313	0	3	124,133,559,	0,14068,29374,	chr17	60043086	60048019	retro_human_8458	0	-	SPDYE22P	4933
chr17	60023779	60072856	ENSG00000068489[1,1,7]	0	+	60037852	60069729	0	10	124,133,151,123,243,99,113,60,97,3193,	0,14068,29374,29760,37811,39078,39652,41865,42014,45884,	chr17	60043086	60048019	retro_human_8458	0	-	SPDYE22P	4933
chr17	60023779	60070719	ENSG00000068489[1,1,8]	0	+	60037852	60069729	0	10	124,133,151,123,243,99,113,60,97,1056,	0,14068,29374,29760,37811,39078,39652,41865,42014,45884,	chr17	60043086	60048019	retro_human_8458	0	-	SPDYE22P	4933
chr17	60023779	60070109	ENSG00000068489[1,1,10]	0	+	60037852	60069729	0	10	124,133,151,123,243,99,113,60,97,446,	0,14068,29374,29760,37811,39078,39652,41865,42014,45884,	chr17	60043086	60048019	retro_human_8458	0	-	SPDYE22P	4933
chr17	60971129	60971667	ENSG00000280852[1,1,2]	0	-	60971129	60971129	0	1	538,	0,	chr17	60970713	60971874	retro_human_5093|AC025048.6-201|transcribed_processed_pseudogene	0	-	LOC653653	538
chr17	60971129	60971667	ENSG00000280852[1,1,2]	0	-	60971129	60971129	0	1	538,	0,	chr17	60971179	60971617	AC025048.6-202|transcribed_processed_pseudogene	0	-	LOC653653	438
chr17	61302556	61303191	ENSG00000213228[1,1,1]	0	-	61302556	61302556	0	1	635,	0,	chr17	61302651	61303141	RPL12P38-201|transcribed_processed_pseudogene	0	-	RPL12P38	490
chr17	63005809	63009577	ENSG00000266066[1,1,1]	0	-	63005809	63005809	0	1	3768,	0,	chr17	63005859	63009527	retro_human_5097|POLRMTP1-201|processed_pseudogene	0	-	POLRMTP1	3668
chr17	63958370	63959506	ENSG00000272383[1,1,1]	0	-	63958370	63958370	0	1	1136,	0,	chr17	63958420	63959456	AC006270.2-201|processed_pseudogene	0	-	LOC100419888	1036
chr17	64341765	64342355	ENSG00000228979[1,1,1]	0	+	64341765	64341765	0	1	590,	0,	chr17	64341815	64342305	retro_human_10636|PPIAP55-201|processed_pseudogene	0	+	PPIAP55	490
chr17	65361227	65361594	ENSG00000256826[1,1,1]	0	+	65361227	65361227	0	1	367,	0,	chr17	65361277	65361544	retro_human_10638|ATP5MFP4-201|processed_pseudogene	0	+	ATP5MFP4	267
chr17	65616964	65617293	ENSG00000270714[1,1,1]	0	-	65616964	65616964	0	1	329,	0,	chr17	65617014	65617243	retro_human_9595|MICOS10P2-201|processed_pseudogene	0	-	MICOS10P2	229
chr17	65762451	65762669	ENSG00000272220[1,1,1]	0	+	65762451	65762451	0	1	218,	0,	chr17	65762501	65762619	AC103810.7-201|transcribed_processed_pseudogene	0	+	LOC105376844	118
chr17	65821418	65821630	ENSG00000272006[1,1,1]	0	-	65821418	65821418	0	1	212,	0,	chr17	65821468	65821580	AC037487.3-201|processed_pseudogene	0	-	LOC124907954	112
chr17	69009940	69012777	ENSG00000277476[1,1,1]	0	+	69009940	69009940	0	1	2837,	0,	chr17	69011466	69012396	retro_human_3255|SH3GL1P3-201|processed_pseudogene	0	-	SH3GL1P3,LINC00674	930
chr17	69009956	69012446	ENSG00000267352[1,1,2]	0	-	69009956	69009956	0	1	2490,	0,	chr17	69011466	69012396	retro_human_3255|SH3GL1P3-201|processed_pseudogene	0	-	SH3GL1P3,LINC00674	930
chr17	69010589	69012777	ENSG00000277476[2,1,1]	0	+	69010589	69010589	0	1	2188,	0,	chr17	69011466	69012396	retro_human_3255|SH3GL1P3-201|processed_pseudogene	0	-	SH3GL1P3,LINC00674	930
chr17	69010896	69012777	ENSG00000277476[3,1,1]	0	+	69010896	69010896	0	1	1881,	0,	chr17	69011466	69012396	retro_human_3255|SH3GL1P3-201|processed_pseudogene	0	-	SH3GL1P3,LINC00674	930
chr17	69011236	69012777	ENSG00000277476[4,1,1]	0	+	69011236	69011236	0	1	1541,	0,	chr17	69011466	69012396	retro_human_3255|SH3GL1P3-201|processed_pseudogene	0	-	SH3GL1P3,LINC00674	930
chr17	69011416	69012446	ENSG00000267352[1,1,1]	0	-	69011416	69011416	0	1	1030,	0,	chr17	69011466	69012396	retro_human_3255|SH3GL1P3-201|processed_pseudogene	0	-	SH3GL1P3,LINC00674	930
chr17	69012169	69012777	ENSG00000277476[5,1,1]	0	+	69012169	69012169	0	1	608,	0,	chr17	69011466	69012396	retro_human_3255|SH3GL1P3-201|processed_pseudogene	0	-	SH3GL1P3,LINC00674	227
chr17	69075677	69076453	ENSG00000267472[1,1,1]	0	+	69075677	69075677	0	1	776,	0,	chr17	69075727	69076403	ARHGAP27P2-201|processed_pseudogene	0	+	ARHGAP27P2	676
chr17	70195311	70195640	ENSG00000267203[1,1,1]	0	+	70195311	70195311	0	1	329,	0,	chr17	70195361	70195590	retro_human_4739|SNRPGP4-201|processed_pseudogene	0	+	SNRPGP4	229
chr17	73956718	73957237	ENSG00000266501[1,1,1]	0	-	73956954	73957188	0	1	519,	0,	chr17	73956768	73957187	retro_human_3251|AC025198.1-201|processed_pseudogene	0	-	ATG12P1	419
chr17	76230990	76231411	ENSG00000228007[1,1,1]	0	+	76230990	76230990	0	1	421,	0,	chr17	76231040	76231361	retro_human_10244|AC011933.1-201|processed_pseudogene	0	+	RPL36AP7	321
chr17	77242278	77242699	ENSG00000267518[1,1,1]	0	+	77242278	77242278	0	1	421,	0,	chr17	77242328	77242649	AC090699.2-201|processed_pseudogene	0	+	HMGN2P43	321
chr17	82788669	82790743	ENSG00000197063[2,2,2]	0	-	82789767	82790345	0	3	1548,65,230,	0,1640,1844,	chr17	82790035	82790262	retro_human_717	0	-	MAFG	227
chr17	82788795	82790743	ENSG00000197063[2,2,4]	0	-	82789767	82790345	0	3	1422,65,230,	0,1514,1718,	chr17	82790035	82790262	retro_human_717	0	-	MAFG	227
chr17	83183572	83186421	ENSG00000173762[1,3,1]	0	-	83184906	83186258	0	3	1600,315,245,	0,1857,2604,	chr17	83185389	83185799	retro_human_8176	0	-	CD7	410
chr17	83183572	83186421	ENSG00000173762[1,2,1]	0	-	83184078	83185526	0	3	614,215,992,	0,1385,1857,	chr17	83185389	83185799	retro_human_8176	0	-	CD7	410
chr17	83183572	83186421	ENSG00000173762[1,1,1]	0	-	83184078	83186258	0	4	614,215,315,245,	0,1385,1857,2604,	chr17	83185389	83185799	retro_human_8176	0	-	CD7	410
chr17	83184844	83186421	ENSG00000173762[1,6,3]	0	-	83185328	83186258	0	2	900,245,	0,1332,	chr17	83185389	83185799	retro_human_8176	0	-	CD7	410
chr17	84263786	84264352	ENSG00000232938[2,1,1]	0	+	84263786	84263786	0	1	566,	0,	chr17	84263836	84264302	retro_human_156|RPL23AP87-202|transcribed_processed_pseudogene	0	+	RPL23AP87	466
chr18	2807701	2811027	ENSG00000266405[2,2,1]	0	-	2807701	2807701	0	2	1183,346,	0,2980,	chr18	2808306	2808841	CBX3P2-202|transcribed_processed_pseudogene	0	-	CBX3P2	535
chr18	2808256	2808891	ENSG00000266405[1,1,2]	0	-	2808256	2808256	0	1	635,	0,	chr18	2808306	2808841	CBX3P2-202|transcribed_processed_pseudogene	0	-	CBX3P2	535
chr18	3100996	3102437	ENSG00000263606[2,1,1]	0	-	3101595	3102033	0	1	1441,	0,	chr18	3101046	3102031	retro_human_5476|CHORDC1P4-202|transcribed_processed_pseudogene	0	-	CHORDC1P4	985
chr18	3100996	3102437	ENSG00000263606[2,1,1]	0	-	3101595	3102033	0	1	1441,	0,	chr18	3101123	3102387	CHORDC1P4-201|transcribed_processed_pseudogene	0	-	CHORDC1P4	1264
chr18	3146121	3146648	ENSG00000264186[1,1,1]	0	+	3146121	3146121	0	1	527,	0,	chr18	3146171	3146598	retro_human_5323|SNRPCP4-201|processed_pseudogene	0	+	SNRPCP4	427
chr18	3739646	3740332	ENSG00000266373[1,1,1]	0	+	3739646	3739646	0	1	686,	0,	chr18	3739696	3740282	AP002472.1-201|processed_pseudogene	0	+	LOC100419892	586
chr18	4137928	4138995	ENSG00000250933[1,1,1]	0	-	4138216	4138639	0	1	1067,	0,	chr18	4137978	4138945	retro_human_11010|GAPDHP66-201|processed_pseudogene	0	-	GAPDHP66	967
chr18	5164978	5165574	ENSG00000264775[1,1,1]	0	-	5164978	5164978	0	1	596,	0,	chr18	5165028	5165524	retro_human_4709|PPIAP14-201|processed_pseudogene	0	-	PPIAP14	496
chr18	6622591	6623578	ENSG00000235552[1,1,1]	0	-	6622591	6622591	0	1	987,	0,	chr18	6622641	6623508	retro_human_1361|RPL6P27-201|transcribed_processed_pseudogene	0	-	RPL6P27	867
chr18	6622591	6623578	ENSG00000235552[1,1,1]	0	-	6622591	6622591	0	1	987,	0,	chr18	6622649	6623513	RPL6P27-202|transcribed_processed_pseudogene	0	-	RPL6P27	864
chr18	6623208	6623578	ENSG00000235552[1,1,2]	0	-	6623208	6623208	0	1	370,	0,	chr18	6622641	6623508	retro_human_1361|RPL6P27-201|transcribed_processed_pseudogene	0	-	RPL6P27	300
chr18	6623208	6623578	ENSG00000235552[1,1,2]	0	-	6623208	6623208	0	1	370,	0,	chr18	6622649	6623513	RPL6P27-202|transcribed_processed_pseudogene	0	-	RPL6P27	305
chr18	7085961	7089161	ENSG00000265933[1,1,2]	0	-	7085961	7085961	0	3	2159,100,186,	0,2697,3014,	chr18	7087479	7088749	SCML2P1-201|processed_pseudogene	0	+	SCML2P1,LINC00668	1270
chr18	7087791	7090555	ENSG00000265933[2,8,4]	0	-	7087791	7087791	0	4	329,100,118,102,	0,867,1598,2662,	chr18	7087479	7088749	SCML2P1-201|processed_pseudogene	0	+	SCML2P1,LINC00668	958
chr18	12237926	12239467	ENSG00000256616[1,1,2]	0	-	12237926	12237926	0	1	1541,	0,	chr18	12237976	12239417	AP002414.2-202|transcribed_processed_pseudogene	0	-	ADGRA3P1	1441
chr18	12254384	12255952	ENSG00000267478[1,1,1]	0	-	12254384	12254384	0	1	1568,	0,	chr18	12254434	12255902	retro_human_7196|AP002414.3-201|processed_pseudogene	0	-	LOC100533852	1468
chr18	12374299	12374830	ENSG00000267076[1,1,1]	0	+	12374299	12374299	0	1	531,	0,	chr18	12374349	12374779	CCDC58P3-201|processed_pseudogene	0	+	MIX23P3	430
chr18	13073836	13074774	ENSG00000267570[1,1,1]	0	+	13073836	13073836	0	1	938,	0,	chr18	13073886	13074724	retro_human_5696|STK25P1-201|processed_pseudogene	0	+	STK25P1	838
chr18	13075494	13076657	ENSG00000267336[1,1,1]	0	+	13075494	13075494	0	1	1163,	0,	chr18	13075544	13076607	retro_human_5697|EIF4A2P1-201|processed_pseudogene	0	+	EIF4A2P1	1063
chr18	21304202	21304782	ENSG00000244527[1,1,1]	0	-	21304202	21304202	0	1	580,	0,	chr18	21304252	21304732	retro_human_1369|AC022795.1-201|processed_pseudogene	0	-	RPL21P128	480
chr18	26365315	26365974	ENSG00000188985[1,1,1]	0	-	26365315	26365315	0	1	659,	0,	chr18	26365365	26365924	retro_human_3777|DHFRP1-201|processed_pseudogene	0	-	DHFRP1	559
chr18	26793396	26794427	ENSG00000263846[1,1,1]	0	+	26793396	26793396	0	1	1031,	0,	chr18	26793446	26794377	retro_human_9181|CIAPIN1P-201|processed_pseudogene	0	+	CIAPIN1P	931
chr18	27025521	27026534	ENSG00000266184[1,1,1]	0	-	27025521	27025521	0	1	1013,	0,	chr18	27025571	27026484	retro_human_4284|AC018371.2-201|processed_pseudogene	0	-	LOC440489	913
chr18	31914678	31917537	ENSG00000265158[1,1,2]	0	+	31914678	31914678	0	1	2859,	0,	chr18	31914758	31916295	LRRC37A7P-202|transcribed_processed_pseudogene	0	+	LRRC37A7P	1537
chr18	32073749	32074290	ENSG00000276486[1,1,1]	0	+	32073749	32073749	0	1	541,	0,	chr18	32073799	32074240	AC022960.3-201|processed_pseudogene	0	+	LOC100421591	441
chr18	32602469	32603532	ENSG00000215492[1,1,1]	0	-	32602522	32603482	0	1	1063,	0,	chr18	32602519	32603482	retro_human_4399|HNRNPA1P7-201|processed_pseudogene	0	-	HNRNPA1P7	963
chr18	35523515	35535846	ENSG00000172466[1,8,1]	0	-	35531137	35531991	255	3	7802,503,137,	0,8056,12194,	chr18	35528596	35531916	retro_human_9803	0	-	ZNF24	3320
chr18	35523515	35532045	ENSG00000172466[2,3,1]	0	-	35530403	35531991	0	3	6899,148,474,	0,7654,8056,	chr18	35528596	35531916	retro_human_9803	0	-	ZNF24	3320
chr18	35523515	35535846	ENSG00000172466[1,2,1]	0	-	35528574	35531991	0	4	5595,148,503,137,	0,7654,8056,12194,	chr18	35528596	35531916	retro_human_9803	0	-	ZNF24	3320
chr18	35523515	35535846	ENSG00000172466[1,1,1]	0	-	35528574	35531991	0	4	5595,148,503,147,	0,7654,8056,12184,	chr18	35528596	35531916	retro_human_9803	0	-	ZNF24	3320
chr18	35526516	35535846	ENSG00000172466[1,8,3]	0	-	35531137	35531991	255	3	4801,503,137,	0,5055,9193,	chr18	35528596	35531916	retro_human_9803	0	-	ZNF24	3320
chr18	35526516	35535846	ENSG00000172466[1,2,3]	0	-	35528574	35531991	0	4	2594,148,503,137,	0,4653,5055,9193,	chr18	35528596	35531916	retro_human_9803	0	-	ZNF24	3320
chr18	35526516	35535846	ENSG00000172466[1,1,3]	0	-	35528574	35531991	0	4	2594,148,503,147,	0,4653,5055,9183,	chr18	35528596	35531916	retro_human_9803	0	-	ZNF24	3320
chr18	35528325	35535846	ENSG00000172466[1,2,4]	0	-	35528574	35531991	0	4	785,148,503,137,	0,2844,3246,7384,	chr18	35528596	35531916	retro_human_9803	0	-	ZNF24	3320
chr18	35528325	35535846	ENSG00000172466[1,1,4]	0	-	35528574	35531991	0	4	785,148,503,147,	0,2844,3246,7374,	chr18	35528596	35531916	retro_human_9803	0	-	ZNF24	3320
chr18	35528523	35552829	ENSG00000172466[6,9,5]	0	-	35528574	35531991	255	4	587,148,503,252,	0,2646,3048,24054,	chr18	35528596	35531916	retro_human_9803	0	-	ZNF24	3320
chr18	35528523	35535846	ENSG00000172466[1,7,5]	0	-	35528574	35531991	255	3	587,148,4275,	0,2646,3048,	chr18	35528596	35531916	retro_human_9803	0	-	ZNF24	3320
chr18	35528523	35535846	ENSG00000172466[1,8,5]	0	-	35531137	35531991	255	3	2794,503,137,	0,3048,7186,	chr18	35528596	35531916	retro_human_9803	0	-	ZNF24	3320
chr18	35528523	35535846	ENSG00000172466[1,2,5]	0	-	35528574	35531991	0	4	587,148,503,137,	0,2646,3048,7186,	chr18	35528596	35531916	retro_human_9803	0	-	ZNF24	3320
chr18	35528523	35535846	ENSG00000172466[1,1,5]	0	-	35528574	35531991	0	4	587,148,503,147,	0,2646,3048,7176,	chr18	35528596	35531916	retro_human_9803	0	-	ZNF24	3320
chr18	36465120	36466246	ENSG00000267404[1,1,1]	0	+	36465120	36465120	0	1	1126,	0,	chr18	36465170	36466196	retro_human_7705|AC023043.2-201|processed_pseudogene	0	+	LOC791126	1026
chr18	47327282	47327655	ENSG00000267800[1,1,1]	0	+	47327282	47327282	0	1	373,	0,	chr18	47327332	47327605	retro_human_1871|AC012254.4-201|processed_pseudogene	0	+	LOC107985131	273
chr18	54609927	54610253	ENSG00000264350[1,1,1]	0	-	54609927	54609927	0	1	326,	0,	chr18	54609977	54610203	retro_human_10395|SNRPGP2-201|processed_pseudogene	0	-	SNRPGP2	226
chr18	58038668	58039259	ENSG00000231544[1,1,1]	0	+	58038668	58038668	0	1	591,	0,	chr18	58038718	58039209	retro_human_1745|RSL24D1P11-201|processed_pseudogene	0	+	RSL24D1P11	491
chr18	60023687	60027218	ENSG00000267669[1,1,1]	0	+	60023687	60023687	0	2	78,550,	0,2981,	chr18	60026731	60027968	AC098847.1-202|transcribed_processed_pseudogene	0	+	RPLP0P12	487
chr18	60219680	60220444	ENSG00000267742[1,1,1]	0	-	60219680	60219680	0	1	764,	0,	chr18	60219730	60220394	retro_human_8972|SINHCAFP2-201|processed_pseudogene	0	-	SINHCAFP2	664
chr18	60352489	60353379	ENSG00000242060[1,1,1]	0	+	60352489	60352489	0	1	890,	0,	chr18	60352539	60353329	retro_human_7577|RPS3AP49-201|processed_pseudogene	0	+	RPS3AP49	790
chr18	61608094	61608542	ENSG00000243256[1,1,1]	0	-	61608094	61608094	0	1	448,	0,	chr18	61608144	61608492	retro_human_8976|RPL30P14-201|processed_pseudogene	0	-	RPL30P14	348
chr18	62644849	62646048	ENSG00000266920[1,1,1]	0	+	62644849	62644849	0	1	1199,	0,	chr18	62644899	62645998	retro_human_1928|ACTBP9-201|processed_pseudogene	0	+	ACTBP9	1099
chr18	63702010	63702522	ENSG00000214318[1,1,1]	0	+	63702060	63702201	0	1	512,	0,	chr18	63702060	63702472	retro_human_2146|ATP5MC1P6-201|processed_pseudogene	0	+	ATP5MC1P6	412
chr18	67335672	67335913	ENSG00000264054[1,1,1]	0	-	67335672	67335672	0	1	241,	0,	chr18	67335722	67335863	RPL31P9-201|processed_pseudogene	0	-	RPL31P9	141
chr18	67926510	67926928	ENSG00000265472[1,1,1]	0	-	67926510	67926510	0	1	418,	0,	chr18	67926560	67926878	retro_human_80|AC022655.2-201|processed_pseudogene	0	-	FAM32DP	318
chr18	72839721	72840777	ENSG00000264315[1,1,1]	0	+	72839721	72839721	0	1	1056,	0,	chr18	72839771	72840727	retro_human_976|HNRNPA1P11-201|processed_pseudogene	0	+	HNRNPA1P11	956
chr18	74617525	74618038	ENSG00000235297[1,1,1]	0	-	74617525	74617525	0	1	513,	0,	chr18	74617574	74617988	retro_human_3093|FAUP1-201|processed_pseudogene	0	-	FAUP1	414
chr19	144446	146903	ENSG00000282059[1,1,1]	0	+	144446	144446	0	1	2457,	0,	chr19	144496	146853	retro_human_8563|CICP19-201|processed_pseudogene	0	+	CICP19	2357
chr19	148517	149374	ENSG00000282416[1,1,1]	0	-	148517	148517	0	1	857,	0,	chr19	148567	149324	AC092299.1-201|processed_pseudogene	0	-	LINC01002	757
chr19	148517	149374	ENSG00000282416[1,1,1]	0	-	148517	148517	0	1	857,	0,	chr19	149218	149654	AC010507.1-201|transcribed_processed_pseudogene	0	+	LINC01002	156
chr19	544270	545241	ENSG00000267036[1,1,1]	0	-	544270	544270	0	1	971,	0,	chr19	544320	545191	AC005559.1-201|processed_pseudogene	0	-	LOC100420586	871
chr19	1171697	1172431	ENSG00000267736[1,1,1]	0	+	1171697	1171697	0	1	734,	0,	chr19	1171747	1172381	retro_human_2714|HMGB2P1-201|transcribed_processed_pseudogene	0	+	HMGB2P1	634
chr19	1276610	1277080	ENSG00000240846[1,1,1]	0	-	1276610	1276610	0	1	470,	0,	chr19	1276669	1277030	retro_human_6819|RPS15P9-201|processed_pseudogene	0	-	RPS15P9	361
chr19	5264249	5264749	ENSG00000239524[1,1,1]	0	+	5264249	5264249	0	1	500,	0,	chr19	5264299	5264699	retro_human_8189|RPL32P34-201|processed_pseudogene	0	+	RPL32P34	400
chr19	5563292	5563671	ENSG00000233270[1,1,1]	0	-	5563292	5563292	0	1	379,	0,	chr19	5563342	5563621	retro_human_991|SNRPEP4-201|processed_pseudogene	0	-	SNRPEP4	279
chr19	6582936	6583763	ENSG00000268785[1,1,1]	0	+	6582936	6582936	0	1	827,	0,	chr19	6582986	6583713	retro_human_4426|RPL7P50-201|processed_pseudogene	0	+	RPL7P50,CD70	727
chr19	6995273	6996436	ENSG00000269761[1,1,1]	0	-	6995273	6995273	0	1	1163,	0,	chr19	6995323	6996386	retro_human_986|AC025278.2-201|processed_pseudogene	0	-	FLJ25758	1063
chr19	7740970	7748641	ENSG00000090659[1,1,1]	0	-	7744068	7748538	0	7	3297,113,152,570,72,60,149,	0,4163,4997,5574,6516,7362,7522,	chr19	7741939	7742940	retro_human_7812	0	+	CD209	1001
chr19	9282155	9287677	ENSG00000130803[2,5,3]	0	+	9283554	9287624	0	5	80,783,96,83,1370,	0,650,2018,2864,4152,	chr19	9286263	9287804	retro_human_2356	0	+	ZNF317	1414
chr19	9284215	9289668	ENSG00000130803[3,6,1]	0	+	9289360	9289474	0	3	54,83,420,	0,804,5033,	chr19	9286263	9287804	retro_human_2356	0	+	ZNF317	1541
chr19	10232520	10241624	ENSG00000130810[1,2,8]	0	+	10232850	10237371	0	11	360,102,51,171,77,108,124,79,130,170,4471,	0,1193,1492,1652,3319,3601,3811,4012,4173,4385,4633,	chr19	10239703	10240698	retro_human_7451	0	+	P2RY11,PPAN-P2RY11	995
chr19	10232520	10241624	ENSG00000130810[1,1,8]	0	+	10232603	10237371	0	12	101,171,102,51,171,77,108,124,79,130,170,4471,	0,189,1193,1492,1652,3319,3601,3811,4012,4173,4385,4633,	chr19	10239703	10240698	retro_human_7451	0	+	P2RY11,PPAN-P2RY11	995
chr19	10232553	10241624	ENSG00000243207[1,2,2]	0	+	10232603	10240060	0	13	68,171,102,51,171,77,108,124,79,130,170,140,1783,	0,156,1160,1459,1619,3286,3568,3778,3979,4140,4352,4600,7288,	chr19	10239703	10240698	retro_human_7451	0	+	P2RY11,PPAN-P2RY11	995
chr19	10232553	10241624	ENSG00000243207[1,1,2]	0	+	10232603	10240944	0	13	68,171,102,51,171,77,108,124,79,130,170,78,1783,	0,156,1160,1459,1619,3286,3568,3778,3979,4140,4352,4600,7288,	chr19	10239703	10240698	retro_human_7451	0	+	P2RY11,PPAN-P2RY11	995
chr19	10237696	10241631	ENSG00000244165[3,1,1]	0	+	10237930	10240944	0	2	253,1790,	0,2145,	chr19	10239703	10240698	retro_human_7451	0	+	P2RY11,PPAN-P2RY11	995
chr19	10237851	10241631	ENSG00000244165[1,1,1]	0	+	10237930	10240944	0	2	98,1790,	0,1990,	chr19	10239703	10240698	retro_human_7451	0	+	P2RY11,PPAN-P2RY11	995
chr19	10238262	10240093	ENSG00000244165[2,2,2]	0	+	10239958	10240060	0	2	402,252,	0,1579,	chr19	10239703	10240698	retro_human_7451	0	+	P2RY11,PPAN-P2RY11	390
chr19	11650888	11651384	ENSG00000213303[1,1,1]	0	+	11650888	11650888	0	1	496,	0,	chr19	11650938	11651334	retro_human_7447|AC008481.1-201|processed_pseudogene	0	+	RPS12P32	396
chr19	11794189	11795251	ENSG00000214223[1,1,1]	0	-	11794189	11794189	0	1	1062,	0,	chr19	11794239	11795201	retro_human_866|HNRNPA1P10-201|processed_pseudogene	0	-	HNRNPA1P10	962
chr19	12224617	12225209	ENSG00000237273[1,1,1]	0	+	12224617	12224617	0	1	592,	0,	chr19	12224667	12225159	retro_human_7055|RSL24D1P8-201|processed_pseudogene	0	+	RSL24D1P8	492
chr19	12589537	12613270	ENSG00000242852[1,1,1]	0	-	12592402	12613061	0	4	4600,58,127,212,	0,5328,5590,23521,	chr19	12592367	12595239	retro_human_5362	0	-	ZNF709	2872
chr19	12589912	12613270	ENSG00000242852[1,1,4]	0	-	12592402	12613061	0	4	4225,58,127,212,	0,4953,5215,23146,	chr19	12592367	12595239	retro_human_5362	0	-	ZNF709	2872
chr19	12590916	12613270	ENSG00000242852[1,1,5]	0	-	12592402	12613061	0	4	3221,58,127,212,	0,3949,4211,22142,	chr19	12592367	12595239	retro_human_5362	0	-	ZNF709	2872
chr19	12591217	12613270	ENSG00000242852[1,1,6]	0	-	12592402	12613061	0	4	2920,58,127,212,	0,3648,3910,21841,	chr19	12592367	12595239	retro_human_5362	0	-	ZNF709	2872
chr19	12636484	12636719	ENSG00000235686[1,1,1]	0	+	12636484	12636484	0	1	235,	0,	chr19	12636534	12636669	PPIAP20-201|processed_pseudogene	0	+	PPIAP20	135
chr19	12767729	12768474	ENSG00000178464[1,1,1]	0	-	12767729	12767729	0	1	745,	0,	chr19	12767779	12768424	retro_human_5348|RPL10P16-201|processed_pseudogene	0	-	RPL10P16	645
chr19	14196582	14197578	ENSG00000228887[1,1,1]	0	+	14196582	14196582	0	1	996,	0,	chr19	14196632	14197528	retro_human_6650|EEF1DP1-201|processed_pseudogene	0	+	EEF1DP1	896
chr19	14615951	14616273	ENSG00000224543[1,1,1]	0	+	14615951	14615951	0	1	322,	0,	chr19	14616001	14616223	retro_human_6651|SNRPGP15-201|processed_pseudogene	0	+	SNRPGP15	222
chr19	14641426	14645165	ENSG00000132002[1,5,1]	0	-	14643146	14645057	255	2	2328,319,	0,3420,	chr19	14642657	14643692	retro_human_10867	0	-	DNAJB1	1035
chr19	14641426	14645165	ENSG00000132002[1,34,1]	0	-	14642650	14643665	255	3	1452,581,321,	0,1747,3418,	chr19	14642657	14643692	retro_human_10867	0	-	DNAJB1	1035
chr19	14641426	14645165	ENSG00000132002[1,2,1]	0	-	14642650	14643665	255	2	1452,1992,	0,1747,	chr19	14642657	14643692	retro_human_10867	0	-	DNAJB1	1035
chr19	14641426	14645165	ENSG00000132002[1,1,1]	0	-	14642650	14645057	0	3	1452,581,319,	0,1747,3420,	chr19	14642657	14643692	retro_human_10867	0	-	DNAJB1	1035
chr19	14642306	14645165	ENSG00000132002[1,5,2]	0	-	14643146	14645057	255	2	1448,319,	0,2540,	chr19	14642657	14643692	retro_human_10867	0	-	DNAJB1	1035
chr19	14642306	14645165	ENSG00000132002[1,34,2]	0	-	14642650	14643665	255	3	572,581,321,	0,867,2538,	chr19	14642657	14643692	retro_human_10867	0	-	DNAJB1	1035
chr19	14642306	14645165	ENSG00000132002[1,2,2]	0	-	14642650	14643665	255	2	572,1992,	0,867,	chr19	14642657	14643692	retro_human_10867	0	-	DNAJB1	1035
chr19	14642306	14645165	ENSG00000132002[1,1,2]	0	-	14642650	14645057	0	3	572,581,319,	0,867,2540,	chr19	14642657	14643692	retro_human_10867	0	-	DNAJB1	1035
chr19	14642770	14644593	ENSG00000132002[2,4,6]	0	-	14643535	14643709	0	3	108,581,295,	0,403,1528,	chr19	14642657	14643692	retro_human_10867	0	-	DNAJB1	922
chr19	14919822	14920138	ENSG00000256210[1,1,1]	0	+	14919822	14919822	0	1	316,	0,	chr19	14919872	14920088	retro_human_6649|AC005255.1-201|processed_pseudogene	0	+	TMEM167AP2	216
chr19	15463837	15464227	ENSG00000270802[1,1,1]	0	+	15463837	15463837	0	1	390,	0,	chr19	15463887	15464177	retro_human_6653|AC005776.1-201|processed_pseudogene	0	+	LOC124904643	290
chr19	15736702	15737268	ENSG00000225067[1,1,1]	0	+	15736702	15736702	0	1	566,	0,	chr19	15736718	15737005	AD000091.1-201|processed_pseudogene	0	-	RPL23AP2	287
chr19	15736702	15737268	ENSG00000225067[1,1,1]	0	+	15736702	15736702	0	1	566,	0,	chr19	15736752	15737218	retro_human_1232|RPL23AP2-201|processed_pseudogene	0	+	RPL23AP2	466
chr19	16460073	16462452	ENSG00000127528[2,3,4]	0	+	16460166	16461904	255	2	835,721,	0,1658,	chr19	16461644	16461901	retro_human_1236	0	+	KLF2	257
chr19	18156429	18166227	ENSG00000273654[1,2,1]	0	+	18156429	18156429	0	2	315,1454,	0,8344,	chr19	18164706	18166107	AC020904.2-202|transcribed_processed_pseudogene	0	+	CSP3	1401
chr19	18164656	18166227	ENSG00000273654[2,1,1]	0	+	18164656	18164656	0	1	1571,	0,	chr19	18164706	18166107	AC020904.2-202|transcribed_processed_pseudogene	0	+	CSP3	1401
chr19	18174384	18175213	ENSG00000268623[1,1,1]	0	+	18174384	18174384	0	1	829,	0,	chr19	18174434	18175163	retro_human_9369|AC020904.1-201|processed_pseudogene	0	+	LOC646666	729
chr19	19994632	19995285	ENSG00000270325[1,1,1]	0	+	19994632	19994632	0	1	653,	0,	chr19	19994682	19995235	retro_human_3900|BNIP3P9-201|processed_pseudogene	0	+	BNIP3P9	553
chr19	20168401	20177278	ENSG00000197124[1,12,6]	0	-	20168589	20168816	0	3	216,121,213,	0,326,8664,	chr19	20171177	20172066	retro_human_3901|AC006539.2-201|processed_pseudogene	0	+	LOC101928960	889
chr19	20215285	20217711	ENSG00000213988[1,2,2]	0	+	20217297	20217405	0	2	192,583,	0,1843,	chr19	20217159	20217881	retro_human_5056|AC006539.1-201|processed_pseudogene	0	-	LOC100419301	552
chr19	20262343	20262884	ENSG00000224864[1,1,1]	0	+	20262393	20262831	0	1	541,	0,	chr19	20262393	20262834	retro_human_11188|AC011447.1-201|transcribed_processed_pseudogene	0	+	RPS16P10	441
chr19	20274236	20274637	ENSG00000270716[1,1,1]	0	+	20274236	20274236	0	1	401,	0,	chr19	20274286	20274587	retro_human_11153|BNIP3P15-201|processed_pseudogene	0	+	BNIP3P15	301
chr19	20359323	20360018	ENSG00000271524[1,1,1]	0	+	20359323	20359323	0	1	695,	0,	chr19	20359373	20359968	retro_human_10446|BNIP3P17-201|processed_pseudogene	0	+	BNIP3P17,LOC105372310	595
chr19	21816128	21816900	ENSG00000268433[1,1,1]	0	-	21816128	21816128	0	1	772,	0,	chr19	21816178	21816850	MTDHP3-201|processed_pseudogene	0	-	MTDHP3	672
chr19	22276275	22277426	ENSG00000268140[1,1,1]	0	+	22276275	22276275	0	1	1151,	0,	chr19	22276325	22277376	retro_human_10422|PCGF7P-201|processed_pseudogene	0	+	PCGF7P	1051
chr19	22507181	22507635	ENSG00000236312[1,1,1]	0	-	22507181	22507181	0	1	454,	0,	chr19	22507231	22507585	retro_human_10959|RPL34P34-201|processed_pseudogene	0	-	RPL34P34	354
chr19	22837921	22838355	ENSG00000241282[1,1,1]	0	+	22837921	22837921	0	1	434,	0,	chr19	22837971	22838305	retro_human_4958|RPL34P33-201|processed_pseudogene	0	+	RPL34P33	334
chr19	23258253	23259262	ENSG00000270479[1,1,1]	0	-	23258253	23258253	0	1	1009,	0,	chr19	23258303	23259212	retro_human_9261|BNIP3P37-201|processed_pseudogene	0	-	BNIP3P37,ZNF730	909
chr19	23261642	23262967	ENSG00000267920[1,1,1]	0	-	23261642	23261642	0	1	1325,	0,	chr19	23260788	23263668	retro_human_7721|AC124856.1-201|processed_pseudogene	0	+	SNX6P1	1325
chr19	23261642	23262967	ENSG00000267920[1,1,1]	0	-	23261642	23261642	0	1	1325,	0,	chr19	23261692	23262917	SNX6P1-201|processed_pseudogene	0	-	SNX6P1	1225
chr19	23389803	23390285	ENSG00000269837[1,1,1]	0	-	23389876	23390032	0	1	482,	0,	chr19	23389853	23392738	IPO5P1-201|transcribed_processed_pseudogene	0	-	IPO5P1	432
chr19	23389803	23390285	ENSG00000269837[1,1,1]	0	-	23389876	23390032	0	1	482,	0,	chr19	23389948	23390235	IPO5P1-202|transcribed_processed_pseudogene	0	-	IPO5P1	287
chr19	23389803	23392788	ENSG00000269837[2,1,1]	0	-	23391958	23392120	0	1	2985,	0,	chr19	23389853	23392738	IPO5P1-201|transcribed_processed_pseudogene	0	-	IPO5P1	2885
chr19	23522315	23523179	ENSG00000268992[1,1,1]	0	+	23522315	23522315	0	1	864,	0,	chr19	23522365	23523129	CDC42EP3P1-201|processed_pseudogene	0	+	CDC42EP3P1	764
chr19	23736798	23737150	ENSG00000240231[1,1,1]	0	+	23736798	23736798	0	1	352,	0,	chr19	23736848	23737100	retro_human_4959|RPS27P29-201|processed_pseudogene	0	+	RPS27P29	252
chr19	24312511	24313667	ENSG00000268442[1,1,1]	0	-	24312511	24312511	0	1	1156,	0,	chr19	24312561	24313617	retro_human_9266|AC073534.1-201|processed_pseudogene	0	-	HAVCR1P1	1056
chr19	30331282	30331905	ENSG00000267264[1,1,1]	0	+	30331282	30331282	0	1	623,	0,	chr19	30331332	30331855	AC006504.3-201|processed_pseudogene	0	+	VN1R95P	523
chr19	30333167	30334050	ENSG00000267323[1,1,1]	0	-	30333167	30333167	0	1	883,	0,	chr19	30333217	30334000	retro_human_3378|SLC25A1P5-201|processed_pseudogene	0	-	LINC02987,SLC25A1P5	783
chr19	30512657	30513058	ENSG00000266906[1,1,1]	0	-	30512657	30512657	0	1	401,	0,	chr19	30512707	30513008	AC005357.1-201|processed_pseudogene	0	-	LOC100419833	301
chr19	32557782	32558644	ENSG00000266910[1,1,1]	0	+	32557782	32557782	0	1	862,	0,	chr19	32557832	32558594	retro_human_4|AC008507.1-201|processed_pseudogene	0	+	TAF9P3	762
chr19	36109870	36110450	ENSG00000232429[1,1,1]	0	-	36109870	36109870	0	1	580,	0,	chr19	36109917	36110400	retro_human_3384|RPL21P131-201|processed_pseudogene	0	-	RPL21P131	483
chr19	36823547	36823963	ENSG00000257074[1,1,1]	0	-	36823547	36823547	0	1	416,	0,	chr19	36823597	36823913	retro_human_3386|RPL29P33-201|processed_pseudogene	0	-	RPL29P33	316
chr19	37222175	37231018	ENSG00000089335[1,17,1]	0	+	37228902	37229805	255	6	245,77,132,121,84,2440,	0,1148,2239,5188,5566,6403,	chr19	37229101	37230132	retro_human_5352	0	+	ZNF302	1031
chr19	37222175	37231018	ENSG00000089335[1,18,1]	0	+	37223391	37229805	255	6	245,77,132,121,84,2196,	0,1148,2239,5188,5566,6647,	chr19	37229101	37230132	retro_human_5352	0	+	ZNF302	1031
chr19	37222175	37231018	ENSG00000089335[1,24,1]	0	+	37223391	37229805	255	6	514,77,132,121,84,2196,	0,1148,2239,5188,5566,6647,	chr19	37229101	37230132	retro_human_5352	0	+	ZNF302	1031
chr19	37222175	37231018	ENSG00000089335[1,21,1]	0	+	37223391	37229805	255	5	268,77,121,87,2196,	0,1148,5188,5563,6647,	chr19	37229101	37230132	retro_human_5352	0	+	ZNF302	1031
chr19	37222175	37231018	ENSG00000089335[1,16,1]	0	+	37223391	37229805	255	5	208,77,121,84,2196,	0,1148,5188,5566,6647,	chr19	37229101	37230132	retro_human_5352	0	+	ZNF302	1031
chr19	37222175	37231018	ENSG00000089335[1,23,1]	0	+	37227770	37229805	255	4	268,77,84,2196,	0,1148,5566,6647,	chr19	37229101	37230132	retro_human_5352	0	+	ZNF302	1031
chr19	37222175	37231018	ENSG00000089335[1,22,1]	0	+	37228902	37229805	255	5	268,77,121,84,2440,	0,1148,5188,5566,6403,	chr19	37229101	37230132	retro_human_5352	0	+	ZNF302	1031
chr19	37222175	37231018	ENSG00000089335[1,25,1]	0	+	37223391	37229805	255	4	1225,121,84,2196,	0,5188,5566,6647,	chr19	37229101	37230132	retro_human_5352	0	+	ZNF302	1031
chr19	37222175	37231018	ENSG00000089335[1,19,1]	0	+	37223391	37229805	255	5	245,77,121,87,2196,	0,1148,5188,5563,6647,	chr19	37229101	37230132	retro_human_5352	0	+	ZNF302	1031
chr19	37222175	37231018	ENSG00000089335[1,20,1]	0	+	37228902	37229805	255	5	245,77,121,84,2440,	0,1148,5188,5566,6403,	chr19	37229101	37230132	retro_human_5352	0	+	ZNF302	1031
chr19	37222175	37231018	ENSG00000089335[1,7,1]	0	+	37223391	37229805	0	5	514,77,121,87,2196,	0,1148,5188,5563,6647,	chr19	37229101	37230132	retro_human_5352	0	+	ZNF302	1031
chr19	37222175	37231018	ENSG00000089335[1,12,1]	0	+	37228902	37229805	0	3	268,77,3655,	0,1148,5188,	chr19	37229101	37230132	retro_human_5352	0	+	ZNF302	1031
chr19	37222175	37231018	ENSG00000089335[1,14,1]	0	+	37227450	37229805	0	3	5309,84,2196,	0,5566,6647,	chr19	37229101	37230132	retro_human_5352	0	+	ZNF302	1031
chr19	37222175	37231018	ENSG00000089335[1,4,1]	0	+	37228902	37229805	0	5	268,77,121,87,2440,	0,1148,5188,5563,6403,	chr19	37229101	37230132	retro_human_5352	0	+	ZNF302	1031
chr19	37222175	37231018	ENSG00000089335[1,8,1]	0	+	37228902	37229805	0	5	514,77,121,84,2440,	0,1148,5188,5566,6403,	chr19	37229101	37230132	retro_human_5352	0	+	ZNF302	1031
chr19	37222175	37231018	ENSG00000089335[1,1,1]	0	+	37223391	37229805	0	5	514,77,121,84,2196,	0,1148,5188,5566,6647,	chr19	37229101	37230132	retro_human_5352	0	+	ZNF302	1031
chr19	37222175	37231018	ENSG00000089335[1,11,1]	0	+	37228902	37229805	0	5	208,77,121,84,2440,	0,1148,5188,5566,6403,	chr19	37229101	37230132	retro_human_5352	0	+	ZNF302	1031
chr19	37222175	37231018	ENSG00000089335[1,3,1]	0	+	37223391	37229805	0	5	245,77,121,84,2196,	0,1148,5188,5566,6647,	chr19	37229101	37230132	retro_human_5352	0	+	ZNF302	1031
chr19	37222175	37231018	ENSG00000089335[1,2,1]	0	+	37223391	37229805	0	6	268,77,132,121,84,2196,	0,1148,2239,5188,5566,6647,	chr19	37229101	37230132	retro_human_5352	0	+	ZNF302	1031
chr19	37222175	37231018	ENSG00000089335[1,5,1]	0	+	37223391	37229805	0	5	268,77,121,84,2196,	0,1148,5188,5566,6647,	chr19	37229101	37230132	retro_human_5352	0	+	ZNF302	1031
chr19	37225819	37231018	ENSG00000089335[2,14,1]	0	+	37227450	37229805	0	3	1665,84,2196,	0,1922,3003,	chr19	37229101	37230132	retro_human_5352	0	+	ZNF302	1031
chr19	37500916	37508712	ENSG00000180884[3,1,1]	0	-	37502571	37508275	0	4	3268,123,127,470,	0,3931,4564,7326,	chr19	37502689	37504527	retro_human_9706	0	-	ZNF792	1838
chr19	37502036	37505366	ENSG00000180884[2,2,2]	0	-	37502571	37504929	0	2	2148,519,	0,2811,	chr19	37502689	37504527	retro_human_9706	0	-	ZNF792	1838
chr19	37502036	37508712	ENSG00000180884[3,1,2]	0	-	37502571	37508275	0	4	2148,123,127,470,	0,2811,3444,6206,	chr19	37502689	37504527	retro_human_9706	0	-	ZNF792	1838
chr19	39096419	39097518	ENSG00000267142[1,1,1]	0	+	39096419	39096419	0	1	1099,	0,	chr19	39096469	39097468	retro_human_5356|AC092296.3-201|processed_pseudogene	0	+	LOC644189	999
chr19	40593256	40594449	ENSG00000267422[2,1,1]	0	+	40593256	40593256	0	1	1193,	0,	chr19	40593306	40594399	retro_human_5761|AC016582.2-202|transcribed_processed_pseudogene	0	+	LOC728533	1093
chr19	42338670	42339329	ENSG00000269584[1,1,1]	0	+	42338670	42338670	0	1	659,	0,	chr19	42338720	42339279	retro_human_5757|TDGF1P7-201|processed_pseudogene	0	+	TDGF1P7	559
chr19	42763398	42763940	ENSG00000187534[1,1,1]	0	-	42763398	42763398	0	1	542,	0,	chr19	42763448	42763890	retro_human_8870|PRR13P5-201|processed_pseudogene	0	-	PRR13P5	442
chr19	43629102	43631826	ENSG00000233622[1,1,1]	0	-	43629102	43629102	0	2	2072,563,	0,2161,	chr19	43629298	43630780	retro_human_8868	0	-	CYP2T1P	1482
chr19	44327389	44328236	ENSG00000268034[1,1,1]	0	+	44327389	44327389	0	1	847,	0,	chr19	44327439	44328186	retro_human_8788|AC243960.2-201|processed_pseudogene	0	+	TPM3P5	747
chr19	46354672	46357715	ENSG00000176472[1,2,1]	0	+	46355957	46357219	0	4	384,108,96,1152,	0,657,1268,1891,	chr19	46356437	46357189	retro_human_2960	0	+	ZNF575	752
chr19	46354672	46357715	ENSG00000176472[1,1,1]	0	+	46355957	46357219	0	4	384,108,165,1152,	0,657,1199,1891,	chr19	46356437	46357189	retro_human_2960	0	+	ZNF575	752
chr19	46354672	46357386	ENSG00000176472[1,1,2]	0	+	46355957	46357219	0	4	384,108,165,823,	0,657,1199,1891,	chr19	46356437	46357189	retro_human_2960	0	+	ZNF575	752
chr19	46354897	46357715	ENSG00000176472[2,2,1]	0	+	46355957	46357219	0	4	159,108,96,1152,	0,432,1043,1666,	chr19	46356437	46357189	retro_human_2960	0	+	ZNF575	752
chr19	46354897	46357386	ENSG00000176472[2,2,2]	0	+	46355957	46357219	0	4	159,108,96,823,	0,432,1043,1666,	chr19	46356437	46357189	retro_human_2960	0	+	ZNF575	752
chr19	46354897	46357715	ENSG00000176472[2,5,1]	0	+	46356442	46357219	0	2	159,2386,	0,432,	chr19	46356437	46357189	retro_human_2960	0	+	ZNF575	752
chr19	46354897	46357715	ENSG00000176472[2,1,1]	0	+	46355957	46357219	0	4	159,108,165,1152,	0,432,974,1666,	chr19	46356437	46357189	retro_human_2960	0	+	ZNF575	752
chr19	47119886	47120238	ENSG00000267590[1,1,1]	0	+	47119886	47119886	0	1	352,	0,	chr19	47119936	47120188	retro_human_6937|NDUFA3P1-201|processed_pseudogene	0	+	NDUFA3P1	252
chr19	47953649	47954211	ENSG00000267346[1,1,1]	0	+	47953698	47954202	0	1	562,	0,	chr19	47953699	47954161	retro_human_8692|EIF5AP3-201|processed_pseudogene	0	+	EIF5AP3	462
chr19	48986367	48988720	ENSG00000204866[4,4,1]	0	+	48986755	48987025	0	3	1473,268,279,	0,1618,2074,	chr19	48987940	48988254	retro_human_1070	0	+	LOC105372424,IGFL2	314
chr19	52030301	52031728	ENSG00000267631[1,2,1]	0	-	52030395	52031059	0	3	382,168,420,	0,617,1007,	chr19	52030871	52031149	retro_human_427	0	-	CGB1	278
chr19	52042374	52043948	ENSG00000213030[1,1,1]	0	-	52042444	52043526	0	3	382,168,437,	0,617,1137,	chr19	52042944	52043222	retro_human_426	0	-	CGB8	278
chr19	52719591	52720275	ENSG00000243829[1,1,1]	0	-	52719591	52719591	0	1	684,	0,	chr19	52719641	52720225	retro_human_429|AC011495.1-201|processed_pseudogene	0	-	RPS9P4	584
chr19	55230203	55230599	ENSG00000243680[1,1,1]	0	+	55230203	55230203	0	1	396,	0,	chr19	55230253	55230547	retro_human_9238|RPL37P23-201|processed_pseudogene	0	+	RPL37P23	294
chr19	55510495	55510935	ENSG00000269776[1,1,1]	0	-	55510495	55510495	0	1	440,	0,	chr19	55510545	55510885	retro_human_4160|DPPA5P1-201|processed_pseudogene	0	-	DPPA5P1	340
chr19	55648608	55648864	ENSG00000242255[1,1,1]	0	+	55648608	55648608	0	1	256,	0,	chr19	55648658	55648811	retro_human_3767	0	+	RPL39P34,ZNF808	153
chr19	55734839	55737775	ENSG00000269825[2,2,1]	0	-	55735957	55736312	0	1	2936,	0,	chr19	55736923	55738875	retro_human_4435	0	-	LOC122539214	852
chr19	55922255	55942002	ENSG00000204604[1,1,1]	0	-	55925023	55938569	0	4	4192,127,88,128,	0,11128,16299,19619,	chr19	55924182	55926478	retro_human_4373	0	-	ZNF468	2296
chr19	55922781	55942002	ENSG00000204604[1,14,2]	0	-	55925023	55926430	255	7	2482,848,118,127,255,88,128,	0,2818,6694,10602,15387,15773,19093,	chr19	55924182	55926478	retro_human_4373	0	-	ZNF468	2296
chr19	55922781	55942002	ENSG00000204604[1,12,2]	0	-	55925023	55933417	255	6	2482,848,127,255,88,128,	0,2818,10602,15387,15773,19093,	chr19	55924182	55926478	retro_human_4373	0	-	ZNF468	2296
chr19	55922781	55942002	ENSG00000204604[1,9,2]	0	-	55925023	55938569	255	5	2482,848,127,88,128,	0,2818,10602,15773,19093,	chr19	55924182	55926478	retro_human_4373	0	-	ZNF468	2296
chr19	55922781	55942002	ENSG00000204604[1,10,2]	0	-	55925023	55926430	255	6	2482,848,118,127,88,128,	0,2818,6694,10602,15773,19093,	chr19	55924182	55926478	retro_human_4373	0	-	ZNF468	2296
chr19	55922781	55942002	ENSG00000204604[1,11,2]	0	-	55925023	55933417	255	5	3666,127,255,88,128,	0,10602,15387,15773,19093,	chr19	55924182	55926478	retro_human_4373	0	-	ZNF468	2296
chr19	55922781	55942002	ENSG00000204604[1,13,2]	0	-	55925023	55926430	255	6	3666,118,127,255,88,128,	0,6694,10602,15387,15773,19093,	chr19	55924182	55926478	retro_human_4373	0	-	ZNF468	2296
chr19	55922781	55942002	ENSG00000204604[1,15,2]	0	-	55925023	55938247	255	5	3666,127,248,88,128,	0,10602,15394,15773,19093,	chr19	55924182	55926478	retro_human_4373	0	-	ZNF468	2296
chr19	55922781	55942002	ENSG00000204604[1,16,2]	0	-	55925023	55926430	255	6	3666,118,127,248,88,128,	0,6694,10602,15394,15773,19093,	chr19	55924182	55926478	retro_human_4373	0	-	ZNF468	2296
chr19	55922781	55942002	ENSG00000204604[1,1,2]	0	-	55925023	55938569	0	4	3666,127,88,128,	0,10602,15773,19093,	chr19	55924182	55926478	retro_human_4373	0	-	ZNF468	2296
chr19	55922781	55942002	ENSG00000204604[1,2,2]	0	-	55925023	55926430	0	5	3666,118,127,88,128,	0,6694,10602,15773,19093,	chr19	55924182	55926478	retro_human_4373	0	-	ZNF468	2296
chr19	56011369	56011964	ENSG00000213801[1,1,2]	0	-	56011422	56011914	0	1	595,	0,	chr19	56011419	56011914	retro_human_3174|ZNF321P-202|transcribed_processed_pseudogene	0	-	ZNF321P,ZNF816-ZNF321P	495
chr19	56086558	56087769	ENSG00000268282[1,1,1]	0	+	56086558	56086558	0	1	1211,	0,	chr19	56086608	56087719	retro_human_3764|AC010328.2-201|processed_pseudogene	0	+	ARPC1AP2	1111
chr19	56465684	56465940	ENSG00000241069[1,1,1]	0	+	56465684	56465684	0	1	256,	0,	chr19	56465734	56465890	retro_human_9635|AC125388.1-201|transcribed_processed_pseudogene	0	+	RPL39P35,ZNF525	156
chr19	56492642	56492898	ENSG00000239912[1,1,1]	0	+	56492642	56492642	0	1	256,	0,	chr19	56492692	56492848	retro_human_9637|RPL39P36-201|processed_pseudogene	0	+	RPL39P36	156
chr19	56505523	56506104	ENSG00000249435[1,1,1]	0	-	56505523	56505523	0	1	581,	0,	chr19	56505573	56506054	AC022137.2-201|processed_pseudogene	0	-	ZNF765	481
chr19	56521370	56522215	ENSG00000241015[2,1,1]	0	+	56521886	56522162	0	1	845,	0,	chr19	56521420	56522165	retro_human_1901|TPM3P9-202|transcribed_processed_pseudogene	0	+	TPM3P9	745
chr19	56558872	56559714	ENSG00000250731[1,1,1]	0	+	56559385	56559661	0	1	842,	0,	chr19	56558922	56559664	retro_human_9639|TPM3P6-201|processed_pseudogene	0	+	TPM3P6	742
chr19	56575433	56575684	ENSG00000241434[1,1,1]	0	+	56575433	56575433	0	1	251,	0,	chr19	56575483	56575634	retro_human_9641|AC022137.1-201|transcribed_processed_pseudogene	0	+	RPL39P37,ZNF813	151
chr19	56851930	56852805	ENSG00000229000[1,1,1]	0	-	56851930	56851930	0	1	875,	0,	chr19	56851980	56852755	retro_human_2033|SEPTIN7P8-201|processed_pseudogene	0	-	SEPTIN7P8	775
chr19	56855023	56855407	ENSG00000238150[1,1,1]	0	+	56855023	56855023	0	1	384,	0,	chr19	56855073	56855357	retro_human_4155|AC008753.1-201|processed_pseudogene	0	+	RPLP1P12	284
chr19	58804471	58804877	ENSG00000268593[1,1,1]	0	+	58804548	58804851	0	1	406,	0,	chr19	58804521	58804827	AC008749.1-201|processed_pseudogene	0	+	VN1R106P,EPN1	306
chr19	58858399	58862578	ENSG00000223638[1,1,2]	0	+	58861153	58862525	0	3	129,295,628,	0,2745,3551,	chr19	58861881	58862426	retro_human_10697	0	+	RFPL4A	545
chr19	59412925	59415806	ENSG00000267549[2,1,5]	0	+	59412925	59412925	0	1	2881,	0,	chr19	59414898	59415730	VN2R17P-201|processed_pseudogene	0	-	VN2R17P,LOC105372468	832
chr19	59435970	59436431	ENSG00000267145[1,1,1]	0	-	59435970	59435970	0	1	461,	0,	chr19	59436020	59436381	AC006116.4-201|processed_pseudogene	0	-	VN2R18P	361
chr19	59467593	59472416	ENSG00000240225[2,3,1]	0	+	59467593	59467593	0	4	84,93,72,1156,	0,331,1486,3667,	chr19	59471398	59472354	retro_human_4800	0	+	ZNF542P	956
chr19	60460456	60475935	ENSG00000152433[1,2,6]	0	+	60468904	60475212	0	5	277,36,122,127,1778,	0,5117,7546,8355,13701,	chr19	60474073	60475656	retro_human_5610	0	+	ZNF547	1583
chr19	60460456	60475935	ENSG00000152433[1,1,6]	0	+	60465585	60475212	0	4	277,36,127,1778,	0,5117,8355,13701,	chr19	60474073	60475656	retro_human_5610	0	+	ZNF547	1583
chr19	60711111	60721701	ENSG00000213762[1,3,1]	0	+	60716397	60718329	0	4	321,86,97,4613,	0,4609,5229,5977,	chr19	60716950	60718344	retro_human_5980	0	+	ZNF134	1394
chr19	60711111	60720330	ENSG00000213762[1,3,5]	0	+	60716397	60718329	0	4	321,86,97,3242,	0,4609,5229,5977,	chr19	60716950	60718344	retro_human_5980	0	+	ZNF134	1394
chr19	60711111	60718903	ENSG00000213762[1,3,4]	0	+	60716397	60718329	0	4	321,86,97,1815,	0,4609,5229,5977,	chr19	60716950	60718344	retro_human_5980	0	+	ZNF134	1394
chr19	60711111	60720330	ENSG00000213762[1,2,5]	0	+	60717057	60718329	0	2	321,3990,	0,5229,	chr19	60716950	60718344	retro_human_5980	0	+	ZNF134	1394
chr19	60711111	60721701	ENSG00000213762[1,4,1]	0	+	60717567	60718329	0	2	321,4613,	0,5977,	chr19	60716950	60718344	retro_human_5980	0	+	ZNF134	1394
chr19	60711111	60720330	ENSG00000213762[1,4,5]	0	+	60717567	60718329	0	2	321,3242,	0,5977,	chr19	60716950	60718344	retro_human_5980	0	+	ZNF134	1394
chr19	60711111	60718903	ENSG00000213762[1,4,4]	0	+	60717567	60718329	0	2	321,1815,	0,5977,	chr19	60716950	60718344	retro_human_5980	0	+	ZNF134	1394
chr19	60711111	60720330	ENSG00000213762[1,1,5]	0	+	60716397	60718329	0	3	321,97,3242,	0,5229,5977,	chr19	60716950	60718344	retro_human_5980	0	+	ZNF134	1394
chr19	60711111	60718903	ENSG00000213762[1,1,4]	0	+	60716397	60718329	0	3	321,97,1815,	0,5229,5977,	chr19	60716950	60718344	retro_human_5980	0	+	ZNF134	1394
chr19	60711111	60721701	ENSG00000213762[1,1,1]	0	+	60716397	60718329	0	3	321,97,4613,	0,5229,5977,	chr19	60716950	60718344	retro_human_5980	0	+	ZNF134	1394
chr19	60843702	60854295	ENSG00000152443[1,7,4]	0	+	60843996	60851622	255	4	327,127,2401,488,	0,4019,6526,10105,	chr19	60850693	60852109	retro_human_233	0	+	ZNF776	1416
chr19	60843702	60855134	ENSG00000152443[1,7,1]	0	+	60843996	60851622	255	4	327,127,2401,1327,	0,4019,6526,10105,	chr19	60850693	60852109	retro_human_233	0	+	ZNF776	1416
chr19	60843702	60855134	ENSG00000152443[1,8,1]	0	+	60843996	60853812	255	3	327,127,1327,	0,4019,10105,	chr19	60850693	60852109	retro_human_233	0	+	ZNF776	1416
chr19	60843702	60855134	ENSG00000152443[1,6,1]	0	+	60843996	60853984	255	4	327,127,89,1327,	0,4019,6526,10105,	chr19	60850693	60852109	retro_human_233	0	+	ZNF776	1416
chr19	60843702	60855134	ENSG00000152443[1,2,1]	0	+	60850347	60851622	0	3	327,127,4923,	0,4019,6509,	chr19	60850693	60852109	retro_human_233	0	+	ZNF776	1416
chr19	60843702	60854295	ENSG00000152443[1,1,4]	0	+	60843996	60851622	0	3	327,127,4067,	0,4019,6526,	chr19	60850693	60852109	retro_human_233	0	+	ZNF776	1416
chr19	60843702	60855134	ENSG00000152443[1,1,1]	0	+	60843996	60851622	0	3	327,127,4906,	0,4019,6526,	chr19	60850693	60852109	retro_human_233	0	+	ZNF776	1416
chr19	60843894	60855134	ENSG00000152443[4,7,1]	0	+	60843996	60851622	255	4	135,127,2401,1327,	0,3827,6334,9913,	chr19	60850693	60852109	retro_human_233	0	+	ZNF776	1416
chr19	60843894	60855134	ENSG00000152443[4,8,1]	0	+	60843996	60853812	255	3	135,127,1327,	0,3827,9913,	chr19	60850693	60852109	retro_human_233	0	+	ZNF776	1416
chr19	60843894	60855134	ENSG00000152443[4,6,1]	0	+	60843996	60853984	255	4	135,127,89,1327,	0,3827,6334,9913,	chr19	60850693	60852109	retro_human_233	0	+	ZNF776	1416
chr19	60843894	60855134	ENSG00000152443[4,1,1]	0	+	60843996	60851622	0	3	135,127,4906,	0,3827,6334,	chr19	60850693	60852109	retro_human_233	0	+	ZNF776	1416
chr19	60847690	60854295	ENSG00000152443[2,4,4]	0	+	60853849	60853984	0	2	158,488,	0,6117,	chr19	60850693	60852109	retro_human_233	0	+	ZNF776	1416
chr19	60850931	60854295	ENSG00000152443[3,5,4]	0	+	60851278	60851752	0	2	1698,488,	0,2876,	chr19	60850693	60852109	retro_human_233	0	+	ZNF776	1178
chr19	60866537	60877588	ENSG00000083828[1,1,1]	0	+	60866776	60876715	0	3	275,127,1916,	0,6928,9135,	chr19	60875621	60876919	retro_human_232	0	+	ZNF586	1298
chr19	60866537	60877588	ENSG00000083828[1,3,1]	0	+	60866776	60876266	0	2	275,1916,	0,9135,	chr19	60875621	60876919	retro_human_232	0	+	ZNF586	1298
chr19	60963897	60965135	ENSG00000269867[1,1,1]	0	-	60964171	60965010	0	2	410,372,	0,866,	chr19	60964882	60965747	retro_human_231|AC010326.4-202|transcribed_processed_pseudogene	0	+	UBE2CP5	253
chr19	60963897	60965135	ENSG00000269867[1,1,1]	0	-	60964171	60965010	0	2	410,372,	0,866,	chr19	60964797	60965688	AC010326.4-201|transcribed_processed_pseudogene	0	+	UBE2CP5	338
chr19	60964747	60965797	ENSG00000270804[1,1,1]	0	+	60964747	60964747	0	1	1050,	0,	chr19	60964882	60965747	retro_human_231|AC010326.4-202|transcribed_processed_pseudogene	0	+	UBE2CP5	865
chr19	60964747	60965797	ENSG00000270804[1,1,1]	0	+	60964747	60964747	0	1	1050,	0,	chr19	60964797	60965688	AC010326.4-201|transcribed_processed_pseudogene	0	+	UBE2CP5	891
chr19	61050054	61050756	ENSG00000243234[1,1,1]	0	-	61050054	61050054	0	1	702,	0,	chr19	61050104	61050706	retro_human_1494|AC010326.1-201|processed_pseudogene	0	-	RPL19P19	602
chr19	61130923	61151627	ENSG00000152467[1,1,1]	0	+	61134781	61150994	0	6	187,42,479,95,139,1253,	0,1992,3749,6470,18513,19451,	chr19	61141538	61143716	retro_human_237|LETM1P2-201|processed_pseudogene	0	+	LETM1P2	2178
chr19	61141488	61143766	ENSG00000268660[1,1,1]	0	+	61143081	61143705	0	1	2278,	0,	chr19	61141538	61143716	retro_human_237|LETM1P2-201|processed_pseudogene	0	+	LETM1P2	2178
chr19	61504801	61514334	ENSG00000171574[1,10,1]	0	+	61505341	61513738	255	4	558,127,123,1567,	0,1357,6681,7966,	chr19	61512827	61513951	retro_human_304	0	+	ZNF584	1124
chr19	61504801	61514334	ENSG00000171574[1,11,1]	0	+	61513535	61513820	255	3	558,123,1567,	0,6681,7966,	chr19	61512827	61513951	retro_human_304	0	+	ZNF584	1124
chr19	61504801	61514334	ENSG00000171574[1,3,1]	0	+	61506251	61511873	0	5	558,86,123,148,1567,	0,1398,6681,6950,7966,	chr19	61512827	61513951	retro_human_304	0	+	ZNF584	1124
chr19	61504801	61514334	ENSG00000171574[1,4,1]	0	+	61506251	61513738	0	4	558,86,123,1567,	0,1398,6681,7966,	chr19	61512827	61513951	retro_human_304	0	+	ZNF584	1124
chr19	61504801	61514334	ENSG00000171574[1,2,1]	0	+	61505341	61512812	0	5	558,127,123,122,1567,	0,1357,6681,6976,7966,	chr19	61512827	61513951	retro_human_304	0	+	ZNF584	1124
chr19	61504801	61514334	ENSG00000171574[1,1,1]	0	+	61505341	61513738	0	4	558,151,123,1567,	0,1333,6681,7966,	chr19	61512827	61513951	retro_human_304	0	+	ZNF584	1124
chr19	61511523	61514334	ENSG00000171574[3,6,1]	0	+	61511654	61511873	0	1	2811,	0,	chr19	61512827	61513951	retro_human_304	0	+	ZNF584	1124
chr19	61513676	61514334	ENSG00000171574[4,6,1]	0	+	61514103	61514214	0	1	658,	0,	chr19	61512827	61513951	retro_human_304	0	+	ZNF584	275
chr19	61694144	61696922	ENSG00000269600[1,1,4]	0	-	61694144	61694144	0	2	1189,306,	0,2472,	chr19	61696483	61696952	retro_human_10427|CENPBD1P1-201|transcribed_processed_pseudogene	0	+	RPL23AP79	439
chr19	61694144	61696922	ENSG00000269600[1,1,4]	0	-	61694144	61694144	0	2	1189,306,	0,2472,	chr19	61696487	61696952	RPL23AP84-201|processed_pseudogene	0	+	RPL23AP79	435
chr19	61694649	61696922	ENSG00000269600[1,1,2]	0	-	61694649	61694649	0	2	684,306,	0,1967,	chr19	61696483	61696952	retro_human_10427|CENPBD1P1-201|transcribed_processed_pseudogene	0	+	RPL23AP79	439
chr19	61694649	61696922	ENSG00000269600[1,1,2]	0	-	61694649	61694649	0	2	684,306,	0,1967,	chr19	61696487	61696952	RPL23AP84-201|processed_pseudogene	0	+	RPL23AP79	435
chr19	61694877	61696922	ENSG00000269600[1,1,5]	0	-	61694877	61694877	0	2	456,306,	0,1739,	chr19	61696483	61696952	retro_human_10427|CENPBD1P1-201|transcribed_processed_pseudogene	0	+	RPL23AP79	439
chr19	61694877	61696922	ENSG00000269600[1,1,5]	0	-	61694877	61694877	0	2	456,306,	0,1739,	chr19	61696487	61696952	RPL23AP84-201|processed_pseudogene	0	+	RPL23AP79	435
chr19	61696433	61697002	ENSG00000213753[3,1,2]	0	+	61696433	61696433	0	1	569,	0,	chr19	61696483	61696952	retro_human_10427|CENPBD1P1-201|transcribed_processed_pseudogene	0	+	RPL23AP79	469
chr19	61696433	61697002	ENSG00000213753[3,1,2]	0	+	61696433	61696433	0	1	569,	0,	chr19	61696487	61696952	RPL23AP84-201|processed_pseudogene	0	+	RPL23AP79	465
chr20	886509	887140	ENSG00000101278[1,1,1]	0	-	886509	886509	0	1	631,	0,	chr20	886559	887090	retro_human_6493|RPS10P5-201|processed_pseudogene	0	-	RPS10P5,FAM110A	531
chr20	4054811	4055439	ENSG00000226608[1,1,1]	0	+	4054811	4054811	0	1	628,	0,	chr20	4054861	4055389	retro_human_4795|FTLP3-201|processed_pseudogene	0	+	FTLP3	528
chr20	4668612	4669505	ENSG00000226948[1,1,2]	0	-	4668612	4668612	0	1	893,	0,	chr20	4668662	4669455	retro_human_5876|RPS4XP2-201|transcribed_processed_pseudogene	0	-	RPS4XP2	793
chr20	5333320	5333864	ENSG00000225022[1,1,1]	0	-	5333320	5333320	0	1	544,	0,	chr20	5333370	5333814	retro_human_2197|UBE2D3P1-201|processed_pseudogene	0	-	UBE2D3P1	444
chr20	5573507	5574065	ENSG00000225831[1,1,1]	0	+	5573507	5573507	0	1	558,	0,	chr20	5573557	5574015	retro_human_2004|RPS18P1-201|processed_pseudogene	0	+	RPS18P1	458
chr20	5589470	5590212	ENSG00000233578[1,1,1]	0	+	5589470	5589470	0	1	742,	0,	chr20	5589520	5590162	retro_human_1990|EIF4EP1-201|processed_pseudogene	0	+	EIF4EP1	642
chr20	5968370	5969704	ENSG00000215589[1,1,1]	0	-	5968370	5968370	0	1	1334,	0,	chr20	5968420	5969654	retro_human_2198|KANK1P1-201|processed_pseudogene	0	-	KANK1P1	1234
chr20	6254875	6256658	ENSG00000234241[1,1,1]	0	+	6254875	6254875	0	1	1783,	0,	chr20	6254925	6256608	retro_human_1302|AL109618.1-201|processed_pseudogene	0	+	LOC149844	1683
chr20	10655824	10657293	ENSG00000235036[1,1,1]	0	-	10655824	10655824	0	1	1469,	0,	chr20	10655874	10657243	retro_human_1185|AL035456.1-201|processed_pseudogene	0	-	LOC100421490	1369
chr20	12423281	12424581	ENSG00000235698[1,1,1]	0	+	12423281	12423281	0	1	1300,	0,	chr20	12423331	12424531	retro_human_9849|PA2G4P2-201|processed_pseudogene	0	+	PA2G4P2	1200
chr20	13436045	13437143	ENSG00000236811[1,1,1]	0	+	13436045	13436045	0	1	1098,	0,	chr20	13436095	13437093	retro_human_11014|GAPDHP2-201|processed_pseudogene	0	+	GAPDHP2	998
chr20	18063045	18063475	ENSG00000218902[1,1,1]	0	+	18063045	18063045	0	1	430,	0,	chr20	18063095	18063425	PTMAP3-201|processed_pseudogene	0	+	PTMAP3	330
chr20	18555637	18556171	ENSG00000214612[1,1,1]	0	+	18555637	18555637	0	1	534,	0,	chr20	18555687	18556121	retro_human_4760|RPS19P1-201|processed_pseudogene	0	+	RPS19P1	434
chr20	18834226	18835593	ENSG00000233324[1,1,1]	0	-	18834226	18834226	0	1	1367,	0,	chr20	18834276	18835543	retro_human_11106|EEF1A1P34-201|processed_pseudogene	0	-	EEF1A1P34	1267
chr20	21567606	21570421	ENSG00000125820[3,1,1]	0	-	21568565	21570309	0	2	1519,371,	0,2444,	chr20	21568764	21569216	retro_human_3789	0	-	NKX2-2	452
chr20	21567606	21570193	ENSG00000125820[2,1,1]	0	-	21568565	21568838	0	2	1519,143,	0,2444,	chr20	21568764	21569216	retro_human_3789	0	-	NKX2-2	452
chr20	21567606	21570754	ENSG00000125820[1,1,1]	0	-	21568565	21570309	0	2	1519,704,	0,2444,	chr20	21568764	21569216	retro_human_3789	0	-	NKX2-2	452
chr20	21812228	21812409	ENSG00000227063[1,1,1]	0	+	21812228	21812228	0	1	181,	0,	chr20	21812278	21812359	RPL41P1-201|processed_pseudogene	0	+	RPL41P1	81
chr20	24050564	24051827	ENSG00000167390[1,1,1]	0	+	24050564	24050564	0	1	1263,	0,	chr20	24050749	24052323	retro_human_10654	0	+	POM121L3P	1078
chr20	25433326	25433918	ENSG00000227379[1,1,1]	0	-	25433379	25433574	0	1	592,	0,	chr20	25433376	25433868	retro_human_9697|PPIAP2-201|processed_pseudogene	0	-	PPIAP2	492
chr20	33009410	33011029	ENSG00000224628[1,1,1]	0	-	33009410	33009410	0	1	1619,	0,	chr20	33009460	33010979	retro_human_4203|AL121723.1-201|processed_pseudogene	0	-	LOC149935	1519
chr20	33446068	33448071	ENSG00000281376[1,1,1]	0	+	33446068	33446068	0	1	2003,	0,	chr20	33446216	33446575	retro_human_4197	0	-	ABALON,BCL2L1	359
chr20	33446216	33447760	ENSG00000171552[6,17,4]	0	-	33446637	33446745	0	2	726,531,	0,1013,	chr20	33446216	33446575	retro_human_4197	0	-	ABALON,BCL2L1	359
chr20	33910349	33914333	ENSG00000235217[1,1,1]	0	-	33910349	33910349	0	1	3984,	0,	chr20	33913124	33914450	TSPY26P-201|transcribed_processed_pseudogene	0	-	TSPY26P	1209
chr20	33911895	33914333	ENSG00000235217[1,1,3]	0	-	33911895	33911895	0	1	2438,	0,	chr20	33913124	33914450	TSPY26P-201|transcribed_processed_pseudogene	0	-	TSPY26P	1209
chr20	33913074	33914500	ENSG00000235217[2,1,2]	0	-	33913074	33913074	0	1	1426,	0,	chr20	33913124	33914450	TSPY26P-201|transcribed_processed_pseudogene	0	-	TSPY26P	1326
chr20	35968989	35969674	ENSG00000236456[1,1,1]	0	-	35968989	35968989	0	1	685,	0,	chr20	35969039	35969624	retro_human_10103|AL035458.1-201|processed_pseudogene	0	-	LOC729557	585
chr20	37154157	37159123	ENSG00000125965[1,1,1]	0	-	37154772	37158773	0	2	1487,981,	0,3985,	chr20	37154773	37155750	retro_human_4607	0	-	GDF5,GDF5-AS1	977
chr20	37265188	37265606	ENSG00000224497[1,1,1]	0	-	37265188	37265188	0	1	418,	0,	chr20	37265238	37265556	retro_human_4605|RPL36P4-201|processed_pseudogene	0	-	RPL36P4	318
chr20	37571600	37571942	ENSG00000234274[1,1,1]	0	-	37571600	37571600	0	1	342,	0,	chr20	37571650	37571892	retro_human_4611|COX7BP2-201|processed_pseudogene	0	-	COX7BP2	242
chr20	37599401	37599759	ENSG00000219608[1,1,1]	0	+	37599446	37599734	0	1	358,	0,	chr20	37599451	37599709	retro_human_7128|HIGD1AP16-201|processed_pseudogene	0	+	HIGD1AP16	258
chr20	43279169	43279770	ENSG00000232493[1,1,1]	0	+	43279169	43279169	0	1	601,	0,	chr20	43279219	43279720	retro_human_1750|RPL12P11-201|processed_pseudogene	0	+	RPL12P11	501
chr20	44964744	44965345	ENSG00000226038[1,1,1]	0	+	44964744	44964744	0	1	601,	0,	chr20	44964794	44965295	retro_human_1752|PPIAP21-201|processed_pseudogene	0	+	PPIAP21	501
chr20	45156390	45156833	ENSG00000233711[1,1,1]	0	-	45156390	45156390	0	1	443,	0,	chr20	45156440	45156783	retro_human_10498|EIF4EBP2P1-201|processed_pseudogene	0	-	EIF4EBP2P1	343
chr20	46202279	46202658	ENSG00000226243[1,1,1]	0	-	46202279	46202279	0	1	379,	0,	chr20	46202329	46202608	retro_human_5001|RPL37AP1-201|processed_pseudogene	0	-	RPL37AP1	279
chr20	47376484	47377469	ENSG00000235508[1,1,1]	0	-	47376484	47376484	0	1	985,	0,	chr20	47376534	47377419	retro_human_5005|RPS2P7-201|processed_pseudogene	0	-	RPS2P7	885
chr20	50903926	50904558	ENSG00000226284[1,1,1]	0	+	50903926	50903926	0	1	632,	0,	chr20	50903975	50904508	retro_human_240|ARPC3P1-201|processed_pseudogene	0	+	ARPC3P1	533
chr20	51499091	51499443	ENSG00000231878[1,1,1]	0	-	51499091	51499091	0	1	352,	0,	chr20	51499141	51499393	retro_human_5405|SNRPFP1-201|processed_pseudogene	0	-	SNRPFP1	252
chr20	51726166	51727554	ENSG00000229222[1,1,1]	0	+	51726166	51726166	0	1	1388,	0,	chr20	51726216	51727504	retro_human_8800|KRT18P4-201|processed_pseudogene	0	+	KRT18P4	1288
chr20	52390340	52390753	ENSG00000231302[1,1,1]	0	+	52390340	52390340	0	1	413,	0,	chr20	52390390	52390705	retro_human_3828|RPL36P2-201|processed_pseudogene	0	+	RPL36P2	315
chr20	52684278	52685059	ENSG00000228663[1,1,1]	0	+	52684278	52684278	0	1	781,	0,	chr20	52684328	52685009	retro_human_5104|PSMD10P1-201|processed_pseudogene	0	+	PSMD10P1	681
chr20	55648571	55648978	ENSG00000241721[1,1,1]	0	-	55648571	55648571	0	1	407,	0,	chr20	55648622	55648928	retro_human_5402|SUMO1P1-201|processed_pseudogene	0	-	SUMO1P1	306
chr20	56849334	56849925	ENSG00000185834[1,1,1]	0	+	56849334	56849334	0	1	591,	0,	chr20	56849384	56849881	retro_human_7646|RPL12P4-201|processed_pseudogene	0	+	RPL12P4	497
chr20	58236867	58237123	ENSG00000228601[1,1,1]	0	-	58236867	58236867	0	1	256,	0,	chr20	58236917	58237073	retro_human_5401|RPL39P-201|processed_pseudogene	0	-	RPL39P,CASS4	156
chr20	59266156	59266892	ENSG00000124097[2,2,2]	0	-	59266156	59266156	0	1	736,	0,	chr20	59266206	59266842	retro_human_9497|HMGB1P1-201|processed_pseudogene	0	-	HMGB1P1	636
chr20	64371147	64371961	ENSG00000226094[1,1,1]	0	+	64371147	64371147	0	1	814,	0,	chr20	64371197	64371911	retro_human_897|RPL7P3-201|processed_pseudogene	0	+	RPL7P3	714
chr20	64645175	64645524	ENSG00000233838[1,1,1]	0	+	64645175	64645175	0	1	349,	0,	chr20	64645225	64645474	retro_human_881|DPH3P1-201|processed_pseudogene	0	+	DPH3P1,TCFL5	249
chr20	66147746	66148401	ENSG00000274727[1,1,1]	0	-	66147746	66147746	0	1	655,	0,	chr20	66147796	66148351	AL137028.1-201|processed_pseudogene	0	-	IQSEC3P3	555
chr21	12106594	12108684	ENSG00000280172[1,1,1]	0	+	12106594	12106594	0	1	2090,	0,	chr21	12106644	12108634	retro_human_3935|FP475955.4-201|processed_pseudogene	0	+	FEM1AP1	1990
chr21	3001194	3002486	ENSG00000280330[1,1,1]	0	+	3001194	3001194	0	1	1292,	0,	chr21	3001245	3002436	retro_human_2547|CTBP2P9-1|processed_pseudogene	0	+	LOC124908150	1191
chr13	5663425	5664716	ENSG00000279177[1,1,1]	0	+	5664716	5664716	0	1	1291,	0,	chr13	5663475	5664666	retro_human_10766|CTBP2P9-201|processed_pseudogene	0	+	LOC124907016	1191
chr21	5650974	5651583	ENSG00000279414[1,1,1]	0	-	5650974	5650974	0	1	609,	0,	chr21	5651024	5651533	CR392039.3-201|processed_pseudogene	0	-	CDRT15P9	509
chr21	9125483	9125882	ENSG00000279864[2,1,1]	0	+	9125483	9125483	0	1	399,	0,	chr21	9125533	9125719	NCOR1P4-201|transcribed_processed_pseudogene	0	+	NCOR1P4	186
chr21	12106593	12108688	ENSG00000229231[1,1,1]	0	+	12106593	12106593	0	1	2095,	0,	chr21	12106644	12108634	retro_human_3935|FP475955.4-201|processed_pseudogene	0	+	FEM1AP1	1990
chr21	12486226	12486904	ENSG00000240755[1,1,1]	0	+	12486226	12486226	0	1	678,	0,	chr21	12486276	12486854	retro_human_4737|ERLEC1P1-201|processed_pseudogene	0	+	ERLEC1P1	578
chr21	15855724	15855970	ENSG00000226580[1,1,1]	0	-	15855724	15855724	0	1	246,	0,	chr21	15855774	15855920	retro_human_8511|RPL39P40-201|processed_pseudogene	0	-	RPL39P40	146
chr21	17217367	17217965	ENSG00000198618[1,1,1]	0	+	17217367	17217367	0	1	598,	0,	chr21	17217417	17217915	retro_human_3505|PPIAP22-201|processed_pseudogene	0	+	PPIAP22	498
chr21	18100069	18100611	ENSG00000229336[1,1,1]	0	+	18100069	18100069	0	1	542,	0,	chr21	18100119	18100561	retro_human_3499|SREK1IP1P1-201|processed_pseudogene	0	+	SREK1IP1P1	442
chr21	23719629	23720342	ENSG00000213885[1,1,1]	0	+	23719629	23719629	0	1	713,	0,	chr21	23719679	23720292	retro_human_7174|RPL13AP7-201|transcribed_processed_pseudogene	0	+	RPL13AP7	613
chr21	24120442	24120938	ENSG00000235514[1,1,1]	0	-	24120442	24120442	0	1	496,	0,	chr21	24120492	24120888	retro_human_10059|LLPHP2-201|processed_pseudogene	0	-	LLPHP2	396
chr21	25193794	25200603	ENSG00000154734[7,14,1]	0	-	25195670	25200043	255	8	2573,176,176,187,287,168,133,176,	0,2733,3881,4169,4570,5292,6152,6633,	chr21	25195752	25196703	retro_human_10146	0	-	ADAMTS1	951
chr21	25194325	25203550	ENSG00000154734[1,17,2]	0	-	25199030	25203045	255	7	2042,176,176,1291,133,347,1235,	0,2202,3350,3638,5621,6102,7990,	chr21	25195752	25196703	retro_human_10146	0	-	ADAMTS1	951
chr21	25194325	25203550	ENSG00000154734[1,19,2]	0	-	25196526	25203045	255	8	2378,176,187,287,168,133,347,1235,	0,3350,3638,4039,4761,5621,6102,7990,	chr21	25195752	25196703	retro_human_10146	0	-	ADAMTS1	951
chr21	25194325	25203550	ENSG00000154734[1,16,2]	0	-	25195670	25199294	255	8	2042,176,176,187,287,993,347,1235,	0,2202,3350,3638,4039,4761,6102,7990,	chr21	25195752	25196703	retro_human_10146	0	-	ADAMTS1	951
chr21	25194325	25203550	ENSG00000154734[1,18,2]	0	-	25198319	25203045	255	8	2042,176,176,688,168,133,347,1235,	0,2202,3350,3638,4761,5621,6102,7990,	chr21	25195752	25196703	retro_human_10146	0	-	ADAMTS1	951
chr21	25194325	25203550	ENSG00000154734[1,15,2]	0	-	25195670	25198126	255	7	2042,176,176,688,993,347,1235,	0,2202,3350,3638,4761,6102,7990,	chr21	25195752	25196703	retro_human_10146	0	-	ADAMTS1	951
chr21	25194325	25203550	ENSG00000154734[1,14,2]	0	-	25195670	25200718	255	8	2042,176,176,187,287,168,133,3123,	0,2202,3350,3638,4039,4761,5621,6102,	chr21	25195752	25196703	retro_human_10146	0	-	ADAMTS1	951
chr21	25194325	25200603	ENSG00000154734[7,14,2]	0	-	25195670	25200043	255	8	2042,176,176,187,287,168,133,176,	0,2202,3350,3638,4039,4761,5621,6102,	chr21	25195752	25196703	retro_human_10146	0	-	ADAMTS1	951
chr21	25194325	25203550	ENSG00000154734[1,1,2]	0	-	25195670	25203045	0	9	2042,176,176,187,287,168,133,347,1235,	0,2202,3350,3638,4039,4761,5621,6102,7990,	chr21	25195752	25196703	retro_human_10146	0	-	ADAMTS1	951
chr21	25195233	25203550	ENSG00000154734[1,16,6]	0	-	25195670	25199294	255	8	1134,176,176,187,287,993,347,1235,	0,1294,2442,2730,3131,3853,5194,7082,	chr21	25195752	25196703	retro_human_10146	0	-	ADAMTS1	951
chr21	25195233	25203550	ENSG00000154734[1,18,6]	0	-	25198319	25203045	255	8	1134,176,176,688,168,133,347,1235,	0,1294,2442,2730,3853,4713,5194,7082,	chr21	25195752	25196703	retro_human_10146	0	-	ADAMTS1	951
chr21	25195233	25200603	ENSG00000154734[7,14,6]	0	-	25195670	25200043	255	8	1134,176,176,187,287,168,133,176,	0,1294,2442,2730,3131,3853,4713,5194,	chr21	25195752	25196703	retro_human_10146	0	-	ADAMTS1	951
chr21	25195233	25203550	ENSG00000154734[1,1,6]	0	-	25195670	25203045	0	9	1134,176,176,187,287,168,133,347,1235,	0,1294,2442,2730,3131,3853,4713,5194,7082,	chr21	25195752	25196703	retro_human_10146	0	-	ADAMTS1	951
chr21	25196131	25198628	ENSG00000154734[3,3,3]	0	-	25196699	25198038	0	4	236,176,176,665,	0,396,1544,1832,	chr21	25195752	25196703	retro_human_10146	0	-	ADAMTS1	572
chr21	25779062	25779806	ENSG00000217026[1,1,1]	0	-	25779062	25779062	0	1	744,	0,	chr21	25779112	25779756	retro_human_8848|RPL10P1-201|processed_pseudogene	0	-	RPL10P1	644
chr21	27360276	27360797	ENSG00000176054[1,1,1]	0	-	27360276	27360276	0	1	521,	0,	chr21	27360326	27360747	retro_human_8847|RPL23P2-201|processed_pseudogene	0	-	RPL23P2	421
chr21	27588524	27589561	ENSG00000236056[1,1,1]	0	+	27589080	27589503	0	1	1037,	0,	chr21	27588574	27589511	retro_human_7593|GAPDHP14-201|processed_pseudogene	0	+	GAPDHP14	937
chr21	30074490	30074900	ENSG00000229046[1,1,1]	0	+	30074490	30074490	0	1	410,	0,	chr21	30074540	30074850	HMGN1P2-201|processed_pseudogene	0	+	HMGN1P2	310
chr21	30208563	30209181	ENSG00000234107[1,1,1]	0	+	30208563	30208563	0	1	618,	0,	chr21	30208613	30209131	retro_human_3584|TPT1P1-201|processed_pseudogene	0	+	TPT1P1	518
chr21	30867061	30867661	ENSG00000229007[1,1,1]	0	+	30867182	30867392	0	1	600,	0,	chr21	30867111	30867611	retro_human_7173|EXOSC3P1-201|processed_pseudogene	0	+	EXOSC3P1	500
chr21	31863361	31864077	ENSG00000215088[1,1,1]	0	-	31863361	31863361	0	1	716,	0,	chr21	31863411	31864027	retro_human_10461|RPS5P3-201|processed_pseudogene	0	-	RPS5P3	616
chr21	34270189	34270902	ENSG00000234008[1,1,1]	0	+	34270189	34270189	0	1	713,	0,	chr21	34270239	34270852	retro_human_9375|PPP1R2P2-201|processed_pseudogene	0	+	PPP1R2P2	613
chr21	34428790	34440409	ENSG00000185917[5,11,5]	0	-	34428790	34428790	0	4	279,89,38,243,	0,2575,7850,11376,	chr21	34433271	34434435	retro_human_9371|RIMKLBP1-201|processed_pseudogene	0	+	RIMKLBP1	1164
chr21	34433221	34434485	ENSG00000189089[1,1,1]	0	+	34433221	34433221	0	1	1264,	0,	chr21	34433271	34434435	retro_human_9371|RIMKLBP1-201|processed_pseudogene	0	+	RIMKLBP1	1164
chr21	34513465	34514453	ENSG00000226054[1,1,1]	0	+	34513465	34513465	0	1	988,	0,	chr21	34513515	34514403	retro_human_9429|MEMO1P1-201|processed_pseudogene	0	+	MEMO1P1	888
chr21	34514743	34518664	ENSG00000236830[2,1,1]	0	-	34514743	34514743	0	2	1362,1008,	0,2913,	chr21	34515480	34516063	retro_human_9414|RPS9P1-201|processed_pseudogene	0	+	CBR3-AS1	583
chr21	34514743	34518664	ENSG00000236830[2,4,1]	0	-	34514743	34514743	0	2	1362,340,	0,3581,	chr21	34515480	34516063	retro_human_9414|RPS9P1-201|processed_pseudogene	0	+	CBR3-AS1	583
chr21	34515430	34516113	ENSG00000214889[1,1,1]	0	+	34515430	34515430	0	1	683,	0,	chr21	34515480	34516063	retro_human_9414|RPS9P1-201|processed_pseudogene	0	+	CBR3-AS1	583
chr21	34515721	34518664	ENSG00000236830[2,4,4]	0	-	34515721	34515721	0	2	384,340,	0,2603,	chr21	34515480	34516063	retro_human_9414|RPS9P1-201|processed_pseudogene	0	+	CBR3-AS1	342
chr21	34677676	34678306	ENSG00000214867[1,1,1]	0	-	34677676	34677676	0	1	630,	0,	chr21	34677726	34678256	retro_human_9379|SRSF9P1-201|processed_pseudogene	0	-	SRSF9P1	530
chr21	35376807	35377340	ENSG00000215734[1,1,1]	0	+	35376807	35376807	0	1	533,	0,	chr21	35376857	35377290	retro_human_2901|MRPL20P1-201|processed_pseudogene	0	+	MRPL20P1	433
chr21	37512142	37512715	ENSG00000228861[1,1,1]	0	+	37512142	37512142	0	1	573,	0,	chr21	37512192	37512665	retro_human_7674|RPL23AP12-201|processed_pseudogene	0	+	RPL23AP12	473
chr21	41506356	41506832	ENSG00000232777[1,1,1]	0	-	41506356	41506356	0	1	476,	0,	chr21	41506406	41506782	retro_human_5270|MRPL51P2-201|processed_pseudogene	0	-	MRPL51P2	376
chr21	42685968	42687571	ENSG00000160226[3,5,3]	0	-	42685968	42685968	0	2	103,482,	0,1121,	chr21	42687088	42687348	retro_human_97	0	-	CFAP410	260
chr21	45039857	45040422	ENSG00000230982[1,1,1]	0	-	45039857	45039857	0	1	565,	0,	chr21	45039907	45040372	DSTNP1-201|processed_pseudogene	0	-	DSTNP1,PRMT2	465
chr22	15924575	15925252	ENSG00000236097[1,1,1]	0	+	15924575	15924575	0	1	677,	0,	chr22	15924625	15925202	retro_human_5722|BNIP3P2-1|processed_pseudogene	0	+	BNIP3P2	577
chr22	16135970	16138339	ENSG00000215268[1,1,1]	0	-	16135970	16135970	0	1	2369,	0,	chr22	16136020	16138289	retro_human_11112|AP000533.2-201|processed_pseudogene	0	-	LOC780780	2269
chr22	16400430	16401152	ENSG00000271672[1,1,1]	0	+	16400430	16400430	0	1	722,	0,	chr22	16400480	16401102	retro_human_6932|DUXAP8-210|transcribed_processed_pseudogene	0	+	DUXAP8	622
chr22	16428181	16429330	ENSG00000215270[1,1,1]	0	-	16428181	16428181	0	1	1149,	0,	chr22	16428231	16429280	retro_human_9276|TOMM40P2-201|processed_pseudogene	0	-	TOMM40P2,NBEAP3	1049
chr22	17869373	17869846	ENSG00000236325[1,1,1]	0	+	17869373	17869373	0	1	473,	0,	chr22	17869423	17869796	retro_human_6933|AC005300.1-201|processed_pseudogene	0	+	RPL32P5	373
chr22	18092055	18092543	ENSG00000232305[1,1,1]	0	-	18092055	18092055	0	1	488,	0,	chr22	18092105	18092493	retro_human_9270|CLCP1-201|processed_pseudogene	0	-	CLCP1	388
chr22	18186368	18186822	ENSG00000228045[1,1,1]	0	-	18186368	18186368	0	1	454,	0,	chr22	18186418	18186772	retro_human_9269|DNAJA1P6-201|processed_pseudogene	0	-	DNAJA1P6	354
chr22	19523065	19524882	ENSG00000063515[1,1,2]	0	-	19523533	19524823	0	3	570,254,318,	0,1137,1499,	chr22	19524065	19524376	retro_human_3798	0	-	GSC2	311
chr22	20854357	20856160	ENSG00000215493[1,1,1]	0	+	20854357	20854357	0	1	1803,	0,	chr22	20854407	20856110	retro_human_8108|AC007731.1-201|processed_pseudogene	0	+	LOC100420177	1703
chr22	21061385	21063506	ENSG00000238125[1,1,1]	0	+	21061385	21061385	0	1	2121,	0,	chr22	21061435	21063456	retro_human_8106|SLC9A3P2-201|processed_pseudogene	0	+	SLC9A3P2	2021
chr22	21416733	21423116	ENSG00000161149[1,2,3]	0	-	21416733	21416733	0	3	1494,207,561,	0,3424,5822,	chr22	21417535	21418287	retro_human_8876	0	-	TUBA3FP,THAP7-AS1	752
chr22	21416733	21423116	ENSG00000161149[1,1,3]	0	-	21416733	21416733	0	4	1494,207,143,561,	0,3424,5082,5822,	chr22	21417535	21418287	retro_human_8876	0	-	TUBA3FP,THAP7-AS1	752
chr22	21416916	21423116	ENSG00000161149[1,2,2]	0	-	21416916	21416916	0	3	1311,207,561,	0,3241,5639,	chr22	21417535	21418287	retro_human_8876	0	-	TUBA3FP,THAP7-AS1	752
chr22	21417360	21423116	ENSG00000161149[1,1,1]	0	-	21417360	21417360	0	4	867,207,143,561,	0,2797,4455,5195,	chr22	21417535	21418287	retro_human_8876	0	-	TUBA3FP,THAP7-AS1	752
chr22	21437426	21441370	ENSG00000099960[1,4,1]	0	-	21437816	21439695	255	5	563,109,641,144,81,	0,668,1043,2163,3863,	chr22	21438848	21440535	retro_human_8879	0	-	SLC7A4	1687
chr22	21437426	21441370	ENSG00000099960[1,2,1]	0	-	21437816	21440571	0	5	563,109,641,1025,81,	0,668,1043,2163,3863,	chr22	21438848	21440535	retro_human_8879	0	-	SLC7A4	1687
chr22	21437426	21441370	ENSG00000099960[1,1,1]	0	-	21437816	21440571	0	5	563,109,641,1022,81,	0,668,1043,2163,3863,	chr22	21438848	21440535	retro_human_8879	0	-	SLC7A4	1687
chr22	22528339	22531601	ENSG00000263366[1,1,1]	0	-	22528339	22528339	0	2	452,571,	0,2691,	chr22	22528389	22531551	retro_human_7103|ABHD17AP5-201|processed_pseudogene	0	-	IGL	3162
chr22	22636690	22638170	ENSG00000228050[1,1,1]	0	-	22636690	22636690	0	1	1480,	0,	chr22	22636740	22638120	TOP3BP1-201|processed_pseudogene	0	-	IGL	1380
chr22	22658268	22659104	ENSG00000169575[1,1,1]	0	+	22658352	22658873	0	2	130,620,	0,216,	chr22	22658436	22658792	retro_human_478	0	+	VPREB1,IGL	356
chr22	22658268	22659104	ENSG00000169575[1,2,1]	0	+	22658341	22658873	0	2	130,606,	0,230,	chr22	22658436	22658792	retro_human_478	0	+	VPREB1,IGL	356
chr22	23411083	23411502	ENSG00000237472[1,1,1]	0	+	23411083	23411083	0	1	419,	0,	chr22	23411133	23411452	retro_human_2206|AC245054.2-201|processed_pseudogene	0	+	LOC100287966	319
chr22	24380447	24381947	ENSG00000099977[1,6,2]	0	-	24381121	24381820	0	2	902,235,	0,1265,	chr22	24381122	24381358	retro_human_2747	0	-	DDT	236
chr22	24380447	24381947	ENSG00000099977[1,4,2]	0	-	24380727	24381820	0	3	317,176,235,	0,726,1265,	chr22	24381122	24381358	retro_human_2747	0	-	DDT	236
chr22	24380447	24381947	ENSG00000099977[1,3,2]	0	-	24380546	24381820	0	3	313,176,235,	0,726,1265,	chr22	24381122	24381358	retro_human_2747	0	-	DDT	236
chr22	24713565	24714950	ENSG00000128262[2,1,1]	0	+	24713565	24713565	0	1	1385,	0,	chr22	24713739	24715450	retro_human_3331	0	+	POM121L9P	1211
chr22	25173690	25174019	ENSG00000182351[1,1,1]	0	+	25173690	25173690	0	1	329,	0,	chr22	25173740	25173969	retro_human_1629|CRIP1P4-201|processed_pseudogene	0	+	CRIP1P4	229
chr22	25640519	25640865	ENSG00000271181[1,1,1]	0	-	25640519	25640519	0	1	346,	0,	chr22	25640569	25640815	retro_human_6377|Z99916.2-201|processed_pseudogene	0	-	LOC101232810	246
chr22	25810642	25811526	ENSG00000231466[1,1,1]	0	-	25810642	25810642	0	1	884,	0,	chr22	25810692	25811476	retro_human_8482|AL022324.2-201|processed_pseudogene	0	-	LOC100419673	784
chr22	27022832	27023495	ENSG00000213707[1,1,1]	0	+	27022832	27022832	0	1	663,	0,	chr22	27022882	27023445	retro_human_4504|HMGB1P10-201|processed_pseudogene	0	+	HMGB1P10	563
chr22	29297146	29297491	ENSG00000224256[1,1,1]	0	-	29297146	29297146	0	1	345,	0,	chr22	29297196	29297441	Z93930.1-201|processed_pseudogene	0	-	LOC646408	245
chr22	30072211	30072913	ENSG00000233010[1,1,1]	0	+	30072378	30072756	0	1	702,	0,	chr22	30072261	30072863	retro_human_4501|RPEP4-201|processed_pseudogene	0	+	RPEP4	602
chr22	30509566	30510584	ENSG00000227201[1,1,1]	0	-	30509566	30509566	0	1	1018,	0,	chr22	30509616	30510534	retro_human_3027|CNN2P1-201|processed_pseudogene	0	-	CNN2P1	918
chr22	31005890	31007760	ENSG00000225774[1,1,1]	0	+	31005890	31005890	0	1	1870,	0,	chr22	31005940	31007710	retro_human_5212|SIRPAP1-201|processed_pseudogene	0	+	SIRPAP1	1770
chr22	32503589	32504096	ENSG00000232346[1,1,1]	0	+	32503589	32503589	0	1	507,	0,	chr22	32503639	32504046	retro_human_6832|Z74021.1-201|processed_pseudogene	0	+	RPS17P16	407
chr22	36881388	36881860	ENSG00000237668[1,1,1]	0	-	36881388	36881388	0	1	472,	0,	chr22	36881438	36881810	retro_human_2632|RPS15AP38-201|processed_pseudogene	0	-	RPS15AP38	372
chr22	39192894	39193757	ENSG00000229598[1,1,1]	0	-	39192894	39192894	0	1	863,	0,	chr22	39192944	39193707	retro_human_7737|PRDX3P1-201|processed_pseudogene	0	-	PRDX3P1	763
chr22	39590599	39590973	ENSG00000226024[1,1,1]	0	-	39590599	39590599	0	1	374,	0,	chr22	39590649	39590923	retro_human_1640|COX5BP7-201|processed_pseudogene	0	-	COX5BP7	274
chr22	40440313	40442226	ENSG00000100351[5,7,2]	0	+	40440462	40442070	0	2	209,333,	0,1580,	chr22	40441822	40442055	retro_human_7026	0	+	GRAP2	233
chr22	41145398	41146466	ENSG00000231907[1,1,1]	0	-	41145398	41145398	0	1	1068,	0,	chr22	41145448	41146416	retro_human_7733|GAPDHP37-201|processed_pseudogene	0	-	GAPDHP37	968
chr22	41538943	41539625	ENSG00000237214[1,1,1]	0	+	41538943	41538943	0	1	682,	0,	chr22	41538993	41539575	retro_human_1638|AL080243.2-201|processed_pseudogene	0	+	RPS9P2	582
chr22	42188117	42188482	ENSG00000231261[1,1,1]	0	-	42188117	42188117	0	1	365,	0,	chr22	42188167	42188432	retro_human_8499|HMGN2P10-201|processed_pseudogene	0	-	HMGN2P10	265
chr22	42587311	42588600	ENSG00000213790[1,1,1]	0	-	42587311	42587311	0	1	1289,	0,	chr22	42587361	42588550	retro_human_2274|OLA1P1-201|processed_pseudogene	0	-	OLA1P1	1189
chr22	43257297	43258288	ENSG00000234009[1,1,1]	0	-	43257297	43257297	0	1	991,	0,	chr22	43257347	43258238	retro_human_2277|RPL5P34-201|processed_pseudogene	0	-	RPL5P34	891
chr22	43334268	43334765	ENSG00000226989[1,1,1]	0	-	43334384	43334693	0	1	497,	0,	chr22	43334318	43334715	retro_human_4671|AL049758.1-201|processed_pseudogene	0	-	LOC692246	397
chr22	43573314	43573772	ENSG00000234735[1,1,1]	0	+	43573314	43573314	0	1	458,	0,	chr22	43573364	43573722	retro_human_1649|AL022237.1-201|processed_pseudogene	0	+	RPS25P10	358
chr22	44285382	44285712	ENSG00000180150[1,1,1]	0	+	44285382	44285382	0	1	330,	0,	chr22	44285433	44285662	retro_human_1642|HMGN2P9-201|processed_pseudogene	0	+	HMGN2P9	229
chr22	44440121	44440543	ENSG00000224856[1,1,1]	0	+	44440171	44440441	0	1	422,	0,	chr22	44440171	44440493	retro_human_1594|AL035398.1-201|processed_pseudogene	0	+	RPL35AP36	322
chr22	46277072	46278391	ENSG00000235347[1,1,1]	0	-	46277072	46277072	0	1	1319,	0,	chr22	46277122	46278341	retro_human_5983|Z84478.1-201|processed_pseudogene	0	-	LOC100113375	1219
chr22	51268122	51268982	ENSG00000213683[1,1,1]	0	-	51268122	51268122	0	1	860,	0,	chr22	51268172	51268932	retro_human_10563|AC002056.1-201|processed_pseudogene	0	-	LOC150417	760
chr22	51312134	51313120	ENSG00000184319[3,1,2]	0	+	51312134	51312134	0	1	986,	0,	chr22	51312286	51312645	retro_human_4140	0	+	RPL23AP82	359
