chr1	809162	809629	ENSG00000223663[1,1,1]	0	+	809162	809162	0	1	467,	0,	chr1	809212	809579	retro_human_7358|NDUFB4P8-201|processed_pseudogene	0	+	intergenic	367
chr1	1106379	1107901	ENSG00000269737[1,1,1]	0	+	1106379	1106379	0	1	1522,	0,	chr1	1106429	1107851	AL691432.1-201|transcribed_processed_pseudogene	0	+	intergenic	1422
chr1	1106548	1108482	ENSG00000269737[3,1,3]	0	+	1106548	1106548	0	1	1934,	0,	chr1	1106429	1107851	AL691432.1-201|transcribed_processed_pseudogene	0	+	intergenic	1303
chr1	18415442	18415765	ENSG00000225478[1,1,1]	0	+	18415442	18415442	0	1	323,	0,	chr1	18415492	18415715	AL031737.1-201|processed_pseudogene	0	+	intergenic	223
chr1	44715105	44715367	ENSG00000226499[1,1,1]	0	-	44715105	44715105	0	1	262,	0,	chr1	44715155	44715317	AL136380.1-201|processed_pseudogene	0	-	intergenic	162
chr1	45658410	45659191	ENSG00000236111[1,1,1]	0	+	45658410	45658410	0	1	781,	0,	chr1	45658460	45659141	retro_human_6385|AL603882.1-201|processed_pseudogene	0	+	intergenic	681
chr1	48375980	48376554	ENSG00000232514[1,1,1]	0	-	48375980	48375980	0	1	574,	0,	chr1	48376030	48376504	retro_human_6081|AL356968.1-201|processed_pseudogene	0	-	intergenic	474
chr1	58508759	58509549	ENSG00000185839[1,1,1]	0	-	58508759	58508759	0	1	790,	0,	chr1	58508809	58509499	retro_human_2321|AL035411.1-201|processed_pseudogene	0	-	intergenic	690
chr1	67438560	67439034	ENSG00000238139[1,1,1]	0	+	67438560	67438560	0	1	474,	0,	chr1	67438610	67438984	AL590559.1-201|processed_pseudogene	0	+	intergenic	374
chr1	78505076	78505600	ENSG00000238015[1,1,1]	0	+	78505076	78505076	0	1	524,	0,	chr1	78505126	78505550	retro_human_6613|AC104837.2-201|processed_pseudogene	0	+	intergenic	424
chr1	86624890	86625545	ENSG00000230721[1,1,1]	0	+	86624890	86624890	0	1	655,	0,	chr1	86624940	86625495	retro_human_6213|AL049597.1-201|processed_pseudogene	0	+	intergenic	555
chr1	93769478	93769978	ENSG00000223490[1,1,1]	0	-	93769478	93769478	0	1	500,	0,	chr1	93769528	93769928	CHCHD2P5-201|processed_pseudogene	0	-	intergenic	400
chr1	94464347	94668406	ENSG00000224081[2,9,5]	0	-	94464347	94464347	0	5	770,1891,122,183,406,	0,6417,22128,63137,203653,	chr1	94461859	94668322	SLC44A3-AS1-215|transcribed_processed_pseudogene	0	-	intergenic	203975
chr1	94464347	94668406	ENSG00000224081[2,9,5]	0	-	94464347	94464347	0	5	770,1891,122,183,406,	0,6417,22128,63137,203653,	chr1	94464398	94668356	SLC44A3-AS1-219|transcribed_processed_pseudogene	0	-	intergenic	203958
chr1	94464347	94668406	ENSG00000224081[2,9,5]	0	-	94464347	94464347	0	5	770,1891,122,183,406,	0,6417,22128,63137,203653,	chr1	94464422	94668311	SLC44A3-AS1-217|transcribed_processed_pseudogene	0	-	intergenic	203889
chr1	94464347	94668406	ENSG00000224081[2,9,5]	0	-	94464347	94464347	0	5	770,1891,122,183,406,	0,6417,22128,63137,203653,	chr1	94464435	94668104	SLC44A3-AS1-218|transcribed_processed_pseudogene	0	-	intergenic	203669
chr1	94464347	94668406	ENSG00000224081[2,9,5]	0	-	94464347	94464347	0	5	770,1891,122,183,406,	0,6417,22128,63137,203653,	chr1	94464437	94668202	SLC44A3-AS1-216|transcribed_processed_pseudogene	0	-	intergenic	203765
chr1	94464347	94668406	ENSG00000224081[2,9,5]	0	-	94464347	94464347	0	5	770,1891,122,183,406,	0,6417,22128,63137,203653,	chr1	94464451	94703452	SLC44A3-AS1-213|transcribed_processed_pseudogene	0	-	intergenic	203955
chr1	94464347	94668406	ENSG00000224081[2,9,5]	0	-	94464347	94464347	0	5	770,1891,122,183,406,	0,6417,22128,63137,203653,	chr1	94486499	94668141	SLC44A3-AS1-209|transcribed_processed_pseudogene	0	-	intergenic	181642
chr1	94464347	94668406	ENSG00000224081[2,9,5]	0	-	94464347	94464347	0	5	770,1891,122,183,406,	0,6417,22128,63137,203653,	chr1	94505585	94668326	SLC44A3-AS1-210|transcribed_processed_pseudogene	0	-	intergenic	162741
chr1	94464347	94668406	ENSG00000224081[2,9,5]	0	-	94464347	94464347	0	5	770,1891,122,183,406,	0,6417,22128,63137,203653,	chr1	94520953	94668237	SLC44A3-AS1-207|transcribed_processed_pseudogene	0	-	intergenic	147284
chr1	94464347	94668406	ENSG00000224081[2,9,5]	0	-	94464347	94464347	0	5	770,1891,122,183,406,	0,6417,22128,63137,203653,	chr1	94521185	94668264	SLC44A3-AS1-203|transcribed_processed_pseudogene	0	-	intergenic	147079
chr1	94464347	94668406	ENSG00000224081[2,9,5]	0	-	94464347	94464347	0	5	770,1891,122,183,406,	0,6417,22128,63137,203653,	chr1	94527484	94668255	SLC44A3-AS1-201|transcribed_processed_pseudogene	0	-	intergenic	140771
chr1	94464347	94668406	ENSG00000224081[2,9,5]	0	-	94464347	94464347	0	5	770,1891,122,183,406,	0,6417,22128,63137,203653,	chr1	94527639	94668264	SLC44A3-AS1-202|transcribed_processed_pseudogene	0	-	intergenic	140625
chr1	94464347	94668406	ENSG00000224081[2,9,5]	0	-	94464347	94464347	0	5	770,1891,122,183,406,	0,6417,22128,63137,203653,	chr1	94579763	94668237	SLC44A3-AS1-214|transcribed_processed_pseudogene	0	-	intergenic	88474
chr1	94464347	94668406	ENSG00000224081[2,10,5]	0	-	94464347	94464347	0	6	770,182,731,122,183,406,	0,6417,7577,22128,63137,203653,	chr1	94461859	94668322	SLC44A3-AS1-215|transcribed_processed_pseudogene	0	-	intergenic	203975
chr1	94464347	94668406	ENSG00000224081[2,10,5]	0	-	94464347	94464347	0	6	770,182,731,122,183,406,	0,6417,7577,22128,63137,203653,	chr1	94464398	94668356	SLC44A3-AS1-219|transcribed_processed_pseudogene	0	-	intergenic	203958
chr1	94464347	94668406	ENSG00000224081[2,10,5]	0	-	94464347	94464347	0	6	770,182,731,122,183,406,	0,6417,7577,22128,63137,203653,	chr1	94464422	94668311	SLC44A3-AS1-217|transcribed_processed_pseudogene	0	-	intergenic	203889
chr1	94464347	94668406	ENSG00000224081[2,10,5]	0	-	94464347	94464347	0	6	770,182,731,122,183,406,	0,6417,7577,22128,63137,203653,	chr1	94464435	94668104	SLC44A3-AS1-218|transcribed_processed_pseudogene	0	-	intergenic	203669
chr1	94464347	94668406	ENSG00000224081[2,10,5]	0	-	94464347	94464347	0	6	770,182,731,122,183,406,	0,6417,7577,22128,63137,203653,	chr1	94464437	94668202	SLC44A3-AS1-216|transcribed_processed_pseudogene	0	-	intergenic	203765
chr1	94464347	94668406	ENSG00000224081[2,10,5]	0	-	94464347	94464347	0	6	770,182,731,122,183,406,	0,6417,7577,22128,63137,203653,	chr1	94464451	94703452	SLC44A3-AS1-213|transcribed_processed_pseudogene	0	-	intergenic	203955
chr1	94464347	94668406	ENSG00000224081[2,10,5]	0	-	94464347	94464347	0	6	770,182,731,122,183,406,	0,6417,7577,22128,63137,203653,	chr1	94486499	94668141	SLC44A3-AS1-209|transcribed_processed_pseudogene	0	-	intergenic	181642
chr1	94464347	94668406	ENSG00000224081[2,10,5]	0	-	94464347	94464347	0	6	770,182,731,122,183,406,	0,6417,7577,22128,63137,203653,	chr1	94505585	94668326	SLC44A3-AS1-210|transcribed_processed_pseudogene	0	-	intergenic	162741
chr1	94464347	94668406	ENSG00000224081[2,10,5]	0	-	94464347	94464347	0	6	770,182,731,122,183,406,	0,6417,7577,22128,63137,203653,	chr1	94520953	94668237	SLC44A3-AS1-207|transcribed_processed_pseudogene	0	-	intergenic	147284
chr1	94464347	94668406	ENSG00000224081[2,10,5]	0	-	94464347	94464347	0	6	770,182,731,122,183,406,	0,6417,7577,22128,63137,203653,	chr1	94521185	94668264	SLC44A3-AS1-203|transcribed_processed_pseudogene	0	-	intergenic	147079
chr1	94464347	94668406	ENSG00000224081[2,10,5]	0	-	94464347	94464347	0	6	770,182,731,122,183,406,	0,6417,7577,22128,63137,203653,	chr1	94527484	94668255	SLC44A3-AS1-201|transcribed_processed_pseudogene	0	-	intergenic	140771
chr1	94464347	94668406	ENSG00000224081[2,10,5]	0	-	94464347	94464347	0	6	770,182,731,122,183,406,	0,6417,7577,22128,63137,203653,	chr1	94527639	94668264	SLC44A3-AS1-202|transcribed_processed_pseudogene	0	-	intergenic	140625
chr1	94464347	94668406	ENSG00000224081[2,10,5]	0	-	94464347	94464347	0	6	770,182,731,122,183,406,	0,6417,7577,22128,63137,203653,	chr1	94579763	94668237	SLC44A3-AS1-214|transcribed_processed_pseudogene	0	-	intergenic	88474
chr1	94464347	94668406	ENSG00000224081[2,2,5]	0	-	94464347	94464347	0	6	770,1891,122,183,180,406,	0,6417,22128,63137,115931,203653,	chr1	94461859	94668322	SLC44A3-AS1-215|transcribed_processed_pseudogene	0	-	intergenic	203975
chr1	94464347	94668406	ENSG00000224081[2,2,5]	0	-	94464347	94464347	0	6	770,1891,122,183,180,406,	0,6417,22128,63137,115931,203653,	chr1	94464398	94668356	SLC44A3-AS1-219|transcribed_processed_pseudogene	0	-	intergenic	203958
chr1	94464347	94668406	ENSG00000224081[2,2,5]	0	-	94464347	94464347	0	6	770,1891,122,183,180,406,	0,6417,22128,63137,115931,203653,	chr1	94464422	94668311	SLC44A3-AS1-217|transcribed_processed_pseudogene	0	-	intergenic	203889
chr1	94464347	94668406	ENSG00000224081[2,2,5]	0	-	94464347	94464347	0	6	770,1891,122,183,180,406,	0,6417,22128,63137,115931,203653,	chr1	94464435	94668104	SLC44A3-AS1-218|transcribed_processed_pseudogene	0	-	intergenic	203669
chr1	94464347	94668406	ENSG00000224081[2,2,5]	0	-	94464347	94464347	0	6	770,1891,122,183,180,406,	0,6417,22128,63137,115931,203653,	chr1	94464437	94668202	SLC44A3-AS1-216|transcribed_processed_pseudogene	0	-	intergenic	203765
chr1	94464347	94668406	ENSG00000224081[2,2,5]	0	-	94464347	94464347	0	6	770,1891,122,183,180,406,	0,6417,22128,63137,115931,203653,	chr1	94464451	94703452	SLC44A3-AS1-213|transcribed_processed_pseudogene	0	-	intergenic	203955
chr1	94464347	94668406	ENSG00000224081[2,2,5]	0	-	94464347	94464347	0	6	770,1891,122,183,180,406,	0,6417,22128,63137,115931,203653,	chr1	94486499	94668141	SLC44A3-AS1-209|transcribed_processed_pseudogene	0	-	intergenic	181642
chr1	94464347	94668406	ENSG00000224081[2,2,5]	0	-	94464347	94464347	0	6	770,1891,122,183,180,406,	0,6417,22128,63137,115931,203653,	chr1	94505585	94668326	SLC44A3-AS1-210|transcribed_processed_pseudogene	0	-	intergenic	162741
chr1	94464347	94668406	ENSG00000224081[2,2,5]	0	-	94464347	94464347	0	6	770,1891,122,183,180,406,	0,6417,22128,63137,115931,203653,	chr1	94520953	94668237	SLC44A3-AS1-207|transcribed_processed_pseudogene	0	-	intergenic	147284
chr1	94464347	94668406	ENSG00000224081[2,2,5]	0	-	94464347	94464347	0	6	770,1891,122,183,180,406,	0,6417,22128,63137,115931,203653,	chr1	94521185	94668264	SLC44A3-AS1-203|transcribed_processed_pseudogene	0	-	intergenic	147079
chr1	94464347	94668406	ENSG00000224081[2,2,5]	0	-	94464347	94464347	0	6	770,1891,122,183,180,406,	0,6417,22128,63137,115931,203653,	chr1	94527484	94668255	SLC44A3-AS1-201|transcribed_processed_pseudogene	0	-	intergenic	140771
chr1	94464347	94668406	ENSG00000224081[2,2,5]	0	-	94464347	94464347	0	6	770,1891,122,183,180,406,	0,6417,22128,63137,115931,203653,	chr1	94527639	94668264	SLC44A3-AS1-202|transcribed_processed_pseudogene	0	-	intergenic	140625
chr1	94464347	94668406	ENSG00000224081[2,2,5]	0	-	94464347	94464347	0	6	770,1891,122,183,180,406,	0,6417,22128,63137,115931,203653,	chr1	94579763	94668237	SLC44A3-AS1-214|transcribed_processed_pseudogene	0	-	intergenic	88474
chr1	94505535	94668406	ENSG00000224081[2,13,8]	0	-	94505535	94505535	0	5	573,183,119,180,406,	0,21949,47932,74743,162465,	chr1	94461859	94668322	SLC44A3-AS1-215|transcribed_processed_pseudogene	0	-	intergenic	162787
chr1	94505535	94668406	ENSG00000224081[2,13,8]	0	-	94505535	94505535	0	5	573,183,119,180,406,	0,21949,47932,74743,162465,	chr1	94464398	94668356	SLC44A3-AS1-219|transcribed_processed_pseudogene	0	-	intergenic	162821
chr1	94505535	94668406	ENSG00000224081[2,13,8]	0	-	94505535	94505535	0	5	573,183,119,180,406,	0,21949,47932,74743,162465,	chr1	94464422	94668311	SLC44A3-AS1-217|transcribed_processed_pseudogene	0	-	intergenic	162776
chr1	94505535	94668406	ENSG00000224081[2,13,8]	0	-	94505535	94505535	0	5	573,183,119,180,406,	0,21949,47932,74743,162465,	chr1	94464435	94668104	SLC44A3-AS1-218|transcribed_processed_pseudogene	0	-	intergenic	162569
chr1	94505535	94668406	ENSG00000224081[2,13,8]	0	-	94505535	94505535	0	5	573,183,119,180,406,	0,21949,47932,74743,162465,	chr1	94464437	94668202	SLC44A3-AS1-216|transcribed_processed_pseudogene	0	-	intergenic	162667
chr1	94505535	94668406	ENSG00000224081[2,13,8]	0	-	94505535	94505535	0	5	573,183,119,180,406,	0,21949,47932,74743,162465,	chr1	94464451	94703452	SLC44A3-AS1-213|transcribed_processed_pseudogene	0	-	intergenic	162871
chr1	94505535	94668406	ENSG00000224081[2,13,8]	0	-	94505535	94505535	0	5	573,183,119,180,406,	0,21949,47932,74743,162465,	chr1	94486499	94668141	SLC44A3-AS1-209|transcribed_processed_pseudogene	0	-	intergenic	162606
chr1	94505535	94668406	ENSG00000224081[2,13,8]	0	-	94505535	94505535	0	5	573,183,119,180,406,	0,21949,47932,74743,162465,	chr1	94505585	94668326	SLC44A3-AS1-210|transcribed_processed_pseudogene	0	-	intergenic	162741
chr1	94505535	94668406	ENSG00000224081[2,13,8]	0	-	94505535	94505535	0	5	573,183,119,180,406,	0,21949,47932,74743,162465,	chr1	94520953	94668237	SLC44A3-AS1-207|transcribed_processed_pseudogene	0	-	intergenic	147284
chr1	94505535	94668406	ENSG00000224081[2,13,8]	0	-	94505535	94505535	0	5	573,183,119,180,406,	0,21949,47932,74743,162465,	chr1	94521185	94668264	SLC44A3-AS1-203|transcribed_processed_pseudogene	0	-	intergenic	147079
chr1	94505535	94668406	ENSG00000224081[2,13,8]	0	-	94505535	94505535	0	5	573,183,119,180,406,	0,21949,47932,74743,162465,	chr1	94527484	94668255	SLC44A3-AS1-201|transcribed_processed_pseudogene	0	-	intergenic	140771
chr1	94505535	94668406	ENSG00000224081[2,13,8]	0	-	94505535	94505535	0	5	573,183,119,180,406,	0,21949,47932,74743,162465,	chr1	94527639	94668264	SLC44A3-AS1-202|transcribed_processed_pseudogene	0	-	intergenic	140625
chr1	94505535	94668406	ENSG00000224081[2,13,8]	0	-	94505535	94505535	0	5	573,183,119,180,406,	0,21949,47932,74743,162465,	chr1	94579763	94668237	SLC44A3-AS1-214|transcribed_processed_pseudogene	0	-	intergenic	88474
chr1	94520903	94668406	ENSG00000224081[2,11,2]	0	-	94520903	94520903	0	4	425,183,119,406,	0,6581,32564,147097,	chr1	94461859	94668322	SLC44A3-AS1-215|transcribed_processed_pseudogene	0	-	intergenic	147419
chr1	94520903	94668406	ENSG00000224081[2,11,2]	0	-	94520903	94520903	0	4	425,183,119,406,	0,6581,32564,147097,	chr1	94464398	94668356	SLC44A3-AS1-219|transcribed_processed_pseudogene	0	-	intergenic	147453
chr1	94520903	94668406	ENSG00000224081[2,11,2]	0	-	94520903	94520903	0	4	425,183,119,406,	0,6581,32564,147097,	chr1	94464422	94668311	SLC44A3-AS1-217|transcribed_processed_pseudogene	0	-	intergenic	147408
chr1	94520903	94668406	ENSG00000224081[2,11,2]	0	-	94520903	94520903	0	4	425,183,119,406,	0,6581,32564,147097,	chr1	94464435	94668104	SLC44A3-AS1-218|transcribed_processed_pseudogene	0	-	intergenic	147201
chr1	94520903	94668406	ENSG00000224081[2,11,2]	0	-	94520903	94520903	0	4	425,183,119,406,	0,6581,32564,147097,	chr1	94464437	94668202	SLC44A3-AS1-216|transcribed_processed_pseudogene	0	-	intergenic	147299
chr1	94520903	94668406	ENSG00000224081[2,11,2]	0	-	94520903	94520903	0	4	425,183,119,406,	0,6581,32564,147097,	chr1	94464451	94703452	SLC44A3-AS1-213|transcribed_processed_pseudogene	0	-	intergenic	147503
chr1	94520903	94668406	ENSG00000224081[2,11,2]	0	-	94520903	94520903	0	4	425,183,119,406,	0,6581,32564,147097,	chr1	94486499	94668141	SLC44A3-AS1-209|transcribed_processed_pseudogene	0	-	intergenic	147238
chr1	94520903	94668406	ENSG00000224081[2,11,2]	0	-	94520903	94520903	0	4	425,183,119,406,	0,6581,32564,147097,	chr1	94505585	94668326	SLC44A3-AS1-210|transcribed_processed_pseudogene	0	-	intergenic	147423
chr1	94520903	94668406	ENSG00000224081[2,11,2]	0	-	94520903	94520903	0	4	425,183,119,406,	0,6581,32564,147097,	chr1	94520953	94668237	SLC44A3-AS1-207|transcribed_processed_pseudogene	0	-	intergenic	147284
chr1	94520903	94668406	ENSG00000224081[2,11,2]	0	-	94520903	94520903	0	4	425,183,119,406,	0,6581,32564,147097,	chr1	94521185	94668264	SLC44A3-AS1-203|transcribed_processed_pseudogene	0	-	intergenic	147079
chr1	94520903	94668406	ENSG00000224081[2,11,2]	0	-	94520903	94520903	0	4	425,183,119,406,	0,6581,32564,147097,	chr1	94527484	94668255	SLC44A3-AS1-201|transcribed_processed_pseudogene	0	-	intergenic	140771
chr1	94520903	94668406	ENSG00000224081[2,11,2]	0	-	94520903	94520903	0	4	425,183,119,406,	0,6581,32564,147097,	chr1	94527639	94668264	SLC44A3-AS1-202|transcribed_processed_pseudogene	0	-	intergenic	140625
chr1	94520903	94668406	ENSG00000224081[2,11,2]	0	-	94520903	94520903	0	4	425,183,119,406,	0,6581,32564,147097,	chr1	94579763	94668237	SLC44A3-AS1-214|transcribed_processed_pseudogene	0	-	intergenic	88474
chr1	94527434	94668406	ENSG00000224081[2,8,11]	0	-	94527434	94527434	0	2	233,406,	0,140566,	chr1	94461859	94668322	SLC44A3-AS1-215|transcribed_processed_pseudogene	0	-	intergenic	140888
chr1	94527434	94668406	ENSG00000224081[2,8,11]	0	-	94527434	94527434	0	2	233,406,	0,140566,	chr1	94464398	94668356	SLC44A3-AS1-219|transcribed_processed_pseudogene	0	-	intergenic	140922
chr1	94527434	94668406	ENSG00000224081[2,8,11]	0	-	94527434	94527434	0	2	233,406,	0,140566,	chr1	94464422	94668311	SLC44A3-AS1-217|transcribed_processed_pseudogene	0	-	intergenic	140877
chr1	94527434	94668406	ENSG00000224081[2,8,11]	0	-	94527434	94527434	0	2	233,406,	0,140566,	chr1	94464435	94668104	SLC44A3-AS1-218|transcribed_processed_pseudogene	0	-	intergenic	140670
chr1	94527434	94668406	ENSG00000224081[2,8,11]	0	-	94527434	94527434	0	2	233,406,	0,140566,	chr1	94464437	94668202	SLC44A3-AS1-216|transcribed_processed_pseudogene	0	-	intergenic	140768
chr1	94527434	94668406	ENSG00000224081[2,8,11]	0	-	94527434	94527434	0	2	233,406,	0,140566,	chr1	94464451	94703452	SLC44A3-AS1-213|transcribed_processed_pseudogene	0	-	intergenic	140972
chr1	94527434	94668406	ENSG00000224081[2,8,11]	0	-	94527434	94527434	0	2	233,406,	0,140566,	chr1	94486499	94668141	SLC44A3-AS1-209|transcribed_processed_pseudogene	0	-	intergenic	140707
chr1	94527434	94668406	ENSG00000224081[2,8,11]	0	-	94527434	94527434	0	2	233,406,	0,140566,	chr1	94505585	94668326	SLC44A3-AS1-210|transcribed_processed_pseudogene	0	-	intergenic	140892
chr1	94527434	94668406	ENSG00000224081[2,8,11]	0	-	94527434	94527434	0	2	233,406,	0,140566,	chr1	94520953	94668237	SLC44A3-AS1-207|transcribed_processed_pseudogene	0	-	intergenic	140803
chr1	94527434	94668406	ENSG00000224081[2,8,11]	0	-	94527434	94527434	0	2	233,406,	0,140566,	chr1	94521185	94668264	SLC44A3-AS1-203|transcribed_processed_pseudogene	0	-	intergenic	140830
chr1	94527434	94668406	ENSG00000224081[2,8,11]	0	-	94527434	94527434	0	2	233,406,	0,140566,	chr1	94527484	94668255	SLC44A3-AS1-201|transcribed_processed_pseudogene	0	-	intergenic	140771
chr1	94527434	94668406	ENSG00000224081[2,8,11]	0	-	94527434	94527434	0	2	233,406,	0,140566,	chr1	94527639	94668264	SLC44A3-AS1-202|transcribed_processed_pseudogene	0	-	intergenic	140625
chr1	94527434	94668406	ENSG00000224081[2,8,11]	0	-	94527434	94527434	0	2	233,406,	0,140566,	chr1	94579763	94668237	SLC44A3-AS1-214|transcribed_processed_pseudogene	0	-	intergenic	88474
chr1	94668336	94743653	ENSG00000143036[1,12,1]	0	+	94668496	94743275	255	15	187,108,143,137,94,161,90,125,187,166,157,84,138,237,480,	0,657,4188,7201,8187,17405,19642,21694,24972,37029,44441,47032,71149,72300,74837,	chr1	94684778	94703457	SLC44A3-AS1-204|transcribed_processed_pseudogene	0	-	intergenic	18679
chr1	94668336	94743653	ENSG00000143036[1,12,1]	0	+	94668496	94743275	255	15	187,108,143,137,94,161,90,125,187,166,157,84,138,237,480,	0,657,4188,7201,8187,17405,19642,21694,24972,37029,44441,47032,71149,72300,74837,	chr1	94691138	94703457	SLC44A3-AS1-212|transcribed_processed_pseudogene	0	-	intergenic	12319
chr1	94668336	94743653	ENSG00000143036[1,12,1]	0	+	94668496	94743275	255	15	187,108,143,137,94,161,90,125,187,166,157,84,138,237,480,	0,657,4188,7201,8187,17405,19642,21694,24972,37029,44441,47032,71149,72300,74837,	chr1	94464451	94703452	SLC44A3-AS1-213|transcribed_processed_pseudogene	0	-	intergenic	35116
chr1	94668336	94743459	ENSG00000143036[1,12,2]	0	+	94668496	94743275	255	15	187,108,143,137,94,161,90,125,187,166,157,84,138,237,286,	0,657,4188,7201,8187,17405,19642,21694,24972,37029,44441,47032,71149,72300,74837,	chr1	94684778	94703457	SLC44A3-AS1-204|transcribed_processed_pseudogene	0	-	intergenic	18679
chr1	94668336	94743459	ENSG00000143036[1,12,2]	0	+	94668496	94743275	255	15	187,108,143,137,94,161,90,125,187,166,157,84,138,237,286,	0,657,4188,7201,8187,17405,19642,21694,24972,37029,44441,47032,71149,72300,74837,	chr1	94691138	94703457	SLC44A3-AS1-212|transcribed_processed_pseudogene	0	-	intergenic	12319
chr1	94668336	94743459	ENSG00000143036[1,12,2]	0	+	94668496	94743275	255	15	187,108,143,137,94,161,90,125,187,166,157,84,138,237,286,	0,657,4188,7201,8187,17405,19642,21694,24972,37029,44441,47032,71149,72300,74837,	chr1	94464451	94703452	SLC44A3-AS1-213|transcribed_processed_pseudogene	0	-	intergenic	35116
chr1	94668336	94743653	ENSG00000143036[1,11,1]	0	+	94668496	94743275	255	15	187,108,143,41,94,161,90,125,187,166,157,87,138,237,480,	0,657,4188,7201,8187,17405,19642,21694,24972,37029,44441,47029,71149,72300,74837,	chr1	94684778	94703457	SLC44A3-AS1-204|transcribed_processed_pseudogene	0	-	intergenic	18679
chr1	94668336	94743653	ENSG00000143036[1,11,1]	0	+	94668496	94743275	255	15	187,108,143,41,94,161,90,125,187,166,157,87,138,237,480,	0,657,4188,7201,8187,17405,19642,21694,24972,37029,44441,47029,71149,72300,74837,	chr1	94691138	94703457	SLC44A3-AS1-212|transcribed_processed_pseudogene	0	-	intergenic	12319
chr1	94668336	94743653	ENSG00000143036[1,11,1]	0	+	94668496	94743275	255	15	187,108,143,41,94,161,90,125,187,166,157,87,138,237,480,	0,657,4188,7201,8187,17405,19642,21694,24972,37029,44441,47029,71149,72300,74837,	chr1	94464451	94703452	SLC44A3-AS1-213|transcribed_processed_pseudogene	0	-	intergenic	35116
chr1	94668336	94743459	ENSG00000143036[1,11,2]	0	+	94668496	94743275	255	15	187,108,143,41,94,161,90,125,187,166,157,87,138,237,286,	0,657,4188,7201,8187,17405,19642,21694,24972,37029,44441,47029,71149,72300,74837,	chr1	94684778	94703457	SLC44A3-AS1-204|transcribed_processed_pseudogene	0	-	intergenic	18679
chr1	94668336	94743459	ENSG00000143036[1,11,2]	0	+	94668496	94743275	255	15	187,108,143,41,94,161,90,125,187,166,157,87,138,237,286,	0,657,4188,7201,8187,17405,19642,21694,24972,37029,44441,47029,71149,72300,74837,	chr1	94691138	94703457	SLC44A3-AS1-212|transcribed_processed_pseudogene	0	-	intergenic	12319
chr1	94668336	94743459	ENSG00000143036[1,11,2]	0	+	94668496	94743275	255	15	187,108,143,41,94,161,90,125,187,166,157,87,138,237,286,	0,657,4188,7201,8187,17405,19642,21694,24972,37029,44441,47029,71149,72300,74837,	chr1	94464451	94703452	SLC44A3-AS1-213|transcribed_processed_pseudogene	0	-	intergenic	35116
chr1	94668336	94743459	ENSG00000143036[1,2,2]	0	+	94668496	94743275	0	15	187,108,143,41,94,161,90,125,187,166,157,84,138,237,286,	0,657,4188,7201,8187,17405,19642,21694,24972,37029,44441,47032,71149,72300,74837,	chr1	94684778	94703457	SLC44A3-AS1-204|transcribed_processed_pseudogene	0	-	intergenic	18679
chr1	94668336	94743459	ENSG00000143036[1,2,2]	0	+	94668496	94743275	0	15	187,108,143,41,94,161,90,125,187,166,157,84,138,237,286,	0,657,4188,7201,8187,17405,19642,21694,24972,37029,44441,47032,71149,72300,74837,	chr1	94691138	94703457	SLC44A3-AS1-212|transcribed_processed_pseudogene	0	-	intergenic	12319
chr1	94668336	94743459	ENSG00000143036[1,2,2]	0	+	94668496	94743275	0	15	187,108,143,41,94,161,90,125,187,166,157,84,138,237,286,	0,657,4188,7201,8187,17405,19642,21694,24972,37029,44441,47032,71149,72300,74837,	chr1	94464451	94703452	SLC44A3-AS1-213|transcribed_processed_pseudogene	0	-	intergenic	35116
chr1	94668336	94743459	ENSG00000143036[1,3,2]	0	+	94668496	94743275	0	14	187,143,41,94,161,90,125,187,166,157,87,138,237,286,	0,4188,7201,8187,17405,19642,21694,24972,37029,44441,47029,71149,72300,74837,	chr1	94684778	94703457	SLC44A3-AS1-204|transcribed_processed_pseudogene	0	-	intergenic	18679
chr1	94668336	94743459	ENSG00000143036[1,3,2]	0	+	94668496	94743275	0	14	187,143,41,94,161,90,125,187,166,157,87,138,237,286,	0,4188,7201,8187,17405,19642,21694,24972,37029,44441,47029,71149,72300,74837,	chr1	94691138	94703457	SLC44A3-AS1-212|transcribed_processed_pseudogene	0	-	intergenic	12319
chr1	94668336	94743459	ENSG00000143036[1,3,2]	0	+	94668496	94743275	0	14	187,143,41,94,161,90,125,187,166,157,87,138,237,286,	0,4188,7201,8187,17405,19642,21694,24972,37029,44441,47029,71149,72300,74837,	chr1	94464451	94703452	SLC44A3-AS1-213|transcribed_processed_pseudogene	0	-	intergenic	35116
chr1	94668336	94743653	ENSG00000143036[1,4,1]	0	+	94668496	94743275	0	14	187,143,137,94,161,90,125,187,166,157,87,138,237,480,	0,4188,7201,8187,17405,19642,21694,24972,37029,44441,47029,71149,72300,74837,	chr1	94684778	94703457	SLC44A3-AS1-204|transcribed_processed_pseudogene	0	-	intergenic	18679
chr1	94668336	94743653	ENSG00000143036[1,4,1]	0	+	94668496	94743275	0	14	187,143,137,94,161,90,125,187,166,157,87,138,237,480,	0,4188,7201,8187,17405,19642,21694,24972,37029,44441,47029,71149,72300,74837,	chr1	94691138	94703457	SLC44A3-AS1-212|transcribed_processed_pseudogene	0	-	intergenic	12319
chr1	94668336	94743653	ENSG00000143036[1,4,1]	0	+	94668496	94743275	0	14	187,143,137,94,161,90,125,187,166,157,87,138,237,480,	0,4188,7201,8187,17405,19642,21694,24972,37029,44441,47029,71149,72300,74837,	chr1	94464451	94703452	SLC44A3-AS1-213|transcribed_processed_pseudogene	0	-	intergenic	35116
chr1	94668336	94743459	ENSG00000143036[1,4,2]	0	+	94668496	94743275	0	14	187,143,137,94,161,90,125,187,166,157,87,138,237,286,	0,4188,7201,8187,17405,19642,21694,24972,37029,44441,47029,71149,72300,74837,	chr1	94684778	94703457	SLC44A3-AS1-204|transcribed_processed_pseudogene	0	-	intergenic	18679
chr1	94668336	94743459	ENSG00000143036[1,4,2]	0	+	94668496	94743275	0	14	187,143,137,94,161,90,125,187,166,157,87,138,237,286,	0,4188,7201,8187,17405,19642,21694,24972,37029,44441,47029,71149,72300,74837,	chr1	94691138	94703457	SLC44A3-AS1-212|transcribed_processed_pseudogene	0	-	intergenic	12319
chr1	94668336	94743459	ENSG00000143036[1,4,2]	0	+	94668496	94743275	0	14	187,143,137,94,161,90,125,187,166,157,87,138,237,286,	0,4188,7201,8187,17405,19642,21694,24972,37029,44441,47029,71149,72300,74837,	chr1	94464451	94703452	SLC44A3-AS1-213|transcribed_processed_pseudogene	0	-	intergenic	35116
chr1	94668336	94743459	ENSG00000143036[1,1,2]	0	+	94668496	94743275	0	15	187,108,143,137,94,161,90,125,187,166,157,87,138,237,286,	0,657,4188,7201,8187,17405,19642,21694,24972,37029,44441,47029,71149,72300,74837,	chr1	94684778	94703457	SLC44A3-AS1-204|transcribed_processed_pseudogene	0	-	intergenic	18679
chr1	94668336	94743459	ENSG00000143036[1,1,2]	0	+	94668496	94743275	0	15	187,108,143,137,94,161,90,125,187,166,157,87,138,237,286,	0,657,4188,7201,8187,17405,19642,21694,24972,37029,44441,47029,71149,72300,74837,	chr1	94691138	94703457	SLC44A3-AS1-212|transcribed_processed_pseudogene	0	-	intergenic	12319
chr1	94668336	94743459	ENSG00000143036[1,1,2]	0	+	94668496	94743275	0	15	187,108,143,137,94,161,90,125,187,166,157,87,138,237,286,	0,657,4188,7201,8187,17405,19642,21694,24972,37029,44441,47029,71149,72300,74837,	chr1	94464451	94703452	SLC44A3-AS1-213|transcribed_processed_pseudogene	0	-	intergenic	35116
chr1	94668336	94743653	ENSG00000143036[1,1,1]	0	+	94668496	94743275	0	15	187,108,143,137,94,161,90,125,187,166,157,87,138,237,480,	0,657,4188,7201,8187,17405,19642,21694,24972,37029,44441,47029,71149,72300,74837,	chr1	94684778	94703457	SLC44A3-AS1-204|transcribed_processed_pseudogene	0	-	intergenic	18679
chr1	94668336	94743653	ENSG00000143036[1,1,1]	0	+	94668496	94743275	0	15	187,108,143,137,94,161,90,125,187,166,157,87,138,237,480,	0,657,4188,7201,8187,17405,19642,21694,24972,37029,44441,47029,71149,72300,74837,	chr1	94691138	94703457	SLC44A3-AS1-212|transcribed_processed_pseudogene	0	-	intergenic	12319
chr1	94668336	94743653	ENSG00000143036[1,1,1]	0	+	94668496	94743275	0	15	187,108,143,137,94,161,90,125,187,166,157,87,138,237,480,	0,657,4188,7201,8187,17405,19642,21694,24972,37029,44441,47029,71149,72300,74837,	chr1	94464451	94703452	SLC44A3-AS1-213|transcribed_processed_pseudogene	0	-	intergenic	35116
chr1	94668615	94743459	ENSG00000143036[2,13,2]	0	+	94672533	94743275	255	15	153,108,143,137,94,161,90,125,187,166,157,87,138,237,286,	0,378,3909,6922,7908,17126,19363,21415,24693,36750,44162,46750,70870,72021,74558,	chr1	94684778	94703457	SLC44A3-AS1-204|transcribed_processed_pseudogene	0	-	intergenic	18679
chr1	94668615	94743459	ENSG00000143036[2,13,2]	0	+	94672533	94743275	255	15	153,108,143,137,94,161,90,125,187,166,157,87,138,237,286,	0,378,3909,6922,7908,17126,19363,21415,24693,36750,44162,46750,70870,72021,74558,	chr1	94691138	94703457	SLC44A3-AS1-212|transcribed_processed_pseudogene	0	-	intergenic	12319
chr1	94668615	94743459	ENSG00000143036[2,13,2]	0	+	94672533	94743275	255	15	153,108,143,137,94,161,90,125,187,166,157,87,138,237,286,	0,378,3909,6922,7908,17126,19363,21415,24693,36750,44162,46750,70870,72021,74558,	chr1	94464451	94703452	SLC44A3-AS1-213|transcribed_processed_pseudogene	0	-	intergenic	34837
chr1	94668615	94743459	ENSG00000143036[2,5,2]	0	+	94672533	94743275	0	14	153,143,41,94,161,90,125,187,166,157,87,138,237,286,	0,3909,6922,7908,17126,19363,21415,24693,36750,44162,46750,70870,72021,74558,	chr1	94684778	94703457	SLC44A3-AS1-204|transcribed_processed_pseudogene	0	-	intergenic	18679
chr1	94668615	94743459	ENSG00000143036[2,5,2]	0	+	94672533	94743275	0	14	153,143,41,94,161,90,125,187,166,157,87,138,237,286,	0,3909,6922,7908,17126,19363,21415,24693,36750,44162,46750,70870,72021,74558,	chr1	94691138	94703457	SLC44A3-AS1-212|transcribed_processed_pseudogene	0	-	intergenic	12319
chr1	94668615	94743459	ENSG00000143036[2,5,2]	0	+	94672533	94743275	0	14	153,143,41,94,161,90,125,187,166,157,87,138,237,286,	0,3909,6922,7908,17126,19363,21415,24693,36750,44162,46750,70870,72021,74558,	chr1	94464451	94703452	SLC44A3-AS1-213|transcribed_processed_pseudogene	0	-	intergenic	34837
chr1	94668615	94743459	ENSG00000143036[2,6,2]	0	+	94672533	94743275	0	14	153,143,137,94,161,90,125,187,166,157,87,138,237,286,	0,3909,6922,7908,17126,19363,21415,24693,36750,44162,46750,70870,72021,74558,	chr1	94684778	94703457	SLC44A3-AS1-204|transcribed_processed_pseudogene	0	-	intergenic	18679
chr1	94668615	94743459	ENSG00000143036[2,6,2]	0	+	94672533	94743275	0	14	153,143,137,94,161,90,125,187,166,157,87,138,237,286,	0,3909,6922,7908,17126,19363,21415,24693,36750,44162,46750,70870,72021,74558,	chr1	94691138	94703457	SLC44A3-AS1-212|transcribed_processed_pseudogene	0	-	intergenic	12319
chr1	94668615	94743459	ENSG00000143036[2,6,2]	0	+	94672533	94743275	0	14	153,143,137,94,161,90,125,187,166,157,87,138,237,286,	0,3909,6922,7908,17126,19363,21415,24693,36750,44162,46750,70870,72021,74558,	chr1	94464451	94703452	SLC44A3-AS1-213|transcribed_processed_pseudogene	0	-	intergenic	34837
chr1	94691088	94703507	ENSG00000224081[3,3,4]	0	-	94691088	94691088	0	2	537,233,	0,12186,	chr1	94684778	94703457	SLC44A3-AS1-204|transcribed_processed_pseudogene	0	-	intergenic	12369
chr1	94691088	94703507	ENSG00000224081[3,3,4]	0	-	94691088	94691088	0	2	537,233,	0,12186,	chr1	94691138	94703457	SLC44A3-AS1-212|transcribed_processed_pseudogene	0	-	intergenic	12319
chr1	96238795	96239637	ENSG00000225923[1,1,1]	0	+	96238795	96238795	0	1	842,	0,	chr1	96238845	96239587	retro_human_805|AC092393.1-201|processed_pseudogene	0	+	intergenic	742
chr1	104115361	104169392	ENSG00000215869[1,2,2]	0	+	104115361	104115361	0	2	972,1403,	0,52628,	chr1	104115411	104169342	AC092506.1-201|transcribed_processed_pseudogene	0	+	intergenic	53931
chr1	104115361	104169392	ENSG00000215869[1,2,2]	0	+	104115361	104115361	0	2	972,1403,	0,52628,	chr1	104116279	104168273	AC092506.1-205|transcribed_processed_pseudogene	0	+	intergenic	51994
chr1	104115361	104169392	ENSG00000215869[1,2,2]	0	+	104115361	104115361	0	2	972,1403,	0,52628,	chr1	104115598	104269092	AC092506.1-204|transcribed_processed_pseudogene	0	+	intergenic	53794
chr1	108541679	108542445	ENSG00000226483[1,1,1]	0	+	108541679	108541679	0	1	766,	0,	chr1	108541729	108542395	retro_human_5372|AL392088.1-201|processed_pseudogene	0	+	intergenic	666
chr1	111452147	111452771	ENSG00000233337[1,1,1]	0	+	111452147	111452147	0	1	624,	0,	chr1	111452197	111452721	retro_human_8213|UBE2FP3-201|processed_pseudogene	0	+	intergenic	524
chr1	146965255	146966753	ENSG00000223728[1,1,1]	0	-	146966753	146966753	0	1	1498,	0,	chr1	146965305	146966703	retro_human_10889|AC239801.1-201|processed_pseudogene	0	-	intergenic	1398
chr1	156195995	156197626	ENSG00000237842[1,1,1]	0	-	156195995	156195995	0	1	1631,	0,	chr1	156196045	156197576	retro_human_3832|SMU1P1-201|processed_pseudogene	0	-	intergenic	1531
chr1	161029106	161029621	ENSG00000213075[1,1,2]	0	-	161029106	161029106	0	1	515,	0,	chr1	161028012	161029571	retro_human_5977|RPL31P11-201|transcribed_processed_pseudogene	0	-	intergenic	465
chr1	161029106	161029621	ENSG00000213075[1,1,2]	0	-	161029106	161029106	0	1	515,	0,	chr1	161029156	161029528	RPL31P11-202|transcribed_processed_pseudogene	0	-	intergenic	372
chr1	163702501	163703199	ENSG00000213070[1,1,1]	0	+	163702501	163702501	0	1	698,	0,	chr1	163702551	163703149	retro_human_8960|HMGB3P6-201|processed_pseudogene	0	+	intergenic	598
chr1	166880519	166905310	ENSG00000143162[1,2,2]	0	-	166884743	166905196	0	5	1189,135,185,120,468,	0,4195,17037,18938,24323,	chr1	166897565	166905031	retro_human_7729	0	-	intergenic	7466
chr1	166880959	166905310	ENSG00000143162[1,2,3]	0	-	166884743	166905196	0	5	749,135,185,120,468,	0,3755,16597,18498,23883,	chr1	166897565	166905031	retro_human_7729	0	-	intergenic	7466
chr1	166880959	166905310	ENSG00000143162[1,1,3]	0	-	166893757	166905196	0	4	12799,185,120,468,	0,16597,18498,23883,	chr1	166897565	166905031	retro_human_7729	0	-	intergenic	7466
chr1	166892419	166905310	ENSG00000143162[1,4,1]	0	-	166893757	166905196	255	4	1339,185,117,468,	0,5137,7038,12423,	chr1	166897565	166905031	retro_human_7729	0	-	intergenic	7466
chr1	166892419	166905310	ENSG00000143162[1,3,1]	0	-	166893757	166905196	255	3	1339,185,468,	0,5137,12423,	chr1	166897565	166905031	retro_human_7729	0	-	intergenic	7466
chr1	166892419	166905310	ENSG00000143162[1,5,1]	0	-	166897555	166905196	255	3	5322,120,468,	0,7038,12423,	chr1	166897565	166905031	retro_human_7729	0	-	intergenic	7466
chr1	166892419	166905310	ENSG00000143162[1,1,1]	0	-	166893757	166905196	0	4	1339,185,120,468,	0,5137,7038,12423,	chr1	166897565	166905031	retro_human_7729	0	-	intergenic	7466
chr1	171039543	171040954	ENSG00000230364[1,1,1]	0	-	171039543	171039543	0	1	1411,	0,	chr1	171039593	171040904	retro_human_1899|RPL4P3-201|processed_pseudogene	0	-	intergenic	1311
chr1	185933017	185934138	ENSG00000228238[1,1,1]	0	+	185933017	185933017	0	1	1121,	0,	chr1	185933067	185934088	retro_human_6966|AL096803.1-201|processed_pseudogene	0	+	intergenic	1021
chr1	196300964	196329134	ENSG00000143278[1,1,3]	0	-	196301204	196329047	0	12	271,214,183,201,183,186,180,177,177,186,201,151,	0,1381,11556,13493,16574,17872,18145,21225,21758,22643,23716,28019,	chr1	196318838	196322343	retro_human_5867	0	-	intergenic	3505
chr1	220941204	220976782	ENSG00000143507[3,3,1]	0	-	220942244	220946081	0	3	1303,372,108,	0,4720,35470,	chr1	220942281	220946147	retro_human_4044	0	-	intergenic	3866
chr1	234488863	234489189	ENSG00000233018[1,1,1]	0	-	234488863	234488863	0	1	326,	0,	chr1	234488913	234489139	retro_human_5729|AL732292.1-201|processed_pseudogene	0	-	intergenic	226
chr1	242386024	242386204	ENSG00000230199[1,1,1]	0	+	242386024	242386024	0	1	180,	0,	chr1	242386074	242386154	AL603825.1-201|processed_pseudogene	0	+	intergenic	80
chr1	246608262	246608632	ENSG00000224014[1,1,1]	0	+	246608262	246608262	0	1	370,	0,	chr1	246608312	246608582	retro_human_130|AL390728.3-201|processed_pseudogene	0	+	intergenic	270
chr1	246631211	246644037	ENSG00000227671[2,5,4]	0	-	246631211	246631211	255	3	1375,127,216,	0,1986,12610,	chr1	246623654	246633327	retro_human_11015	0	-	intergenic	2116
chr1	246631211	246644037	ENSG00000227671[2,2,4]	0	-	246631211	246631211	0	4	1375,127,80,216,	0,1986,3935,12610,	chr1	246623654	246633327	retro_human_11015	0	-	intergenic	2116
chr2	57755913	57765796	ENSG00000271615[1,2,1]	0	+	57755913	57755913	0	2	410,549,	0,9334,	chr2	57755963	57765746	ACTG1P22-202|transcribed_processed_pseudogene	0	+	intergenic	9783
chr2	110406267	110407298	ENSG00000240069[1,1,1]	0	+	110406267	110406267	0	1	1031,	0,	chr2	110406317	110407248	retro_human_9959|GPAA1P1-201|transcribed_processed_pseudogene	0	+	intergenic	931
chr2	110783032	110786262	ENSG00000230650[1,1,1]	0	-	110783032	110783032	0	1	3230,	0,	chr2	110783082	110786212	retro_human_9073|AC140479.2-201|processed_pseudogene	0	-	intergenic	3130
chr2	114030549	114051868	ENSG00000240356[2,4,3]	0	-	114030549	114030549	255	3	6428,121,663,	0,19787,20656,	chr2	114036413	114051818	RPL23AP7-201|transcribed_processed_pseudogene	0	-	intergenic	15405
chr2	114030549	114051868	ENSG00000240356[2,5,3]	0	-	114030549	114030549	255	3	6428,121,260,	0,19787,21059,	chr2	114036413	114051818	RPL23AP7-201|transcribed_processed_pseudogene	0	-	intergenic	15405
chr2	114030549	114051868	ENSG00000240356[2,2,3]	0	-	114030549	114030549	0	3	6428,121,311,	0,19787,21008,	chr2	114036413	114051818	RPL23AP7-201|transcribed_processed_pseudogene	0	-	intergenic	15405
chr2	114030549	114051868	ENSG00000240356[2,3,3]	0	-	114030549	114030549	0	3	6428,121,103,	0,19787,21216,	chr2	114036413	114051818	RPL23AP7-201|transcribed_processed_pseudogene	0	-	intergenic	15405
chr2	114031376	114051868	ENSG00000240356[2,5,4]	0	-	114031376	114031376	255	3	5601,121,260,	0,18960,20232,	chr2	114036413	114051818	RPL23AP7-201|transcribed_processed_pseudogene	0	-	intergenic	15405
chr2	114035181	114051868	ENSG00000240356[2,4,1]	0	-	114035181	114035181	255	3	1796,121,663,	0,15155,16024,	chr2	114036413	114051818	RPL23AP7-201|transcribed_processed_pseudogene	0	-	intergenic	15405
chr2	114035181	114051868	ENSG00000240356[2,5,1]	0	-	114035181	114035181	255	3	1796,121,260,	0,15155,16427,	chr2	114036413	114051818	RPL23AP7-201|transcribed_processed_pseudogene	0	-	intergenic	15405
chr2	114035181	114051868	ENSG00000240356[2,2,1]	0	-	114035181	114035181	0	3	1796,121,311,	0,15155,16376,	chr2	114036413	114051818	RPL23AP7-201|transcribed_processed_pseudogene	0	-	intergenic	15405
chr2	114035181	114051868	ENSG00000240356[2,3,1]	0	-	114035181	114035181	0	3	1796,121,103,	0,15155,16584,	chr2	114036413	114051818	RPL23AP7-201|transcribed_processed_pseudogene	0	-	intergenic	15405
chr2	114036363	114051868	ENSG00000240356[2,4,2]	0	-	114036363	114036363	255	3	614,121,663,	0,13973,14842,	chr2	114036413	114051818	RPL23AP7-201|transcribed_processed_pseudogene	0	-	intergenic	15405
chr2	114036363	114051868	ENSG00000240356[2,5,2]	0	-	114036363	114036363	255	3	614,121,260,	0,13973,15245,	chr2	114036413	114051818	RPL23AP7-201|transcribed_processed_pseudogene	0	-	intergenic	15405
chr2	114036363	114051868	ENSG00000240356[2,2,2]	0	-	114036363	114036363	0	3	614,121,311,	0,13973,15194,	chr2	114036413	114051818	RPL23AP7-201|transcribed_processed_pseudogene	0	-	intergenic	15405
chr2	114036363	114051868	ENSG00000240356[2,3,2]	0	-	114036363	114036363	0	3	614,121,103,	0,13973,15402,	chr2	114036413	114051818	RPL23AP7-201|transcribed_processed_pseudogene	0	-	intergenic	15405
chr2	128275792	128277050	ENSG00000274010[1,1,1]	0	-	128275792	128275792	0	1	1258,	0,	chr2	128275842	128277000	retro_human_9137|ZFP91P1-201|processed_pseudogene	0	-	intergenic	1158
chr2	131854360	131854580	ENSG00000284659[1,1,1]	0	-	131854360	131854360	0	1	220,	0,	chr2	131854410	131854530	AC073869.6-201|processed_pseudogene	0	-	intergenic	120
chr2	173824390	173842477	ENSG00000236391[2,2,1]	0	-	173824390	173824390	0	2	465,92,	0,17995,	chr2	173824561	173842427	AC092573.1-202|transcribed_processed_pseudogene	0	-	intergenic	17866
chr2	174192198	174192499	ENSG00000237617[1,1,1]	0	-	174192198	174192198	0	1	301,	0,	chr2	174192248	174192449	AC013410.2-201|processed_pseudogene	0	-	intergenic	201
chr2	176826712	176827253	ENSG00000237260[1,1,1]	0	+	176826712	176826712	0	1	541,	0,	chr2	176826762	176827203	retro_human_8638|PPIAP67-201|processed_pseudogene	0	+	intergenic	441
chr2	199592592	199594196	ENSG00000230407[1,1,1]	0	+	199592592	199592592	0	1	1604,	0,	chr2	199592642	199594146	AC018717.1-201|processed_pseudogene	0	+	intergenic	1504
chr2	201327643	201328965	ENSG00000224346[1,1,1]	0	+	201327643	201327643	0	1	1322,	0,	chr2	201327693	201328915	retro_human_2416|BICD1P1-201|processed_pseudogene	0	+	intergenic	1222
chr2	231978096	231979788	ENSG00000283312[1,1,1]	0	-	231978096	231978096	0	1	1692,	0,	chr2	231978146	231979738	AC017104.3-201|processed_pseudogene	0	-	intergenic	1592
chr2	237850013	237905407	ENSG00000163359[1,27,15]	0	-	237862910	237863105	255	17	105,45,27,72,54,93,146,79,338,600,615,606,609,573,585,121,426,	0,222,378,1104,2137,2755,4268,5365,6713,7702,9578,12747,15427,17787,21930,37738,54968,	chr2	237872014	237879199	retro_human_579	0	-	intergenic	7185
chr2	237862595	237905407	ENSG00000163359[1,4,3]	0	-	237862716	237887842	0	8	771,609,573,600,585,603,121,426,	0,2845,5205,7069,9348,16015,25156,42386,	chr2	237872014	237879199	retro_human_579	0	-	intergenic	7185
chr2	237862595	237905407	ENSG00000163359[1,3,3]	0	-	237862716	237887842	0	7	771,609,573,600,585,121,426,	0,2845,5205,7069,9348,25156,42386,	chr2	237872014	237879199	retro_human_579	0	-	intergenic	7185
chr3	1724126	1724631	ENSG00000214074[1,1,1]	0	+	1724126	1724126	0	1	505,	0,	chr3	1724176	1724581	retro_human_2551|RPL23AP39-201|processed_pseudogene	0	+	intergenic	405
chr3	14004305	14067981	ENSG00000180438[4,10,5]	0	+	14004305	14004305	0	3	15294,130,2029,	0,61001,61647,	chr3	14050136	14066166	TPRXL-205|transcribed_processed_pseudogene	0	+	intergenic	16030
chr3	14004305	14067981	ENSG00000180438[4,10,5]	0	+	14004305	14004305	0	3	15294,130,2029,	0,61001,61647,	chr3	13937873	14066165	TPRXL-211|transcribed_processed_pseudogene	0	+	intergenic	61860
chr3	14004305	14067981	ENSG00000180438[4,10,5]	0	+	14004305	14004305	0	3	15294,130,2029,	0,61001,61647,	chr3	13937979	14066140	TPRXL-209|transcribed_processed_pseudogene	0	+	intergenic	61835
chr3	14004305	14067981	ENSG00000180438[4,10,5]	0	+	14004305	14004305	0	3	15294,130,2029,	0,61001,61647,	chr3	13937979	14084758	TPRXL-210|transcribed_processed_pseudogene	0	+	intergenic	63676
chr3	14004305	14067981	ENSG00000180438[4,10,5]	0	+	14004305	14004305	0	3	15294,130,2029,	0,61001,61647,	chr3	13937996	14066256	TPRXL-204|transcribed_processed_pseudogene	0	+	intergenic	61951
chr3	14004305	14067981	ENSG00000180438[4,10,5]	0	+	14004305	14004305	0	3	15294,130,2029,	0,61001,61647,	chr3	13938001	14067931	TPRXL-201|transcribed_processed_pseudogene	0	+	intergenic	63626
chr3	14004305	14067981	ENSG00000180438[4,10,5]	0	+	14004305	14004305	0	3	15294,130,2029,	0,61001,61647,	chr3	13943954	14066088	TPRXL-208|transcribed_processed_pseudogene	0	+	intergenic	61783
chr3	14004305	14067981	ENSG00000180438[4,10,5]	0	+	14004305	14004305	0	3	15294,130,2029,	0,61001,61647,	chr3	14004355	14066233	TPRXL-207|transcribed_processed_pseudogene	0	+	intergenic	61878
chr3	14019150	14067981	ENSG00000180438[5,10,5]	0	+	14019150	14019150	0	3	449,130,2029,	0,46156,46802,	chr3	14050136	14066166	TPRXL-205|transcribed_processed_pseudogene	0	+	intergenic	16030
chr3	14019150	14067981	ENSG00000180438[5,10,5]	0	+	14019150	14019150	0	3	449,130,2029,	0,46156,46802,	chr3	13937873	14066165	TPRXL-211|transcribed_processed_pseudogene	0	+	intergenic	47015
chr3	14019150	14067981	ENSG00000180438[5,10,5]	0	+	14019150	14019150	0	3	449,130,2029,	0,46156,46802,	chr3	13937979	14066140	TPRXL-209|transcribed_processed_pseudogene	0	+	intergenic	46990
chr3	14019150	14067981	ENSG00000180438[5,10,5]	0	+	14019150	14019150	0	3	449,130,2029,	0,46156,46802,	chr3	13937979	14084758	TPRXL-210|transcribed_processed_pseudogene	0	+	intergenic	48831
chr3	14019150	14067981	ENSG00000180438[5,10,5]	0	+	14019150	14019150	0	3	449,130,2029,	0,46156,46802,	chr3	13937996	14066256	TPRXL-204|transcribed_processed_pseudogene	0	+	intergenic	47106
chr3	14019150	14067981	ENSG00000180438[5,10,5]	0	+	14019150	14019150	0	3	449,130,2029,	0,46156,46802,	chr3	13938001	14067931	TPRXL-201|transcribed_processed_pseudogene	0	+	intergenic	48781
chr3	14019150	14067981	ENSG00000180438[5,10,5]	0	+	14019150	14019150	0	3	449,130,2029,	0,46156,46802,	chr3	13943954	14066088	TPRXL-208|transcribed_processed_pseudogene	0	+	intergenic	46938
chr3	14019150	14067981	ENSG00000180438[5,10,5]	0	+	14019150	14019150	0	3	449,130,2029,	0,46156,46802,	chr3	14004355	14066233	TPRXL-207|transcribed_processed_pseudogene	0	+	intergenic	47083
chr3	32752366	32753458	ENSG00000213842[1,1,1]	0	+	32752655	32752904	0	1	1092,	0,	chr3	32752416	32753408	retro_human_2554|SUGT1P2-201|processed_pseudogene	0	+	intergenic	992
chr3	46935138	46935367	ENSG00000273682[1,1,1]	0	-	46935138	46935138	0	1	229,	0,	chr3	46935188	46935317	AC109583.3-201|processed_pseudogene	0	-	intergenic	129
chr3	49388461	49441526	ENSG00000067560[1,19,1]	0	-	49389584	49404972	255	6	1294,131,121,42,158,328,	0,3407,9350,9544,16355,52737,	chr3	49397815	49404954	retro_human_74	0	-	intergenic	7139
chr3	49388461	49441526	ENSG00000067560[1,17,1]	0	-	49389741	49404972	255	4	1294,121,158,328,	0,9350,16355,52737,	chr3	49397815	49404954	retro_human_74	0	-	intergenic	7139
chr3	49388461	49441526	ENSG00000067560[1,15,1]	0	-	49389584	49397845	255	5	1294,131,117,158,328,	0,3407,9350,16355,52737,	chr3	49397815	49404954	retro_human_74	0	-	intergenic	7139
chr3	49388461	49441526	ENSG00000067560[1,18,1]	0	-	49389584	49404972	255	5	1291,131,121,158,328,	0,3407,9350,16355,52737,	chr3	49397815	49404954	retro_human_74	0	-	intergenic	7139
chr3	49388461	49441526	ENSG00000067560[1,14,1]	0	-	49389584	49397845	255	5	1294,131,121,162,328,	0,3407,9350,16351,52737,	chr3	49397815	49404954	retro_human_74	0	-	intergenic	7139
chr3	49388461	49441526	ENSG00000067560[1,3,1]	0	-	49389584	49404972	255	5	1294,131,121,158,825,	0,3407,9350,16355,52240,	chr3	49397815	49404954	retro_human_74	0	-	intergenic	7139
chr3	49388461	49441526	ENSG00000067560[1,16,1]	0	-	49391926	49404972	255	5	1294,131,125,158,328,	0,3407,9346,16355,52737,	chr3	49397815	49404954	retro_human_74	0	-	intergenic	7139
chr3	49388461	49441526	ENSG00000067560[1,13,1]	0	-	49389584	49404972	255	5	1294,131,117,162,328,	0,3407,9350,16351,52737,	chr3	49397815	49404954	retro_human_74	0	-	intergenic	7139
chr3	49388461	49441526	ENSG00000067560[1,5,1]	0	-	49389584	49404972	255	3	1294,158,328,	0,16355,52737,	chr3	49397815	49404954	retro_human_74	0	-	intergenic	7139
chr3	49388461	49441526	ENSG00000067560[1,6,1]	0	-	49391885	49404972	0	4	1294,131,158,328,	0,3407,16355,52737,	chr3	49397815	49404954	retro_human_74	0	-	intergenic	7139
chr3	49388461	49441526	ENSG00000067560[1,8,1]	0	-	49389741	49404972	0	6	1294,139,131,121,158,328,	0,1839,3407,9350,16355,52737,	chr3	49397815	49404954	retro_human_74	0	-	intergenic	7139
chr3	49388461	49441526	ENSG00000067560[1,1,1]	0	-	49389584	49404972	0	5	1294,131,121,158,328,	0,3407,9350,16355,52737,	chr3	49397815	49404954	retro_human_74	0	-	intergenic	7139
chr3	49388819	49441526	ENSG00000067560[1,19,7]	0	-	49389584	49404972	255	6	936,131,121,42,158,328,	0,3049,8992,9186,15997,52379,	chr3	49397815	49404954	retro_human_74	0	-	intergenic	7139
chr3	49388819	49441526	ENSG00000067560[1,17,7]	0	-	49389741	49404972	255	4	936,121,158,328,	0,8992,15997,52379,	chr3	49397815	49404954	retro_human_74	0	-	intergenic	7139
chr3	49388819	49441526	ENSG00000067560[1,15,7]	0	-	49389584	49397845	255	5	936,131,117,158,328,	0,3049,8992,15997,52379,	chr3	49397815	49404954	retro_human_74	0	-	intergenic	7139
chr3	49388819	49441526	ENSG00000067560[1,18,7]	0	-	49389584	49404972	255	5	933,131,121,158,328,	0,3049,8992,15997,52379,	chr3	49397815	49404954	retro_human_74	0	-	intergenic	7139
chr3	49388819	49441526	ENSG00000067560[1,14,7]	0	-	49389584	49397845	255	5	936,131,121,162,328,	0,3049,8992,15993,52379,	chr3	49397815	49404954	retro_human_74	0	-	intergenic	7139
chr3	49388819	49441526	ENSG00000067560[1,16,7]	0	-	49391926	49404972	255	5	936,131,125,158,328,	0,3049,8988,15997,52379,	chr3	49397815	49404954	retro_human_74	0	-	intergenic	7139
chr3	49388819	49441526	ENSG00000067560[1,13,7]	0	-	49389584	49404972	255	5	936,131,117,162,328,	0,3049,8992,15993,52379,	chr3	49397815	49404954	retro_human_74	0	-	intergenic	7139
chr3	49388819	49441526	ENSG00000067560[1,5,7]	0	-	49389584	49404972	255	3	936,158,328,	0,15997,52379,	chr3	49397815	49404954	retro_human_74	0	-	intergenic	7139
chr3	49388819	49441526	ENSG00000067560[1,6,7]	0	-	49391885	49404972	0	4	936,131,158,328,	0,3049,15997,52379,	chr3	49397815	49404954	retro_human_74	0	-	intergenic	7139
chr3	49388819	49441526	ENSG00000067560[1,8,7]	0	-	49389741	49404972	0	6	936,139,131,121,158,328,	0,1481,3049,8992,15997,52379,	chr3	49397815	49404954	retro_human_74	0	-	intergenic	7139
chr3	49388819	49441526	ENSG00000067560[1,1,7]	0	-	49389584	49404972	0	5	936,131,121,158,328,	0,3049,8992,15997,52379,	chr3	49397815	49404954	retro_human_74	0	-	intergenic	7139
chr3	49389214	49441526	ENSG00000067560[1,6,5]	0	-	49391885	49404972	0	4	541,131,158,328,	0,2654,15602,51984,	chr3	49397815	49404954	retro_human_74	0	-	intergenic	7139
chr3	49389444	49441526	ENSG00000067560[1,8,6]	0	-	49389741	49404972	0	6	311,139,131,121,158,328,	0,856,2424,8367,15372,51754,	chr3	49397815	49404954	retro_human_74	0	-	intergenic	7139
chr3	75437217	75437450	ENSG00000240665[1,1,1]	0	+	75437217	75437217	0	1	233,	0,	chr3	75437267	75437400	LSP1P2-201|processed_pseudogene	0	+	intergenic	133
chr3	75437433	75437666	ENSG00000242953[1,1,1]	0	-	75437433	75437433	0	1	233,	0,	chr3	75437483	75437616	AC139453.1-201|processed_pseudogene	0	-	intergenic	133
chr3	75593393	75633251	ENSG00000272710[1,2,1]	0	-	75593393	75593393	0	2	229,72,	0,39786,	chr3	75627857	75634052	retro_human_635	0	-	intergenic	5394
chr3	75677419	75694360	ENSG00000243422[3,4,1]	0	-	75677419	75677419	255	2	929,91,	0,16850,	chr3	75677469	75723347	RPL23AP49-202|transcribed_processed_pseudogene	0	-	intergenic	16891
chr3	75677419	75723397	ENSG00000243422[2,2,1]	0	-	75677419	75677419	0	3	929,122,187,	0,5854,45791,	chr3	75677469	75723347	RPL23AP49-202|transcribed_processed_pseudogene	0	-	intergenic	45878
chr3	90337926	90338321	ENSG00000271024[1,1,1]	0	-	90337926	90337926	0	1	395,	0,	chr3	90337976	90338271	retro_human_1835|HSPE1P19-201|processed_pseudogene	0	-	intergenic	295
chr3	128491768	128505893	ENSG00000284660[2,2,2]	0	+	128491768	128491768	255	2	7776,503,	0,13622,	chr3	128492554	128504856	retro_human_2750	0	+	intergenic	12302
chr3	128499276	128505893	ENSG00000284660[1,2,2]	0	+	128499276	128499276	255	2	268,503,	0,6114,	chr3	128492554	128504856	retro_human_2750	0	+	intergenic	5580
chr3	128499432	128505893	ENSG00000284660[3,2,2]	0	+	128499432	128499432	255	2	112,503,	0,5958,	chr3	128492554	128504856	retro_human_2750	0	+	intergenic	5424
chr3	131832409	131867103	ENSG00000172780[1,3,1]	0	-	131835990	131866392	0	4	3829,184,207,302,	0,7469,33779,34392,	chr3	131836087	131840062	retro_human_8295	0	-	intergenic	3975
chr3	131832409	131867103	ENSG00000172780[1,4,1]	0	-	131835990	131866392	0	4	3829,184,207,220,	0,7469,33779,34474,	chr3	131836087	131840062	retro_human_8295	0	-	intergenic	3975
chr3	131832409	131867103	ENSG00000172780[1,5,1]	0	-	131835990	131866392	0	4	3829,184,207,96,	0,7469,33779,34598,	chr3	131836087	131840062	retro_human_8295	0	-	intergenic	3975
chr3	131832409	131867103	ENSG00000172780[1,2,1]	0	-	131835990	131866392	0	4	3829,184,207,457,	0,7469,33779,34237,	chr3	131836087	131840062	retro_human_8295	0	-	intergenic	3975
chr3	131832409	131866569	ENSG00000172780[3,1,1]	0	-	131835990	131866392	0	3	3829,184,381,	0,7469,33779,	chr3	131836087	131840062	retro_human_8295	0	-	intergenic	3975
chr3	131832409	131867103	ENSG00000172780[1,1,1]	0	-	131835990	131866392	0	3	3829,184,915,	0,7469,33779,	chr3	131836087	131840062	retro_human_8295	0	-	intergenic	3975
chr3	131835335	131867103	ENSG00000172780[1,2,2]	0	-	131835990	131866392	0	4	903,184,207,457,	0,4543,30853,31311,	chr3	131836087	131840062	retro_human_8295	0	-	intergenic	3975
chr3	131835335	131867103	ENSG00000172780[1,1,2]	0	-	131835990	131866392	0	3	903,184,915,	0,4543,30853,	chr3	131836087	131840062	retro_human_8295	0	-	intergenic	3975
chr3	131835335	131866569	ENSG00000172780[3,1,2]	0	-	131835990	131866392	0	3	903,184,381,	0,4543,30853,	chr3	131836087	131840062	retro_human_8295	0	-	intergenic	3975
chr3	132090151	132091004	ENSG00000270773[1,1,1]	0	+	132090151	132090151	0	1	853,	0,	chr3	132090201	132090954	AC137695.2-201|processed_pseudogene	0	+	intergenic	753
chr3	136291058	136291360	ENSG00000250983[1,1,1]	0	-	136291058	136291058	0	1	302,	0,	chr3	136291108	136291310	AC022296.3-201|processed_pseudogene	0	-	intergenic	202
chr3	144218248	144219617	ENSG00000215606[1,1,1]	0	-	144218248	144218248	0	1	1369,	0,	chr3	144218298	144219567	retro_human_7904|KRT18P35-201|processed_pseudogene	0	-	intergenic	1269
chr3	149146485	149166933	ENSG00000241358[2,3,1]	0	-	149166657	149166756	255	2	250,366,	0,20082,	chr3	149146535	149171778	retro_human_3202|AC069528.1-201|transcribed_processed_pseudogene	0	-	intergenic	20398
chr3	149146485	149166933	ENSG00000241358[2,3,1]	0	-	149166657	149166756	255	2	250,366,	0,20082,	chr3	149150913	149171752	AC069528.1-202|transcribed_processed_pseudogene	0	-	intergenic	16020
chr3	149146485	149166933	ENSG00000241358[2,5,1]	0	-	149146708	149156605	255	4	250,162,200,366,	0,4448,10048,20082,	chr3	149146535	149171778	retro_human_3202|AC069528.1-201|transcribed_processed_pseudogene	0	-	intergenic	20398
chr3	149146485	149166933	ENSG00000241358[2,5,1]	0	-	149146708	149156605	255	4	250,162,200,366,	0,4448,10048,20082,	chr3	149150913	149171752	AC069528.1-202|transcribed_processed_pseudogene	0	-	intergenic	16020
chr3	149146485	149166933	ENSG00000241358[2,4,1]	0	-	149146708	149151074	255	3	250,162,366,	0,4448,20082,	chr3	149146535	149171778	retro_human_3202|AC069528.1-201|transcribed_processed_pseudogene	0	-	intergenic	20398
chr3	149146485	149166933	ENSG00000241358[2,4,1]	0	-	149146708	149151074	255	3	250,162,366,	0,4448,20082,	chr3	149150913	149171752	AC069528.1-202|transcribed_processed_pseudogene	0	-	intergenic	16020
chr3	158534439	158535140	ENSG00000241307[1,1,1]	0	+	158534439	158534439	0	1	701,	0,	chr3	158534489	158535090	AC104472.2-201|processed_pseudogene	0	+	intergenic	601
chr3	161401707	161402001	ENSG00000243165[1,1,1]	0	-	161401707	161401707	0	1	294,	0,	chr3	161401757	161401951	AC025033.1-201|processed_pseudogene	0	-	intergenic	194
chr3	169076820	169077518	ENSG00000244429[1,1,1]	0	+	169076820	169076820	0	1	698,	0,	chr3	169076870	169077468	retro_human_824|AC104629.1-201|processed_pseudogene	0	+	intergenic	598
chr3	169645067	169645334	ENSG00000239227[1,1,1]	0	+	169645067	169645067	0	1	267,	0,	chr3	169645117	169645284	AC069439.1-201|processed_pseudogene	0	+	intergenic	167
chr3	178772419	178773593	ENSG00000230362[1,1,1]	0	-	178772419	178772419	0	1	1174,	0,	chr3	178772469	178773543	retro_human_10530|ACTG1P23-201|processed_pseudogene	0	-	intergenic	1074
chr3	186959191	186960023	ENSG00000228205[1,1,1]	0	+	186959191	186959191	0	1	832,	0,	chr3	186959241	186959973	retro_human_1229|AC131235.1-201|processed_pseudogene	0	+	intergenic	732
chr3	196274319	196288739	ENSG00000236297[2,2,2]	0	-	196274319	196274319	0	3	515,200,120,	0,2760,14300,	chr3	196274369	196288689	AC048351.1-202|transcribed_processed_pseudogene	0	-	intergenic	14320
chr3	198268224	198268690	ENSG00000236425[1,1,1]	0	-	198268224	198268224	0	1	466,	0,	chr3	198268274	198268640	AC069213.2-201|processed_pseudogene	0	-	intergenic	366
chr4	415850	467562	ENSG00000251595[2,6,4]	0	-	430853	467366	255	5	4518,110,66,127,199,	0,13314,14990,50107,51513,	chr4	418829	467512	ABCA11P-201|transcribed_processed_pseudogene	0	-	intergenic	48683
chr4	415850	467562	ENSG00000251595[2,6,4]	0	-	430853	467366	255	5	4518,110,66,127,199,	0,13314,14990,50107,51513,	chr4	419209	467434	ABCA11P-203|transcribed_processed_pseudogene	0	-	intergenic	48225
chr4	415850	467562	ENSG00000251595[2,6,4]	0	-	430853	467366	255	5	4518,110,66,127,199,	0,13314,14990,50107,51513,	chr4	419209	467434	ABCA11P-204|transcribed_processed_pseudogene	0	-	intergenic	48225
chr4	418777	467600	ENSG00000182903[2,5,8]	0	-	430853	467366	0	5	1737,110,66,127,237,	0,10387,12063,47180,48586,	chr4	418829	467512	ABCA11P-201|transcribed_processed_pseudogene	0	-	intergenic	48683
chr4	418777	467600	ENSG00000182903[2,5,8]	0	-	430853	467366	0	5	1737,110,66,127,237,	0,10387,12063,47180,48586,	chr4	419209	467434	ABCA11P-203|transcribed_processed_pseudogene	0	-	intergenic	48225
chr4	418777	467600	ENSG00000182903[2,5,8]	0	-	430853	467366	0	5	1737,110,66,127,237,	0,10387,12063,47180,48586,	chr4	419209	467434	ABCA11P-204|transcribed_processed_pseudogene	0	-	intergenic	48225
chr4	418779	467562	ENSG00000251595[2,6,1]	0	-	430853	467366	255	5	1589,110,66,127,199,	0,10385,12061,47178,48584,	chr4	418829	467512	ABCA11P-201|transcribed_processed_pseudogene	0	-	intergenic	48683
chr4	418779	467562	ENSG00000251595[2,6,1]	0	-	430853	467366	255	5	1589,110,66,127,199,	0,10385,12061,47178,48584,	chr4	419209	467434	ABCA11P-203|transcribed_processed_pseudogene	0	-	intergenic	48225
chr4	418779	467562	ENSG00000251595[2,6,1]	0	-	430853	467366	255	5	1589,110,66,127,199,	0,10385,12061,47178,48584,	chr4	419209	467434	ABCA11P-204|transcribed_processed_pseudogene	0	-	intergenic	48225
chr4	418779	467562	ENSG00000251595[2,4,1]	0	-	430853	467366	0	4	1589,66,127,199,	0,12061,47178,48584,	chr4	418829	467512	ABCA11P-201|transcribed_processed_pseudogene	0	-	intergenic	48683
chr4	418779	467562	ENSG00000251595[2,4,1]	0	-	430853	467366	0	4	1589,66,127,199,	0,12061,47178,48584,	chr4	419209	467434	ABCA11P-203|transcribed_processed_pseudogene	0	-	intergenic	48225
chr4	418779	467562	ENSG00000251595[2,4,1]	0	-	430853	467366	0	4	1589,66,127,199,	0,12061,47178,48584,	chr4	419209	467434	ABCA11P-204|transcribed_processed_pseudogene	0	-	intergenic	48225
chr4	418779	467562	ENSG00000251595[2,3,1]	0	-	420452	467366	0	3	1735,127,199,	0,47178,48584,	chr4	418829	467512	ABCA11P-201|transcribed_processed_pseudogene	0	-	intergenic	48683
chr4	418779	467562	ENSG00000251595[2,3,1]	0	-	420452	467366	0	3	1735,127,199,	0,47178,48584,	chr4	419209	467434	ABCA11P-203|transcribed_processed_pseudogene	0	-	intergenic	48225
chr4	418779	467562	ENSG00000251595[2,3,1]	0	-	420452	467366	0	3	1735,127,199,	0,47178,48584,	chr4	419209	467434	ABCA11P-204|transcribed_processed_pseudogene	0	-	intergenic	48225
chr4	418779	467562	ENSG00000251595[2,2,1]	0	-	420357	467366	0	3	1589,127,199,	0,47178,48584,	chr4	418829	467512	ABCA11P-201|transcribed_processed_pseudogene	0	-	intergenic	48683
chr4	418779	467562	ENSG00000251595[2,2,1]	0	-	420357	467366	0	3	1589,127,199,	0,47178,48584,	chr4	419209	467434	ABCA11P-203|transcribed_processed_pseudogene	0	-	intergenic	48225
chr4	418779	467562	ENSG00000251595[2,2,1]	0	-	420357	467366	0	3	1589,127,199,	0,47178,48584,	chr4	419209	467434	ABCA11P-204|transcribed_processed_pseudogene	0	-	intergenic	48225
chr4	419117	467562	ENSG00000251595[2,4,2]	0	-	430853	467366	0	4	1251,66,127,199,	0,11723,46840,48246,	chr4	418829	467512	ABCA11P-201|transcribed_processed_pseudogene	0	-	intergenic	48395
chr4	419117	467562	ENSG00000251595[2,4,2]	0	-	430853	467366	0	4	1251,66,127,199,	0,11723,46840,48246,	chr4	419209	467434	ABCA11P-203|transcribed_processed_pseudogene	0	-	intergenic	48225
chr4	419117	467562	ENSG00000251595[2,4,2]	0	-	430853	467366	0	4	1251,66,127,199,	0,11723,46840,48246,	chr4	419209	467434	ABCA11P-204|transcribed_processed_pseudogene	0	-	intergenic	48225
chr4	419117	467562	ENSG00000251595[2,3,2]	0	-	420452	467366	0	3	1397,127,199,	0,46840,48246,	chr4	418829	467512	ABCA11P-201|transcribed_processed_pseudogene	0	-	intergenic	48395
chr4	419117	467562	ENSG00000251595[2,3,2]	0	-	420452	467366	0	3	1397,127,199,	0,46840,48246,	chr4	419209	467434	ABCA11P-203|transcribed_processed_pseudogene	0	-	intergenic	48225
chr4	419117	467562	ENSG00000251595[2,3,2]	0	-	420452	467366	0	3	1397,127,199,	0,46840,48246,	chr4	419209	467434	ABCA11P-204|transcribed_processed_pseudogene	0	-	intergenic	48225
chr4	419159	467600	ENSG00000182903[2,5,3]	0	-	430853	467366	0	5	1355,110,66,127,237,	0,10005,11681,46798,48204,	chr4	418829	467512	ABCA11P-201|transcribed_processed_pseudogene	0	-	intergenic	48353
chr4	419159	467600	ENSG00000182903[2,5,3]	0	-	430853	467366	0	5	1355,110,66,127,237,	0,10005,11681,46798,48204,	chr4	419209	467434	ABCA11P-203|transcribed_processed_pseudogene	0	-	intergenic	48225
chr4	419159	467600	ENSG00000182903[2,5,3]	0	-	430853	467366	0	5	1355,110,66,127,237,	0,10005,11681,46798,48204,	chr4	419209	467434	ABCA11P-204|transcribed_processed_pseudogene	0	-	intergenic	48225
chr4	419427	467562	ENSG00000251595[2,6,3]	0	-	430853	467366	255	5	941,110,66,127,199,	0,9737,11413,46530,47936,	chr4	418829	467512	ABCA11P-201|transcribed_processed_pseudogene	0	-	intergenic	48085
chr4	419427	467562	ENSG00000251595[2,6,3]	0	-	430853	467366	255	5	941,110,66,127,199,	0,9737,11413,46530,47936,	chr4	419209	467434	ABCA11P-203|transcribed_processed_pseudogene	0	-	intergenic	48007
chr4	419427	467562	ENSG00000251595[2,6,3]	0	-	430853	467366	255	5	941,110,66,127,199,	0,9737,11413,46530,47936,	chr4	419209	467434	ABCA11P-204|transcribed_processed_pseudogene	0	-	intergenic	48007
chr4	419427	467562	ENSG00000251595[2,4,3]	0	-	430853	467366	0	4	941,66,127,199,	0,11413,46530,47936,	chr4	418829	467512	ABCA11P-201|transcribed_processed_pseudogene	0	-	intergenic	48085
chr4	419427	467562	ENSG00000251595[2,4,3]	0	-	430853	467366	0	4	941,66,127,199,	0,11413,46530,47936,	chr4	419209	467434	ABCA11P-203|transcribed_processed_pseudogene	0	-	intergenic	48007
chr4	419427	467562	ENSG00000251595[2,4,3]	0	-	430853	467366	0	4	941,66,127,199,	0,11413,46530,47936,	chr4	419209	467434	ABCA11P-204|transcribed_processed_pseudogene	0	-	intergenic	48007
chr4	419427	467562	ENSG00000251595[2,3,3]	0	-	420452	467366	0	3	1087,127,199,	0,46530,47936,	chr4	418829	467512	ABCA11P-201|transcribed_processed_pseudogene	0	-	intergenic	48085
chr4	419427	467562	ENSG00000251595[2,3,3]	0	-	420452	467366	0	3	1087,127,199,	0,46530,47936,	chr4	419209	467434	ABCA11P-203|transcribed_processed_pseudogene	0	-	intergenic	48007
chr4	419427	467562	ENSG00000251595[2,3,3]	0	-	420452	467366	0	3	1087,127,199,	0,46530,47936,	chr4	419209	467434	ABCA11P-204|transcribed_processed_pseudogene	0	-	intergenic	48007
chr4	419427	467562	ENSG00000251595[2,2,3]	0	-	420357	467366	0	3	941,127,199,	0,46530,47936,	chr4	418829	467512	ABCA11P-201|transcribed_processed_pseudogene	0	-	intergenic	48085
chr4	419427	467562	ENSG00000251595[2,2,3]	0	-	420357	467366	0	3	941,127,199,	0,46530,47936,	chr4	419209	467434	ABCA11P-203|transcribed_processed_pseudogene	0	-	intergenic	48007
chr4	419427	467562	ENSG00000251595[2,2,3]	0	-	420357	467366	0	3	941,127,199,	0,46530,47936,	chr4	419209	467434	ABCA11P-204|transcribed_processed_pseudogene	0	-	intergenic	48007
chr4	419427	467600	ENSG00000182903[2,5,9]	0	-	430853	467366	0	5	1087,110,66,127,237,	0,9737,11413,46530,47936,	chr4	418829	467512	ABCA11P-201|transcribed_processed_pseudogene	0	-	intergenic	48085
chr4	419427	467600	ENSG00000182903[2,5,9]	0	-	430853	467366	0	5	1087,110,66,127,237,	0,9737,11413,46530,47936,	chr4	419209	467434	ABCA11P-203|transcribed_processed_pseudogene	0	-	intergenic	48007
chr4	419427	467600	ENSG00000182903[2,5,9]	0	-	430853	467366	0	5	1087,110,66,127,237,	0,9737,11413,46530,47936,	chr4	419209	467434	ABCA11P-204|transcribed_processed_pseudogene	0	-	intergenic	48007
chr4	420133	467600	ENSG00000182903[2,2,2]	0	-	429213	467366	0	7	381,110,66,49,90,127,237,	0,9031,10707,11845,17603,45824,47230,	chr4	418829	467512	ABCA11P-201|transcribed_processed_pseudogene	0	-	intergenic	47379
chr4	420133	467600	ENSG00000182903[2,2,2]	0	-	429213	467366	0	7	381,110,66,49,90,127,237,	0,9031,10707,11845,17603,45824,47230,	chr4	419209	467434	ABCA11P-203|transcribed_processed_pseudogene	0	-	intergenic	47301
chr4	420133	467600	ENSG00000182903[2,2,2]	0	-	429213	467366	0	7	381,110,66,49,90,127,237,	0,9031,10707,11845,17603,45824,47230,	chr4	419209	467434	ABCA11P-204|transcribed_processed_pseudogene	0	-	intergenic	47301
chr4	420360	429272	ENSG00000251595[3,5,5]	0	-	420360	420360	255	2	154,108,	0,8804,	chr4	418829	467512	ABCA11P-201|transcribed_processed_pseudogene	0	-	intergenic	8912
chr4	420360	429272	ENSG00000251595[3,5,5]	0	-	420360	420360	255	2	154,108,	0,8804,	chr4	419209	467434	ABCA11P-203|transcribed_processed_pseudogene	0	-	intergenic	8912
chr4	420360	429272	ENSG00000251595[3,5,5]	0	-	420360	420360	255	2	154,108,	0,8804,	chr4	419209	467434	ABCA11P-204|transcribed_processed_pseudogene	0	-	intergenic	8912
chr4	420360	467562	ENSG00000251595[2,3,5]	0	-	420452	467366	0	3	154,127,199,	0,45597,47003,	chr4	418829	467512	ABCA11P-201|transcribed_processed_pseudogene	0	-	intergenic	47152
chr4	420360	467562	ENSG00000251595[2,3,5]	0	-	420452	467366	0	3	154,127,199,	0,45597,47003,	chr4	419209	467434	ABCA11P-203|transcribed_processed_pseudogene	0	-	intergenic	47074
chr4	420360	467562	ENSG00000251595[2,3,5]	0	-	420452	467366	0	3	154,127,199,	0,45597,47003,	chr4	419209	467434	ABCA11P-204|transcribed_processed_pseudogene	0	-	intergenic	47074
chr4	420360	467600	ENSG00000182903[2,5,10]	0	-	430853	467366	0	5	154,110,66,127,237,	0,8804,10480,45597,47003,	chr4	418829	467512	ABCA11P-201|transcribed_processed_pseudogene	0	-	intergenic	47152
chr4	420360	467600	ENSG00000182903[2,5,10]	0	-	430853	467366	0	5	154,110,66,127,237,	0,8804,10480,45597,47003,	chr4	419209	467434	ABCA11P-203|transcribed_processed_pseudogene	0	-	intergenic	47074
chr4	420360	467600	ENSG00000182903[2,5,10]	0	-	430853	467366	0	5	154,110,66,127,237,	0,8804,10480,45597,47003,	chr4	419209	467434	ABCA11P-204|transcribed_processed_pseudogene	0	-	intergenic	47074
chr4	433332	467600	ENSG00000182903[2,7,1]	0	-	435091	437824	255	4	4494,65,127,237,	0,27667,32625,34031,	chr4	418829	467512	ABCA11P-201|transcribed_processed_pseudogene	0	-	intergenic	34180
chr4	433332	467600	ENSG00000182903[2,7,1]	0	-	435091	437824	255	4	4494,65,127,237,	0,27667,32625,34031,	chr4	419209	467434	ABCA11P-203|transcribed_processed_pseudogene	0	-	intergenic	34102
chr4	433332	467600	ENSG00000182903[2,7,1]	0	-	435091	437824	255	4	4494,65,127,237,	0,27667,32625,34031,	chr4	419209	467434	ABCA11P-204|transcribed_processed_pseudogene	0	-	intergenic	34102
chr4	433332	492587	ENSG00000182903[1,1,1]	0	-	435091	465991	0	3	4494,127,151,	0,32625,59104,	chr4	418829	467512	ABCA11P-201|transcribed_processed_pseudogene	0	-	intergenic	34180
chr4	433332	492587	ENSG00000182903[1,1,1]	0	-	435091	465991	0	3	4494,127,151,	0,32625,59104,	chr4	419209	467434	ABCA11P-203|transcribed_processed_pseudogene	0	-	intergenic	34102
chr4	433332	492587	ENSG00000182903[1,1,1]	0	-	435091	465991	0	3	4494,127,151,	0,32625,59104,	chr4	419209	467434	ABCA11P-204|transcribed_processed_pseudogene	0	-	intergenic	34102
chr4	433332	467600	ENSG00000182903[2,6,1]	0	-	435091	465991	0	3	4494,127,237,	0,32625,34031,	chr4	418829	467512	ABCA11P-201|transcribed_processed_pseudogene	0	-	intergenic	34180
chr4	433332	467600	ENSG00000182903[2,6,1]	0	-	435091	465991	0	3	4494,127,237,	0,32625,34031,	chr4	419209	467434	ABCA11P-203|transcribed_processed_pseudogene	0	-	intergenic	34102
chr4	433332	467600	ENSG00000182903[2,6,1]	0	-	435091	465991	0	3	4494,127,237,	0,32625,34031,	chr4	419209	467434	ABCA11P-204|transcribed_processed_pseudogene	0	-	intergenic	34102
chr4	433332	492587	ENSG00000182903[1,3,1]	0	-	435091	437824	0	2	4494,151,	0,59104,	chr4	418829	467512	ABCA11P-201|transcribed_processed_pseudogene	0	-	intergenic	34180
chr4	433332	492587	ENSG00000182903[1,3,1]	0	-	435091	437824	0	2	4494,151,	0,59104,	chr4	419209	467434	ABCA11P-203|transcribed_processed_pseudogene	0	-	intergenic	34102
chr4	433332	492587	ENSG00000182903[1,3,1]	0	-	435091	437824	0	2	4494,151,	0,59104,	chr4	419209	467434	ABCA11P-204|transcribed_processed_pseudogene	0	-	intergenic	34102
chr4	434026	467600	ENSG00000182903[2,7,7]	0	-	435091	437824	255	4	3800,65,127,237,	0,26973,31931,33337,	chr4	418829	467512	ABCA11P-201|transcribed_processed_pseudogene	0	-	intergenic	33486
chr4	434026	467600	ENSG00000182903[2,7,7]	0	-	435091	437824	255	4	3800,65,127,237,	0,26973,31931,33337,	chr4	419209	467434	ABCA11P-203|transcribed_processed_pseudogene	0	-	intergenic	33408
chr4	434026	467600	ENSG00000182903[2,7,7]	0	-	435091	437824	255	4	3800,65,127,237,	0,26973,31931,33337,	chr4	419209	467434	ABCA11P-204|transcribed_processed_pseudogene	0	-	intergenic	33408
chr4	434026	492587	ENSG00000182903[1,1,7]	0	-	435091	465991	0	3	3800,127,151,	0,31931,58410,	chr4	418829	467512	ABCA11P-201|transcribed_processed_pseudogene	0	-	intergenic	33486
chr4	434026	492587	ENSG00000182903[1,1,7]	0	-	435091	465991	0	3	3800,127,151,	0,31931,58410,	chr4	419209	467434	ABCA11P-203|transcribed_processed_pseudogene	0	-	intergenic	33408
chr4	434026	492587	ENSG00000182903[1,1,7]	0	-	435091	465991	0	3	3800,127,151,	0,31931,58410,	chr4	419209	467434	ABCA11P-204|transcribed_processed_pseudogene	0	-	intergenic	33408
chr4	434026	467600	ENSG00000182903[2,6,7]	0	-	435091	465991	0	3	3800,127,237,	0,31931,33337,	chr4	418829	467512	ABCA11P-201|transcribed_processed_pseudogene	0	-	intergenic	33486
chr4	434026	467600	ENSG00000182903[2,6,7]	0	-	435091	465991	0	3	3800,127,237,	0,31931,33337,	chr4	419209	467434	ABCA11P-203|transcribed_processed_pseudogene	0	-	intergenic	33408
chr4	434026	467600	ENSG00000182903[2,6,7]	0	-	435091	465991	0	3	3800,127,237,	0,31931,33337,	chr4	419209	467434	ABCA11P-204|transcribed_processed_pseudogene	0	-	intergenic	33408
chr4	435038	492587	ENSG00000182903[1,1,6]	0	-	435091	465991	0	3	2788,127,151,	0,30919,57398,	chr4	418829	467512	ABCA11P-201|transcribed_processed_pseudogene	0	-	intergenic	32474
chr4	435038	492587	ENSG00000182903[1,1,6]	0	-	435091	465991	0	3	2788,127,151,	0,30919,57398,	chr4	419209	467434	ABCA11P-203|transcribed_processed_pseudogene	0	-	intergenic	32396
chr4	435038	492587	ENSG00000182903[1,1,6]	0	-	435091	465991	0	3	2788,127,151,	0,30919,57398,	chr4	419209	467434	ABCA11P-204|transcribed_processed_pseudogene	0	-	intergenic	32396
chr4	437426	467600	ENSG00000182903[2,7,5]	0	-	461008	467366	255	4	400,65,127,237,	0,23573,28531,29937,	chr4	418829	467512	ABCA11P-201|transcribed_processed_pseudogene	0	-	intergenic	30086
chr4	437426	467600	ENSG00000182903[2,7,5]	0	-	461008	467366	255	4	400,65,127,237,	0,23573,28531,29937,	chr4	419209	467434	ABCA11P-203|transcribed_processed_pseudogene	0	-	intergenic	30008
chr4	437426	467600	ENSG00000182903[2,7,5]	0	-	461008	467366	255	4	400,65,127,237,	0,23573,28531,29937,	chr4	419209	467434	ABCA11P-204|transcribed_processed_pseudogene	0	-	intergenic	30008
chr4	437426	492587	ENSG00000182903[1,1,5]	0	-	437490	437661	0	3	400,127,151,	0,28531,55010,	chr4	418829	467512	ABCA11P-201|transcribed_processed_pseudogene	0	-	intergenic	30086
chr4	437426	492587	ENSG00000182903[1,1,5]	0	-	437490	437661	0	3	400,127,151,	0,28531,55010,	chr4	419209	467434	ABCA11P-203|transcribed_processed_pseudogene	0	-	intergenic	30008
chr4	437426	492587	ENSG00000182903[1,1,5]	0	-	437490	437661	0	3	400,127,151,	0,28531,55010,	chr4	419209	467434	ABCA11P-204|transcribed_processed_pseudogene	0	-	intergenic	30008
chr4	437426	467600	ENSG00000182903[2,6,5]	0	-	437490	437661	0	3	400,127,237,	0,28531,29937,	chr4	418829	467512	ABCA11P-201|transcribed_processed_pseudogene	0	-	intergenic	30086
chr4	437426	467600	ENSG00000182903[2,6,5]	0	-	437490	437661	0	3	400,127,237,	0,28531,29937,	chr4	419209	467434	ABCA11P-203|transcribed_processed_pseudogene	0	-	intergenic	30008
chr4	437426	467600	ENSG00000182903[2,6,5]	0	-	437490	437661	0	3	400,127,237,	0,28531,29937,	chr4	419209	467434	ABCA11P-204|transcribed_processed_pseudogene	0	-	intergenic	30008
chr4	437426	492587	ENSG00000182903[1,3,5]	0	-	437490	437661	0	2	400,151,	0,55010,	chr4	418829	467512	ABCA11P-201|transcribed_processed_pseudogene	0	-	intergenic	30086
chr4	437426	492587	ENSG00000182903[1,3,5]	0	-	437490	437661	0	2	400,151,	0,55010,	chr4	419209	467434	ABCA11P-203|transcribed_processed_pseudogene	0	-	intergenic	30008
chr4	437426	492587	ENSG00000182903[1,3,5]	0	-	437490	437661	0	2	400,151,	0,55010,	chr4	419209	467434	ABCA11P-204|transcribed_processed_pseudogene	0	-	intergenic	30008
chr4	8152751	8153432	ENSG00000250471[1,1,1]	0	+	8152751	8152751	0	1	681,	0,	chr4	8152801	8153380	retro_human_10138|GMPSP1-201|processed_pseudogene	0	+	intergenic	579
chr4	9559362	9560242	ENSG00000244004[1,1,1]	0	+	9559362	9559362	0	1	880,	0,	chr4	9559412	9560192	retro_human_6131|RPS3AP19-201|processed_pseudogene	0	+	intergenic	780
chr4	14091603	14119802	ENSG00000248698[1,5,2]	0	+	14091603	14091603	0	2	260,1641,	0,26558,	chr4	14091654	14119752	LINC01085-201|transcribed_processed_pseudogene	0	+	intergenic	28098
chr4	14091603	14119802	ENSG00000248698[1,5,2]	0	+	14091603	14091603	0	2	260,1641,	0,26558,	chr4	14091663	14106957	LINC01085-204|transcribed_processed_pseudogene	0	+	intergenic	15294
chr4	14091603	14119802	ENSG00000248698[1,5,2]	0	+	14091603	14091603	0	2	260,1641,	0,26558,	chr4	14091676	14118438	LINC01085-205|transcribed_processed_pseudogene	0	+	intergenic	26762
chr4	14091603	14119802	ENSG00000248698[1,5,2]	0	+	14091603	14091603	0	2	260,1641,	0,26558,	chr4	14091706	14119186	LINC01085-202|transcribed_processed_pseudogene	0	+	intergenic	27480
chr4	14091603	14119236	ENSG00000248698[1,5,5]	0	+	14091603	14091603	0	2	260,1075,	0,26558,	chr4	14091654	14119752	LINC01085-201|transcribed_processed_pseudogene	0	+	intergenic	27582
chr4	14091603	14119236	ENSG00000248698[1,5,5]	0	+	14091603	14091603	0	2	260,1075,	0,26558,	chr4	14091663	14106957	LINC01085-204|transcribed_processed_pseudogene	0	+	intergenic	15294
chr4	14091603	14119236	ENSG00000248698[1,5,5]	0	+	14091603	14091603	0	2	260,1075,	0,26558,	chr4	14091676	14118438	LINC01085-205|transcribed_processed_pseudogene	0	+	intergenic	26762
chr4	14091603	14119236	ENSG00000248698[1,5,5]	0	+	14091603	14091603	0	2	260,1075,	0,26558,	chr4	14091706	14119186	LINC01085-202|transcribed_processed_pseudogene	0	+	intergenic	27480
chr4	14091603	14119802	ENSG00000248698[1,2,2]	0	+	14091603	14091603	0	3	260,182,1641,	0,15174,26558,	chr4	14091654	14119752	LINC01085-201|transcribed_processed_pseudogene	0	+	intergenic	28098
chr4	14091603	14119802	ENSG00000248698[1,2,2]	0	+	14091603	14091603	0	3	260,182,1641,	0,15174,26558,	chr4	14091663	14106957	LINC01085-204|transcribed_processed_pseudogene	0	+	intergenic	15294
chr4	14091603	14119802	ENSG00000248698[1,2,2]	0	+	14091603	14091603	0	3	260,182,1641,	0,15174,26558,	chr4	14091676	14118438	LINC01085-205|transcribed_processed_pseudogene	0	+	intergenic	26762
chr4	14091603	14119802	ENSG00000248698[1,2,2]	0	+	14091603	14091603	0	3	260,182,1641,	0,15174,26558,	chr4	14091706	14119186	LINC01085-202|transcribed_processed_pseudogene	0	+	intergenic	27480
chr4	25486849	25488628	ENSG00000248608[1,1,1]	0	+	25486849	25486849	0	1	1779,	0,	chr4	25486899	25488578	retro_human_1882|AC133963.1-201|processed_pseudogene	0	+	intergenic	1679
chr4	29735199	29736643	ENSG00000249542[1,1,1]	0	+	29735199	29735199	0	1	1444,	0,	chr4	29735249	29736593	retro_human_7349|EEF1A1P21-201|processed_pseudogene	0	+	intergenic	1344
chr4	72743616	72758049	ENSG00000249956[1,1,1]	0	+	72743616	72743616	0	6	780,149,132,88,220,328,	0,2071,6307,9236,10164,14105,	chr4	72743666	72757999	retro_human_4269|UGT2B24P-201|processed_pseudogene	0	+	intergenic	14333
chr4	78441567	78442134	ENSG00000250315[1,1,1]	0	+	78441567	78441567	0	1	567,	0,	chr4	78441617	78442084	retro_human_4264|AC110760.2-201|transcribed_processed_pseudogene	0	+	intergenic	467
chr4	78441567	78442134	ENSG00000250315[1,1,1]	0	+	78441567	78441567	0	1	567,	0,	chr4	78441631	78442002	AC110760.2-202|transcribed_processed_pseudogene	0	+	intergenic	371
chr4	78534938	78535251	ENSG00000250560[1,1,1]	0	+	78534938	78534938	0	1	313,	0,	chr4	78534988	78535201	retro_human_4263|AC093870.1-201|processed_pseudogene	0	+	intergenic	213
chr4	86577223	86578351	ENSG00000248401[1,1,1]	0	+	86577223	86577223	0	1	1128,	0,	chr4	86577273	86578301	retro_human_6074|AC114781.1-201|processed_pseudogene	0	+	intergenic	1028
chr4	114365086	114365831	ENSG00000251312[1,1,1]	0	+	114365086	114365086	0	1	745,	0,	chr4	114365136	114365781	retro_human_5470|AC004062.1-201|processed_pseudogene	0	+	intergenic	645
chr4	115605635	115693245	ENSG00000073331[1,13,8]	0	+	115686121	115690955	0	4	177,52,169,2502,	0,18508,80438,85108,	chr4	115668131	115679305	RTEL1P1-202|transcribed_processed_pseudogene	0	+	intergenic	11174
chr4	118931518	118932514	ENSG00000250693[1,1,1]	0	+	118931518	118931518	0	1	996,	0,	chr4	118931568	118932464	retro_human_8179|RPF2P2-201|processed_pseudogene	0	+	intergenic	896
chr4	121765189	121765367	ENSG00000273716[1,1,1]	0	-	121765189	121765189	0	1	178,	0,	chr4	121765239	121765317	AC092670.1-201|processed_pseudogene	0	-	intergenic	78
chr4	122498706	122517765	ENSG00000178636[2,3,2]	0	-	122498706	122498706	0	3	754,176,168,	0,1756,18891,	chr4	122497841	122517583	AC092656.1-201|transcribed_processed_pseudogene	0	-	intergenic	18877
chr4	122498706	122517765	ENSG00000178636[2,3,2]	0	-	122498706	122498706	0	3	754,176,168,	0,1756,18891,	chr4	122498756	122517715	AC092656.1-202|transcribed_processed_pseudogene	0	-	intergenic	18959
chr4	124422535	124423071	ENSG00000271302[1,1,1]	0	+	124422535	124422535	0	1	536,	0,	chr4	124422585	124423021	AC105254.2-201|processed_pseudogene	0	+	intergenic	436
chr4	168295690	168297150	ENSG00000236941[1,1,1]	0	+	168295690	168295690	0	1	1460,	0,	chr4	168295740	168297100	retro_human_2118|AC106872.1-201|processed_pseudogene	0	+	intergenic	1360
chr4	168393402	168393814	ENSG00000249617[1,1,1]	0	+	168393402	168393402	0	1	412,	0,	chr4	168393452	168393764	retro_human_2127|AC106872.6-201|processed_pseudogene	0	+	intergenic	312
chr4	171100460	171100969	ENSG00000270336[1,1,1]	0	-	171100460	171100460	0	1	509,	0,	chr4	171100510	171100919	AC105148.1-201|processed_pseudogene	0	-	intergenic	409
chr4	174171745	174172055	ENSG00000249943[1,1,1]	0	-	174171745	174171745	0	1	310,	0,	chr4	174171795	174172005	AC097486.1-201|processed_pseudogene	0	-	intergenic	210
chr4	189097716	189097936	ENSG00000285745[1,1,1]	0	-	189097766	189097877	0	1	220,	0,	chr4	189097766	189097886	AC104805.1-201|processed_pseudogene	0	-	intergenic	120
chr5	14813794	14814206	ENSG00000249928[1,1,1]	0	-	14813794	14813794	0	1	412,	0,	chr5	14813844	14814156	retro_human_8190|UQCRBP3-201|processed_pseudogene	0	-	intergenic	312
chr5	17451223	17451729	ENSG00000249620[1,1,1]	0	-	17451223	17451223	0	1	506,	0,	chr5	17451273	17451679	retro_human_2703|H3P18-201|processed_pseudogene	0	-	intergenic	406
chr5	17625717	17626226	ENSG00000250386[1,1,1]	0	-	17625717	17625717	0	1	509,	0,	chr5	17625767	17626176	retro_human_8557|H3P21-201|processed_pseudogene	0	-	intergenic	409
chr5	37536203	37536832	ENSG00000270558[1,1,1]	0	-	37536203	37536203	0	1	629,	0,	chr5	37536253	37536782	retro_human_7795|AC025449.1-201|processed_pseudogene	0	-	intergenic	529
chr5	42982013	42982495	ENSG00000270513[1,1,1]	0	+	42982013	42982013	0	1	482,	0,	chr5	42982063	42982445	retro_human_10272|AC113368.1-201|processed_pseudogene	0	+	intergenic	382
chr5	59321084	59321590	ENSG00000271257[1,1,1]	0	+	59321084	59321084	0	1	506,	0,	chr5	59321134	59321540	retro_human_5965|AC008814.1-201|processed_pseudogene	0	+	intergenic	406
chr5	79364615	79466478	ENSG00000113273[1,8,3]	0	-	79366908	79466366	255	6	2297,244,208,191,187,424,	0,2752,72440,81559,86149,101439,	chr5	79450748	79466258	retro_human_9575	0	-	intergenic	15510
chr5	79364615	79466478	ENSG00000113273[1,2,3]	0	-	79367315	79466366	0	5	2996,208,191,187,424,	0,72440,81559,86149,101439,	chr5	79450748	79466258	retro_human_9575	0	-	intergenic	15510
chr5	83263559	83264449	ENSG00000240411[1,1,1]	0	+	83263559	83263559	0	1	890,	0,	chr5	83263609	83264399	retro_human_3272|RPL5P16-201|processed_pseudogene	0	+	intergenic	790
chr5	83310618	83311019	ENSG00000248105[1,1,1]	0	+	83310618	83310618	0	1	401,	0,	chr5	83310668	83310969	retro_human_3273|AC008885.1-201|processed_pseudogene	0	+	intergenic	301
chr5	87364590	87365342	ENSG00000242477[1,1,1]	0	-	87364590	87364590	0	1	752,	0,	chr5	87364641	87365292	retro_human_9182|AC091429.1-201|processed_pseudogene	0	-	intergenic	651
chr5	98714379	98715199	ENSG00000238000[1,1,1]	0	+	98714379	98714379	0	1	820,	0,	chr5	98714429	98715149	retro_human_9998|AC116347.1-201|processed_pseudogene	0	+	intergenic	720
chr5	107698057	107698334	ENSG00000250273[1,1,1]	0	+	107698057	107698057	0	1	277,	0,	chr5	107698107	107698284	PSMC1P5-201|processed_pseudogene	0	+	intergenic	177
chr5	111702808	111703725	ENSG00000214784[1,1,1]	0	-	111702808	111702808	0	1	917,	0,	chr5	111702858	111703675	retro_human_7547|RPS3AP21-201|processed_pseudogene	0	-	intergenic	817
chr5	117813706	117814144	ENSG00000243758[1,1,1]	0	-	117813706	117813706	0	1	438,	0,	chr5	117813761	117814100	retro_human_2105|RPL35AP15-201|processed_pseudogene	0	-	intergenic	339
chr5	134831775	134894883	ENSG00000006837[3,4,4]	0	-	134831961	134832147	0	3	516,113,100,	0,13835,63008,	chr5	134874040	134883879	retro_human_8317	0	-	intergenic	9839
chr5	155093239	155094472	ENSG00000253146[1,1,1]	0	-	155093239	155093239	0	1	1233,	0,	chr5	155093289	155094422	retro_human_5919|CIR1P1-201|processed_pseudogene	0	-	intergenic	1133
chr5	160776022	160776823	ENSG00000253772[1,1,1]	0	+	160776022	160776022	0	1	801,	0,	chr5	160776072	160776773	retro_human_1940|AC112191.1-201|processed_pseudogene	0	+	intergenic	701
chr5	161091664	161214273	ENSG00000118322[2,2,1]	0	-	161094050	161214058	0	21	2831,188,105,81,201,126,77,322,185,127,110,604,192,239,253,128,132,107,86,205,601,	0,6426,26522,27989,35700,39507,40895,43695,49671,52768,54794,57277,59324,69059,71282,73110,77417,81103,86136,107643,122008,	chr5	161199326	161213950	retro_human_540	0	-	intergenic	14624
chr5	161161168	161214273	ENSG00000118322[2,7,6]	0	-	161162740	161214058	0	7	2031,128,132,107,86,205,601,	0,3606,7913,11599,16632,38139,52504,	chr5	161199326	161213950	retro_human_540	0	-	intergenic	14624
chr5	173765856	173766544	ENSG00000254200[1,1,1]	0	-	173765856	173765856	0	1	688,	0,	chr5	173765906	173766494	retro_human_4245|RPL7AP33-201|processed_pseudogene	0	-	intergenic	588
chr5	176667460	176668930	ENSG00000251623[4,7,2]	0	+	176667460	176667460	0	3	337,170,234,	0,479,1236,	chr5	176663234	176668842	AC139491.5-202|transcribed_processed_pseudogene	0	+	intergenic	1382
chr5	180233789	180250001	ENSG00000225051[3,2,1]	0	+	180233789	180233789	0	2	679,514,	0,15698,	chr5	180234215	180249831	HMGB3P22-201|transcribed_processed_pseudogene	0	+	intergenic	15616
chr5	180234165	180250001	ENSG00000225051[1,2,1]	0	+	180234165	180234165	0	2	303,514,	0,15322,	chr5	180234215	180249831	HMGB3P22-201|transcribed_processed_pseudogene	0	+	intergenic	15616
chr6	11382828	11385203	ENSG00000218020[1,1,1]	0	+	11382828	11382828	0	1	2375,	0,	chr6	11382878	11385153	retro_human_9763|THAP12P5-201|transcribed_processed_pseudogene	0	+	intergenic	2275
chr6	17454131	17454503	ENSG00000218359[1,1,1]	0	+	17454131	17454131	0	1	372,	0,	chr6	17454181	17454453	retro_human_3842|SUMO2P13-201|processed_pseudogene	0	+	intergenic	272
chr6	21474736	21475092	ENSG00000220771[1,1,1]	0	+	21474736	21474736	0	1	356,	0,	chr6	21474786	21475042	retro_human_3843|BOLA2P3-201|processed_pseudogene	0	+	intergenic	256
chr6	26190193	26190710	ENSG00000220875[1,1,1]	0	-	26190193	26190193	0	1	517,	0,	chr6	26190243	26190660	retro_human_968|H3C9P-201|processed_pseudogene	0	-	intergenic	417
chr6	30560959	30561789	ENSG00000230449[1,1,1]	0	-	30560959	30560959	0	1	830,	0,	chr6	30561009	30561739	retro_human_6000|RPL7P4-203|processed_pseudogene	0	-	intergenic	730
chr6	53046084	53048284	ENSG00000218713[1,1,1]	0	-	53046084	53046084	0	1	2200,	0,	chr6	53046134	53048234	retro_human_8059|AL512378.1-201|processed_pseudogene	0	-	intergenic	2100
chr6	54325279	54326061	ENSG00000213335[1,1,1]	0	-	54325279	54325279	0	1	782,	0,	chr6	54325329	54326011	retro_human_8061|CLNS1AP1-201|processed_pseudogene	0	-	intergenic	682
chr6	87938359	87938860	ENSG00000218561[1,1,1]	0	-	87938359	87938359	0	1	501,	0,	chr6	87938409	87938810	retro_human_10287|AL353133.1-201|processed_pseudogene	0	-	intergenic	401
chr6	109181461	109182772	ENSG00000225093[1,1,1]	0	-	109181461	109181461	0	1	1311,	0,	chr6	109181511	109182723	retro_human_2044|RPL3P7-201|processed_pseudogene	0	-	intergenic	1212
chr6	111570204	111594120	ENSG00000203797[1,1,1]	0	-	111571261	111594041	0	5	1622,177,109,176,159,	0,13062,16622,21581,23757,	chr6	111571262	111583406	retro_human_9448	0	-	intergenic	12144
chr6	111570204	111594120	ENSG00000203797[1,2,1]	0	-	111571261	111594041	0	4	1622,109,176,159,	0,16622,21581,23757,	chr6	111571262	111583406	retro_human_9448	0	-	intergenic	12144
chr6	111570616	111594120	ENSG00000203797[1,1,2]	0	-	111571261	111594041	0	5	1210,177,109,176,159,	0,12650,16210,21169,23345,	chr6	111571262	111583406	retro_human_9448	0	-	intergenic	12144
chr6	111570616	111594120	ENSG00000203797[1,2,2]	0	-	111571261	111594041	0	4	1210,109,176,159,	0,16210,21169,23345,	chr6	111571262	111583406	retro_human_9448	0	-	intergenic	12144
chr6	127832064	127833067	ENSG00000217325[1,1,1]	0	+	127832064	127832064	0	1	1003,	0,	chr6	127832114	127833017	retro_human_11072|PRELID1P1-202|transcribed_processed_pseudogene	0	+	intergenic	903
chr6	127832064	127833067	ENSG00000217325[1,1,1]	0	+	127832064	127832064	0	1	1003,	0,	chr6	127832266	127832926	PRELID1P1-201|transcribed_processed_pseudogene	0	+	intergenic	660
chr6	128307541	128344419	ENSG00000146374[1,4,5]	0	+	128307562	128307733	255	4	669,192,147,248,	0,30039,31815,36630,	chr6	128337343	128401788	AL356534.1-238|transcribed_processed_pseudogene	0	-	intergenic	7076
chr6	128307541	128344419	ENSG00000146374[1,4,5]	0	+	128307562	128307733	255	4	669,192,147,248,	0,30039,31815,36630,	chr6	128070909	128401700	AL356534.1-222|transcribed_processed_pseudogene	0	-	intergenic	36878
chr6	128307541	128344419	ENSG00000146374[1,4,5]	0	+	128307562	128307733	255	4	669,192,147,248,	0,30039,31815,36630,	chr6	128073857	128401772	AL356534.1-223|transcribed_processed_pseudogene	0	-	intergenic	36878
chr6	128307541	128344419	ENSG00000146374[1,4,5]	0	+	128307562	128307733	255	4	669,192,147,248,	0,30039,31815,36630,	chr6	128076485	128401733	AL356534.1-226|transcribed_processed_pseudogene	0	-	intergenic	36878
chr6	128307541	128344419	ENSG00000146374[1,4,5]	0	+	128307562	128307733	255	4	669,192,147,248,	0,30039,31815,36630,	chr6	128188859	128401788	AL356534.1-227|transcribed_processed_pseudogene	0	-	intergenic	36878
chr6	128307541	128344419	ENSG00000146374[1,4,5]	0	+	128307562	128307733	255	4	669,192,147,248,	0,30039,31815,36630,	chr6	128191782	128401770	AL356534.1-230|transcribed_processed_pseudogene	0	-	intergenic	36878
chr6	128307541	128344419	ENSG00000146374[1,4,5]	0	+	128307562	128307733	255	4	669,192,147,248,	0,30039,31815,36630,	chr6	128193014	128366347	AL356534.1-231|transcribed_processed_pseudogene	0	-	intergenic	36878
chr6	128307541	128344419	ENSG00000146374[1,4,5]	0	+	128307562	128307733	255	4	669,192,147,248,	0,30039,31815,36630,	chr6	128253423	128401766	AL356534.1-232|transcribed_processed_pseudogene	0	-	intergenic	36878
chr6	128307541	128344419	ENSG00000146374[1,4,5]	0	+	128307562	128307733	255	4	669,192,147,248,	0,30039,31815,36630,	chr6	128258909	128366350	AL356534.1-233|transcribed_processed_pseudogene	0	-	intergenic	36878
chr6	128307541	128344419	ENSG00000146374[1,4,5]	0	+	128307562	128307733	255	4	669,192,147,248,	0,30039,31815,36630,	chr6	128280557	128401739	AL356534.1-234|transcribed_processed_pseudogene	0	-	intergenic	36878
chr6	128307541	128344419	ENSG00000146374[1,4,5]	0	+	128307562	128307733	255	4	669,192,147,248,	0,30039,31815,36630,	chr6	128309931	128401722	AL356534.1-235|transcribed_processed_pseudogene	0	-	intergenic	34488
chr6	128307541	128344419	ENSG00000146374[1,4,5]	0	+	128307562	128307733	255	4	669,192,147,248,	0,30039,31815,36630,	chr6	128310026	128402553	AL356534.1-236|transcribed_processed_pseudogene	0	-	intergenic	34393
chr6	128307541	128344419	ENSG00000146374[1,4,5]	0	+	128307562	128307733	255	4	669,192,147,248,	0,30039,31815,36630,	chr6	128313608	128401771	AL356534.1-237|transcribed_processed_pseudogene	0	-	intergenic	30811
chr6	128307541	128386759	ENSG00000146374[1,2,2]	0	+	128308113	128386450	0	6	669,192,147,198,161,390,	0,30039,31815,36630,77225,78828,	chr6	128337343	128401788	AL356534.1-238|transcribed_processed_pseudogene	0	-	intergenic	49416
chr6	128307541	128386759	ENSG00000146374[1,2,2]	0	+	128308113	128386450	0	6	669,192,147,198,161,390,	0,30039,31815,36630,77225,78828,	chr6	127948858	128401747	AL356534.1-216|transcribed_processed_pseudogene	0	-	intergenic	79218
chr6	128307541	128386759	ENSG00000146374[1,2,2]	0	+	128308113	128386450	0	6	669,192,147,198,161,390,	0,30039,31815,36630,77225,78828,	chr6	128005756	128401772	AL356534.1-221|transcribed_processed_pseudogene	0	-	intergenic	79218
chr6	128307541	128386759	ENSG00000146374[1,2,2]	0	+	128308113	128386450	0	6	669,192,147,198,161,390,	0,30039,31815,36630,77225,78828,	chr6	128070909	128401700	AL356534.1-222|transcribed_processed_pseudogene	0	-	intergenic	79218
chr6	128307541	128386759	ENSG00000146374[1,2,2]	0	+	128308113	128386450	0	6	669,192,147,198,161,390,	0,30039,31815,36630,77225,78828,	chr6	128073857	128401772	AL356534.1-223|transcribed_processed_pseudogene	0	-	intergenic	79218
chr6	128307541	128386759	ENSG00000146374[1,2,2]	0	+	128308113	128386450	0	6	669,192,147,198,161,390,	0,30039,31815,36630,77225,78828,	chr6	128076485	128401733	AL356534.1-226|transcribed_processed_pseudogene	0	-	intergenic	79218
chr6	128307541	128386759	ENSG00000146374[1,2,2]	0	+	128308113	128386450	0	6	669,192,147,198,161,390,	0,30039,31815,36630,77225,78828,	chr6	128188859	128401788	AL356534.1-227|transcribed_processed_pseudogene	0	-	intergenic	79218
chr6	128307541	128386759	ENSG00000146374[1,2,2]	0	+	128308113	128386450	0	6	669,192,147,198,161,390,	0,30039,31815,36630,77225,78828,	chr6	128191782	128401770	AL356534.1-230|transcribed_processed_pseudogene	0	-	intergenic	79218
chr6	128307541	128386759	ENSG00000146374[1,2,2]	0	+	128308113	128386450	0	6	669,192,147,198,161,390,	0,30039,31815,36630,77225,78828,	chr6	128193014	128366347	AL356534.1-231|transcribed_processed_pseudogene	0	-	intergenic	58806
chr6	128307541	128386759	ENSG00000146374[1,2,2]	0	+	128308113	128386450	0	6	669,192,147,198,161,390,	0,30039,31815,36630,77225,78828,	chr6	128253423	128401766	AL356534.1-232|transcribed_processed_pseudogene	0	-	intergenic	79218
chr6	128307541	128386759	ENSG00000146374[1,2,2]	0	+	128308113	128386450	0	6	669,192,147,198,161,390,	0,30039,31815,36630,77225,78828,	chr6	128258909	128366350	AL356534.1-233|transcribed_processed_pseudogene	0	-	intergenic	58809
chr6	128307541	128386759	ENSG00000146374[1,2,2]	0	+	128308113	128386450	0	6	669,192,147,198,161,390,	0,30039,31815,36630,77225,78828,	chr6	128280557	128401739	AL356534.1-234|transcribed_processed_pseudogene	0	-	intergenic	79218
chr6	128307541	128386759	ENSG00000146374[1,2,2]	0	+	128308113	128386450	0	6	669,192,147,198,161,390,	0,30039,31815,36630,77225,78828,	chr6	128309931	128401722	AL356534.1-235|transcribed_processed_pseudogene	0	-	intergenic	76828
chr6	128307541	128386759	ENSG00000146374[1,2,2]	0	+	128308113	128386450	0	6	669,192,147,198,161,390,	0,30039,31815,36630,77225,78828,	chr6	128310026	128402553	AL356534.1-236|transcribed_processed_pseudogene	0	-	intergenic	76733
chr6	128307541	128386759	ENSG00000146374[1,2,2]	0	+	128308113	128386450	0	6	669,192,147,198,161,390,	0,30039,31815,36630,77225,78828,	chr6	128313608	128401771	AL356534.1-237|transcribed_processed_pseudogene	0	-	intergenic	73151
chr6	128307541	128386759	ENSG00000146374[1,2,2]	0	+	128308113	128386450	0	6	669,192,147,198,161,390,	0,30039,31815,36630,77225,78828,	chr6	127684140	128401788	AL356534.1-203|transcribed_processed_pseudogene	0	-	intergenic	79218
chr6	128307541	128386759	ENSG00000146374[1,2,2]	0	+	128308113	128386450	0	6	669,192,147,198,161,390,	0,30039,31815,36630,77225,78828,	chr6	127684288	128401739	AL356534.1-204|transcribed_processed_pseudogene	0	-	intergenic	79218
chr6	128307541	128386759	ENSG00000146374[1,2,2]	0	+	128308113	128386450	0	6	669,192,147,198,161,390,	0,30039,31815,36630,77225,78828,	chr6	127867805	128401763	AL356534.1-206|transcribed_processed_pseudogene	0	-	intergenic	79218
chr6	128307541	128386759	ENSG00000146374[1,2,2]	0	+	128308113	128386450	0	6	669,192,147,198,161,390,	0,30039,31815,36630,77225,78828,	chr6	127881265	128366397	AL356534.1-209|transcribed_processed_pseudogene	0	-	intergenic	58856
chr6	128307541	128386759	ENSG00000146374[1,2,2]	0	+	128308113	128386450	0	6	669,192,147,198,161,390,	0,30039,31815,36630,77225,78828,	chr6	127881267	128401770	AL356534.1-210|transcribed_processed_pseudogene	0	-	intergenic	79218
chr6	128307541	128386759	ENSG00000146374[1,2,2]	0	+	128308113	128386450	0	6	669,192,147,198,161,390,	0,30039,31815,36630,77225,78828,	chr6	127881358	128401739	AL356534.1-213|transcribed_processed_pseudogene	0	-	intergenic	79218
chr6	128307541	128386759	ENSG00000146374[1,2,2]	0	+	128308113	128386450	0	6	669,192,147,198,161,390,	0,30039,31815,36630,77225,78828,	chr6	127881742	128401788	AL356534.1-214|transcribed_processed_pseudogene	0	-	intergenic	79218
chr6	128307541	128386759	ENSG00000146374[1,1,2]	0	+	128308113	128384948	0	5	669,192,147,198,1993,	0,30039,31815,36630,77225,	chr6	128337343	128401788	AL356534.1-238|transcribed_processed_pseudogene	0	-	intergenic	49416
chr6	128307541	128386759	ENSG00000146374[1,1,2]	0	+	128308113	128384948	0	5	669,192,147,198,1993,	0,30039,31815,36630,77225,	chr6	127948858	128401747	AL356534.1-216|transcribed_processed_pseudogene	0	-	intergenic	79218
chr6	128307541	128386759	ENSG00000146374[1,1,2]	0	+	128308113	128384948	0	5	669,192,147,198,1993,	0,30039,31815,36630,77225,	chr6	128005756	128401772	AL356534.1-221|transcribed_processed_pseudogene	0	-	intergenic	79218
chr6	128307541	128386759	ENSG00000146374[1,1,2]	0	+	128308113	128384948	0	5	669,192,147,198,1993,	0,30039,31815,36630,77225,	chr6	128070909	128401700	AL356534.1-222|transcribed_processed_pseudogene	0	-	intergenic	79218
chr6	128307541	128386759	ENSG00000146374[1,1,2]	0	+	128308113	128384948	0	5	669,192,147,198,1993,	0,30039,31815,36630,77225,	chr6	128073857	128401772	AL356534.1-223|transcribed_processed_pseudogene	0	-	intergenic	79218
chr6	128307541	128386759	ENSG00000146374[1,1,2]	0	+	128308113	128384948	0	5	669,192,147,198,1993,	0,30039,31815,36630,77225,	chr6	128076485	128401733	AL356534.1-226|transcribed_processed_pseudogene	0	-	intergenic	79218
chr6	128307541	128386759	ENSG00000146374[1,1,2]	0	+	128308113	128384948	0	5	669,192,147,198,1993,	0,30039,31815,36630,77225,	chr6	128188859	128401788	AL356534.1-227|transcribed_processed_pseudogene	0	-	intergenic	79218
chr6	128307541	128386759	ENSG00000146374[1,1,2]	0	+	128308113	128384948	0	5	669,192,147,198,1993,	0,30039,31815,36630,77225,	chr6	128191782	128401770	AL356534.1-230|transcribed_processed_pseudogene	0	-	intergenic	79218
chr6	128307541	128386759	ENSG00000146374[1,1,2]	0	+	128308113	128384948	0	5	669,192,147,198,1993,	0,30039,31815,36630,77225,	chr6	128193014	128366347	AL356534.1-231|transcribed_processed_pseudogene	0	-	intergenic	58806
chr6	128307541	128386759	ENSG00000146374[1,1,2]	0	+	128308113	128384948	0	5	669,192,147,198,1993,	0,30039,31815,36630,77225,	chr6	128253423	128401766	AL356534.1-232|transcribed_processed_pseudogene	0	-	intergenic	79218
chr6	128307541	128386759	ENSG00000146374[1,1,2]	0	+	128308113	128384948	0	5	669,192,147,198,1993,	0,30039,31815,36630,77225,	chr6	128258909	128366350	AL356534.1-233|transcribed_processed_pseudogene	0	-	intergenic	58809
chr6	128307541	128386759	ENSG00000146374[1,1,2]	0	+	128308113	128384948	0	5	669,192,147,198,1993,	0,30039,31815,36630,77225,	chr6	128280557	128401739	AL356534.1-234|transcribed_processed_pseudogene	0	-	intergenic	79218
chr6	128307541	128386759	ENSG00000146374[1,1,2]	0	+	128308113	128384948	0	5	669,192,147,198,1993,	0,30039,31815,36630,77225,	chr6	128309931	128401722	AL356534.1-235|transcribed_processed_pseudogene	0	-	intergenic	76828
chr6	128307541	128386759	ENSG00000146374[1,1,2]	0	+	128308113	128384948	0	5	669,192,147,198,1993,	0,30039,31815,36630,77225,	chr6	128310026	128402553	AL356534.1-236|transcribed_processed_pseudogene	0	-	intergenic	76733
chr6	128307541	128386759	ENSG00000146374[1,1,2]	0	+	128308113	128384948	0	5	669,192,147,198,1993,	0,30039,31815,36630,77225,	chr6	128313608	128401771	AL356534.1-237|transcribed_processed_pseudogene	0	-	intergenic	73151
chr6	128307541	128386759	ENSG00000146374[1,1,2]	0	+	128308113	128384948	0	5	669,192,147,198,1993,	0,30039,31815,36630,77225,	chr6	127684140	128401788	AL356534.1-203|transcribed_processed_pseudogene	0	-	intergenic	79218
chr6	128307541	128386759	ENSG00000146374[1,1,2]	0	+	128308113	128384948	0	5	669,192,147,198,1993,	0,30039,31815,36630,77225,	chr6	127684288	128401739	AL356534.1-204|transcribed_processed_pseudogene	0	-	intergenic	79218
chr6	128307541	128386759	ENSG00000146374[1,1,2]	0	+	128308113	128384948	0	5	669,192,147,198,1993,	0,30039,31815,36630,77225,	chr6	127867805	128401763	AL356534.1-206|transcribed_processed_pseudogene	0	-	intergenic	79218
chr6	128307541	128386759	ENSG00000146374[1,1,2]	0	+	128308113	128384948	0	5	669,192,147,198,1993,	0,30039,31815,36630,77225,	chr6	127881265	128366397	AL356534.1-209|transcribed_processed_pseudogene	0	-	intergenic	58856
chr6	128307541	128386759	ENSG00000146374[1,1,2]	0	+	128308113	128384948	0	5	669,192,147,198,1993,	0,30039,31815,36630,77225,	chr6	127881267	128401770	AL356534.1-210|transcribed_processed_pseudogene	0	-	intergenic	79218
chr6	128307541	128386759	ENSG00000146374[1,1,2]	0	+	128308113	128384948	0	5	669,192,147,198,1993,	0,30039,31815,36630,77225,	chr6	127881358	128401739	AL356534.1-213|transcribed_processed_pseudogene	0	-	intergenic	79218
chr6	128307541	128386759	ENSG00000146374[1,1,2]	0	+	128308113	128384948	0	5	669,192,147,198,1993,	0,30039,31815,36630,77225,	chr6	127881742	128401788	AL356534.1-214|transcribed_processed_pseudogene	0	-	intergenic	79218
chr6	128307541	128386027	ENSG00000146374[1,1,7]	0	+	128308113	128384948	0	5	669,192,147,198,1261,	0,30039,31815,36630,77225,	chr6	128337343	128401788	AL356534.1-238|transcribed_processed_pseudogene	0	-	intergenic	48684
chr6	128307541	128386027	ENSG00000146374[1,1,7]	0	+	128308113	128384948	0	5	669,192,147,198,1261,	0,30039,31815,36630,77225,	chr6	127948858	128401747	AL356534.1-216|transcribed_processed_pseudogene	0	-	intergenic	78486
chr6	128307541	128386027	ENSG00000146374[1,1,7]	0	+	128308113	128384948	0	5	669,192,147,198,1261,	0,30039,31815,36630,77225,	chr6	128005756	128401772	AL356534.1-221|transcribed_processed_pseudogene	0	-	intergenic	78486
chr6	128307541	128386027	ENSG00000146374[1,1,7]	0	+	128308113	128384948	0	5	669,192,147,198,1261,	0,30039,31815,36630,77225,	chr6	128070909	128401700	AL356534.1-222|transcribed_processed_pseudogene	0	-	intergenic	78486
chr6	128307541	128386027	ENSG00000146374[1,1,7]	0	+	128308113	128384948	0	5	669,192,147,198,1261,	0,30039,31815,36630,77225,	chr6	128073857	128401772	AL356534.1-223|transcribed_processed_pseudogene	0	-	intergenic	78486
chr6	128307541	128386027	ENSG00000146374[1,1,7]	0	+	128308113	128384948	0	5	669,192,147,198,1261,	0,30039,31815,36630,77225,	chr6	128076485	128401733	AL356534.1-226|transcribed_processed_pseudogene	0	-	intergenic	78486
chr6	128307541	128386027	ENSG00000146374[1,1,7]	0	+	128308113	128384948	0	5	669,192,147,198,1261,	0,30039,31815,36630,77225,	chr6	128188859	128401788	AL356534.1-227|transcribed_processed_pseudogene	0	-	intergenic	78486
chr6	128307541	128386027	ENSG00000146374[1,1,7]	0	+	128308113	128384948	0	5	669,192,147,198,1261,	0,30039,31815,36630,77225,	chr6	128191782	128401770	AL356534.1-230|transcribed_processed_pseudogene	0	-	intergenic	78486
chr6	128307541	128386027	ENSG00000146374[1,1,7]	0	+	128308113	128384948	0	5	669,192,147,198,1261,	0,30039,31815,36630,77225,	chr6	128193014	128366347	AL356534.1-231|transcribed_processed_pseudogene	0	-	intergenic	58806
chr6	128307541	128386027	ENSG00000146374[1,1,7]	0	+	128308113	128384948	0	5	669,192,147,198,1261,	0,30039,31815,36630,77225,	chr6	128253423	128401766	AL356534.1-232|transcribed_processed_pseudogene	0	-	intergenic	78486
chr6	128307541	128386027	ENSG00000146374[1,1,7]	0	+	128308113	128384948	0	5	669,192,147,198,1261,	0,30039,31815,36630,77225,	chr6	128258909	128366350	AL356534.1-233|transcribed_processed_pseudogene	0	-	intergenic	58809
chr6	128307541	128386027	ENSG00000146374[1,1,7]	0	+	128308113	128384948	0	5	669,192,147,198,1261,	0,30039,31815,36630,77225,	chr6	128280557	128401739	AL356534.1-234|transcribed_processed_pseudogene	0	-	intergenic	78486
chr6	128307541	128386027	ENSG00000146374[1,1,7]	0	+	128308113	128384948	0	5	669,192,147,198,1261,	0,30039,31815,36630,77225,	chr6	128309931	128401722	AL356534.1-235|transcribed_processed_pseudogene	0	-	intergenic	76096
chr6	128307541	128386027	ENSG00000146374[1,1,7]	0	+	128308113	128384948	0	5	669,192,147,198,1261,	0,30039,31815,36630,77225,	chr6	128310026	128402553	AL356534.1-236|transcribed_processed_pseudogene	0	-	intergenic	76001
chr6	128307541	128386027	ENSG00000146374[1,1,7]	0	+	128308113	128384948	0	5	669,192,147,198,1261,	0,30039,31815,36630,77225,	chr6	128313608	128401771	AL356534.1-237|transcribed_processed_pseudogene	0	-	intergenic	72419
chr6	128307541	128386027	ENSG00000146374[1,1,7]	0	+	128308113	128384948	0	5	669,192,147,198,1261,	0,30039,31815,36630,77225,	chr6	127684140	128401788	AL356534.1-203|transcribed_processed_pseudogene	0	-	intergenic	78486
chr6	128307541	128386027	ENSG00000146374[1,1,7]	0	+	128308113	128384948	0	5	669,192,147,198,1261,	0,30039,31815,36630,77225,	chr6	127684288	128401739	AL356534.1-204|transcribed_processed_pseudogene	0	-	intergenic	78486
chr6	128307541	128386027	ENSG00000146374[1,1,7]	0	+	128308113	128384948	0	5	669,192,147,198,1261,	0,30039,31815,36630,77225,	chr6	127867805	128401763	AL356534.1-206|transcribed_processed_pseudogene	0	-	intergenic	78486
chr6	128307541	128386027	ENSG00000146374[1,1,7]	0	+	128308113	128384948	0	5	669,192,147,198,1261,	0,30039,31815,36630,77225,	chr6	127881265	128366397	AL356534.1-209|transcribed_processed_pseudogene	0	-	intergenic	58856
chr6	128307541	128386027	ENSG00000146374[1,1,7]	0	+	128308113	128384948	0	5	669,192,147,198,1261,	0,30039,31815,36630,77225,	chr6	127881267	128401770	AL356534.1-210|transcribed_processed_pseudogene	0	-	intergenic	78486
chr6	128307541	128386027	ENSG00000146374[1,1,7]	0	+	128308113	128384948	0	5	669,192,147,198,1261,	0,30039,31815,36630,77225,	chr6	127881358	128401739	AL356534.1-213|transcribed_processed_pseudogene	0	-	intergenic	78486
chr6	128307541	128386027	ENSG00000146374[1,1,7]	0	+	128308113	128384948	0	5	669,192,147,198,1261,	0,30039,31815,36630,77225,	chr6	127881742	128401788	AL356534.1-214|transcribed_processed_pseudogene	0	-	intergenic	78486
chr6	128307541	128385868	ENSG00000146374[1,1,6]	0	+	128308113	128384948	0	5	669,192,147,198,1102,	0,30039,31815,36630,77225,	chr6	128337343	128401788	AL356534.1-238|transcribed_processed_pseudogene	0	-	intergenic	48525
chr6	128307541	128385868	ENSG00000146374[1,1,6]	0	+	128308113	128384948	0	5	669,192,147,198,1102,	0,30039,31815,36630,77225,	chr6	127948858	128401747	AL356534.1-216|transcribed_processed_pseudogene	0	-	intergenic	78327
chr6	128307541	128385868	ENSG00000146374[1,1,6]	0	+	128308113	128384948	0	5	669,192,147,198,1102,	0,30039,31815,36630,77225,	chr6	128005756	128401772	AL356534.1-221|transcribed_processed_pseudogene	0	-	intergenic	78327
chr6	128307541	128385868	ENSG00000146374[1,1,6]	0	+	128308113	128384948	0	5	669,192,147,198,1102,	0,30039,31815,36630,77225,	chr6	128070909	128401700	AL356534.1-222|transcribed_processed_pseudogene	0	-	intergenic	78327
chr6	128307541	128385868	ENSG00000146374[1,1,6]	0	+	128308113	128384948	0	5	669,192,147,198,1102,	0,30039,31815,36630,77225,	chr6	128073857	128401772	AL356534.1-223|transcribed_processed_pseudogene	0	-	intergenic	78327
chr6	128307541	128385868	ENSG00000146374[1,1,6]	0	+	128308113	128384948	0	5	669,192,147,198,1102,	0,30039,31815,36630,77225,	chr6	128076485	128401733	AL356534.1-226|transcribed_processed_pseudogene	0	-	intergenic	78327
chr6	128307541	128385868	ENSG00000146374[1,1,6]	0	+	128308113	128384948	0	5	669,192,147,198,1102,	0,30039,31815,36630,77225,	chr6	128188859	128401788	AL356534.1-227|transcribed_processed_pseudogene	0	-	intergenic	78327
chr6	128307541	128385868	ENSG00000146374[1,1,6]	0	+	128308113	128384948	0	5	669,192,147,198,1102,	0,30039,31815,36630,77225,	chr6	128191782	128401770	AL356534.1-230|transcribed_processed_pseudogene	0	-	intergenic	78327
chr6	128307541	128385868	ENSG00000146374[1,1,6]	0	+	128308113	128384948	0	5	669,192,147,198,1102,	0,30039,31815,36630,77225,	chr6	128193014	128366347	AL356534.1-231|transcribed_processed_pseudogene	0	-	intergenic	58806
chr6	128307541	128385868	ENSG00000146374[1,1,6]	0	+	128308113	128384948	0	5	669,192,147,198,1102,	0,30039,31815,36630,77225,	chr6	128253423	128401766	AL356534.1-232|transcribed_processed_pseudogene	0	-	intergenic	78327
chr6	128307541	128385868	ENSG00000146374[1,1,6]	0	+	128308113	128384948	0	5	669,192,147,198,1102,	0,30039,31815,36630,77225,	chr6	128258909	128366350	AL356534.1-233|transcribed_processed_pseudogene	0	-	intergenic	58809
chr6	128307541	128385868	ENSG00000146374[1,1,6]	0	+	128308113	128384948	0	5	669,192,147,198,1102,	0,30039,31815,36630,77225,	chr6	128280557	128401739	AL356534.1-234|transcribed_processed_pseudogene	0	-	intergenic	78327
chr6	128307541	128385868	ENSG00000146374[1,1,6]	0	+	128308113	128384948	0	5	669,192,147,198,1102,	0,30039,31815,36630,77225,	chr6	128309931	128401722	AL356534.1-235|transcribed_processed_pseudogene	0	-	intergenic	75937
chr6	128307541	128385868	ENSG00000146374[1,1,6]	0	+	128308113	128384948	0	5	669,192,147,198,1102,	0,30039,31815,36630,77225,	chr6	128310026	128402553	AL356534.1-236|transcribed_processed_pseudogene	0	-	intergenic	75842
chr6	128307541	128385868	ENSG00000146374[1,1,6]	0	+	128308113	128384948	0	5	669,192,147,198,1102,	0,30039,31815,36630,77225,	chr6	128313608	128401771	AL356534.1-237|transcribed_processed_pseudogene	0	-	intergenic	72260
chr6	128307541	128385868	ENSG00000146374[1,1,6]	0	+	128308113	128384948	0	5	669,192,147,198,1102,	0,30039,31815,36630,77225,	chr6	127684140	128401788	AL356534.1-203|transcribed_processed_pseudogene	0	-	intergenic	78327
chr6	128307541	128385868	ENSG00000146374[1,1,6]	0	+	128308113	128384948	0	5	669,192,147,198,1102,	0,30039,31815,36630,77225,	chr6	127684288	128401739	AL356534.1-204|transcribed_processed_pseudogene	0	-	intergenic	78327
chr6	128307541	128385868	ENSG00000146374[1,1,6]	0	+	128308113	128384948	0	5	669,192,147,198,1102,	0,30039,31815,36630,77225,	chr6	127867805	128401763	AL356534.1-206|transcribed_processed_pseudogene	0	-	intergenic	78327
chr6	128307541	128385868	ENSG00000146374[1,1,6]	0	+	128308113	128384948	0	5	669,192,147,198,1102,	0,30039,31815,36630,77225,	chr6	127881265	128366397	AL356534.1-209|transcribed_processed_pseudogene	0	-	intergenic	58856
chr6	128307541	128385868	ENSG00000146374[1,1,6]	0	+	128308113	128384948	0	5	669,192,147,198,1102,	0,30039,31815,36630,77225,	chr6	127881267	128401770	AL356534.1-210|transcribed_processed_pseudogene	0	-	intergenic	78327
chr6	128307541	128385868	ENSG00000146374[1,1,6]	0	+	128308113	128384948	0	5	669,192,147,198,1102,	0,30039,31815,36630,77225,	chr6	127881358	128401739	AL356534.1-213|transcribed_processed_pseudogene	0	-	intergenic	78327
chr6	128307541	128385868	ENSG00000146374[1,1,6]	0	+	128308113	128384948	0	5	669,192,147,198,1102,	0,30039,31815,36630,77225,	chr6	127881742	128401788	AL356534.1-214|transcribed_processed_pseudogene	0	-	intergenic	78327
chr6	128307541	128386290	ENSG00000146374[1,1,4]	0	+	128308113	128384948	0	5	669,192,147,198,1524,	0,30039,31815,36630,77225,	chr6	128337343	128401788	AL356534.1-238|transcribed_processed_pseudogene	0	-	intergenic	48947
chr6	128307541	128386290	ENSG00000146374[1,1,4]	0	+	128308113	128384948	0	5	669,192,147,198,1524,	0,30039,31815,36630,77225,	chr6	127948858	128401747	AL356534.1-216|transcribed_processed_pseudogene	0	-	intergenic	78749
chr6	128307541	128386290	ENSG00000146374[1,1,4]	0	+	128308113	128384948	0	5	669,192,147,198,1524,	0,30039,31815,36630,77225,	chr6	128005756	128401772	AL356534.1-221|transcribed_processed_pseudogene	0	-	intergenic	78749
chr6	128307541	128386290	ENSG00000146374[1,1,4]	0	+	128308113	128384948	0	5	669,192,147,198,1524,	0,30039,31815,36630,77225,	chr6	128070909	128401700	AL356534.1-222|transcribed_processed_pseudogene	0	-	intergenic	78749
chr6	128307541	128386290	ENSG00000146374[1,1,4]	0	+	128308113	128384948	0	5	669,192,147,198,1524,	0,30039,31815,36630,77225,	chr6	128073857	128401772	AL356534.1-223|transcribed_processed_pseudogene	0	-	intergenic	78749
chr6	128307541	128386290	ENSG00000146374[1,1,4]	0	+	128308113	128384948	0	5	669,192,147,198,1524,	0,30039,31815,36630,77225,	chr6	128076485	128401733	AL356534.1-226|transcribed_processed_pseudogene	0	-	intergenic	78749
chr6	128307541	128386290	ENSG00000146374[1,1,4]	0	+	128308113	128384948	0	5	669,192,147,198,1524,	0,30039,31815,36630,77225,	chr6	128188859	128401788	AL356534.1-227|transcribed_processed_pseudogene	0	-	intergenic	78749
chr6	128307541	128386290	ENSG00000146374[1,1,4]	0	+	128308113	128384948	0	5	669,192,147,198,1524,	0,30039,31815,36630,77225,	chr6	128191782	128401770	AL356534.1-230|transcribed_processed_pseudogene	0	-	intergenic	78749
chr6	128307541	128386290	ENSG00000146374[1,1,4]	0	+	128308113	128384948	0	5	669,192,147,198,1524,	0,30039,31815,36630,77225,	chr6	128193014	128366347	AL356534.1-231|transcribed_processed_pseudogene	0	-	intergenic	58806
chr6	128307541	128386290	ENSG00000146374[1,1,4]	0	+	128308113	128384948	0	5	669,192,147,198,1524,	0,30039,31815,36630,77225,	chr6	128253423	128401766	AL356534.1-232|transcribed_processed_pseudogene	0	-	intergenic	78749
chr6	128307541	128386290	ENSG00000146374[1,1,4]	0	+	128308113	128384948	0	5	669,192,147,198,1524,	0,30039,31815,36630,77225,	chr6	128258909	128366350	AL356534.1-233|transcribed_processed_pseudogene	0	-	intergenic	58809
chr6	128307541	128386290	ENSG00000146374[1,1,4]	0	+	128308113	128384948	0	5	669,192,147,198,1524,	0,30039,31815,36630,77225,	chr6	128280557	128401739	AL356534.1-234|transcribed_processed_pseudogene	0	-	intergenic	78749
chr6	128307541	128386290	ENSG00000146374[1,1,4]	0	+	128308113	128384948	0	5	669,192,147,198,1524,	0,30039,31815,36630,77225,	chr6	128309931	128401722	AL356534.1-235|transcribed_processed_pseudogene	0	-	intergenic	76359
chr6	128307541	128386290	ENSG00000146374[1,1,4]	0	+	128308113	128384948	0	5	669,192,147,198,1524,	0,30039,31815,36630,77225,	chr6	128310026	128402553	AL356534.1-236|transcribed_processed_pseudogene	0	-	intergenic	76264
chr6	128307541	128386290	ENSG00000146374[1,1,4]	0	+	128308113	128384948	0	5	669,192,147,198,1524,	0,30039,31815,36630,77225,	chr6	128313608	128401771	AL356534.1-237|transcribed_processed_pseudogene	0	-	intergenic	72682
chr6	128307541	128386290	ENSG00000146374[1,1,4]	0	+	128308113	128384948	0	5	669,192,147,198,1524,	0,30039,31815,36630,77225,	chr6	127684140	128401788	AL356534.1-203|transcribed_processed_pseudogene	0	-	intergenic	78749
chr6	128307541	128386290	ENSG00000146374[1,1,4]	0	+	128308113	128384948	0	5	669,192,147,198,1524,	0,30039,31815,36630,77225,	chr6	127684288	128401739	AL356534.1-204|transcribed_processed_pseudogene	0	-	intergenic	78749
chr6	128307541	128386290	ENSG00000146374[1,1,4]	0	+	128308113	128384948	0	5	669,192,147,198,1524,	0,30039,31815,36630,77225,	chr6	127867805	128401763	AL356534.1-206|transcribed_processed_pseudogene	0	-	intergenic	78749
chr6	128307541	128386290	ENSG00000146374[1,1,4]	0	+	128308113	128384948	0	5	669,192,147,198,1524,	0,30039,31815,36630,77225,	chr6	127881265	128366397	AL356534.1-209|transcribed_processed_pseudogene	0	-	intergenic	58856
chr6	128307541	128386290	ENSG00000146374[1,1,4]	0	+	128308113	128384948	0	5	669,192,147,198,1524,	0,30039,31815,36630,77225,	chr6	127881267	128401770	AL356534.1-210|transcribed_processed_pseudogene	0	-	intergenic	78749
chr6	128307541	128386290	ENSG00000146374[1,1,4]	0	+	128308113	128384948	0	5	669,192,147,198,1524,	0,30039,31815,36630,77225,	chr6	127881358	128401739	AL356534.1-213|transcribed_processed_pseudogene	0	-	intergenic	78749
chr6	128307541	128386290	ENSG00000146374[1,1,4]	0	+	128308113	128384948	0	5	669,192,147,198,1524,	0,30039,31815,36630,77225,	chr6	127881742	128401788	AL356534.1-214|transcribed_processed_pseudogene	0	-	intergenic	78749
chr6	128307908	128386759	ENSG00000146374[2,2,2]	0	+	128308113	128386450	0	6	302,192,147,198,161,390,	0,29672,31448,36263,76858,78461,	chr6	128337343	128401788	AL356534.1-238|transcribed_processed_pseudogene	0	-	intergenic	49416
chr6	128307908	128386759	ENSG00000146374[2,2,2]	0	+	128308113	128386450	0	6	302,192,147,198,161,390,	0,29672,31448,36263,76858,78461,	chr6	127948858	128401747	AL356534.1-216|transcribed_processed_pseudogene	0	-	intergenic	78851
chr6	128307908	128386759	ENSG00000146374[2,2,2]	0	+	128308113	128386450	0	6	302,192,147,198,161,390,	0,29672,31448,36263,76858,78461,	chr6	128005756	128401772	AL356534.1-221|transcribed_processed_pseudogene	0	-	intergenic	78851
chr6	128307908	128386759	ENSG00000146374[2,2,2]	0	+	128308113	128386450	0	6	302,192,147,198,161,390,	0,29672,31448,36263,76858,78461,	chr6	128070909	128401700	AL356534.1-222|transcribed_processed_pseudogene	0	-	intergenic	78851
chr6	128307908	128386759	ENSG00000146374[2,2,2]	0	+	128308113	128386450	0	6	302,192,147,198,161,390,	0,29672,31448,36263,76858,78461,	chr6	128073857	128401772	AL356534.1-223|transcribed_processed_pseudogene	0	-	intergenic	78851
chr6	128307908	128386759	ENSG00000146374[2,2,2]	0	+	128308113	128386450	0	6	302,192,147,198,161,390,	0,29672,31448,36263,76858,78461,	chr6	128076485	128401733	AL356534.1-226|transcribed_processed_pseudogene	0	-	intergenic	78851
chr6	128307908	128386759	ENSG00000146374[2,2,2]	0	+	128308113	128386450	0	6	302,192,147,198,161,390,	0,29672,31448,36263,76858,78461,	chr6	128188859	128401788	AL356534.1-227|transcribed_processed_pseudogene	0	-	intergenic	78851
chr6	128307908	128386759	ENSG00000146374[2,2,2]	0	+	128308113	128386450	0	6	302,192,147,198,161,390,	0,29672,31448,36263,76858,78461,	chr6	128191782	128401770	AL356534.1-230|transcribed_processed_pseudogene	0	-	intergenic	78851
chr6	128307908	128386759	ENSG00000146374[2,2,2]	0	+	128308113	128386450	0	6	302,192,147,198,161,390,	0,29672,31448,36263,76858,78461,	chr6	128193014	128366347	AL356534.1-231|transcribed_processed_pseudogene	0	-	intergenic	58439
chr6	128307908	128386759	ENSG00000146374[2,2,2]	0	+	128308113	128386450	0	6	302,192,147,198,161,390,	0,29672,31448,36263,76858,78461,	chr6	128253423	128401766	AL356534.1-232|transcribed_processed_pseudogene	0	-	intergenic	78851
chr6	128307908	128386759	ENSG00000146374[2,2,2]	0	+	128308113	128386450	0	6	302,192,147,198,161,390,	0,29672,31448,36263,76858,78461,	chr6	128258909	128366350	AL356534.1-233|transcribed_processed_pseudogene	0	-	intergenic	58442
chr6	128307908	128386759	ENSG00000146374[2,2,2]	0	+	128308113	128386450	0	6	302,192,147,198,161,390,	0,29672,31448,36263,76858,78461,	chr6	128280557	128401739	AL356534.1-234|transcribed_processed_pseudogene	0	-	intergenic	78851
chr6	128307908	128386759	ENSG00000146374[2,2,2]	0	+	128308113	128386450	0	6	302,192,147,198,161,390,	0,29672,31448,36263,76858,78461,	chr6	128309931	128401722	AL356534.1-235|transcribed_processed_pseudogene	0	-	intergenic	76828
chr6	128307908	128386759	ENSG00000146374[2,2,2]	0	+	128308113	128386450	0	6	302,192,147,198,161,390,	0,29672,31448,36263,76858,78461,	chr6	128310026	128402553	AL356534.1-236|transcribed_processed_pseudogene	0	-	intergenic	76733
chr6	128307908	128386759	ENSG00000146374[2,2,2]	0	+	128308113	128386450	0	6	302,192,147,198,161,390,	0,29672,31448,36263,76858,78461,	chr6	128313608	128401771	AL356534.1-237|transcribed_processed_pseudogene	0	-	intergenic	73151
chr6	128307908	128386759	ENSG00000146374[2,2,2]	0	+	128308113	128386450	0	6	302,192,147,198,161,390,	0,29672,31448,36263,76858,78461,	chr6	127684140	128401788	AL356534.1-203|transcribed_processed_pseudogene	0	-	intergenic	78851
chr6	128307908	128386759	ENSG00000146374[2,2,2]	0	+	128308113	128386450	0	6	302,192,147,198,161,390,	0,29672,31448,36263,76858,78461,	chr6	127684288	128401739	AL356534.1-204|transcribed_processed_pseudogene	0	-	intergenic	78851
chr6	128307908	128386759	ENSG00000146374[2,2,2]	0	+	128308113	128386450	0	6	302,192,147,198,161,390,	0,29672,31448,36263,76858,78461,	chr6	127867805	128401763	AL356534.1-206|transcribed_processed_pseudogene	0	-	intergenic	78851
chr6	128307908	128386759	ENSG00000146374[2,2,2]	0	+	128308113	128386450	0	6	302,192,147,198,161,390,	0,29672,31448,36263,76858,78461,	chr6	127881265	128366397	AL356534.1-209|transcribed_processed_pseudogene	0	-	intergenic	58489
chr6	128307908	128386759	ENSG00000146374[2,2,2]	0	+	128308113	128386450	0	6	302,192,147,198,161,390,	0,29672,31448,36263,76858,78461,	chr6	127881267	128401770	AL356534.1-210|transcribed_processed_pseudogene	0	-	intergenic	78851
chr6	128307908	128386759	ENSG00000146374[2,2,2]	0	+	128308113	128386450	0	6	302,192,147,198,161,390,	0,29672,31448,36263,76858,78461,	chr6	127881358	128401739	AL356534.1-213|transcribed_processed_pseudogene	0	-	intergenic	78851
chr6	128307908	128386759	ENSG00000146374[2,2,2]	0	+	128308113	128386450	0	6	302,192,147,198,161,390,	0,29672,31448,36263,76858,78461,	chr6	127881742	128401788	AL356534.1-214|transcribed_processed_pseudogene	0	-	intergenic	78851
chr6	128308697	128344266	ENSG00000146374[3,3,3]	0	+	128308697	128308697	0	4	192,192,147,95,	0,28883,30659,35474,	chr6	128337343	128401788	AL356534.1-238|transcribed_processed_pseudogene	0	-	intergenic	6923
chr6	128308697	128344266	ENSG00000146374[3,3,3]	0	+	128308697	128308697	0	4	192,192,147,95,	0,28883,30659,35474,	chr6	128070909	128401700	AL356534.1-222|transcribed_processed_pseudogene	0	-	intergenic	35569
chr6	128308697	128344266	ENSG00000146374[3,3,3]	0	+	128308697	128308697	0	4	192,192,147,95,	0,28883,30659,35474,	chr6	128073857	128401772	AL356534.1-223|transcribed_processed_pseudogene	0	-	intergenic	35569
chr6	128308697	128344266	ENSG00000146374[3,3,3]	0	+	128308697	128308697	0	4	192,192,147,95,	0,28883,30659,35474,	chr6	128076485	128401733	AL356534.1-226|transcribed_processed_pseudogene	0	-	intergenic	35569
chr6	128308697	128344266	ENSG00000146374[3,3,3]	0	+	128308697	128308697	0	4	192,192,147,95,	0,28883,30659,35474,	chr6	128188859	128401788	AL356534.1-227|transcribed_processed_pseudogene	0	-	intergenic	35569
chr6	128308697	128344266	ENSG00000146374[3,3,3]	0	+	128308697	128308697	0	4	192,192,147,95,	0,28883,30659,35474,	chr6	128191782	128401770	AL356534.1-230|transcribed_processed_pseudogene	0	-	intergenic	35569
chr6	128308697	128344266	ENSG00000146374[3,3,3]	0	+	128308697	128308697	0	4	192,192,147,95,	0,28883,30659,35474,	chr6	128193014	128366347	AL356534.1-231|transcribed_processed_pseudogene	0	-	intergenic	35569
chr6	128308697	128344266	ENSG00000146374[3,3,3]	0	+	128308697	128308697	0	4	192,192,147,95,	0,28883,30659,35474,	chr6	128253423	128401766	AL356534.1-232|transcribed_processed_pseudogene	0	-	intergenic	35569
chr6	128308697	128344266	ENSG00000146374[3,3,3]	0	+	128308697	128308697	0	4	192,192,147,95,	0,28883,30659,35474,	chr6	128258909	128366350	AL356534.1-233|transcribed_processed_pseudogene	0	-	intergenic	35569
chr6	128308697	128344266	ENSG00000146374[3,3,3]	0	+	128308697	128308697	0	4	192,192,147,95,	0,28883,30659,35474,	chr6	128280557	128401739	AL356534.1-234|transcribed_processed_pseudogene	0	-	intergenic	35569
chr6	128308697	128344266	ENSG00000146374[3,3,3]	0	+	128308697	128308697	0	4	192,192,147,95,	0,28883,30659,35474,	chr6	128309931	128401722	AL356534.1-235|transcribed_processed_pseudogene	0	-	intergenic	34335
chr6	128308697	128344266	ENSG00000146374[3,3,3]	0	+	128308697	128308697	0	4	192,192,147,95,	0,28883,30659,35474,	chr6	128310026	128402553	AL356534.1-236|transcribed_processed_pseudogene	0	-	intergenic	34240
chr6	128308697	128344266	ENSG00000146374[3,3,3]	0	+	128308697	128308697	0	4	192,192,147,95,	0,28883,30659,35474,	chr6	128313608	128401771	AL356534.1-237|transcribed_processed_pseudogene	0	-	intergenic	30658
chr6	128605384	128605902	ENSG00000220522[1,1,1]	0	-	128605384	128605384	0	1	518,	0,	chr6	128605434	128605852	retro_human_8752|AL590002.1-201|processed_pseudogene	0	-	intergenic	418
chr6	134063204	134063946	ENSG00000220557[1,1,1]	0	-	134063204	134063204	0	1	742,	0,	chr6	134063254	134063896	retro_human_7462|HMGB1P13-201|processed_pseudogene	0	-	intergenic	642
chr6	143261482	143274774	ENSG00000135577[3,3,3]	0	-	143261575	143274583	0	3	492,349,613,	0,2997,12679,	chr6	143261699	143274685	retro_human_467	0	-	intergenic	12986
chr6	144686310	144704178	ENSG00000001036[1,5,4]	0	-	144688117	144699650	255	7	1945,109,191,211,173,188,360,	0,3486,8029,8452,10010,13334,17508,	chr6	144689420	144697810	VDAC1P8-214|transcribed_processed_pseudogene	0	+	intergenic	8390
chr6	144686310	144704178	ENSG00000001036[1,5,4]	0	-	144688117	144699650	255	7	1945,109,191,211,173,188,360,	0,3486,8029,8452,10010,13334,17508,	chr6	144683112	144698510	VDAC1P8-205|transcribed_processed_pseudogene	0	+	intergenic	12200
chr6	144686310	144704178	ENSG00000001036[1,4,4]	0	-	144688117	144699650	255	5	1945,109,191,188,360,	0,3486,8029,13334,17508,	chr6	144689420	144697810	VDAC1P8-214|transcribed_processed_pseudogene	0	+	intergenic	8390
chr6	144686310	144704178	ENSG00000001036[1,4,4]	0	-	144688117	144699650	255	5	1945,109,191,188,360,	0,3486,8029,13334,17508,	chr6	144683112	144698510	VDAC1P8-205|transcribed_processed_pseudogene	0	+	intergenic	12200
chr6	144686310	144704178	ENSG00000001036[1,6,4]	0	-	144694523	144704042	255	6	1945,109,191,340,188,360,	0,3486,8029,10010,13334,17508,	chr6	144689420	144697810	VDAC1P8-214|transcribed_processed_pseudogene	0	+	intergenic	8390
chr6	144686310	144704178	ENSG00000001036[1,6,4]	0	-	144694523	144704042	255	6	1945,109,191,340,188,360,	0,3486,8029,10010,13334,17508,	chr6	144683112	144698510	VDAC1P8-205|transcribed_processed_pseudogene	0	+	intergenic	12200
chr6	144687169	144704178	ENSG00000001036[1,1,1]	0	-	144688117	144704042	0	7	1086,109,191,211,340,188,360,	0,2627,7170,7593,9151,12475,16649,	chr6	144689420	144697810	VDAC1P8-214|transcribed_processed_pseudogene	0	+	intergenic	8390
chr6	144687169	144704178	ENSG00000001036[1,1,1]	0	-	144688117	144704042	0	7	1086,109,191,211,340,188,360,	0,2627,7170,7593,9151,12475,16649,	chr6	144683112	144698510	VDAC1P8-205|transcribed_processed_pseudogene	0	+	intergenic	11341
chr6	144687832	144704178	ENSG00000001036[1,9,5]	0	-	144688117	144704042	255	7	423,109,188,211,340,188,360,	0,1964,6510,6930,8488,11812,15986,	chr6	144689420	144697810	VDAC1P8-214|transcribed_processed_pseudogene	0	+	intergenic	8390
chr6	144687832	144704178	ENSG00000001036[1,9,5]	0	-	144688117	144704042	255	7	423,109,188,211,340,188,360,	0,1964,6510,6930,8488,11812,15986,	chr6	144683112	144698510	VDAC1P8-205|transcribed_processed_pseudogene	0	+	intergenic	10678
chr6	144687832	144704178	ENSG00000001036[1,7,5]	0	-	144688117	144704042	255	7	423,109,191,130,340,188,360,	0,1964,6507,6930,8488,11812,15986,	chr6	144689420	144697810	VDAC1P8-214|transcribed_processed_pseudogene	0	+	intergenic	8390
chr6	144687832	144704178	ENSG00000001036[1,7,5]	0	-	144688117	144704042	255	7	423,109,191,130,340,188,360,	0,1964,6507,6930,8488,11812,15986,	chr6	144683112	144698510	VDAC1P8-205|transcribed_processed_pseudogene	0	+	intergenic	10678
chr6	144687832	144704178	ENSG00000001036[1,8,5]	0	-	144688434	144704042	255	8	423,161,109,191,211,340,188,360,	0,543,1964,6507,6930,8488,11812,15986,	chr6	144689420	144697810	VDAC1P8-214|transcribed_processed_pseudogene	0	+	intergenic	8390
chr6	144687832	144704178	ENSG00000001036[1,8,5]	0	-	144688434	144704042	255	8	423,161,109,191,211,340,188,360,	0,543,1964,6507,6930,8488,11812,15986,	chr6	144683112	144698510	VDAC1P8-205|transcribed_processed_pseudogene	0	+	intergenic	10678
chr6	144689309	144694580	ENSG00000001036[2,2,2]	0	-	144689769	144694491	0	2	596,241,	0,5030,	chr6	144689420	144697810	VDAC1P8-214|transcribed_processed_pseudogene	0	+	intergenic	5160
chr6	144689309	144694580	ENSG00000001036[2,2,2]	0	-	144689769	144694491	0	2	596,241,	0,5030,	chr6	144683112	144698510	VDAC1P8-205|transcribed_processed_pseudogene	0	+	intergenic	5271
chr6	144694302	144704178	ENSG00000001036[1,3,3]	0	-	144694447	144704042	0	3	228,188,360,	0,5342,9516,	chr6	144689420	144697810	VDAC1P8-214|transcribed_processed_pseudogene	0	+	intergenic	3508
chr6	144694302	144704178	ENSG00000001036[1,3,3]	0	-	144694447	144704042	0	3	228,188,360,	0,5342,9516,	chr6	144683112	144698510	VDAC1P8-205|transcribed_processed_pseudogene	0	+	intergenic	4208
chr6	145449602	145450293	ENSG00000216475[1,1,1]	0	-	145449602	145449602	0	1	691,	0,	chr6	145449652	145450243	retro_human_463|AL024474.1-201|processed_pseudogene	0	-	intergenic	591
chr6	155751480	155752306	ENSG00000220181[1,1,1]	0	+	155751480	155751480	0	1	826,	0,	chr6	155751530	155752256	retro_human_10288|MTRES1P1-201|processed_pseudogene	0	+	intergenic	726
chr6	158614495	158615211	ENSG00000218631[1,1,1]	0	-	158614495	158614495	0	1	716,	0,	chr6	158614545	158615161	retro_human_836|AL117344.1-201|processed_pseudogene	0	-	intergenic	616
chr6	161409675	161409992	ENSG00000216516[1,1,1]	0	-	161409675	161409675	0	1	317,	0,	chr6	161409725	161409942	retro_human_5429|AL645733.1-201|processed_pseudogene	0	-	intergenic	217
chr6	161743149	161772004	ENSG00000213071[2,2,2]	0	-	161743149	161743149	0	3	1122,160,354,	0,8939,28501,	chr6	161744163	161752225	retro_human_10926	0	-	intergenic	8062
chr6	166483200	166483630	ENSG00000217878[1,1,1]	0	-	166483200	166483200	0	1	430,	0,	chr6	166483250	166483580	AL136100.1-201|processed_pseudogene	0	-	intergenic	330
chr7	137212	137758	ENSG00000273644[1,1,1]	0	+	137212	137212	0	1	546,	0,	chr7	137262	137708	AC215522.1-201|processed_pseudogene	0	+	intergenic	446
chr7	29788816	29823128	ENSG00000225264[1,3,3]	0	-	29788816	29788816	0	2	347,533,	0,33779,	chr7	29788866	29822961	ZNRF2P2-201|transcribed_processed_pseudogene	0	-	intergenic	34095
chr7	29788816	29823128	ENSG00000225264[1,3,3]	0	-	29788816	29788816	0	2	347,533,	0,33779,	chr7	29736596	29823078	ZNRF2P2-202|transcribed_processed_pseudogene	0	-	intergenic	34262
chr7	32868138	32898995	ENSG00000237004[1,3,3]	0	+	32868138	32868138	255	3	491,80,6196,	0,22849,24661,	chr7	32868457	32893338	ZNRF2P1-202|transcribed_processed_pseudogene	0	+	intergenic	24881
chr7	32868407	32893388	ENSG00000237004[2,2,2]	0	+	32868407	32868407	0	2	222,589,	0,24392,	chr7	32868457	32893338	ZNRF2P1-202|transcribed_processed_pseudogene	0	+	intergenic	24881
chr7	49419495	49420946	ENSG00000270763[1,1,1]	0	-	49419495	49419495	0	1	1451,	0,	chr7	49419545	49420896	DDX43P2-201|processed_pseudogene	0	-	intergenic	1351
chr7	66148357	66149241	ENSG00000270948[1,1,1]	0	-	66148357	66148357	0	1	884,	0,	chr7	66148407	66149191	MTDHP1-201|processed_pseudogene	0	-	intergenic	784
chr7	68134204	68134667	ENSG00000179131[1,1,1]	0	+	68134204	68134204	0	1	463,	0,	chr7	68134254	68134617	retro_human_3352|AC073335.1-201|processed_pseudogene	0	+	intergenic	363
chr7	77358935	77362530	ENSG00000230882[1,1,1]	0	-	77358935	77358935	0	1	3595,	0,	chr7	77358985	77362480	AC005077.4-201|processed_pseudogene	0	-	intergenic	3495
chr7	79599008	79611406	ENSG00000231322[1,2,2]	0	+	79599008	79599008	0	6	235,49,155,204,119,1233,	0,1285,3035,4662,5763,11165,	chr7	79599058	79611356	RPL13AP17-204|transcribed_processed_pseudogene	0	+	intergenic	12298
chr7	86885849	86886281	ENSG00000227785[1,1,1]	0	-	86885849	86885849	0	1	432,	0,	chr7	86885899	86886231	retro_human_6941|AC092013.1-201|processed_pseudogene	0	-	intergenic	332
chr7	95930862	95931756	ENSG00000232385[1,1,1]	0	-	95930862	95930862	0	1	894,	0,	chr7	95930912	95931705	retro_human_1126|RPS3AP25-201|processed_pseudogene	0	-	intergenic	793
chr7	102042595	102067658	ENSG00000196411[1,17,1]	0	-	102059592	102067115	255	16	1076,156,194,150,216,248,114,65,103,166,1373,156,397,288,71,595,	0,2651,2986,3905,4850,10231,10579,11136,11403,14677,16007,17631,19761,21134,21693,24468,	chr7	102047481	102053075	retro_human_757	0	-	intergenic	5594
chr7	102042595	102067658	ENSG00000196411[1,18,1]	0	-	102043544	102067115	255	17	1076,156,194,150,216,248,114,65,103,166,179,333,156,397,288,71,595,	0,2651,2986,3905,4850,10231,10579,11136,11403,14677,16007,17047,17631,19761,21134,21693,24468,	chr7	102047481	102053075	retro_human_757	0	-	intergenic	5594
chr7	102042595	102052955	ENSG00000196411[10,13,1]	0	-	102043544	102052943	255	6	1076,156,194,150,216,129,	0,2651,2986,3905,4850,10231,	chr7	102047481	102053075	retro_human_757	0	-	intergenic	5474
chr7	102042595	102059863	ENSG00000196411[12,15,1]	0	-	102043544	102052943	255	11	1076,156,194,150,216,248,114,65,103,166,1261,	0,2651,2986,3905,4850,10231,10579,11136,11403,14677,16007,	chr7	102047481	102053075	retro_human_757	0	-	intergenic	5594
chr7	102042595	102057383	ENSG00000196411[11,14,1]	0	-	102043544	102052943	255	10	1076,156,194,150,216,248,114,65,103,111,	0,2651,2986,3905,4850,10231,10579,11136,11403,14677,	chr7	102047481	102053075	retro_human_757	0	-	intergenic	5594
chr7	102042595	102059863	ENSG00000196411[12,16,1]	0	-	102043544	102052943	255	12	1076,156,194,150,216,248,114,65,103,166,125,221,	0,2651,2986,3905,4850,10231,10579,11136,11403,14677,16007,17047,	chr7	102047481	102053075	retro_human_757	0	-	intergenic	5594
chr7	102042595	102065662	ENSG00000196411[7,8,1]	0	-	102043544	102063861	0	16	1076,156,194,150,216,248,114,65,103,166,125,333,156,397,288,1374,	0,2651,2986,3905,4850,10231,10579,11136,11403,14677,16007,17047,17631,19761,21134,21693,	chr7	102047481	102053075	retro_human_757	0	-	intergenic	5594
chr7	102042595	102067658	ENSG00000196411[1,3,1]	0	-	102043544	102067115	0	16	1076,194,150,216,248,114,65,103,166,125,333,156,397,288,71,595,	0,2986,3905,4850,10231,10579,11136,11403,14677,16007,17047,17631,19761,21134,21693,24468,	chr7	102047481	102053075	retro_human_757	0	-	intergenic	5594
chr7	102042595	102067250	ENSG00000196411[2,3,1]	0	-	102043544	102067115	0	16	1076,194,150,216,248,114,65,103,166,125,333,156,397,288,71,187,	0,2986,3905,4850,10231,10579,11136,11403,14677,16007,17047,17631,19761,21134,21693,24468,	chr7	102047481	102053075	retro_human_757	0	-	intergenic	5594
chr7	102042595	102067658	ENSG00000196411[1,1,1]	0	-	102043544	102067115	0	17	1076,156,194,150,216,248,114,65,103,166,125,333,156,397,288,71,595,	0,2651,2986,3905,4850,10231,10579,11136,11403,14677,16007,17047,17631,19761,21134,21693,24468,	chr7	102047481	102053075	retro_human_757	0	-	intergenic	5594
chr7	130368042	130370159	ENSG00000230359[1,1,2]	0	+	130368042	130368042	0	1	2117,	0,	chr7	130368092	130370109	retro_human_6687|TPI1P2-202|transcribed_processed_pseudogene	0	+	intergenic	2017
chr7	130368042	130370159	ENSG00000230359[1,1,2]	0	+	130368042	130368042	0	1	2117,	0,	chr7	130368888	130369640	TPI1P2-201|transcribed_processed_pseudogene	0	+	intergenic	752
chr7	133212492	133212845	ENSG00000236386[1,1,1]	0	+	133212492	133212492	0	1	353,	0,	chr7	133212542	133212795	retro_human_6695|AC009518.2-201|processed_pseudogene	0	+	intergenic	253
chr7	143118250	143119356	ENSG00000224354[1,1,1]	0	-	143118250	143118250	0	1	1106,	0,	chr7	143118300	143119306	MTND2P5-201|processed_pseudogene	0	-	intergenic	1006
chr7	146449638	146450610	ENSG00000226592[1,1,1]	0	+	146449638	146449638	0	1	972,	0,	chr7	146449688	146450560	AC004911.1-201|processed_pseudogene	0	+	intergenic	872
chr7	150503587	150503916	ENSG00000231397[1,1,1]	0	-	150503587	150503587	0	1	329,	0,	chr7	150503638	150503866	AC004941.2-201|processed_pseudogene	0	-	intergenic	228
chr7	151662357	151663532	ENSG00000271582[1,1,1]	0	-	151662357	151662357	0	1	1175,	0,	chr7	151662407	151663482	retro_human_4699|AC073111.2-201|processed_pseudogene	0	-	intergenic	1075
chr7	151919750	151920686	ENSG00000177590[1,1,1]	0	-	151919750	151919750	0	1	936,	0,	chr7	151919800	151920636	retro_human_4695|GIMAP3P-201|processed_pseudogene	0	-	intergenic	836
chr7	153301715	153302624	ENSG00000213188[1,1,1]	0	+	153301715	153301715	0	1	909,	0,	chr7	153301765	153302574	retro_human_8714|YBX1P4-201|processed_pseudogene	0	+	intergenic	809
chr8	9912	29086	ENSG00000223508[2,4,1]	0	-	9912	9912	255	2	573,153,	0,19021,	chr8	26808	29036	RPL23AP53-202|transcribed_processed_pseudogene	0	-	intergenic	2228
chr8	9912	29086	ENSG00000223508[2,4,1]	0	-	9912	9912	255	2	573,153,	0,19021,	chr8	9962	29016	RPL23AP53-203|transcribed_processed_pseudogene	0	-	intergenic	19054
chr8	9912	29086	ENSG00000223508[2,2,1]	0	-	9912	9912	0	3	573,128,153,	0,6153,19021,	chr8	26808	29036	RPL23AP53-202|transcribed_processed_pseudogene	0	-	intergenic	2228
chr8	9912	29086	ENSG00000223508[2,2,1]	0	-	9912	9912	0	3	573,128,153,	0,6153,19021,	chr8	9962	29016	RPL23AP53-203|transcribed_processed_pseudogene	0	-	intergenic	19054
chr8	26758	29086	ENSG00000223508[2,3,2]	0	-	26758	26758	0	3	213,104,153,	0,848,2175,	chr8	26808	29036	RPL23AP53-202|transcribed_processed_pseudogene	0	-	intergenic	2228
chr8	26758	29086	ENSG00000223508[2,3,2]	0	-	26758	26758	0	3	213,104,153,	0,848,2175,	chr8	9962	29016	RPL23AP53-203|transcribed_processed_pseudogene	0	-	intergenic	2258
chr8	6984257	6984703	ENSG00000255025[1,1,1]	0	-	6984257	6984257	0	1	446,	0,	chr8	6984307	6984653	AF228730.3-201|processed_pseudogene	0	-	intergenic	346
chr8	11667049	11673550	ENSG00000284655[1,2,2]	0	-	11667049	11667049	255	2	379,268,	0,6233,	chr8	11667965	11672193	retro_human_10064	0	-	intergenic	4228
chr8	11689785	11690149	ENSG00000254889[1,1,1]	0	-	11689785	11689785	0	1	364,	0,	chr8	11689832	11690181	AC105233.1-1|processed_pseudogene	0	-	intergenic	317
chr8	11667100	11673550	ENSG00000284661[1,2,2]	0	-	11673550	11673550	255	2	328,268,	0,6182,	chr8	11667965	11672193	retro_human_10064	0	-	intergenic	4228
chr8	10780280	10782969	ENSG00000233609[1,2,2]	0	-	10782969	10782969	0	3	621,96,105,	0,1295,2584,	chr8	10765095	10782209	RPL10P19-203|transcribed_processed_pseudogene	0	-	intergenic	1929
chr8	14288564	14289400	ENSG00000255437[1,1,1]	0	-	14288564	14288564	0	1	836,	0,	chr8	14288614	14289350	AC023538.1-201|processed_pseudogene	0	-	intergenic	736
chr8	18650741	18651485	ENSG00000244593[1,1,1]	0	-	18650741	18650741	0	1	744,	0,	chr8	18650791	18651435	retro_human_4167|AC025062.1-201|processed_pseudogene	0	-	intergenic	644
chr8	30630726	30632472	ENSG00000127589[1,1,2]	0	+	30630726	30630726	0	1	1746,	0,	chr8	30630776	30632422	retro_human_6806|TUBBP1-202|transcribed_processed_pseudogene	0	+	intergenic	1646
chr8	30630726	30632472	ENSG00000127589[1,1,2]	0	+	30630726	30630726	0	1	1746,	0,	chr8	30630911	30632246	TUBBP1-201|transcribed_processed_pseudogene	0	+	intergenic	1335
chr8	43558754	43559035	ENSG00000253707[1,1,1]	0	-	43558754	43558754	0	1	281,	0,	chr8	43558804	43558985	AC022616.5-201|processed_pseudogene	0	-	intergenic	181
chr8	54568824	54569379	ENSG00000270980[1,1,1]	0	-	54568824	54568824	0	1	555,	0,	chr8	54568874	54569329	retro_human_2927|AC060764.1-201|processed_pseudogene	0	-	intergenic	455
chr8	54624876	54625250	ENSG00000253840[1,1,1]	0	+	54624876	54624876	0	1	374,	0,	chr8	54624926	54625200	AC044836.1-201|processed_pseudogene	0	+	intergenic	274
chr8	56965597	56966100	ENSG00000241431[1,1,1]	0	+	56965597	56965597	0	1	503,	0,	chr8	56965647	56966050	retro_human_5951|RPL37P6-202|transcribed_processed_pseudogene	0	+	intergenic	403
chr8	56965597	56966100	ENSG00000241431[1,1,1]	0	+	56965597	56965597	0	1	503,	0,	chr8	56965669	56965963	RPL37P6-201|transcribed_processed_pseudogene	0	+	intergenic	294
chr8	56965844	56966100	ENSG00000241431[2,1,1]	0	+	56965844	56965844	0	1	256,	0,	chr8	56965647	56966050	retro_human_5951|RPL37P6-202|transcribed_processed_pseudogene	0	+	intergenic	206
chr8	56965844	56966100	ENSG00000241431[2,1,1]	0	+	56965844	56965844	0	1	256,	0,	chr8	56965669	56965963	RPL37P6-201|transcribed_processed_pseudogene	0	+	intergenic	119
chr8	104213538	104214578	ENSG00000253795[1,1,1]	0	+	104213538	104213538	0	1	1040,	0,	chr8	104213588	104214528	MTND1P5-201|processed_pseudogene	0	+	intergenic	940
chr8	108108679	108109384	ENSG00000275905[1,1,1]	0	-	108108679	108108679	0	1	705,	0,	chr8	108108768	108109334	retro_human_6860	0	-	intergenic	566
chr8	111233695	111234684	ENSG00000240590[1,1,1]	0	-	111233695	111233695	0	1	989,	0,	chr8	111233745	111234634	retro_human_6857|RPSAP48-201|processed_pseudogene	0	-	intergenic	889
chr8	122742297	122771720	ENSG00000170961[1,2,1]	0	-	122744343	122747420	255	3	2973,102,633,	0,5039,28790,	chr8	122744572	122759548	retro_human_1418	0	-	intergenic	14976
chr8	122742297	122771313	ENSG00000170961[2,1,1]	0	-	122744343	122759572	0	4	2973,102,627,226,	0,5039,16648,28790,	chr8	122744572	122759548	retro_human_1418	0	-	intergenic	14976
chr8	122742297	122771720	ENSG00000170961[1,1,1]	0	-	122744343	122759572	0	4	2973,102,627,633,	0,5039,16648,28790,	chr8	122744572	122759548	retro_human_1418	0	-	intergenic	14976
chr8	122743443	122771720	ENSG00000170961[1,1,2]	0	-	122744343	122759572	0	4	1827,102,627,633,	0,3893,15502,27644,	chr8	122744572	122759548	retro_human_1418	0	-	intergenic	14976
chr8	122743443	122771313	ENSG00000170961[2,1,2]	0	-	122744343	122759572	0	4	1827,102,627,226,	0,3893,15502,27644,	chr8	122744572	122759548	retro_human_1418	0	-	intergenic	14976
chr9	8225	18858	ENSG00000181404[4,6,1]	0	-	10659	11222	255	10	516,69,153,159,198,136,137,147,99,207,	0,656,1484,2293,2544,2919,3294,3603,3956,10426,	chr9	13256	23285	WASH5P-206|transcribed_processed_pseudogene	0	-	intergenic	5602
chr9	21407	25077	ENSG00000227518[1,1,1]	0	+	21407	21407	0	2	3176,184,	0,3486,	chr9	13256	23285	WASH5P-206|transcribed_processed_pseudogene	0	-	intergenic	1878
chr9	4773679	4775058	ENSG00000270639[1,1,1]	0	-	4773679	4773679	0	1	1379,	0,	chr9	4773729	4775008	ECM1P1-201|processed_pseudogene	0	-	intergenic	1279
chr9	14050171	14051417	ENSG00000223568[1,1,1]	0	-	14050171	14050171	0	1	1246,	0,	chr9	14050221	14051367	retro_human_4436|RPL3P11-201|processed_pseudogene	0	-	intergenic	1146
chr9	20345180	20346112	ENSG00000237434[1,1,1]	0	+	20345180	20345180	0	1	932,	0,	chr9	20345230	20346062	retro_human_9015|AL512635.1-201|processed_pseudogene	0	+	intergenic	832
chr9	29649615	29650083	ENSG00000229834[1,1,1]	0	+	29649615	29649615	0	1	468,	0,	chr9	29649665	29650033	retro_human_3147|AL354676.1-201|processed_pseudogene	0	+	intergenic	368
chr9	33693616	33696060	ENSG00000237984[2,1,3]	0	-	33693616	33693616	0	1	2444,	0,	chr9	33693947	33695162	PTENP1-201|transcribed_processed_pseudogene	0	-	intergenic	1215
chr9	33693897	33695212	ENSG00000237984[1,1,2]	0	-	33693897	33693897	0	1	1315,	0,	chr9	33693947	33695162	PTENP1-201|transcribed_processed_pseudogene	0	-	intergenic	1215
chr9	35029834	35030517	ENSG00000233148[1,1,1]	0	+	35029834	35029834	0	1	683,	0,	chr9	35029884	35030467	retro_human_7309|SYF2P2-201|processed_pseudogene	0	+	intergenic	583
chr9	37859898	37860349	ENSG00000232454[1,1,1]	0	+	37860103	37860301	0	1	451,	0,	chr9	37859741	37859947	retro_human_10232	0	-	intergenic	49
chr9	104337697	104340051	ENSG00000224809[1,1,1]	0	+	104337697	104337697	0	1	2354,	0,	chr9	104337747	104340001	retro_human_8162|BEND3P2-201|processed_pseudogene	0	+	intergenic	2254
chr9	108317314	108319264	ENSG00000224546[1,1,1]	0	+	108317314	108317314	0	1	1950,	0,	chr9	108317364	108319214	retro_human_8157|EIF4BP3-201|processed_pseudogene	0	+	intergenic	1850
chr9	120208710	120209190	ENSG00000213557[1,1,1]	0	+	120208710	120208710	0	1	480,	0,	chr9	120208760	120209140	retro_human_9530|AC068050.1-201|processed_pseudogene	0	+	intergenic	380
chr9	126888281	126888775	ENSG00000230284[1,1,1]	0	-	126888281	126888281	0	1	494,	0,	chr9	126888331	126888725	retro_human_5645|AL160275.1-201|processed_pseudogene	0	-	intergenic	394
chr9	132916778	132918176	ENSG00000238181[1,1,1]	0	+	132916778	132916778	0	1	1398,	0,	chr9	132916828	132918126	retro_human_8346|AHCYP2-201|processed_pseudogene	0	+	intergenic	1298
chr9	133008583	133009054	ENSG00000270917[1,1,1]	0	-	133008583	133008583	0	1	471,	0,	chr9	133008633	133009004	AL161911.1-201|processed_pseudogene	0	-	intergenic	371
chr9	135553820	135578107	ENSG00000148204[1,1,3]	0	+	135553954	135574793	0	13	228,324,196,140,186,114,873,509,166,787,117,127,3536,	0,6738,9838,10148,11094,11486,14021,14983,16090,17047,18492,19130,20751,	chr9	135560588	135563795	retro_human_2497	0	+	intergenic	3207
chr9	135553820	135576537	ENSG00000148204[1,1,1]	0	+	135553954	135574793	0	13	228,324,196,140,186,114,873,509,166,787,117,127,1966,	0,6738,9838,10148,11094,11486,14021,14983,16090,17047,18492,19130,20751,	chr9	135560588	135563795	retro_human_2497	0	+	intergenic	3207
chr9	135553820	135571883	ENSG00000148204[1,2,2]	0	+	135553954	135571793	0	10	228,324,196,140,186,114,873,509,166,1016,	0,6738,9838,10148,11094,11486,14021,14983,16090,17047,	chr9	135560588	135563795	retro_human_2497	0	+	intergenic	3207
chr9	137571458	137572000	ENSG00000227845[1,1,1]	0	-	137571458	137571458	0	1	542,	0,	chr9	137571508	137571950	retro_human_5251|AL627223.1-201|processed_pseudogene	0	-	intergenic	442
chr9	149170149	149171566	ENSG00000213590[1,1,1]	0	+	149170149	149170149	0	1	1417,	0,	chr9	149170199	149171516	AL807752.1-201|processed_pseudogene	0	+	intergenic	1317
chrX	15781884	15782846	ENSG00000215313[1,1,1]	0	-	15781884	15781884	0	1	962,	0,	chrX	15781934	15782796	retro_human_11065|RPL6P30-201|processed_pseudogene	0	-	intergenic	862
chrX	26244635	26244952	ENSG00000236160[1,1,1]	0	-	26244635	26244635	0	1	317,	0,	chrX	26244685	26244902	AC005345.1-201|processed_pseudogene	0	-	intergenic	217
chrX	34312051	34312720	ENSG00000225384[1,1,1]	0	-	34312051	34312051	0	1	669,	0,	chrX	34312117	34312670	AL606662.1-201|processed_pseudogene	0	-	intergenic	553
chrX	35460376	35465250	ENSG00000271519[1,1,1]	0	+	35460376	35460376	0	1	4874,	0,	chrX	35460426	35465200	AL590065.1-201|processed_pseudogene	0	+	intergenic	4774
chrX	40336112	40337095	ENSG00000216866[1,1,1]	0	-	40336112	40336112	0	1	983,	0,	chrX	40336162	40337045	retro_human_7111|RPS2P55-201|processed_pseudogene	0	-	intergenic	883
chrX	56975801	56979095	ENSG00000215174[1,1,1]	0	-	56978910	56979045	0	1	3294,	0,	chrX	56975972	56979045	retro_human_546	0	-	intergenic	3073
chrX	70223095	70223446	ENSG00000224617[1,1,1]	0	-	70223095	70223095	0	1	351,	0,	chrX	70223145	70223396	retro_human_152|BX276092.1-201|processed_pseudogene	0	-	intergenic	251
chrX	71559514	71561661	ENSG00000204118[2,1,1]	0	-	71559514	71559514	0	1	2147,	0,	chrX	71559564	71561611	retro_human_164|NAP1L6P-201|transcribed_processed_pseudogene	0	-	intergenic	2047
chrX	71559514	71561661	ENSG00000204118[2,1,1]	0	-	71559514	71559514	0	1	2147,	0,	chrX	71560041	71561266	NAP1L6P-202|transcribed_processed_pseudogene	0	-	intergenic	1225
chrX	71559991	71561316	ENSG00000204118[1,1,2]	0	-	71559991	71559991	0	1	1325,	0,	chrX	71559564	71561611	retro_human_164|NAP1L6P-201|transcribed_processed_pseudogene	0	-	intergenic	1325
chrX	71559991	71561316	ENSG00000204118[1,1,2]	0	-	71559991	71559991	0	1	1325,	0,	chrX	71560041	71561266	NAP1L6P-202|transcribed_processed_pseudogene	0	-	intergenic	1225
chrX	72809536	72810399	ENSG00000213269[1,1,1]	0	-	72809536	72809536	0	1	863,	0,	chrX	72809586	72810349	retro_human_9430|AC004386.1-201|processed_pseudogene	0	-	intergenic	763
chrX	76345687	76400007	ENSG00000248503[1,2,3]	0	+	76399667	76399964	0	2	204,2317,	0,52003,	chrX	76345796	76399958	AL356235.1-201|transcribed_processed_pseudogene	0	+	intergenic	54162
chrX	76345695	76410844	ENSG00000165240[1,14,5]	0	+	76406709	76409839	0	5	196,54,141,64,266,	0,12359,60993,64117,64883,	chrX	76345796	76399958	AL356235.1-201|transcribed_processed_pseudogene	0	+	intergenic	54162
chrX	76345695	76485525	ENSG00000165240[1,31,1]	0	+	76406709	76481647	0	22	196,141,490,726,207,164,162,77,226,92,128,155,135,195,183,217,147,143,204,118,103,4152,	0,60993,77616,78607,87852,92451,98480,100555,100828,104041,105133,109623,110324,118633,120783,122988,128219,129974,131968,132700,134854,135678,	chrX	76345796	76399958	AL356235.1-201|transcribed_processed_pseudogene	0	+	intergenic	54162
chrX	76345695	76485054	ENSG00000165240[1,1,29]	0	+	76406709	76481647	0	23	196,141,490,726,207,164,162,77,226,234,92,128,155,135,195,183,217,147,143,204,118,103,3681,	0,60993,77616,78607,87852,92451,98480,100555,100828,102258,104041,105133,109623,110324,118633,120783,122988,128219,129974,131968,132700,134854,135678,	chrX	76345796	76399958	AL356235.1-201|transcribed_processed_pseudogene	0	+	intergenic	54162
chrX	76345695	76482381	ENSG00000165240[1,1,30]	0	+	76406709	76481647	0	23	196,141,490,726,207,164,162,77,226,234,92,128,155,135,195,183,217,147,143,204,118,103,1008,	0,60993,77616,78607,87852,92451,98480,100555,100828,102258,104041,105133,109623,110324,118633,120783,122988,128219,129974,131968,132700,134854,135678,	chrX	76345796	76399958	AL356235.1-201|transcribed_processed_pseudogene	0	+	intergenic	54162
chrX	76345695	76485525	ENSG00000165240[1,1,1]	0	+	76406709	76481647	0	23	196,141,490,726,207,164,162,77,226,234,92,128,155,135,195,183,217,147,143,204,118,103,4152,	0,60993,77616,78607,87852,92451,98480,100555,100828,102258,104041,105133,109623,110324,118633,120783,122988,128219,129974,131968,132700,134854,135678,	chrX	76345796	76399958	AL356235.1-201|transcribed_processed_pseudogene	0	+	intergenic	54162
chrX	92018909	92019755	ENSG00000228301[1,1,1]	0	+	92018909	92018909	0	1	846,	0,	chrX	92018959	92019705	retro_human_9084|RPL7P55-201|processed_pseudogene	0	+	intergenic	746
chrX	94166218	94167220	ENSG00000270583[1,1,1]	0	+	94166218	94166218	0	1	1002,	0,	chrX	94166268	94167170	retro_human_3607|AL365400.2-201|processed_pseudogene	0	+	intergenic	902
chrX	100453073	100453696	ENSG00000234901[1,1,1]	0	-	100453073	100453073	0	1	623,	0,	chrX	100453123	100453646	MTND6P13-201|processed_pseudogene	0	-	intergenic	523
chrX	116275324	116351359	ENSG00000003096[1,9,1]	0	-	116276472	116350399	255	8	1633,114,796,197,133,142,113,479,	0,4070,11534,21754,22471,47681,74977,75556,	chrX	116276587	116287642	retro_human_4420	0	-	intergenic	11055
chrX	116275324	116351359	ENSG00000003096[1,3,1]	0	-	116276472	116350960	0	7	1633,114,796,197,133,142,479,	0,4070,11534,21754,22471,47681,75556,	chrX	116276587	116287642	retro_human_4420	0	-	intergenic	11055
chrX	116275324	116351200	ENSG00000003096[3,3,1]	0	-	116276472	116350960	0	7	1633,114,796,197,133,142,320,	0,4070,11534,21754,22471,47681,75556,	chrX	116276587	116287642	retro_human_4420	0	-	intergenic	11055
chrX	116275324	116325564	ENSG00000003096[2,2,1]	0	-	116276472	116323119	0	6	1633,114,796,197,133,2559,	0,4070,11534,21754,22471,47681,	chrX	116276587	116287642	retro_human_4420	0	-	intergenic	11055
chrX	116275324	116350412	ENSG00000003096[8,1,1]	0	-	116276472	116350399	0	7	1633,114,796,197,133,142,111,	0,4070,11534,21754,22471,47681,74977,	chrX	116276587	116287642	retro_human_4420	0	-	intergenic	11055
chrX	116275324	116351359	ENSG00000003096[1,1,1]	0	-	116276472	116350399	0	7	1633,114,796,197,133,142,1058,	0,4070,11534,21754,22471,47681,74977,	chrX	116276587	116287642	retro_human_4420	0	-	intergenic	11055
chrX	116276083	116362936	ENSG00000003096[4,4,2]	0	-	116276472	116362846	0	8	874,114,796,197,133,142,66,131,	0,3311,10775,20995,21712,46922,84962,86722,	chrX	116276587	116287642	retro_human_4420	0	-	intergenic	11055
chrX	118596353	118620380	ENSG00000233382[2,6,6]	0	-	118596353	118596353	0	2	348,560,	0,23467,	chrX	118496064	118619945	NKAPP1-204|transcribed_processed_pseudogene	0	-	intergenic	23592
chrX	118596353	118620380	ENSG00000233382[2,6,6]	0	-	118596353	118596353	0	2	348,560,	0,23467,	chrX	118596403	118620118	NKAPP1-202|transcribed_processed_pseudogene	0	-	intergenic	23715
chrX	118596353	118620380	ENSG00000233382[2,6,6]	0	-	118596353	118596353	0	2	348,560,	0,23467,	chrX	118553548	118620324	NKAPP1-203|transcribed_processed_pseudogene	0	-	intergenic	23971
chrX	118611464	118620380	ENSG00000233382[2,3,2]	0	-	118611464	118611464	0	3	1835,129,560,	0,3819,8356,	chrX	118596403	118620118	NKAPP1-202|transcribed_processed_pseudogene	0	-	intergenic	8654
chrX	118611464	118620380	ENSG00000233382[2,3,2]	0	-	118611464	118611464	0	3	1835,129,560,	0,3819,8356,	chrX	118553548	118620324	NKAPP1-203|transcribed_processed_pseudogene	0	-	intergenic	8860
chrX	118612987	118620380	ENSG00000233382[2,3,7]	0	-	118612987	118612987	0	3	312,129,560,	0,2296,6833,	chrX	118596403	118620118	NKAPP1-202|transcribed_processed_pseudogene	0	-	intergenic	7131
chrX	118612987	118620380	ENSG00000233382[2,3,7]	0	-	118612987	118612987	0	3	312,129,560,	0,2296,6833,	chrX	118553548	118620324	NKAPP1-203|transcribed_processed_pseudogene	0	-	intergenic	7337
chrX	128490404	128503725	ENSG00000134594[2,1,1]	0	+	128490868	128503542	0	2	722,636,	0,12685,	chrX	128490974	128503524	retro_human_1143	0	+	intergenic	12550
chrX	128490717	128503725	ENSG00000134594[1,1,1]	0	+	128490868	128503542	0	2	409,636,	0,12372,	chrX	128490974	128503524	retro_human_1143	0	+	intergenic	12550
chrX	130261829	130262113	ENSG00000235190[1,1,1]	0	+	130261829	130261829	0	1	284,	0,	chrX	130261879	130262063	retro_human_8170|AL008629.1-201|processed_pseudogene	0	+	intergenic	184
chrX	135634953	135635130	ENSG00000214748[1,1,1]	0	-	135634953	135634953	0	1	177,	0,	chrX	135635002	135635080	AL355309.1-201|processed_pseudogene	0	-	intergenic	78
chrX	138344218	138345455	ENSG00000214653[1,1,1]	0	+	138344218	138344218	0	1	1237,	0,	chrX	138344268	138345405	retro_human_3816|HNRNPA3P3-201|processed_pseudogene	0	+	intergenic	1137
chrX	151872918	151882912	ENSG00000260081[1,2,2]	0	+	151872918	151872918	0	2	634,2073,	0,7921,	chrX	151873025	151878006	AF274858.1-204|transcribed_processed_pseudogene	0	+	intergenic	4981
chrX	151872918	151881637	ENSG00000260081[1,5,6]	0	+	151872918	151872918	0	2	634,1540,	0,7179,	chrX	151873025	151878006	AF274858.1-204|transcribed_processed_pseudogene	0	+	intergenic	4981
chrX	151872918	151873597	ENSG00000260081[1,1,4]	0	+	151872918	151872918	0	1	679,	0,	chrX	151873025	151878006	AF274858.1-204|transcribed_processed_pseudogene	0	+	intergenic	572
chr10	7153849	7154066	ENSG00000270811[1,1,1]	0	+	7153849	7153849	0	1	217,	0,	chr10	7153899	7154016	AL590095.1-201|processed_pseudogene	0	+	intergenic	117
chr10	30434149	30434829	ENSG00000224473[1,1,1]	0	-	30434149	30434149	0	1	680,	0,	chr10	30434199	30434779	retro_human_6720|CCND3P1-201|processed_pseudogene	0	-	intergenic	580
chr10	36552989	36555603	ENSG00000229644[1,1,1]	0	-	36552989	36552989	0	1	2614,	0,	chr10	36553039	36555553	retro_human_7133|NAMPTP1-201|processed_pseudogene	0	-	intergenic	2514
chr10	43398314	43430421	ENSG00000234420[2,4,3]	0	-	43398314	43398314	0	5	357,124,127,121,2319,	0,2411,2843,4771,29788,	chr10	43398330	43430368	ZNF37BP-201|transcribed_processed_pseudogene	0	-	intergenic	32038
chr10	43398314	43430421	ENSG00000234420[2,4,3]	0	-	43398314	43398314	0	5	357,124,127,121,2319,	0,2411,2843,4771,29788,	chr10	43398366	43430354	ZNF37BP-204|transcribed_processed_pseudogene	0	-	intergenic	31988
chr10	46693662	46694059	ENSG00000270434[1,1,1]	0	-	46693662	46693662	0	1	397,	0,	chr10	46693712	46694009	AC012044.1-201|processed_pseudogene	0	-	intergenic	297
chr10	97631471	97632183	ENSG00000236552[1,1,1]	0	+	97631471	97631471	0	1	712,	0,	chr10	97631521	97632133	retro_human_9717|RPL13AP5-201|processed_pseudogene	0	+	intergenic	612
chr10	120623567	120726780	ENSG00000198825[1,16,1]	0	+	120689508	120725360	0	18	368,81,168,57,199,180,68,125,78,121,129,118,199,72,74,129,88,2567,	0,25073,65881,66169,70727,71473,72555,78185,79396,80372,81944,84112,85769,94861,96446,97086,97830,100646,	chr10	120691168	120713539	PHACTR2P1-202|transcribed_processed_pseudogene	0	-	intergenic	22371
chr10	120623567	120724970	ENSG00000198825[1,1,9]	0	+	120695115	120696170	0	20	368,81,137,129,168,57,199,180,68,125,78,121,129,118,199,72,74,129,88,757,	0,25073,55625,65529,65881,66169,70727,71473,72555,78185,79396,80372,81944,84112,85769,94861,96446,97086,97830,100646,	chr10	120691168	120713539	PHACTR2P1-202|transcribed_processed_pseudogene	0	-	intergenic	22371
chr10	120623567	120726780	ENSG00000198825[1,1,1]	0	+	120623838	120725360	0	20	368,81,137,129,168,57,199,180,68,125,78,121,129,118,199,72,74,129,88,2567,	0,25073,55625,65529,65881,66169,70727,71473,72555,78185,79396,80372,81944,84112,85769,94861,96446,97086,97830,100646,	chr10	120691168	120713539	PHACTR2P1-202|transcribed_processed_pseudogene	0	-	intergenic	22371
chr10	123754618	123773754	ENSG00000255624[1,1,2]	0	+	123754618	123754618	0	6	130,86,70,136,455,974,	0,1040,1967,5086,8638,18162,	chr10	123754668	123773603	C10orf88B-202|transcribed_processed_pseudogene	0	+	intergenic	18935
chr10	123754618	123773754	ENSG00000255624[1,1,2]	0	+	123754618	123754618	0	6	130,86,70,136,455,974,	0,1040,1967,5086,8638,18162,	chr10	123754838	123773012	C10orf88B-201|transcribed_processed_pseudogene	0	+	intergenic	18174
chr10	124199886	124200151	ENSG00000270902[1,1,1]	0	-	124199886	124199886	0	1	265,	0,	chr10	124199936	124200101	retro_human_4192|AL160290.2-201|processed_pseudogene	0	-	intergenic	165
chr11	2418014	2467410	ENSG00000238184[1,1,1]	0	-	2418014	2418014	0	3	994,109,457,	0,6249,48939,	chr11	2424489	2437040	RPL26P30-202|transcribed_processed_pseudogene	0	-	intergenic	12551
chr11	3380391	3380774	ENSG00000273813[1,1,1]	0	-	3380391	3380391	0	1	383,	0,	chr11	3380444	3380776	AC109309.2-201|processed_pseudogene	0	-	intergenic	330
chr11	6355561	6357079	ENSG00000270435[1,1,1]	0	-	6355561	6355561	0	1	1518,	0,	chr11	6355611	6357029	retro_human_3533|AC068733.2-201|processed_pseudogene	0	-	intergenic	1418
chr11	6806524	6808818	ENSG00000254781[1,1,1]	0	+	6806524	6806524	0	1	2294,	0,	chr11	6806574	6808768	GVINP2-201|processed_pseudogene	0	+	intergenic	2194
chr11	33995565	34007624	ENSG00000135363[6,10,1]	0	-	33996399	34006431	255	5	1051,216,241,163,239,	0,6081,10825,11304,11820,	chr11	33996424	34001816	retro_human_8235	0	-	intergenic	5392
chr11	33995565	34007624	ENSG00000135363[6,11,1]	0	-	33996399	34006431	255	4	1051,216,241,235,	0,6081,10825,11824,	chr11	33996424	34001816	retro_human_8235	0	-	intergenic	5392
chr11	33995565	34007624	ENSG00000135363[6,12,1]	0	-	33996399	34006431	255	4	1051,216,642,235,	0,6081,10825,11824,	chr11	33996424	34001816	retro_human_8235	0	-	intergenic	5392
chr11	33995565	34007624	ENSG00000135363[6,13,1]	0	-	33996399	34006431	255	5	1051,216,241,163,235,	0,6081,10825,11304,11824,	chr11	33996424	34001816	retro_human_8235	0	-	intergenic	5392
chr11	33995565	34007407	ENSG00000135363[5,8,1]	0	-	33996399	34006761	255	4	1051,216,241,653,	0,6081,10825,11189,	chr11	33996424	34001816	retro_human_8235	0	-	intergenic	5392
chr11	33995565	34006911	ENSG00000135363[2,8,1]	0	-	33996399	34006761	255	4	1051,216,241,157,	0,6081,10825,11189,	chr11	33996424	34001816	retro_human_8235	0	-	intergenic	5392
chr11	33995565	34007407	ENSG00000135363[5,9,1]	0	-	33996399	34006431	255	4	1051,216,241,538,	0,6081,10825,11304,	chr11	33996424	34001816	retro_human_8235	0	-	intergenic	5392
chr11	33995565	34006911	ENSG00000135363[2,9,1]	0	-	33996399	34006431	255	4	1051,216,241,42,	0,6081,10825,11304,	chr11	33996424	34001816	retro_human_8235	0	-	intergenic	5392
chr11	33995565	34002246	ENSG00000135363[3,3,1]	0	-	33996399	34001882	0	2	1051,600,	0,6081,	chr11	33996424	34001816	retro_human_8235	0	-	intergenic	5392
chr11	33995565	34006911	ENSG00000135363[2,4,1]	0	-	33996399	34001882	0	3	1051,328,521,	0,6081,10825,	chr11	33996424	34001816	retro_human_8235	0	-	intergenic	5392
chr11	33995565	34006631	ENSG00000135363[4,4,1]	0	-	33996399	34001882	0	3	1051,328,241,	0,6081,10825,	chr11	33996424	34001816	retro_human_8235	0	-	intergenic	5392
chr11	33995565	34007407	ENSG00000135363[5,2,1]	0	-	33996399	34006431	0	3	1051,216,1017,	0,6081,10825,	chr11	33996424	34001816	retro_human_8235	0	-	intergenic	5392
chr11	33995565	34006631	ENSG00000135363[4,2,1]	0	-	33996399	34006431	0	3	1051,216,241,	0,6081,10825,	chr11	33996424	34001816	retro_human_8235	0	-	intergenic	5392
chr11	33995565	34006911	ENSG00000135363[2,2,1]	0	-	33996399	34006431	0	3	1051,216,521,	0,6081,10825,	chr11	33996424	34001816	retro_human_8235	0	-	intergenic	5392
chr11	44785324	44785742	ENSG00000244267[1,1,1]	0	+	44785324	44785324	0	1	418,	0,	chr11	44785374	44785692	retro_human_6749|RPL34P22-201|processed_pseudogene	0	+	intergenic	318
chr11	49162919	49169039	ENSG00000254764[1,1,1]	0	-	49162919	49162919	0	6	549,98,23,231,96,461,	0,1642,2603,3327,5278,5659,	chr11	49162973	49168989	retro_human_1405	0	-	intergenic	6016
chr11	61603855	61628370	ENSG00000243742[1,2,2]	0	+	61603855	61603855	0	5	143,143,198,226,2917,	0,9999,13855,21142,21598,	chr11	61603906	61625110	RPLP0P2-203|transcribed_processed_pseudogene	0	+	intergenic	21204
chr11	61603855	61628370	ENSG00000243742[1,2,2]	0	+	61603855	61603855	0	5	143,143,198,226,2917,	0,9999,13855,21142,21598,	chr11	61617641	61625181	RPLP0P2-202|transcribed_processed_pseudogene	0	+	intergenic	7540
chr11	61603855	61628370	ENSG00000243742[1,2,2]	0	+	61603855	61603855	0	5	143,143,198,226,2917,	0,9999,13855,21142,21598,	chr11	61617696	61625256	RPLP0P2-201|transcribed_processed_pseudogene	0	+	intergenic	7560
chr11	61603855	61628370	ENSG00000243742[1,2,2]	0	+	61603855	61603855	0	5	143,143,198,226,2917,	0,9999,13855,21142,21598,	chr11	61617729	61625391	RPLP0P2-205|transcribed_processed_pseudogene	0	+	intergenic	7662
chr11	61603855	61628370	ENSG00000243742[1,3,2]	0	+	61603855	61603855	0	4	143,143,198,3400,	0,9999,13855,21115,	chr11	61603906	61625110	RPLP0P2-203|transcribed_processed_pseudogene	0	+	intergenic	21204
chr11	61603855	61628370	ENSG00000243742[1,3,2]	0	+	61603855	61603855	0	4	143,143,198,3400,	0,9999,13855,21115,	chr11	61617641	61625181	RPLP0P2-202|transcribed_processed_pseudogene	0	+	intergenic	7540
chr11	61603855	61628370	ENSG00000243742[1,3,2]	0	+	61603855	61603855	0	4	143,143,198,3400,	0,9999,13855,21115,	chr11	61617696	61625256	RPLP0P2-201|transcribed_processed_pseudogene	0	+	intergenic	7560
chr11	61603855	61628370	ENSG00000243742[1,3,2]	0	+	61603855	61603855	0	4	143,143,198,3400,	0,9999,13855,21115,	chr11	61617729	61625391	RPLP0P2-205|transcribed_processed_pseudogene	0	+	intergenic	7662
chr11	61603855	61625441	ENSG00000243742[1,3,3]	0	+	61603855	61603855	0	4	143,143,198,471,	0,9999,13855,21115,	chr11	61603906	61625110	RPLP0P2-203|transcribed_processed_pseudogene	0	+	intergenic	21204
chr11	61603855	61625441	ENSG00000243742[1,3,3]	0	+	61603855	61603855	0	4	143,143,198,471,	0,9999,13855,21115,	chr11	61617641	61625181	RPLP0P2-202|transcribed_processed_pseudogene	0	+	intergenic	7540
chr11	61603855	61625441	ENSG00000243742[1,3,3]	0	+	61603855	61603855	0	4	143,143,198,471,	0,9999,13855,21115,	chr11	61617696	61625256	RPLP0P2-201|transcribed_processed_pseudogene	0	+	intergenic	7560
chr11	61603855	61625441	ENSG00000243742[1,3,3]	0	+	61603855	61603855	0	4	143,143,198,471,	0,9999,13855,21115,	chr11	61617729	61625391	RPLP0P2-205|transcribed_processed_pseudogene	0	+	intergenic	7662
chr11	61617591	61625441	ENSG00000243742[3,6,3]	0	+	61617591	61617591	0	2	317,444,	0,7406,	chr11	61603906	61625110	RPLP0P2-203|transcribed_processed_pseudogene	0	+	intergenic	7519
chr11	61617591	61625441	ENSG00000243742[3,6,3]	0	+	61617591	61617591	0	2	317,444,	0,7406,	chr11	61617641	61625181	RPLP0P2-202|transcribed_processed_pseudogene	0	+	intergenic	7540
chr11	61617591	61625441	ENSG00000243742[3,6,3]	0	+	61617591	61617591	0	2	317,444,	0,7406,	chr11	61617696	61625256	RPLP0P2-201|transcribed_processed_pseudogene	0	+	intergenic	7560
chr11	61617591	61625441	ENSG00000243742[3,6,3]	0	+	61617591	61617591	0	2	317,444,	0,7406,	chr11	61617729	61625391	RPLP0P2-205|transcribed_processed_pseudogene	0	+	intergenic	7662
chr11	62001335	62002287	ENSG00000244176[1,1,1]	0	-	62001335	62001335	0	1	952,	0,	chr11	62001385	62002237	retro_human_6854|AP003733.1-201|processed_pseudogene	0	-	intergenic	852
chr11	64844923	64873005	ENSG00000110047[2,1,1]	0	-	64847667	64871706	0	5	3266,165,413,98,1703,	0,3730,8240,22739,26379,	chr11	64853257	64871655	retro_human_2984	0	-	intergenic	18398
chr11	64846009	64868958	ENSG00000110047[6,14,2]	0	-	64847667	64853391	255	3	2180,165,15795,	0,2644,7154,	chr11	64853257	64871655	retro_human_2984	0	-	intergenic	15701
chr11	64846009	64871913	ENSG00000110047[1,1,2]	0	-	64847667	64871706	0	5	2180,165,413,98,611,	0,2644,7154,21653,25293,	chr11	64853257	64871655	retro_human_2984	0	-	intergenic	18398
chr11	64846910	64868958	ENSG00000110047[6,14,11]	0	-	64847667	64853391	255	3	1279,165,15795,	0,1743,6253,	chr11	64853257	64871655	retro_human_2984	0	-	intergenic	15701
chr11	64846910	64871913	ENSG00000110047[1,1,11]	0	-	64847667	64871706	0	5	1279,165,413,98,611,	0,1743,6253,20752,24392,	chr11	64853257	64871655	retro_human_2984	0	-	intergenic	18398
chr11	64852815	64871913	ENSG00000110047[1,9,7]	0	-	64852977	64871706	0	3	761,98,611,	0,14847,18487,	chr11	64853257	64871655	retro_human_2984	0	-	intergenic	18398
chr11	74770374	74878784	ENSG00000166435[1,2,1]	0	-	74772717	74836721	0	16	2594,106,116,199,348,116,94,41,218,129,134,98,73,72,185,323,	0,2994,3308,4213,7250,10223,11124,22117,65379,66285,80356,86534,89443,92946,96029,108087,	chr11	74805799	74843277	AP001992.1-201|transcribed_processed_pseudogene	0	+	intergenic	37478
chr11	74770374	74878784	ENSG00000166435[1,2,1]	0	-	74772717	74836721	0	16	2594,106,116,199,348,116,94,41,218,129,134,98,73,72,185,323,	0,2994,3308,4213,7250,10223,11124,22117,65379,66285,80356,86534,89443,92946,96029,108087,	chr11	74806273	74849479	AP001992.1-202|transcribed_processed_pseudogene	0	+	intergenic	43206
chr11	74772432	74835926	ENSG00000166435[4,8,3]	0	-	74772717	74835768	0	8	536,106,116,199,348,116,94,173,	0,936,1250,2155,5192,8165,9066,63321,	chr11	74805799	74843277	AP001992.1-201|transcribed_processed_pseudogene	0	+	intergenic	30127
chr11	74772432	74835926	ENSG00000166435[4,8,3]	0	-	74772717	74835768	0	8	536,106,116,199,348,116,94,173,	0,936,1250,2155,5192,8165,9066,63321,	chr11	74806273	74849479	AP001992.1-202|transcribed_processed_pseudogene	0	+	intergenic	29653
chr11	74772432	74878784	ENSG00000166435[1,3,3]	0	-	74772932	74870398	0	15	536,116,199,348,116,218,129,134,98,73,48,185,98,68,323,	0,1250,2155,5192,8165,63321,64227,78298,84476,87385,90912,93971,97872,102119,106029,	chr11	74805799	74843277	AP001992.1-201|transcribed_processed_pseudogene	0	+	intergenic	37478
chr11	74772432	74878784	ENSG00000166435[1,3,3]	0	-	74772932	74870398	0	15	536,116,199,348,116,218,129,134,98,73,48,185,98,68,323,	0,1250,2155,5192,8165,63321,64227,78298,84476,87385,90912,93971,97872,102119,106029,	chr11	74806273	74849479	AP001992.1-202|transcribed_processed_pseudogene	0	+	intergenic	43206
chr11	74772432	74878784	ENSG00000166435[1,2,3]	0	-	74772717	74836721	0	16	536,106,116,199,348,116,94,41,218,129,134,98,73,72,185,323,	0,936,1250,2155,5192,8165,9066,20059,63321,64227,78298,84476,87385,90888,93971,106029,	chr11	74805799	74843277	AP001992.1-201|transcribed_processed_pseudogene	0	+	intergenic	37478
chr11	74772432	74878784	ENSG00000166435[1,2,3]	0	-	74772717	74836721	0	16	536,106,116,199,348,116,94,41,218,129,134,98,73,72,185,323,	0,936,1250,2155,5192,8165,9066,20059,63321,64227,78298,84476,87385,90888,93971,106029,	chr11	74806273	74849479	AP001992.1-202|transcribed_processed_pseudogene	0	+	intergenic	43206
chr11	74835817	74878784	ENSG00000166435[1,19,8]	0	-	74835817	74835817	0	9	154,129,134,98,73,72,185,68,323,	0,842,14913,21091,24000,27503,30586,38734,42644,	chr11	74843107	74849328	AP001992.1-204|transcribed_processed_pseudogene	0	+	intergenic	6221
chr11	74835817	74878784	ENSG00000166435[1,19,8]	0	-	74835817	74835817	0	9	154,129,134,98,73,72,185,68,323,	0,842,14913,21091,24000,27503,30586,38734,42644,	chr11	74805799	74843277	AP001992.1-201|transcribed_processed_pseudogene	0	+	intergenic	7460
chr11	74835817	74878784	ENSG00000166435[1,19,8]	0	-	74835817	74835817	0	9	154,129,134,98,73,72,185,68,323,	0,842,14913,21091,24000,27503,30586,38734,42644,	chr11	74806273	74849479	AP001992.1-202|transcribed_processed_pseudogene	0	+	intergenic	13662
chr11	74835817	74878784	ENSG00000166435[1,19,8]	0	-	74835817	74835817	0	9	154,129,134,98,73,72,185,68,323,	0,842,14913,21091,24000,27503,30586,38734,42644,	chr11	74840889	74849523	AP001992.1-203|transcribed_processed_pseudogene	0	+	intergenic	8634
chr11	74839383	74878784	ENSG00000166435[1,20,11]	0	-	74839383	74839383	0	8	144,134,98,73,72,185,68,323,	0,11347,17525,20434,23937,27020,35168,39078,	chr11	74843107	74849328	AP001992.1-204|transcribed_processed_pseudogene	0	+	intergenic	6221
chr11	74839383	74878784	ENSG00000166435[1,20,11]	0	-	74839383	74839383	0	8	144,134,98,73,72,185,68,323,	0,11347,17525,20434,23937,27020,35168,39078,	chr11	74806273	74849479	AP001992.1-202|transcribed_processed_pseudogene	0	+	intergenic	10096
chr11	74839383	74878784	ENSG00000166435[1,20,11]	0	-	74839383	74839383	0	8	144,134,98,73,72,185,68,323,	0,11347,17525,20434,23937,27020,35168,39078,	chr11	74840889	74849523	AP001992.1-203|transcribed_processed_pseudogene	0	+	intergenic	8634
chr11	76520671	76520960	ENSG00000254755[1,1,1]	0	+	76520671	76520671	0	1	289,	0,	chr11	76520721	76520910	AP001189.2-201|processed_pseudogene	0	+	intergenic	189
chr11	89620398	89621060	ENSG00000255385[1,1,1]	0	+	89620398	89620398	0	1	662,	0,	chr11	89620448	89621010	UBTFL10-201|processed_pseudogene	0	+	intergenic	562
chr11	101461584	101593035	ENSG00000137672[2,8,7]	0	-	101462671	101514461	255	13	1236,76,84,75,204,196,265,234,217,165,183,775,382,	0,1779,3147,17556,19313,20267,21639,24431,31078,37070,39689,52190,131069,	chr11	101501265	101514434	retro_human_3908	0	-	intergenic	13169
chr11	101461584	101593035	ENSG00000137672[2,1,7]	0	-	101462671	101592982	0	13	1236,76,84,75,204,196,265,234,217,165,183,775,223,	0,1779,3147,17556,19313,20267,21639,24431,31078,37070,39689,52190,131228,	chr11	101501265	101514434	retro_human_3908	0	-	intergenic	13169
chr11	101461986	101593536	ENSG00000137672[1,8,8]	0	-	101462671	101514461	255	13	834,76,84,75,204,196,265,234,217,165,183,775,883,	0,1377,2745,17154,18911,19865,21237,24029,30676,36668,39287,51788,130667,	chr11	101501265	101514434	retro_human_3908	0	-	intergenic	13169
chr11	101461986	101593035	ENSG00000137672[2,8,8]	0	-	101462671	101514461	255	13	834,76,84,75,204,196,265,234,217,165,183,775,382,	0,1377,2745,17154,18911,19865,21237,24029,30676,36668,39287,51788,130667,	chr11	101501265	101514434	retro_human_3908	0	-	intergenic	13169
chr11	101461986	101593536	ENSG00000137672[1,1,8]	0	-	101462671	101592982	0	13	834,76,84,75,204,196,265,234,217,165,183,775,724,	0,1377,2745,17154,18911,19865,21237,24029,30676,36668,39287,51788,130826,	chr11	101501265	101514434	retro_human_3908	0	-	intergenic	13169
chr11	101461986	101593035	ENSG00000137672[2,1,8]	0	-	101462671	101592982	0	13	834,76,84,75,204,196,265,234,217,165,183,775,223,	0,1377,2745,17154,18911,19865,21237,24029,30676,36668,39287,51788,130826,	chr11	101501265	101514434	retro_human_3908	0	-	intergenic	13169
chr11	101462359	101593536	ENSG00000137672[1,8,6]	0	-	101462671	101514461	255	13	461,76,84,75,204,196,265,234,217,165,183,775,883,	0,1004,2372,16781,18538,19492,20864,23656,30303,36295,38914,51415,130294,	chr11	101501265	101514434	retro_human_3908	0	-	intergenic	13169
chr11	101462359	101593035	ENSG00000137672[2,8,6]	0	-	101462671	101514461	255	13	461,76,84,75,204,196,265,234,217,165,183,775,382,	0,1004,2372,16781,18538,19492,20864,23656,30303,36295,38914,51415,130294,	chr11	101501265	101514434	retro_human_3908	0	-	intergenic	13169
chr11	101462359	101593536	ENSG00000137672[1,2,6]	0	-	101462671	101592982	0	11	461,76,84,75,204,196,265,234,217,775,724,	0,1004,2372,16781,18538,19492,20864,23656,30303,51415,130453,	chr11	101501265	101514434	retro_human_3908	0	-	intergenic	13169
chr11	101462359	101593035	ENSG00000137672[2,1,6]	0	-	101462671	101592982	0	13	461,76,84,75,204,196,265,234,217,165,183,775,223,	0,1004,2372,16781,18538,19492,20864,23656,30303,36295,38914,51415,130453,	chr11	101501265	101514434	retro_human_3908	0	-	intergenic	13169
chr11	101462359	101593536	ENSG00000137672[1,1,6]	0	-	101462671	101592982	0	13	461,76,84,75,204,196,265,234,217,165,183,775,724,	0,1004,2372,16781,18538,19492,20864,23656,30303,36295,38914,51415,130453,	chr11	101501265	101514434	retro_human_3908	0	-	intergenic	13169
chr11	101480845	101593536	ENSG00000137672[1,9,9]	0	-	101480891	101592982	255	9	256,196,265,234,217,165,183,775,724,	0,1006,2378,5170,11817,17809,20428,32929,111967,	chr11	101501265	101514434	retro_human_3908	0	-	intergenic	13169
chr11	101480845	101593035	ENSG00000137672[2,9,9]	0	-	101480891	101592982	255	9	256,196,265,234,217,165,183,775,223,	0,1006,2378,5170,11817,17809,20428,32929,111967,	chr11	101501265	101514434	retro_human_3908	0	-	intergenic	13169
chr11	101501048	101513891	ENSG00000137672[4,6,4]	0	-	101501219	101513837	0	2	408,117,	0,12726,	chr11	101501265	101514434	retro_human_3908	0	-	intergenic	12626
chr11	102297127	102297974	ENSG00000243777[1,1,1]	0	+	102297127	102297127	0	1	847,	0,	chr11	102297177	102297924	retro_human_2883|AP000942.1-201|processed_pseudogene	0	+	intergenic	747
chr11	102750737	102755658	ENSG00000255282[1,4,4]	0	+	102750737	102750737	0	2	203,501,	0,4420,	chr11	102750829	102755608	WTAPP1-205|transcribed_processed_pseudogene	0	+	intergenic	4779
chr11	102774266	102784490	ENSG00000166670[1,3,1]	0	-	102774610	102783046	255	9	442,104,160,134,145,165,126,149,192,	0,1557,2392,4733,5825,6157,8169,8758,10032,	chr11	102750787	102835280	WTAPP1-201|transcribed_processed_pseudogene	0	+	intergenic	10224
chr11	102774266	102784490	ENSG00000166670[1,1,1]	0	-	102774610	102784403	0	10	442,104,160,134,145,165,126,149,242,192,	0,1557,2392,4733,5825,6157,8169,8758,9049,10032,	chr11	102750787	102835280	WTAPP1-201|transcribed_processed_pseudogene	0	+	intergenic	10224
chr11	102793688	102802030	ENSG00000196611[1,6,1]	0	-	102795151	102801912	255	10	653,104,167,134,118,156,126,149,245,223,	0,834,1460,2736,5306,5584,6796,7146,7388,8119,	chr11	102787487	102840535	WTAPP1-202|transcribed_processed_pseudogene	0	+	intergenic	8342
chr11	102793688	102802030	ENSG00000196611[1,6,1]	0	-	102795151	102801912	255	10	653,104,167,134,118,156,126,149,245,223,	0,834,1460,2736,5306,5584,6796,7146,7388,8119,	chr11	102787532	102835302	WTAPP1-204|transcribed_processed_pseudogene	0	+	intergenic	8342
chr11	102793688	102802030	ENSG00000196611[1,5,1]	0	-	102799060	102801912	255	10	653,104,163,134,118,160,126,149,245,223,	0,834,1464,2736,5306,5580,6796,7146,7388,8119,	chr11	102787487	102840535	WTAPP1-202|transcribed_processed_pseudogene	0	+	intergenic	8342
chr11	102793688	102802030	ENSG00000196611[1,5,1]	0	-	102799060	102801912	255	10	653,104,163,134,118,160,126,149,245,223,	0,834,1464,2736,5306,5580,6796,7146,7388,8119,	chr11	102787532	102835302	WTAPP1-204|transcribed_processed_pseudogene	0	+	intergenic	8342
chr11	102793688	102802030	ENSG00000196611[1,1,1]	0	-	102794234	102801912	0	10	653,104,163,134,118,156,126,149,245,223,	0,834,1464,2736,5306,5584,6796,7146,7388,8119,	chr11	102787487	102840535	WTAPP1-202|transcribed_processed_pseudogene	0	+	intergenic	8342
chr11	102793688	102802030	ENSG00000196611[1,1,1]	0	-	102794234	102801912	0	10	653,104,163,134,118,156,126,149,245,223,	0,834,1464,2736,5306,5584,6796,7146,7388,8119,	chr11	102787532	102835302	WTAPP1-204|transcribed_processed_pseudogene	0	+	intergenic	8342
chr11	121452781	121453653	ENSG00000271022[1,1,1]	0	-	121452781	121452781	0	1	872,	0,	chr11	121452831	121453603	retro_human_1792|AP002365.1-201|processed_pseudogene	0	-	intergenic	772
chr11	127974108	127974950	ENSG00000254612[1,1,1]	0	-	127974108	127974108	0	1	842,	0,	chr11	127974158	127974900	retro_human_2729|DNAJB6P1-201|processed_pseudogene	0	-	intergenic	742
chr12	6882636	6895097	ENSG00000240370[1,6,4]	0	+	6893321	6893753	255	2	443,2135,	0,10326,	chr12	6882686	6893878	RPL13P5-202|transcribed_processed_pseudogene	0	+	intergenic	11192
chr12	6882636	6895097	ENSG00000240370[1,6,4]	0	+	6893321	6893753	255	2	443,2135,	0,10326,	chr12	6882776	6893697	RPL13P5-205|transcribed_processed_pseudogene	0	+	intergenic	10921
chr12	6882636	6895097	ENSG00000240370[1,6,4]	0	+	6893321	6893753	255	2	443,2135,	0,10326,	chr12	6882953	6894003	RPL13P5-203|transcribed_processed_pseudogene	0	+	intergenic	11050
chr12	6882636	6895097	ENSG00000240370[1,5,4]	0	+	6894211	6894643	0	3	443,216,1468,	0,10326,10993,	chr12	6882686	6893878	RPL13P5-202|transcribed_processed_pseudogene	0	+	intergenic	11192
chr12	6882636	6895097	ENSG00000240370[1,5,4]	0	+	6894211	6894643	0	3	443,216,1468,	0,10326,10993,	chr12	6882776	6893697	RPL13P5-205|transcribed_processed_pseudogene	0	+	intergenic	10921
chr12	6882636	6895097	ENSG00000240370[1,5,4]	0	+	6894211	6894643	0	3	443,216,1468,	0,10326,10993,	chr12	6882953	6894003	RPL13P5-203|transcribed_processed_pseudogene	0	+	intergenic	11050
chr12	6882636	6893747	ENSG00000240370[1,5,3]	0	+	6882986	6893157	0	3	443,216,118,	0,10326,10993,	chr12	6882686	6893878	RPL13P5-202|transcribed_processed_pseudogene	0	+	intergenic	11061
chr12	6882636	6893747	ENSG00000240370[1,5,3]	0	+	6882986	6893157	0	3	443,216,118,	0,10326,10993,	chr12	6882776	6893697	RPL13P5-205|transcribed_processed_pseudogene	0	+	intergenic	10921
chr12	6882636	6893747	ENSG00000240370[1,5,3]	0	+	6882986	6893157	0	3	443,216,118,	0,10326,10993,	chr12	6882953	6894003	RPL13P5-203|transcribed_processed_pseudogene	0	+	intergenic	10794
chr12	6882636	6895097	ENSG00000240370[1,3,4]	0	+	6894211	6894643	0	4	443,132,216,1468,	0,8819,10326,10993,	chr12	6882686	6893878	RPL13P5-202|transcribed_processed_pseudogene	0	+	intergenic	11192
chr12	6882636	6895097	ENSG00000240370[1,3,4]	0	+	6894211	6894643	0	4	443,132,216,1468,	0,8819,10326,10993,	chr12	6882776	6893697	RPL13P5-205|transcribed_processed_pseudogene	0	+	intergenic	10921
chr12	6882636	6895097	ENSG00000240370[1,3,4]	0	+	6894211	6894643	0	4	443,132,216,1468,	0,8819,10326,10993,	chr12	6882953	6894003	RPL13P5-203|transcribed_processed_pseudogene	0	+	intergenic	11050
chr12	6882636	6895097	ENSG00000240370[1,2,4]	0	+	6893321	6893753	0	3	443,132,2135,	0,8819,10326,	chr12	6882686	6893878	RPL13P5-202|transcribed_processed_pseudogene	0	+	intergenic	11192
chr12	6882636	6895097	ENSG00000240370[1,2,4]	0	+	6893321	6893753	0	3	443,132,2135,	0,8819,10326,	chr12	6882776	6893697	RPL13P5-205|transcribed_processed_pseudogene	0	+	intergenic	10921
chr12	6882636	6895097	ENSG00000240370[1,2,4]	0	+	6893321	6893753	0	3	443,132,2135,	0,8819,10326,	chr12	6882953	6894003	RPL13P5-203|transcribed_processed_pseudogene	0	+	intergenic	11050
chr12	6882636	6894053	ENSG00000240370[1,2,1]	0	+	6893321	6893753	0	3	443,132,1091,	0,8819,10326,	chr12	6882686	6893878	RPL13P5-202|transcribed_processed_pseudogene	0	+	intergenic	11192
chr12	6882636	6894053	ENSG00000240370[1,2,1]	0	+	6893321	6893753	0	3	443,132,1091,	0,8819,10326,	chr12	6882776	6893697	RPL13P5-205|transcribed_processed_pseudogene	0	+	intergenic	10921
chr12	6882636	6894053	ENSG00000240370[1,2,1]	0	+	6893321	6893753	0	3	443,132,1091,	0,8819,10326,	chr12	6882953	6894003	RPL13P5-203|transcribed_processed_pseudogene	0	+	intergenic	11050
chr12	6882816	6919306	ENSG00000010626[2,3,5]	0	+	6916243	6918124	0	6	263,216,175,110,254,1382,	0,10146,33378,33638,34202,35108,	chr12	6882686	6893878	RPL13P5-202|transcribed_processed_pseudogene	0	+	intergenic	11062
chr12	6882816	6919306	ENSG00000010626[2,3,5]	0	+	6916243	6918124	0	6	263,216,175,110,254,1382,	0,10146,33378,33638,34202,35108,	chr12	6882776	6893697	RPL13P5-205|transcribed_processed_pseudogene	0	+	intergenic	10881
chr12	6882816	6919306	ENSG00000010626[2,3,5]	0	+	6916243	6918124	0	6	263,216,175,110,254,1382,	0,10146,33378,33638,34202,35108,	chr12	6882953	6894003	RPL13P5-203|transcribed_processed_pseudogene	0	+	intergenic	11050
chr12	6882816	6918393	ENSG00000010626[2,3,2]	0	+	6916243	6918124	0	6	263,216,175,110,254,469,	0,10146,33378,33638,34202,35108,	chr12	6882686	6893878	RPL13P5-202|transcribed_processed_pseudogene	0	+	intergenic	11062
chr12	6882816	6918393	ENSG00000010626[2,3,2]	0	+	6916243	6918124	0	6	263,216,175,110,254,469,	0,10146,33378,33638,34202,35108,	chr12	6882776	6893697	RPL13P5-205|transcribed_processed_pseudogene	0	+	intergenic	10881
chr12	6882816	6918393	ENSG00000010626[2,3,2]	0	+	6916243	6918124	0	6	263,216,175,110,254,469,	0,10146,33378,33638,34202,35108,	chr12	6882953	6894003	RPL13P5-203|transcribed_processed_pseudogene	0	+	intergenic	11050
chr12	6882900	6894053	ENSG00000240370[2,3,1]	0	+	6882986	6891548	0	4	179,132,216,424,	0,8555,10062,10729,	chr12	6882686	6893878	RPL13P5-202|transcribed_processed_pseudogene	0	+	intergenic	10978
chr12	6882900	6894053	ENSG00000240370[2,3,1]	0	+	6882986	6891548	0	4	179,132,216,424,	0,8555,10062,10729,	chr12	6882776	6893697	RPL13P5-205|transcribed_processed_pseudogene	0	+	intergenic	10797
chr12	6882900	6894053	ENSG00000240370[2,3,1]	0	+	6882986	6891548	0	4	179,132,216,424,	0,8555,10062,10729,	chr12	6882953	6894003	RPL13P5-203|transcribed_processed_pseudogene	0	+	intergenic	11050
chr12	8334351	8383576	ENSG00000256552[1,2,2]	0	+	8334351	8334351	0	2	96,624,	0,48601,	chr12	8334401	8383526	AC092745.2-201|transcribed_processed_pseudogene	0	+	intergenic	49125
chr12	8370908	8404787	ENSG00000226091[6,5,3]	0	-	8370908	8370908	0	2	229,533,	0,33346,	chr12	8334401	8383526	AC092745.2-201|transcribed_processed_pseudogene	0	+	intergenic	12618
chr12	12714331	12714707	ENSG00000242329[1,1,1]	0	-	12714331	12714331	0	1	376,	0,	chr12	12714381	12714657	retro_human_5119|AC007215.1-201|processed_pseudogene	0	-	intergenic	276
chr12	12724489	12725349	ENSG00000241352[1,1,1]	0	+	12724489	12724489	0	1	860,	0,	chr12	12724539	12725299	retro_human_8459|AC007688.2-201|processed_pseudogene	0	+	intergenic	760
chr12	12749030	12749739	ENSG00000234498[1,1,1]	0	+	12749030	12749030	0	1	709,	0,	chr12	12749080	12749689	retro_human_7257|RPL13AP20-201|processed_pseudogene	0	+	intergenic	609
chr12	12874052	12878586	ENSG00000183935[1,1,2]	0	+	12874052	12874052	0	1	4534,	0,	chr12	12874102	12878536	HTR7P1-202|transcribed_processed_pseudogene	0	+	intergenic	4434
chr12	14068806	14069189	ENSG00000227760[1,1,1]	0	+	14068806	14068806	0	1	383,	0,	chr12	14068856	14069139	AC135001.1-201|processed_pseudogene	0	+	intergenic	283
chr12	18965814	18966652	ENSG00000227525[1,1,1]	0	+	18965814	18965814	0	1	838,	0,	chr12	18965864	18966602	retro_human_9955|RPL7P6-201|processed_pseudogene	0	+	intergenic	738
chr12	31120911	31121257	ENSG00000270766[1,1,1]	0	+	31120911	31120911	0	1	346,	0,	chr12	31120961	31121207	retro_human_4084|AC024940.4-201|processed_pseudogene	0	+	intergenic	246
chr12	31128465	31129171	ENSG00000243517[1,1,1]	0	-	31128465	31128465	0	1	706,	0,	chr12	31128515	31129121	retro_human_6730|AC024940.2-201|processed_pseudogene	0	-	intergenic	606
chr12	31976581	31976932	ENSG00000271357[1,1,1]	0	-	31976581	31976581	0	1	351,	0,	chr12	31976631	31976882	AC048344.3-201|processed_pseudogene	0	-	intergenic	251
chr12	45131618	45174739	ENSG00000134297[2,4,2]	0	-	45131618	45131618	0	2	3437,158,	0,42963,	chr12	45131685	45174648	PLEKHA8P1-201|transcribed_processed_pseudogene	0	-	intergenic	42963
chr12	45131618	45174739	ENSG00000134297[2,4,2]	0	-	45131618	45131618	0	2	3437,158,	0,42963,	chr12	45134655	45174668	PLEKHA8P1-204|transcribed_processed_pseudogene	0	-	intergenic	40013
chr12	45131618	45174739	ENSG00000134297[2,4,2]	0	-	45131618	45131618	0	2	3437,158,	0,42963,	chr12	45135048	45174683	PLEKHA8P1-203|transcribed_processed_pseudogene	0	-	intergenic	39635
chr12	45131618	45174739	ENSG00000134297[2,6,2]	0	-	45131618	45131618	0	3	3437,168,158,	0,17816,42963,	chr12	45131685	45174648	PLEKHA8P1-201|transcribed_processed_pseudogene	0	-	intergenic	42963
chr12	45131618	45174739	ENSG00000134297[2,6,2]	0	-	45131618	45131618	0	3	3437,168,158,	0,17816,42963,	chr12	45134655	45174668	PLEKHA8P1-204|transcribed_processed_pseudogene	0	-	intergenic	40013
chr12	45131618	45174739	ENSG00000134297[2,6,2]	0	-	45131618	45131618	0	3	3437,168,158,	0,17816,42963,	chr12	45135048	45174683	PLEKHA8P1-203|transcribed_processed_pseudogene	0	-	intergenic	39635
chr12	45131618	45133385	ENSG00000134297[1,1,2]	0	-	45131618	45131618	0	1	1767,	0,	chr12	45131811	45133335	retro_human_7685|PLEKHA8P1-202|transcribed_processed_pseudogene	0	-	intergenic	1524
chr12	45131618	45174739	ENSG00000134297[2,5,2]	0	-	45131618	45131618	0	3	1646,193,158,	0,3244,42963,	chr12	45131685	45174648	PLEKHA8P1-201|transcribed_processed_pseudogene	0	-	intergenic	42963
chr12	45131618	45174739	ENSG00000134297[2,5,2]	0	-	45131618	45131618	0	3	1646,193,158,	0,3244,42963,	chr12	45134655	45174668	PLEKHA8P1-204|transcribed_processed_pseudogene	0	-	intergenic	40013
chr12	45131618	45174739	ENSG00000134297[2,5,2]	0	-	45131618	45131618	0	3	1646,193,158,	0,3244,42963,	chr12	45135048	45174683	PLEKHA8P1-203|transcribed_processed_pseudogene	0	-	intergenic	39635
chr12	45134605	45174739	ENSG00000134297[2,4,4]	0	-	45134605	45134605	0	2	450,158,	0,39976,	chr12	45131685	45174648	PLEKHA8P1-201|transcribed_processed_pseudogene	0	-	intergenic	40043
chr12	45134605	45174739	ENSG00000134297[2,4,4]	0	-	45134605	45134605	0	2	450,158,	0,39976,	chr12	45134655	45174668	PLEKHA8P1-204|transcribed_processed_pseudogene	0	-	intergenic	40013
chr12	45134605	45174739	ENSG00000134297[2,4,4]	0	-	45134605	45134605	0	2	450,158,	0,39976,	chr12	45135048	45174683	PLEKHA8P1-203|transcribed_processed_pseudogene	0	-	intergenic	39635
chr12	45134998	45174739	ENSG00000134297[2,6,5]	0	-	45134998	45134998	0	3	57,168,158,	0,14436,39583,	chr12	45131685	45174648	PLEKHA8P1-201|transcribed_processed_pseudogene	0	-	intergenic	39650
chr12	45134998	45174739	ENSG00000134297[2,6,5]	0	-	45134998	45134998	0	3	57,168,158,	0,14436,39583,	chr12	45134655	45174668	PLEKHA8P1-204|transcribed_processed_pseudogene	0	-	intergenic	39670
chr12	45134998	45174739	ENSG00000134297[2,6,5]	0	-	45134998	45134998	0	3	57,168,158,	0,14436,39583,	chr12	45135048	45174683	PLEKHA8P1-203|transcribed_processed_pseudogene	0	-	intergenic	39635
chr12	47096478	47099190	ENSG00000258352[2,2,2]	0	-	47096478	47096478	0	2	234,205,	0,2507,	chr12	47096528	47099140	IFITM3P6-201|transcribed_processed_pseudogene	0	-	intergenic	2612
chr12	55628922	55629187	ENSG00000270458[1,1,1]	0	-	55628922	55628922	0	1	265,	0,	chr12	55628972	55629137	AC009779.6-201|processed_pseudogene	0	-	intergenic	165
chr12	56381291	56381790	ENSG00000274569[1,1,1]	0	-	56381291	56381291	0	1	499,	0,	chr12	56381341	56381740	AC024884.1-201|processed_pseudogene	0	-	intergenic	399
chr12	59788626	59789201	ENSG00000237176[1,1,1]	0	+	59788626	59788626	0	1	575,	0,	chr12	59788676	59789151	AC079905.1-201|processed_pseudogene	0	+	intergenic	475
chr12	64201092	64375748	ENSG00000243024[1,2,1]	0	+	64201092	64201092	0	5	261,112,382,102,613,	0,5592,166573,169117,174043,	chr12	64201146	64375698	AC012158.1-201|transcribed_processed_pseudogene	0	+	intergenic	174552
chr12	64201092	64375748	ENSG00000243024[1,2,1]	0	+	64201092	64201092	0	5	261,112,382,102,613,	0,5592,166573,169117,174043,	chr12	64331088	64375698	AC012158.1-202|transcribed_processed_pseudogene	0	+	intergenic	44610
chr12	64243528	64369441	ENSG00000185306[1,2,1]	0	-	64246002	64369198	0	11	2577,179,75,75,124,90,107,145,73,163,495,	0,5827,10192,10589,12968,19954,21243,38914,66205,88137,125418,	chr12	64201146	64375698	AC012158.1-201|transcribed_processed_pseudogene	0	+	intergenic	125913
chr12	64243528	64369441	ENSG00000185306[1,2,1]	0	-	64246002	64369198	0	11	2577,179,75,75,124,90,107,145,73,163,495,	0,5827,10192,10589,12968,19954,21243,38914,66205,88137,125418,	chr12	64331088	64375698	AC012158.1-202|transcribed_processed_pseudogene	0	+	intergenic	38353
chr12	64245203	64369875	ENSG00000185306[6,1,5]	0	-	64246002	64369198	0	13	902,179,75,75,124,90,107,145,74,406,73,163,929,	0,4152,8517,8914,11293,18279,19568,37239,46282,52166,64530,86462,123743,	chr12	64201146	64375698	AC012158.1-201|transcribed_processed_pseudogene	0	+	intergenic	124672
chr12	64245203	64369875	ENSG00000185306[6,1,5]	0	-	64246002	64369198	0	13	902,179,75,75,124,90,107,145,74,406,73,163,929,	0,4152,8517,8914,11293,18279,19568,37239,46282,52166,64530,86462,123743,	chr12	64331088	64375698	AC012158.1-202|transcribed_processed_pseudogene	0	+	intergenic	38787
chr12	64245749	64272242	ENSG00000185306[4,5,2]	0	-	64246002	64253750	0	7	356,179,75,75,90,107,153,	0,3606,7971,8368,17733,19022,26340,	chr12	64201146	64375698	AC012158.1-201|transcribed_processed_pseudogene	0	+	intergenic	26493
chr12	64245749	64272242	ENSG00000185306[4,6,2]	0	-	64246002	64263538	0	8	356,179,75,75,124,90,107,153,	0,3606,7971,8368,10747,17733,19022,26340,	chr12	64201146	64375698	AC012158.1-201|transcribed_processed_pseudogene	0	+	intergenic	26493
chr12	64369324	64375748	ENSG00000243024[4,4,1]	0	+	64369324	64369324	0	3	737,102,613,	0,885,5811,	chr12	64331088	64375698	AC012158.1-202|transcribed_processed_pseudogene	0	+	intergenic	6374
chr12	65737449	65806548	ENSG00000241749[2,2,1]	0	-	65737449	65737449	0	2	1062,205,	0,68894,	chr12	65737499	65806475	RPSAP52-201|transcribed_processed_pseudogene	0	-	intergenic	68976
chr12	67245178	67246403	ENSG00000237766[1,1,1]	0	-	67245178	67245178	0	1	1225,	0,	chr12	67245228	67246353	retro_human_1772|GGTA2P-201|processed_pseudogene	0	-	intergenic	1125
chr12	67245178	67246403	ENSG00000237766[1,1,1]	0	-	67245178	67245178	0	1	1225,	0,	chr12	67245228	67246353	retro_human_6136|GGTA2P-201|processed_pseudogene	0	-	intergenic	1125
chr12	76090714	76091204	ENSG00000258304[1,1,1]	0	+	76090714	76090714	0	1	490,	0,	chr12	76090764	76091154	retro_human_2626|AC233290.2-201|processed_pseudogene	0	+	intergenic	390
chr12	95636919	95765114	ENSG00000074527[8,11,1]	0	-	95638251	95764977	255	9	1466,171,69,116,214,189,127,279,155,	0,8051,12322,24922,25713,52673,55444,80104,128040,	chr12	95628307	95653128	PGAM1P5-202|transcribed_processed_pseudogene	0	+	intergenic	16209
chr12	95636919	95769972	ENSG00000074527[1,15,1]	0	-	95638251	95769467	255	11	1466,171,69,116,214,189,127,114,279,530,560,	0,8051,12322,24922,25713,52673,55444,71164,80104,129177,132493,	chr12	95628307	95653128	PGAM1P5-202|transcribed_processed_pseudogene	0	+	intergenic	16209
chr12	95636919	95731294	ENSG00000074527[7,10,1]	0	-	95638251	95717026	255	9	1466,171,69,116,214,189,127,279,575,	0,8051,12322,24922,25713,52673,55444,80104,93800,	chr12	95628307	95653128	PGAM1P5-202|transcribed_processed_pseudogene	0	+	intergenic	16209
chr12	95636919	95769972	ENSG00000074527[1,13,1]	0	-	95638251	95769467	255	9	1466,171,69,116,214,189,127,530,560,	0,8051,12322,24922,25713,52673,55444,129177,132493,	chr12	95628307	95653128	PGAM1P5-202|transcribed_processed_pseudogene	0	+	intergenic	16209
chr12	95636919	95769538	ENSG00000074527[2,13,1]	0	-	95638251	95769467	255	9	1466,171,69,116,214,189,127,530,126,	0,8051,12322,24922,25713,52673,55444,129177,132493,	chr12	95628307	95653128	PGAM1P5-202|transcribed_processed_pseudogene	0	+	intergenic	16209
chr12	95636919	95769972	ENSG00000074527[1,14,1]	0	-	95638251	95769467	255	9	1466,69,116,214,189,127,279,530,560,	0,12322,24922,25713,52673,55444,80104,129177,132493,	chr12	95628307	95653128	PGAM1P5-202|transcribed_processed_pseudogene	0	+	intergenic	16209
chr12	95636919	95769972	ENSG00000074527[1,12,1]	0	-	95638251	95766570	255	10	1466,171,69,116,214,189,127,279,530,1029,	0,8051,12322,24922,25713,52673,55444,80104,129177,132024,	chr12	95628307	95653128	PGAM1P5-202|transcribed_processed_pseudogene	0	+	intergenic	16209
chr12	95636919	95769538	ENSG00000074527[2,12,1]	0	-	95638251	95766570	255	10	1466,171,69,116,214,189,127,279,530,595,	0,8051,12322,24922,25713,52673,55444,80104,129177,132024,	chr12	95628307	95653128	PGAM1P5-202|transcribed_processed_pseudogene	0	+	intergenic	16209
chr12	95636919	95769972	ENSG00000074527[1,2,1]	0	-	95638251	95769467	0	9	1466,171,116,214,189,127,279,530,560,	0,8051,24922,25713,52673,55444,80104,129177,132493,	chr12	95628307	95653128	PGAM1P5-202|transcribed_processed_pseudogene	0	+	intergenic	16209
chr12	95636919	95770398	ENSG00000074527[3,5,1]	0	-	95638251	95766570	0	10	1466,171,69,116,214,189,127,279,530,128,	0,8051,12322,24922,25713,52673,55444,80104,129177,133351,	chr12	95628307	95653128	PGAM1P5-202|transcribed_processed_pseudogene	0	+	intergenic	16209
chr12	95636919	95769972	ENSG00000074527[1,1,1]	0	-	95638251	95769467	0	10	1466,171,69,116,214,189,127,279,530,560,	0,8051,12322,24922,25713,52673,55444,80104,129177,132493,	chr12	95628307	95653128	PGAM1P5-202|transcribed_processed_pseudogene	0	+	intergenic	16209
chr12	95638100	95769538	ENSG00000074527[2,2,2]	0	-	95638251	95769467	0	9	285,171,116,214,189,127,279,530,126,	0,6870,23741,24532,51492,54263,78923,127996,131312,	chr12	95628307	95653128	PGAM1P5-202|transcribed_processed_pseudogene	0	+	intergenic	15028
chr12	95638100	95770398	ENSG00000074527[3,5,2]	0	-	95638251	95766570	0	10	285,171,69,116,214,189,127,279,530,128,	0,6870,11141,23741,24532,51492,54263,78923,127996,132170,	chr12	95628307	95653128	PGAM1P5-202|transcribed_processed_pseudogene	0	+	intergenic	15028
chr12	97726194	97729713	ENSG00000257501[4,6,6]	0	-	97726194	97726194	0	2	552,130,	0,3389,	chr12	97703199	97729663	AC007424.1-202|transcribed_processed_pseudogene	0	-	intergenic	3469
chr12	97726194	97729713	ENSG00000257501[4,6,6]	0	-	97726194	97726194	0	2	552,130,	0,3389,	chr12	97726401	97735004	AC007424.1-205|transcribed_processed_pseudogene	0	-	intergenic	3312
chr12	98427024	98430435	ENSG00000227825[1,1,1]	0	-	98427024	98427024	0	1	3411,	0,	chr12	98427074	98430385	retro_human_8411|SLC9A7P1-201|transcribed_processed_pseudogene	0	-	intergenic	3311
chr12	98427024	98430435	ENSG00000227825[1,1,1]	0	-	98427024	98427024	0	1	3411,	0,	chr12	98428116	98430355	SLC9A7P1-202|transcribed_processed_pseudogene	0	-	intergenic	2239
chr12	98428066	98430435	ENSG00000227825[1,1,2]	0	-	98428066	98428066	0	1	2369,	0,	chr12	98427074	98430385	retro_human_8411|SLC9A7P1-201|transcribed_processed_pseudogene	0	-	intergenic	2319
chr12	98428066	98430435	ENSG00000227825[1,1,2]	0	-	98428066	98428066	0	1	2369,	0,	chr12	98428116	98430355	SLC9A7P1-202|transcribed_processed_pseudogene	0	-	intergenic	2239
chr12	113030663	113031137	ENSG00000242461[1,1,1]	0	+	113030663	113030663	0	1	474,	0,	chr12	113030713	113031087	retro_human_3692|RPS15AP32-201|processed_pseudogene	0	+	intergenic	374
chr12	122267171	122395856	ENSG00000130779[15,22,1]	0	-	122268667	122376235	255	24	1719,125,50,151,118,53,121,107,117,216,166,157,84,58,117,945,61,104,198,223,125,572,191,284,	0,2656,6774,7412,7648,17110,38383,45377,47860,56575,56889,61613,62653,63274,65256,69384,81355,83082,83744,89571,92590,105996,108979,128401,	chr12	122359743	122373653	retro_human_4471	0	-	intergenic	13910
chr12	122324048	122418514	ENSG00000130779[1,28,12]	0	-	122343189	122350923	255	16	178,157,84,58,117,945,105,33,61,104,198,223,125,572,191,199,	0,4736,5776,6397,8379,12507,19127,22864,24478,26205,26867,32694,35713,49119,52102,94267,	chr12	122359743	122373653	retro_human_4471	0	-	intergenic	13910
chr12	122324048	122418514	ENSG00000130779[1,25,12]	0	-	122359864	122373430	255	14	178,157,84,58,117,945,61,104,198,223,125,572,191,199,	0,4736,5776,6397,8379,12507,24478,26205,26867,32694,35713,49119,52102,94267,	chr12	122359743	122373653	retro_human_4471	0	-	intergenic	13910
chr12	122328734	122418514	ENSG00000130779[1,27,6]	0	-	122329795	122376235	255	14	1174,58,117,945,105,33,61,104,198,223,125,572,191,199,	0,1711,3693,7821,14441,18178,19792,21519,22181,28008,31027,44433,47416,89581,	chr12	122359743	122373653	retro_human_4471	0	-	intergenic	13910
chr12	122328734	122418514	ENSG00000130779[1,24,6]	0	-	122329795	122376235	255	12	1174,58,117,945,61,104,198,223,125,572,191,199,	0,1711,3693,7821,19792,21519,22181,28008,31027,44433,47416,89581,	chr12	122359743	122373653	retro_human_4471	0	-	intergenic	13910
chr12	122336840	122418514	ENSG00000130779[1,23,8]	0	-	122359864	122373430	255	9	660,61,104,198,223,125,572,191,199,	0,11686,13413,14075,19902,22921,36327,39310,81475,	chr12	122359743	122373653	retro_human_4471	0	-	intergenic	13910
chr12	122336840	122418514	ENSG00000130779[1,26,8]	0	-	122343189	122350923	255	11	660,105,33,61,104,198,223,125,572,191,199,	0,6335,10072,11686,13413,14075,19902,22921,36327,39310,81475,	chr12	122359743	122373653	retro_human_4471	0	-	intergenic	13910
chr12	126874740	126875798	ENSG00000255923[1,1,1]	0	+	126874740	126874740	0	1	1058,	0,	chr12	126874790	126875748	AC078878.1-201|processed_pseudogene	0	+	intergenic	958
chr12	133029654	133030307	ENSG00000256563[1,1,1]	0	-	133029654	133029654	0	1	653,	0,	chr12	133029704	133030257	NANOGNBP2-201|processed_pseudogene	0	-	intergenic	553
chr13	17948019	17948936	ENSG00000227784[1,1,1]	0	+	17948019	17948019	0	1	917,	0,	chr13	17948069	17948886	ZNF965P-201|processed_pseudogene	0	+	intergenic	817
chr13	20822691	20823394	ENSG00000226525[1,1,1]	0	-	20822691	20822691	0	1	703,	0,	chr13	20822741	20823344	retro_human_7624|RPS7P10-201|processed_pseudogene	0	-	intergenic	603
chr13	36440171	36440656	ENSG00000230283[1,1,1]	0	-	36440171	36440171	0	1	485,	0,	chr13	36440221	36440606	retro_human_9247|RPS12P24-201|processed_pseudogene	0	-	intergenic	385
chr13	43653228	43796402	ENSG00000102804[5,14,7]	0	-	43654388	43795861	255	4	1415,52,3084,181,	0,2575,139721,142993,	chr13	43656816	43684678	AL139184.1-201|transcribed_processed_pseudogene	0	+	intergenic	27862
chr13	43653228	43796402	ENSG00000102804[5,14,7]	0	-	43654388	43795861	255	4	1415,52,3084,181,	0,2575,139721,142993,	chr13	43656966	43672580	AL139184.1-202|transcribed_processed_pseudogene	0	+	intergenic	15614
chr13	43653228	43796984	ENSG00000102804[12,14,7]	0	-	43654388	43795861	255	4	1415,52,3084,763,	0,2575,139721,142993,	chr13	43656816	43684678	AL139184.1-201|transcribed_processed_pseudogene	0	+	intergenic	27862
chr13	43653228	43796984	ENSG00000102804[12,14,7]	0	-	43654388	43795861	255	4	1415,52,3084,763,	0,2575,139721,142993,	chr13	43656966	43672580	AL139184.1-202|transcribed_processed_pseudogene	0	+	intergenic	15614
chr13	43653228	43796984	ENSG00000102804[12,15,7]	0	-	43654388	43795861	255	4	1415,52,3084,541,	0,2575,139721,143215,	chr13	43656816	43684678	AL139184.1-201|transcribed_processed_pseudogene	0	+	intergenic	27862
chr13	43653228	43796984	ENSG00000102804[12,15,7]	0	-	43654388	43795861	255	4	1415,52,3084,541,	0,2575,139721,143215,	chr13	43656966	43672580	AL139184.1-202|transcribed_processed_pseudogene	0	+	intergenic	15614
chr13	43653228	43796984	ENSG00000102804[12,16,7]	0	-	43654388	43795861	255	4	1415,52,3084,141,	0,2575,139721,143615,	chr13	43656816	43684678	AL139184.1-201|transcribed_processed_pseudogene	0	+	intergenic	27862
chr13	43653228	43796984	ENSG00000102804[12,16,7]	0	-	43654388	43795861	255	4	1415,52,3084,141,	0,2575,139721,143615,	chr13	43656966	43672580	AL139184.1-202|transcribed_processed_pseudogene	0	+	intergenic	15614
chr13	43653228	43694110	ENSG00000102804[4,4,7]	0	-	43654388	43655806	0	3	1415,52,134,	0,2575,40748,	chr13	43656816	43684678	AL139184.1-201|transcribed_processed_pseudogene	0	+	intergenic	27862
chr13	43653228	43694110	ENSG00000102804[4,4,7]	0	-	43654388	43655806	0	3	1415,52,134,	0,2575,40748,	chr13	43656966	43672580	AL139184.1-202|transcribed_processed_pseudogene	0	+	intergenic	15614
chr13	43653228	43796009	ENSG00000102804[13,1,7]	0	-	43654388	43795861	0	3	1415,52,3060,	0,2575,139721,	chr13	43656816	43684678	AL139184.1-201|transcribed_processed_pseudogene	0	+	intergenic	27862
chr13	43653228	43796009	ENSG00000102804[13,1,7]	0	-	43654388	43795861	0	3	1415,52,3060,	0,2575,139721,	chr13	43656966	43672580	AL139184.1-202|transcribed_processed_pseudogene	0	+	intergenic	15614
chr13	43653228	43793359	ENSG00000102804[11,1,7]	0	-	43654388	43793332	0	3	1415,52,410,	0,2575,139721,	chr13	43656816	43684678	AL139184.1-201|transcribed_processed_pseudogene	0	+	intergenic	27862
chr13	43653228	43793359	ENSG00000102804[11,1,7]	0	-	43654388	43793332	0	3	1415,52,410,	0,2575,139721,	chr13	43656966	43672580	AL139184.1-202|transcribed_processed_pseudogene	0	+	intergenic	15614
chr13	43653228	43796402	ENSG00000102804[5,1,7]	0	-	43654388	43795861	0	3	1415,52,3453,	0,2575,139721,	chr13	43656816	43684678	AL139184.1-201|transcribed_processed_pseudogene	0	+	intergenic	27862
chr13	43653228	43796402	ENSG00000102804[5,1,7]	0	-	43654388	43795861	0	3	1415,52,3453,	0,2575,139721,	chr13	43656966	43672580	AL139184.1-202|transcribed_processed_pseudogene	0	+	intergenic	15614
chr13	47991162	47991962	ENSG00000225131[1,1,1]	0	+	47991162	47991162	0	1	800,	0,	chr13	47991212	47991912	retro_human_6826|PSME2P2-201|processed_pseudogene	0	+	intergenic	700
chr13	50668210	50669800	ENSG00000236778[2,4,1]	0	+	50668210	50668210	0	2	128,878,	0,712,	chr13	50669083	50675936	RPS4XP16-203|transcribed_processed_pseudogene	0	+	intergenic	717
chr13	50668210	50669800	ENSG00000236778[2,4,1]	0	+	50668210	50668210	0	2	128,878,	0,712,	chr13	50669083	50676232	retro_human_2040|RPS4XP16-202|transcribed_processed_pseudogene	0	+	intergenic	717
chr13	50675394	50676285	ENSG00000224892[2,1,2]	0	+	50675394	50675394	0	1	891,	0,	chr13	50669083	50676232	retro_human_2040|RPS4XP16-202|transcribed_processed_pseudogene	0	+	intergenic	838
chr13	53656722	53657438	ENSG00000136149[1,1,1]	0	-	53656722	53656722	0	1	716,	0,	chr13	53656776	53657388	retro_human_5229|RPL13AP25-201|processed_pseudogene	0	-	intergenic	612
chr13	67553797	67554173	ENSG00000236433[1,1,1]	0	-	67553797	67553797	0	1	376,	0,	chr13	67553847	67554123	retro_human_6030|RPL37P21-201|processed_pseudogene	0	-	intergenic	276
chr13	68324008	68324337	ENSG00000225501[1,1,1]	0	-	68324008	68324008	0	1	329,	0,	chr13	68324062	68324287	retro_human_6028|SNRPFP3-201|processed_pseudogene	0	-	intergenic	225
chr13	72257873	72258421	ENSG00000232041[1,1,1]	0	+	72257873	72257873	0	1	548,	0,	chr13	72257923	72258371	retro_human_1654|PSMD10P3-201|processed_pseudogene	0	+	intergenic	448
chr13	72629691	72630376	ENSG00000229708[1,1,1]	0	-	72629691	72629691	0	1	685,	0,	chr13	72629741	72630326	retro_human_2857|MARK2P12-201|processed_pseudogene	0	-	intergenic	585
chr13	80920178	80921440	ENSG00000214182[1,1,2]	0	+	80920178	80920178	0	1	1262,	0,	chr13	80920228	80921390	retro_human_2795|PTMAP5-202|transcribed_processed_pseudogene	0	+	intergenic	1162
chr13	80920178	80921440	ENSG00000214182[1,1,2]	0	+	80920178	80920178	0	1	1262,	0,	chr13	80920385	80920718	PTMAP5-201|transcribed_processed_pseudogene	0	+	intergenic	333
chr13	96145319	96188312	ENSG00000234267[3,3,1]	0	-	96145319	96145319	0	3	569,102,163,	0,14632,42830,	chr13	96145369	96152380	retro_human_10497|TULP3P1-201|transcribed_processed_pseudogene	0	-	intergenic	7011
chr13	96145319	96188312	ENSG00000234267[3,3,1]	0	-	96145319	96145319	0	3	569,102,163,	0,14632,42830,	chr13	96145517	96188262	TULP3P1-203|transcribed_processed_pseudogene	0	-	intergenic	42745
chr13	107708035	107709727	ENSG00000232087[1,1,1]	0	+	107708035	107708035	0	1	1692,	0,	chr13	107708085	107709677	retro_human_2402|HCFC2P1-201|processed_pseudogene	0	+	intergenic	1592
chr14	13375414	13419213	ENSG00000225210[1,10,10]	0	+	13375414	13375414	255	3	201,91,2384,	0,30653,41415,	chr14	13375464	13381335	DUXAP9-202|transcribed_processed_pseudogene	0	+	intergenic	5871
chr14	13375414	13419213	ENSG00000225210[1,10,10]	0	+	13375414	13375414	255	3	201,91,2384,	0,30653,41415,	chr14	13375506	13428424	DUXAP9-201|transcribed_processed_pseudogene	0	+	intergenic	43707
chr14	13375414	13419213	ENSG00000225210[1,10,10]	0	+	13375414	13375414	255	3	201,91,2384,	0,30653,41415,	chr14	13375508	13420263	DUXAP9-203|transcribed_processed_pseudogene	0	+	intergenic	43705
chr14	13375414	13419213	ENSG00000225210[1,10,10]	0	+	13375414	13375414	255	3	201,91,2384,	0,30653,41415,	chr14	13375520	13418395	DUXAP9-207|transcribed_processed_pseudogene	0	+	intergenic	42875
chr14	13375414	13419213	ENSG00000225210[1,10,10]	0	+	13375414	13375414	255	3	201,91,2384,	0,30653,41415,	chr14	13375543	13388257	DUXAP9-206|transcribed_processed_pseudogene	0	+	intergenic	12714
chr14	13375414	13419213	ENSG00000225210[1,10,10]	0	+	13375414	13375414	255	3	201,91,2384,	0,30653,41415,	chr14	13375549	13417178	DUXAP9-205|transcribed_processed_pseudogene	0	+	intergenic	41629
chr14	13375414	13419213	ENSG00000225210[1,10,10]	0	+	13375414	13375414	255	3	201,91,2384,	0,30653,41415,	chr14	13375551	13444317	DUXAP9-209|transcribed_processed_pseudogene	0	+	intergenic	43662
chr14	13375414	13419213	ENSG00000225210[1,10,10]	0	+	13375414	13375414	255	3	201,91,2384,	0,30653,41415,	chr14	13375554	13407066	DUXAP9-204|transcribed_processed_pseudogene	0	+	intergenic	31512
chr14	13375414	13418445	ENSG00000225210[1,4,7]	0	+	13375414	13375414	0	8	201,111,148,112,138,136,91,1616,	0,2320,3705,3973,5814,6170,30653,41415,	chr14	13375464	13381335	DUXAP9-202|transcribed_processed_pseudogene	0	+	intergenic	5871
chr14	13375414	13418445	ENSG00000225210[1,4,7]	0	+	13375414	13375414	0	8	201,111,148,112,138,136,91,1616,	0,2320,3705,3973,5814,6170,30653,41415,	chr14	13375506	13428424	DUXAP9-201|transcribed_processed_pseudogene	0	+	intergenic	42939
chr14	13375414	13418445	ENSG00000225210[1,4,7]	0	+	13375414	13375414	0	8	201,111,148,112,138,136,91,1616,	0,2320,3705,3973,5814,6170,30653,41415,	chr14	13375508	13420263	DUXAP9-203|transcribed_processed_pseudogene	0	+	intergenic	42937
chr14	13375414	13418445	ENSG00000225210[1,4,7]	0	+	13375414	13375414	0	8	201,111,148,112,138,136,91,1616,	0,2320,3705,3973,5814,6170,30653,41415,	chr14	13375520	13418395	DUXAP9-207|transcribed_processed_pseudogene	0	+	intergenic	42875
chr14	13375414	13418445	ENSG00000225210[1,4,7]	0	+	13375414	13375414	0	8	201,111,148,112,138,136,91,1616,	0,2320,3705,3973,5814,6170,30653,41415,	chr14	13375543	13388257	DUXAP9-206|transcribed_processed_pseudogene	0	+	intergenic	12714
chr14	13375414	13418445	ENSG00000225210[1,4,7]	0	+	13375414	13375414	0	8	201,111,148,112,138,136,91,1616,	0,2320,3705,3973,5814,6170,30653,41415,	chr14	13375549	13417178	DUXAP9-205|transcribed_processed_pseudogene	0	+	intergenic	41629
chr14	13375414	13418445	ENSG00000225210[1,4,7]	0	+	13375414	13375414	0	8	201,111,148,112,138,136,91,1616,	0,2320,3705,3973,5814,6170,30653,41415,	chr14	13375551	13444317	DUXAP9-209|transcribed_processed_pseudogene	0	+	intergenic	42894
chr14	13375414	13418445	ENSG00000225210[1,4,7]	0	+	13375414	13375414	0	8	201,111,148,112,138,136,91,1616,	0,2320,3705,3973,5814,6170,30653,41415,	chr14	13375554	13407066	DUXAP9-204|transcribed_processed_pseudogene	0	+	intergenic	31512
chr14	13375414	13417228	ENSG00000225210[1,8,6]	0	+	13375414	13375414	0	4	201,136,91,399,	0,6170,30653,41415,	chr14	13375464	13381335	DUXAP9-202|transcribed_processed_pseudogene	0	+	intergenic	5871
chr14	13375414	13417228	ENSG00000225210[1,8,6]	0	+	13375414	13375414	0	4	201,136,91,399,	0,6170,30653,41415,	chr14	13375506	13428424	DUXAP9-201|transcribed_processed_pseudogene	0	+	intergenic	41722
chr14	13375414	13417228	ENSG00000225210[1,8,6]	0	+	13375414	13375414	0	4	201,136,91,399,	0,6170,30653,41415,	chr14	13375508	13420263	DUXAP9-203|transcribed_processed_pseudogene	0	+	intergenic	41720
chr14	13375414	13417228	ENSG00000225210[1,8,6]	0	+	13375414	13375414	0	4	201,136,91,399,	0,6170,30653,41415,	chr14	13375520	13418395	DUXAP9-207|transcribed_processed_pseudogene	0	+	intergenic	41708
chr14	13375414	13417228	ENSG00000225210[1,8,6]	0	+	13375414	13375414	0	4	201,136,91,399,	0,6170,30653,41415,	chr14	13375543	13388257	DUXAP9-206|transcribed_processed_pseudogene	0	+	intergenic	12714
chr14	13375414	13417228	ENSG00000225210[1,8,6]	0	+	13375414	13375414	0	4	201,136,91,399,	0,6170,30653,41415,	chr14	13375549	13417178	DUXAP9-205|transcribed_processed_pseudogene	0	+	intergenic	41629
chr14	13375414	13417228	ENSG00000225210[1,8,6]	0	+	13375414	13375414	0	4	201,136,91,399,	0,6170,30653,41415,	chr14	13375551	13444317	DUXAP9-209|transcribed_processed_pseudogene	0	+	intergenic	41677
chr14	13375414	13417228	ENSG00000225210[1,8,6]	0	+	13375414	13375414	0	4	201,136,91,399,	0,6170,30653,41415,	chr14	13375554	13407066	DUXAP9-204|transcribed_processed_pseudogene	0	+	intergenic	31512
chr14	13375414	13381385	ENSG00000225210[1,2,1]	0	+	13375414	13375414	0	5	201,111,115,112,157,	0,2320,3738,3973,5814,	chr14	13375464	13381335	DUXAP9-202|transcribed_processed_pseudogene	0	+	intergenic	5871
chr14	13375414	13381385	ENSG00000225210[1,2,1]	0	+	13375414	13375414	0	5	201,111,115,112,157,	0,2320,3738,3973,5814,	chr14	13375506	13428424	DUXAP9-201|transcribed_processed_pseudogene	0	+	intergenic	5879
chr14	13375414	13381385	ENSG00000225210[1,2,1]	0	+	13375414	13375414	0	5	201,111,115,112,157,	0,2320,3738,3973,5814,	chr14	13375508	13420263	DUXAP9-203|transcribed_processed_pseudogene	0	+	intergenic	5877
chr14	13375414	13381385	ENSG00000225210[1,2,1]	0	+	13375414	13375414	0	5	201,111,115,112,157,	0,2320,3738,3973,5814,	chr14	13375520	13418395	DUXAP9-207|transcribed_processed_pseudogene	0	+	intergenic	5865
chr14	13375414	13381385	ENSG00000225210[1,2,1]	0	+	13375414	13375414	0	5	201,111,115,112,157,	0,2320,3738,3973,5814,	chr14	13375543	13388257	DUXAP9-206|transcribed_processed_pseudogene	0	+	intergenic	5842
chr14	13375414	13381385	ENSG00000225210[1,2,1]	0	+	13375414	13375414	0	5	201,111,115,112,157,	0,2320,3738,3973,5814,	chr14	13375549	13417178	DUXAP9-205|transcribed_processed_pseudogene	0	+	intergenic	5836
chr14	13375414	13381385	ENSG00000225210[1,2,1]	0	+	13375414	13375414	0	5	201,111,115,112,157,	0,2320,3738,3973,5814,	chr14	13375554	13407066	DUXAP9-204|transcribed_processed_pseudogene	0	+	intergenic	5831
chr14	13581936	13650873	ENSG00000244306[2,3,1]	0	-	13581936	13581936	0	8	578,91,136,114,112,148,111,201,	0,38204,62639,62993,64859,65091,66508,68736,	chr14	13581986	13650762	DUXAP10-211|transcribed_processed_pseudogene	0	-	intergenic	68776
chr14	13581936	13650873	ENSG00000244306[2,3,1]	0	-	13581936	13581936	0	8	578,91,136,114,112,148,111,201,	0,38204,62639,62993,64859,65091,66508,68736,	chr14	13620151	13650781	DUXAP10-202|transcribed_processed_pseudogene	0	-	intergenic	30630
chr14	13636061	13650873	ENSG00000244306[2,12,12]	0	-	13636061	13636061	255	7	2815,136,138,112,148,111,201,	0,8514,8868,10734,10966,12383,14611,	chr14	13644960	13650823	DUXAP10-203|transcribed_processed_pseudogene	0	-	intergenic	5863
chr14	13636061	13650873	ENSG00000244306[2,12,12]	0	-	13636061	13636061	255	7	2815,136,138,112,148,111,201,	0,8514,8868,10734,10966,12383,14611,	chr14	13581986	13650762	DUXAP10-211|transcribed_processed_pseudogene	0	-	intergenic	14701
chr14	13636061	13650873	ENSG00000244306[2,12,12]	0	-	13636061	13636061	255	7	2815,136,138,112,148,111,201,	0,8514,8868,10734,10966,12383,14611,	chr14	13620151	13650781	DUXAP10-202|transcribed_processed_pseudogene	0	-	intergenic	14720
chr14	13637402	13650873	ENSG00000244306[2,11,10]	0	-	13637402	13637402	255	6	1474,136,138,112,148,201,	0,7173,7527,9393,9625,13270,	chr14	13644960	13650823	DUXAP10-203|transcribed_processed_pseudogene	0	-	intergenic	5863
chr14	13637402	13650873	ENSG00000244306[2,11,10]	0	-	13637402	13637402	255	6	1474,136,138,112,148,201,	0,7173,7527,9393,9625,13270,	chr14	13581986	13650762	DUXAP10-211|transcribed_processed_pseudogene	0	-	intergenic	13360
chr14	13637402	13650873	ENSG00000244306[2,11,10]	0	-	13637402	13637402	255	6	1474,136,138,112,148,201,	0,7173,7527,9393,9625,13270,	chr14	13620151	13650781	DUXAP10-202|transcribed_processed_pseudogene	0	-	intergenic	13379
chr14	13637402	13650873	ENSG00000244306[2,12,10]	0	-	13637402	13637402	255	7	1474,136,138,112,148,111,201,	0,7173,7527,9393,9625,11042,13270,	chr14	13644960	13650823	DUXAP10-203|transcribed_processed_pseudogene	0	-	intergenic	5863
chr14	13637402	13650873	ENSG00000244306[2,12,10]	0	-	13637402	13637402	255	7	1474,136,138,112,148,111,201,	0,7173,7527,9393,9625,11042,13270,	chr14	13581986	13650762	DUXAP10-211|transcribed_processed_pseudogene	0	-	intergenic	13360
chr14	13637402	13650873	ENSG00000244306[2,12,10]	0	-	13637402	13637402	255	7	1474,136,138,112,148,111,201,	0,7173,7527,9393,9625,11042,13270,	chr14	13620151	13650781	DUXAP10-202|transcribed_processed_pseudogene	0	-	intergenic	13379
chr14	13644910	13650873	ENSG00000244306[2,2,3]	0	-	13644910	13644910	0	5	157,112,115,111,201,	0,1885,2117,3534,5762,	chr14	13644960	13650823	DUXAP10-203|transcribed_processed_pseudogene	0	-	intergenic	5863
chr14	13644910	13650873	ENSG00000244306[2,2,3]	0	-	13644910	13644910	0	5	157,112,115,111,201,	0,1885,2117,3534,5762,	chr14	13620151	13650781	DUXAP10-202|transcribed_processed_pseudogene	0	-	intergenic	5871
chr14	22462222	22463907	ENSG00000197358[1,1,2]	0	+	22462222	22462222	0	1	1685,	0,	chr14	22462272	22463857	retro_human_3154|BNIP3P1-202|transcribed_processed_pseudogene	0	+	intergenic	1585
chr14	22462222	22463907	ENSG00000197358[1,1,2]	0	+	22462222	22462222	0	1	1685,	0,	chr14	22462436	22463016	BNIP3P1-201|transcribed_processed_pseudogene	0	+	intergenic	580
chr14	32793871	32794815	ENSG00000271468[1,1,1]	0	+	32793871	32793871	0	1	944,	0,	chr14	32793921	32794765	AL357094.1-201|processed_pseudogene	0	+	intergenic	844
chr14	35487123	35489672	ENSG00000258385[1,1,1]	0	+	35487123	35487123	0	1	2549,	0,	chr14	35487173	35489622	retro_human_9426|AL391516.1-201|processed_pseudogene	0	+	intergenic	2449
chr14	39052217	39058249	ENSG00000259000[1,1,1]	0	-	39052217	39052217	0	1	6032,	0,	chr14	39052267	39058199	retro_human_7849|DOCK11P1-201|processed_pseudogene	0	-	intergenic	5932
chr14	54418707	54419258	ENSG00000242135[1,1,1]	0	-	54418707	54418707	0	1	551,	0,	chr14	54418757	54419208	retro_human_4827|RPL17P2-201|processed_pseudogene	0	-	intergenic	451
chr14	99076701	99077135	ENSG00000239365[1,1,1]	0	-	99076701	99076701	0	1	434,	0,	chr14	99076751	99077085	retro_human_8092|RPS26P49-201|processed_pseudogene	0	-	intergenic	334
chr15	26283318	26285602	ENSG00000260053[1,1,1]	0	-	26283318	26283318	0	1	2284,	0,	chr15	26283368	26285552	retro_human_2542|ABCB10P4-201|processed_pseudogene	0	-	intergenic	2184
chr15	26540114	26540906	ENSG00000260844[1,1,1]	0	-	26540114	26540114	0	1	792,	0,	chr15	26540164	26540856	AC055876.4-201|processed_pseudogene	0	-	intergenic	692
chr15	30319127	30330274	ENSG00000223509[5,5,3]	0	-	30319127	30319127	0	6	571,130,166,170,156,580,	0,1828,4173,5890,7141,10567,	chr15	30316319	30323379	AC135983.3-201|transcribed_processed_pseudogene	0	-	intergenic	4252
chr15	30319127	30330274	ENSG00000223509[5,5,3]	0	-	30319127	30319127	0	6	571,130,166,170,156,580,	0,1828,4173,5890,7141,10567,	chr15	30325088	30326382	AC135983.3-205|transcribed_processed_pseudogene	0	-	intergenic	1294
chr15	30319127	30330274	ENSG00000223509[5,5,3]	0	-	30319127	30319127	0	6	571,130,166,170,156,580,	0,1828,4173,5890,7141,10567,	chr15	30319177	30330224	AC135983.3-202|transcribed_processed_pseudogene	0	-	intergenic	11047
chr15	30319127	30330274	ENSG00000223509[5,5,3]	0	-	30319127	30319127	0	6	571,130,166,170,156,580,	0,1828,4173,5890,7141,10567,	chr15	30319510	30333408	AC135983.3-203|transcribed_processed_pseudogene	0	-	intergenic	10764
chr15	30325038	30326432	ENSG00000223509[4,4,5]	0	-	30325038	30325038	0	2	149,164,	0,1230,	chr15	30325088	30326382	AC135983.3-205|transcribed_processed_pseudogene	0	-	intergenic	1294
chr15	30325038	30326432	ENSG00000223509[4,4,5]	0	-	30325038	30325038	0	2	149,164,	0,1230,	chr15	30319177	30330224	AC135983.3-202|transcribed_processed_pseudogene	0	-	intergenic	1394
chr15	30325038	30326432	ENSG00000223509[4,4,5]	0	-	30325038	30325038	0	2	149,164,	0,1230,	chr15	30319510	30333408	AC135983.3-203|transcribed_processed_pseudogene	0	-	intergenic	1394
chr15	32173967	32175130	ENSG00000259904[1,1,1]	0	-	32173967	32173967	0	1	1163,	0,	chr15	32174017	32175080	retro_human_3710|ACTG1P15-201|processed_pseudogene	0	-	intergenic	1063
chr15	34509734	34615028	ENSG00000186073[7,21,11]	0	+	34513175	34513385	0	4	5026,106,166,645,	0,5593,104069,104649,	chr15	34604066	34623937	CSNK1A1P1-201|transcribed_processed_pseudogene	0	-	intergenic	10962
chr15	34604016	34623987	ENSG00000223518[2,2,1]	0	-	34604016	34604016	0	4	1279,69,112,783,	0,6034,18638,19188,	chr15	34604066	34623937	CSNK1A1P1-201|transcribed_processed_pseudogene	0	-	intergenic	19871
chr15	38566569	38566947	ENSG00000271236[1,1,1]	0	+	38566569	38566569	0	1	378,	0,	chr15	38566619	38566897	retro_human_5313|SUMO2P15-201|processed_pseudogene	0	+	intergenic	278
chr15	40746390	40747539	ENSG00000254793[1,1,1]	0	-	40746390	40746390	0	1	1149,	0,	chr15	40746440	40747489	retro_human_2782|FDPSP4-201|processed_pseudogene	0	-	intergenic	1049
chr15	43287716	43330964	ENSG00000104154[1,1,1]	0	-	43293326	43330513	0	8	5762,135,106,202,154,147,505,199,	0,7055,7971,9285,11172,31582,42406,43049,	chr15	43319313	43327826	HMGN2P46-205|transcribed_processed_pseudogene	0	+	intergenic	8513
chr15	43287716	43330964	ENSG00000104154[1,1,1]	0	-	43293326	43330513	0	8	5762,135,106,202,154,147,505,199,	0,7055,7971,9285,11172,31582,42406,43049,	chr15	43319296	43364888	HMGN2P46-204|transcribed_processed_pseudogene	0	+	intergenic	11668
chr15	43287716	43330964	ENSG00000104154[1,1,1]	0	-	43293326	43330513	0	8	5762,135,106,202,154,147,505,199,	0,7055,7971,9285,11172,31582,42406,43049,	chr15	43319311	43364260	HMGN2P46-201|transcribed_processed_pseudogene	0	+	intergenic	11653
chr15	43287716	43330964	ENSG00000104154[1,1,1]	0	-	43293326	43330513	0	8	5762,135,106,202,154,147,505,199,	0,7055,7971,9285,11172,31582,42406,43049,	chr15	43319311	43364260	HMGN2P46-202|transcribed_processed_pseudogene	0	+	intergenic	11653
chr15	43287716	43330964	ENSG00000104154[1,1,1]	0	-	43293326	43330513	0	8	5762,135,106,202,154,147,505,199,	0,7055,7971,9285,11172,31582,42406,43049,	chr15	43319311	43364260	HMGN2P46-203|transcribed_processed_pseudogene	0	+	intergenic	11653
chr15	43290920	43330964	ENSG00000104154[1,1,3]	0	-	43293326	43330513	0	8	2558,135,106,202,154,147,505,199,	0,3851,4767,6081,7968,28378,39202,39845,	chr15	43319313	43327826	HMGN2P46-205|transcribed_processed_pseudogene	0	+	intergenic	8513
chr15	43290920	43330964	ENSG00000104154[1,1,3]	0	-	43293326	43330513	0	8	2558,135,106,202,154,147,505,199,	0,3851,4767,6081,7968,28378,39202,39845,	chr15	43319296	43364888	HMGN2P46-204|transcribed_processed_pseudogene	0	+	intergenic	11668
chr15	43290920	43330964	ENSG00000104154[1,1,3]	0	-	43293326	43330513	0	8	2558,135,106,202,154,147,505,199,	0,3851,4767,6081,7968,28378,39202,39845,	chr15	43319311	43364260	HMGN2P46-201|transcribed_processed_pseudogene	0	+	intergenic	11653
chr15	43290920	43330964	ENSG00000104154[1,1,3]	0	-	43293326	43330513	0	8	2558,135,106,202,154,147,505,199,	0,3851,4767,6081,7968,28378,39202,39845,	chr15	43319311	43364260	HMGN2P46-202|transcribed_processed_pseudogene	0	+	intergenic	11653
chr15	43290920	43330964	ENSG00000104154[1,1,3]	0	-	43293326	43330513	0	8	2558,135,106,202,154,147,505,199,	0,3851,4767,6081,7968,28378,39202,39845,	chr15	43319311	43364260	HMGN2P46-203|transcribed_processed_pseudogene	0	+	intergenic	11653
chr15	43310157	43330779	ENSG00000104154[3,2,2]	0	-	43311100	43330513	0	3	966,147,657,	0,9141,19965,	chr15	43319313	43327826	HMGN2P46-205|transcribed_processed_pseudogene	0	+	intergenic	8513
chr15	43310157	43330779	ENSG00000104154[3,2,2]	0	-	43311100	43330513	0	3	966,147,657,	0,9141,19965,	chr15	43319296	43364888	HMGN2P46-204|transcribed_processed_pseudogene	0	+	intergenic	11483
chr15	43310157	43330779	ENSG00000104154[3,2,2]	0	-	43311100	43330513	0	3	966,147,657,	0,9141,19965,	chr15	43319311	43364260	HMGN2P46-201|transcribed_processed_pseudogene	0	+	intergenic	11468
chr15	43310157	43330779	ENSG00000104154[3,2,2]	0	-	43311100	43330513	0	3	966,147,657,	0,9141,19965,	chr15	43319311	43364260	HMGN2P46-202|transcribed_processed_pseudogene	0	+	intergenic	11468
chr15	43310157	43330779	ENSG00000104154[3,2,2]	0	-	43311100	43330513	0	3	966,147,657,	0,9141,19965,	chr15	43319311	43364260	HMGN2P46-203|transcribed_processed_pseudogene	0	+	intergenic	11468
chr15	43310157	43330445	ENSG00000104154[2,2,2]	0	-	43311100	43330141	0	3	966,147,323,	0,9141,19965,	chr15	43319313	43327826	HMGN2P46-205|transcribed_processed_pseudogene	0	+	intergenic	8513
chr15	43310157	43330445	ENSG00000104154[2,2,2]	0	-	43311100	43330141	0	3	966,147,323,	0,9141,19965,	chr15	43319296	43364888	HMGN2P46-204|transcribed_processed_pseudogene	0	+	intergenic	11149
chr15	43310157	43330445	ENSG00000104154[2,2,2]	0	-	43311100	43330141	0	3	966,147,323,	0,9141,19965,	chr15	43319311	43364260	HMGN2P46-201|transcribed_processed_pseudogene	0	+	intergenic	11134
chr15	43310157	43330445	ENSG00000104154[2,2,2]	0	-	43311100	43330141	0	3	966,147,323,	0,9141,19965,	chr15	43319311	43364260	HMGN2P46-202|transcribed_processed_pseudogene	0	+	intergenic	11134
chr15	43310157	43330445	ENSG00000104154[2,2,2]	0	-	43311100	43330141	0	3	966,147,323,	0,9141,19965,	chr15	43319311	43364260	HMGN2P46-203|transcribed_processed_pseudogene	0	+	intergenic	11134
chr15	44635361	44635894	ENSG00000259509[1,1,1]	0	+	44635361	44635361	0	1	533,	0,	chr15	44635411	44635844	retro_human_8568|AC073941.2-201|processed_pseudogene	0	+	intergenic	433
chr15	57569993	57570888	ENSG00000234797[1,1,1]	0	+	57569993	57569993	0	1	895,	0,	chr15	57570043	57570838	retro_human_1546|RPS3AP6-201|processed_pseudogene	0	+	intergenic	795
chr15	60756935	60757987	ENSG00000259394[1,1,1]	0	+	60756935	60756935	0	1	1052,	0,	chr15	60756985	60757937	retro_human_7411|AC079328.1-201|processed_pseudogene	0	+	intergenic	952
chr15	72205459	72235440	ENSG00000140459[1,14,1]	0	-	72205725	72212905	255	9	395,198,79,167,161,204,198,156,380,	0,862,1528,1878,5268,6080,7337,10191,29601,	chr15	72218518	72229652	PPIAP46-202|transcribed_processed_pseudogene	0	+	intergenic	11134
chr15	72205459	72235440	ENSG00000140459[1,12,1]	0	-	72205725	72235329	255	8	395,198,79,167,161,204,200,380,	0,862,1528,1878,5268,6080,7335,29601,	chr15	72218518	72229652	PPIAP46-202|transcribed_processed_pseudogene	0	+	intergenic	11134
chr15	72205459	72235440	ENSG00000140459[1,13,1]	0	-	72205725	72235329	255	10	395,99,198,79,167,161,204,200,156,380,	0,611,862,1528,1878,5268,6080,7335,10191,29601,	chr15	72218518	72229652	PPIAP46-202|transcribed_processed_pseudogene	0	+	intergenic	11134
chr15	72205459	72234005	ENSG00000140459[2,11,1]	0	-	72205725	72233589	255	9	395,198,79,167,161,204,200,156,607,	0,862,1528,1878,5268,6080,7335,10191,27939,	chr15	72218518	72229652	PPIAP46-202|transcribed_processed_pseudogene	0	+	intergenic	11134
chr15	72205459	72235440	ENSG00000140459[1,8,1]	0	-	72206434	72235329	0	8	395,198,167,161,204,200,156,380,	0,862,1878,5268,6080,7335,10191,29601,	chr15	72218518	72229652	PPIAP46-202|transcribed_processed_pseudogene	0	+	intergenic	11134
chr15	72205459	72234005	ENSG00000140459[2,2,1]	0	-	72205725	72212945	0	9	395,198,79,167,161,204,200,156,542,	0,862,1528,1878,5268,6080,7335,10191,28004,	chr15	72218518	72229652	PPIAP46-202|transcribed_processed_pseudogene	0	+	intergenic	11134
chr15	72205459	72235440	ENSG00000140459[1,1,1]	0	-	72205725	72235329	0	9	395,198,79,167,161,204,200,156,380,	0,862,1528,1878,5268,6080,7335,10191,29601,	chr15	72218518	72229652	PPIAP46-202|transcribed_processed_pseudogene	0	+	intergenic	11134
chr15	72218468	72230425	ENSG00000260266[1,4,4]	0	+	72218468	72218468	255	4	222,160,174,1163,	0,3807,5563,10794,	chr15	72218518	72229652	PPIAP46-202|transcribed_processed_pseudogene	0	+	intergenic	11134
chr15	72218468	72232419	ENSG00000260266[1,6,2]	0	+	72218468	72218468	255	3	222,160,3157,	0,3807,10794,	chr15	72218518	72229652	PPIAP46-202|transcribed_processed_pseudogene	0	+	intergenic	11134
chr15	72218468	72232419	ENSG00000260266[1,5,2]	0	+	72218468	72218468	255	5	222,160,193,1113,559,	0,3807,5563,10794,13392,	chr15	72218518	72229652	PPIAP46-202|transcribed_processed_pseudogene	0	+	intergenic	11134
chr15	72218468	72229840	ENSG00000260266[1,2,1]	0	+	72218468	72218468	0	4	222,160,193,578,	0,3807,5563,10794,	chr15	72218518	72229652	PPIAP46-202|transcribed_processed_pseudogene	0	+	intergenic	11134
chr15	72222155	72232419	ENSG00000260266[2,7,2]	0	+	72222155	72222155	255	3	280,193,3157,	0,1876,7107,	chr15	72218518	72229652	PPIAP46-202|transcribed_processed_pseudogene	0	+	intergenic	7497
chr15	72222155	72230010	ENSG00000260266[2,7,3]	0	+	72222155	72222155	255	3	280,193,748,	0,1876,7107,	chr15	72218518	72229652	PPIAP46-202|transcribed_processed_pseudogene	0	+	intergenic	7497
chr15	72222155	72232419	ENSG00000260266[2,3,2]	0	+	72222155	72222155	0	2	280,3157,	0,7107,	chr15	72218518	72229652	PPIAP46-202|transcribed_processed_pseudogene	0	+	intergenic	7497
chr15	80590077	80602932	ENSG00000259315[2,2,1]	0	-	80590077	80590077	0	2	1608,153,	0,12702,	chr15	80595043	80603170	ACTG1P17-203|transcribed_processed_pseudogene	0	-	intergenic	7889
chr15	80594993	80603220	ENSG00000259315[3,3,3]	0	-	80594993	80594993	0	2	196,441,	0,7786,	chr15	80595043	80603170	ACTG1P17-203|transcribed_processed_pseudogene	0	-	intergenic	8127
chr15	88141775	88142125	ENSG00000259262[1,1,1]	0	+	88141775	88141775	0	1	350,	0,	chr15	88141825	88142075	retro_human_6200|NDUFA3P4-201|processed_pseudogene	0	+	intergenic	250
chr15	90379839	90496531	TALONG000132472[1,1,1]	0	-	90381613	90392720	0	4	2061,132,124,272,	0,12829,81487,116420,	chr15	90478002	90496373	H2AZ2P1-202|transcribed_processed_pseudogene	0	-	intergenic	18371
chr15	92620831	92887233	ENSG00000277654[5,8,7]	0	+	92620831	92620831	0	5	127,176,74,110,116,	0,164309,168250,212182,266286,	chr15	92605156	92789952	AC087633.2-201|transcribed_processed_pseudogene	0	+	intergenic	169121
chr15	92620831	92887233	ENSG00000277654[5,8,7]	0	+	92620831	92620831	0	5	127,176,74,110,116,	0,164309,168250,212182,266286,	chr15	92605183	92789991	AC087633.2-202|transcribed_processed_pseudogene	0	+	intergenic	169160
chr15	92620831	92887233	ENSG00000277654[5,8,7]	0	+	92620831	92620831	0	5	127,176,74,110,116,	0,164309,168250,212182,266286,	chr15	92620628	92785225	AC087633.2-204|transcribed_processed_pseudogene	0	+	intergenic	164394
chr15	92620831	92887233	ENSG00000277654[5,8,7]	0	+	92620831	92620831	0	5	127,176,74,110,116,	0,164309,168250,212182,266286,	chr15	92620881	92876577	AC087633.2-205|transcribed_processed_pseudogene	0	+	intergenic	255696
chr15	92620831	92887233	ENSG00000277654[5,8,7]	0	+	92620831	92620831	0	5	127,176,74,110,116,	0,164309,168250,212182,266286,	chr15	92620884	92887183	AC087633.2-206|transcribed_processed_pseudogene	0	+	intergenic	266299
chr15	92620831	92887233	ENSG00000277654[5,8,7]	0	+	92620831	92620831	0	5	127,176,74,110,116,	0,164309,168250,212182,266286,	chr15	92620942	92789181	AC087633.2-207|transcribed_processed_pseudogene	0	+	intergenic	168239
chr15	92620831	92887233	ENSG00000277654[5,8,7]	0	+	92620831	92620831	0	5	127,176,74,110,116,	0,164309,168250,212182,266286,	chr15	92789120	92923923	AC087633.2-208|transcribed_processed_pseudogene	0	+	intergenic	98113
chr15	94521567	94523277	ENSG00000214424[1,1,1]	0	+	94521567	94521567	0	1	1710,	0,	chr15	94521617	94523227	retro_human_8932|FAM149B1P1-201|processed_pseudogene	0	+	intergenic	1610
chr16	31526356	31537612	ENSG00000178226[1,1,1]	0	-	31526621	31537514	0	15	541,122,266,142,238,164,257,130,250,167,281,163,36,36,135,	0,1416,1614,2591,2845,3603,3859,4464,4710,6911,9517,10195,10585,10818,11121,	chr16	31531167	31536129	retro_human_5253	0	-	intergenic	4962
chr16	31553076	31553454	ENSG00000263343[1,1,1]	0	+	31553076	31553076	0	1	378,	0,	chr16	31553125	31553405	AC009088.4-201|processed_pseudogene	0	+	intergenic	280
chr16	66843187	66843853	ENSG00000224631[1,1,1]	0	-	66843187	66843187	0	1	666,	0,	chr16	66843237	66843803	retro_human_7690|RPS27AP16-202|transcribed_processed_pseudogene	0	-	intergenic	566
chr16	66843187	66843853	ENSG00000224631[1,1,1]	0	-	66843187	66843187	0	1	666,	0,	chr16	66843282	66843752	RPS27AP16-201|transcribed_processed_pseudogene	0	-	intergenic	470
chr16	76255651	76255990	ENSG00000240043[1,1,1]	0	-	76255651	76255651	0	1	339,	0,	chr16	76255701	76255940	retro_human_4848|RPS27P26-201|processed_pseudogene	0	-	intergenic	239
chr16	91881297	91882061	ENSG00000214259[1,1,1]	0	-	91881297	91881297	0	1	764,	0,	chr16	91881347	91882011	retro_human_8447|AC018695.1-201|processed_pseudogene	0	-	intergenic	664
chr16	94731181	94756468	ENSG00000260630[1,12,6]	0	+	94731181	94731181	0	4	153,189,310,542,	0,9219,9755,24745,	chr16	94747605	94750482	retro_human_8444	0	-	intergenic	2877
chr16	94746763	94750943	ENSG00000185669[4,2,1]	0	-	94747577	94750494	255	2	993,714,	0,3466,	chr16	94747605	94750482	retro_human_8444	0	-	intergenic	2877
chr16	94746763	94750678	ENSG00000185669[3,2,1]	0	-	94747577	94750494	255	2	993,449,	0,3466,	chr16	94747605	94750482	retro_human_8444	0	-	intergenic	2877
chr16	94746763	94750439	ENSG00000185669[2,2,1]	0	-	94747577	94750329	255	2	993,210,	0,3466,	chr16	94747605	94750482	retro_human_8444	0	-	intergenic	2834
chr16	94746763	94755693	ENSG00000185669[1,1,1]	0	-	94747577	94755542	0	3	993,621,227,	0,3466,8703,	chr16	94747605	94750482	retro_human_8444	0	-	intergenic	2877
chr17	1309361	1351935	ENSG00000167193[2,2,1]	0	-	1312368	1344839	0	3	3012,366,7337,	0,16151,35237,	chr17	1325556	1344854	retro_human_158	0	-	intergenic	19298
chr17	1309361	1345004	ENSG00000167193[1,2,1]	0	-	1312368	1344839	0	3	3012,366,406,	0,16151,35237,	chr17	1325556	1344854	retro_human_158	0	-	intergenic	19298
chr17	1309361	1351935	ENSG00000167193[2,1,1]	0	-	1312238	1344839	0	3	3012,536,7337,	0,15981,35237,	chr17	1325556	1344854	retro_human_158	0	-	intergenic	19298
chr17	1309361	1345004	ENSG00000167193[1,1,1]	0	-	1312238	1344839	0	3	3012,536,406,	0,15981,35237,	chr17	1325556	1344854	retro_human_158	0	-	intergenic	19298
chr17	1312069	1351935	ENSG00000167193[2,4,3]	0	-	1312138	1312312	0	3	304,366,260,	0,13443,39606,	chr17	1325556	1344854	retro_human_158	0	-	intergenic	19298
chr17	4593911	4595309	ENSG00000244184[1,1,1]	0	+	4593911	4593911	0	2	191,380,	0,1018,	chr17	4594547	4594948	retro_human_7240|AC091153.1-201|processed_pseudogene	0	-	intergenic	401
chr17	4594497	4594998	ENSG00000213939[1,1,1]	0	-	4594497	4594497	0	1	501,	0,	chr17	4594547	4594948	retro_human_7240|AC091153.1-201|processed_pseudogene	0	-	intergenic	401
chr17	16293702	16294251	ENSG00000265095[1,1,1]	0	+	16293702	16293702	0	1	549,	0,	chr17	16293752	16294201	retro_human_6422|FTLP12-201|processed_pseudogene	0	+	intergenic	449
chr17	22722611	22722880	ENSG00000265233[1,1,1]	0	-	22722611	22722611	0	1	269,	0,	chr17	22722661	22722830	ABBA01006766.1-201|processed_pseudogene	0	-	intergenic	169
chr17	31953824	31954090	ENSG00000264148[1,1,1]	0	-	31953824	31953824	0	1	266,	0,	chr17	31953874	31954040	AC138207.3-201|processed_pseudogene	0	-	intergenic	166
chr17	33029012	33042939	ENSG00000264164[1,2,1]	0	+	33029012	33029012	0	3	194,140,273,	0,11873,13654,	chr17	33029062	33042813	AC090616.2-201|transcribed_processed_pseudogene	0	+	intergenic	13751
chr17	39927116	40015545	ENSG00000161381[1,21,1]	0	-	39931696	40015295	255	13	4697,161,136,61,82,96,100,119,123,70,144,179,326,	0,6593,14650,15841,20195,24344,42589,44142,44858,45639,45983,76395,88103,	chr17	39920905	39976091	RDM1P5-202|transcribed_processed_pseudogene	0	+	intergenic	48975
chr17	39927116	40015545	ENSG00000161381[1,1,1]	0	-	39931696	40015295	0	14	4697,161,36,136,61,82,96,100,119,123,70,144,179,326,	0,6593,9187,14650,15841,20195,24344,42589,44142,44858,45639,45983,76395,88103,	chr17	39920905	39976091	RDM1P5-202|transcribed_processed_pseudogene	0	+	intergenic	48975
chr17	39930563	40015545	ENSG00000161381[1,21,14]	0	-	39931696	40015295	255	13	1250,161,136,61,82,96,100,119,123,70,144,179,326,	0,3146,11203,12394,16748,20897,39142,40695,41411,42192,42536,72948,84656,	chr17	39920905	39976091	RDM1P5-202|transcribed_processed_pseudogene	0	+	intergenic	45528
chr17	39930933	40015545	ENSG00000161381[1,22,2]	0	-	39943297	40015295	255	13	880,161,136,425,82,96,100,119,123,70,144,179,326,	0,2776,10833,12024,16378,20527,38772,40325,41041,41822,42166,72578,84286,	chr17	39920905	39976091	RDM1P5-202|transcribed_processed_pseudogene	0	+	intergenic	45158
chr17	39930933	40015545	ENSG00000161381[1,21,2]	0	-	39931696	40015295	255	13	880,161,136,61,82,96,100,119,123,70,144,179,326,	0,2776,10833,12024,16378,20527,38772,40325,41041,41822,42166,72578,84286,	chr17	39920905	39976091	RDM1P5-202|transcribed_processed_pseudogene	0	+	intergenic	45158
chr17	39930933	40016958	ENSG00000161381[9,15,2]	0	-	39943297	40003547	0	14	880,161,36,136,425,82,96,100,119,123,70,144,179,177,	0,2776,5370,10833,12024,16378,20527,38772,40325,41041,41822,42166,72578,85848,	chr17	39920905	39976091	RDM1P5-202|transcribed_processed_pseudogene	0	+	intergenic	45158
chr17	39930933	40015545	ENSG00000161381[1,11,2]	0	-	39945281	40015295	0	15	880,161,36,136,425,200,82,96,100,119,123,70,144,179,326,	0,2776,5370,10833,12024,14170,16378,20527,38772,40325,41041,41822,42166,72578,84286,	chr17	39920905	39976091	RDM1P5-202|transcribed_processed_pseudogene	0	+	intergenic	45158
chr17	39930933	40015545	ENSG00000161381[1,10,2]	0	-	39943297	40015295	0	14	880,161,36,136,425,82,96,100,119,123,70,144,179,326,	0,2776,5370,10833,12024,16378,20527,38772,40325,41041,41822,42166,72578,84286,	chr17	39920905	39976091	RDM1P5-202|transcribed_processed_pseudogene	0	+	intergenic	45158
chr17	39930933	40015545	ENSG00000161381[1,1,2]	0	-	39931696	40015295	0	14	880,161,36,136,61,82,96,100,119,123,70,144,179,326,	0,2776,5370,10833,12024,16378,20527,38772,40325,41041,41822,42166,72578,84286,	chr17	39920905	39976091	RDM1P5-202|transcribed_processed_pseudogene	0	+	intergenic	45158
chr17	44570819	44573042	ENSG00000267253[1,1,1]	0	-	44570819	44570819	0	1	2223,	0,	chr17	44570869	44572992	retro_human_8949|WHSC1L2P-201|processed_pseudogene	0	-	intergenic	2123
chr17	47192286	47223829	ENSG00000228696[1,8,6]	0	-	47192572	47220379	0	5	304,266,111,165,172,	0,9218,22529,27945,31371,	chr17	47214700	47220322	retro_human_4255	0	-	intergenic	5622
chr17	47192286	47223829	ENSG00000228696[1,6,6]	0	-	47192564	47220379	0	4	304,111,165,172,	0,22529,27945,31371,	chr17	47214700	47220322	retro_human_4255	0	-	intergenic	5622
chr17	47201342	47223829	ENSG00000228696[1,1,9]	0	-	47201498	47220379	0	4	428,111,165,172,	0,13473,18889,22315,	chr17	47214700	47220322	retro_human_4255	0	-	intergenic	5622
chr17	47388689	47441312	ENSG00000185829[1,8,8]	0	-	47390444	47437890	255	5	1818,266,111,165,141,	0,30325,43637,49053,52482,	chr17	47432211	47437833	retro_human_4254	0	-	intergenic	5622
chr17	47388689	47441312	ENSG00000185829[1,3,8]	0	-	47390502	47437890	0	4	1818,111,165,141,	0,43637,49053,52482,	chr17	47432211	47437833	retro_human_4254	0	-	intergenic	5622
chr17	47388689	47441312	ENSG00000185829[1,4,8]	0	-	47390419	47437890	0	5	1818,76,111,165,141,	0,11311,43637,49053,52482,	chr17	47432211	47437833	retro_human_4254	0	-	intergenic	5622
chr17	47388915	47441312	ENSG00000185829[1,8,9]	0	-	47390444	47437890	255	5	1592,266,111,165,141,	0,30099,43411,48827,52256,	chr17	47432211	47437833	retro_human_4254	0	-	intergenic	5622
chr17	47390282	47441312	ENSG00000185829[1,3,3]	0	-	47390502	47437890	0	4	225,111,165,141,	0,42044,47460,50889,	chr17	47432211	47437833	retro_human_4254	0	-	intergenic	5622
chr17	47390282	47441312	ENSG00000185829[1,4,3]	0	-	47390419	47437890	0	5	225,76,111,165,141,	0,9718,42044,47460,50889,	chr17	47432211	47437833	retro_human_4254	0	-	intergenic	5622
chr17	47408023	47441312	ENSG00000185829[1,9,10]	0	-	47410092	47437890	255	5	2087,266,111,165,141,	0,10991,24303,29719,33148,	chr17	47432211	47437833	retro_human_4254	0	-	intergenic	5622
chr17	47408779	47441312	ENSG00000185829[1,9,11]	0	-	47410092	47437890	255	5	1331,266,111,165,141,	0,10235,23547,28963,32392,	chr17	47432211	47437833	retro_human_4254	0	-	intergenic	5622
chr17	47408779	47441312	ENSG00000185829[1,5,11]	0	-	47410084	47437890	0	4	1331,111,165,141,	0,23547,28963,32392,	chr17	47432211	47437833	retro_human_4254	0	-	intergenic	5622
chr17	47409806	47441312	ENSG00000185829[1,5,4]	0	-	47410084	47437890	0	4	304,111,165,141,	0,22520,27936,31365,	chr17	47432211	47437833	retro_human_4254	0	-	intergenic	5622
chr17	47414132	47441312	ENSG00000185829[1,6,5]	0	-	47414338	47437890	0	4	208,111,165,141,	0,18194,23610,27039,	chr17	47432211	47437833	retro_human_4254	0	-	intergenic	5622
chr17	47414355	47441312	ENSG00000185829[1,1,1]	0	-	47419008	47437890	0	4	4925,111,165,141,	0,17971,23387,26816,	chr17	47432211	47437833	retro_human_4254	0	-	intergenic	5622
chr17	47415643	47441312	ENSG00000185829[1,1,7]	0	-	47419008	47437890	0	4	3637,111,165,141,	0,16683,22099,25528,	chr17	47432211	47437833	retro_human_4254	0	-	intergenic	5622
chr17	49744812	49745107	ENSG00000248895[1,1,1]	0	+	49744812	49744812	0	1	295,	0,	chr17	49744862	49745057	AC068531.2-201|processed_pseudogene	0	+	intergenic	195
chr17	55578479	55579074	ENSG00000263199[1,1,1]	0	+	55578479	55578479	0	1	595,	0,	chr17	55578529	55579024	retro_human_3930|AC005951.1-201|processed_pseudogene	0	+	intergenic	495
chr17	57919911	57921331	ENSG00000261192[1,1,2]	0	+	57919911	57919911	0	1	1420,	0,	chr17	57919961	57921281	retro_human_3932|RNF126P1-201|transcribed_processed_pseudogene	0	+	intergenic	1320
chr17	57919911	57921331	ENSG00000261192[1,1,2]	0	+	57919911	57919911	0	1	1420,	0,	chr17	57920004	57920929	RNF126P1-202|transcribed_processed_pseudogene	0	+	intergenic	925
chr17	60971129	60971667	ENSG00000280852[1,1,2]	0	-	60971129	60971129	0	1	538,	0,	chr17	60970713	60971874	retro_human_5093|AC025048.6-201|transcribed_processed_pseudogene	0	-	intergenic	538
chr17	60971129	60971667	ENSG00000280852[1,1,2]	0	-	60971129	60971129	0	1	538,	0,	chr17	60971179	60971617	AC025048.6-202|transcribed_processed_pseudogene	0	-	intergenic	438
chr17	63005809	63009577	ENSG00000266066[1,1,1]	0	-	63005809	63005809	0	1	3768,	0,	chr17	63005859	63009527	retro_human_5097|POLRMTP1-201|processed_pseudogene	0	-	intergenic	3668
chr17	77492238	77492527	ENSG00000267084[1,1,1]	0	-	77492238	77492238	0	1	289,	0,	chr17	77492288	77492477	retro_human_6495|AC015802.2-201|processed_pseudogene	0	-	intergenic	189
chr17	81416993	81417249	ENSG00000271340[1,1,1]	0	+	81416993	81416993	0	1	256,	0,	chr17	81417043	81417199	retro_human_4327|AC120024.3-201|processed_pseudogene	0	+	intergenic	156
chr18	12254384	12255952	ENSG00000267478[1,1,1]	0	-	12254384	12254384	0	1	1568,	0,	chr18	12254434	12255902	retro_human_7196|AP002414.3-201|processed_pseudogene	0	-	intergenic	1468
chr18	12381573	12386272	ENSG00000267733[5,5,5]	0	+	12381573	12381573	0	2	229,502,	0,4197,	chr18	12376378	12385969	AP005264.5-204|transcribed_processed_pseudogene	0	+	intergenic	4396
chr18	12381573	12386272	ENSG00000267733[5,5,5]	0	+	12381573	12381573	0	2	229,502,	0,4197,	chr18	12381623	12386222	AP005264.5-205|transcribed_processed_pseudogene	0	+	intergenic	4599
chr18	12381573	12386272	ENSG00000267733[5,5,5]	0	+	12381573	12381573	0	2	229,502,	0,4197,	chr18	12372303	12386510	AP005264.5-203|transcribed_processed_pseudogene	0	+	intergenic	4699
chr18	14640798	14662230	ENSG00000265766[2,2,1]	0	-	14640798	14640798	0	4	1489,56,134,376,	0,12620,20681,21056,	chr18	14640848	14662180	CXADRP3-201|transcribed_processed_pseudogene	0	-	intergenic	21332
chr18	67335672	67335913	ENSG00000264054[1,1,1]	0	-	67335672	67335672	0	1	241,	0,	chr18	67335722	67335863	RPL31P9-201|processed_pseudogene	0	-	intergenic	141
chr19	10612518	10629841	ENSG00000079999[1,18,1]	0	-	10613255	10626468	255	4	744,686,686,166,	0,5496,13311,17157,	chr19	10618014	10626318	retro_human_6258	0	-	intergenic	8304
chr19	10612518	10630043	ENSG00000079999[9,18,1]	0	-	10613255	10626468	255	4	744,686,686,368,	0,5496,13311,17157,	chr19	10618014	10626318	retro_human_6258	0	-	intergenic	8304
chr19	10612518	10629381	ENSG00000079999[2,14,1]	0	-	10613255	10626468	255	4	744,686,686,250,	0,5496,13311,16613,	chr19	10618014	10626318	retro_human_6258	0	-	intergenic	8304
chr19	10612518	10629841	ENSG00000079999[1,17,1]	0	-	10613098	10626468	255	6	744,177,206,686,686,314,	0,3114,3570,5496,13311,17009,	chr19	10618014	10626318	retro_human_6258	0	-	intergenic	8304
chr19	10612518	10629671	ENSG00000079999[8,17,1]	0	-	10613098	10626468	255	6	744,177,206,686,686,144,	0,3114,3570,5496,13311,17009,	chr19	10618014	10626318	retro_human_6258	0	-	intergenic	8304
chr19	10612518	10629172	ENSG00000079999[7,12,1]	0	-	10613098	10626468	255	6	744,177,206,686,686,350,	0,3114,3570,5496,13311,16304,	chr19	10618014	10626318	retro_human_6258	0	-	intergenic	8304
chr19	10612518	10629381	ENSG00000079999[2,16,1]	0	-	10613098	10626468	255	5	744,206,686,686,250,	0,3570,5496,13311,16613,	chr19	10618014	10626318	retro_human_6258	0	-	intergenic	8304
chr19	10612518	10629841	ENSG00000079999[1,19,1]	0	-	10613098	10626468	255	5	744,206,686,686,166,	0,3570,5496,13311,17157,	chr19	10618014	10626318	retro_human_6258	0	-	intergenic	8304
chr19	10612518	10630043	ENSG00000079999[9,19,1]	0	-	10613098	10626468	255	5	744,206,686,686,368,	0,3570,5496,13311,17157,	chr19	10618014	10626318	retro_human_6258	0	-	intergenic	8304
chr19	10612518	10629381	ENSG00000079999[2,15,1]	0	-	10615766	10626468	255	5	744,177,686,686,250,	0,3114,5496,13311,16613,	chr19	10618014	10626318	retro_human_6258	0	-	intergenic	8304
chr19	10612518	10626566	ENSG00000079999[11,11,1]	0	-	10613098	10626468	255	5	744,177,206,686,737,	0,3114,3570,5496,13311,	chr19	10618014	10626318	retro_human_6258	0	-	intergenic	8304
chr19	10612518	10629172	ENSG00000079999[7,13,1]	0	-	10613098	10626468	255	6	744,177,206,686,686,329,	0,3114,3570,5496,13311,16325,	chr19	10618014	10626318	retro_human_6258	0	-	intergenic	8304
chr19	10612518	10629381	ENSG00000079999[2,2,1]	0	-	10613098	10626468	0	6	744,177,206,686,686,250,	0,3114,3570,5496,13311,16613,	chr19	10618014	10626318	retro_human_6258	0	-	intergenic	8304
chr19	10612518	10629841	ENSG00000079999[1,1,1]	0	-	10613098	10626468	0	6	744,177,206,686,686,166,	0,3114,3570,5496,13311,17157,	chr19	10618014	10626318	retro_human_6258	0	-	intergenic	8304
chr19	10612518	10630227	ENSG00000079999[10,1,1]	0	-	10613098	10626468	0	6	744,177,206,686,686,552,	0,3114,3570,5496,13311,17157,	chr19	10618014	10626318	retro_human_6258	0	-	intergenic	8304
chr19	10618334	10629671	ENSG00000079999[8,9,3]	0	-	10626002	10626209	0	3	366,686,144,	0,7495,11193,	chr19	10618014	10626318	retro_human_6258	0	-	intergenic	7984
chr19	14196582	14197578	ENSG00000228887[1,1,1]	0	+	14196582	14196582	0	1	996,	0,	chr19	14196632	14197528	retro_human_6650|EEF1DP1-201|processed_pseudogene	0	+	intergenic	896
chr19	15074790	15104803	ENSG00000105143[1,1,1]	0	-	15075004	15097736	255	10	407,135,195,234,344,43,205,138,212,606,	0,2955,4162,6503,12035,14352,18334,21768,22741,29407,	chr19	15093100	15096682	retro_human_9116	0	-	intergenic	3582
chr19	15074790	15104803	ENSG00000105143[1,14,1]	0	-	15075004	15097736	255	10	407,135,195,234,344,43,205,138,212,402,	0,2955,4162,6503,12035,14352,18334,21768,22741,29611,	chr19	15093100	15096682	retro_human_9116	0	-	intergenic	3582
chr19	15074790	15097794	ENSG00000105143[2,2,1]	0	-	15075004	15097736	0	9	407,135,195,234,344,43,205,138,263,	0,2955,4162,6503,12035,14352,18334,21768,22741,	chr19	15093100	15096682	retro_human_9116	0	-	intergenic	3582
chr19	15086083	15104803	ENSG00000105143[1,13,2]	0	-	15086824	15097736	255	6	1086,43,205,138,212,606,	0,3059,7041,10475,11448,18114,	chr19	15093100	15096682	retro_human_9116	0	-	intergenic	3582
chr19	15086083	15104803	ENSG00000105143[1,4,2]	0	-	15086824	15097736	0	6	1086,43,205,138,212,402,	0,3059,7041,10475,11448,18318,	chr19	15093100	15096682	retro_human_9116	0	-	intergenic	3582
chr19	15086083	15105237	ENSG00000105143[4,4,2]	0	-	15086824	15097736	0	6	1086,43,205,138,212,836,	0,3059,7041,10475,11448,18318,	chr19	15093100	15096682	retro_human_9116	0	-	intergenic	3582
chr19	16033473	16034515	ENSG00000267218[1,1,1]	0	-	16033473	16033473	0	1	1042,	0,	chr19	16033526	16034465	AC005336.2-201|processed_pseudogene	0	-	intergenic	939
chr19	16847072	16847289	ENSG00000269419[1,1,1]	0	+	16847072	16847072	0	1	217,	0,	chr19	16847122	16847240	AC008737.2-201|processed_pseudogene	0	+	intergenic	118
chr19	17366715	17381440	ENSG00000160113[3,1,1]	0	-	17367237	17380093	0	4	794,567,95,1625,	0,3661,8828,13100,	chr19	17370378	17379922	retro_human_10352	0	-	intergenic	9544
chr19	17366715	17380842	ENSG00000160113[1,1,1]	0	-	17367237	17380093	0	4	794,567,95,1027,	0,3661,8828,13100,	chr19	17370378	17379922	retro_human_10352	0	-	intergenic	9544
chr19	19994632	19995285	ENSG00000270325[1,1,1]	0	+	19994632	19994632	0	1	653,	0,	chr19	19994682	19995235	retro_human_3900|BNIP3P9-201|processed_pseudogene	0	+	intergenic	553
chr19	21816128	21816900	ENSG00000268433[1,1,1]	0	-	21816128	21816128	0	1	772,	0,	chr19	21816178	21816850	MTDHP3-201|processed_pseudogene	0	-	intergenic	672
chr19	21861335	21906245	ENSG00000197020[1,1,1]	0	-	21865300	21906045	0	5	5269,99,127,93,203,	0,21287,22211,42969,44707,	chr19	21865352	21882719	retro_human_9510	0	-	intergenic	17367
chr19	21861925	21906245	ENSG00000197020[1,9,7]	0	-	21865300	21906045	255	5	4679,96,127,93,203,	0,20697,21621,42379,44117,	chr19	21865352	21882719	retro_human_9510	0	-	intergenic	17367
chr19	21862602	21906245	ENSG00000197020[1,8,8]	0	-	21865300	21906045	255	4	4002,127,93,203,	0,20944,41702,43440,	chr19	21865352	21882719	retro_human_9510	0	-	intergenic	17367
chr19	21862602	21906245	ENSG00000197020[1,7,8]	0	-	21865300	21866281	255	3	4002,93,203,	0,41702,43440,	chr19	21865352	21882719	retro_human_9510	0	-	intergenic	17367
chr19	21862602	21906245	ENSG00000197020[1,9,8]	0	-	21865300	21906045	255	5	4002,96,127,93,203,	0,20020,20944,41702,43440,	chr19	21865352	21882719	retro_human_9510	0	-	intergenic	17367
chr19	21862602	21906245	ENSG00000197020[1,1,8]	0	-	21865300	21906045	0	5	4002,99,127,93,203,	0,20020,20944,41702,43440,	chr19	21865352	21882719	retro_human_9510	0	-	intergenic	17367
chr19	21863037	21906245	ENSG00000197020[1,8,9]	0	-	21865300	21906045	255	4	3567,127,93,203,	0,20509,41267,43005,	chr19	21865352	21882719	retro_human_9510	0	-	intergenic	17367
chr19	21863037	21906245	ENSG00000197020[1,7,9]	0	-	21865300	21866281	255	3	3567,93,203,	0,41267,43005,	chr19	21865352	21882719	retro_human_9510	0	-	intergenic	17367
chr19	21863037	21906245	ENSG00000197020[1,9,9]	0	-	21865300	21906045	255	5	3567,96,127,93,203,	0,19585,20509,41267,43005,	chr19	21865352	21882719	retro_human_9510	0	-	intergenic	17367
chr19	21863037	21906245	ENSG00000197020[1,1,9]	0	-	21865300	21906045	0	5	3567,99,127,93,203,	0,19585,20509,41267,43005,	chr19	21865352	21882719	retro_human_9510	0	-	intergenic	17367
chr19	21864055	21906245	ENSG00000197020[1,8,10]	0	-	21865300	21906045	255	4	2549,127,93,203,	0,19491,40249,41987,	chr19	21865352	21882719	retro_human_9510	0	-	intergenic	17367
chr19	21864055	21906245	ENSG00000197020[1,7,10]	0	-	21865300	21866281	255	3	2549,93,203,	0,40249,41987,	chr19	21865352	21882719	retro_human_9510	0	-	intergenic	17367
chr19	21864055	21906245	ENSG00000197020[1,9,10]	0	-	21865300	21906045	255	5	2549,96,127,93,203,	0,18567,19491,40249,41987,	chr19	21865352	21882719	retro_human_9510	0	-	intergenic	17367
chr19	21864055	21906245	ENSG00000197020[1,1,10]	0	-	21865300	21906045	0	5	2549,99,127,93,203,	0,18567,19491,40249,41987,	chr19	21865352	21882719	retro_human_9510	0	-	intergenic	17367
chr19	21864531	21906245	ENSG00000197020[1,8,11]	0	-	21865300	21906045	255	4	2073,127,93,203,	0,19015,39773,41511,	chr19	21865352	21882719	retro_human_9510	0	-	intergenic	17367
chr19	21864531	21906245	ENSG00000197020[1,7,11]	0	-	21865300	21866281	255	3	2073,93,203,	0,39773,41511,	chr19	21865352	21882719	retro_human_9510	0	-	intergenic	17367
chr19	21864531	21906245	ENSG00000197020[1,9,11]	0	-	21865300	21906045	255	5	2073,96,127,93,203,	0,18091,19015,39773,41511,	chr19	21865352	21882719	retro_human_9510	0	-	intergenic	17367
chr19	21864531	21906245	ENSG00000197020[1,1,11]	0	-	21865300	21906045	0	5	2073,99,127,93,203,	0,18091,19015,39773,41511,	chr19	21865352	21882719	retro_human_9510	0	-	intergenic	17367
chr19	21864757	21906245	ENSG00000197020[1,8,2]	0	-	21865300	21906045	255	4	1847,127,93,203,	0,18789,39547,41285,	chr19	21865352	21882719	retro_human_9510	0	-	intergenic	17367
chr19	21864757	21906245	ENSG00000197020[1,7,2]	0	-	21865300	21866281	255	3	1847,93,203,	0,39547,41285,	chr19	21865352	21882719	retro_human_9510	0	-	intergenic	17367
chr19	21864757	21906245	ENSG00000197020[1,9,2]	0	-	21865300	21906045	255	5	1847,96,127,93,203,	0,17865,18789,39547,41285,	chr19	21865352	21882719	retro_human_9510	0	-	intergenic	17367
chr19	21864757	21906245	ENSG00000197020[1,1,2]	0	-	21865300	21906045	0	5	1847,99,127,93,203,	0,17865,18789,39547,41285,	chr19	21865352	21882719	retro_human_9510	0	-	intergenic	17367
chr19	21865093	21906245	ENSG00000197020[1,8,6]	0	-	21865300	21906045	255	4	1511,127,93,203,	0,18453,39211,40949,	chr19	21865352	21882719	retro_human_9510	0	-	intergenic	17367
chr19	21865093	21906245	ENSG00000197020[1,7,6]	0	-	21865300	21866281	255	3	1511,93,203,	0,39211,40949,	chr19	21865352	21882719	retro_human_9510	0	-	intergenic	17367
chr19	21865093	21906245	ENSG00000197020[1,9,6]	0	-	21865300	21906045	255	5	1511,96,127,93,203,	0,17529,18453,39211,40949,	chr19	21865352	21882719	retro_human_9510	0	-	intergenic	17367
chr19	21865093	21906245	ENSG00000197020[1,1,6]	0	-	21865300	21906045	0	5	1511,99,127,93,203,	0,17529,18453,39211,40949,	chr19	21865352	21882719	retro_human_9510	0	-	intergenic	17367
chr19	21881635	21906245	ENSG00000197020[1,5,4]	0	-	21881673	21906045	0	5	196,99,127,93,203,	0,987,1911,22669,24407,	chr19	21889353	21892046	retro_human_10858|CCNYL6-201|transcribed_processed_pseudogene	0	+	intergenic	2693
chr19	21889303	21892096	ENSG00000269845[1,1,2]	0	+	21889303	21889303	0	1	2793,	0,	chr19	21889353	21892046	retro_human_10858|CCNYL6-201|transcribed_processed_pseudogene	0	+	intergenic	2693
chr19	21943365	21990643	ENSG00000198521[3,13,1]	0	-	21946077	21957672	255	6	4910,99,127,182,115,271,	0,12988,14195,38247,40493,47007,	chr19	21947365	21957687	retro_human_7585	0	-	intergenic	10322
chr19	21943365	21974704	ENSG00000198521[1,8,1]	0	-	21946077	21956387	0	3	4910,99,202,	0,12988,31137,	chr19	21947365	21957687	retro_human_7585	0	-	intergenic	10322
chr19	21943365	21990643	ENSG00000198521[3,6,1]	0	-	21946077	21957672	0	7	4910,99,127,182,115,225,271,	0,12988,14195,38247,40493,46040,47007,	chr19	21947365	21957687	retro_human_7585	0	-	intergenic	10322
chr19	21943365	21990643	ENSG00000198521[3,5,1]	0	-	21946077	21957672	0	7	4910,99,127,182,115,90,271,	0,12988,14195,38247,40493,46040,47007,	chr19	21947365	21957687	retro_human_7585	0	-	intergenic	10322
chr19	21943365	21990643	ENSG00000198521[3,3,1]	0	-	21946077	21990402	0	4	4910,99,127,271,	0,12988,14195,47007,	chr19	21947365	21957687	retro_human_7585	0	-	intergenic	10322
chr19	21943365	21974704	ENSG00000198521[1,1,1]	0	-	21946077	21974505	0	4	4910,99,127,202,	0,12988,14195,31137,	chr19	21947365	21957687	retro_human_7585	0	-	intergenic	10322
chr19	21944613	21990643	ENSG00000198521[3,13,9]	0	-	21946077	21957672	255	6	3662,99,127,182,115,271,	0,11740,12947,36999,39245,45759,	chr19	21947365	21957687	retro_human_7585	0	-	intergenic	10322
chr19	21944613	21974704	ENSG00000198521[1,8,9]	0	-	21946077	21956387	0	3	3662,99,202,	0,11740,29889,	chr19	21947365	21957687	retro_human_7585	0	-	intergenic	10322
chr19	21944613	21990643	ENSG00000198521[3,5,9]	0	-	21946077	21957672	0	7	3662,99,127,182,115,90,271,	0,11740,12947,36999,39245,44792,45759,	chr19	21947365	21957687	retro_human_7585	0	-	intergenic	10322
chr19	21944613	21990643	ENSG00000198521[3,3,9]	0	-	21946077	21990402	0	4	3662,99,127,271,	0,11740,12947,45759,	chr19	21947365	21957687	retro_human_7585	0	-	intergenic	10322
chr19	21944613	21974704	ENSG00000198521[1,1,9]	0	-	21946077	21974505	0	4	3662,99,127,202,	0,11740,12947,29889,	chr19	21947365	21957687	retro_human_7585	0	-	intergenic	10322
chr19	21945030	21990643	ENSG00000198521[3,13,10]	0	-	21946077	21957672	255	6	3245,99,127,182,115,271,	0,11323,12530,36582,38828,45342,	chr19	21947365	21957687	retro_human_7585	0	-	intergenic	10322
chr19	21945030	21974704	ENSG00000198521[1,8,10]	0	-	21946077	21956387	0	3	3245,99,202,	0,11323,29472,	chr19	21947365	21957687	retro_human_7585	0	-	intergenic	10322
chr19	21945030	21990643	ENSG00000198521[3,10,10]	0	-	21946077	21956387	0	3	3245,99,271,	0,11323,45342,	chr19	21947365	21957687	retro_human_7585	0	-	intergenic	10322
chr19	21945030	21990643	ENSG00000198521[3,5,10]	0	-	21946077	21957672	0	7	3245,99,127,182,115,90,271,	0,11323,12530,36582,38828,44375,45342,	chr19	21947365	21957687	retro_human_7585	0	-	intergenic	10322
chr19	21945030	21990643	ENSG00000198521[3,3,10]	0	-	21946077	21990402	0	4	3245,99,127,271,	0,11323,12530,45342,	chr19	21947365	21957687	retro_human_7585	0	-	intergenic	10322
chr19	21945030	21974704	ENSG00000198521[1,1,10]	0	-	21946077	21974505	0	4	3245,99,127,202,	0,11323,12530,29472,	chr19	21947365	21957687	retro_human_7585	0	-	intergenic	10322
chr19	21945514	21990643	ENSG00000198521[3,13,11]	0	-	21946077	21957672	255	6	2761,99,127,182,115,271,	0,10839,12046,36098,38344,44858,	chr19	21947365	21957687	retro_human_7585	0	-	intergenic	10322
chr19	21945514	21974704	ENSG00000198521[1,8,11]	0	-	21946077	21956387	0	3	2761,99,202,	0,10839,28988,	chr19	21947365	21957687	retro_human_7585	0	-	intergenic	10322
chr19	21945514	21990643	ENSG00000198521[3,6,11]	0	-	21946077	21957672	0	7	2761,99,127,182,115,225,271,	0,10839,12046,36098,38344,43891,44858,	chr19	21947365	21957687	retro_human_7585	0	-	intergenic	10322
chr19	21945514	21990643	ENSG00000198521[3,5,11]	0	-	21946077	21957672	0	7	2761,99,127,182,115,90,271,	0,10839,12046,36098,38344,43891,44858,	chr19	21947365	21957687	retro_human_7585	0	-	intergenic	10322
chr19	21945514	21990643	ENSG00000198521[3,3,11]	0	-	21946077	21990402	0	4	2761,99,127,271,	0,10839,12046,44858,	chr19	21947365	21957687	retro_human_7585	0	-	intergenic	10322
chr19	21945514	21974704	ENSG00000198521[1,1,11]	0	-	21946077	21974505	0	4	2761,99,127,202,	0,10839,12046,28988,	chr19	21947365	21957687	retro_human_7585	0	-	intergenic	10322
chr19	21945698	21990643	ENSG00000198521[3,13,2]	0	-	21946077	21957672	255	6	2577,99,127,182,115,271,	0,10655,11862,35914,38160,44674,	chr19	21947365	21957687	retro_human_7585	0	-	intergenic	10322
chr19	21945698	21974704	ENSG00000198521[1,8,2]	0	-	21946077	21956387	0	3	2577,99,202,	0,10655,28804,	chr19	21947365	21957687	retro_human_7585	0	-	intergenic	10322
chr19	21945698	21990643	ENSG00000198521[3,4,2]	0	-	21946077	21957672	0	6	2577,99,127,182,77,271,	0,10655,11862,35914,38198,44674,	chr19	21947365	21957687	retro_human_7585	0	-	intergenic	10322
chr19	21945698	21990643	ENSG00000198521[3,10,2]	0	-	21946077	21956387	0	3	2577,99,271,	0,10655,44674,	chr19	21947365	21957687	retro_human_7585	0	-	intergenic	10322
chr19	21945698	21990643	ENSG00000198521[3,6,2]	0	-	21946077	21957672	0	7	2577,99,127,182,115,225,271,	0,10655,11862,35914,38160,43707,44674,	chr19	21947365	21957687	retro_human_7585	0	-	intergenic	10322
chr19	21945698	21990643	ENSG00000198521[3,5,2]	0	-	21946077	21957672	0	7	2577,99,127,182,115,90,271,	0,10655,11862,35914,38160,43707,44674,	chr19	21947365	21957687	retro_human_7585	0	-	intergenic	10322
chr19	21945698	21990643	ENSG00000198521[3,3,2]	0	-	21946077	21990402	0	4	2577,99,127,271,	0,10655,11862,44674,	chr19	21947365	21957687	retro_human_7585	0	-	intergenic	10322
chr19	21945698	21974704	ENSG00000198521[1,1,2]	0	-	21946077	21974505	0	4	2577,99,127,202,	0,10655,11862,28804,	chr19	21947365	21957687	retro_human_7585	0	-	intergenic	10322
chr19	21946037	21990643	ENSG00000198521[3,3,12]	0	-	21946077	21990402	0	4	2238,99,127,271,	0,10316,11523,44335,	chr19	21947365	21957687	retro_human_7585	0	-	intergenic	10322
chr19	21946037	21974704	ENSG00000198521[1,1,12]	0	-	21946077	21974505	0	4	2238,99,127,202,	0,10316,11523,28465,	chr19	21947365	21957687	retro_human_7585	0	-	intergenic	10322
chr19	21946620	21990643	ENSG00000198521[3,13,13]	0	-	21957604	21983926	255	6	1655,99,127,182,115,271,	0,9733,10940,34992,37238,43752,	chr19	21947365	21957687	retro_human_7585	0	-	intergenic	10322
chr19	21946620	21974704	ENSG00000198521[1,8,13]	0	-	21946620	21946620	0	3	1655,99,202,	0,9733,27882,	chr19	21947365	21957687	retro_human_7585	0	-	intergenic	10322
chr19	21946620	21990643	ENSG00000198521[3,5,13]	0	-	21957604	21983926	0	7	1655,99,127,182,115,90,271,	0,9733,10940,34992,37238,42785,43752,	chr19	21947365	21957687	retro_human_7585	0	-	intergenic	10322
chr19	21946620	21990643	ENSG00000198521[3,3,13]	0	-	21946620	21946620	0	4	1655,99,127,271,	0,9733,10940,43752,	chr19	21947365	21957687	retro_human_7585	0	-	intergenic	10322
chr19	21946620	21974704	ENSG00000198521[1,1,13]	0	-	21946620	21946620	0	4	1655,99,127,202,	0,9733,10940,27882,	chr19	21947365	21957687	retro_human_7585	0	-	intergenic	10322
chr19	21947296	21990643	ENSG00000198521[3,13,14]	0	-	21957604	21983926	255	6	979,99,127,182,115,271,	0,9057,10264,34316,36562,43076,	chr19	21947365	21957687	retro_human_7585	0	-	intergenic	10322
chr19	21947296	21974704	ENSG00000198521[1,8,14]	0	-	21947296	21947296	0	3	979,99,202,	0,9057,27206,	chr19	21947365	21957687	retro_human_7585	0	-	intergenic	10322
chr19	21947296	21990643	ENSG00000198521[3,5,14]	0	-	21957604	21983926	0	7	979,99,127,182,115,90,271,	0,9057,10264,34316,36562,42109,43076,	chr19	21947365	21957687	retro_human_7585	0	-	intergenic	10322
chr19	21947296	21990643	ENSG00000198521[3,3,14]	0	-	21947296	21947296	0	4	979,99,127,271,	0,9057,10264,43076,	chr19	21947365	21957687	retro_human_7585	0	-	intergenic	10322
chr19	21947296	21974704	ENSG00000198521[1,1,14]	0	-	21947296	21947296	0	4	979,99,127,202,	0,9057,10264,27206,	chr19	21947365	21957687	retro_human_7585	0	-	intergenic	10322
chr19	21947896	21974704	ENSG00000198521[1,8,4]	0	-	21947896	21947896	0	3	379,99,202,	0,8457,26606,	chr19	21947365	21957687	retro_human_7585	0	-	intergenic	9791
chr19	21948098	21990643	ENSG00000198521[3,10,5]	0	-	21948098	21948098	0	3	177,99,271,	0,8255,42274,	chr19	21947365	21957687	retro_human_7585	0	-	intergenic	9589
chr19	23115870	23143679	ENSG00000269067[1,1,3]	0	-	23115923	23143483	0	4	1693,96,127,199,	0,11890,12907,27610,	chr19	23116614	23128901	retro_human_9260	0	-	intergenic	12287
chr19	23338748	23339395	ENSG00000269471[1,1,1]	0	+	23338748	23338748	0	1	647,	0,	chr19	23338798	23339345	AC092329.2-201|processed_pseudogene	0	+	intergenic	547
chr19	23879104	23899356	ENSG00000196172[1,4,1]	0	-	23883575	23885067	255	2	6178,195,	0,20057,	chr19	23884188	23895337	retro_human_9264	0	-	intergenic	11149
chr19	23879104	23899356	ENSG00000196172[1,3,1]	0	-	23883575	23895259	0	3	6178,96,195,	0,16136,20057,	chr19	23884188	23895337	retro_human_9264	0	-	intergenic	11149
chr19	23879104	23899356	ENSG00000196172[1,1,1]	0	-	23883575	23899164	0	4	6178,96,127,195,	0,16136,16738,20057,	chr19	23884188	23895337	retro_human_9264	0	-	intergenic	11149
chr19	23879828	23899356	ENSG00000196172[1,4,3]	0	-	23883575	23885067	255	2	5454,195,	0,19333,	chr19	23884188	23895337	retro_human_9264	0	-	intergenic	11149
chr19	23879828	23899356	ENSG00000196172[1,3,3]	0	-	23883575	23895259	0	3	5454,96,195,	0,15412,19333,	chr19	23884188	23895337	retro_human_9264	0	-	intergenic	11149
chr19	23879828	23899356	ENSG00000196172[1,1,3]	0	-	23883575	23899164	0	4	5454,96,127,195,	0,15412,16014,19333,	chr19	23884188	23895337	retro_human_9264	0	-	intergenic	11149
chr19	23880311	23899356	ENSG00000196172[1,1,4]	0	-	23883575	23899164	0	4	4971,96,127,195,	0,14929,15531,18850,	chr19	23884188	23895337	retro_human_9264	0	-	intergenic	11149
chr19	23883268	23899356	ENSG00000196172[1,4,5]	0	-	23883575	23885067	255	2	2014,195,	0,15893,	chr19	23884188	23895337	retro_human_9264	0	-	intergenic	11149
chr19	23883268	23899356	ENSG00000196172[1,2,5]	0	-	23883575	23895259	0	3	2014,75,195,	0,11972,15893,	chr19	23884188	23895337	retro_human_9264	0	-	intergenic	11149
chr19	23883268	23899356	ENSG00000196172[1,3,5]	0	-	23883575	23895259	0	3	2014,96,195,	0,11972,15893,	chr19	23884188	23895337	retro_human_9264	0	-	intergenic	11149
chr19	23883268	23899356	ENSG00000196172[1,1,5]	0	-	23883575	23899164	0	4	2014,96,127,195,	0,11972,12574,15893,	chr19	23884188	23895337	retro_human_9264	0	-	intergenic	11149
chr19	23884796	23899356	ENSG00000196172[1,2,2]	0	-	23899194	23899353	0	3	486,75,195,	0,10444,14365,	chr19	23884188	23895337	retro_human_9264	0	-	intergenic	10541
chr19	23884796	23899356	ENSG00000196172[1,3,2]	0	-	23899194	23899353	0	3	486,96,195,	0,10444,14365,	chr19	23884188	23895337	retro_human_9264	0	-	intergenic	10541
chr19	40581156	40594449	ENSG00000267422[1,2,1]	0	+	40581156	40581156	0	2	388,251,	0,13042,	chr19	40581206	40594306	AC016582.2-201|transcribed_processed_pseudogene	0	+	intergenic	13100
chr19	43619819	43648501	ENSG00000269858[1,20,5]	0	+	43621251	43647309	255	3	122,1077,1264,	0,1198,27418,	chr19	43639089	43647145	CYP2F2P-202|transcribed_processed_pseudogene	0	-	intergenic	8056
chr19	43619819	43648501	ENSG00000269858[1,20,5]	0	+	43621251	43647309	255	3	122,1077,1264,	0,1198,27418,	chr19	43639396	43647446	CYP2F2P-201|transcribed_processed_pseudogene	0	-	intergenic	8050
chr19	43619819	43648212	ENSG00000269858[1,20,4]	0	+	43621251	43647309	255	3	122,1077,975,	0,1198,27418,	chr19	43639089	43647145	CYP2F2P-202|transcribed_processed_pseudogene	0	-	intergenic	8056
chr19	43619819	43648212	ENSG00000269858[1,20,4]	0	+	43621251	43647309	255	3	122,1077,975,	0,1198,27418,	chr19	43639396	43647446	CYP2F2P-201|transcribed_processed_pseudogene	0	-	intergenic	8050
chr19	43619819	43651945	ENSG00000269858[1,20,6]	0	+	43621251	43647309	255	3	122,1077,4708,	0,1198,27418,	chr19	43639089	43647145	CYP2F2P-202|transcribed_processed_pseudogene	0	-	intergenic	8056
chr19	43619819	43651945	ENSG00000269858[1,20,6]	0	+	43621251	43647309	255	3	122,1077,4708,	0,1198,27418,	chr19	43639396	43647446	CYP2F2P-201|transcribed_processed_pseudogene	0	-	intergenic	8050
chr19	43619819	43648501	ENSG00000269858[1,18,5]	0	+	43621251	43647280	255	5	122,1077,120,137,1264,	0,1198,7414,7997,27418,	chr19	43639089	43647145	CYP2F2P-202|transcribed_processed_pseudogene	0	-	intergenic	8056
chr19	43619819	43648501	ENSG00000269858[1,18,5]	0	+	43621251	43647280	255	5	122,1077,120,137,1264,	0,1198,7414,7997,27418,	chr19	43639396	43647446	CYP2F2P-201|transcribed_processed_pseudogene	0	-	intergenic	8050
chr19	43619819	43648212	ENSG00000269858[1,18,4]	0	+	43621251	43647280	255	5	122,1077,120,137,975,	0,1198,7414,7997,27418,	chr19	43639089	43647145	CYP2F2P-202|transcribed_processed_pseudogene	0	-	intergenic	8056
chr19	43619819	43648212	ENSG00000269858[1,18,4]	0	+	43621251	43647280	255	5	122,1077,120,137,975,	0,1198,7414,7997,27418,	chr19	43639396	43647446	CYP2F2P-201|transcribed_processed_pseudogene	0	-	intergenic	8050
chr19	43620978	43648501	ENSG00000269858[12,24,5]	0	+	43621251	43647309	255	2	1116,1264,	0,26259,	chr19	43639089	43647145	CYP2F2P-202|transcribed_processed_pseudogene	0	-	intergenic	8056
chr19	43620978	43648501	ENSG00000269858[12,24,5]	0	+	43621251	43647309	255	2	1116,1264,	0,26259,	chr19	43639396	43647446	CYP2F2P-201|transcribed_processed_pseudogene	0	-	intergenic	8050
chr19	43620978	43648212	ENSG00000269858[12,24,4]	0	+	43621251	43647309	255	2	1116,975,	0,26259,	chr19	43639089	43647145	CYP2F2P-202|transcribed_processed_pseudogene	0	-	intergenic	8056
chr19	43620978	43648212	ENSG00000269858[12,24,4]	0	+	43621251	43647309	255	2	1116,975,	0,26259,	chr19	43639396	43647446	CYP2F2P-201|transcribed_processed_pseudogene	0	-	intergenic	8050
chr19	43639039	43647195	ENSG00000237118[1,1,1]	0	-	43639039	43639039	0	3	536,142,426,	0,6754,7730,	chr19	43639089	43647145	CYP2F2P-202|transcribed_processed_pseudogene	0	-	intergenic	8056
chr19	43639039	43647195	ENSG00000237118[1,1,1]	0	-	43639039	43639039	0	3	536,142,426,	0,6754,7730,	chr19	43639396	43647446	CYP2F2P-201|transcribed_processed_pseudogene	0	-	intergenic	7799
chr19	44615758	44631082	ENSG00000170956[4,1,1]	0	+	44616049	44630712	0	7	355,360,118,53,32,66,433,	0,1202,12532,13684,14042,14551,14891,	chr19	44616897	44623240	retro_human_7158	0	+	intergenic	6343
chr19	54530948	54531320	ENSG00000269181[1,1,1]	0	+	54530948	54530948	0	1	372,	0,	chr19	54530998	54531270	AC020914.5-201|processed_pseudogene	0	+	intergenic	272
chr19	55197480	55197989	ENSG00000270248[1,1,1]	0	-	55197480	55197480	0	1	509,	0,	chr19	55197530	55197939	retro_human_8547|AC011468.4-201|processed_pseudogene	0	-	intergenic	409
chr19	56048911	56120515	ENSG00000242779[3,15,12]	0	-	56048911	56048911	255	4	4464,81,272,224,	0,14510,20186,71380,	chr19	56052915	56064074	ZNF702P-207|transcribed_processed_pseudogene	0	-	intergenic	11159
chr19	56048911	56120515	ENSG00000242779[3,15,12]	0	-	56048911	56048911	255	4	4464,81,272,224,	0,14510,20186,71380,	chr19	56053294	56076049	ZNF702P-209|transcribed_processed_pseudogene	0	-	intergenic	22755
chr19	56048911	56120515	ENSG00000242779[3,15,12]	0	-	56048911	56048911	255	4	4464,81,272,224,	0,14510,20186,71380,	chr19	56056574	56076049	ZNF702P-205|transcribed_processed_pseudogene	0	-	intergenic	19475
chr19	56048911	56120515	ENSG00000242779[3,15,12]	0	-	56048911	56048911	255	4	4464,81,272,224,	0,14510,20186,71380,	chr19	56057905	56076048	ZNF702P-208|transcribed_processed_pseudogene	0	-	intergenic	18143
chr19	56048911	56120515	ENSG00000242779[3,15,12]	0	-	56048911	56048911	255	4	4464,81,272,224,	0,14510,20186,71380,	chr19	56061325	56076054	ZNF702P-212|transcribed_processed_pseudogene	0	-	intergenic	14729
chr19	56048911	56120515	ENSG00000242779[3,15,12]	0	-	56048911	56048911	255	4	4464,81,272,224,	0,14510,20186,71380,	chr19	56052977	56120465	ZNF702P-210|transcribed_processed_pseudogene	0	-	intergenic	67488
chr19	56048911	56120515	ENSG00000242779[3,15,12]	0	-	56048911	56048911	255	4	4464,81,272,224,	0,14510,20186,71380,	chr19	56061432	56120450	ZNF702P-203|transcribed_processed_pseudogene	0	-	intergenic	59018
chr19	56048911	56120515	ENSG00000242779[3,3,12]	0	-	56048911	56048911	0	4	4464,81,272,179,	0,14510,20186,71425,	chr19	56052915	56064074	ZNF702P-207|transcribed_processed_pseudogene	0	-	intergenic	11159
chr19	56048911	56120515	ENSG00000242779[3,3,12]	0	-	56048911	56048911	0	4	4464,81,272,179,	0,14510,20186,71425,	chr19	56053294	56076049	ZNF702P-209|transcribed_processed_pseudogene	0	-	intergenic	22755
chr19	56048911	56120515	ENSG00000242779[3,3,12]	0	-	56048911	56048911	0	4	4464,81,272,179,	0,14510,20186,71425,	chr19	56056574	56076049	ZNF702P-205|transcribed_processed_pseudogene	0	-	intergenic	19475
chr19	56048911	56120515	ENSG00000242779[3,3,12]	0	-	56048911	56048911	0	4	4464,81,272,179,	0,14510,20186,71425,	chr19	56057905	56076048	ZNF702P-208|transcribed_processed_pseudogene	0	-	intergenic	18143
chr19	56048911	56120515	ENSG00000242779[3,3,12]	0	-	56048911	56048911	0	4	4464,81,272,179,	0,14510,20186,71425,	chr19	56061325	56076054	ZNF702P-212|transcribed_processed_pseudogene	0	-	intergenic	14729
chr19	56048911	56120515	ENSG00000242779[3,3,12]	0	-	56048911	56048911	0	4	4464,81,272,179,	0,14510,20186,71425,	chr19	56052977	56120465	ZNF702P-210|transcribed_processed_pseudogene	0	-	intergenic	67488
chr19	56048911	56120515	ENSG00000242779[3,3,12]	0	-	56048911	56048911	0	4	4464,81,272,179,	0,14510,20186,71425,	chr19	56061432	56120450	ZNF702P-203|transcribed_processed_pseudogene	0	-	intergenic	59018
chr19	56048911	56076104	ENSG00000242779[6,12,12]	0	-	56048911	56048911	0	5	4464,81,272,118,102,	0,14510,20186,23704,27091,	chr19	56052915	56064074	ZNF702P-207|transcribed_processed_pseudogene	0	-	intergenic	11159
chr19	56048911	56076104	ENSG00000242779[6,12,12]	0	-	56048911	56048911	0	5	4464,81,272,118,102,	0,14510,20186,23704,27091,	chr19	56068974	56076049	ZNF702P-211|transcribed_processed_pseudogene	0	-	intergenic	7075
chr19	56048911	56076104	ENSG00000242779[6,12,12]	0	-	56048911	56048911	0	5	4464,81,272,118,102,	0,14510,20186,23704,27091,	chr19	56069088	56076054	ZNF702P-204|transcribed_processed_pseudogene	0	-	intergenic	6966
chr19	56048911	56076104	ENSG00000242779[6,12,12]	0	-	56048911	56048911	0	5	4464,81,272,118,102,	0,14510,20186,23704,27091,	chr19	56053294	56076049	ZNF702P-209|transcribed_processed_pseudogene	0	-	intergenic	22755
chr19	56048911	56076104	ENSG00000242779[6,12,12]	0	-	56048911	56048911	0	5	4464,81,272,118,102,	0,14510,20186,23704,27091,	chr19	56056574	56076049	ZNF702P-205|transcribed_processed_pseudogene	0	-	intergenic	19475
chr19	56048911	56076104	ENSG00000242779[6,12,12]	0	-	56048911	56048911	0	5	4464,81,272,118,102,	0,14510,20186,23704,27091,	chr19	56057905	56076048	ZNF702P-208|transcribed_processed_pseudogene	0	-	intergenic	18143
chr19	56048911	56076104	ENSG00000242779[6,12,12]	0	-	56048911	56048911	0	5	4464,81,272,118,102,	0,14510,20186,23704,27091,	chr19	56061325	56076054	ZNF702P-212|transcribed_processed_pseudogene	0	-	intergenic	14729
chr19	56048911	56076104	ENSG00000242779[6,12,12]	0	-	56048911	56048911	0	5	4464,81,272,118,102,	0,14510,20186,23704,27091,	chr19	56052977	56120465	ZNF702P-210|transcribed_processed_pseudogene	0	-	intergenic	23127
chr19	56048911	56076104	ENSG00000242779[6,12,12]	0	-	56048911	56048911	0	5	4464,81,272,118,102,	0,14510,20186,23704,27091,	chr19	56061432	56120450	ZNF702P-203|transcribed_processed_pseudogene	0	-	intergenic	14672
chr19	56048911	56076104	ENSG00000242779[6,8,12]	0	-	56048911	56048911	0	4	4464,81,272,102,	0,14510,20186,27091,	chr19	56052915	56064074	ZNF702P-207|transcribed_processed_pseudogene	0	-	intergenic	11159
chr19	56048911	56076104	ENSG00000242779[6,8,12]	0	-	56048911	56048911	0	4	4464,81,272,102,	0,14510,20186,27091,	chr19	56068974	56076049	ZNF702P-211|transcribed_processed_pseudogene	0	-	intergenic	7075
chr19	56048911	56076104	ENSG00000242779[6,8,12]	0	-	56048911	56048911	0	4	4464,81,272,102,	0,14510,20186,27091,	chr19	56069088	56076054	ZNF702P-204|transcribed_processed_pseudogene	0	-	intergenic	6966
chr19	56048911	56076104	ENSG00000242779[6,8,12]	0	-	56048911	56048911	0	4	4464,81,272,102,	0,14510,20186,27091,	chr19	56053294	56076049	ZNF702P-209|transcribed_processed_pseudogene	0	-	intergenic	22755
chr19	56048911	56076104	ENSG00000242779[6,8,12]	0	-	56048911	56048911	0	4	4464,81,272,102,	0,14510,20186,27091,	chr19	56056574	56076049	ZNF702P-205|transcribed_processed_pseudogene	0	-	intergenic	19475
chr19	56048911	56076104	ENSG00000242779[6,8,12]	0	-	56048911	56048911	0	4	4464,81,272,102,	0,14510,20186,27091,	chr19	56057905	56076048	ZNF702P-208|transcribed_processed_pseudogene	0	-	intergenic	18143
chr19	56048911	56076104	ENSG00000242779[6,8,12]	0	-	56048911	56048911	0	4	4464,81,272,102,	0,14510,20186,27091,	chr19	56061325	56076054	ZNF702P-212|transcribed_processed_pseudogene	0	-	intergenic	14729
chr19	56048911	56076104	ENSG00000242779[6,8,12]	0	-	56048911	56048911	0	4	4464,81,272,102,	0,14510,20186,27091,	chr19	56052977	56120465	ZNF702P-210|transcribed_processed_pseudogene	0	-	intergenic	23127
chr19	56048911	56076104	ENSG00000242779[6,8,12]	0	-	56048911	56048911	0	4	4464,81,272,102,	0,14510,20186,27091,	chr19	56061432	56120450	ZNF702P-203|transcribed_processed_pseudogene	0	-	intergenic	14672
chr19	56049378	56120515	ENSG00000242779[3,15,1]	0	-	56049378	56049378	255	4	3997,81,272,224,	0,14043,19719,70913,	chr19	56052915	56064074	ZNF702P-207|transcribed_processed_pseudogene	0	-	intergenic	11159
chr19	56049378	56120515	ENSG00000242779[3,15,1]	0	-	56049378	56049378	255	4	3997,81,272,224,	0,14043,19719,70913,	chr19	56053294	56076049	ZNF702P-209|transcribed_processed_pseudogene	0	-	intergenic	22755
chr19	56049378	56120515	ENSG00000242779[3,15,1]	0	-	56049378	56049378	255	4	3997,81,272,224,	0,14043,19719,70913,	chr19	56056574	56076049	ZNF702P-205|transcribed_processed_pseudogene	0	-	intergenic	19475
chr19	56049378	56120515	ENSG00000242779[3,15,1]	0	-	56049378	56049378	255	4	3997,81,272,224,	0,14043,19719,70913,	chr19	56057905	56076048	ZNF702P-208|transcribed_processed_pseudogene	0	-	intergenic	18143
chr19	56049378	56120515	ENSG00000242779[3,15,1]	0	-	56049378	56049378	255	4	3997,81,272,224,	0,14043,19719,70913,	chr19	56061325	56076054	ZNF702P-212|transcribed_processed_pseudogene	0	-	intergenic	14729
chr19	56049378	56120515	ENSG00000242779[3,15,1]	0	-	56049378	56049378	255	4	3997,81,272,224,	0,14043,19719,70913,	chr19	56052977	56120465	ZNF702P-210|transcribed_processed_pseudogene	0	-	intergenic	67488
chr19	56049378	56120515	ENSG00000242779[3,15,1]	0	-	56049378	56049378	255	4	3997,81,272,224,	0,14043,19719,70913,	chr19	56061432	56120450	ZNF702P-203|transcribed_processed_pseudogene	0	-	intergenic	59018
chr19	56049378	56120515	ENSG00000242779[3,3,1]	0	-	56049378	56049378	0	4	3997,81,272,179,	0,14043,19719,70958,	chr19	56052915	56064074	ZNF702P-207|transcribed_processed_pseudogene	0	-	intergenic	11159
chr19	56049378	56120515	ENSG00000242779[3,3,1]	0	-	56049378	56049378	0	4	3997,81,272,179,	0,14043,19719,70958,	chr19	56053294	56076049	ZNF702P-209|transcribed_processed_pseudogene	0	-	intergenic	22755
chr19	56049378	56120515	ENSG00000242779[3,3,1]	0	-	56049378	56049378	0	4	3997,81,272,179,	0,14043,19719,70958,	chr19	56056574	56076049	ZNF702P-205|transcribed_processed_pseudogene	0	-	intergenic	19475
chr19	56049378	56120515	ENSG00000242779[3,3,1]	0	-	56049378	56049378	0	4	3997,81,272,179,	0,14043,19719,70958,	chr19	56057905	56076048	ZNF702P-208|transcribed_processed_pseudogene	0	-	intergenic	18143
chr19	56049378	56120515	ENSG00000242779[3,3,1]	0	-	56049378	56049378	0	4	3997,81,272,179,	0,14043,19719,70958,	chr19	56061325	56076054	ZNF702P-212|transcribed_processed_pseudogene	0	-	intergenic	14729
chr19	56049378	56120515	ENSG00000242779[3,3,1]	0	-	56049378	56049378	0	4	3997,81,272,179,	0,14043,19719,70958,	chr19	56052977	56120465	ZNF702P-210|transcribed_processed_pseudogene	0	-	intergenic	67488
chr19	56049378	56120515	ENSG00000242779[3,3,1]	0	-	56049378	56049378	0	4	3997,81,272,179,	0,14043,19719,70958,	chr19	56061432	56120450	ZNF702P-203|transcribed_processed_pseudogene	0	-	intergenic	59018
chr19	56049378	56076104	ENSG00000242779[6,12,1]	0	-	56049378	56049378	0	5	3997,81,272,118,102,	0,14043,19719,23237,26624,	chr19	56052915	56064074	ZNF702P-207|transcribed_processed_pseudogene	0	-	intergenic	11159
chr19	56049378	56076104	ENSG00000242779[6,12,1]	0	-	56049378	56049378	0	5	3997,81,272,118,102,	0,14043,19719,23237,26624,	chr19	56068974	56076049	ZNF702P-211|transcribed_processed_pseudogene	0	-	intergenic	7075
chr19	56049378	56076104	ENSG00000242779[6,12,1]	0	-	56049378	56049378	0	5	3997,81,272,118,102,	0,14043,19719,23237,26624,	chr19	56069088	56076054	ZNF702P-204|transcribed_processed_pseudogene	0	-	intergenic	6966
chr19	56049378	56076104	ENSG00000242779[6,12,1]	0	-	56049378	56049378	0	5	3997,81,272,118,102,	0,14043,19719,23237,26624,	chr19	56053294	56076049	ZNF702P-209|transcribed_processed_pseudogene	0	-	intergenic	22755
chr19	56049378	56076104	ENSG00000242779[6,12,1]	0	-	56049378	56049378	0	5	3997,81,272,118,102,	0,14043,19719,23237,26624,	chr19	56056574	56076049	ZNF702P-205|transcribed_processed_pseudogene	0	-	intergenic	19475
chr19	56049378	56076104	ENSG00000242779[6,12,1]	0	-	56049378	56049378	0	5	3997,81,272,118,102,	0,14043,19719,23237,26624,	chr19	56057905	56076048	ZNF702P-208|transcribed_processed_pseudogene	0	-	intergenic	18143
chr19	56049378	56076104	ENSG00000242779[6,12,1]	0	-	56049378	56049378	0	5	3997,81,272,118,102,	0,14043,19719,23237,26624,	chr19	56061325	56076054	ZNF702P-212|transcribed_processed_pseudogene	0	-	intergenic	14729
chr19	56049378	56076104	ENSG00000242779[6,12,1]	0	-	56049378	56049378	0	5	3997,81,272,118,102,	0,14043,19719,23237,26624,	chr19	56052977	56120465	ZNF702P-210|transcribed_processed_pseudogene	0	-	intergenic	23127
chr19	56049378	56076104	ENSG00000242779[6,12,1]	0	-	56049378	56049378	0	5	3997,81,272,118,102,	0,14043,19719,23237,26624,	chr19	56061432	56120450	ZNF702P-203|transcribed_processed_pseudogene	0	-	intergenic	14672
chr19	56049378	56076104	ENSG00000242779[6,8,1]	0	-	56049378	56049378	0	4	3997,81,272,102,	0,14043,19719,26624,	chr19	56052915	56064074	ZNF702P-207|transcribed_processed_pseudogene	0	-	intergenic	11159
chr19	56049378	56076104	ENSG00000242779[6,8,1]	0	-	56049378	56049378	0	4	3997,81,272,102,	0,14043,19719,26624,	chr19	56068974	56076049	ZNF702P-211|transcribed_processed_pseudogene	0	-	intergenic	7075
chr19	56049378	56076104	ENSG00000242779[6,8,1]	0	-	56049378	56049378	0	4	3997,81,272,102,	0,14043,19719,26624,	chr19	56069088	56076054	ZNF702P-204|transcribed_processed_pseudogene	0	-	intergenic	6966
chr19	56049378	56076104	ENSG00000242779[6,8,1]	0	-	56049378	56049378	0	4	3997,81,272,102,	0,14043,19719,26624,	chr19	56053294	56076049	ZNF702P-209|transcribed_processed_pseudogene	0	-	intergenic	22755
chr19	56049378	56076104	ENSG00000242779[6,8,1]	0	-	56049378	56049378	0	4	3997,81,272,102,	0,14043,19719,26624,	chr19	56056574	56076049	ZNF702P-205|transcribed_processed_pseudogene	0	-	intergenic	19475
chr19	56049378	56076104	ENSG00000242779[6,8,1]	0	-	56049378	56049378	0	4	3997,81,272,102,	0,14043,19719,26624,	chr19	56057905	56076048	ZNF702P-208|transcribed_processed_pseudogene	0	-	intergenic	18143
chr19	56049378	56076104	ENSG00000242779[6,8,1]	0	-	56049378	56049378	0	4	3997,81,272,102,	0,14043,19719,26624,	chr19	56061325	56076054	ZNF702P-212|transcribed_processed_pseudogene	0	-	intergenic	14729
chr19	56049378	56076104	ENSG00000242779[6,8,1]	0	-	56049378	56049378	0	4	3997,81,272,102,	0,14043,19719,26624,	chr19	56052977	56120465	ZNF702P-210|transcribed_processed_pseudogene	0	-	intergenic	23127
chr19	56049378	56076104	ENSG00000242779[6,8,1]	0	-	56049378	56049378	0	4	3997,81,272,102,	0,14043,19719,26624,	chr19	56061432	56120450	ZNF702P-203|transcribed_processed_pseudogene	0	-	intergenic	14672
chr19	56050122	56120515	ENSG00000242779[3,15,13]	0	-	56050122	56050122	255	4	3253,81,272,224,	0,13299,18975,70169,	chr19	56052915	56064074	ZNF702P-207|transcribed_processed_pseudogene	0	-	intergenic	11159
chr19	56050122	56120515	ENSG00000242779[3,15,13]	0	-	56050122	56050122	255	4	3253,81,272,224,	0,13299,18975,70169,	chr19	56068974	56076049	ZNF702P-211|transcribed_processed_pseudogene	0	-	intergenic	7075
chr19	56050122	56120515	ENSG00000242779[3,15,13]	0	-	56050122	56050122	255	4	3253,81,272,224,	0,13299,18975,70169,	chr19	56053294	56076049	ZNF702P-209|transcribed_processed_pseudogene	0	-	intergenic	22755
chr19	56050122	56120515	ENSG00000242779[3,15,13]	0	-	56050122	56050122	255	4	3253,81,272,224,	0,13299,18975,70169,	chr19	56056574	56076049	ZNF702P-205|transcribed_processed_pseudogene	0	-	intergenic	19475
chr19	56050122	56120515	ENSG00000242779[3,15,13]	0	-	56050122	56050122	255	4	3253,81,272,224,	0,13299,18975,70169,	chr19	56057905	56076048	ZNF702P-208|transcribed_processed_pseudogene	0	-	intergenic	18143
chr19	56050122	56120515	ENSG00000242779[3,15,13]	0	-	56050122	56050122	255	4	3253,81,272,224,	0,13299,18975,70169,	chr19	56061325	56076054	ZNF702P-212|transcribed_processed_pseudogene	0	-	intergenic	14729
chr19	56050122	56120515	ENSG00000242779[3,15,13]	0	-	56050122	56050122	255	4	3253,81,272,224,	0,13299,18975,70169,	chr19	56052977	56120465	ZNF702P-210|transcribed_processed_pseudogene	0	-	intergenic	67488
chr19	56050122	56120515	ENSG00000242779[3,15,13]	0	-	56050122	56050122	255	4	3253,81,272,224,	0,13299,18975,70169,	chr19	56061432	56120450	ZNF702P-203|transcribed_processed_pseudogene	0	-	intergenic	59018
chr19	56050122	56120515	ENSG00000242779[3,3,13]	0	-	56050122	56050122	0	4	3253,81,272,179,	0,13299,18975,70214,	chr19	56052915	56064074	ZNF702P-207|transcribed_processed_pseudogene	0	-	intergenic	11159
chr19	56050122	56120515	ENSG00000242779[3,3,13]	0	-	56050122	56050122	0	4	3253,81,272,179,	0,13299,18975,70214,	chr19	56068974	56076049	ZNF702P-211|transcribed_processed_pseudogene	0	-	intergenic	7075
chr19	56050122	56120515	ENSG00000242779[3,3,13]	0	-	56050122	56050122	0	4	3253,81,272,179,	0,13299,18975,70214,	chr19	56053294	56076049	ZNF702P-209|transcribed_processed_pseudogene	0	-	intergenic	22755
chr19	56050122	56120515	ENSG00000242779[3,3,13]	0	-	56050122	56050122	0	4	3253,81,272,179,	0,13299,18975,70214,	chr19	56056574	56076049	ZNF702P-205|transcribed_processed_pseudogene	0	-	intergenic	19475
chr19	56050122	56120515	ENSG00000242779[3,3,13]	0	-	56050122	56050122	0	4	3253,81,272,179,	0,13299,18975,70214,	chr19	56057905	56076048	ZNF702P-208|transcribed_processed_pseudogene	0	-	intergenic	18143
chr19	56050122	56120515	ENSG00000242779[3,3,13]	0	-	56050122	56050122	0	4	3253,81,272,179,	0,13299,18975,70214,	chr19	56061325	56076054	ZNF702P-212|transcribed_processed_pseudogene	0	-	intergenic	14729
chr19	56050122	56120515	ENSG00000242779[3,3,13]	0	-	56050122	56050122	0	4	3253,81,272,179,	0,13299,18975,70214,	chr19	56052977	56120465	ZNF702P-210|transcribed_processed_pseudogene	0	-	intergenic	67488
chr19	56050122	56120515	ENSG00000242779[3,3,13]	0	-	56050122	56050122	0	4	3253,81,272,179,	0,13299,18975,70214,	chr19	56061432	56120450	ZNF702P-203|transcribed_processed_pseudogene	0	-	intergenic	59018
chr19	56050122	56076104	ENSG00000242779[6,12,13]	0	-	56050122	56050122	0	5	3253,81,272,118,102,	0,13299,18975,22493,25880,	chr19	56052915	56064074	ZNF702P-207|transcribed_processed_pseudogene	0	-	intergenic	11159
chr19	56050122	56076104	ENSG00000242779[6,12,13]	0	-	56050122	56050122	0	5	3253,81,272,118,102,	0,13299,18975,22493,25880,	chr19	56068974	56076049	ZNF702P-211|transcribed_processed_pseudogene	0	-	intergenic	7075
chr19	56050122	56076104	ENSG00000242779[6,12,13]	0	-	56050122	56050122	0	5	3253,81,272,118,102,	0,13299,18975,22493,25880,	chr19	56069088	56076054	ZNF702P-204|transcribed_processed_pseudogene	0	-	intergenic	6966
chr19	56050122	56076104	ENSG00000242779[6,12,13]	0	-	56050122	56050122	0	5	3253,81,272,118,102,	0,13299,18975,22493,25880,	chr19	56053294	56076049	ZNF702P-209|transcribed_processed_pseudogene	0	-	intergenic	22755
chr19	56050122	56076104	ENSG00000242779[6,12,13]	0	-	56050122	56050122	0	5	3253,81,272,118,102,	0,13299,18975,22493,25880,	chr19	56056574	56076049	ZNF702P-205|transcribed_processed_pseudogene	0	-	intergenic	19475
chr19	56050122	56076104	ENSG00000242779[6,12,13]	0	-	56050122	56050122	0	5	3253,81,272,118,102,	0,13299,18975,22493,25880,	chr19	56057905	56076048	ZNF702P-208|transcribed_processed_pseudogene	0	-	intergenic	18143
chr19	56050122	56076104	ENSG00000242779[6,12,13]	0	-	56050122	56050122	0	5	3253,81,272,118,102,	0,13299,18975,22493,25880,	chr19	56061325	56076054	ZNF702P-212|transcribed_processed_pseudogene	0	-	intergenic	14729
chr19	56050122	56076104	ENSG00000242779[6,12,13]	0	-	56050122	56050122	0	5	3253,81,272,118,102,	0,13299,18975,22493,25880,	chr19	56052977	56120465	ZNF702P-210|transcribed_processed_pseudogene	0	-	intergenic	23127
chr19	56050122	56076104	ENSG00000242779[6,12,13]	0	-	56050122	56050122	0	5	3253,81,272,118,102,	0,13299,18975,22493,25880,	chr19	56061432	56120450	ZNF702P-203|transcribed_processed_pseudogene	0	-	intergenic	14672
chr19	56050122	56076104	ENSG00000242779[6,8,13]	0	-	56050122	56050122	0	4	3253,81,272,102,	0,13299,18975,25880,	chr19	56052915	56064074	ZNF702P-207|transcribed_processed_pseudogene	0	-	intergenic	11159
chr19	56050122	56076104	ENSG00000242779[6,8,13]	0	-	56050122	56050122	0	4	3253,81,272,102,	0,13299,18975,25880,	chr19	56068974	56076049	ZNF702P-211|transcribed_processed_pseudogene	0	-	intergenic	7075
chr19	56050122	56076104	ENSG00000242779[6,8,13]	0	-	56050122	56050122	0	4	3253,81,272,102,	0,13299,18975,25880,	chr19	56069088	56076054	ZNF702P-204|transcribed_processed_pseudogene	0	-	intergenic	6966
chr19	56050122	56076104	ENSG00000242779[6,8,13]	0	-	56050122	56050122	0	4	3253,81,272,102,	0,13299,18975,25880,	chr19	56053294	56076049	ZNF702P-209|transcribed_processed_pseudogene	0	-	intergenic	22755
chr19	56050122	56076104	ENSG00000242779[6,8,13]	0	-	56050122	56050122	0	4	3253,81,272,102,	0,13299,18975,25880,	chr19	56056574	56076049	ZNF702P-205|transcribed_processed_pseudogene	0	-	intergenic	19475
chr19	56050122	56076104	ENSG00000242779[6,8,13]	0	-	56050122	56050122	0	4	3253,81,272,102,	0,13299,18975,25880,	chr19	56057905	56076048	ZNF702P-208|transcribed_processed_pseudogene	0	-	intergenic	18143
chr19	56050122	56076104	ENSG00000242779[6,8,13]	0	-	56050122	56050122	0	4	3253,81,272,102,	0,13299,18975,25880,	chr19	56061325	56076054	ZNF702P-212|transcribed_processed_pseudogene	0	-	intergenic	14729
chr19	56050122	56076104	ENSG00000242779[6,8,13]	0	-	56050122	56050122	0	4	3253,81,272,102,	0,13299,18975,25880,	chr19	56052977	56120465	ZNF702P-210|transcribed_processed_pseudogene	0	-	intergenic	23127
chr19	56050122	56076104	ENSG00000242779[6,8,13]	0	-	56050122	56050122	0	4	3253,81,272,102,	0,13299,18975,25880,	chr19	56061432	56120450	ZNF702P-203|transcribed_processed_pseudogene	0	-	intergenic	14672
chr19	56050733	56120515	ENSG00000242779[3,15,5]	0	-	56050733	56050733	255	4	2642,81,272,224,	0,12688,18364,69558,	chr19	56052915	56064074	ZNF702P-207|transcribed_processed_pseudogene	0	-	intergenic	11159
chr19	56050733	56120515	ENSG00000242779[3,15,5]	0	-	56050733	56050733	255	4	2642,81,272,224,	0,12688,18364,69558,	chr19	56068974	56076049	ZNF702P-211|transcribed_processed_pseudogene	0	-	intergenic	7075
chr19	56050733	56120515	ENSG00000242779[3,15,5]	0	-	56050733	56050733	255	4	2642,81,272,224,	0,12688,18364,69558,	chr19	56053294	56076049	ZNF702P-209|transcribed_processed_pseudogene	0	-	intergenic	22755
chr19	56050733	56120515	ENSG00000242779[3,15,5]	0	-	56050733	56050733	255	4	2642,81,272,224,	0,12688,18364,69558,	chr19	56056574	56076049	ZNF702P-205|transcribed_processed_pseudogene	0	-	intergenic	19475
chr19	56050733	56120515	ENSG00000242779[3,15,5]	0	-	56050733	56050733	255	4	2642,81,272,224,	0,12688,18364,69558,	chr19	56057905	56076048	ZNF702P-208|transcribed_processed_pseudogene	0	-	intergenic	18143
chr19	56050733	56120515	ENSG00000242779[3,15,5]	0	-	56050733	56050733	255	4	2642,81,272,224,	0,12688,18364,69558,	chr19	56061325	56076054	ZNF702P-212|transcribed_processed_pseudogene	0	-	intergenic	14729
chr19	56050733	56120515	ENSG00000242779[3,15,5]	0	-	56050733	56050733	255	4	2642,81,272,224,	0,12688,18364,69558,	chr19	56052977	56120465	ZNF702P-210|transcribed_processed_pseudogene	0	-	intergenic	67488
chr19	56050733	56120515	ENSG00000242779[3,15,5]	0	-	56050733	56050733	255	4	2642,81,272,224,	0,12688,18364,69558,	chr19	56061432	56120450	ZNF702P-203|transcribed_processed_pseudogene	0	-	intergenic	59018
chr19	56050733	56120515	ENSG00000242779[3,3,5]	0	-	56050733	56050733	0	4	2642,81,272,179,	0,12688,18364,69603,	chr19	56052915	56064074	ZNF702P-207|transcribed_processed_pseudogene	0	-	intergenic	11159
chr19	56050733	56120515	ENSG00000242779[3,3,5]	0	-	56050733	56050733	0	4	2642,81,272,179,	0,12688,18364,69603,	chr19	56068974	56076049	ZNF702P-211|transcribed_processed_pseudogene	0	-	intergenic	7075
chr19	56050733	56120515	ENSG00000242779[3,3,5]	0	-	56050733	56050733	0	4	2642,81,272,179,	0,12688,18364,69603,	chr19	56053294	56076049	ZNF702P-209|transcribed_processed_pseudogene	0	-	intergenic	22755
chr19	56050733	56120515	ENSG00000242779[3,3,5]	0	-	56050733	56050733	0	4	2642,81,272,179,	0,12688,18364,69603,	chr19	56056574	56076049	ZNF702P-205|transcribed_processed_pseudogene	0	-	intergenic	19475
chr19	56050733	56120515	ENSG00000242779[3,3,5]	0	-	56050733	56050733	0	4	2642,81,272,179,	0,12688,18364,69603,	chr19	56057905	56076048	ZNF702P-208|transcribed_processed_pseudogene	0	-	intergenic	18143
chr19	56050733	56120515	ENSG00000242779[3,3,5]	0	-	56050733	56050733	0	4	2642,81,272,179,	0,12688,18364,69603,	chr19	56061325	56076054	ZNF702P-212|transcribed_processed_pseudogene	0	-	intergenic	14729
chr19	56050733	56120515	ENSG00000242779[3,3,5]	0	-	56050733	56050733	0	4	2642,81,272,179,	0,12688,18364,69603,	chr19	56052977	56120465	ZNF702P-210|transcribed_processed_pseudogene	0	-	intergenic	67488
chr19	56050733	56120515	ENSG00000242779[3,3,5]	0	-	56050733	56050733	0	4	2642,81,272,179,	0,12688,18364,69603,	chr19	56061432	56120450	ZNF702P-203|transcribed_processed_pseudogene	0	-	intergenic	59018
chr19	56050733	56076104	ENSG00000242779[6,12,5]	0	-	56050733	56050733	0	5	2642,81,272,118,102,	0,12688,18364,21882,25269,	chr19	56052915	56064074	ZNF702P-207|transcribed_processed_pseudogene	0	-	intergenic	11159
chr19	56050733	56076104	ENSG00000242779[6,12,5]	0	-	56050733	56050733	0	5	2642,81,272,118,102,	0,12688,18364,21882,25269,	chr19	56068974	56076049	ZNF702P-211|transcribed_processed_pseudogene	0	-	intergenic	7075
chr19	56050733	56076104	ENSG00000242779[6,12,5]	0	-	56050733	56050733	0	5	2642,81,272,118,102,	0,12688,18364,21882,25269,	chr19	56069088	56076054	ZNF702P-204|transcribed_processed_pseudogene	0	-	intergenic	6966
chr19	56050733	56076104	ENSG00000242779[6,12,5]	0	-	56050733	56050733	0	5	2642,81,272,118,102,	0,12688,18364,21882,25269,	chr19	56053294	56076049	ZNF702P-209|transcribed_processed_pseudogene	0	-	intergenic	22755
chr19	56050733	56076104	ENSG00000242779[6,12,5]	0	-	56050733	56050733	0	5	2642,81,272,118,102,	0,12688,18364,21882,25269,	chr19	56056574	56076049	ZNF702P-205|transcribed_processed_pseudogene	0	-	intergenic	19475
chr19	56050733	56076104	ENSG00000242779[6,12,5]	0	-	56050733	56050733	0	5	2642,81,272,118,102,	0,12688,18364,21882,25269,	chr19	56057905	56076048	ZNF702P-208|transcribed_processed_pseudogene	0	-	intergenic	18143
chr19	56050733	56076104	ENSG00000242779[6,12,5]	0	-	56050733	56050733	0	5	2642,81,272,118,102,	0,12688,18364,21882,25269,	chr19	56061325	56076054	ZNF702P-212|transcribed_processed_pseudogene	0	-	intergenic	14729
chr19	56050733	56076104	ENSG00000242779[6,12,5]	0	-	56050733	56050733	0	5	2642,81,272,118,102,	0,12688,18364,21882,25269,	chr19	56052977	56120465	ZNF702P-210|transcribed_processed_pseudogene	0	-	intergenic	23127
chr19	56050733	56076104	ENSG00000242779[6,12,5]	0	-	56050733	56050733	0	5	2642,81,272,118,102,	0,12688,18364,21882,25269,	chr19	56061432	56120450	ZNF702P-203|transcribed_processed_pseudogene	0	-	intergenic	14672
chr19	56050733	56076104	ENSG00000242779[6,8,5]	0	-	56050733	56050733	0	4	2642,81,272,102,	0,12688,18364,25269,	chr19	56052915	56064074	ZNF702P-207|transcribed_processed_pseudogene	0	-	intergenic	11159
chr19	56050733	56076104	ENSG00000242779[6,8,5]	0	-	56050733	56050733	0	4	2642,81,272,102,	0,12688,18364,25269,	chr19	56068974	56076049	ZNF702P-211|transcribed_processed_pseudogene	0	-	intergenic	7075
chr19	56050733	56076104	ENSG00000242779[6,8,5]	0	-	56050733	56050733	0	4	2642,81,272,102,	0,12688,18364,25269,	chr19	56069088	56076054	ZNF702P-204|transcribed_processed_pseudogene	0	-	intergenic	6966
chr19	56050733	56076104	ENSG00000242779[6,8,5]	0	-	56050733	56050733	0	4	2642,81,272,102,	0,12688,18364,25269,	chr19	56053294	56076049	ZNF702P-209|transcribed_processed_pseudogene	0	-	intergenic	22755
chr19	56050733	56076104	ENSG00000242779[6,8,5]	0	-	56050733	56050733	0	4	2642,81,272,102,	0,12688,18364,25269,	chr19	56056574	56076049	ZNF702P-205|transcribed_processed_pseudogene	0	-	intergenic	19475
chr19	56050733	56076104	ENSG00000242779[6,8,5]	0	-	56050733	56050733	0	4	2642,81,272,102,	0,12688,18364,25269,	chr19	56057905	56076048	ZNF702P-208|transcribed_processed_pseudogene	0	-	intergenic	18143
chr19	56050733	56076104	ENSG00000242779[6,8,5]	0	-	56050733	56050733	0	4	2642,81,272,102,	0,12688,18364,25269,	chr19	56061325	56076054	ZNF702P-212|transcribed_processed_pseudogene	0	-	intergenic	14729
chr19	56050733	56076104	ENSG00000242779[6,8,5]	0	-	56050733	56050733	0	4	2642,81,272,102,	0,12688,18364,25269,	chr19	56052977	56120465	ZNF702P-210|transcribed_processed_pseudogene	0	-	intergenic	23127
chr19	56050733	56076104	ENSG00000242779[6,8,5]	0	-	56050733	56050733	0	4	2642,81,272,102,	0,12688,18364,25269,	chr19	56061432	56120450	ZNF702P-203|transcribed_processed_pseudogene	0	-	intergenic	14672
chr19	56053244	56076104	ENSG00000242779[6,12,6]	0	-	56053244	56053244	0	5	131,81,272,118,102,	0,10177,15853,19371,22758,	chr19	56052915	56064074	ZNF702P-207|transcribed_processed_pseudogene	0	-	intergenic	10830
chr19	56053244	56076104	ENSG00000242779[6,12,6]	0	-	56053244	56053244	0	5	131,81,272,118,102,	0,10177,15853,19371,22758,	chr19	56068974	56076049	ZNF702P-211|transcribed_processed_pseudogene	0	-	intergenic	7075
chr19	56053244	56076104	ENSG00000242779[6,12,6]	0	-	56053244	56053244	0	5	131,81,272,118,102,	0,10177,15853,19371,22758,	chr19	56069088	56076054	ZNF702P-204|transcribed_processed_pseudogene	0	-	intergenic	6966
chr19	56053244	56076104	ENSG00000242779[6,12,6]	0	-	56053244	56053244	0	5	131,81,272,118,102,	0,10177,15853,19371,22758,	chr19	56053294	56076049	ZNF702P-209|transcribed_processed_pseudogene	0	-	intergenic	22755
chr19	56053244	56076104	ENSG00000242779[6,12,6]	0	-	56053244	56053244	0	5	131,81,272,118,102,	0,10177,15853,19371,22758,	chr19	56056574	56076049	ZNF702P-205|transcribed_processed_pseudogene	0	-	intergenic	19475
chr19	56053244	56076104	ENSG00000242779[6,12,6]	0	-	56053244	56053244	0	5	131,81,272,118,102,	0,10177,15853,19371,22758,	chr19	56057905	56076048	ZNF702P-208|transcribed_processed_pseudogene	0	-	intergenic	18143
chr19	56053244	56076104	ENSG00000242779[6,12,6]	0	-	56053244	56053244	0	5	131,81,272,118,102,	0,10177,15853,19371,22758,	chr19	56061325	56076054	ZNF702P-212|transcribed_processed_pseudogene	0	-	intergenic	14729
chr19	56053244	56076104	ENSG00000242779[6,12,6]	0	-	56053244	56053244	0	5	131,81,272,118,102,	0,10177,15853,19371,22758,	chr19	56052977	56120465	ZNF702P-210|transcribed_processed_pseudogene	0	-	intergenic	22860
chr19	56053244	56076104	ENSG00000242779[6,12,6]	0	-	56053244	56053244	0	5	131,81,272,118,102,	0,10177,15853,19371,22758,	chr19	56061432	56120450	ZNF702P-203|transcribed_processed_pseudogene	0	-	intergenic	14672
chr19	56057855	56076104	ENSG00000242779[6,9,8]	0	-	56057855	56057855	0	4	478,81,272,102,	0,5566,11242,18147,	chr19	56052915	56064074	ZNF702P-207|transcribed_processed_pseudogene	0	-	intergenic	6219
chr19	56057855	56076104	ENSG00000242779[6,9,8]	0	-	56057855	56057855	0	4	478,81,272,102,	0,5566,11242,18147,	chr19	56068974	56076049	ZNF702P-211|transcribed_processed_pseudogene	0	-	intergenic	7075
chr19	56057855	56076104	ENSG00000242779[6,9,8]	0	-	56057855	56057855	0	4	478,81,272,102,	0,5566,11242,18147,	chr19	56069088	56076054	ZNF702P-204|transcribed_processed_pseudogene	0	-	intergenic	6966
chr19	56057855	56076104	ENSG00000242779[6,9,8]	0	-	56057855	56057855	0	4	478,81,272,102,	0,5566,11242,18147,	chr19	56053294	56076049	ZNF702P-209|transcribed_processed_pseudogene	0	-	intergenic	18194
chr19	56057855	56076104	ENSG00000242779[6,9,8]	0	-	56057855	56057855	0	4	478,81,272,102,	0,5566,11242,18147,	chr19	56056574	56076049	ZNF702P-205|transcribed_processed_pseudogene	0	-	intergenic	18194
chr19	56057855	56076104	ENSG00000242779[6,9,8]	0	-	56057855	56057855	0	4	478,81,272,102,	0,5566,11242,18147,	chr19	56057905	56076048	ZNF702P-208|transcribed_processed_pseudogene	0	-	intergenic	18143
chr19	56057855	56076104	ENSG00000242779[6,9,8]	0	-	56057855	56057855	0	4	478,81,272,102,	0,5566,11242,18147,	chr19	56061325	56076054	ZNF702P-212|transcribed_processed_pseudogene	0	-	intergenic	14729
chr19	56057855	56076104	ENSG00000242779[6,9,8]	0	-	56057855	56057855	0	4	478,81,272,102,	0,5566,11242,18147,	chr19	56052977	56120465	ZNF702P-210|transcribed_processed_pseudogene	0	-	intergenic	18249
chr19	56057855	56076104	ENSG00000242779[6,9,8]	0	-	56057855	56057855	0	4	478,81,272,102,	0,5566,11242,18147,	chr19	56061432	56120450	ZNF702P-203|transcribed_processed_pseudogene	0	-	intergenic	14672
chr19	56068924	56076104	ENSG00000242779[6,11,11]	0	-	56068924	56068924	0	3	445,118,102,	0,3691,7078,	chr19	56068974	56076049	ZNF702P-211|transcribed_processed_pseudogene	0	-	intergenic	7075
chr19	56068924	56076104	ENSG00000242779[6,11,11]	0	-	56068924	56068924	0	3	445,118,102,	0,3691,7078,	chr19	56069088	56076054	ZNF702P-204|transcribed_processed_pseudogene	0	-	intergenic	6966
chr19	56068924	56076104	ENSG00000242779[6,11,11]	0	-	56068924	56068924	0	3	445,118,102,	0,3691,7078,	chr19	56053294	56076049	ZNF702P-209|transcribed_processed_pseudogene	0	-	intergenic	7125
chr19	56068924	56076104	ENSG00000242779[6,11,11]	0	-	56068924	56068924	0	3	445,118,102,	0,3691,7078,	chr19	56056574	56076049	ZNF702P-205|transcribed_processed_pseudogene	0	-	intergenic	7125
chr19	56068924	56076104	ENSG00000242779[6,11,11]	0	-	56068924	56068924	0	3	445,118,102,	0,3691,7078,	chr19	56057905	56076048	ZNF702P-208|transcribed_processed_pseudogene	0	-	intergenic	7124
chr19	56068924	56076104	ENSG00000242779[6,11,11]	0	-	56068924	56068924	0	3	445,118,102,	0,3691,7078,	chr19	56061325	56076054	ZNF702P-212|transcribed_processed_pseudogene	0	-	intergenic	7130
chr19	56068924	56076104	ENSG00000242779[6,11,11]	0	-	56068924	56068924	0	3	445,118,102,	0,3691,7078,	chr19	56052977	56120465	ZNF702P-210|transcribed_processed_pseudogene	0	-	intergenic	7180
chr19	56068924	56076104	ENSG00000242779[6,11,11]	0	-	56068924	56068924	0	3	445,118,102,	0,3691,7078,	chr19	56061432	56120450	ZNF702P-203|transcribed_processed_pseudogene	0	-	intergenic	7180
chr19	56583363	56592052	ENSG00000213777[2,3,3]	0	+	56583363	56583363	0	2	328,499,	0,8190,	chr19	56583413	56592278	AC011487.1-202|transcribed_processed_pseudogene	0	+	intergenic	8639
chr19	56583363	56592052	ENSG00000213777[2,3,3]	0	+	56583363	56583363	0	2	328,499,	0,8190,	chr19	56583562	56592002	AC011487.1-203|transcribed_processed_pseudogene	0	+	intergenic	8440
chr19	56851930	56852805	ENSG00000229000[1,1,1]	0	-	56851930	56851930	0	1	875,	0,	chr19	56851980	56852755	retro_human_2033|SEPTIN7P8-201|processed_pseudogene	0	-	intergenic	775
chr20	5573507	5574065	ENSG00000225831[1,1,1]	0	+	5573507	5573507	0	1	558,	0,	chr20	5573557	5574015	retro_human_2004|RPS18P1-201|processed_pseudogene	0	+	intergenic	458
chr20	6254875	6256658	ENSG00000234241[1,1,1]	0	+	6254875	6254875	0	1	1783,	0,	chr20	6254925	6256608	retro_human_1302|AL109618.1-201|processed_pseudogene	0	+	intergenic	1683
chr20	22945093	22945592	ENSG00000213882[1,1,1]	0	-	22945093	22945093	0	1	499,	0,	chr20	22945143	22945542	retro_human_3785|CYB5AP4-201|processed_pseudogene	0	-	intergenic	399
chr20	33533060	33533407	ENSG00000230801[1,1,1]	0	-	33533060	33533060	0	1	347,	0,	chr20	33533110	33533357	retro_human_4198|AL160175.1-201|processed_pseudogene	0	-	intergenic	247
chr20	47376484	47377469	ENSG00000235508[1,1,1]	0	-	47376484	47376484	0	1	985,	0,	chr20	47376534	47377419	retro_human_5005|RPS2P7-201|processed_pseudogene	0	-	intergenic	885
chr20	51726166	51727554	ENSG00000229222[1,1,1]	0	+	51726166	51726166	0	1	1388,	0,	chr20	51726216	51727504	retro_human_8800|KRT18P4-201|processed_pseudogene	0	+	intergenic	1288
chr20	64371147	64371961	ENSG00000226094[1,1,1]	0	+	64371147	64371147	0	1	814,	0,	chr20	64371197	64371911	retro_human_897|RPL7P3-201|processed_pseudogene	0	+	intergenic	714
chr21	9718060	9732729	ENSG00000270533[2,3,3]	0	-	9718060	9718060	255	2	351,119,	0,14550,	chr21	9588384	9732679	CR382285.1-201|transcribed_processed_pseudogene	0	-	intergenic	14619
chr21	25276285	25324950	ENSG00000154736[3,1,1]	0	-	25282472	25324778	0	8	6752,176,176,184,284,168,133,1276,	0,12013,14132,14995,16600,25520,36866,47389,	chr21	25313069	25324523	retro_human_10036	0	-	intergenic	11454
chr21	25281282	25324282	ENSG00000154736[4,1,3]	0	-	25282472	25323944	0	8	1755,176,176,184,284,168,133,608,	0,7016,9135,9998,11603,20523,31869,42392,	chr21	25313069	25324523	retro_human_10036	0	-	intergenic	11213
chr21	25281962	25324445	ENSG00000154736[5,1,4]	0	-	25282472	25323944	0	8	1075,176,176,184,284,168,133,771,	0,6336,8455,9318,10923,19843,31189,41712,	chr21	25313069	25324523	retro_human_10036	0	-	intergenic	11376
chr22	15924575	15925252	ENSG00000236097[1,1,1]	0	+	15924575	15924575	0	1	677,	0,	chr22	15924625	15925202	retro_human_5722|BNIP3P2-1|processed_pseudogene	0	+	intergenic	577
chr22	17553198	17553649	ENSG00000237358[1,1,1]	0	-	17553198	17553198	0	1	451,	0,	chr22	17553248	17553599	AC007064.1-201|processed_pseudogene	0	-	intergenic	351
chr22	22298745	22299237	ENSG00000225544[1,1,1]	0	-	22298745	22298745	0	1	492,	0,	chr22	22298795	22299187	AC245452.1-201|processed_pseudogene	0	-	intergenic	392
chr22	23411083	23411502	ENSG00000237472[1,1,1]	0	+	23411083	23411083	0	1	419,	0,	chr22	23411133	23411452	retro_human_2206|AC245054.2-201|processed_pseudogene	0	+	intergenic	319
chr22	23881079	23883634	ENSG00000227755[2,3,2]	0	+	23881079	23881079	0	2	155,531,	0,2024,	chr22	23869351	23883539	AP000344.1-201|transcribed_processed_pseudogene	0	+	intergenic	2460
chr22	35578586	35689999	ENSG00000233080[2,2,1]	0	-	35578586	35578586	0	6	131,55,168,122,163,109,	0,239,51732,52636,75124,111304,	chr22	35578636	35689949	LINC01399-201|transcribed_processed_pseudogene	0	-	intergenic	111313
