chr5	181892717	181897344	ENSG00000237094[6,7,2]	0	+	181897344	181897344	0	2	243,233,	0,4394,	chr5	181892418	181895209	retro_human_9324|AC138035.3-1|processed_pseudogene	0	-	AC138035.2,CICP15	2492
chr1	146488	151124	ENSG00000230021[8,12,3]	0	-	146488	146488	0	2	227,257,	0,4379,	chr1	148603	151415	CICP18-201|transcribed_processed_pseudogene	0	-	CICP3,CICP18	2521
chr1	146488	151124	ENSG00000230021[8,12,3]	0	-	146488	146488	0	2	227,257,	0,4379,	chr1	148607	151413	retro_human_9205|CICP3-201|processed_pseudogene	0	+	CICP3,CICP18	2517
chr1	146488	151124	ENSG00000230021[8,12,3]	0	-	146488	146488	0	2	227,257,	0,4379,	chr1	138270	151217	CICP18-202|transcribed_processed_pseudogene	0	-	SEPTIN14P14,CICP3	4636
chr1	208423	208637	ENSG00000285268[1,1,1]	0	+	208423	208423	0	1	214,	0,	chr1	208473	208587	AL669831.6-201|transcribed_processed_pseudogene	0	+	LINC01409	114
chr1	389323	394480	ENSG00000187961[1,6,1]	0	+	389483	393903	255	12	267,260,122,222,186,214,145,168,89,74,182,803,	0,759,1095,1292,1752,2170,2575,2803,3386,3573,3815,4354,	chr1	393097	393858	retro_human_6823	0	+	KLHL17	761
chr1	389323	394480	ENSG00000187961[1,8,1]	0	+	393165	393903	255	2	3997,803,	0,4354,	chr1	393097	393858	retro_human_6823	0	+	KLHL17	761
chr1	389323	394480	ENSG00000187961[1,1,1]	0	+	389483	393903	0	12	267,260,122,222,117,214,145,168,89,74,182,803,	0,759,1095,1292,1821,2170,2575,2803,3386,3573,3815,4354,	chr1	393097	393858	retro_human_6823	0	+	KLHL17	761
chr1	425828	430377	ENSG00000188290[1,4,2]	0	-	429216	429726	0	2	3759,697,	0,3852,	chr1	429427	430128	retro_human_4464	0	-	HES4	701
chr1	425828	430377	ENSG00000188290[1,1,2]	0	-	429216	430128	0	4	3759,88,96,357,	0,3852,4018,4192,	chr1	429427	430128	retro_human_4464	0	-	HES4	701
chr1	429066	430377	ENSG00000188290[1,5,1]	0	-	429216	429726	255	3	521,262,357,	0,614,954,	chr1	429427	430128	retro_human_4464	0	-	HES4	701
chr1	429066	430377	ENSG00000188290[1,6,1]	0	-	429518	430128	255	4	521,81,96,357,	0,621,780,954,	chr1	429427	430128	retro_human_4464	0	-	HES4	701
chr1	429066	430377	ENSG00000188290[1,3,1]	0	-	429216	430128	0	3	521,88,357,	0,614,954,	chr1	429427	430128	retro_human_4464	0	-	HES4	701
chr1	429066	430377	ENSG00000188290[1,4,1]	0	-	429216	429726	0	2	521,697,	0,614,	chr1	429427	430128	retro_human_4464	0	-	HES4	701
chr1	429066	430377	ENSG00000188290[1,2,1]	0	-	429216	430128	0	3	521,88,531,	0,614,780,	chr1	429427	430128	retro_human_4464	0	-	HES4	701
chr1	429066	430377	ENSG00000188290[1,1,1]	0	-	429216	430128	0	4	521,88,96,357,	0,614,780,954,	chr1	429427	430128	retro_human_4464	0	-	HES4	701
chr1	1106379	1107901	ENSG00000269737[1,1,1]	0	+	1106379	1106379	0	1	1522,	0,	chr1	1107714	1108837	retro_human_6554|AL691432.1-202|transcribed_processed_pseudogene	0	+	AL691432.1,LOC100288379	187
chr1	1106548	1108482	ENSG00000269737[3,1,3]	0	+	1106548	1106548	0	1	1934,	0,	chr1	1107714	1108837	retro_human_6554|AL691432.1-202|transcribed_processed_pseudogene	0	+	AL691432.1,LOC100288379	768
chr1	1159155	1180410	ENSG00000215790[2,3,1]	0	-	1159784	1173931	0	7	635,146,128,136,469,418,319,	0,9911,13539,14140,14454,19463,20936,	chr1	1166926	1170356	AL031282.1-203|transcribed_processed_pseudogene	0	+	SLC35E2A,AL031282.2	3430
chr1	1159155	1180410	ENSG00000215790[2,3,1]	0	-	1159784	1173931	0	7	635,146,128,136,469,418,319,	0,9911,13539,14140,14454,19463,20936,	chr1	1158879	1170354	AL031282.1-201|transcribed_processed_pseudogene	0	+	AL031282.1,SLC35E2A	11199
chr1	1159155	1180410	ENSG00000215790[2,3,1]	0	-	1159784	1173931	0	7	635,146,128,136,469,418,319,	0,9911,13539,14140,14454,19463,20936,	chr1	1158982	1166277	AL031282.1-202|transcribed_processed_pseudogene	0	+	AL031282.1,SLC35E2A	7122
chr1	1161702	1180410	ENSG00000215790[2,5,5]	0	-	1164020	1173931	255	6	2345,146,128,136,469,319,	0,7364,10992,11593,11907,18389,	chr1	1166926	1170356	AL031282.1-203|transcribed_processed_pseudogene	0	+	SLC35E2A,AL031282.2	3430
chr1	1161702	1180410	ENSG00000215790[2,5,5]	0	-	1164020	1173931	255	6	2345,146,128,136,469,319,	0,7364,10992,11593,11907,18389,	chr1	1158879	1170354	AL031282.1-201|transcribed_processed_pseudogene	0	+	AL031282.1,SLC35E2A	8652
chr1	1161702	1180410	ENSG00000215790[2,5,5]	0	-	1164020	1173931	255	6	2345,146,128,136,469,319,	0,7364,10992,11593,11907,18389,	chr1	1158982	1166277	AL031282.1-202|transcribed_processed_pseudogene	0	+	AL031282.1,SLC35E2A	4575
chr1	1161702	1180410	ENSG00000215790[2,6,5]	0	-	1164020	1173931	255	7	2345,146,128,136,469,418,319,	0,7364,10992,11593,11907,16916,18389,	chr1	1166926	1170356	AL031282.1-203|transcribed_processed_pseudogene	0	+	SLC35E2A,AL031282.2	3430
chr1	1161702	1180410	ENSG00000215790[2,6,5]	0	-	1164020	1173931	255	7	2345,146,128,136,469,418,319,	0,7364,10992,11593,11907,16916,18389,	chr1	1158879	1170354	AL031282.1-201|transcribed_processed_pseudogene	0	+	AL031282.1,SLC35E2A	8652
chr1	1161702	1180410	ENSG00000215790[2,6,5]	0	-	1164020	1173931	255	7	2345,146,128,136,469,418,319,	0,7364,10992,11593,11907,16916,18389,	chr1	1158982	1166277	AL031282.1-202|transcribed_processed_pseudogene	0	+	AL031282.1,SLC35E2A	4575
chr1	1161702	1180410	ENSG00000215790[2,2,5]	0	-	1166830	1173931	0	6	5194,146,128,136,469,319,	0,7364,10992,11593,11907,18389,	chr1	1166926	1170356	AL031282.1-203|transcribed_processed_pseudogene	0	+	SLC35E2A,AL031282.2	3430
chr1	1161702	1180410	ENSG00000215790[2,2,5]	0	-	1166830	1173931	0	6	5194,146,128,136,469,319,	0,7364,10992,11593,11907,18389,	chr1	1158879	1170354	AL031282.1-201|transcribed_processed_pseudogene	0	+	AL031282.1,SLC35E2A	8652
chr1	1161702	1180410	ENSG00000215790[2,2,5]	0	-	1166830	1173931	0	6	5194,146,128,136,469,319,	0,7364,10992,11593,11907,18389,	chr1	1158982	1166277	AL031282.1-202|transcribed_processed_pseudogene	0	+	AL031282.1,SLC35E2A	4575
chr1	1166150	1170051	ENSG00000215790[3,4,4]	0	-	1166830	1169591	0	3	746,146,467,	0,2916,3434,	chr1	1166926	1170356	AL031282.1-203|transcribed_processed_pseudogene	0	+	SLC35E2A,AL031282.2	3125
chr1	1166150	1170051	ENSG00000215790[3,4,4]	0	-	1166830	1169591	0	3	746,146,467,	0,2916,3434,	chr1	1158879	1170354	AL031282.1-201|transcribed_processed_pseudogene	0	+	AL031282.1,SLC35E2A	3901
chr1	2028636	2030440	ENSG00000157870[3,12,3]	0	+	2030084	2030414	0	3	304,52,406,	0,749,1398,	chr1	2028748	2028972	retro_human_6557	0	+	PRXL2B	224
chr1	2523036	2524573	ENSG00000169717[1,1,1]	0	+	2523306	2524437	0	1	1537,	0,	chr1	2523328	2524437	retro_human_6556	0	+	ACTRT2	1109
chr1	6361957	6362343	ENSG00000227950[1,1,1]	0	-	6361957	6361957	0	1	386,	0,	chr1	6362007	6362293	retro_human_10364|AL590128.1-201|processed_pseudogene	0	-	RPL37P9,LOC124903832	286
chr1	9112715	9113374	ENSG00000231181[1,1,1]	0	+	9112765	9113167	0	1	659,	0,	chr1	9112765	9113324	retro_human_7186|AL954705.1-201|processed_pseudogene	0	+	RPL9P11	559
chr1	11421822	11424559	ENSG00000224904[1,1,1]	0	+	11421822	11421822	0	1	2737,	0,	chr1	11421872	11424509	retro_human_7777|SBF1P2-201|processed_pseudogene	0	+	SBF1P2	2637
chr1	11624381	11624736	ENSG00000227875[1,1,1]	0	-	11624381	11624381	0	1	355,	0,	chr1	11624431	11624686	retro_human_5706|RPL23AP89-201|processed_pseudogene	0	-	RPL23AP89	255
chr1	12722218	12726458	ENSG00000182330[2,3,1]	0	-	12722607	12725325	0	4	948,576,312,128,	0,1862,2820,4112,	chr1	12722650	12723258	retro_human_5702	0	-	PRAMEF8	608
chr1	15049257	15049804	ENSG00000235084[1,1,1]	0	+	15049257	15049257	0	1	547,	0,	chr1	15049307	15049754	retro_human_8340|CHCHD2P6-201|processed_pseudogene	0	+	CHCHD2P6	447
chr1	15059304	15059629	ENSG00000236500[1,1,1]	0	-	15059304	15059304	0	1	325,	0,	chr1	15059354	15059579	retro_human_336|CD24P1-201|processed_pseudogene	0	-	CD24P1	225
chr1	15251886	15252467	ENSG00000233954[1,1,1]	0	-	15252144	15252417	0	1	581,	0,	chr1	15252145	15252417	retro_human_339	0	-	UQCRHL	272
chr1	15251886	15254164	ENSG00000233954[2,1,1]	0	-	15252144	15252417	0	1	2278,	0,	chr1	15252145	15252417	retro_human_339	0	-	UQCRHL	272
chr1	15682495	15682781	ENSG00000233929[1,1,1]	0	-	15682495	15682495	0	1	286,	0,	chr1	15682545	15682731	retro_human_338|MT1XP1-201|processed_pseudogene	0	-	MT1XP1	186
chr1	16401182	16401717	ENSG00000236698[1,1,1]	0	-	16401182	16401182	0	1	535,	0,	chr1	16401232	16401667	retro_human_341|EIF1AXP1-201|processed_pseudogene	0	-	EIF1AXP1	435
chr1	16698915	16700204	ENSG00000238142[1,6,3]	0	-	16698915	16698915	0	2	298,228,	0,1061,	chr1	16699523	16700031	BX284668.4-201|processed_pseudogene	0	+	BX284668.5,LOC105376805	508
chr1	16698915	16700204	ENSG00000238142[1,4,3]	0	-	16698915	16698915	0	2	298,560,	0,729,	chr1	16699523	16700031	BX284668.4-201|processed_pseudogene	0	+	BX284668.5,LOC105376805	508
chr1	16698915	16700204	ENSG00000238142[1,7,3]	0	-	16698915	16698915	0	2	295,228,	0,1061,	chr1	16699523	16700031	BX284668.4-201|processed_pseudogene	0	+	BX284668.5,LOC105376805	508
chr1	19431507	19432062	ENSG00000226396[1,1,1]	0	+	19431795	19431927	0	1	555,	0,	chr1	19431557	19432012	retro_human_8925|AL031727.1-201|processed_pseudogene	0	+	RPS14P3	455
chr1	20830140	20830625	ENSG00000233072[1,1,1]	0	-	20830224	20830563	0	1	485,	0,	chr1	20830190	20830575	retro_human_5047|RPS15AP6-201|processed_pseudogene	0	-	RPS15AP6	385
chr1	21731860	21732443	ENSG00000232037[1,1,1]	0	+	21731860	21731860	0	1	583,	0,	chr1	21731910	21732393	retro_human_8920|AL590556.1-201|processed_pseudogene	0	+	RPL21P29	483
chr1	21854269	21854591	ENSG00000285794[1,1,1]	0	+	21854269	21854269	0	1	322,	0,	chr1	21854319	21854541	AL031281.1-201|transcribed_processed_pseudogene	0	+	CDC42-AS1,AL590556.3,LINC00339	222
chr1	21892052	21892640	ENSG00000271428[1,1,1]	0	-	21892052	21892052	0	1	588,	0,	chr1	21892102	21892590	retro_human_5044|MPHOSPH6P1-201|processed_pseudogene	0	-	LOC124903873	488
chr1	23738835	23740190	ENSG00000229106[1,1,1]	0	-	23739858	23740152	0	1	1355,	0,	chr1	23738885	23740140	retro_human_10541|BTBD6P1-201|processed_pseudogene	0	-	BTBD6P1	1255
chr1	25130378	25130958	ENSG00000224183[1,1,1]	0	-	25130431	25130908	0	1	580,	0,	chr1	25130428	25130908	retro_human_7141|SDHDP6-201|processed_pseudogene	0	-	SDHDP6	480
chr1	25234957	25235535	ENSG00000238084[1,1,1]	0	+	25234957	25234957	0	1	578,	0,	chr1	25235007	25235485	retro_human_9504|AL031284.1-201|processed_pseudogene	0	+	SDHDP7	478
chr1	26292625	26293260	ENSG00000223583[1,1,1]	0	-	26292625	26292625	0	1	635,	0,	chr1	26292675	26293210	retro_human_5482|AL513365.1-201|processed_pseudogene	0	-	RPL17P9	535
chr1	26701173	26702577	ENSG00000175793[1,1,1]	0	+	26701287	26702031	0	1	1404,	0,	chr1	26701288	26701986	retro_human_10136	0	+	SFN	698
chr1	27042009	27042749	ENSG00000214973[1,1,1]	0	-	27042009	27042009	0	1	740,	0,	chr1	27042059	27042699	retro_human_5477|CHCHD3P3-201|processed_pseudogene	0	-	CHCHD3P3	640
chr1	27166512	27167080	ENSG00000241547[1,1,1]	0	+	27166529	27167027	0	1	568,	0,	chr1	27166562	27167030	retro_human_10142|ACTG1P20-201|processed_pseudogene	0	+	ACTG1P20	468
chr1	27490679	27490971	ENSG00000235912[1,1,1]	0	+	27490679	27490679	0	1	292,	0,	chr1	27490729	27490921	AL031729.1-201|processed_pseudogene	0	+	LOC729973	192
chr1	27937524	27938305	ENSG00000228589[1,1,1]	0	-	27937524	27937524	0	1	781,	0,	chr1	27937574	27938255	retro_human_10996|SPCS2P4-201|processed_pseudogene	0	-	SPCS2P4	681
chr1	28434113	28437463	ENSG00000188060[1,2,1]	0	+	28435763	28436078	0	2	250,1806,	0,1544,	chr1	28434497	28436063	retro_human_10757	0	+	RAB42	1566
chr1	28434408	28437463	ENSG00000188060[2,1,1]	0	+	28434475	28436078	0	2	300,1806,	0,1249,	chr1	28434497	28436063	retro_human_10757	0	+	RAB42	1566
chr1	28434408	28436314	ENSG00000188060[2,1,2]	0	+	28434475	28436078	0	2	300,657,	0,1249,	chr1	28434497	28436063	retro_human_10757	0	+	RAB42	1566
chr1	28434608	28437463	ENSG00000188060[3,1,1]	0	+	28435763	28436078	0	2	100,1806,	0,1049,	chr1	28434497	28436063	retro_human_10757	0	+	RAB42	1455
chr1	28824182	28824613	ENSG00000225616[1,1,1]	0	-	28824182	28824182	0	1	431,	0,	chr1	28824232	28824563	retro_human_11001|AL138785.1-201|processed_pseudogene	0	-	RPL27P4	331
chr1	32259974	32261081	ENSG00000224333[1,1,1]	0	-	32259974	32259974	0	1	1107,	0,	chr1	32260024	32261031	retro_human_4221|GAPDHP20-201|processed_pseudogene	0	-	GAPDHP20	1007
chr1	33141899	33143617	ENSG00000160094[3,5,4]	0	+	33143220	33143406	0	2	158,437,	0,1281,	chr1	33143179	33143514	retro_human_82	0	+	ZNF362	335
chr1	35213725	35214711	ENSG00000229994[1,1,1]	0	+	35213987	35214605	0	1	986,	0,	chr1	35213775	35214661	retro_human_5607|RPL5P4-201|processed_pseudogene	0	+	RPL5P4	886
chr1	35942889	35946952	ENSG00000232862[2,2,1]	0	-	35942889	35942889	0	3	1496,177,101,	0,2210,3962,	chr1	35943193	35944091	retro_human_2325|AL138787.1-202|transcribed_processed_pseudogene	0	-	AL138787.1,LOC100128093	898
chr1	35942889	35946952	ENSG00000232862[2,2,1]	0	-	35942889	35942889	0	3	1496,177,101,	0,2210,3962,	chr1	35942939	35946902	AL138787.1-201|transcribed_processed_pseudogene	0	-	AL138787.1,LOC100128093	3963
chr1	35943143	35944141	ENSG00000232862[1,1,2]	0	-	35943143	35943143	0	1	998,	0,	chr1	35943193	35944091	retro_human_2325|AL138787.1-202|transcribed_processed_pseudogene	0	-	AL138787.1,LOC100128093	898
chr1	35943143	35944141	ENSG00000232862[1,1,2]	0	-	35943143	35943143	0	1	998,	0,	chr1	35942939	35946902	AL138787.1-201|transcribed_processed_pseudogene	0	-	AL138787.1,LOC100128093	998
chr1	37409473	37410105	ENSG00000232273[1,1,1]	0	+	37409473	37409473	0	1	632,	0,	chr1	37409523	37410055	retro_human_5599|FTH1P1-201|processed_pseudogene	0	+	FTH1P1	532
chr1	37420947	37421300	ENSG00000237749[1,1,1]	0	+	37420947	37420947	0	1	353,	0,	chr1	37420997	37421250	retro_human_11097|AL034379.1-201|processed_pseudogene	0	+	RPS27P9	253
chr1	37707820	37708611	ENSG00000235673[1,1,1]	0	+	37707820	37707820	0	1	791,	0,	chr1	37707870	37708561	retro_human_11099|AL929472.4-201|processed_pseudogene	0	+	RPS2P13	691
chr1	38576067	38578127	ENSG00000215895[1,1,1]	0	+	38576067	38576067	0	1	2060,	0,	chr1	38576117	38578077	retro_human_11098|HSPA5P1-201|processed_pseudogene	0	+	HSPA5P1	1960
chr1	39382962	39385067	ENSG00000237624[2,1,2]	0	+	39383323	39384100	0	1	2105,	0,	chr1	39383324	39384852	retro_human_11094	0	+	OXCT2P1	1528
chr1	39383273	39385067	ENSG00000237624[1,1,2]	0	+	39383323	39384100	0	1	1794,	0,	chr1	39383324	39384852	retro_human_11094	0	+	OXCT2P1	1528
chr1	39383273	39384908	ENSG00000237624[1,1,1]	0	+	39383323	39384100	0	1	1635,	0,	chr1	39383324	39384852	retro_human_11094	0	+	OXCT2P1	1528
chr1	39587399	39588067	ENSG00000225333[1,1,1]	0	+	39587399	39587399	0	1	668,	0,	chr1	39587449	39588017	retro_human_11093|AL035404.1-201|processed_pseudogene	0	+	LOC100128091	568
chr1	39638917	39641082	ENSG00000198754[2,1,1]	0	-	39639149	39640700	0	1	2165,	0,	chr1	39639153	39640700	retro_human_5887	0	-	OXCT2	1547
chr1	39638917	39640843	ENSG00000198754[1,1,1]	0	-	39639149	39640700	0	1	1926,	0,	chr1	39639153	39640700	retro_human_5887	0	-	OXCT2	1547
chr1	39832076	39832901	ENSG00000228477[1,1,1]	0	+	39832173	39832848	0	1	825,	0,	chr1	39832126	39832851	retro_human_11095|AL663070.1-201|processed_pseudogene	0	+	RPS2P12	725
chr1	40002176	40002961	ENSG00000226745[1,1,1]	0	+	40002176	40002176	0	1	785,	0,	chr1	40002226	40002911	retro_human_11102|OAZ1P1-201|processed_pseudogene	0	+	OAZ1P1	685
chr1	40132099	40132511	ENSG00000231296[1,1,1]	0	-	40132099	40132099	0	1	412,	0,	chr1	40132149	40132461	AL050341.1-201|processed_pseudogene	0	-	MSTRG.157,ZMPSTE24	312
chr1	42695985	42715522	ENSG00000164010[2,11,1]	0	+	42700926	42710530	255	11	229,90,348,117,29,33,21,21,27,27,2526,	0,4936,5260,9534,10226,11652,13395,14527,14646,14764,17011,	chr1	42701332	42703616	retro_human_10713	0	+	ERMAP,AL512353.1	2284
chr1	42695985	42715522	ENSG00000164010[2,2,1]	0	+	42700926	42713709	0	11	229,90,348,117,33,33,21,21,27,27,2526,	0,4936,5260,9534,10226,11652,13395,14527,14646,14764,17011,	chr1	42701332	42703616	retro_human_10713	0	+	ERMAP,AL512353.1	2284
chr1	42700342	42715522	ENSG00000164010[4,9,1]	0	+	42701430	42713709	0	9	1251,117,33,33,21,21,27,27,2526,	0,5177,5869,7295,9038,10170,10289,10407,12654,	chr1	42701332	42703616	retro_human_10713	0	+	ERMAP,AL512353.1	2284
chr1	42712324	42716953	ENSG00000228192[1,4,4]	0	-	42712324	42712324	0	5	169,142,47,174,216,	0,930,1559,2667,4413,	chr1	42712912	42713478	retro_human_10712	0	+	AL512353.1,ERMAP	566
chr1	42712324	42716953	ENSG00000228192[1,3,4]	0	-	42712324	42712324	0	5	169,142,47,100,216,	0,930,1559,2667,4413,	chr1	42712912	42713478	retro_human_10712	0	+	AL512353.1,ERMAP	566
chr1	42822621	42823161	ENSG00000284138[1,1,1]	0	-	42822740	42822983	0	1	540,	0,	chr1	42822671	42823111	ATP6V0CP4-201|processed_pseudogene	0	-	ATP6V0CP4	440
chr1	43721075	43722487	ENSG00000224751[1,1,1]	0	-	43721075	43721075	0	1	1412,	0,	chr1	43721125	43722437	retro_human_10130|SHMT1P1-201|processed_pseudogene	0	-	SHMT1P1	1312
chr1	43974192	43975711	ENSG00000271647[1,1,1]	0	-	43974192	43974192	0	1	1519,	0,	chr1	43974242	43975661	retro_human_6706|KRT8P47-201|processed_pseudogene	0	-	AL139220.2,LOC128966738	1419
chr1	43993041	43993501	ENSG00000233514[1,1,1]	0	-	43993041	43993041	0	1	460,	0,	chr1	43993091	43993451	retro_human_6707|AL356653.1-201|processed_pseudogene	0	-	LOC100129492	360
chr1	44651273	44651758	ENSG00000234093[1,1,1]	0	-	44651273	44651273	0	1	485,	0,	chr1	44651323	44651708	retro_human_6703|RPS15AP11-201|processed_pseudogene	0	-	RPS15AP11	385
chr1	44830135	44831074	ENSG00000229815[1,1,1]	0	+	44830135	44830135	0	1	939,	0,	chr1	44830185	44831024	retro_human_6386|CCNB1IP1P1-201|processed_pseudogene	0	+	EIF2B3,CCNB1IP1P1	839
chr1	44941495	44942048	ENSG00000234315[1,1,1]	0	-	44941683	44941998	0	1	553,	0,	chr1	44941545	44941998	retro_human_6711|OSTCP5-201|processed_pseudogene	0	-	OSTCP5	453
chr1	45518107	45518589	ENSG00000225447[1,1,1]	0	-	45518294	45518420	0	1	482,	0,	chr1	45518157	45518539	retro_human_892|RPS15AP10-201|processed_pseudogene	0	-	RPS15AP10	382
chr1	46060603	46063232	ENSG00000117472[2,20,1]	0	+	46060892	46062750	255	7	301,207,75,99,156,84,527,	0,807,1210,1401,1576,1841,2102,	chr1	46061417	46061704	retro_human_5046	0	+	TSPAN1	287
chr1	48314631	48315988	ENSG00000235105[1,1,1]	0	+	48314631	48314631	0	1	1357,	0,	chr1	48314681	48315938	retro_human_603|AL356968.2-201|processed_pseudogene	0	+	LOC644462	1257
chr1	50660205	50661116	ENSG00000230585[1,1,1]	0	+	50660205	50660205	0	1	911,	0,	chr1	50660255	50661066	retro_human_604|PHBP12-201|processed_pseudogene	0	+	PHB1P12,FAF1	811
chr1	51252131	51253186	ENSG00000232027[1,1,1]	0	+	51252131	51252131	0	1	1055,	0,	chr1	51252181	51253136	retro_human_607|AL671986.1-201|processed_pseudogene	0	+	LOC100422413	955
chr1	51740599	51741057	ENSG00000230604[1,1,1]	0	+	51740599	51740599	0	1	458,	0,	chr1	51740649	51741007	retro_human_609|TSEN15P2-201|processed_pseudogene	0	+	TSEN15P2	358
chr1	52250091	52250759	ENSG00000224680[1,1,1]	0	+	52250091	52250091	0	1	668,	0,	chr1	52250141	52250709	retro_human_5996|PLA2G12AP1-201|processed_pseudogene	0	+	PLA2G12AP1	568
chr1	52454533	52455336	ENSG00000236290[1,1,1]	0	+	52454533	52454533	0	1	803,	0,	chr1	52454583	52455286	retro_human_5989|EEF1GP7-201|processed_pseudogene	0	+	EEF1GP7	703
chr1	52653672	52654227	ENSG00000228929[1,1,1]	0	-	52653672	52653672	0	1	555,	0,	chr1	52653722	52654177	retro_human_693|RPS13P2-201|processed_pseudogene	0	-	RPS13P2	455
chr1	52801887	52802162	ENSG00000230953[1,1,1]	0	+	52801887	52801887	0	1	275,	0,	chr1	52801937	52802112	retro_human_5992|AC099677.1-201|processed_pseudogene	0	+	MSTRG.199,LOC112268226	175
chr1	52825001	52825496	ENSG00000237279[1,1,1]	0	-	52825001	52825001	0	1	495,	0,	chr1	52825051	52825446	retro_human_685|H3P2-201|processed_pseudogene	0	-	H3P2	395
chr1	52874670	52875272	ENSG00000236360[1,1,1]	0	-	52874670	52874670	0	1	602,	0,	chr1	52874720	52875222	retro_human_6471|RRAS2P1-201|processed_pseudogene	0	-	SCP2,RRAS2P1	502
chr1	52876195	52877596	ENSG00000226147[1,1,1]	0	+	52876972	52877443	0	1	1401,	0,	chr1	52876245	52877546	retro_human_5988|TUBBP10-201|processed_pseudogene	0	+	SCP2,TUBBP10	1301
chr1	52954561	52954941	ENSG00000227644[1,1,1]	0	-	52954561	52954561	0	1	380,	0,	chr1	52954611	52954891	retro_human_6470|HIGD1AP11-201|processed_pseudogene	0	-	PODN,HIGD1AP11	280
chr1	53319222	53321857	ENSG00000236253[4,1,3]	0	-	53319222	53319222	0	1	2635,	0,	chr1	53319272	53321803	retro_human_6472|SLC25A3P1-204|transcribed_processed_pseudogene	0	-	SLC25A3P1	2531
chr1	53319222	53321857	ENSG00000236253[4,1,3]	0	-	53319222	53319222	0	1	2635,	0,	chr1	53320607	53322258	SLC25A3P1-206|transcribed_processed_pseudogene	0	-	SLC25A3P1,LOC105378733	1250
chr1	53319222	53321857	ENSG00000236253[4,1,3]	0	-	53319222	53319222	0	1	2635,	0,	chr1	53320608	53321539	SLC25A3P1-201|transcribed_processed_pseudogene	0	-	SLC25A3P1	931
chr1	53319222	53321857	ENSG00000236253[4,1,3]	0	-	53319222	53319222	0	1	2635,	0,	chr1	53320948	53321807	SLC25A3P1-202|transcribed_processed_pseudogene	0	-	SLC25A3P1	859
chr1	53320557	53321589	ENSG00000236253[1,1,2]	0	-	53320557	53320557	0	1	1032,	0,	chr1	53319272	53321803	retro_human_6472|SLC25A3P1-204|transcribed_processed_pseudogene	0	-	SLC25A3P1	1032
chr1	53320557	53321589	ENSG00000236253[1,1,2]	0	-	53320557	53320557	0	1	1032,	0,	chr1	53320607	53322258	SLC25A3P1-206|transcribed_processed_pseudogene	0	-	SLC25A3P1,LOC105378733	982
chr1	53320557	53321589	ENSG00000236253[1,1,2]	0	-	53320557	53320557	0	1	1032,	0,	chr1	53320608	53321539	SLC25A3P1-201|transcribed_processed_pseudogene	0	-	SLC25A3P1	931
chr1	53320557	53321589	ENSG00000236253[1,1,2]	0	-	53320557	53320557	0	1	1032,	0,	chr1	53320948	53321807	SLC25A3P1-202|transcribed_processed_pseudogene	0	-	SLC25A3P1	641
chr1	53857827	53858990	ENSG00000219102[1,1,1]	0	-	53857827	53857827	0	1	1163,	0,	chr1	53857877	53858940	retro_human_6468|HNRNPA3P12-201|processed_pseudogene	0	-	HNRNPA3P12	1063
chr1	53972708	53973046	ENSG00000225183[1,1,1]	0	+	53972818	53972920	0	1	338,	0,	chr1	53972758	53972996	retro_human_250|AL353898.1-201|processed_pseudogene	0	+	COX7BP3	238
chr1	56417221	56417781	ENSG00000236776[1,1,1]	0	+	56417221	56417221	0	1	560,	0,	chr1	56417271	56417731	retro_human_246|RPL21P23-201|processed_pseudogene	0	+	RPL21P23	460
chr1	57926692	57928239	ENSG00000229887[1,1,1]	0	-	57926692	57926692	0	1	1547,	0,	chr1	57927031	57928142	retro_human_6464	0	-	HNRNPA1P6	1111
chr1	57926978	57928239	ENSG00000229887[1,1,2]	0	-	57926978	57926978	0	1	1261,	0,	chr1	57927031	57928142	retro_human_6464	0	-	HNRNPA1P6	1111
chr1	57934936	57935384	ENSG00000223416[1,1,1]	0	-	57934936	57934936	0	1	448,	0,	chr1	57934986	57935334	retro_human_6614|RPS26P15-201|processed_pseudogene	0	-	RPS26P15	348
chr1	64862562	64864142	ENSG00000185031[1,1,1]	0	-	64862714	64863992	0	1	1580,	0,	chr1	64862612	64864092	retro_human_1063|SLC2A3P2-201|processed_pseudogene	0	-	SLC2A3P2	1480
chr1	68039141	68040571	ENSG00000234383[1,1,1]	0	-	68039187	68039742	0	1	1430,	0,	chr1	68039191	68040521	retro_human_7785|CTBP2P8-201|processed_pseudogene	0	-	CTBP2P8	1330
chr1	75580035	75581489	ENSG00000181227[1,1,1]	0	-	75580035	75580035	0	1	1454,	0,	chr1	75580085	75581439	retro_human_8962|DLSTP1-201|processed_pseudogene	0	-	DLSTP1	1354
chr1	76537373	76538223	ENSG00000226415[1,1,1]	0	+	76537373	76537373	0	1	850,	0,	chr1	76537423	76538173	retro_human_6606|TPI1P1-201|processed_pseudogene	0	+	TPI1P1	750
chr1	77649622	77650643	ENSG00000219201[1,1,1]	0	-	77649622	77649622	0	1	1021,	0,	chr1	77649672	77650593	retro_human_1447|AC138392.1-201|processed_pseudogene	0	-	LOC653631	921
chr1	77685875	77687668	ENSG00000235613[1,1,1]	0	+	77686285	77686741	0	1	1793,	0,	chr1	77685925	77687618	retro_human_6609|NSRP1P1-201|processed_pseudogene	0	+	NSRP1P1	1693
chr1	77882241	77883107	ENSG00000213561[1,1,1]	0	-	77882241	77882241	0	1	866,	0,	chr1	77882291	77883057	retro_human_1448|AC103591.2-201|processed_pseudogene	0	-	LOC100131495	766
chr1	80120972	80121691	ENSG00000236407[1,1,1]	0	+	80120972	80120972	0	1	719,	0,	chr1	80121022	80121641	retro_human_1197|HMGB1P18-201|processed_pseudogene	0	+	HMGB1P18	619
chr1	81046435	81047178	ENSG00000235089[1,1,1]	0	+	81046435	81046435	0	1	743,	0,	chr1	81046485	81047128	retro_human_1195|AL357632.1-201|processed_pseudogene	0	+	RPL10AP4	643
chr1	81433680	81434129	ENSG00000234683[1,1,1]	0	-	81433680	81433680	0	1	449,	0,	chr1	81433729	81434079	retro_human_7300|AL138799.2-201|processed_pseudogene	0	-	RPS20P7	350
chr1	88672439	88672857	ENSG00000241975[1,1,1]	0	+	88672622	88672769	0	1	418,	0,	chr1	88672489	88672807	retro_human_6210|ELOCP19-201|processed_pseudogene	0	+	PKN2,ELOCP19	318
chr1	88947587	88948170	ENSG00000234518[1,1,1]	0	-	88947587	88947587	0	1	583,	0,	chr1	88947637	88948120	retro_human_1829|PTGES3P1-201|processed_pseudogene	0	-	PTGES3P1	483
chr1	89836764	89837593	ENSG00000228175[1,1,1]	0	-	89836764	89836764	0	1	829,	0,	chr1	89836814	89837543	retro_human_109|GEMIN8P4-201|processed_pseudogene	0	-	GEMIN8P4	729
chr1	90868487	90869473	ENSG00000232393[1,1,1]	0	+	90868487	90868487	0	1	986,	0,	chr1	90868537	90869423	retro_human_6206|RPL5P6-201|processed_pseudogene	0	+	RPL5P6	886
chr1	91444713	91444964	ENSG00000229067[1,1,1]	0	+	91444713	91444713	0	1	251,	0,	chr1	91444763	91444914	retro_human_811|AL714022.1-201|processed_pseudogene	0	+	RPL39P13	151
chr1	92047961	92048905	ENSG00000226773[1,1,1]	0	+	92047961	92047961	0	1	944,	0,	chr1	92048011	92048855	AL663109.1-201|processed_pseudogene	0	+	LOC100419803	844
chr1	92491854	92492537	ENSG00000229992[1,1,1]	0	-	92491989	92492217	0	1	683,	0,	chr1	92491904	92492487	retro_human_4412|HMGB3P9-201|processed_pseudogene	0	-	HMGB3P9	583
chr1	92600955	92602218	ENSG00000223896[1,1,1]	0	+	92600955	92600955	0	1	1263,	0,	chr1	92601005	92602168	retro_human_809|CCNJP2-201|processed_pseudogene	0	+	CCNJP2	1163
chr1	92775848	92779350	ENSG00000229052[1,1,2]	0	+	92775848	92775848	0	1	3502,	0,	chr1	92775898	92779300	retro_human_810|AL449283.1-201|transcribed_processed_pseudogene	0	+	AL449283.1,LOC100127934	3402
chr1	92775848	92779350	ENSG00000229052[1,1,2]	0	+	92775848	92775848	0	1	3502,	0,	chr1	92776547	92777293	AL449283.1-202|transcribed_processed_pseudogene	0	+	AL449283.1,LOC100127934	746
chr1	93036284	93036703	ENSG00000237003[1,1,1]	0	-	93036284	93036284	0	1	419,	0,	chr1	93036334	93036655	retro_human_4418|AC126124.2-201|processed_pseudogene	0	-	RPL36AP11	321
chr1	93124502	93124771	ENSG00000229567[1,1,1]	0	-	93124502	93124502	0	1	269,	0,	chr1	93124552	93124721	AL139421.1-201|processed_pseudogene	0	-	LOC100130531	169
chr1	94498544	94499479	ENSG00000232857[1,1,1]	0	-	94498544	94498544	0	1	935,	0,	chr1	94498594	94499429	retro_human_4422|KATNBL1P2-201|processed_pseudogene	0	-	KATNBL1P2	835
chr1	96526957	96527804	ENSG00000137970[1,1,1]	0	-	96526957	96526957	0	1	847,	0,	chr1	96527007	96527754	retro_human_10319|RPL7P9-201|processed_pseudogene	0	-	RPL7P9	747
chr1	97393528	97394886	ENSG00000228057[1,1,1]	0	+	97393528	97393528	0	1	1358,	0,	chr1	97393578	97394836	retro_human_5787|SEC63P1-201|processed_pseudogene	0	+	SEC63P1	1258
chr1	98856312	98856669	ENSG00000227034[1,1,1]	0	+	98856312	98856312	0	1	357,	0,	chr1	98856362	98856619	AL445433.1-201|processed_pseudogene	0	+	PLPPR5	257
chr1	99690792	99691044	ENSG00000231996[1,1,1]	0	+	99690792	99690792	0	1	252,	0,	chr1	99690842	99690994	retro_human_5789|AC096949.1-201|processed_pseudogene	0	+	RPL39P9	152
chr1	100061293	100061771	ENSG00000225169[1,1,1]	0	+	100061293	100061293	0	1	478,	0,	chr1	100061343	100061721	retro_human_418|BRI3P1-201|processed_pseudogene	0	+	BRI3P1	378
chr1	100721161	100744075	ENSG00000162694[2,8,1]	0	-	100722784	100737603	255	5	2109,68,428,76,597,	0,4478,5160,16437,22317,	chr1	100722845	100726589	retro_human_10323	0	-	EXTL2	3744
chr1	100721161	100743738	ENSG00000162694[1,8,1]	0	-	100722784	100737603	255	5	2109,68,428,76,260,	0,4478,5160,16437,22317,	chr1	100722845	100726589	retro_human_10323	0	-	EXTL2	3744
chr1	100721161	100743738	ENSG00000162694[1,3,1]	0	-	100722784	100726324	0	4	2109,428,112,260,	0,5160,16437,22317,	chr1	100722845	100726589	retro_human_10323	0	-	EXTL2	3744
chr1	100721161	100743738	ENSG00000162694[1,5,1]	0	-	100722784	100737603	0	6	2109,71,428,24,76,260,	0,4478,5160,6108,16437,22317,	chr1	100722845	100726589	retro_human_10323	0	-	EXTL2	3744
chr1	100721161	100744075	ENSG00000162694[2,1,1]	0	-	100722784	100737603	0	5	2109,71,428,76,597,	0,4478,5160,16437,22317,	chr1	100722845	100726589	retro_human_10323	0	-	EXTL2	3744
chr1	100721161	100743738	ENSG00000162694[1,1,1]	0	-	100722784	100737603	0	5	2109,71,428,76,260,	0,4478,5160,16437,22317,	chr1	100722845	100726589	retro_human_10323	0	-	EXTL2	3744
chr1	100721161	100744894	ENSG00000162694[3,1,1]	0	-	100722784	100737603	0	5	2109,71,428,76,1416,	0,4478,5160,16437,22317,	chr1	100722845	100726589	retro_human_10323	0	-	EXTL2	3744
chr1	100721161	100744894	ENSG00000162694[3,2,1]	0	-	100722784	100737603	0	5	2109,71,428,112,1416,	0,4478,5160,16437,22317,	chr1	100722845	100726589	retro_human_10323	0	-	EXTL2	3744
chr1	100721161	100744075	ENSG00000162694[2,2,1]	0	-	100722784	100737603	0	5	2109,71,428,112,597,	0,4478,5160,16437,22317,	chr1	100722845	100726589	retro_human_10323	0	-	EXTL2	3744
chr1	100721161	100743738	ENSG00000162694[1,2,1]	0	-	100722784	100737603	0	5	2109,71,428,112,260,	0,4478,5160,16437,22317,	chr1	100722845	100726589	retro_human_10323	0	-	EXTL2	3744
chr1	100721894	100743738	ENSG00000162694[1,8,6]	0	-	100722784	100737603	255	5	1376,68,428,76,260,	0,3745,4427,15704,21584,	chr1	100722845	100726589	retro_human_10323	0	-	EXTL2	3744
chr1	100721894	100743738	ENSG00000162694[1,5,6]	0	-	100722784	100737603	0	6	1376,71,428,24,76,260,	0,3745,4427,5375,15704,21584,	chr1	100722845	100726589	retro_human_10323	0	-	EXTL2	3744
chr1	100721894	100744894	ENSG00000162694[3,1,6]	0	-	100722784	100737603	0	5	1376,71,428,76,1416,	0,3745,4427,15704,21584,	chr1	100722845	100726589	retro_human_10323	0	-	EXTL2	3744
chr1	100721894	100744075	ENSG00000162694[2,1,6]	0	-	100722784	100737603	0	5	1376,71,428,76,597,	0,3745,4427,15704,21584,	chr1	100722845	100726589	retro_human_10323	0	-	EXTL2	3744
chr1	100721894	100743738	ENSG00000162694[1,1,6]	0	-	100722784	100737603	0	5	1376,71,428,76,260,	0,3745,4427,15704,21584,	chr1	100722845	100726589	retro_human_10323	0	-	EXTL2	3744
chr1	100721894	100743738	ENSG00000162694[1,2,6]	0	-	100722784	100737603	0	5	1376,71,428,112,260,	0,3745,4427,15704,21584,	chr1	100722845	100726589	retro_human_10323	0	-	EXTL2	3744
chr1	100722747	100744075	ENSG00000162694[2,8,7]	0	-	100722784	100737603	255	5	523,68,428,76,597,	0,2892,3574,14851,20731,	chr1	100722845	100726589	retro_human_10323	0	-	EXTL2	3744
chr1	100722747	100743738	ENSG00000162694[1,8,7]	0	-	100722784	100737603	255	5	523,68,428,76,260,	0,2892,3574,14851,20731,	chr1	100722845	100726589	retro_human_10323	0	-	EXTL2	3744
chr1	100722747	100743738	ENSG00000162694[1,3,7]	0	-	100722784	100726324	0	4	523,428,112,260,	0,3574,14851,20731,	chr1	100722845	100726589	retro_human_10323	0	-	EXTL2	3744
chr1	100722747	100743738	ENSG00000162694[1,5,7]	0	-	100722784	100737603	0	6	523,71,428,24,76,260,	0,2892,3574,4522,14851,20731,	chr1	100722845	100726589	retro_human_10323	0	-	EXTL2	3744
chr1	100722747	100744894	ENSG00000162694[3,1,7]	0	-	100722784	100737603	0	5	523,71,428,76,1416,	0,2892,3574,14851,20731,	chr1	100722845	100726589	retro_human_10323	0	-	EXTL2	3744
chr1	100722747	100744075	ENSG00000162694[2,1,7]	0	-	100722784	100737603	0	5	523,71,428,76,597,	0,2892,3574,14851,20731,	chr1	100722845	100726589	retro_human_10323	0	-	EXTL2	3744
chr1	100722747	100743738	ENSG00000162694[1,1,7]	0	-	100722784	100737603	0	5	523,71,428,76,260,	0,2892,3574,14851,20731,	chr1	100722845	100726589	retro_human_10323	0	-	EXTL2	3744
chr1	100722747	100744075	ENSG00000162694[2,2,7]	0	-	100722784	100737603	0	5	523,71,428,112,597,	0,2892,3574,14851,20731,	chr1	100722845	100726589	retro_human_10323	0	-	EXTL2	3744
chr1	100722747	100743738	ENSG00000162694[1,2,7]	0	-	100722784	100737603	0	5	523,71,428,112,260,	0,2892,3574,14851,20731,	chr1	100722845	100726589	retro_human_10323	0	-	EXTL2	3744
chr1	100722949	100743738	ENSG00000162694[1,5,2]	0	-	100737645	100743602	0	6	321,71,428,24,76,260,	0,2690,3372,4320,14649,20529,	chr1	100722845	100726589	retro_human_10323	0	-	EXTL2	3640
chr1	100789803	100790882	ENSG00000230946[1,1,1]	0	-	100789803	100789803	0	1	1079,	0,	chr1	100789853	100790832	retro_human_10324|HNRNPA1P68-201|processed_pseudogene	0	-	HNRNPA1P68	979
chr1	101105656	101106097	ENSG00000228399[1,1,1]	0	+	101105656	101105656	0	1	441,	0,	chr1	101105704	101106047	retro_human_422|AL109741.2-201|processed_pseudogene	0	+	RPS20P6	343
chr1	101635476	101636456	ENSG00000183298[1,1,1]	0	-	101635476	101635476	0	1	980,	0,	chr1	101635526	101636406	retro_human_10326|RPSAP19-201|processed_pseudogene	0	-	LINC01709,RPSAP19	880
chr1	107542696	107543042	ENSG00000224550[1,1,1]	0	+	107542696	107542696	0	1	346,	0,	chr1	107542746	107542992	retro_human_5374|AC114491.1-201|processed_pseudogene	0	+	NDUFA4P1	246
chr1	108800068	108800912	ENSG00000228076[1,1,1]	0	-	108800068	108800068	0	1	844,	0,	chr1	108800118	108800862	retro_human_7077|AL591719.1-201|processed_pseudogene	0	-	LOC100271656	744
chr1	109063385	109063738	ENSG00000228665[1,1,1]	0	+	109063385	109063385	0	1	353,	0,	chr1	109063435	109063688	retro_human_5376|BX679664.1-201|processed_pseudogene	0	+	RPS27P6	253
chr1	109284825	109308598	ENSG00000143126[6,5,1]	0	+	109285139	109306975	255	34	1374,648,223,116,89,158,164,126,167,288,175,142,121,184,102,95,210,184,129,181,168,127,201,175,113,80,127,123,128,89,195,171,235,1642,	0,6416,9026,9497,9792,10271,10790,11126,11595,12062,12438,12852,13175,13719,14089,15532,15835,16565,16864,17094,17408,17678,17917,18410,18897,19187,19356,19570,20248,20610,20803,21136,21406,22131,	chr1	109283415	109291891	retro_human_32	0	+	CELSR2	7066
chr1	109679810	109680640	ENSG00000235045[1,1,1]	0	+	109679810	109679810	0	1	830,	0,	chr1	109679860	109680590	retro_human_35|RPL7P8-201|processed_pseudogene	0	+	RPL7P8	730
chr1	109820735	109821192	ENSG00000224927[1,1,1]	0	-	109820735	109820735	0	1	457,	0,	chr1	109820785	109821142	retro_human_7083|NDUFA5P10-201|processed_pseudogene	0	-	NDUFA5P10	357
chr1	111394923	111395304	ENSG00000236012[1,1,1]	0	+	111394923	111394923	0	1	381,	0,	chr1	111394973	111395254	retro_human_4569|HIGD1AP12-201|processed_pseudogene	0	+	HIGD1AP12	281
chr1	112713653	112719758	ENSG00000155366[1,23,1]	0	-	112714119	112715972	255	6	637,131,121,74,163,132,	0,1486,1922,2307,2567,5973,	chr1	112715579	112716358	retro_human_1258	0	-	RHOC,AL603832.3	779
chr1	112713653	112719758	ENSG00000155366[1,19,1]	0	-	112714119	112715148	255	2	637,4619,	0,1486,	chr1	112715579	112716358	retro_human_1258	0	-	RHOC,AL603832.3	779
chr1	112713653	112719758	ENSG00000155366[1,22,1]	0	-	112714119	112716376	255	5	637,131,121,163,157,	0,1486,1922,2567,5948,	chr1	112715579	112716358	retro_human_1258	0	-	RHOC,AL603832.3	779
chr1	112713653	112720033	ENSG00000155366[2,24,1]	0	-	112714119	112716376	255	6	637,131,121,163,102,407,	0,1486,1922,2567,4023,5973,	chr1	112715579	112716358	retro_human_1258	0	-	RHOC,AL603832.3	779
chr1	112713653	112719758	ENSG00000155366[1,24,1]	0	-	112714119	112716376	255	6	637,131,121,163,102,132,	0,1486,1922,2567,4023,5973,	chr1	112715579	112716358	retro_human_1258	0	-	RHOC,AL603832.3	779
chr1	112713653	112720033	ENSG00000155366[2,21,1]	0	-	112714119	112716376	255	5	637,131,121,163,2357,	0,1486,1922,2567,4023,	chr1	112715579	112716358	retro_human_1258	0	-	RHOC,AL603832.3	779
chr1	112713653	112719758	ENSG00000155366[1,21,1]	0	-	112714119	112716376	255	5	637,131,121,163,2082,	0,1486,1922,2567,4023,	chr1	112715579	112716358	retro_human_1258	0	-	RHOC,AL603832.3	779
chr1	112713653	112719758	ENSG00000155366[1,20,1]	0	-	112714119	112716376	255	4	637,131,121,3538,	0,1486,1922,2567,	chr1	112715579	112716358	retro_human_1258	0	-	RHOC,AL603832.3	779
chr1	112713653	112717624	ENSG00000155366[4,11,1]	0	-	112714119	112716376	0	5	637,131,121,163,109,	0,1486,1922,2567,3862,	chr1	112715579	112716358	retro_human_1258	0	-	RHOC,AL603832.3	779
chr1	112713653	112720033	ENSG00000155366[2,16,1]	0	-	112714119	112715972	0	7	637,131,121,74,163,69,407,	0,1486,1922,2307,2567,4023,5973,	chr1	112715579	112716358	retro_human_1258	0	-	RHOC,AL603832.3	779
chr1	112713653	112719758	ENSG00000155366[1,16,1]	0	-	112714119	112715972	0	7	637,131,121,74,163,69,132,	0,1486,1922,2307,2567,4023,5973,	chr1	112715579	112716358	retro_human_1258	0	-	RHOC,AL603832.3	779
chr1	112713653	112719758	ENSG00000155366[1,9,1]	0	-	112715396	112716376	0	3	637,557,3538,	0,1486,2567,	chr1	112715579	112716358	retro_human_1258	0	-	RHOC,AL603832.3	779
chr1	112713653	112716280	ENSG00000155366[3,9,1]	0	-	112714119	112715148	0	3	637,557,60,	0,1486,2567,	chr1	112715579	112716358	retro_human_1258	0	-	RHOC,AL603832.3	701
chr1	112713653	112719758	ENSG00000155366[1,13,1]	0	-	112714119	112715972	0	7	637,131,121,74,163,24,132,	0,1486,1922,2307,2567,4023,5973,	chr1	112715579	112716358	retro_human_1258	0	-	RHOC,AL603832.3	779
chr1	112713653	112719758	ENSG00000155366[1,4,1]	0	-	112714119	112716376	0	5	637,131,121,163,132,	0,1486,1922,2567,5973,	chr1	112715579	112716358	retro_human_1258	0	-	RHOC,AL603832.3	779
chr1	112713653	112720033	ENSG00000155366[2,4,1]	0	-	112714119	112716376	0	5	637,131,121,163,407,	0,1486,1922,2567,5973,	chr1	112715579	112716358	retro_human_1258	0	-	RHOC,AL603832.3	779
chr1	112713653	112720033	ENSG00000155366[2,6,1]	0	-	112714119	112716376	0	6	637,131,121,163,116,407,	0,1486,1922,2567,3976,5973,	chr1	112715579	112716358	retro_human_1258	0	-	RHOC,AL603832.3	779
chr1	112713653	112719758	ENSG00000155366[1,6,1]	0	-	112714119	112716376	0	6	637,131,121,163,116,132,	0,1486,1922,2567,3976,5973,	chr1	112715579	112716358	retro_human_1258	0	-	RHOC,AL603832.3	779
chr1	112713653	112720033	ENSG00000155366[2,5,1]	0	-	112714119	112716376	0	6	637,131,121,163,24,407,	0,1486,1922,2567,4023,5973,	chr1	112715579	112716358	retro_human_1258	0	-	RHOC,AL603832.3	779
chr1	112713653	112719758	ENSG00000155366[1,5,1]	0	-	112714119	112716376	0	6	637,131,121,163,24,132,	0,1486,1922,2567,4023,5973,	chr1	112715579	112716358	retro_human_1258	0	-	RHOC,AL603832.3	779
chr1	112713653	112719758	ENSG00000155366[1,3,1]	0	-	112714119	112716376	0	6	637,131,121,163,69,377,	0,1486,1922,2567,4023,5728,	chr1	112715579	112716358	retro_human_1258	0	-	RHOC,AL603832.3	779
chr1	112713653	112719758	ENSG00000155366[1,2,1]	0	-	112714119	112716376	0	6	637,131,121,163,69,478,	0,1486,1922,2567,4023,5627,	chr1	112715579	112716358	retro_human_1258	0	-	RHOC,AL603832.3	779
chr1	112713653	112719758	ENSG00000155366[1,1,1]	0	-	112714119	112716376	0	6	637,131,121,163,69,132,	0,1486,1922,2567,4023,5973,	chr1	112715579	112716358	retro_human_1258	0	-	RHOC,AL603832.3	779
chr1	112713653	112720033	ENSG00000155366[2,1,1]	0	-	112714119	112716376	0	6	637,131,121,163,69,407,	0,1486,1922,2567,4023,5973,	chr1	112715579	112716358	retro_human_1258	0	-	RHOC,AL603832.3	779
chr1	112713653	112719758	ENSG00000155366[1,7,1]	0	-	112714119	112716376	0	6	637,131,121,163,1153,132,	0,1486,1922,2567,4023,5973,	chr1	112715579	112716358	retro_human_1258	0	-	RHOC,AL603832.3	779
chr1	112935947	112936962	ENSG00000229020[1,1,1]	0	+	112935947	112935947	0	1	1015,	0,	chr1	112935997	112936912	retro_human_8218|AKR7A2P1-201|processed_pseudogene	0	+	AKR7A2P1	915
chr1	113137201	113138864	ENSG00000237278[1,1,1]	0	-	113137201	113137201	0	1	1663,	0,	chr1	113137251	113138814	RLIMP2-201|processed_pseudogene	0	-	LRIG2,RLIMP2	1563
chr1	113180838	113181348	ENSG00000233839[1,1,1]	0	+	113180838	113180838	0	1	510,	0,	chr1	113180888	113181298	retro_human_8217|AL357055.1-201|processed_pseudogene	0	+	RPS19P2	410
chr1	114471566	114472093	ENSG00000226984[1,1,1]	0	+	114471566	114471566	0	1	527,	0,	chr1	114471616	114472043	retro_human_2740|AL035410.1-201|processed_pseudogene	0	+	RPL26P10	427
chr1	114479953	114481021	ENSG00000225650[1,1,1]	0	+	114479953	114479953	0	1	1068,	0,	chr1	114480003	114480971	retro_human_2741|EIF2S2P5-201|processed_pseudogene	0	+	EIF2S2P5	968
chr1	115575696	115576628	ENSG00000232185[1,1,1]	0	+	115575696	115575696	0	1	932,	0,	chr1	115575746	115576578	retro_human_2739|CNOT7P2-201|processed_pseudogene	0	+	CNOT7P2	832
chr1	117148668	117149149	ENSG00000228453[1,1,1]	0	+	117148668	117148668	0	1	481,	0,	chr1	117148718	117149099	retro_human_2737|RPS15AP9-201|processed_pseudogene	0	+	RPS15AP9	381
chr1	117787258	117787778	ENSG00000228217[1,1,1]	0	-	117787258	117787258	0	1	520,	0,	chr1	117787308	117787728	PNRC2P1-201|processed_pseudogene	0	-	PNRC2P1	420
chr1	118627493	118628907	ENSG00000226126[1,1,1]	0	-	118627493	118627493	0	1	1414,	0,	chr1	118627543	118628857	retro_human_856|PSMC1P12-201|processed_pseudogene	0	-	PSMC1P12	1314
chr1	119098157	119099214	ENSG00000223575[1,1,1]	0	-	119098549	119099164	0	1	1057,	0,	chr1	119098207	119099164	retro_human_855|RBMX2P3-201|processed_pseudogene	0	-	RBMX2P3	957
chr1	142838601	142841245	ENSG00000242352[1,1,1]	0	+	142838601	142838601	0	1	2644,	0,	chr1	142838651	142841195	retro_human_2142|FAM91A3P-201|transcribed_processed_pseudogene	0	+	FAM91A3P	2544
chr1	142976269	142978046	ENSG00000273213[1,2,4]	0	-	142977577	142977985	0	2	340,473,	0,1304,	chr1	142976244	142976523	retro_human_1632	0	-	H3-2,H2BP2,H3-7	254
chr1	143623562	143624061	ENSG00000227212[1,1,1]	0	-	143624061	143624061	0	1	499,	0,	chr1	143623612	143624011	retro_human_5398|PFN1P6-201|processed_pseudogene	0	-	NBPF15,PFN1P6	399
chr1	144357679	144358298	ENSG00000223612[1,1,1]	0	+	144357679	144357679	0	1	619,	0,	chr1	144357729	144358248	retro_human_8356|AC241585.1-201|processed_pseudogene	0	+	LOC729086	519
chr1	147850721	147851364	ENSG00000244371[1,1,1]	0	+	147851364	147851364	0	1	643,	0,	chr1	147850771	147851314	retro_human_2514|PFN1P8-201|processed_pseudogene	0	+	PFN1P8	543
chr1	147724810	147726151	ENSG00000230832[1,1,1]	0	+	147726151	147726151	0	1	1341,	0,	chr1	147724860	147726101	retro_human_2515|AC241584.1-201|processed_pseudogene	0	+	SSBL4P	1241
chr1	147628213	147635715	ENSG00000180867[1,2,5]	0	-	147635715	147635715	0	3	2303,162,866,	0,5610,6636,	chr1	147628786	147630296	retro_human_9314|PDIA3P1-202|transcribed_processed_pseudogene	0	-	PDIA3P1	1510
chr1	147628213	147635715	ENSG00000180867[1,2,5]	0	-	147635715	147635715	0	3	2303,162,866,	0,5610,6636,	chr1	147629282	147635665	PDIA3P1-203|transcribed_processed_pseudogene	0	-	PDIA3P1,FMO5,AC242426.2,CHD1L	6383
chr1	147628213	147635715	ENSG00000180867[1,2,5]	0	-	147635715	147635715	0	3	2303,162,866,	0,5610,6636,	chr1	147633203	147635638	PDIA3P1-201|transcribed_processed_pseudogene	0	-	PDIA3P1,AC242426.2,CHD1L	2435
chr1	147628408	147635715	ENSG00000180867[1,2,4]	0	-	147635715	147635715	0	3	2108,162,866,	0,5415,6441,	chr1	147628786	147630296	retro_human_9314|PDIA3P1-202|transcribed_processed_pseudogene	0	-	PDIA3P1	1510
chr1	147628408	147635715	ENSG00000180867[1,2,4]	0	-	147635715	147635715	0	3	2108,162,866,	0,5415,6441,	chr1	147629282	147635665	PDIA3P1-203|transcribed_processed_pseudogene	0	-	PDIA3P1,FMO5,AC242426.2,CHD1L	6383
chr1	147628408	147635715	ENSG00000180867[1,2,4]	0	-	147635715	147635715	0	3	2108,162,866,	0,5415,6441,	chr1	147633203	147635638	PDIA3P1-201|transcribed_processed_pseudogene	0	-	PDIA3P1,AC242426.2,CHD1L	2435
chr1	147629232	147635715	ENSG00000180867[1,2,1]	0	-	147635715	147635715	0	3	1284,162,866,	0,4591,5617,	chr1	147628786	147630296	retro_human_9314|PDIA3P1-202|transcribed_processed_pseudogene	0	-	PDIA3P1	1064
chr1	147629232	147635715	ENSG00000180867[1,2,1]	0	-	147635715	147635715	0	3	1284,162,866,	0,4591,5617,	chr1	147629282	147635665	PDIA3P1-203|transcribed_processed_pseudogene	0	-	PDIA3P1,FMO5,AC242426.2,CHD1L	6383
chr1	147629232	147635715	ENSG00000180867[1,2,1]	0	-	147635715	147635715	0	3	1284,162,866,	0,4591,5617,	chr1	147633203	147635638	PDIA3P1-201|transcribed_processed_pseudogene	0	-	PDIA3P1,AC242426.2,CHD1L	2435
chr1	147628213	147635715	ENSG00000180867[1,3,5]	0	-	147635715	147635715	0	2	5772,866,	0,6636,	chr1	147628786	147630296	retro_human_9314|PDIA3P1-202|transcribed_processed_pseudogene	0	-	PDIA3P1	1510
chr1	147628213	147635715	ENSG00000180867[1,3,5]	0	-	147635715	147635715	0	2	5772,866,	0,6636,	chr1	147629282	147635665	PDIA3P1-203|transcribed_processed_pseudogene	0	-	PDIA3P1,FMO5,AC242426.2,CHD1L	6383
chr1	147628213	147635715	ENSG00000180867[1,3,5]	0	-	147635715	147635715	0	2	5772,866,	0,6636,	chr1	147633203	147635638	PDIA3P1-201|transcribed_processed_pseudogene	0	-	PDIA3P1,AC242426.2,CHD1L	2435
chr1	147632665	147635715	ENSG00000180867[1,3,7]	0	-	147635715	147635715	0	2	1320,866,	0,2184,	chr1	147629282	147635665	PDIA3P1-203|transcribed_processed_pseudogene	0	-	PDIA3P1,FMO5,AC242426.2,CHD1L	3000
chr1	147632665	147635715	ENSG00000180867[1,3,7]	0	-	147635715	147635715	0	2	1320,866,	0,2184,	chr1	147633203	147635638	PDIA3P1-201|transcribed_processed_pseudogene	0	-	PDIA3P1,AC242426.2,CHD1L	2435
chr1	147633728	147635715	ENSG00000180867[1,3,6]	0	-	147635715	147635715	0	2	257,866,	0,1121,	chr1	147629282	147635665	PDIA3P1-203|transcribed_processed_pseudogene	0	-	PDIA3P1,FMO5,AC242426.2,CHD1L	1937
chr1	147633728	147635715	ENSG00000180867[1,3,6]	0	-	147635715	147635715	0	2	257,866,	0,1121,	chr1	147633203	147635638	PDIA3P1-201|transcribed_processed_pseudogene	0	-	PDIA3P1,AC242426.2,CHD1L	1910
chr1	147633153	147635715	ENSG00000180867[1,3,3]	0	-	147635715	147635715	0	2	832,866,	0,1696,	chr1	147629282	147635665	PDIA3P1-203|transcribed_processed_pseudogene	0	-	PDIA3P1,FMO5,AC242426.2,CHD1L	2512
chr1	147633153	147635715	ENSG00000180867[1,3,3]	0	-	147635715	147635715	0	2	832,866,	0,1696,	chr1	147633203	147635638	PDIA3P1-201|transcribed_processed_pseudogene	0	-	PDIA3P1,AC242426.2,CHD1L	2435
chr1	147628213	147635250	ENSG00000180867[3,2,5]	0	-	147635250	147635250	0	3	2303,162,401,	0,5610,6636,	chr1	147628786	147630296	retro_human_9314|PDIA3P1-202|transcribed_processed_pseudogene	0	-	PDIA3P1	1510
chr1	147628213	147635250	ENSG00000180867[3,2,5]	0	-	147635250	147635250	0	3	2303,162,401,	0,5610,6636,	chr1	147629282	147635665	PDIA3P1-203|transcribed_processed_pseudogene	0	-	PDIA3P1,FMO5,AC242426.2,CHD1L	5968
chr1	147628213	147635250	ENSG00000180867[3,2,5]	0	-	147635250	147635250	0	3	2303,162,401,	0,5610,6636,	chr1	147633203	147635638	PDIA3P1-201|transcribed_processed_pseudogene	0	-	PDIA3P1,AC242426.2,CHD1L	2047
chr1	147628408	147635250	ENSG00000180867[3,2,4]	0	-	147635250	147635250	0	3	2108,162,401,	0,5415,6441,	chr1	147628786	147630296	retro_human_9314|PDIA3P1-202|transcribed_processed_pseudogene	0	-	PDIA3P1	1510
chr1	147628408	147635250	ENSG00000180867[3,2,4]	0	-	147635250	147635250	0	3	2108,162,401,	0,5415,6441,	chr1	147629282	147635665	PDIA3P1-203|transcribed_processed_pseudogene	0	-	PDIA3P1,FMO5,AC242426.2,CHD1L	5968
chr1	147628408	147635250	ENSG00000180867[3,2,4]	0	-	147635250	147635250	0	3	2108,162,401,	0,5415,6441,	chr1	147633203	147635638	PDIA3P1-201|transcribed_processed_pseudogene	0	-	PDIA3P1,AC242426.2,CHD1L	2047
chr1	147632665	147635250	ENSG00000180867[3,3,7]	0	-	147635250	147635250	0	2	1320,401,	0,2184,	chr1	147629282	147635665	PDIA3P1-203|transcribed_processed_pseudogene	0	-	PDIA3P1,FMO5,AC242426.2,CHD1L	2585
chr1	147632665	147635250	ENSG00000180867[3,3,7]	0	-	147635250	147635250	0	2	1320,401,	0,2184,	chr1	147633203	147635638	PDIA3P1-201|transcribed_processed_pseudogene	0	-	PDIA3P1,AC242426.2,CHD1L	2047
chr1	147633153	147635250	ENSG00000180867[3,3,3]	0	-	147635250	147635250	0	2	832,401,	0,1696,	chr1	147629282	147635665	PDIA3P1-203|transcribed_processed_pseudogene	0	-	PDIA3P1,FMO5,AC242426.2,CHD1L	2097
chr1	147633153	147635250	ENSG00000180867[3,3,3]	0	-	147635250	147635250	0	2	832,401,	0,1696,	chr1	147633203	147635638	PDIA3P1-201|transcribed_processed_pseudogene	0	-	PDIA3P1,AC242426.2,CHD1L	2047
chr1	147633728	147635250	ENSG00000180867[3,3,6]	0	-	147635250	147635250	0	2	257,401,	0,1121,	chr1	147629282	147635665	PDIA3P1-203|transcribed_processed_pseudogene	0	-	PDIA3P1,FMO5,AC242426.2,CHD1L	1522
chr1	147633728	147635250	ENSG00000180867[3,3,6]	0	-	147635250	147635250	0	2	257,401,	0,1121,	chr1	147633203	147635638	PDIA3P1-201|transcribed_processed_pseudogene	0	-	PDIA3P1,AC242426.2,CHD1L	1522
chr1	147628736	147630346	ENSG00000180867[2,1,2]	0	-	147630346	147630346	0	1	1610,	0,	chr1	147628786	147630296	retro_human_9314|PDIA3P1-202|transcribed_processed_pseudogene	0	-	PDIA3P1	1510
chr1	147628736	147630346	ENSG00000180867[2,1,2]	0	-	147630346	147630346	0	1	1610,	0,	chr1	147629282	147635665	PDIA3P1-203|transcribed_processed_pseudogene	0	-	PDIA3P1,FMO5,AC242426.2,CHD1L	1064
chr1	147603431	147605188	ENSG00000226015[1,1,1]	0	+	147603481	147604195	0	1	1757,	0,	chr1	147603481	147605138	retro_human_2517|CCT8P1-201|processed_pseudogene	0	+	FMO5,CCT8P1	1657
chr1	146677455	146677957	ENSG00000225080[1,1,1]	0	-	146677957	146677957	0	1	502,	0,	chr1	146677505	146677907	retro_human_10887|PFN1P4-201|processed_pseudogene	0	-	PFN1P4	402
chr1	146657796	146661068	ENSG00000198658[1,1,1]	0	-	146661068	146661068	0	2	456,577,	0,2695,	chr1	146657850	146661018	retro_human_10888	0	-	ABHD17AP1	3168
chr1	145415551	145416957	ENSG00000177144[1,1,2]	0	+	145415760	145416303	0	1	1406,	0,	chr1	145415760	145416306	retro_human_8359|NUDT4P2-201|processed_pseudogene	0	+	NUDT4B	546
chr1	148799290	148801926	ENSG00000284842[1,1,1]	0	+	148799290	148799290	0	1	2636,	0,	chr1	148799340	148801876	retro_human_2520|FAM91A2P-201|transcribed_processed_pseudogene	0	+	AC243772.3,LINC00869,FAM91A2P	2536
chr1	148937309	148937878	ENSG00000183598[1,1,1]	0	-	148937408	148937816	0	1	569,	0,	chr1	148937408	148937816	retro_human_9311	0	-	H3C13	408
chr1	148963637	148965408	ENSG00000203811[1,1,2]	0	-	148964899	148965307	0	1	1771,	0,	chr1	148964899	148965307	retro_human_9310	0	-	H3C14	408
chr1	148966964	148968991	ENSG00000220323[1,1,3]	0	+	148966964	148966964	0	1	2027,	0,	chr1	148967277	148967555	retro_human_8749	0	+	H2BC19P	278
chr1	148974282	148975127	ENSG00000261716[2,1,2]	0	-	148974282	148974282	0	1	845,	0,	chr1	148974536	148974814	retro_human_9308	0	-	H2BC20P	278
chr1	148974282	148974962	ENSG00000261716[1,1,2]	0	-	148974282	148974282	0	1	680,	0,	chr1	148974536	148974814	retro_human_9308	0	-	H2BC20P	278
chr1	148976692	148978459	ENSG00000203852[1,1,2]	0	+	148976789	148977197	0	1	1767,	0,	chr1	148976789	148977197	retro_human_8747	0	+	H3C15	408
chr1	150681066	150681661	ENSG00000223861[1,1,1]	0	+	150681116	150681437	0	1	595,	0,	chr1	150681116	150681611	retro_human_2909|AL365436.1-201|processed_pseudogene	0	+	RPS10P6	495
chr1	152989310	152990719	ENSG00000223599[1,1,1]	0	-	152989968	152990268	0	1	1409,	0,	chr1	152989360	152990669	retro_human_3441|AL513523.1-201|processed_pseudogene	0	-	LOC645965	1309
chr1	153096309	153100952	ENSG00000143570[1,11,1]	0	-	153097361	153099976	255	4	1706,131,219,370,	0,3171,3480,4273,	chr1	153097365	153098117	retro_human_3442	0	-	SLC39A1,AL358472.7	752
chr1	153096309	153100952	ENSG00000143570[1,12,1]	0	-	153097361	153099976	255	4	1706,131,219,347,	0,3171,3480,4296,	chr1	153097365	153098117	retro_human_3442	0	-	SLC39A1,AL358472.7	752
chr1	153096309	153100952	ENSG00000143570[1,4,1]	0	-	153097361	153099976	0	4	1706,131,219,515,	0,3171,3480,4128,	chr1	153097365	153098117	retro_human_3442	0	-	SLC39A1,AL358472.7	752
chr1	153096309	153100952	ENSG00000143570[1,7,1]	0	-	153097361	153099801	0	3	1706,219,197,	0,3480,4446,	chr1	153097365	153098117	retro_human_3442	0	-	SLC39A1,AL358472.7	752
chr1	153096309	153100952	ENSG00000143570[1,9,1]	0	-	153097361	153099976	0	4	1706,131,219,690,	0,3171,3480,3953,	chr1	153097365	153098117	retro_human_3442	0	-	SLC39A1,AL358472.7	752
chr1	153096309	153100060	ENSG00000143570[5,2,1]	0	-	153097361	153099976	0	3	1706,131,271,	0,3171,3480,	chr1	153097365	153098117	retro_human_3442	0	-	SLC39A1,AL358472.7	752
chr1	153096309	153100952	ENSG00000143570[1,2,1]	0	-	153097361	153099976	0	3	1706,131,1163,	0,3171,3480,	chr1	153097365	153098117	retro_human_3442	0	-	SLC39A1,AL358472.7	752
chr1	153096309	153100952	ENSG00000143570[1,3,1]	0	-	153097361	153099976	0	4	1706,131,219,633,	0,3171,3480,4010,	chr1	153097365	153098117	retro_human_3442	0	-	SLC39A1,AL358472.7	752
chr1	153096309	153100952	ENSG00000143570[1,1,1]	0	-	153097361	153099976	0	4	1706,131,219,197,	0,3171,3480,4446,	chr1	153097365	153098117	retro_human_3442	0	-	SLC39A1,AL358472.7	752
chr1	153097563	153100573	ENSG00000143570[4,9,2]	0	-	153097741	153097876	0	4	452,131,219,311,	0,1917,2226,2699,	chr1	153097365	153098117	retro_human_3442	0	-	SLC39A1,AL358472.7	554
chr1	153132844	153133273	ENSG00000231416[1,1,1]	0	+	153132844	153132844	0	1	429,	0,	chr1	153132894	153133223	retro_human_2908|AL358472.1-201|processed_pseudogene	0	+	RPL34P5	329
chr1	153551402	153552271	ENSG00000228264[1,1,1]	0	-	153551402	153551402	0	1	869,	0,	chr1	153551452	153552221	retro_human_9750|PSMD8P1-201|processed_pseudogene	0	-	PSMD8P1	769
chr1	154141941	154156392	ENSG00000160685[1,1,2]	0	+	154154021	154156043	0	3	364,1160,812,	0,12074,13639,	chr1	154154067	154155797	retro_human_5931	0	+	ZBTB7B	1730
chr1	154141941	154157946	ENSG00000160685[1,1,1]	0	+	154154021	154156043	0	3	364,1160,2366,	0,12074,13639,	chr1	154154067	154155797	retro_human_5931	0	+	ZBTB7B	1730
chr1	154141941	154157946	ENSG00000160685[1,4,1]	0	+	154150281	154156043	0	5	364,140,100,1160,2366,	0,7678,8336,12074,13639,	chr1	154154067	154155797	retro_human_5931	0	+	ZBTB7B	1730
chr1	154141941	154156392	ENSG00000160685[1,2,2]	0	+	154154021	154156043	0	4	107,101,1160,812,	0,263,12074,13639,	chr1	154154067	154155797	retro_human_5931	0	+	ZBTB7B	1730
chr1	154141941	154157946	ENSG00000160685[1,2,1]	0	+	154154021	154156043	0	4	107,101,1160,2366,	0,263,12074,13639,	chr1	154154067	154155797	retro_human_5931	0	+	ZBTB7B	1730
chr1	154148142	154156392	ENSG00000160685[3,9,2]	0	+	154154021	154156043	255	3	206,1160,812,	0,5873,7438,	chr1	154154067	154155797	retro_human_5931	0	+	ZBTB7B	1730
chr1	154153758	154156392	ENSG00000160685[2,3,2]	0	+	154154021	154156043	0	2	1417,812,	0,1822,	chr1	154154067	154155797	retro_human_5931	0	+	ZBTB7B	1730
chr1	154154227	154157946	ENSG00000160685[4,3,1]	0	+	154154234	154156043	0	2	948,2366,	0,1353,	chr1	154154067	154155797	retro_human_5931	0	+	ZBTB7B	1570
chr1	154154227	154156392	ENSG00000160685[4,3,2]	0	+	154154234	154156043	0	2	948,812,	0,1353,	chr1	154154067	154155797	retro_human_5931	0	+	ZBTB7B	1570
chr1	154154406	154157946	ENSG00000160685[5,3,1]	0	+	154154432	154156043	0	2	769,2366,	0,1174,	chr1	154154067	154155797	retro_human_5931	0	+	ZBTB7B	1391
chr1	154154406	154156392	ENSG00000160685[5,3,2]	0	+	154154432	154156043	0	2	769,812,	0,1174,	chr1	154154067	154155797	retro_human_5931	0	+	ZBTB7B	1391
chr1	154154699	154157946	ENSG00000160685[6,3,1]	0	+	154154963	154156043	0	2	476,2366,	0,881,	chr1	154154067	154155797	retro_human_5931	0	+	ZBTB7B	1098
chr1	154154699	154156392	ENSG00000160685[6,3,2]	0	+	154154963	154156043	0	2	476,812,	0,881,	chr1	154154067	154155797	retro_human_5931	0	+	ZBTB7B	1098
chr1	154154856	154157946	ENSG00000160685[7,3,1]	0	+	154154963	154156043	0	2	319,2366,	0,724,	chr1	154154067	154155797	retro_human_5931	0	+	ZBTB7B	941
chr1	154154856	154156392	ENSG00000160685[7,3,2]	0	+	154154963	154156043	0	2	319,812,	0,724,	chr1	154154067	154155797	retro_human_5931	0	+	ZBTB7B	941
chr1	154155042	154157946	ENSG00000160685[8,3,1]	0	+	154155050	154156043	0	2	133,2366,	0,538,	chr1	154154067	154155797	retro_human_5931	0	+	ZBTB7B	755
chr1	154155042	154156392	ENSG00000160685[8,3,2]	0	+	154155050	154156043	0	2	133,812,	0,538,	chr1	154154067	154155797	retro_human_5931	0	+	ZBTB7B	755
chr1	154729118	154729880	ENSG00000223503[1,1,1]	0	-	154729118	154729118	0	1	762,	0,	chr1	154729168	154729830	retro_human_9744|AL353807.1-201|processed_pseudogene	0	-	LOC284620	662
chr1	156210022	156211570	ENSG00000224520[1,1,1]	0	+	156210022	156210022	0	1	1548,	0,	chr1	156210072	156211520	retro_human_183|KRT8P45-201|processed_pseudogene	0	+	KRT8P45	1448
chr1	156998213	156998577	ENSG00000227425[1,1,1]	0	+	156998213	156998213	0	1	364,	0,	chr1	156998263	156998527	retro_human_181|MRPS21P2-201|processed_pseudogene	0	+	MRPS21P2	264
chr1	157660699	157662966	ENSG00000231434[1,1,1]	0	+	157660699	157660699	0	1	2267,	0,	chr1	157660749	157662916	retro_human_185|AL365440.1-201|processed_pseudogene	0	+	HSP90AA3P	2167
chr1	158218117	158218880	ENSG00000233473[1,1,1]	0	-	158218117	158218117	0	1	763,	0,	chr1	158218167	158218830	retro_human_3534|RAD1P2-201|processed_pseudogene	0	-	RAD1P2	663
chr1	159454423	159454827	ENSG00000235082[1,1,1]	0	+	159454423	159454423	0	1	404,	0,	chr1	159454473	159454777	retro_human_3082|SUMO1P3-201|processed_pseudogene	0	+	SUMO1P3	304
chr1	160031965	160033162	ENSG00000213080[1,1,1]	0	+	160031965	160031965	0	1	1197,	0,	chr1	160032015	160033112	retro_human_3079|AL354714.2-201|processed_pseudogene	0	+	LOC646347	1097
chr1	160327144	160331717	ENSG00000158859[3,4,5]	0	-	160328585	160331487	255	5	1865,176,176,187,338,	0,2365,3513,3940,4235,	chr1	160328736	160329682	retro_human_7216	0	-	ADAMTS4	946
chr1	160327144	160336545	ENSG00000158859[1,1,5]	0	-	160328585	160336068	0	9	1865,176,176,187,287,171,133,324,1110,	0,2365,3513,3940,4235,5765,6467,6853,8291,	chr1	160328736	160329682	retro_human_7216	0	-	ADAMTS4	946
chr1	160327144	160335594	ENSG00000158859[5,1,5]	0	-	160328585	160335492	0	9	1865,176,176,187,287,171,133,324,159,	0,2365,3513,3940,4235,5765,6467,6853,8291,	chr1	160328736	160329682	retro_human_7216	0	-	ADAMTS4	946
chr1	160786874	160789572	ENSG00000173110[2,1,1]	0	+	160787286	160789215	0	1	2698,	0,	chr1	160787308	160789125	retro_human_8957	0	+	HSPA6	1817
chr1	160787117	160789572	ENSG00000173110[1,1,1]	0	+	160787286	160789215	0	1	2455,	0,	chr1	160787308	160789125	retro_human_8957	0	+	HSPA6	1817
chr1	160787367	160789572	ENSG00000173110[3,1,1]	0	+	160787550	160789215	0	1	2205,	0,	chr1	160787308	160789125	retro_human_8957	0	+	HSPA6	1758
chr1	160950580	160952607	ENSG00000225217[1,1,1]	0	+	160950580	160950580	0	1	2027,	0,	chr1	160950652	160952464	retro_human_8958	0	+	HSPA7	1812
chr1	161235069	161236533	ENSG00000229808[1,1,2]	0	+	161235226	161235616	0	1	1464,	0,	chr1	161235119	161236483	retro_human_8959|AL391825.1-201|transcribed_processed_pseudogene	0	+	ATF6	1364
chr1	161235069	161236533	ENSG00000229808[1,1,2]	0	+	161235226	161235616	0	1	1464,	0,	chr1	161235226	161235967	AL391825.1-202|transcribed_processed_pseudogene	0	+	ATF6	741
chr1	164267616	164268028	ENSG00000225487[1,1,1]	0	-	164267616	164267616	0	1	412,	0,	chr1	164267666	164267978	retro_human_4662|AL390119.1-201|processed_pseudogene	0	-	RPL35AP7	312
chr1	165022692	165023264	ENSG00000225272[1,1,1]	0	+	165022692	165022692	0	1	572,	0,	chr1	165022742	165023214	retro_human_3473|AL451074.3-201|processed_pseudogene	0	+	RPL21P27	472
chr1	166093169	166094550	ENSG00000232341[1,1,1]	0	+	166093169	166093169	0	1	1381,	0,	chr1	166093219	166094500	retro_human_3470|RPL4P2-201|processed_pseudogene	0	+	RPL4P2	1281
chr1	166509410	166509925	ENSG00000213068[1,1,1]	0	-	166509410	166509410	0	1	515,	0,	chr1	166509460	166509875	retro_human_7730|AL451050.1-201|processed_pseudogene	0	-	RPS17P6	415
chr1	167407317	167407939	ENSG00000224837[1,1,1]	0	-	167407317	167407317	0	1	622,	0,	chr1	167407367	167407889	retro_human_7728|GCSHP5-201|processed_pseudogene	0	-	GCSHP5	522
chr1	167562072	167562526	ENSG00000237049[1,1,1]	0	+	167562072	167562072	0	1	454,	0,	chr1	167562122	167562476	retro_human_1754|RPL34P1-201|processed_pseudogene	0	+	RPL34P1	354
chr1	167597015	167598895	ENSG00000214262[1,1,1]	0	-	167597015	167597015	0	1	1880,	0,	chr1	167597065	167598845	retro_human_7727|ANKRD36BP1-201|transcribed_processed_pseudogene	0	-	MSTRG.435,SFT2D2	1780
chr1	167597015	167598895	ENSG00000214262[1,1,1]	0	-	167597015	167597015	0	1	1880,	0,	chr1	167597289	167598706	ANKRD36BP1-202|transcribed_processed_pseudogene	0	-	MSTRG.435,SFT2D2	1417
chr1	167597239	167598895	ENSG00000214262[1,1,2]	0	-	167597239	167597239	0	1	1656,	0,	chr1	167597065	167598845	retro_human_7727|ANKRD36BP1-201|transcribed_processed_pseudogene	0	-	MSTRG.435,SFT2D2	1606
chr1	167597239	167598895	ENSG00000214262[1,1,2]	0	-	167597239	167597239	0	1	1656,	0,	chr1	167597289	167598706	ANKRD36BP1-202|transcribed_processed_pseudogene	0	-	MSTRG.435,SFT2D2	1417
chr1	170439857	170441598	ENSG00000226552[1,1,1]	0	+	170439857	170439857	0	1	1741,	0,	chr1	170439907	170441548	retro_human_7749|BX284613.1-201|processed_pseudogene	0	+	LOC646804	1641
chr1	174114759	174115129	ENSG00000223828[1,1,1]	0	-	174114759	174114759	0	1	370,	0,	chr1	174114809	174115079	retro_human_6766|BANF1P4-201|processed_pseudogene	0	-	BANF1P4	270
chr1	175277246	175277517	ENSG00000230777[1,1,1]	0	+	175277246	175277246	0	1	271,	0,	chr1	175277296	175277467	retro_human_4076|RPS29P5-201|processed_pseudogene	0	+	RPS29P5	171
chr1	178101359	178102531	ENSG00000228196[1,1,1]	0	-	178101359	178101359	0	1	1172,	0,	chr1	178101409	178102481	retro_human_8222|PTPN2P1-201|processed_pseudogene	0	-	PTPN2P1	1072
chr1	178941656	178944227	ENSG00000227141[1,1,1]	0	+	178941656	178941656	0	1	2571,	0,	chr1	178941706	178944177	retro_human_8142|AL160286.1-201|processed_pseudogene	0	+	LOC126860	2471
chr1	181695520	181695954	ENSG00000231684[1,1,1]	0	+	181695520	181695520	0	1	434,	0,	chr1	181695570	181695904	retro_human_5502|EIF1P3-201|processed_pseudogene	0	+	EIF1P3	334
chr1	182625869	182626653	ENSG00000233562[1,1,1]	0	+	182625869	182625869	0	1	784,	0,	chr1	182625919	182626603	retro_human_5498|RPS3AP8-201|processed_pseudogene	0	+	RPS3AP8	684
chr1	184528193	184528669	ENSG00000231084[1,1,1]	0	-	184528193	184528193	0	1	476,	0,	chr1	184528243	184528619	retro_human_907|RPL22P24-201|processed_pseudogene	0	-	RPL22P24	376
chr1	184583661	184584654	ENSG00000213051[1,1,1]	0	-	184583661	184583661	0	1	993,	0,	chr1	184583711	184584604	retro_human_906|RPL5P5-201|processed_pseudogene	0	-	RPL5P5	893
chr1	184637697	184638770	ENSG00000238061[1,1,1]	0	+	184638524	184638650	0	1	1073,	0,	chr1	184637747	184638720	retro_human_6969|AL356273.2-201|processed_pseudogene	0	+	LOC100422414	973
chr1	190492387	190493424	ENSG00000228020[1,1,1]	0	-	190492387	190492387	0	1	1037,	0,	chr1	190492437	190493374	retro_human_5863|HNRNPA1P46-201|processed_pseudogene	0	-	HNRNPA1P46	937
chr1	192063161	192063783	ENSG00000231767[1,1,1]	0	+	192063262	192063730	0	1	622,	0,	chr1	192063262	192063730	retro_human_6960	0	+	RPS27AP5,MIR4426	468
chr1	197457106	197457614	ENSG00000232824[1,1,1]	0	-	197457106	197457106	0	1	508,	0,	chr1	197457156	197457564	PRR13P1-201|processed_pseudogene	0	-	PRR13P1	408
chr1	200120733	200121178	ENSG00000231333[1,1,1]	0	+	200120733	200120733	0	1	445,	0,	chr1	200120783	200121128	retro_human_3648|RPL34P6-201|processed_pseudogene	0	+	RPL34P6	345
chr1	200777692	200778373	ENSG00000223396[2,1,1]	0	+	200777692	200777692	0	1	681,	0,	chr1	200777829	200778323	retro_human_3649|RPS10P7-202|transcribed_processed_pseudogene	0	+	RPS10P7	494
chr1	201700417	201701688	ENSG00000232626[1,1,1]	0	+	201701033	201701207	0	1	1271,	0,	chr1	201700467	201701638	retro_human_3643|AC099336.1-201|transcribed_processed_pseudogene	0	+	PPP1R12B,LOC100420423	1171
chr1	201701516	201702079	ENSG00000232626[2,1,2]	0	+	201701561	201701801	0	1	563,	0,	chr1	201700467	201701638	retro_human_3643|AC099336.1-201|transcribed_processed_pseudogene	0	+	PPP1R12B,LOC100420423	122
chr1	201701516	201702079	ENSG00000232626[2,1,2]	0	+	201701561	201701801	0	1	563,	0,	chr1	201701566	201702029	AC099336.1-202|transcribed_processed_pseudogene	0	+	LOC100420423	463
chr1	201733608	201733962	ENSG00000236439[1,1,1]	0	-	201733608	201733608	0	1	354,	0,	chr1	201733658	201733912	retro_human_510|AC099336.2-201|processed_pseudogene	0	-	RPS27P8	254
chr1	202029383	202029673	ENSG00000235449[1,1,1]	0	-	202029383	202029383	0	1	290,	0,	chr1	202029433	202029623	retro_human_509|AC098934.2-201|processed_pseudogene	0	-	COX7CP2	190
chr1	202058623	202059788	ENSG00000226148[1,1,1]	0	+	202058623	202058623	0	1	1165,	0,	chr1	202058673	202059738	retro_human_3642|SLC25A39P1-201|processed_pseudogene	0	+	SLC25A39P1	1065
chr1	202124376	202137968	ENSG00000234996[1,3,2]	0	+	202124376	202124376	255	2	106,2236,	0,11356,	chr1	202124426	202137918	AC098934.1-201|transcribed_processed_pseudogene	0	+	AC098934.1,ACTG1P25	13492
chr1	202124376	202137968	ENSG00000234996[1,2,2]	0	+	202124376	202124376	0	3	106,80,2236,	0,10500,11356,	chr1	202124426	202137918	AC098934.1-201|transcribed_processed_pseudogene	0	+	AC098934.1,ACTG1P25	13492
chr1	202135919	202137052	ENSG00000234996[2,1,1]	0	+	202135919	202135919	0	1	1133,	0,	chr1	202135969	202137002	retro_human_9120|AC098934.1-202|transcribed_processed_pseudogene	0	+	AC098934.1,ACTG1P25	1033
chr1	202174454	202175472	ENSG00000230280[1,1,1]	0	+	202174454	202174454	0	1	1018,	0,	chr1	202174504	202175422	retro_human_9121|HNRNPA1P59-201|processed_pseudogene	0	+	HNRNPA1P59	918
chr1	202920134	202921026	ENSG00000236035[1,1,1]	0	-	202920134	202920134	0	1	892,	0,	chr1	202920184	202920976	retro_human_5488|NSA2P1-201|processed_pseudogene	0	-	NSA2P1	792
chr1	203167628	203168019	ENSG00000232917[1,1,1]	0	-	203167628	203167628	0	1	391,	0,	chr1	203167678	203167969	retro_human_5485|HSPE1P6-201|processed_pseudogene	0	-	HSPE1P6	291
chr1	203611277	203611861	ENSG00000219133[1,1,1]	0	-	203611331	203611811	0	1	584,	0,	chr1	203611328	203611811	retro_human_5486|AL592114.1-201|processed_pseudogene	0	-	RPL21P19	483
chr1	203659087	203659421	ENSG00000237848[1,1,1]	0	+	203659087	203659087	0	1	334,	0,	chr1	203659137	203659371	retro_human_9124|AL606489.2-201|processed_pseudogene	0	+	LOC124904489	234
chr1	203793191	203794139	ENSG00000236779[1,1,1]	0	-	203793191	203793191	0	1	948,	0,	chr1	203793241	203794089	retro_human_5491|AL512306.1-201|processed_pseudogene	0	-	LOC100291628	848
chr1	204615501	204615826	ENSG00000235363[1,1,1]	0	+	204615501	204615501	0	1	325,	0,	chr1	204615551	204615776	retro_human_3242|SNRPGP10-201|processed_pseudogene	0	+	SNRPGP10	225
chr1	205425021	205425511	ENSG00000225483[1,1,1]	0	-	205425021	205425021	0	1	490,	0,	chr1	205425071	205425461	retro_human_103|RPL22P4-201|processed_pseudogene	0	-	RPL22P4	390
chr1	205959971	205960504	ENSG00000224114[1,1,1]	0	-	205959971	205959971	0	1	533,	0,	chr1	205960021	205960454	retro_human_102|AL591846.1-201|processed_pseudogene	0	-	RPS14P1	433
chr1	206168535	206174597	ENSG00000162894[5,12,10]	0	-	206169326	206174137	255	4	917,59,144,84,	0,5230,5493,5978,	chr1	206171922	206172533	retro_human_3248|AC098935.1-201|processed_pseudogene	0	+	RPL13AP8	611
chr1	206168535	206174299	ENSG00000162894[2,11,10]	0	-	206173888	206174212	255	2	917,534,	0,5230,	chr1	206171922	206172533	retro_human_3248|AC098935.1-201|processed_pseudogene	0	+	RPL13AP8	611
chr1	206168535	206173902	ENSG00000162894[4,11,10]	0	-	206169109	206169349	255	2	917,137,	0,5230,	chr1	206171922	206172533	retro_human_3248|AC098935.1-201|processed_pseudogene	0	+	RPL13AP8	611
chr1	206168535	206174597	ENSG00000162894[5,4,10]	0	-	206169326	206174212	0	3	917,59,569,	0,5230,5493,	chr1	206171922	206172533	retro_human_3248|AC098935.1-201|processed_pseudogene	0	+	RPL13AP8	611
chr1	206168535	206174299	ENSG00000162894[2,4,10]	0	-	206169326	206174212	0	3	917,59,271,	0,5230,5493,	chr1	206171922	206172533	retro_human_3248|AC098935.1-201|processed_pseudogene	0	+	RPL13AP8	611
chr1	206168779	206174299	ENSG00000162894[2,4,2]	0	-	206169326	206174212	0	3	673,59,271,	0,4986,5249,	chr1	206171922	206172533	retro_human_3248|AC098935.1-201|processed_pseudogene	0	+	RPL13AP8	611
chr1	206171872	206172583	ENSG00000226945[1,1,1]	0	+	206171872	206171872	0	1	711,	0,	chr1	206171922	206172533	retro_human_3248|AC098935.1-201|processed_pseudogene	0	+	RPL13AP8	611
chr1	207456641	207491154	ENSG00000076356[1,10,5]	0	-	207456875	207464640	255	3	540,1268,786,	0,6811,33727,	chr1	207456876	207464502	retro_human_101	0	-	MSTRG.523,PLXNA2	7626
chr1	207456641	207463941	ENSG00000076356[7,5,5]	0	-	207456875	207457076	0	2	540,489,	0,6811,	chr1	207456876	207464502	retro_human_101	0	-	MSTRG.523,PLXNA2	7065
chr1	207456641	207463782	ENSG00000076356[5,5,5]	0	-	207456875	207457076	0	2	540,330,	0,6811,	chr1	207456876	207464502	retro_human_101	0	-	MSTRG.523,PLXNA2	6906
chr1	207460888	207491154	ENSG00000076356[1,9,9]	0	-	207463416	207464640	255	2	3832,786,	0,29480,	chr1	207456876	207464502	retro_human_101	0	-	MSTRG.523,PLXNA2	3614
chr1	208478954	208480278	ENSG00000224540[1,1,1]	0	+	208478954	208478954	0	1	1324,	0,	chr1	208479004	208480228	retro_human_8690|AC092810.1-201|processed_pseudogene	0	+	TFDP1P1	1224
chr1	210419097	210419559	ENSG00000234004[1,1,1]	0	+	210419097	210419097	0	1	462,	0,	chr1	210419147	210419509	retro_human_8689|AC092017.1-201|processed_pseudogene	0	+	RPS25P2	362
chr1	210687843	210688476	ENSG00000238137[1,1,1]	0	+	210687843	210687843	0	1	633,	0,	chr1	210687893	210688426	retro_human_2837|ARPC3P2-201|processed_pseudogene	0	+	ARPC3P2	533
chr1	211297554	211298137	ENSG00000220749[1,1,1]	0	-	211297554	211297554	0	1	583,	0,	chr1	211297604	211298087	RPL21P28-201|processed_pseudogene	0	-	RPL21P28	483
chr1	212068948	212069527	ENSG00000236905[1,1,1]	0	+	212068948	212068948	0	1	579,	0,	chr1	212068998	212069477	retro_human_2834|AC104333.3-201|processed_pseudogene	0	+	RPS5P4	479
chr1	212098209	212098455	ENSG00000235182[1,1,1]	0	+	212098209	212098209	0	1	246,	0,	chr1	212098259	212098405	AC104333.1-201|processed_pseudogene	0	+	FLVCR1-DT	146
chr1	213771684	213773057	ENSG00000215819[1,1,1]	0	+	213771684	213771684	0	1	1373,	0,	chr1	213771734	213773007	retro_human_2836|KRT18P12-201|processed_pseudogene	0	+	PTPN14	1273
chr1	213842398	213857975	ENSG00000117724[1,7,7]	0	+	213853007	213857946	255	4	177,203,197,174,	0,10568,11686,15403,	chr1	213844940	213848094	retro_human_5214	0	-	ABHD17AP3	3154
chr1	213842398	213854493	ENSG00000117724[1,2,3]	0	+	213853007	213854282	0	3	177,203,409,	0,10568,11686,	chr1	213844940	213848094	retro_human_5214	0	-	ABHD17AP3	3154
chr1	218435838	218436592	ENSG00000225920[1,1,1]	0	-	218435838	218435838	0	1	754,	0,	chr1	218435888	218436542	retro_human_2852|RIMKLBP2-201|processed_pseudogene	0	-	RIMKLBP2	654
chr1	218845837	218848373	ENSG00000215817[2,2,2]	0	-	218845837	218845837	0	1	2536,	0,	chr1	218845960	218848323	retro_human_2854	0	-	ZC3H11B	2363
chr1	219383187	219383675	ENSG00000232134[1,1,1]	0	-	219383187	219383187	0	1	488,	0,	chr1	219383237	219383625	retro_human_2846|RPS15AP12-201|processed_pseudogene	0	-	RPS15AP12	388
chr1	219492799	219493866	ENSG00000218283[1,1,1]	0	+	219492799	219492799	0	1	1067,	0,	chr1	219492849	219493816	retro_human_8301|MORF4L1P1-201|processed_pseudogene	0	+	MORF4L1P1	967
chr1	219505214	219511859	ENSG00000118873[1,31,17]	0	-	219506918	219511617	0	2	1817,357,	0,6288,	chr1	219505985	219507197	retro_human_2845|AURKAP1-201|transcribed_processed_pseudogene	0	-	RAB3GAP2,AURKAP1	1212
chr1	219505935	219507247	ENSG00000213033[1,1,1]	0	-	219506299	219506512	0	1	1312,	0,	chr1	219505985	219507197	retro_human_2845|AURKAP1-201|transcribed_processed_pseudogene	0	-	RAB3GAP2,AURKAP1	1212
chr1	219866906	219867813	ENSG00000233012[2,1,2]	0	+	219867066	219867336	0	1	907,	0,	chr1	219865446	219867155	retro_human_8304|HDAC1P2-201|transcribed_processed_pseudogene	0	+	HDAC1P2,MARK1	249
chr1	219866906	219867813	ENSG00000233012[2,1,2]	0	+	219867066	219867336	0	1	907,	0,	chr1	219866956	219867763	HDAC1P2-202|transcribed_processed_pseudogene	0	+	HDAC1P2,MARK1	807
chr1	223046256	223047165	ENSG00000227621[1,1,1]	0	-	223046256	223046256	0	1	909,	0,	chr1	223046306	223047115	retro_human_9521|PHBP11-201|processed_pseudogene	0	-	PHB1P11	809
chr1	223053403	223054629	ENSG00000188460[1,1,1]	0	-	223053403	223053403	0	1	1226,	0,	chr1	223053453	223054579	retro_human_1299|ACTBP11-201|processed_pseudogene	0	-	ACTBP11	1126
chr1	223364668	223364999	ENSG00000236773[1,1,1]	0	-	223364668	223364668	0	1	331,	0,	chr1	223364718	223364949	retro_human_9519|AC092809.3-201|processed_pseudogene	0	-	LOC724084	231
chr1	225314981	225315250	ENSG00000270598[1,1,1]	0	+	225314981	225314981	0	1	269,	0,	chr1	225315031	225315200	retro_human_2427|AL512343.1-201|processed_pseudogene	0	+	LOC112268255	169
chr1	225376695	225377147	ENSG00000223570[1,1,1]	0	-	225376695	225376695	0	1	452,	0,	chr1	225376745	225377097	retro_human_1304|AL592045.1-201|processed_pseudogene	0	-	RPL34P7	352
chr1	227613306	227613922	ENSG00000168148[1,1,1]	0	-	227613429	227613837	0	1	616,	0,	chr1	227613429	227613837	retro_human_3664	0	-	H3-4	408
chr1	227652674	227653156	ENSG00000181201[1,1,1]	0	-	227652674	227652674	0	1	482,	0,	chr1	227652727	227653007	retro_human_9131	0	-	H2BU2P,H2BC27P	280
chr1	228028412	228029651	ENSG00000183929[1,1,1]	0	+	228028417	228028843	0	1	1239,	0,	chr1	228028462	228029601	retro_human_7896|DUSP5P1-201|processed_pseudogene	0	+	DUSP5P1	1139
chr1	228065263	228065775	ENSG00000234975[1,1,1]	0	+	228065384	228065723	0	1	512,	0,	chr1	228065313	228065725	retro_human_7897|FTH1P2-201|processed_pseudogene	0	+	FTH1P2	412
chr1	228949235	228949600	ENSG00000229367[1,1,1]	0	+	228949235	228949235	0	1	365,	0,	chr1	228949285	228949550	retro_human_2071|HMGN2P19-201|processed_pseudogene	0	+	HMGN2P19	265
chr1	230402455	230403128	ENSG00000227934[1,1,1]	0	+	230402455	230402455	0	1	673,	0,	chr1	230402505	230403078	retro_human_2070|AL732414.1-201|processed_pseudogene	0	+	LOC644006	573
chr1	232675176	232675311	ENSG00000231940[2,1,1]	0	-	232675176	232675176	0	1	135,	0,	chr1	232675226	232675806	retro_human_9132|RPS7P3-201|processed_pseudogene	0	-	RPS7P3	85
chr1	232675176	232675856	ENSG00000231940[1,1,1]	0	-	232675518	232675806	0	1	680,	0,	chr1	232675226	232675806	retro_human_9132|RPS7P3-201|processed_pseudogene	0	-	RPS7P3	580
chr1	233675026	233675696	ENSG00000232166[1,1,1]	0	+	233675107	233675263	0	1	670,	0,	chr1	233675076	233675646	retro_human_2073|AL122008.2-201|processed_pseudogene	0	+	RPL9P10	570
chr1	233746782	233747320	ENSG00000235605[1,1,1]	0	-	233746782	233746782	0	1	538,	0,	chr1	233746832	233747270	retro_human_5746|AL355472.1-201|processed_pseudogene	0	-	AL355472.2,RPS15P2	438
chr1	234828819	234829166	ENSG00000229795[1,1,1]	0	+	234828869	234829079	0	1	347,	0,	chr1	234828869	234829116	retro_human_2075|RPS21P1-201|transcribed_processed_pseudogene	0	+	TBCE,RPS21P1	247
chr1	235011106	235012930	ENSG00000227236[1,1,1]	0	+	235011106	235011106	0	1	1824,	0,	chr1	235011156	235012880	retro_human_4040|AL583844.1-201|processed_pseudogene	0	+	LOC100131725	1724
chr1	235134624	235135709	ENSG00000235674[1,1,1]	0	+	235134624	235134624	0	1	1085,	0,	chr1	235134674	235135659	retro_human_4039|LDHAP2-201|processed_pseudogene	0	+	LYST,LDHAP2	985
chr1	235882882	235884286	ENSG00000244457[1,1,1]	0	+	235882932	235884096	0	1	1404,	0,	chr1	235882932	235884236	retro_human_4041|ENO1P1-201|transcribed_processed_pseudogene	0	+	EDARADD,ENO1P1	1304
chr1	236230632	236231617	ENSG00000226498[1,1,1]	0	+	236230684	236231104	0	1	985,	0,	chr1	236230682	236231567	retro_human_4035|RPSAP21-201|processed_pseudogene	0	+	RPSAP21	885
chr1	236392295	236392765	ENSG00000237991[1,1,1]	0	+	236392295	236392295	0	1	470,	0,	chr1	236392345	236392715	retro_human_4038|RPL35P1-201|processed_pseudogene	0	+	RPL35P1	370
chr1	236415065	236415504	ENSG00000244020[1,1,1]	0	-	236415202	236415385	0	1	439,	0,	chr1	236415202	236415385	retro_human_7485	0	-	MT1HL1	183
chr1	238465099	238465355	ENSG00000227854[1,1,1]	0	-	238465099	238465099	0	1	256,	0,	chr1	238465149	238465305	retro_human_7491|AL590135.1-201|processed_pseudogene	0	-	LOC124905752	156
chr1	239583442	239584679	ENSG00000223694[1,1,1]	0	+	239583927	239584470	0	1	1237,	0,	chr1	239583492	239584629	retro_human_3628|ADH5P3-201|processed_pseudogene	0	+	ADH5P3	1137
chr1	240409588	240410032	ENSG00000238085[1,1,1]	0	-	240409796	240409982	0	1	444,	0,	chr1	240409638	240409982	AL590682.1-201|processed_pseudogene	0	-	RPLP1P2	344
chr1	241040277	241051893	ENSG00000203668[1,4,1]	0	-	241045272	241047240	255	2	6991,538,	0,11078,	chr1	241045285	241047240	retro_human_6262	0	-	CHML,OPN3	1955
chr1	241040277	241051893	ENSG00000203668[1,2,1]	0	-	241045272	241047240	0	2	6994,538,	0,11078,	chr1	241045285	241047240	retro_human_6262	0	-	CHML,OPN3	1955
chr1	241040277	241051893	ENSG00000203668[1,1,1]	0	-	241045272	241047240	0	2	7270,538,	0,11078,	chr1	241045285	241047240	retro_human_6262	0	-	CHML,OPN3	1955
chr1	243811315	243812100	ENSG00000225401[1,1,1]	0	-	243811315	243811315	0	1	785,	0,	chr1	243811365	243812050	retro_human_4845|TGIF2P1-201|processed_pseudogene	0	-	TGIF2P1	685
chr1	244110630	244111019	ENSG00000232059[1,1,1]	0	-	244110630	244110630	0	1	389,	0,	chr1	244110680	244110969	retro_human_4466|AL451007.1-201|processed_pseudogene	0	-	RPL37P8	289
chr1	246474336	246475667	ENSG00000215796[1,1,1]	0	+	246474336	246474336	0	1	1331,	0,	chr1	246474386	246475617	retro_human_140|AL512637.1-201|processed_pseudogene	0	+	LOC100420880	1231
chr1	246551987	246552697	ENSG00000226164[1,1,1]	0	+	246551987	246551987	0	1	710,	0,	chr1	246552037	246552647	FGFR3P6-201|processed_pseudogene	0	+	FGFR3P6	610
chr1	247361851	247363500	ENSG00000226191[1,1,1]	0	-	247361851	247361851	0	1	1649,	0,	chr1	247361901	247363450	retro_human_5695|CLK3P2-201|processed_pseudogene	0	-	CLK3P2,OR2L13	1549
chr1	248375151	248375714	ENSG00000233084[1,1,1]	0	+	248375151	248375151	0	1	563,	0,	chr1	248375201	248375664	retro_human_4465|RPL23AP25-201|processed_pseudogene	0	+	BX322534.1,RPL23AP25	463
chr2	11341053	11342070	ENSG00000230154[1,1,1]	0	+	11341053	11341053	0	1	1017,	0,	chr2	11341103	11342020	retro_human_1491|AIDAP1-201|processed_pseudogene	0	+	AIDAP1	917
chr2	14663436	14669050	ENSG00000162981[1,2,7]	0	+	14664766	14665642	0	3	288,243,4320,	0,936,1294,	chr2	14664767	14665621	retro_human_7364	0	+	LRATD1	854
chr2	14663436	14668895	ENSG00000162981[1,2,6]	0	+	14664766	14665642	0	3	288,243,4165,	0,936,1294,	chr2	14664767	14665621	retro_human_7364	0	+	LRATD1	854
chr2	14663436	14666863	ENSG00000162981[1,2,5]	0	+	14664766	14665642	0	3	288,243,2133,	0,936,1294,	chr2	14664767	14665621	retro_human_7364	0	+	LRATD1	854
chr2	14663436	14668064	ENSG00000162981[1,2,2]	0	+	14664766	14665642	0	3	288,243,3334,	0,936,1294,	chr2	14664767	14665621	retro_human_7364	0	+	LRATD1	854
chr2	14663436	14669050	ENSG00000162981[1,1,7]	0	+	14664766	14665642	0	2	288,4320,	0,1294,	chr2	14664767	14665621	retro_human_7364	0	+	LRATD1	854
chr2	14663436	14668064	ENSG00000162981[1,1,2]	0	+	14664766	14665642	0	2	288,3334,	0,1294,	chr2	14664767	14665621	retro_human_7364	0	+	LRATD1	854
chr2	14663436	14666863	ENSG00000162981[1,1,5]	0	+	14664766	14665642	0	2	288,2133,	0,1294,	chr2	14664767	14665621	retro_human_7364	0	+	LRATD1	854
chr2	14663436	14670878	ENSG00000162981[1,1,1]	0	+	14664766	14665642	0	2	288,6148,	0,1294,	chr2	14664767	14665621	retro_human_7364	0	+	LRATD1	854
chr2	18586783	18592843	ENSG00000240857[1,1,1]	0	-	18587304	18592686	0	2	1136,550,	0,5510,	chr2	18587311	18592614	retro_human_11181	0	-	RDH14,NT5C1B-RDH14	5303
chr2	18587182	18592843	ENSG00000240857[1,2,2]	0	-	18587304	18587862	0	2	737,100,	0,5561,	chr2	18587311	18592614	retro_human_11181	0	-	RDH14,NT5C1B-RDH14	5303
chr2	19859761	19860188	ENSG00000213403[1,1,1]	0	+	19859761	19859761	0	1	427,	0,	chr2	19859811	19860138	retro_human_7359|CISD1P1-201|processed_pseudogene	0	+	CISD1P1	327
chr2	20273380	20274635	ENSG00000235411[1,1,1]	0	-	20273380	20273380	0	1	1255,	0,	chr2	20273430	20274585	retro_human_5692|DRG1P1-201|processed_pseudogene	0	-	DRG1P1	1155
chr2	20480666	20483134	ENSG00000143878[1,1,1]	0	+	20481108	20481696	0	1	2468,	0,	chr2	20481109	20481678	retro_human_1907	0	+	RHOB	569
chr2	20481063	20483134	ENSG00000143878[2,1,1]	0	+	20481108	20481696	0	1	2071,	0,	chr2	20481109	20481678	retro_human_1907	0	+	RHOB	569
chr2	20562742	20563352	ENSG00000279307[1,1,1]	0	-	20562742	20562742	0	1	610,	0,	chr2	20562792	20563302	retro_human_5690|NDUFAF2P1-201|processed_pseudogene	0	-	NDUFAF2P1	510
chr2	24364978	24365351	ENSG00000232963[1,1,1]	0	+	24364978	24364978	0	1	373,	0,	chr2	24365028	24365301	retro_human_1909|HMGN2P20-201|processed_pseudogene	0	+	HMGN2P20	273
chr2	25845184	25846016	ENSG00000187536[1,1,1]	0	-	25845633	25845966	0	1	832,	0,	chr2	25845234	25845966	retro_human_5684|TPM3P7-201|processed_pseudogene	0	-	TPM3P7	732
chr2	25857730	25858312	ENSG00000217643[1,1,1]	0	+	25857730	25857730	0	1	582,	0,	chr2	25857780	25858262	retro_human_1913|PTGES3P2-201|processed_pseudogene	0	+	PTGES3P2	482
chr2	26717273	26717665	ENSG00000225024[1,1,1]	0	-	26717273	26717273	0	1	392,	0,	chr2	26717323	26717615	retro_human_325|RPL37P11-201|processed_pseudogene	0	-	RPL37P11	292
chr2	30790681	30791039	ENSG00000230118[1,1,1]	0	-	30790709	30790838	0	1	358,	0,	chr2	30790731	30790989	AC092569.1-201|processed_pseudogene	0	-	CAPN13	258
chr2	31868910	31871896	ENSG00000237007[1,1,1]	0	-	31868910	31868910	0	1	2986,	0,	chr2	31869007	31871846	retro_human_3107|KRT18P52-201|processed_pseudogene	0	-	KRT18P52,AK2P2	2839
chr2	31868910	31871896	ENSG00000237007[1,1,1]	0	-	31868910	31868910	0	1	2986,	0,	chr2	31869007	31871846	retro_human_6102|KRT18P52-201|processed_pseudogene	0	-	KRT18P52,AK2P2	2839
chr2	37155596	37156471	ENSG00000224891[1,1,1]	0	+	37155596	37155596	0	1	875,	0,	chr2	37155646	37156421	retro_human_2279|ARL14EPP1-201|processed_pseudogene	0	+	EIF2AK2,MSTRG.3041	775
chr2	38073985	38083359	ENSG00000138061[5,1,8]	0	-	38077610	38082274	0	3	4211,1044,694,	0,7246,8680,	chr2	38077704	38082124	retro_human_10336	0	-	CYP1B1	4420
chr2	38073985	38083090	ENSG00000138061[1,1,8]	0	-	38077610	38082274	0	3	4211,1044,425,	0,7246,8680,	chr2	38077704	38082124	retro_human_10336	0	-	CYP1B1	4420
chr2	38074344	38083359	ENSG00000138061[5,8,1]	0	-	38077610	38082274	255	2	3852,2128,	0,6887,	chr2	38077704	38082124	retro_human_10336	0	-	CYP1B1	4420
chr2	38074344	38083359	ENSG00000138061[5,1,1]	0	-	38077610	38082274	0	3	3852,1044,694,	0,6887,8321,	chr2	38077704	38082124	retro_human_10336	0	-	CYP1B1	4420
chr2	38074344	38084234	ENSG00000138061[7,1,1]	0	-	38077610	38082274	0	3	3852,1044,1569,	0,6887,8321,	chr2	38077704	38082124	retro_human_10336	0	-	CYP1B1	4420
chr2	38074344	38083670	ENSG00000138061[6,1,1]	0	-	38077610	38082274	0	3	3852,1044,1005,	0,6887,8321,	chr2	38077704	38082124	retro_human_10336	0	-	CYP1B1	4420
chr2	38074344	38083090	ENSG00000138061[1,1,1]	0	-	38077610	38082274	0	3	3852,1044,425,	0,6887,8321,	chr2	38077704	38082124	retro_human_10336	0	-	CYP1B1	4420
chr2	38075125	38083090	ENSG00000138061[1,1,9]	0	-	38077610	38082274	0	3	3071,1044,425,	0,6106,7540,	chr2	38077704	38082124	retro_human_10336	0	-	CYP1B1	4420
chr2	38075125	38084234	ENSG00000138061[7,1,9]	0	-	38077610	38082274	0	3	3071,1044,1569,	0,6106,7540,	chr2	38077704	38082124	retro_human_10336	0	-	CYP1B1	4420
chr2	38075125	38083359	ENSG00000138061[5,1,9]	0	-	38077610	38082274	0	3	3071,1044,694,	0,6106,7540,	chr2	38077704	38082124	retro_human_10336	0	-	CYP1B1	4420
chr2	38075722	38083090	ENSG00000138061[1,1,10]	0	-	38077610	38082274	0	3	2474,1044,425,	0,5509,6943,	chr2	38077704	38082124	retro_human_10336	0	-	CYP1B1	4420
chr2	38075722	38083670	ENSG00000138061[6,1,10]	0	-	38077610	38082274	0	3	2474,1044,1005,	0,5509,6943,	chr2	38077704	38082124	retro_human_10336	0	-	CYP1B1	4420
chr2	38075722	38083359	ENSG00000138061[5,1,10]	0	-	38077610	38082274	0	3	2474,1044,694,	0,5509,6943,	chr2	38077704	38082124	retro_human_10336	0	-	CYP1B1	4420
chr2	38076764	38083090	ENSG00000138061[1,8,11]	0	-	38077610	38082274	255	2	1432,1859,	0,4467,	chr2	38077704	38082124	retro_human_10336	0	-	CYP1B1	4420
chr2	38076764	38083090	ENSG00000138061[1,2,11]	0	-	38077610	38082274	0	3	1432,1044,429,	0,4467,5897,	chr2	38077704	38082124	retro_human_10336	0	-	CYP1B1	4420
chr2	38076764	38083090	ENSG00000138061[1,1,11]	0	-	38077610	38082274	0	3	1432,1044,425,	0,4467,5901,	chr2	38077704	38082124	retro_human_10336	0	-	CYP1B1	4420
chr2	38076764	38084234	ENSG00000138061[7,1,11]	0	-	38077610	38082274	0	3	1432,1044,1569,	0,4467,5901,	chr2	38077704	38082124	retro_human_10336	0	-	CYP1B1	4420
chr2	38076764	38083670	ENSG00000138061[6,1,11]	0	-	38077610	38082274	0	3	1432,1044,1005,	0,4467,5901,	chr2	38077704	38082124	retro_human_10336	0	-	CYP1B1	4420
chr2	38076764	38083359	ENSG00000138061[5,1,11]	0	-	38077610	38082274	0	3	1432,1044,694,	0,4467,5901,	chr2	38077704	38082124	retro_human_10336	0	-	CYP1B1	4420
chr2	38077317	38083090	ENSG00000138061[1,2,2]	0	-	38077610	38082274	0	3	879,1044,429,	0,3914,5344,	chr2	38077704	38082124	retro_human_10336	0	-	CYP1B1	4420
chr2	38077822	38080872	ENSG00000138061[4,5,5]	0	-	38077960	38080546	0	2	374,471,	0,2579,	chr2	38077704	38082124	retro_human_10336	0	-	CYP1B1	3050
chr2	38238412	38239262	ENSG00000227770[1,1,1]	0	+	38238412	38238412	0	1	850,	0,	chr2	38238462	38239212	retro_human_4066|RPL7P12-201|processed_pseudogene	0	+	CYP1B1-AS1,RPL7P12	750
chr2	38488704	38489758	ENSG00000213553[1,1,1]	0	+	38488704	38488704	0	1	1054,	0,	chr2	38488754	38489708	retro_human_4064|RPLP0P6-201|processed_pseudogene	0	+	RPLP0P6	954
chr2	38542428	38543210	ENSG00000271443[2,2,2]	0	-	38542428	38542428	0	2	242,428,	0,354,	chr2	38542168	38542606	retro_human_10337|AC011247.2-201|transcribed_processed_pseudogene	0	-	AC011247.2	178
chr2	38542428	38543210	ENSG00000271443[2,2,2]	0	-	38542428	38542428	0	2	242,428,	0,354,	chr2	38542478	38543160	AC011247.2-202|transcribed_processed_pseudogene	0	-	AC011247.2	682
chr2	38819169	38820492	ENSG00000223922[1,1,1]	0	-	38819784	38820108	0	1	1323,	0,	chr2	38819219	38820442	retro_human_10338|ASS1P2-201|processed_pseudogene	0	-	ASS1P2	1223
chr2	42475203	42475753	ENSG00000236913[1,1,1]	0	+	42475203	42475203	0	1	550,	0,	chr2	42475253	42475703	retro_human_8140|RPS13P3-201|processed_pseudogene	0	+	RPS13P3	450
chr2	43685744	43687002	ENSG00000229695[1,1,1]	0	-	43685744	43685744	0	1	1258,	0,	chr2	43685794	43686952	AC011242.1-201|processed_pseudogene	0	-	LOC100421122	1158
chr2	46009217	46009685	ENSG00000233829[1,1,1]	0	-	46009217	46009217	0	1	468,	0,	chr2	46009267	46009635	retro_human_4851|RPL26P15-201|processed_pseudogene	0	-	RPL26P15	368
chr2	47695662	47696293	ENSG00000230979[1,1,1]	0	-	47695662	47695662	0	1	631,	0,	chr2	47695712	47696243	retro_human_9044|AC079250.1-201|processed_pseudogene	0	-	RPL18AP6	531
chr2	47803713	47804079	ENSG00000235369[1,1,1]	0	-	47803713	47803713	0	1	366,	0,	chr2	47803763	47804029	retro_human_9042|RPL36AP15-201|processed_pseudogene	0	-	RPL36AP15	266
chr2	47889347	47889902	ENSG00000236549[1,1,1]	0	+	47889347	47889347	0	1	555,	0,	chr2	47889397	47889852	retro_human_5807|RPS27AP7-201|processed_pseudogene	0	+	RPS27AP7	455
chr2	54523298	54523857	ENSG00000237887[1,1,1]	0	+	54523351	54523741	0	1	559,	0,	chr2	54523348	54523807	retro_human_8542|RPL23AP32-201|processed_pseudogene	0	+	RPL23AP32	459
chr2	55215524	55229634	ENSG00000162994[1,12,9]	0	-	55215767	55219641	0	3	306,259,169,	0,3940,13941,	chr2	55221508	55223137	retro_human_6739|CDPF1P1-201|processed_pseudogene	0	+	CDPF1P1	1629
chr2	57045308	57046395	ENSG00000271115[1,1,1]	0	-	57045308	57045308	0	1	1087,	0,	chr2	57045358	57046345	retro_human_3162|EIF2S2P7-201|processed_pseudogene	0	-	EIF2S2P7	987
chr2	58256218	58257404	ENSG00000233426[1,1,1]	0	+	58256218	58256218	0	1	1186,	0,	chr2	58256268	58257354	retro_human_8545|EIF3FP3-201|processed_pseudogene	0	+	EIF3FP3	1086
chr2	58465075	58466916	ENSG00000231043[1,1,1]	0	-	58465075	58465075	0	1	1841,	0,	chr2	58465125	58466866	retro_human_3164|AC007238.1-201|processed_pseudogene	0	-	LINC01122	1741
chr2	60942604	60943935	ENSG00000237522[1,1,1]	0	-	60942604	60942604	0	1	1331,	0,	chr2	60942654	60943885	retro_human_9440|NONOP2-201|processed_pseudogene	0	-	NONOP2	1231
chr2	60943989	60944488	ENSG00000232713[1,1,1]	0	-	60943989	60943989	0	1	499,	0,	chr2	60944037	60944438	retro_human_9439|RPS12P3-201|processed_pseudogene	0	-	RPS12P3	401
chr2	62152589	62153430	ENSG00000242735[1,1,1]	0	+	62152589	62152589	0	1	841,	0,	chr2	62152639	62153380	retro_human_5408|RPSAP26-201|processed_pseudogene	0	+	COMMD1,AC018462.1,RPSAP26	741
chr2	63629745	63630498	ENSG00000228305[1,1,1]	0	-	63629745	63629745	0	1	753,	0,	chr2	63629795	63630448	retro_human_3563|PRELID1P6-201|processed_pseudogene	0	-	PRELID1P6	653
chr2	63650021	63651456	ENSG00000229920[1,1,1]	0	-	63650021	63650021	0	1	1435,	0,	chr2	63650071	63651406	retro_human_3564|RPS4XP5-202|transcribed_processed_pseudogene	0	-	RPS4XP5	1335
chr2	63650021	63651456	ENSG00000229920[1,1,1]	0	-	63650021	63650021	0	1	1435,	0,	chr2	63650888	63651656	RPS4XP5-201|transcribed_processed_pseudogene	0	-	RPS4XP5	568
chr2	63650838	63651706	ENSG00000229920[2,1,2]	0	-	63650838	63650838	0	1	868,	0,	chr2	63650071	63651406	retro_human_3564|RPS4XP5-202|transcribed_processed_pseudogene	0	-	RPS4XP5	568
chr2	63650838	63651706	ENSG00000229920[2,1,2]	0	-	63650838	63650838	0	1	868,	0,	chr2	63650888	63651656	RPS4XP5-201|transcribed_processed_pseudogene	0	-	RPS4XP5	768
chr2	63691887	63692393	ENSG00000234488[1,1,1]	0	+	63691887	63691887	0	1	506,	0,	chr2	63691937	63692343	retro_human_9110|RPL27P6-201|processed_pseudogene	0	+	RPL27P6	406
chr2	64674995	64675553	ENSG00000227791[1,1,1]	0	+	64674995	64674995	0	1	558,	0,	chr2	64675045	64675503	retro_human_9108|RPS10P9-201|processed_pseudogene	0	+	RPS10P9	458
chr2	65213121	65213533	ENSG00000273763[1,1,1]	0	-	65213121	65213121	0	1	412,	0,	chr2	65213240	65213483	AC007318.1-202|transcribed_processed_pseudogene	0	-	AC007318.1	243
chr2	65214727	65215708	ENSG00000172974[1,1,1]	0	+	65214727	65214727	0	1	981,	0,	chr2	65214777	65215658	retro_human_10945|VDAC2P5-201|processed_pseudogene	0	+	AC007318.1,VDAC2P5	881
chr2	65677444	65678587	ENSG00000214533[1,1,1]	0	+	65677444	65677444	0	1	1143,	0,	chr2	65677494	65678537	retro_human_8955|KRT18P33-201|processed_pseudogene	0	+	KRT18P33	1043
chr2	68135763	68136346	ENSG00000236259[1,1,1]	0	+	68135763	68135763	0	1	583,	0,	chr2	68135813	68136296	retro_human_8954|PPIAP64-201|processed_pseudogene	0	+	WDR92,PPIAP64	483
chr2	69606996	69607414	ENSG00000232228[1,1,1]	0	-	69607165	69607267	0	1	418,	0,	chr2	69607046	69607364	retro_human_9868|RPL36AP16-201|processed_pseudogene	0	-	RPL36AP16	318
chr2	69856726	69857250	ENSG00000275381[1,1,1]	0	-	69856726	69856726	0	1	524,	0,	chr2	69856776	69857200	AC019206.1-201|processed_pseudogene	0	-	GMCL1	424
chr2	70099150	70100977	ENSG00000169564[1,1,1]	0	+	70099467	70100535	0	1	1827,	0,	chr2	70099468	70100535	retro_human_2098	0	+	PCBP1,PCBP1-AS1	1067
chr2	70099396	70100977	ENSG00000169564[2,1,1]	0	+	70099467	70100535	0	1	1581,	0,	chr2	70099468	70100535	retro_human_2098	0	+	PCBP1,PCBP1-AS1	1067
chr2	70099801	70100977	ENSG00000169564[3,1,1]	0	+	70099875	70100535	0	1	1176,	0,	chr2	70099468	70100535	retro_human_2098	0	+	PCBP1,PCBP1-AS1	734
chr2	70100348	70100977	ENSG00000169564[4,1,1]	0	+	70100388	70100535	0	1	629,	0,	chr2	70099468	70100535	retro_human_2098	0	+	PCBP1,PCBP1-AS1	187
chr2	70966851	70967287	ENSG00000226186[1,1,1]	0	-	70966859	70967237	0	1	436,	0,	chr2	70966901	70967237	retro_human_3961|ELOCP21-201|processed_pseudogene	0	-	ELOCP21	336
chr2	71996880	71997233	ENSG00000233971[1,1,1]	0	-	71996880	71996880	0	1	353,	0,	chr2	71996930	71997183	retro_human_3962|RPS20P10-201|processed_pseudogene	0	-	RPS20P10	253
chr2	72301837	72302263	ENSG00000228568[1,1,1]	0	+	72301837	72301837	0	1	426,	0,	chr2	72301887	72302213	retro_human_2096|RPS15AP13-201|processed_pseudogene	0	+	RPS15AP13	326
chr2	74359645	74360031	ENSG00000225658[1,1,1]	0	+	74359645	74359645	0	1	386,	0,	chr2	74359695	74359981	retro_human_7540|TAF13P2-201|processed_pseudogene	0	+	TAF13P2	286
chr2	74522964	74525376	ENSG00000115297[1,1,2]	0	+	74523371	74524751	0	3	807,238,839,	0,1233,1573,	chr2	74524152	74524433	retro_human_7541	0	+	TLX2	281
chr2	74522964	74525763	ENSG00000115297[1,1,1]	0	+	74523371	74524751	0	3	807,238,1226,	0,1233,1573,	chr2	74524152	74524433	retro_human_7541	0	+	TLX2	281
chr2	74526645	74534896	ENSG00000144045[1,1,1]	0	-	74527013	74534294	0	12	522,191,191,120,192,159,100,228,385,194,256,196,	0,959,1475,1834,4499,4775,5038,5229,5842,6928,7412,8055,	chr2	74532506	74533977	retro_human_5529	0	-	DQX1	1471
chr2	74526645	74534896	ENSG00000144045[1,2,1]	0	-	74527013	74534294	0	12	522,191,191,120,192,159,100,228,385,194,256,192,	0,959,1475,1834,4499,4775,5038,5229,5842,6928,7412,8059,	chr2	74532506	74533977	retro_human_5529	0	-	DQX1	1471
chr2	74532542	74534896	ENSG00000144045[1,7,4]	0	-	74532798	74533631	0	3	330,194,196,	0,1031,2158,	chr2	74532506	74533977	retro_human_5529	0	-	DQX1	1435
chr2	75660527	75660967	ENSG00000226247[1,1,1]	0	-	75660527	75660527	0	1	440,	0,	chr2	75660577	75660917	retro_human_4350|SUPT4H1P1-201|processed_pseudogene	0	-	SUPT4H1P1	340
chr2	77797799	77798172	ENSG00000237077[2,1,1]	0	+	77797799	77797799	0	1	373,	0,	chr2	77797849	77798054	retro_human_7542|RPL38P2-202|transcribed_processed_pseudogene	0	+	RPL38P2	205
chr2	78417700	78418102	ENSG00000214429[1,1,1]	0	-	78417700	78417700	0	1	402,	0,	chr2	78417750	78418052	retro_human_4347|CYCSP6-201|processed_pseudogene	0	-	CYCSP6	302
chr2	80301974	80304637	ENSG00000162951[2,2,1]	0	-	80302400	80303966	0	2	2051,343,	0,2320,	chr2	80302356	80303876	retro_human_4346	0	-	LRRTM1	1520
chr2	80301974	80304637	ENSG00000162951[2,1,1]	0	-	80302400	80303966	0	2	2051,339,	0,2324,	chr2	80302356	80303876	retro_human_4346	0	-	LRRTM1	1520
chr2	80301974	80304949	ENSG00000162951[1,1,1]	0	-	80302400	80303966	0	2	2051,651,	0,2324,	chr2	80302356	80303876	retro_human_4346	0	-	LRRTM1	1520
chr2	84917642	84918537	ENSG00000213399[1,1,1]	0	+	84917642	84917642	0	1	895,	0,	chr2	84917693	84918487	retro_human_8980|RPS2P17-201|processed_pseudogene	0	+	RPS2P17	794
chr2	85343221	85343879	ENSG00000270532[1,1,1]	0	-	85343221	85343221	0	1	658,	0,	chr2	85343271	85343829	retro_human_10677|PEBP1P2-201|processed_pseudogene	0	-	PEBP1P2	558
chr2	85688062	85689161	ENSG00000203363[1,1,1]	0	-	85688062	85688062	0	1	1099,	0,	chr2	85688112	85689111	GPR160P1-201|processed_pseudogene	0	-	GPR160P1	999
chr2	87577847	87578884	ENSG00000214354[1,1,1]	0	-	87577847	87577847	0	1	1037,	0,	chr2	87577897	87578834	retro_human_10673|PAFAH1B1P1-201|processed_pseudogene	0	-	PAFAH1B1P1	937
chr2	87666824	87667278	ENSG00000225933[1,1,1]	0	+	87666824	87666824	0	1	454,	0,	chr2	87666874	87667228	retro_human_4002|RPS14P5-201|processed_pseudogene	0	+	RPS14P5	354
chr2	91937629	91938775	ENSG00000232531[1,1,1]	0	-	91937629	91937629	0	1	1146,	0,	chr2	91937679	91938726	retro_human_7783|KMT5AP2-201|processed_pseudogene	0	-	KMT5AP2,IGSF3P2	1047
chr2	92100323	92101796	ENSG00000226481[1,1,1]	0	-	92101796	92101796	0	1	1473,	0,	chr2	92100373	92101746	retro_human_3267|ACTR3BP2-201|processed_pseudogene	0	-	ACTR3BP2	1373
chr2	95243809	95244822	ENSG00000213355[1,1,1]	0	+	95243809	95243809	0	1	1013,	0,	chr2	95243859	95244772	retro_human_8214|CNN2P8-201|processed_pseudogene	0	+	CNN2P8	913
chr2	95267242	95267685	ENSG00000232502[1,1,1]	0	-	95267242	95267242	0	1	443,	0,	chr2	95267292	95267635	AC073464.1-201|processed_pseudogene	0	-	FAM95A,ANKRD20A8P	343
chr2	95942564	95943088	ENSG00000227120[1,1,1]	0	+	95942564	95942564	0	1	524,	0,	chr2	95942614	95943038	AC009238.1-201|processed_pseudogene	0	+	LOC124906048	424
chr2	96031540	96033234	ENSG00000272913[1,1,1]	0	-	96031540	96031540	0	1	1694,	0,	chr2	96031828	96033152	retro_human_1315	0	+	AC009237.14,AC009237.3,LINC03052,ANKRD33BP1	1324
chr2	96032399	96038937	ENSG00000229689[4,1,2]	0	+	96032399	96032399	0	1	6538,	0,	chr2	96031828	96033152	retro_human_1315	0	+	AC009237.14,AC009237.3,LINC03052,ANKRD33BP1	753
chr2	96146749	96147273	ENSG00000235959[1,1,1]	0	-	96146749	96146749	0	1	524,	0,	chr2	96146799	96147223	AC009237.6-201|processed_pseudogene	0	-	LOC124905589	424
chr2	96148202	96148649	ENSG00000236750[1,1,1]	0	-	96148202	96148202	0	1	447,	0,	chr2	96148252	96148599	AC009237.9-201|processed_pseudogene	0	-	LOC124905589	347
chr2	96619440	96622911	ENSG00000274286[2,3,1]	0	-	96621060	96622765	255	2	1732,1495,	0,1976,	chr2	96621443	96622702	retro_human_3252	0	-	ADRA2B	1259
chr2	96619440	96622911	ENSG00000274286[2,1,1]	0	-	96621415	96622765	0	1	3471,	0,	chr2	96621443	96622702	retro_human_3252	0	-	ADRA2B	1259
chr2	96620330	96622911	ENSG00000274286[2,4,2]	0	-	96621504	96622765	255	2	1266,792,	0,1789,	chr2	96621443	96622702	retro_human_3252	0	-	ADRA2B	1259
chr2	96620330	96621820	ENSG00000274286[3,2,2]	0	-	96620607	96620862	255	2	707,404,	0,1086,	chr2	96621443	96622702	retro_human_3252	0	-	ADRA2B	377
chr2	96620330	96622911	ENSG00000274286[2,1,2]	0	-	96621415	96622765	0	1	2581,	0,	chr2	96621443	96622702	retro_human_3252	0	-	ADRA2B	1259
chr2	98285414	98285812	ENSG00000235734[1,1,1]	0	+	98285414	98285414	0	1	398,	0,	chr2	98285464	98285762	retro_human_7049|HMGN1P36-201|processed_pseudogene	0	+	HMGN1P36	298
chr2	99560531	99561366	ENSG00000231822[1,1,1]	0	+	99560531	99560531	0	1	835,	0,	chr2	99560581	99561316	SMC3P1-201|processed_pseudogene	0	+	SMC3P1	735
chr2	100829048	100829439	ENSG00000269383[1,1,1]	0	-	100829048	100829048	0	1	391,	0,	chr2	100829098	100829389	retro_human_4376|CYCSP7-201|processed_pseudogene	0	-	CYCSP7	291
chr2	102708077	102708575	ENSG00000205716[1,1,1]	0	-	102708077	102708077	0	1	498,	0,	chr2	102708127	102708525	retro_human_9459|FAM183DP-201|processed_pseudogene	0	-	FAM183DP	398
chr2	108382260	108382851	ENSG00000235325[1,1,1]	0	-	108382260	108382260	0	1	591,	0,	chr2	108382310	108382801	retro_human_3986|SRSF3P5-201|processed_pseudogene	0	-	SRSF3P5	491
chr2	108737643	108738874	ENSG00000227597[1,1,1]	0	+	108737643	108737643	0	1	1231,	0,	chr2	108737693	108738824	retro_human_3612|WASF1P1-201|processed_pseudogene	0	+	WASF1P1	1131
chr2	109172812	109173551	ENSG00000235644[1,1,1]	0	-	109172812	109172812	0	1	739,	0,	chr2	109172862	109173501	retro_human_3990|RPL10P5-201|processed_pseudogene	0	-	RPL10P5	639
chr2	110013549	110013960	ENSG00000237916[1,1,1]	0	+	110013549	110013549	0	1	411,	0,	chr2	110013599	110013910	retro_human_3620|RPL37P12-201|processed_pseudogene	0	+	RPL37P12	311
chr2	110409144	110410700	ENSG00000225108[1,1,1]	0	-	110409144	110409144	0	1	1556,	0,	chr2	110409194	110410650	ZBTB45P1-1|processed_pseudogene	0	-	LINC01123,ZBTB45P1	1456
chr2	110608508	110609734	ENSG00000233370[1,1,1]	0	-	110609734	110609734	0	1	1226,	0,	chr2	110608558	110609684	retro_human_3994|ACTR1AP1-201|processed_pseudogene	0	-	ACTR1AP1	1126
chr2	110797561	110806963	ENSG00000175772[2,4,1]	0	-	110797561	110797561	255	2	1981,178,	0,9224,	chr2	110805582	110807113	retro_human_9103|ZBTB45P2-201|processed_pseudogene	0	+	LINC01106,ZBTB45P2,LIMS4	1381
chr2	110797561	110806963	ENSG00000175772[2,2,1]	0	-	110797561	110797561	0	3	1981,185,178,	0,2562,9224,	chr2	110805582	110807113	retro_human_9103|ZBTB45P2-201|processed_pseudogene	0	+	LINC01106,ZBTB45P2,LIMS4	1381
chr2	110805532	110807163	ENSG00000226065[1,1,1]	0	+	110805532	110805532	0	1	1631,	0,	chr2	110805582	110807113	retro_human_9103|ZBTB45P2-201|processed_pseudogene	0	+	LINC01106,ZBTB45P2,LIMS4	1531
chr2	110808797	110810684	ENSG00000230596[2,1,1]	0	-	110808797	110808797	0	1	1887,	0,	chr2	110808847	110810634	retro_human_9074|GPAA1P2-202|transcribed_processed_pseudogene	0	-	AC013268.5,AC112229.4,LIMS4	1787
chr2	110808797	110810684	ENSG00000230596[2,1,1]	0	-	110808797	110808797	0	1	1887,	0,	chr2	110808984	110809912	GPAA1P2-201|transcribed_processed_pseudogene	0	-	AC013268.5,AC112229.4,LIMS4	928
chr2	110808797	110809962	ENSG00000230596[1,1,1]	0	-	110808797	110808797	0	1	1165,	0,	chr2	110808847	110810634	retro_human_9074|GPAA1P2-202|transcribed_processed_pseudogene	0	-	AC013268.5,AC112229.4,LIMS4	1115
chr2	110808797	110809962	ENSG00000230596[1,1,1]	0	-	110808797	110808797	0	1	1165,	0,	chr2	110808984	110809912	GPAA1P2-201|transcribed_processed_pseudogene	0	-	AC013268.5,AC112229.4,LIMS4	928
chr2	111056794	111057281	ENSG00000216867[1,1,1]	0	+	111056794	111056794	0	1	487,	0,	chr2	111056844	111057231	retro_human_2159|RPL22P12-201|processed_pseudogene	0	+	RPL22P12	387
chr2	111390806	111391792	ENSG00000236330[1,1,1]	0	+	111390856	111391225	0	1	986,	0,	chr2	111390856	111391742	retro_human_9105|RPL5P9-201|processed_pseudogene	0	+	RPL5P9	886
chr2	111721331	111721851	ENSG00000226928[1,1,1]	0	-	111721331	111721331	0	1	520,	0,	chr2	111721381	111721801	retro_human_9075|RPS14P4-201|processed_pseudogene	0	-	RPS14P4	420
chr2	112366692	112367527	ENSG00000225496[1,1,1]	0	-	112366692	112366692	0	1	835,	0,	chr2	112366742	112367477	retro_human_9076|RTRAFP1-201|processed_pseudogene	0	-	RTRAFP1	735
chr2	113048385	113048845	ENSG00000231747[1,1,1]	0	-	113048385	113048385	0	1	460,	0,	chr2	113048436	113048795	retro_human_3589|AC079922.1-201|processed_pseudogene	0	-	RPS20P11	359
chr2	114030549	114051868	ENSG00000240356[2,4,3]	0	-	114030549	114030549	255	3	6428,121,663,	0,19787,20656,	chr2	114035231	114051768	RPL23AP7-202|transcribed_processed_pseudogene	0	-	RPL23AP7	16537
chr2	114030549	114051868	ENSG00000240356[2,5,3]	0	-	114030549	114030549	255	3	6428,121,260,	0,19787,21059,	chr2	114035231	114051768	RPL23AP7-202|transcribed_processed_pseudogene	0	-	RPL23AP7	16537
chr2	114030549	114051868	ENSG00000240356[2,2,3]	0	-	114030549	114030549	0	3	6428,121,311,	0,19787,21008,	chr2	114035231	114051768	RPL23AP7-202|transcribed_processed_pseudogene	0	-	RPL23AP7	16537
chr2	114030549	114051868	ENSG00000240356[2,3,3]	0	-	114030549	114030549	0	3	6428,121,103,	0,19787,21216,	chr2	114035231	114051768	RPL23AP7-202|transcribed_processed_pseudogene	0	-	RPL23AP7	16537
chr2	114031376	114051868	ENSG00000240356[2,5,4]	0	-	114031376	114031376	255	3	5601,121,260,	0,18960,20232,	chr2	114035231	114051768	RPL23AP7-202|transcribed_processed_pseudogene	0	-	RPL23AP7	16537
chr2	114035181	114051868	ENSG00000240356[2,4,1]	0	-	114035181	114035181	255	3	1796,121,663,	0,15155,16024,	chr2	114035231	114051768	RPL23AP7-202|transcribed_processed_pseudogene	0	-	RPL23AP7	16537
chr2	114035181	114051868	ENSG00000240356[2,5,1]	0	-	114035181	114035181	255	3	1796,121,260,	0,15155,16427,	chr2	114035231	114051768	RPL23AP7-202|transcribed_processed_pseudogene	0	-	RPL23AP7	16537
chr2	114035181	114051868	ENSG00000240356[2,2,1]	0	-	114035181	114035181	0	3	1796,121,311,	0,15155,16376,	chr2	114035231	114051768	RPL23AP7-202|transcribed_processed_pseudogene	0	-	RPL23AP7	16537
chr2	114035181	114051868	ENSG00000240356[2,3,1]	0	-	114035181	114035181	0	3	1796,121,103,	0,15155,16584,	chr2	114035231	114051768	RPL23AP7-202|transcribed_processed_pseudogene	0	-	RPL23AP7	16537
chr2	114036363	114051868	ENSG00000240356[2,4,2]	0	-	114036363	114036363	255	3	614,121,663,	0,13973,14842,	chr2	114035231	114051768	RPL23AP7-202|transcribed_processed_pseudogene	0	-	RPL23AP7	15405
chr2	114036363	114051868	ENSG00000240356[2,5,2]	0	-	114036363	114036363	255	3	614,121,260,	0,13973,15245,	chr2	114035231	114051768	RPL23AP7-202|transcribed_processed_pseudogene	0	-	RPL23AP7	15405
chr2	114036363	114051868	ENSG00000240356[2,2,2]	0	-	114036363	114036363	0	3	614,121,311,	0,13973,15194,	chr2	114035231	114051768	RPL23AP7-202|transcribed_processed_pseudogene	0	-	RPL23AP7	15405
chr2	114036363	114051868	ENSG00000240356[2,3,2]	0	-	114036363	114036363	0	3	614,121,103,	0,13973,15402,	chr2	114035231	114051768	RPL23AP7-202|transcribed_processed_pseudogene	0	-	RPL23AP7	15405
chr2	114082589	114083457	ENSG00000144158[1,1,1]	0	+	114082589	114082589	0	1	868,	0,	chr2	114082639	114083407	retro_human_8616|SNRPA1P1-201|processed_pseudogene	0	+	SNRPA1P1	768
chr2	120655987	120657463	ENSG00000226479[2,1,2]	0	-	120656686	120657451	0	1	1476,	0,	chr2	120656686	120657736	retro_human_7509	0	-	TMEM185B	777
chr2	120655987	120658210	ENSG00000226479[1,1,2]	0	-	120656686	120657736	0	1	2223,	0,	chr2	120656686	120657736	retro_human_7509	0	-	TMEM185B	1050
chr2	120656189	120658210	ENSG00000226479[1,1,3]	0	-	120656686	120657736	0	1	2021,	0,	chr2	120656686	120657736	retro_human_7509	0	-	TMEM185B	1050
chr2	120656189	120657463	ENSG00000226479[2,1,3]	0	-	120656686	120657451	0	1	1274,	0,	chr2	120656686	120657736	retro_human_7509	0	-	TMEM185B	777
chr2	124199493	124200494	ENSG00000227738[1,1,1]	0	+	124199493	124199493	0	1	1001,	0,	chr2	124199543	124200444	retro_human_5329|PSMD14P1-201|processed_pseudogene	0	+	PSMD14P1	901
chr2	128281922	128282371	ENSG00000244563[1,1,1]	0	-	128281922	128281922	0	1	449,	0,	chr2	128281972	128282321	retro_human_10381|RPS26P19-201|processed_pseudogene	0	-	POLR2D	349
chr2	128954733	128955223	ENSG00000227653[1,1,1]	0	-	128954733	128954733	0	1	490,	0,	chr2	128954783	128955173	retro_human_8630|ISCA1P6-201|processed_pseudogene	0	-	ISCA1P6	390
chr2	130646715	130647436	ENSG00000230756[1,1,1]	0	-	130646715	130646715	0	1	721,	0,	chr2	130646765	130647386	retro_human_3188|RHOQP3-201|processed_pseudogene	0	-	RHOQP3	621
chr2	130663224	130665559	ENSG00000213225[1,1,1]	0	+	130663224	130663224	0	1	2335,	0,	chr2	130663274	130665509	retro_human_10407|NOC2LP1-202|transcribed_processed_pseudogene	0	+	NOC2LP1	2235
chr2	130663224	130665559	ENSG00000213225[1,1,1]	0	+	130663224	130663224	0	1	2335,	0,	chr2	130665250	130666002	NOC2LP1-201|transcribed_processed_pseudogene	0	+	NOC2LP1	309
chr2	130665200	130666052	ENSG00000213225[2,1,2]	0	+	130665200	130665200	0	1	852,	0,	chr2	130663274	130665509	retro_human_10407|NOC2LP1-202|transcribed_processed_pseudogene	0	+	NOC2LP1	309
chr2	130665200	130666052	ENSG00000213225[2,1,2]	0	+	130665200	130665200	0	1	852,	0,	chr2	130665250	130666002	NOC2LP1-201|transcribed_processed_pseudogene	0	+	NOC2LP1	752
chr2	130665378	130666052	ENSG00000213225[3,1,2]	0	+	130665378	130665378	0	1	674,	0,	chr2	130665250	130666002	NOC2LP1-201|transcribed_processed_pseudogene	0	+	NOC2LP1	624
chr2	130685413	130686505	ENSG00000236595[1,1,1]	0	+	130685413	130685413	0	1	1092,	0,	chr2	130685463	130686455	MED15P5-201|processed_pseudogene	0	+	MED15P5	992
chr2	131786859	131787985	ENSG00000224425[1,1,1]	0	-	131786859	131786859	0	1	1126,	0,	chr2	131786909	131787935	retro_human_3182|SSBP3P2-201|processed_pseudogene	0	-	PLEKHB2,SSBP3P2	1026
chr2	131858495	131859662	ENSG00000214077[1,1,1]	0	-	131858495	131858495	0	1	1167,	0,	chr2	131858545	131859612	retro_human_5102|GNAQP1-201|processed_pseudogene	0	-	GNAQP1	1067
chr2	131895715	131896394	ENSG00000232742[1,1,1]	0	+	131895715	131895715	0	1	679,	0,	chr2	131895765	131896344	retro_human_7483|RHOQP2-201|processed_pseudogene	0	+	RHOQP2	579
chr2	131927530	131956397	ENSG00000152117[1,11,2]	0	+	131927530	131927530	255	18	378,84,87,147,76,109,53,151,131,72,146,91,101,164,206,234,132,1527,	0,4447,6104,7441,7743,8199,8418,8595,13555,15780,22845,23557,24100,24970,25746,26293,26778,27340,	chr2	131927580	131955195	SMPD4BP-201|transcribed_processed_pseudogene	0	+	MSTRG.3221	27615
chr2	131927530	131956397	ENSG00000152117[1,11,2]	0	+	131927530	131927530	255	18	378,84,87,147,76,109,53,151,131,72,146,91,101,164,206,234,132,1527,	0,4447,6104,7441,7743,8199,8418,8595,13555,15780,22845,23557,24100,24970,25746,26293,26778,27340,	chr2	131927580	131956347	SMPD4BP-202|transcribed_processed_pseudogene	0	+	MSTRG.3221	28767
chr2	131927530	131956397	ENSG00000152117[1,11,2]	0	+	131927530	131927530	255	18	378,84,87,147,76,109,53,151,131,72,146,91,101,164,206,234,132,1527,	0,4447,6104,7441,7743,8199,8418,8595,13555,15780,22845,23557,24100,24970,25746,26293,26778,27340,	chr2	131927591	131956356	CHM13_T0127943|transcribed_processed_pseudogene	0	+	MSTRG.3221	28765
chr2	131927530	131956397	ENSG00000152117[1,10,2]	0	+	131927530	131927530	255	17	378,84,87,143,76,109,53,151,131,72,91,101,164,206,234,132,1527,	0,4447,6104,7441,7743,8199,8418,8595,13555,15780,23557,24100,24970,25746,26293,26778,27340,	chr2	131927580	131955195	SMPD4BP-201|transcribed_processed_pseudogene	0	+	MSTRG.3221	27615
chr2	131927530	131956397	ENSG00000152117[1,10,2]	0	+	131927530	131927530	255	17	378,84,87,143,76,109,53,151,131,72,91,101,164,206,234,132,1527,	0,4447,6104,7441,7743,8199,8418,8595,13555,15780,23557,24100,24970,25746,26293,26778,27340,	chr2	131927580	131956347	SMPD4BP-202|transcribed_processed_pseudogene	0	+	MSTRG.3221	28767
chr2	131927530	131956397	ENSG00000152117[1,10,2]	0	+	131927530	131927530	255	17	378,84,87,143,76,109,53,151,131,72,91,101,164,206,234,132,1527,	0,4447,6104,7441,7743,8199,8418,8595,13555,15780,23557,24100,24970,25746,26293,26778,27340,	chr2	131927591	131956356	CHM13_T0127943|transcribed_processed_pseudogene	0	+	MSTRG.3221	28765
chr2	131927530	131956397	ENSG00000152117[1,9,2]	0	+	131927530	131927530	255	17	378,84,87,143,76,109,53,151,131,72,146,91,101,164,781,132,1527,	0,4447,6104,7441,7743,8199,8418,8595,13555,15780,22845,23557,24100,24970,25746,26778,27340,	chr2	131927580	131955195	SMPD4BP-201|transcribed_processed_pseudogene	0	+	MSTRG.3221	27615
chr2	131927530	131956397	ENSG00000152117[1,9,2]	0	+	131927530	131927530	255	17	378,84,87,143,76,109,53,151,131,72,146,91,101,164,781,132,1527,	0,4447,6104,7441,7743,8199,8418,8595,13555,15780,22845,23557,24100,24970,25746,26778,27340,	chr2	131927580	131956347	SMPD4BP-202|transcribed_processed_pseudogene	0	+	MSTRG.3221	28767
chr2	131927530	131956397	ENSG00000152117[1,9,2]	0	+	131927530	131927530	255	17	378,84,87,143,76,109,53,151,131,72,146,91,101,164,781,132,1527,	0,4447,6104,7441,7743,8199,8418,8595,13555,15780,22845,23557,24100,24970,25746,26778,27340,	chr2	131927591	131956356	CHM13_T0127943|transcribed_processed_pseudogene	0	+	MSTRG.3221	28765
chr2	131927530	131956397	ENSG00000152117[1,8,2]	0	+	131927530	131927530	255	19	378,84,87,143,76,109,53,151,238,131,72,146,91,101,164,206,234,132,1527,	0,4447,6104,7441,7743,8199,8418,8595,9692,13555,15780,22845,23557,24100,24970,25746,26293,26778,27340,	chr2	131927580	131955195	SMPD4BP-201|transcribed_processed_pseudogene	0	+	MSTRG.3221	27615
chr2	131927530	131956397	ENSG00000152117[1,8,2]	0	+	131927530	131927530	255	19	378,84,87,143,76,109,53,151,238,131,72,146,91,101,164,206,234,132,1527,	0,4447,6104,7441,7743,8199,8418,8595,9692,13555,15780,22845,23557,24100,24970,25746,26293,26778,27340,	chr2	131927580	131956347	SMPD4BP-202|transcribed_processed_pseudogene	0	+	MSTRG.3221	28767
chr2	131927530	131956397	ENSG00000152117[1,8,2]	0	+	131927530	131927530	255	19	378,84,87,143,76,109,53,151,238,131,72,146,91,101,164,206,234,132,1527,	0,4447,6104,7441,7743,8199,8418,8595,9692,13555,15780,22845,23557,24100,24970,25746,26293,26778,27340,	chr2	131927591	131956356	CHM13_T0127943|transcribed_processed_pseudogene	0	+	MSTRG.3221	28765
chr2	131927530	131956397	ENSG00000152117[1,2,2]	0	+	131927530	131927530	0	18	378,84,87,143,76,109,53,151,131,72,146,91,101,164,206,234,132,1527,	0,4447,6104,7441,7743,8199,8418,8595,13555,15780,22845,23557,24100,24970,25746,26293,26778,27340,	chr2	131927580	131955195	SMPD4BP-201|transcribed_processed_pseudogene	0	+	MSTRG.3221	27615
chr2	131927530	131956397	ENSG00000152117[1,2,2]	0	+	131927530	131927530	0	18	378,84,87,143,76,109,53,151,131,72,146,91,101,164,206,234,132,1527,	0,4447,6104,7441,7743,8199,8418,8595,13555,15780,22845,23557,24100,24970,25746,26293,26778,27340,	chr2	131927580	131956347	SMPD4BP-202|transcribed_processed_pseudogene	0	+	MSTRG.3221	28767
chr2	131927530	131956397	ENSG00000152117[1,2,2]	0	+	131927530	131927530	0	18	378,84,87,143,76,109,53,151,131,72,146,91,101,164,206,234,132,1527,	0,4447,6104,7441,7743,8199,8418,8595,13555,15780,22845,23557,24100,24970,25746,26293,26778,27340,	chr2	131927591	131956356	CHM13_T0127943|transcribed_processed_pseudogene	0	+	MSTRG.3221	28765
chr2	131927779	131956397	ENSG00000152117[2,11,2]	0	+	131927779	131927779	255	18	129,84,87,147,76,109,53,151,131,72,146,91,101,164,206,234,132,1527,	0,4198,5855,7192,7494,7950,8169,8346,13306,15531,22596,23308,23851,24721,25497,26044,26529,27091,	chr2	131927580	131955195	SMPD4BP-201|transcribed_processed_pseudogene	0	+	MSTRG.3221	27416
chr2	131927779	131956397	ENSG00000152117[2,11,2]	0	+	131927779	131927779	255	18	129,84,87,147,76,109,53,151,131,72,146,91,101,164,206,234,132,1527,	0,4198,5855,7192,7494,7950,8169,8346,13306,15531,22596,23308,23851,24721,25497,26044,26529,27091,	chr2	131927580	131956347	SMPD4BP-202|transcribed_processed_pseudogene	0	+	MSTRG.3221	28568
chr2	131927779	131956397	ENSG00000152117[2,11,2]	0	+	131927779	131927779	255	18	129,84,87,147,76,109,53,151,131,72,146,91,101,164,206,234,132,1527,	0,4198,5855,7192,7494,7950,8169,8346,13306,15531,22596,23308,23851,24721,25497,26044,26529,27091,	chr2	131927591	131956356	CHM13_T0127943|transcribed_processed_pseudogene	0	+	MSTRG.3221	28577
chr2	131927779	131956397	ENSG00000152117[2,10,2]	0	+	131927779	131927779	255	17	129,84,87,143,76,109,53,151,131,72,91,101,164,206,234,132,1527,	0,4198,5855,7192,7494,7950,8169,8346,13306,15531,23308,23851,24721,25497,26044,26529,27091,	chr2	131927580	131955195	SMPD4BP-201|transcribed_processed_pseudogene	0	+	MSTRG.3221	27416
chr2	131927779	131956397	ENSG00000152117[2,10,2]	0	+	131927779	131927779	255	17	129,84,87,143,76,109,53,151,131,72,91,101,164,206,234,132,1527,	0,4198,5855,7192,7494,7950,8169,8346,13306,15531,23308,23851,24721,25497,26044,26529,27091,	chr2	131927580	131956347	SMPD4BP-202|transcribed_processed_pseudogene	0	+	MSTRG.3221	28568
chr2	131927779	131956397	ENSG00000152117[2,10,2]	0	+	131927779	131927779	255	17	129,84,87,143,76,109,53,151,131,72,91,101,164,206,234,132,1527,	0,4198,5855,7192,7494,7950,8169,8346,13306,15531,23308,23851,24721,25497,26044,26529,27091,	chr2	131927591	131956356	CHM13_T0127943|transcribed_processed_pseudogene	0	+	MSTRG.3221	28577
chr2	131927779	131956397	ENSG00000152117[2,9,2]	0	+	131927779	131927779	255	17	129,84,87,143,76,109,53,151,131,72,146,91,101,164,781,132,1527,	0,4198,5855,7192,7494,7950,8169,8346,13306,15531,22596,23308,23851,24721,25497,26529,27091,	chr2	131927580	131955195	SMPD4BP-201|transcribed_processed_pseudogene	0	+	MSTRG.3221	27416
chr2	131927779	131956397	ENSG00000152117[2,9,2]	0	+	131927779	131927779	255	17	129,84,87,143,76,109,53,151,131,72,146,91,101,164,781,132,1527,	0,4198,5855,7192,7494,7950,8169,8346,13306,15531,22596,23308,23851,24721,25497,26529,27091,	chr2	131927580	131956347	SMPD4BP-202|transcribed_processed_pseudogene	0	+	MSTRG.3221	28568
chr2	131927779	131956397	ENSG00000152117[2,9,2]	0	+	131927779	131927779	255	17	129,84,87,143,76,109,53,151,131,72,146,91,101,164,781,132,1527,	0,4198,5855,7192,7494,7950,8169,8346,13306,15531,22596,23308,23851,24721,25497,26529,27091,	chr2	131927591	131956356	CHM13_T0127943|transcribed_processed_pseudogene	0	+	MSTRG.3221	28577
chr2	131927779	131956397	ENSG00000152117[2,8,2]	0	+	131927779	131927779	255	19	129,84,87,143,76,109,53,151,238,131,72,146,91,101,164,206,234,132,1527,	0,4198,5855,7192,7494,7950,8169,8346,9443,13306,15531,22596,23308,23851,24721,25497,26044,26529,27091,	chr2	131927580	131955195	SMPD4BP-201|transcribed_processed_pseudogene	0	+	MSTRG.3221	27416
chr2	131927779	131956397	ENSG00000152117[2,8,2]	0	+	131927779	131927779	255	19	129,84,87,143,76,109,53,151,238,131,72,146,91,101,164,206,234,132,1527,	0,4198,5855,7192,7494,7950,8169,8346,9443,13306,15531,22596,23308,23851,24721,25497,26044,26529,27091,	chr2	131927580	131956347	SMPD4BP-202|transcribed_processed_pseudogene	0	+	MSTRG.3221	28568
chr2	131927779	131956397	ENSG00000152117[2,8,2]	0	+	131927779	131927779	255	19	129,84,87,143,76,109,53,151,238,131,72,146,91,101,164,206,234,132,1527,	0,4198,5855,7192,7494,7950,8169,8346,9443,13306,15531,22596,23308,23851,24721,25497,26044,26529,27091,	chr2	131927591	131956356	CHM13_T0127943|transcribed_processed_pseudogene	0	+	MSTRG.3221	28577
chr2	131927779	131956397	ENSG00000152117[2,12,2]	0	+	131927779	131927779	255	17	129,84,87,147,76,109,53,151,131,72,146,91,101,164,781,132,1527,	0,4198,5855,7192,7494,7950,8169,8346,13306,15531,22596,23308,23851,24721,25497,26529,27091,	chr2	131927580	131955195	SMPD4BP-201|transcribed_processed_pseudogene	0	+	MSTRG.3221	27416
chr2	131927779	131956397	ENSG00000152117[2,12,2]	0	+	131927779	131927779	255	17	129,84,87,147,76,109,53,151,131,72,146,91,101,164,781,132,1527,	0,4198,5855,7192,7494,7950,8169,8346,13306,15531,22596,23308,23851,24721,25497,26529,27091,	chr2	131927580	131956347	SMPD4BP-202|transcribed_processed_pseudogene	0	+	MSTRG.3221	28568
chr2	131927779	131956397	ENSG00000152117[2,12,2]	0	+	131927779	131927779	255	17	129,84,87,147,76,109,53,151,131,72,146,91,101,164,781,132,1527,	0,4198,5855,7192,7494,7950,8169,8346,13306,15531,22596,23308,23851,24721,25497,26529,27091,	chr2	131927591	131956356	CHM13_T0127943|transcribed_processed_pseudogene	0	+	MSTRG.3221	28577
chr2	131927779	131956397	ENSG00000152117[2,2,2]	0	+	131927779	131927779	0	18	129,84,87,143,76,109,53,151,131,72,146,91,101,164,206,234,132,1527,	0,4198,5855,7192,7494,7950,8169,8346,13306,15531,22596,23308,23851,24721,25497,26044,26529,27091,	chr2	131927580	131955195	SMPD4BP-201|transcribed_processed_pseudogene	0	+	MSTRG.3221	27416
chr2	131927779	131956397	ENSG00000152117[2,2,2]	0	+	131927779	131927779	0	18	129,84,87,143,76,109,53,151,131,72,146,91,101,164,206,234,132,1527,	0,4198,5855,7192,7494,7950,8169,8346,13306,15531,22596,23308,23851,24721,25497,26044,26529,27091,	chr2	131927580	131956347	SMPD4BP-202|transcribed_processed_pseudogene	0	+	MSTRG.3221	28568
chr2	131927779	131956397	ENSG00000152117[2,2,2]	0	+	131927779	131927779	0	18	129,84,87,143,76,109,53,151,131,72,146,91,101,164,206,234,132,1527,	0,4198,5855,7192,7494,7950,8169,8346,13306,15531,22596,23308,23851,24721,25497,26044,26529,27091,	chr2	131927591	131956356	CHM13_T0127943|transcribed_processed_pseudogene	0	+	MSTRG.3221	28577
chr2	131927779	131956397	ENSG00000152117[2,1,2]	0	+	131927779	131927779	0	19	129,84,87,143,76,109,53,151,131,72,146,91,101,164,206,234,132,129,1527,	0,4198,5855,7192,7494,7950,8169,8346,13306,15531,22596,23308,23851,24721,25497,26044,26529,26808,27091,	chr2	131927580	131955195	SMPD4BP-201|transcribed_processed_pseudogene	0	+	MSTRG.3221	27416
chr2	131927779	131956397	ENSG00000152117[2,1,2]	0	+	131927779	131927779	0	19	129,84,87,143,76,109,53,151,131,72,146,91,101,164,206,234,132,129,1527,	0,4198,5855,7192,7494,7950,8169,8346,13306,15531,22596,23308,23851,24721,25497,26044,26529,26808,27091,	chr2	131927580	131956347	SMPD4BP-202|transcribed_processed_pseudogene	0	+	MSTRG.3221	28568
chr2	131927779	131956397	ENSG00000152117[2,1,2]	0	+	131927779	131927779	0	19	129,84,87,143,76,109,53,151,131,72,146,91,101,164,206,234,132,129,1527,	0,4198,5855,7192,7494,7950,8169,8346,13306,15531,22596,23308,23851,24721,25497,26044,26529,26808,27091,	chr2	131927591	131956356	CHM13_T0127943|transcribed_processed_pseudogene	0	+	MSTRG.3221	28577
chr2	131953277	131956397	ENSG00000152117[4,15,2]	0	+	131953277	131953277	255	3	780,132,1527,	0,1031,1593,	chr2	131927580	131956347	SMPD4BP-202|transcribed_processed_pseudogene	0	+	MSTRG.3221	3070
chr2	131953277	131956397	ENSG00000152117[4,15,2]	0	+	131953277	131953277	255	3	780,132,1527,	0,1031,1593,	chr2	131927591	131956356	CHM13_T0127943|transcribed_processed_pseudogene	0	+	MSTRG.3221	3079
chr2	131953277	131956397	ENSG00000152117[4,14,2]	0	+	131953277	131953277	255	4	205,234,132,1527,	0,546,1031,1593,	chr2	131927580	131956347	SMPD4BP-202|transcribed_processed_pseudogene	0	+	MSTRG.3221	3070
chr2	131953277	131956397	ENSG00000152117[4,14,2]	0	+	131953277	131953277	255	4	205,234,132,1527,	0,546,1031,1593,	chr2	131927591	131956356	CHM13_T0127943|transcribed_processed_pseudogene	0	+	MSTRG.3221	3079
chr2	132157812	132158938	ENSG00000213222[1,1,1]	0	-	132157812	132157812	0	1	1126,	0,	chr2	132157862	132158888	retro_human_5084|TOMM40P4-201|processed_pseudogene	0	-	LOC128966745,NBEAP2	1026
chr2	132789016	132789713	ENSG00000230992[1,1,1]	0	+	132789016	132789016	0	1	697,	0,	chr2	132789066	132789663	FAM201B-201|processed_pseudogene	0	+	FAM201B	597
chr2	135951018	135952516	ENSG00000235651[1,1,1]	0	-	135952070	135952382	0	1	1498,	0,	chr2	135951068	135952466	retro_human_3599|G3BP1P1-201|processed_pseudogene	0	-	G3BP1P1	1398
chr2	138724226	138724963	ENSG00000233045[1,1,1]	0	+	138724226	138724226	0	1	737,	0,	chr2	138724276	138724913	retro_human_2117|RPL15P5-201|processed_pseudogene	0	+	RPL15P5	637
chr2	143302376	143304380	ENSG00000229781[1,1,1]	0	+	143302376	143302376	0	1	2004,	0,	chr2	143302426	143304330	retro_human_6118|RRN3P4-201|processed_pseudogene	0	+	RRN3P4	1904
chr2	148746006	148747130	ENSG00000224007[1,1,1]	0	-	148746006	148746006	0	1	1124,	0,	chr2	148746056	148747080	retro_human_11012|USP12P2-201|processed_pseudogene	0	-	USP12P2	1024
chr2	149320335	149320792	ENSG00000228848[1,1,1]	0	-	149320335	149320335	0	1	457,	0,	chr2	149320384	149320742	retro_human_1324|RPS20P13-201|processed_pseudogene	0	-	RPS20P13	358
chr2	152841983	152842777	ENSG00000213197[1,1,1]	0	+	152842327	152842729	0	1	794,	0,	chr2	152842033	152842727	retro_human_11207|NUDCP1-201|processed_pseudogene	0	+	NUDCP1	694
chr2	157832814	157833605	ENSG00000230562[1,1,1]	0	-	157832814	157832814	0	1	791,	0,	chr2	157832864	157833555	FAM133DP-201|processed_pseudogene	0	-	FAM133DP	691
chr2	159465959	159466405	ENSG00000213189[1,1,1]	0	+	159466054	159466354	0	1	446,	0,	chr2	159466009	159466355	retro_human_995|BTF3L4P2-201|processed_pseudogene	0	+	BTF3L4P2	346
chr2	159919580	159920520	ENSG00000225369[1,1,1]	0	-	159919631	159920039	0	1	940,	0,	chr2	159919630	159920470	retro_human_7306|CAPZA1P2-201|processed_pseudogene	0	-	BAZ2B,CAPZA1P2	840
chr2	161799051	161799662	ENSG00000232320[1,1,1]	0	-	161799051	161799051	0	1	611,	0,	chr2	161799101	161799612	retro_human_7302|MXRA7P1-201|processed_pseudogene	0	-	MXRA7P1	511
chr2	171228912	171229996	ENSG00000128692[1,1,1]	0	+	171228912	171228912	0	1	1084,	0,	chr2	171228962	171229946	retro_human_8010|EIF2S2P4-201|processed_pseudogene	0	+	EIF2S2P4	984
chr2	171229098	171229378	ENSG00000128692[2,1,2]	0	+	171229098	171229098	0	1	280,	0,	chr2	171228962	171229946	retro_human_8010|EIF2S2P4-201|processed_pseudogene	0	+	EIF2S2P4	280
chr2	171852031	171852479	ENSG00000224553[1,1,1]	0	-	171852132	171852429	0	1	448,	0,	chr2	171852081	171852429	retro_human_8426|RPS26P20-201|processed_pseudogene	0	-	RPS26P20	348
chr2	171994373	171994917	ENSG00000233762[1,1,1]	0	-	171994373	171994373	0	1	544,	0,	chr2	171994420	171994867	retro_human_8427|RPS15P4-201|processed_pseudogene	0	-	RPS15P4	447
chr2	174529314	174530287	ENSG00000235414[1,1,1]	0	+	174529314	174529314	0	1	973,	0,	chr2	174529364	174530237	retro_human_6919|RPSAP24-201|processed_pseudogene	0	+	RPSAP24	873
chr2	174990572	174991033	ENSG00000179997[1,1,1]	0	+	174990572	174990572	0	1	461,	0,	chr2	174990622	174990983	retro_human_8620|RPA3P1-201|processed_pseudogene	0	+	RPA3P1	361
chr2	175208555	175209590	ENSG00000235655[1,1,3]	0	+	175208555	175208555	0	1	1035,	0,	chr2	175208605	175209016	retro_human_8619|H3P6-201|processed_pseudogene	0	+	H3P6	411
chr2	175208555	175209430	ENSG00000235655[1,1,2]	0	+	175208555	175208555	0	1	875,	0,	chr2	175208605	175209016	retro_human_8619|H3P6-201|processed_pseudogene	0	+	H3P6	411
chr2	175208555	175209066	ENSG00000235655[1,1,1]	0	+	175208555	175208555	0	1	511,	0,	chr2	175208605	175209016	retro_human_8619|H3P6-201|processed_pseudogene	0	+	H3P6	411
chr2	175236257	175253227	ENSG00000138435[1,8,1]	0	-	175236842	175242984	0	8	714,240,224,238,196,45,146,171,	0,1038,2404,5960,6676,11784,11941,16799,	chr2	175238560	175242422	retro_human_2964	0	-	CHRNA1	3862
chr2	175236257	175253227	ENSG00000138435[1,2,1]	0	-	175236842	175253099	0	8	714,240,224,238,60,45,146,171,	0,1038,2404,5960,6676,11784,11941,16799,	chr2	175238560	175242422	retro_human_2964	0	-	CHRNA1	3862
chr2	175236257	175253227	ENSG00000138435[1,4,1]	0	-	175236842	175253099	0	8	714,224,238,196,110,45,146,171,	0,2404,5960,6676,10020,11784,11941,16799,	chr2	175238560	175242422	retro_human_2964	0	-	CHRNA1	3862
chr2	175236257	175253227	ENSG00000138435[1,1,1]	0	-	175236842	175253099	0	9	714,240,224,238,196,110,45,146,171,	0,1038,2404,5960,6676,10020,11784,11941,16799,	chr2	175238560	175242422	retro_human_2964	0	-	CHRNA1	3862
chr2	175236257	175253227	ENSG00000138435[1,5,1]	0	-	175236842	175253099	0	10	714,240,224,238,196,110,75,45,146,171,	0,1038,2404,5960,6676,10020,10400,11784,11941,16799,	chr2	175238560	175242422	retro_human_2964	0	-	CHRNA1	3862
chr2	176330901	176331417	ENSG00000223976[1,1,1]	0	+	176330901	176330901	0	1	516,	0,	chr2	176330951	176331367	EXTL2P1-201|processed_pseudogene	0	+	EXTL2P1	416
chr2	176595351	176597766	ENSG00000128713[1,1,2]	0	+	176595477	176597267	0	2	907,732,	0,1683,	chr2	176596992	176597249	retro_human_8625	0	+	HOXD10,HOXD11	257
chr2	176688989	176689434	ENSG00000218175[1,1,1]	0	-	176688989	176688989	0	1	445,	0,	chr2	176689039	176689384	retro_human_2966|AC016739.1-201|processed_pseudogene	0	-	RPLP1P4	345
chr2	178937458	178938271	ENSG00000238082[1,1,1]	0	+	178937975	178938107	0	1	813,	0,	chr2	178937508	178938221	retro_human_8631|NUDCP2-201|processed_pseudogene	0	+	NUDCP2	713
chr2	179026960	179032306	ENSG00000270277[2,2,2]	0	+	179026960	179026960	255	7	342,304,297,291,306,303,2106,	0,1223,1653,2045,2433,2836,3240,	chr2	179031111	179032676	retro_human_3641	0	-	TTN,AC009948.1	1195
chr2	179031627	179033525	ENSG00000270277[1,1,1]	0	+	179031627	179031627	0	1	1898,	0,	chr2	179031111	179032676	retro_human_3641	0	-	TTN,AC009948.1	1049
chr2	183276998	183277436	ENSG00000232430[1,1,1]	0	+	183277115	183277289	0	1	438,	0,	chr2	183277048	183277386	retro_human_2812|RPL31P15-201|processed_pseudogene	0	+	DNAJC10	338
chr2	184096092	184096870	ENSG00000177855[1,1,1]	0	-	184096092	184096092	0	1	778,	0,	chr2	184096142	184096820	retro_human_2591|CACYBPP2-201|processed_pseudogene	0	-	CACYBPP2	678
chr2	187904456	187904823	ENSG00000231739[1,1,1]	0	+	187904456	187904456	0	1	367,	0,	chr2	187904506	187904773	GAPDHP59-201|processed_pseudogene	0	+	GAPDHP59	267
chr2	190412654	190413636	ENSG00000204253[1,1,1]	0	+	190412654	190412654	0	1	982,	0,	chr2	190412704	190413586	retro_human_10600|HNRNPCP2-201|processed_pseudogene	0	+	HNRNPCP2	882
chr2	192369353	192370477	ENSG00000213946[1,1,1]	0	-	192369353	192369353	0	1	1124,	0,	chr2	192369403	192370427	retro_human_9234|DNAJB1P1-201|processed_pseudogene	0	-	DNAJB1P1	1024
chr2	193764985	193766032	ENSG00000235218[1,1,1]	0	-	193764985	193764985	0	1	1047,	0,	chr2	193765035	193765982	retro_human_9235|DNAJC17P1-201|processed_pseudogene	0	-	DNAJC17P1	947
chr2	197863329	197864613	ENSG00000213104[1,1,1]	0	-	197863329	197863329	0	2	667,298,	0,986,	chr2	197863379	197864563	retro_human_3752|NPM1P46-201|processed_pseudogene	0	-	NPM1P46	1184
chr2	200143255	200144525	ENSG00000213938[1,1,1]	0	+	200143255	200143255	0	1	1270,	0,	chr2	200143305	200144484	retro_human_2414|SEPHS1P6-201|processed_pseudogene	0	+	SEPHS1P6	1179
chr2	201546488	201547551	ENSG00000225695[1,1,1]	0	+	201546488	201546488	0	1	1063,	0,	chr2	201546538	201547501	retro_human_2415|HNRNPA1P35-201|processed_pseudogene	0	+	HNRNPA1P35	963
chr2	201584775	201586630	ENSG00000232719[1,1,1]	0	+	201584775	201584775	0	2	554,815,	0,1040,	chr2	201585532	201586401	retro_human_708|RPL17P10-201|processed_pseudogene	0	-	RPL17P10,AC007272.1	869
chr2	201599798	201623369	ENSG00000003402[3,3,3]	0	+	201613307	201619866	0	5	125,418,106,136,3730,	0,13372,16672,19615,19841,	chr2	201620957	201623469	retro_human_705|IMPDH1P10-201|processed_pseudogene	0	-	CFLAR,IMPDH1P10	2412
chr2	201601142	201625095	ENSG00000003402[13,32,5]	0	+	201613307	201624873	255	6	1201,418,106,136,83,279,	0,12028,15328,18271,22657,23674,	chr2	201620957	201623469	retro_human_705|IMPDH1P10-201|processed_pseudogene	0	-	CFLAR,IMPDH1P10	2512
chr2	201601882	201625095	ENSG00000003402[2,31,5]	0	+	201613307	201623915	255	5	461,418,106,136,1296,	0,11288,14588,17531,21917,	chr2	201620957	201623469	retro_human_705|IMPDH1P10-201|processed_pseudogene	0	-	CFLAR,IMPDH1P10	2512
chr2	201601882	201625095	ENSG00000003402[2,32,5]	0	+	201613307	201624873	255	6	461,418,106,136,83,279,	0,11288,14588,17531,21917,22934,	chr2	201620957	201623469	retro_human_705|IMPDH1P10-201|processed_pseudogene	0	-	CFLAR,IMPDH1P10	2512
chr2	201605868	201625095	ENSG00000003402[9,34,5]	0	+	201613307	201624873	255	6	321,418,106,136,83,279,	0,7302,10602,13545,17931,18948,	chr2	201620957	201623469	retro_human_705|IMPDH1P10-201|processed_pseudogene	0	-	CFLAR,IMPDH1P10	2512
chr2	201612720	201625095	ENSG00000003402[10,35,5]	0	+	201613307	201623915	255	5	242,418,106,136,1296,	0,450,3750,6693,11079,	chr2	201620957	201623469	retro_human_705|IMPDH1P10-201|processed_pseudogene	0	-	CFLAR,IMPDH1P10	2512
chr2	201612720	201625095	ENSG00000003402[10,36,5]	0	+	201613307	201624873	255	6	242,418,106,136,83,279,	0,450,3750,6693,11079,12096,	chr2	201620957	201623469	retro_human_705|IMPDH1P10-201|processed_pseudogene	0	-	CFLAR,IMPDH1P10	2512
chr2	201612720	201625095	ENSG00000003402[10,19,5]	0	+	201613307	201623915	0	4	868,106,136,1296,	0,3750,6693,11079,	chr2	201620957	201623469	retro_human_705|IMPDH1P10-201|processed_pseudogene	0	-	CFLAR,IMPDH1P10	2512
chr2	201612720	201625095	ENSG00000003402[10,8,5]	0	+	201613307	201624873	0	5	868,106,136,83,279,	0,3750,6693,11079,12096,	chr2	201620957	201623469	retro_human_705|IMPDH1P10-201|processed_pseudogene	0	-	CFLAR,IMPDH1P10	2512
chr2	201612894	201625095	ENSG00000003402[4,8,5]	0	+	201613307	201624873	0	5	694,106,136,83,279,	0,3576,6519,10905,11922,	chr2	201620957	201623469	retro_human_705|IMPDH1P10-201|processed_pseudogene	0	-	CFLAR,IMPDH1P10	2512
chr2	201613257	201624228	ENSG00000003402[5,19,4]	0	+	201613307	201623915	0	4	331,106,136,429,	0,3213,6156,10542,	chr2	201620957	201623469	retro_human_705|IMPDH1P10-201|processed_pseudogene	0	-	CFLAR,IMPDH1P10	2512
chr2	201616170	201624228	ENSG00000003402[6,10,4]	0	+	201616477	201623915	0	4	122,106,136,429,	0,300,3243,7629,	chr2	201620957	201623469	retro_human_705|IMPDH1P10-201|processed_pseudogene	0	-	CFLAR,IMPDH1P10	2512
chr2	201616170	201624900	ENSG00000003402[6,21,13]	0	+	201616477	201624873	0	4	406,136,83,84,	0,3243,7629,8646,	chr2	201620957	201623469	retro_human_705|IMPDH1P10-201|processed_pseudogene	0	-	CFLAR,IMPDH1P10	2512
chr2	201645879	201646176	ENSG00000235579[1,1,1]	0	-	201645879	201645879	0	1	297,	0,	chr2	201645929	201646126	RPL38P5-201|processed_pseudogene	0	-	RPL38P5,CFLAR	197
chr2	201891174	201894038	ENSG00000213090[1,1,1]	0	-	201891934	201892555	0	1	2864,	0,	chr2	201891224	201893988	SCYL2P1-201|processed_pseudogene	0	-	SCYL2P1	2764
chr2	202100786	202107026	ENSG00000155755[4,4,1]	0	-	202104910	202106847	0	2	4189,348,	0,5892,	chr2	202102298	202104083	retro_human_3760|ENO1P4-201|processed_pseudogene	0	-	TMEM237,ENO1P4	1785
chr2	202102248	202104133	ENSG00000241790[1,1,1]	0	-	202103595	202103919	0	1	1885,	0,	chr2	202102298	202104083	retro_human_3760|ENO1P4-201|processed_pseudogene	0	-	TMEM237,ENO1P4	1785
chr2	202712683	202712937	ENSG00000224463[1,1,1]	0	+	202712683	202712683	0	1	254,	0,	chr2	202712733	202712887	retro_human_7882|RPL39P14-201|processed_pseudogene	0	+	SUMO1,RPL39P14	154
chr2	202986025	202986457	ENSG00000270915[1,1,1]	0	-	202986025	202986025	0	1	432,	0,	chr2	202986075	202986407	retro_human_10294|H3P8-201|processed_pseudogene	0	-	H3P8	332
chr2	203321747	203323298	ENSG00000233579[1,1,1]	0	-	203322293	203322833	0	1	1551,	0,	chr2	203321797	203323248	retro_human_10300|KRT8P15-201|processed_pseudogene	0	-	KRT8P15	1451
chr2	203406009	203407405	ENSG00000232479[1,1,1]	0	+	203406150	203406630	0	1	1396,	0,	chr2	203406059	203407355	retro_human_7884|KRT8P52-201|processed_pseudogene	0	+	WDR12	1296
chr2	203672220	203672818	ENSG00000204196[1,1,1]	0	+	203672270	203672765	0	1	598,	0,	chr2	203672270	203672768	retro_human_7880|RPL12P16-201|processed_pseudogene	0	+	NBEAL1,RPL12P16	498
chr2	203672622	203672818	ENSG00000204196[2,1,1]	0	+	203672694	203672808	0	1	196,	0,	chr2	203672270	203672768	retro_human_7880|RPL12P16-201|processed_pseudogene	0	+	NBEAL1,RPL12P16	146
chr2	206597404	206599615	ENSG00000237580[4,1,2]	0	-	206597454	206597658	0	1	2211,	0,	chr2	206598002	206598393	retro_human_4367|GCSHP3-201|processed_pseudogene	0	-	AC007383.2,GCSHP3,NDUFS1	391
chr2	206597404	206599208	ENSG00000237580[3,1,2]	0	-	206597454	206597658	0	1	1804,	0,	chr2	206598002	206598393	retro_human_4367|GCSHP3-201|processed_pseudogene	0	-	AC007383.2,GCSHP3,NDUFS1	391
chr2	206597404	206598786	ENSG00000237580[2,1,2]	0	-	206597454	206597658	0	1	1382,	0,	chr2	206598002	206598393	retro_human_4367|GCSHP3-201|processed_pseudogene	0	-	AC007383.2,GCSHP3,NDUFS1	391
chr2	206597952	206598443	ENSG00000237580[1,1,1]	0	-	206598270	206598393	0	1	491,	0,	chr2	206598002	206598393	retro_human_4367|GCSHP3-201|processed_pseudogene	0	-	AC007383.2,GCSHP3,NDUFS1	391
chr2	208156039	208156583	ENSG00000213082[1,1,1]	0	+	208156039	208156039	0	1	544,	0,	chr2	208156089	208156533	retro_human_2060|PPP1R14BP2-201|processed_pseudogene	0	+	PPP1R14BP2	444
chr2	208228035	208243823	ENSG00000163251[2,2,2]	0	-	208229389	208234778	255	3	1547,75,349,	0,6732,15439,	chr2	208241273	208242853	retro_human_4372	0	-	FZD5	1580
chr2	208236759	208243823	ENSG00000163251[2,1,1]	0	-	208241194	208242949	0	2	6445,349,	0,6715,	chr2	208241273	208242853	retro_human_4372	0	-	FZD5	1580
chr2	208240282	208243823	ENSG00000163251[2,1,3]	0	-	208241194	208242949	0	2	2922,349,	0,3192,	chr2	208241273	208242853	retro_human_4372	0	-	FZD5	1580
chr2	208240723	208243823	ENSG00000163251[2,1,4]	0	-	208241194	208242949	0	2	2481,349,	0,2751,	chr2	208241273	208242853	retro_human_4372	0	-	FZD5	1580
chr2	208840390	208841229	ENSG00000213081[1,1,1]	0	-	208840390	208840390	0	1	839,	0,	chr2	208840440	208841179	retro_human_7972|ARPC1BP1-201|processed_pseudogene	0	-	ARPC1BP1	739
chr2	210288862	210289766	ENSG00000237194[1,1,1]	0	+	210288939	210289713	0	1	904,	0,	chr2	210288939	210289716	retro_human_7529|SNAI1P1-201|processed_pseudogene	0	+	SNAI1P1	777
chr2	215332000	215332418	ENSG00000230076[1,1,1]	0	+	215332000	215332000	0	1	418,	0,	chr2	215332050	215332368	retro_human_7526|RPL10P6-201|processed_pseudogene	0	+	RPL10P6	318
chr2	216660258	216661495	ENSG00000236478[1,1,1]	0	-	216660258	216660258	0	1	1237,	0,	chr2	216660308	216661445	retro_human_4316|AC012513.2-201|processed_pseudogene	0	-	LOC100421349	1137
chr2	217092687	217093407	ENSG00000235444[1,1,1]	0	-	217092687	217092687	0	1	720,	0,	chr2	217092739	217093357	retro_human_4796|PSMB3P2-201|processed_pseudogene	0	-	AC073321.1,PSMB3P2	618
chr2	218243811	218244656	ENSG00000231035[1,1,1]	0	-	218243811	218243811	0	1	845,	0,	chr2	218243861	218244606	retro_human_905|RPL7L1P9-201|processed_pseudogene	0	-	RPL7L1P9	745
chr2	219441723	219442473	ENSG00000224928[1,1,1]	0	-	219441723	219441723	0	1	750,	0,	chr2	219441773	219442423	retro_human_56|KRT8P30-201|processed_pseudogene	0	-	KRT8P30	650
chr2	219470282	219472900	ENSG00000163497[2,2,2]	0	-	219472706	219472862	0	2	349,295,	0,2323,	chr2	219470381	219470707	retro_human_896	0	-	FEV	326
chr2	222429295	222429785	ENSG00000233868[1,1,1]	0	+	222429295	222429295	0	1	490,	0,	chr2	222429345	222429735	retro_human_1689|LLPHP3-201|processed_pseudogene	0	+	LLPHP3	390
chr2	223211513	223211993	ENSG00000235225[1,1,1]	0	+	223211513	223211513	0	1	480,	0,	chr2	223211563	223211941	retro_human_7149|RPL31P17-201|processed_pseudogene	0	+	RPL31P17	378
chr2	223387677	223388193	ENSG00000224121[1,1,1]	0	-	223387677	223387677	0	1	516,	0,	chr2	223387727	223388143	retro_human_10993|ATG12P2-201|processed_pseudogene	0	-	ATG12P2	416
chr2	223428655	223429217	ENSG00000278083[1,1,1]	0	-	223428655	223428655	0	1	562,	0,	chr2	223428708	223429167	AC013476.1-201|processed_pseudogene	0	-	LOC100419511	459
chr2	224981579	224982393	ENSG00000228446[1,1,1]	0	-	224981579	224981579	0	1	814,	0,	chr2	224981629	224982343	ANKRD49P1-201|processed_pseudogene	0	-	ANKRD49P1	714
chr2	228284197	228287149	ENSG00000229172[1,1,1]	0	+	228284197	228284197	0	1	2952,	0,	chr2	228284247	228287099	retro_human_7143|AC073065.1-201|processed_pseudogene	0	+	LOC100533842	2852
chr2	230998032	230998748	ENSG00000250011[1,1,1]	0	+	230998118	230998697	0	1	716,	0,	chr2	230998082	230998698	retro_human_696|HMGB1P3-201|processed_pseudogene	0	+	SP100,HMGB1P3	616
chr2	231208179	231208540	ENSG00000237758[1,1,1]	0	-	231208179	231208179	0	1	361,	0,	chr2	231208229	231208490	retro_human_3195|BANF1P3-201|processed_pseudogene	0	-	BANF1P3	261
chr2	231440958	231441416	ENSG00000235013[1,1,1]	0	+	231440958	231440958	0	1	458,	0,	chr2	231441008	231441366	retro_human_697|COX20P2-201|processed_pseudogene	0	+	COX20P2	358
chr2	231592685	231609598	ENSG00000135914[1,3,1]	0	-	231593025	231598430	255	3	1230,201,121,	0,5549,16792,	chr2	231593278	231598433	retro_human_3178	0	-	HTR2B	5155
chr2	231592685	231609598	ENSG00000135914[1,4,1]	0	-	231593025	231609507	255	4	1230,201,247,121,	0,5549,15233,16792,	chr2	231593278	231598433	retro_human_3178	0	-	HTR2B	5155
chr2	231592685	231609598	ENSG00000135914[1,5,1]	0	-	231593025	231608144	255	4	1230,201,335,121,	0,5549,15233,16792,	chr2	231593278	231598433	retro_human_3178	0	-	HTR2B	5155
chr2	231592685	231608098	ENSG00000135914[2,2,1]	0	-	231593025	231608084	255	3	1230,201,180,	0,5549,15233,	chr2	231593278	231598433	retro_human_3178	0	-	HTR2B	5155
chr2	231592685	231609598	ENSG00000135914[1,1,1]	0	-	231593025	231608270	0	4	1230,201,718,121,	0,5549,15233,16792,	chr2	231593278	231598433	retro_human_3178	0	-	HTR2B	5155
chr2	231740540	231740850	ENSG00000237039[1,1,1]	0	+	231740590	231740797	0	1	310,	0,	chr2	231740590	231740800	retro_human_4296|RPS28P4-201|processed_pseudogene	0	+	RPS28P4	210
chr2	231918312	231918916	ENSG00000172799[1,1,1]	0	-	231918312	231918312	0	1	604,	0,	chr2	231918362	231918866	retro_human_3177|ZBTB8OSP2-201|processed_pseudogene	0	-	ZBTB8OSP2	504
chr2	232007575	232014934	ENSG00000171596[1,1,1]	0	-	232009484	232014800	0	3	2289,895,137,	0,4986,7222,	chr2	232009650	232013354	retro_human_3179	0	-	NMUR1	3704
chr2	232008511	232014934	ENSG00000171596[1,1,2]	0	-	232009484	232014800	0	3	1353,895,137,	0,4050,6286,	chr2	232009650	232013354	retro_human_3179	0	-	NMUR1	3704
chr2	232274001	232274508	ENSG00000237641[1,1,1]	0	-	232274001	232274001	0	1	507,	0,	chr2	232274051	232274458	retro_human_9880|RPL28P2-201|processed_pseudogene	0	-	COPS7B	407
chr2	232294366	232296973	ENSG00000261096[1,1,1]	0	+	232294366	232294366	0	1	2607,	0,	chr2	232294918	232295415	retro_human_9879|AC073476.1-201|processed_pseudogene	0	-	AC073476.2,GAMTP1	497
chr2	232829770	232830658	ENSG00000251485[1,1,1]	0	+	232830004	232830277	0	1	888,	0,	chr2	232829820	232830608	retro_human_703|NRBF2P6-201|processed_pseudogene	0	+	DIS3L2,NRBF2P6	788
chr2	234210120	234210764	ENSG00000233445[1,1,1]	0	-	234210120	234210120	0	1	644,	0,	chr2	234210170	234210714	retro_human_3969|RPL17P11-201|processed_pseudogene	0	-	RPL17P11,UGT1A	544
chr2	234354189	234357298	ENSG00000224287[2,2,1]	0	-	234354189	234354189	0	2	1964,168,	0,2941,	chr2	234354239	234357248	retro_human_3971|MSL3P1-201|transcribed_processed_pseudogene	0	-	MSL3P1,AC005538.2	3009
chr2	234354189	234357298	ENSG00000224287[2,2,1]	0	-	234354189	234354189	0	2	1964,168,	0,2941,	chr2	234354931	234357034	MSL3P1-202|transcribed_processed_pseudogene	0	-	MSL3P1,AC005538.2	2103
chr2	236372135	236372367	ENSG00000228499[1,1,1]	0	-	236372135	236372135	0	1	232,	0,	chr2	236372185	236372317	retro_human_2051|TMSB10P1-201|processed_pseudogene	0	-	TMSB10P1	132
chr2	237862595	237905407	ENSG00000163359[1,4,3]	0	-	237862716	237887842	0	8	771,609,573,600,585,603,121,426,	0,2845,5205,7069,9348,16015,25156,42386,	chr2	237865574	237870247	retro_human_580	0	-	COL6A3,MSTRG.3413	4673
chr2	237862595	237905407	ENSG00000163359[1,3,3]	0	-	237862716	237887842	0	7	771,609,573,600,585,121,426,	0,2845,5205,7069,9348,25156,42386,	chr2	237865574	237870247	retro_human_580	0	-	COL6A3,MSTRG.3413	4673
chr2	241054033	241058094	ENSG00000188542[2,1,2]	0	+	241054714	241055494	0	2	1074,2735,	0,1326,	chr2	241056518	241057863	retro_human_586	0	-	DUSP28	1345
chr2	241054033	241058094	ENSG00000188542[2,2,2]	0	+	241054714	241055494	0	3	1074,190,391,	0,1326,3670,	chr2	241056518	241057863	retro_human_586	0	-	DUSP28	1345
chr2	241054336	241058094	ENSG00000188542[1,1,2]	0	+	241054714	241055494	0	2	771,2735,	0,1023,	chr2	241056518	241057863	retro_human_586	0	-	DUSP28	1345
chr2	241054336	241058094	ENSG00000188542[1,2,2]	0	+	241054714	241055494	0	3	771,190,391,	0,1023,3367,	chr2	241056518	241057863	retro_human_586	0	-	DUSP28	1345
chr2	241054771	241058094	ENSG00000188542[3,1,2]	0	+	241054978	241055494	0	2	336,2735,	0,588,	chr2	241056518	241057863	retro_human_586	0	-	DUSP28	1345
chr2	241054771	241056747	ENSG00000188542[3,1,4]	0	+	241054978	241055494	0	2	336,1388,	0,588,	chr2	241056518	241057863	retro_human_586	0	-	DUSP28	229
chr2	241054771	241058094	ENSG00000188542[3,2,2]	0	+	241054978	241055494	0	3	336,190,391,	0,588,2932,	chr2	241056518	241057863	retro_human_586	0	-	DUSP28	1345
chr2	241056466	241058094	ENSG00000188542[4,3,2]	0	+	241057862	241058057	0	2	160,391,	0,1237,	chr2	241056518	241057863	retro_human_586	0	-	DUSP28	1345
chr2	242685038	242685589	ENSG00000271153[1,1,1]	0	+	242685038	242685038	0	1	551,	0,	chr2	242685088	242685539	retro_human_6773|RPL23AP88-1|processed_pseudogene	0	+	BX322534.1,RPL23AP88	451
chr3	3977882	3980296	ENSG00000229241[1,1,1]	0	-	3978770	3979694	0	1	2414,	0,	chr3	3977932	3980246	retro_human_4567|PNPT1P1-201|processed_pseudogene	0	-	PNPT1P1	2314
chr3	6763571	6763978	ENSG00000236152[1,1,1]	0	-	6763571	6763571	0	1	407,	0,	chr3	6763621	6763928	retro_human_10050|MRPS36P1-201|processed_pseudogene	0	-	MRPS36P1	307
chr3	9978819	9999040	ENSG00000180385[1,5,2]	0	+	9978819	9978819	0	2	430,4324,	0,15897,	chr3	9995549	9998052	retro_human_8781	0	+	EMC3-AS1,AC022007.1	2503
chr3	9996217	9999040	ENSG00000180385[3,1,2]	0	+	9996217	9996217	0	2	549,234,	0,2589,	chr3	9995549	9998052	retro_human_8781	0	+	EMC3-AS1,AC022007.1	1835
chr3	11229157	11229584	ENSG00000213964[1,1,1]	0	-	11229157	11229157	0	1	427,	0,	chr3	11229207	11229534	retro_human_10047|CHCHD4P4-201|processed_pseudogene	0	-	CHCHD4P4	327
chr3	13054423	13054679	ENSG00000231362[1,1,1]	0	-	13054476	13054629	0	1	256,	0,	chr3	13054473	13054629	retro_human_9665|AC069271.1-201|processed_pseudogene	0	-	RPL39P17	156
chr3	14004305	14067981	ENSG00000180438[4,10,5]	0	+	14004305	14004305	0	3	15294,130,2029,	0,61001,61647,	chr3	14019200	14066329	TPRXL-206|transcribed_processed_pseudogene	0	+	LOC112268445	47129
chr3	14004305	14067981	ENSG00000180438[4,10,5]	0	+	14004305	14004305	0	3	15294,130,2029,	0,61001,61647,	chr3	14019334	14067931	TPRXL-202|transcribed_processed_pseudogene	0	+	LOC112268445	48597
chr3	14004305	14067981	ENSG00000180438[4,10,5]	0	+	14004305	14004305	0	3	15294,130,2029,	0,61001,61647,	chr3	14019380	14066219	TPRXL-214|transcribed_processed_pseudogene	0	+	LOC112268445	46839
chr3	14004305	14067981	ENSG00000180438[4,10,5]	0	+	14004305	14004305	0	3	15294,130,2029,	0,61001,61647,	chr3	14019486	14067930	TPRXL-203|transcribed_processed_pseudogene	0	+	LOC112268445	48444
chr3	14004305	14067981	ENSG00000180438[4,10,5]	0	+	14004305	14004305	0	3	15294,130,2029,	0,61001,61647,	chr3	14021633	14066556	TPRXL-212|transcribed_processed_pseudogene	0	+	LOC112268445	44923
chr3	14019150	14067981	ENSG00000180438[5,10,5]	0	+	14019150	14019150	0	3	449,130,2029,	0,46156,46802,	chr3	14019200	14066329	TPRXL-206|transcribed_processed_pseudogene	0	+	LOC112268445	47129
chr3	14019150	14067981	ENSG00000180438[5,10,5]	0	+	14019150	14019150	0	3	449,130,2029,	0,46156,46802,	chr3	14019334	14067931	TPRXL-202|transcribed_processed_pseudogene	0	+	LOC112268445	48597
chr3	14019150	14067981	ENSG00000180438[5,10,5]	0	+	14019150	14019150	0	3	449,130,2029,	0,46156,46802,	chr3	14019380	14066219	TPRXL-214|transcribed_processed_pseudogene	0	+	LOC112268445	46839
chr3	14019150	14067981	ENSG00000180438[5,10,5]	0	+	14019150	14019150	0	3	449,130,2029,	0,46156,46802,	chr3	14019486	14067930	TPRXL-203|transcribed_processed_pseudogene	0	+	LOC112268445	48444
chr3	14019150	14067981	ENSG00000180438[5,10,5]	0	+	14019150	14019150	0	3	449,130,2029,	0,46156,46802,	chr3	14021633	14066556	TPRXL-212|transcribed_processed_pseudogene	0	+	LOC112268445	44923
chr3	15735089	15735833	ENSG00000270409[2,1,1]	0	+	15735089	15735089	0	1	744,	0,	chr3	15734649	15735716	retro_human_3316	0	+	AC090950.2,AC090950.1	627
chr3	15881162	15882784	ENSG00000224728[1,1,1]	0	+	15881162	15881162	0	1	1622,	0,	chr3	15881212	15882734	retro_human_3315|IMPDH1P8-201|processed_pseudogene	0	+	IMPDH1P8	1522
chr3	16693874	16695431	ENSG00000224039[1,1,1]	0	-	16693927	16694047	0	1	1557,	0,	chr3	16693928	16694588	retro_human_4176	0	-	LOC124905414,CDYLP1	660
chr3	17873785	17874755	ENSG00000213383[1,1,1]	0	-	17873785	17873785	0	1	970,	0,	chr3	17873835	17874705	retro_human_4175|AC104297.1-201|processed_pseudogene	0	-	PP1P	870
chr3	20016469	20016724	ENSG00000229468[1,1,1]	0	+	20016469	20016469	0	1	255,	0,	chr3	20016519	20016674	retro_human_9199|RPL39P18-201|processed_pseudogene	0	+	RPL39P18	155
chr3	21416142	21417016	ENSG00000236380[1,1,1]	0	+	21416142	21416142	0	1	874,	0,	chr3	21416192	21416966	retro_human_9200|VENTXP7-201|processed_pseudogene	0	+	VENTXP7	774
chr3	22386523	22387725	ENSG00000132967[1,1,2]	0	+	22386523	22386523	0	1	1202,	0,	chr3	22386573	22387206	retro_human_9197|HMGB1P5-201|transcribed_processed_pseudogene	0	+	HMGB1P5	633
chr3	22386523	22387725	ENSG00000132967[1,1,2]	0	+	22386523	22386523	0	1	1202,	0,	chr3	22386699	22387675	HMGB1P5-202|transcribed_processed_pseudogene	0	+	HMGB1P5	976
chr3	22386523	22387256	ENSG00000132967[1,1,1]	0	+	22386523	22386523	0	1	733,	0,	chr3	22386573	22387206	retro_human_9197|HMGB1P5-201|transcribed_processed_pseudogene	0	+	HMGB1P5	633
chr3	22386523	22387256	ENSG00000132967[1,1,1]	0	+	22386523	22386523	0	1	733,	0,	chr3	22386699	22387675	HMGB1P5-202|transcribed_processed_pseudogene	0	+	HMGB1P5	557
chr3	22994635	22996495	ENSG00000231915[1,1,1]	0	+	22994635	22994635	0	1	1860,	0,	chr3	22994818	22996442	retro_human_9195	0	+	SALL4P5	1624
chr3	27488294	27488765	ENSG00000230807[1,1,1]	0	+	27488294	27488294	0	1	471,	0,	chr3	27488344	27488715	retro_human_8038|AC099535.1-201|processed_pseudogene	0	+	UBA52P4	371
chr3	29393105	29393576	ENSG00000226216[1,1,1]	0	+	29393155	29393266	0	1	471,	0,	chr3	29393155	29393526	retro_human_8031|RPS12P5-201|processed_pseudogene	0	+	RPS12P5	371
chr3	31984665	31994739	ENSG00000197385[1,2,1]	0	+	31992045	31993941	0	3	203,162,3114,	0,4548,6960,	chr3	31992094	31994007	retro_human_2559	0	+	ZNF860	1913
chr3	31984665	31994739	ENSG00000197385[1,1,1]	0	+	31992045	31993941	0	2	203,3114,	0,6960,	chr3	31992094	31994007	retro_human_2559	0	+	ZNF860	1913
chr3	32187774	32188752	ENSG00000237433[1,1,1]	0	+	32187774	32187774	0	1	978,	0,	chr3	32187824	32188702	retro_human_2557|RPSAP11-201|processed_pseudogene	0	+	RPSAP11	878
chr3	32783801	32784371	ENSG00000227337[1,1,1]	0	+	32783801	32783801	0	1	570,	0,	chr3	32783850	32784321	retro_human_2553|RPL23AP43-201|processed_pseudogene	0	+	RPL23AP43	471
chr3	33078940	33079328	ENSG00000235424[1,1,1]	0	+	33078940	33078940	0	1	388,	0,	chr3	33078990	33079278	retro_human_8403|SUMO2P10-201|processed_pseudogene	0	+	GLB1,SUMO2P10	288
chr3	36768410	36770193	ENSG00000230067[1,1,1]	0	-	36768410	36768410	0	1	1783,	0,	chr3	36768460	36770143	retro_human_4584|HSPD1P6-201|transcribed_processed_pseudogene	0	-	HSPD1P6	1683
chr3	36977632	36978257	ENSG00000236165[1,1,1]	0	+	36977632	36977632	0	1	625,	0,	chr3	36977682	36978207	retro_human_8406|PRADC1P1-201|processed_pseudogene	0	+	PRADC1P1	525
chr3	37017817	37018409	ENSG00000224858[1,1,1]	0	-	37017817	37017817	0	1	592,	0,	chr3	37017867	37018359	retro_human_4585|RPL29P11-201|processed_pseudogene	0	-	RPL29P11	492
chr3	37135949	37136494	ENSG00000225558[1,1,1]	0	+	37135949	37135949	0	1	545,	0,	chr3	37135999	37136444	retro_human_8398|UBE2D3P2-201|processed_pseudogene	0	+	UBE2D3P2	445
chr3	37144805	37145352	ENSG00000224080[1,1,1]	0	-	37144805	37144805	0	1	547,	0,	chr3	37144855	37145302	retro_human_4582|UBE2FP1-201|processed_pseudogene	0	-	UBE2FP1,MSTRG.3826	447
chr3	37277040	37278046	ENSG00000230409[1,1,1]	0	+	37277090	37277993	0	1	1006,	0,	chr3	37277090	37277996	retro_human_2952|TCEA1P2-201|processed_pseudogene	0	+	TCEA1P2	906
chr3	37752233	37753122	ENSG00000235482[1,1,1]	0	+	37752323	37752461	0	1	889,	0,	chr3	37752283	37753072	retro_human_2951|RPL21P135-201|processed_pseudogene	0	+	ITGA9-AS1	789
chr3	37794034	37794659	ENSG00000236411[1,1,1]	0	-	37794034	37794034	0	1	625,	0,	chr3	37794084	37794609	retro_human_4581|NDUFAF4P3-201|processed_pseudogene	0	-	NDUFAF4P3,ITGA9-AS1	525
chr3	38532795	38533419	ENSG00000232439[1,1,1]	0	-	38532795	38532795	0	1	624,	0,	chr3	38532845	38533369	retro_human_10484|RPL18AP7-201|processed_pseudogene	0	-	RPL18AP7	524
chr3	39347825	39348886	ENSG00000228168[1,1,1]	0	+	39347825	39347825	0	1	1061,	0,	chr3	39347875	39348836	retro_human_2948|HNRNPA1P21-201|processed_pseudogene	0	+	HNRNPA1P21	961
chr3	40776564	40776919	ENSG00000234287[1,1,1]	0	+	40776564	40776564	0	1	355,	0,	chr3	40776614	40776869	retro_human_7224|AC099560.2-201|processed_pseudogene	0	+	RPS27P4	255
chr3	41876791	41877136	ENSG00000223513[1,1,1]	0	-	41876844	41877069	0	1	345,	0,	chr3	41876841	41877086	retro_human_4993|ATP6V0E1P2-201|processed_pseudogene	0	-	ATP6V0E1P2	245
chr3	42887718	42891792	ENSG00000180432[2,1,1]	0	-	42889890	42891393	0	1	4074,	0,	chr3	42889897	42891318	retro_human_4997	0	-	CYP8B1	1421
chr3	42904881	42905927	ENSG00000236459[1,1,1]	0	+	42905113	42905740	0	1	1046,	0,	chr3	42904931	42905877	retro_human_1778|HNRNPA1P22-201|processed_pseudogene	0	+	HNRNPA1P22	946
chr3	44595620	44596810	ENSG00000214820[1,1,1]	0	-	44595620	44595620	0	1	1190,	0,	chr3	44595670	44596760	retro_human_9424|MPRIPP1-201|processed_pseudogene	0	-	MPRIPP1	1090
chr3	44745219	44751666	ENSG00000186446[1,1,6]	0	+	44750095	44750908	0	3	470,85,1796,	0,1930,4651,	chr3	44750078	44750941	retro_human_1775	0	+	ZNF501	863
chr3	44745219	44751248	ENSG00000186446[1,1,5]	0	+	44750095	44750908	0	3	470,85,1378,	0,1930,4651,	chr3	44750078	44750941	retro_human_1775	0	+	ZNF501	863
chr3	44745219	44752807	ENSG00000186446[1,1,1]	0	+	44750095	44750908	0	3	470,85,2937,	0,1930,4651,	chr3	44750078	44750941	retro_human_1775	0	+	ZNF501	863
chr3	44745219	44751666	ENSG00000186446[1,2,6]	0	+	44750095	44750908	0	3	177,85,1796,	0,1930,4651,	chr3	44750078	44750941	retro_human_1775	0	+	ZNF501	863
chr3	44745219	44751248	ENSG00000186446[1,2,5]	0	+	44750095	44750908	0	3	177,85,1378,	0,1930,4651,	chr3	44750078	44750941	retro_human_1775	0	+	ZNF501	863
chr3	44745219	44752807	ENSG00000186446[1,2,1]	0	+	44750095	44750908	0	3	177,85,2937,	0,1930,4651,	chr3	44750078	44750941	retro_human_1775	0	+	ZNF501	863
chr3	45176143	45176645	ENSG00000224094[1,1,1]	0	-	45176143	45176143	0	1	502,	0,	chr3	45176193	45176595	retro_human_9416|RPS24P8-201|processed_pseudogene	0	-	RPS24P8	402
chr3	45899229	45899803	ENSG00000236930[1,1,1]	0	-	45899353	45899482	0	1	574,	0,	chr3	45899279	45899753	retro_human_9413|AC099782.1-201|processed_pseudogene	0	-	SDHDP4	474
chr3	46039123	46040084	ENSG00000226933[1,1,1]	0	+	46039123	46039123	0	1	961,	0,	chr3	46039173	46040034	retro_human_191|NRBF2P2-201|processed_pseudogene	0	+	NRBF2P2	861
chr3	46386729	46392090	ENSG00000160791[1,1,1]	0	+	46388736	46389792	0	2	93,3365,	0,1996,	chr3	46388716	46389687	retro_human_193	0	+	CCR5	971
chr3	46388453	46389845	ENSG00000160791[2,2,2]	0	+	46388736	46389792	0	1	1392,	0,	chr3	46388716	46389687	retro_human_193	0	+	CCR5	971
chr3	46824687	46828634	ENSG00000226074[1,2,2]	0	-	46824687	46824687	0	2	1000,1431,	0,2516,	chr3	46825535	46827972	retro_human_5433	0	-	PRSS44P,AC109583.4	2437
chr3	46824687	46828163	ENSG00000226074[3,2,2]	0	-	46824687	46824687	0	2	1000,960,	0,2516,	chr3	46825535	46827972	retro_human_5433	0	-	PRSS44P,AC109583.4	2437
chr3	46825406	46827489	ENSG00000226074[2,2,1]	0	-	46825406	46825406	0	2	281,286,	0,1797,	chr3	46825535	46827972	retro_human_5433	0	-	PRSS44P,AC109583.4	1954
chr3	47518857	47519524	ENSG00000271161[1,1,2]	0	+	47518857	47518857	0	1	667,	0,	chr3	47518907	47519157	retro_human_5555|BOLA2P2-201|transcribed_processed_pseudogene	0	+	ELP6	250
chr3	47518857	47519524	ENSG00000271161[1,1,2]	0	+	47518857	47518857	0	1	667,	0,	chr3	47518907	47519474	BOLA2P2-202|transcribed_processed_pseudogene	0	+	ELP6	567
chr3	48208665	48208945	ENSG00000231884[1,1,1]	0	+	48208665	48208665	0	1	280,	0,	chr3	48208715	48208895	retro_human_5553|NDUFB1P1-201|processed_pseudogene	0	+	NDUFB1P1	180
chr3	48284076	48284764	ENSG00000229759[1,1,1]	0	-	48284076	48284076	0	1	688,	0,	chr3	48284126	48284714	retro_human_5435|MRPS18AP1-201|processed_pseudogene	0	-	ZNF589,MRPS18AP1	588
chr3	48318508	48319191	ENSG00000228638[1,1,1]	0	-	48318900	48319026	0	1	683,	0,	chr3	48318558	48319141	retro_human_5438|FCF1P2-201|transcribed_processed_pseudogene	0	-	NME6,FCF1P2	583
chr3	48319000	48319444	ENSG00000228638[2,1,2]	0	-	48319000	48319000	0	1	444,	0,	chr3	48318558	48319141	retro_human_5438|FCF1P2-201|transcribed_processed_pseudogene	0	-	NME6,FCF1P2	141
chr3	49386504	49387776	ENSG00000233276[1,7,1]	0	-	49386769	49387483	255	2	619,371,	0,901,	chr3	49386785	49387615	retro_human_73	0	-	GPX1	830
chr3	49386504	49387776	ENSG00000233276[1,3,1]	0	-	49386769	49387051	0	2	641,371,	0,901,	chr3	49386785	49387615	retro_human_73	0	-	GPX1	830
chr3	49386504	49387776	ENSG00000233276[1,5,1]	0	-	49386769	49387651	0	2	622,233,	0,1039,	chr3	49386785	49387615	retro_human_73	0	-	GPX1	830
chr3	49386504	49387776	ENSG00000233276[1,4,1]	0	-	49386769	49387051	0	2	763,371,	0,901,	chr3	49386785	49387615	retro_human_73	0	-	GPX1	830
chr3	49386504	49387776	ENSG00000233276[1,1,1]	0	-	49386769	49387483	0	2	622,371,	0,901,	chr3	49386785	49387615	retro_human_73	0	-	GPX1	830
chr3	49386504	49388023	ENSG00000233276[2,1,1]	0	-	49386769	49387483	0	2	622,618,	0,901,	chr3	49386785	49387615	retro_human_73	0	-	GPX1	830
chr3	49386504	49388023	ENSG00000233276[2,2,1]	0	-	49386769	49387051	0	1	1519,	0,	chr3	49386785	49387615	retro_human_73	0	-	GPX1	830
chr3	49386504	49387776	ENSG00000233276[1,2,1]	0	-	49386769	49387051	0	1	1272,	0,	chr3	49386785	49387615	retro_human_73	0	-	GPX1	830
chr3	49713180	49714733	ENSG00000173531[3,4,1]	0	-	49713314	49714164	0	5	293,140,107,147,438,	0,417,653,841,1115,	chr3	49713324	49713626	retro_human_75	0	-	MST1	302
chr3	49713180	49714424	ENSG00000173531[2,3,1]	0	-	49713314	49714071	0	5	293,140,107,98,129,	0,417,653,841,1115,	chr3	49713324	49713626	retro_human_75	0	-	MST1	302
chr3	50329195	50332176	ENSG00000114378[4,10,1]	0	-	50329841	50332102	255	2	961,764,	0,2217,	chr3	50329857	50330204	retro_human_70	0	-	HYAL1	347
chr3	50329195	50332176	ENSG00000114378[4,2,1]	0	-	50329841	50332102	0	3	961,90,764,	0,1148,2217,	chr3	50329857	50330204	retro_human_70	0	-	HYAL1	347
chr3	50329787	50332980	ENSG00000114378[1,6,3]	0	-	50329841	50331766	0	4	369,90,567,159,	0,556,1625,3034,	chr3	50329857	50330204	retro_human_70	0	-	HYAL1	347
chr3	52406583	52407914	ENSG00000239557[1,1,1]	0	+	52407399	52407888	0	1	1331,	0,	chr3	52406633	52407864	retro_human_10222|AC092045.1-201|processed_pseudogene	0	+	PPP2R5CP	1231
chr3	52765406	52766827	ENSG00000275956[1,1,1]	0	+	52765406	52765406	0	1	1421,	0,	chr3	52765456	52766777	retro_human_10220|AC104446.2-201|processed_pseudogene	0	+	NEK4,LOC100301990	1321
chr3	54660156	54660688	ENSG00000229806[1,1,1]	0	+	54660206	54660650	0	1	532,	0,	chr3	54660206	54660638	retro_human_10234|RPS15P5-201|processed_pseudogene	0	+	RPS15P5,LOC107986088	432
chr3	57982153	57982740	ENSG00000213509[1,1,1]	0	+	57982153	57982153	0	1	587,	0,	chr3	57982203	57982690	retro_human_11054|PPIAP16-201|processed_pseudogene	0	+	PPIAP16	487
chr3	64217935	64218781	ENSG00000239926[1,1,1]	0	+	64217935	64217935	0	1	846,	0,	chr3	64217985	64218731	retro_human_8989|PRDX3P4-201|processed_pseudogene	0	+	PRDX3P4	746
chr3	65730895	65732163	ENSG00000244226[1,1,1]	0	+	65730895	65730895	0	1	1268,	0,	chr3	65730945	65732113	retro_human_8991|ILF2P1-201|processed_pseudogene	0	+	ILF2P1	1168
chr3	66052756	66053288	ENSG00000203647[1,1,1]	0	-	66053059	66053221	0	1	532,	0,	chr3	66052806	66053238	AC106827.1-201|processed_pseudogene	0	-	LOC124900543	432
chr3	66423316	66428771	ENSG00000144749[9,11,1]	0	-	66424835	66428690	255	6	1743,285,153,126,420,211,	0,1830,2732,3526,4235,5244,	chr3	66427691	66428819	retro_human_6400	0	-	LRIG1,MSTRG.3924	1080
chr3	66423316	66430866	ENSG00000144749[11,12,1]	0	-	66424835	66430827	255	7	1743,285,153,126,420,282,316,	0,1830,2732,3526,4235,5244,7234,	chr3	66427691	66428819	retro_human_6400	0	-	LRIG1,MSTRG.3924	1128
chr3	66423316	66430674	ENSG00000144749[10,12,1]	0	-	66424835	66430674	255	7	1743,285,153,126,420,282,124,	0,1830,2732,3526,4235,5244,7234,	chr3	66427691	66428819	retro_human_6400	0	-	LRIG1,MSTRG.3924	1128
chr3	66423316	66428771	ENSG00000144749[9,10,1]	0	-	66424835	66427750	255	5	1743,285,153,126,1220,	0,1830,2732,3526,4235,	chr3	66427691	66428819	retro_human_6400	0	-	LRIG1,MSTRG.3924	1080
chr3	68190519	68191246	ENSG00000214552[1,1,1]	0	+	68190569	68191196	0	1	727,	0,	chr3	68190569	68191196	retro_human_10664|COPS8P2-201|processed_pseudogene	0	+	COPS8P2	627
chr3	68681101	68682521	ENSG00000241506[1,1,1]	0	+	68681101	68681101	0	1	1420,	0,	chr3	68681151	68682471	retro_human_10666|PSMC1P1-201|processed_pseudogene	0	+	PSMC1P1	1320
chr3	69508257	69509438	ENSG00000239263[1,1,1]	0	-	69508752	69508998	0	1	1181,	0,	chr3	69508307	69509388	RBM43P1-201|processed_pseudogene	0	-	RBM43P1	1081
chr3	69572466	69573596	ENSG00000240265[1,1,1]	0	-	69572788	69573124	0	1	1130,	0,	chr3	69572516	69573546	retro_human_6406|AC099328.1-201|processed_pseudogene	0	-	H1-8P1	1030
chr3	72126808	72127746	ENSG00000242609[1,1,1]	0	+	72126808	72126808	0	1	938,	0,	chr3	72126858	72127696	retro_human_10662|CCDC137P-201|processed_pseudogene	0	+	CCDC137P1	838
chr3	72814371	72815404	ENSG00000241537[1,1,1]	0	+	72814371	72814371	0	1	1033,	0,	chr3	72814421	72815354	retro_human_10669|AC134050.1-201|processed_pseudogene	0	+	U2SURPP1,SHQ1	933
chr3	72926058	72926604	ENSG00000271266[1,1,1]	0	+	72926058	72926058	0	1	546,	0,	chr3	72926108	72926554	retro_human_10668|LAPTM4BP2-201|processed_pseudogene	0	+	LAPTM4BP2	446
chr3	72970872	72971522	ENSG00000242960[1,1,1]	0	+	72971031	72971292	0	1	650,	0,	chr3	72970922	72971472	retro_human_4769|FTH1P23-201|processed_pseudogene	0	+	FTH1P23	550
chr3	75256395	75257501	ENSG00000213300[1,1,1]	0	+	75256395	75256395	0	1	1106,	0,	chr3	75256445	75257451	retro_human_4772|HNRNPA3P6-201|processed_pseudogene	0	+	HNRNPA3P6	1006
chr3	75677830	75678398	ENSG00000243422[1,1,2]	0	-	75677830	75677830	0	1	568,	0,	chr3	75677880	75678348	retro_human_634|RPL23AP49-201|transcribed_processed_pseudogene	0	-	RPL23AP49	468
chr3	75677830	75678398	ENSG00000243422[1,1,2]	0	-	75677830	75677830	0	1	568,	0,	chr3	75678093	75678383	AC108724.2-201|processed_pseudogene	0	+	RPL23AP49	290
chr3	75711677	75712258	ENSG00000241622[1,1,1]	0	+	75711677	75711677	0	1	581,	0,	chr3	75711727	75712208	retro_human_4773|RARRES2P1-201|processed_pseudogene	0	+	RARRES2P1	481
chr3	76487677	76489188	ENSG00000240809[1,1,1]	0	+	76488541	76489015	0	1	1511,	0,	chr3	76487727	76489138	retro_human_4766|AC026877.1-201|processed_pseudogene	0	+	CAP1P1	1411
chr3	83991209	83992501	ENSG00000242195[1,1,1]	0	+	83991209	83991209	0	1	1292,	0,	chr3	83991259	83992451	SRRM1P2-201|processed_pseudogene	0	+	SRRM1P2	1192
chr3	88066487	88069730	ENSG00000179097[2,2,1]	0	+	88066591	88067689	0	1	3243,	0,	chr3	88066652	88067674	retro_human_10256	0	+	HTR1F	1022
chr3	88171182	88171843	ENSG00000241535[1,1,1]	0	-	88171182	88171182	0	1	661,	0,	chr3	88171232	88171793	retro_human_1833|CBX5P1-201|processed_pseudogene	0	-	CBX5P1	561
chr3	96774310	96775674	ENSG00000242457[1,1,1]	0	-	96774310	96774310	0	1	1364,	0,	chr3	96774360	96775624	retro_human_1838|RBBP4P2-201|processed_pseudogene	0	-	NSUN3,RBBP4P2	1264
chr3	98357175	98358146	ENSG00000244681[1,1,2]	0	-	98357175	98357175	0	1	971,	0,	chr3	98357225	98358096	retro_human_10221|MTHFD2P1-202|transcribed_processed_pseudogene	0	-	MTHFD2P1	871
chr3	99053199	99054685	ENSG00000243547[1,1,1]	0	+	99053199	99053199	0	1	1486,	0,	chr3	99053249	99054635	retro_human_4339|HNRNPKP4-201|processed_pseudogene	0	+	HNRNPKP4	1386
chr3	101228694	101229008	ENSG00000250562[1,1,1]	0	-	101228694	101228694	0	1	314,	0,	chr3	101228744	101228958	retro_human_10216|RPL38P4-201|processed_pseudogene	0	-	AC021660.2,RPL38P4	214
chr3	101490410	101491510	ENSG00000249274[1,1,1]	0	+	101491067	101491314	0	1	1100,	0,	chr3	101490460	101491460	retro_human_11008|PDLIM1P4-201|processed_pseudogene	0	+	ST3GAL6	1000
chr3	104163902	104164494	ENSG00000282978[1,1,1]	0	-	104163955	104164441	0	1	592,	0,	chr3	104163952	104164444	retro_human_10206|AC110994.3-201|processed_pseudogene	0	-	BTF3P16	492
chr3	104228105	104229294	ENSG00000175841[1,1,1]	0	+	104228105	104228105	0	1	1189,	0,	chr3	104228155	104229244	retro_human_6896|FAM172BP-201|processed_pseudogene	0	+	FAM172BP	1089
chr3	104289051	104289610	ENSG00000242299[1,1,1]	0	-	104289051	104289051	0	1	559,	0,	chr3	104289101	104289560	retro_human_7312|AC073861.1-201|processed_pseudogene	0	-	RPS18P5,PCNP	459
chr3	104425090	104426020	ENSG00000244119[2,1,2]	0	+	104425090	104425090	0	1	930,	0,	chr3	104425140	104425860	retro_human_3583|PDCL3P4-201|processed_pseudogene	0	+	PDCL3P4	720
chr3	109568484	109569174	ENSG00000239997[1,1,1]	0	+	109568484	109568484	0	1	690,	0,	chr3	109568534	109569124	retro_human_9442|FCF1P3-201|processed_pseudogene	0	+	FCF1P3	590
chr3	111263068	111263677	ENSG00000241634[1,1,1]	0	-	111263068	111263068	0	1	609,	0,	chr3	111263118	111263627	retro_human_1402|AC069499.1-201|processed_pseudogene	0	-	CIP2A	509
chr3	116081356	116082509	ENSG00000240751[1,1,1]	0	+	116081356	116081356	0	1	1153,	0,	chr3	116081406	116082459	retro_human_3126|AC026348.1-201|processed_pseudogene	0	+	RABGGTBP1	1053
chr3	116606455	116607289	ENSG00000241889[1,1,1]	0	+	116606903	116607236	0	1	834,	0,	chr3	116606505	116607239	retro_human_3127|AC079944.2-201|processed_pseudogene	0	+	CTDNEP1P1	734
chr3	116952279	116954003	ENSG00000240487[1,1,1]	0	-	116952279	116952279	0	1	1724,	0,	chr3	116952329	116953953	retro_human_4816|FAM214BP1-201|processed_pseudogene	0	-	ATOSBP1	1624
chr3	116955512	116958082	ENSG00000174255[2,1,1]	0	-	116957186	116958005	0	1	2570,	0,	chr3	116957190	116957966	retro_human_4815	0	-	ZNF80	776
chr3	119365739	119366665	ENSG00000198406[1,1,1]	0	-	119365739	119365739	0	1	926,	0,	chr3	119365789	119366615	retro_human_4820|BZW1P2-201|processed_pseudogene	0	-	BZW1P2	826
chr3	120394044	120394947	ENSG00000240393[1,1,1]	0	-	120394044	120394044	0	1	903,	0,	chr3	120394094	120394897	retro_human_4818|AC092691.2-201|processed_pseudogene	0	-	DRG1P2,LOC124906270	803
chr3	122355178	122355903	ENSG00000242052[1,1,1]	0	-	122355178	122355178	0	1	725,	0,	chr3	122355228	122355853	retro_human_5536|RPL10P7-201|processed_pseudogene	0	-	RPL10P7	625
chr3	123026193	123027541	ENSG00000240882[1,1,1]	0	+	123026193	123026193	0	1	1348,	0,	chr3	123026243	123027491	retro_human_9008|AC063952.2-201|processed_pseudogene	0	+	PTOV1P1	1248
chr3	123232372	123232811	ENSG00000244441[1,1,1]	0	+	123232372	123232372	0	1	439,	0,	chr3	123232422	123232761	retro_human_9007|AC126182.2-201|processed_pseudogene	0	+	RPL34P9	339
chr3	125131836	125135667	ENSG00000196981[1,1,2]	0	-	125134093	125135083	0	1	3831,	0,	chr3	125134099	125135059	retro_human_8068	0	-	WDR5B	960
chr3	125133532	125135667	ENSG00000196981[1,1,3]	0	-	125134093	125135083	0	1	2135,	0,	chr3	125134099	125135059	retro_human_8068	0	-	WDR5B	960
chr3	125133701	125135667	ENSG00000196981[1,1,4]	0	-	125134093	125135083	0	1	1966,	0,	chr3	125134099	125135059	retro_human_8068	0	-	WDR5B	960
chr3	128037557	128038127	ENSG00000229048[1,1,1]	0	+	128037557	128037557	0	1	570,	0,	chr3	128037607	128038077	retro_human_2748|DUTP1-201|processed_pseudogene	0	+	DUTP1	470
chr3	128548553	128548858	ENSG00000241346[1,1,1]	0	-	128548553	128548553	0	1	305,	0,	chr3	128548603	128548808	SNRPCP11-201|processed_pseudogene	0	-	SNRPCP11	205
chr3	128690879	128691241	ENSG00000241439[1,1,1]	0	+	128690879	128690879	0	1	362,	0,	chr3	128690929	128691191	retro_human_8578|AC092903.1-201|processed_pseudogene	0	+	FBRSL1P1	262
chr3	131509065	131509718	ENSG00000242992[1,1,1]	0	-	131509065	131509065	0	1	653,	0,	chr3	131509115	131509668	retro_human_2434|FTH1P4-201|processed_pseudogene	0	-	FTH1P4	553
chr3	135362706	135404387	ENSG00000240303[1,2,2]	0	-	135363126	135404244	0	11	573,78,127,107,122,139,165,162,126,100,292,	0,1268,8472,10121,12219,13123,21273,23762,24467,26587,41389,	chr3	135390327	135394879	retro_human_2376|HSPA8P19-201|processed_pseudogene	0	+	HSPA8P19	4552
chr3	135362919	135404625	ENSG00000240303[7,2,10]	0	-	135363126	135404244	0	11	360,78,127,107,122,139,165,162,126,100,530,	0,1055,8259,9908,12006,12910,21060,23549,24254,26374,41176,	chr3	135390327	135394879	retro_human_2376|HSPA8P19-201|processed_pseudogene	0	+	HSPA8P19	4552
chr3	135362919	135404387	ENSG00000240303[1,2,10]	0	-	135363126	135404244	0	11	360,78,127,107,122,139,165,162,126,100,292,	0,1055,8259,9908,12006,12910,21060,23549,24254,26374,41176,	chr3	135390327	135394879	retro_human_2376|HSPA8P19-201|processed_pseudogene	0	+	HSPA8P19	4552
chr3	137096956	137097294	ENSG00000214289[1,1,1]	0	-	137096956	137096956	0	1	338,	0,	chr3	137097093	137097244	retro_human_8294|RPL39P5-202|transcribed_processed_pseudogene	0	-	RPL39P5	151
chr3	139477163	139477993	ENSG00000240695[1,1,1]	0	-	139477259	139477469	0	1	830,	0,	chr3	139477213	139477943	AC117382.1-201|processed_pseudogene	0	-	DNAJC8P2	730
chr3	139639738	139640840	ENSG00000214283[1,1,1]	0	-	139639738	139639738	0	1	1102,	0,	chr3	139639788	139640790	retro_human_2086|RAD51AP1P1-201|processed_pseudogene	0	-	RAD51AP1P1	1002
chr3	140620889	140622932	ENSG00000241478[1,1,1]	0	+	140620889	140620889	0	1	2043,	0,	chr3	140620939	140622882	retro_human_5114|HSPA8P9-201|processed_pseudogene	0	+	HSPA8P9	1943
chr3	140842014	140843554	ENSG00000240668[1,1,1]	0	-	140842390	140842939	0	1	1540,	0,	chr3	140842064	140843504	retro_human_2080|KRT8P36-201|processed_pseudogene	0	-	KRT8P36	1440
chr3	141518499	141519578	ENSG00000239207[1,1,1]	0	+	141518499	141518499	0	1	1079,	0,	chr3	141518549	141519528	retro_human_10851|GAPDHP39-201|processed_pseudogene	0	+	GAPDHP39	979
chr3	141565727	141567094	ENSG00000241429[1,1,1]	0	+	141565727	141565727	0	1	1367,	0,	chr3	141565777	141567044	retro_human_5059|EEF1A1P25-201|processed_pseudogene	0	+	EEF1A1P25	1267
chr3	142241228	142242457	ENSG00000178631[1,1,1]	0	+	142241228	142241228	0	1	1229,	0,	chr3	142241278	142242407	retro_human_5077|ACTG1P1-201|processed_pseudogene	0	+	ACTG1P1	1129
chr3	143649314	143649872	ENSG00000224085[1,1,1]	0	+	143649314	143649314	0	1	558,	0,	chr3	143649364	143649822	retro_human_9145|RPL23AP41-201|processed_pseudogene	0	+	RPL23AP41	458
chr3	144790894	144791570	ENSG00000233597[1,1,1]	0	-	144790947	144791520	0	1	676,	0,	chr3	144790944	144791520	retro_human_7900|AC133435.1-201|processed_pseudogene	0	-	RPL19P6	576
chr3	145196463	145205137	ENSG00000175054[3,23,1]	0	-	145197859	145204988	0	4	423,137,106,250,	0,1286,3948,8424,	chr3	145197385	145199433	retro_human_10380|AC109992.1-201|processed_pseudogene	0	+	ATR	2048
chr3	145197335	145199483	ENSG00000242479[1,1,1]	0	+	145197335	145197335	0	1	2148,	0,	chr3	145197385	145199433	retro_human_10380|AC109992.1-201|processed_pseudogene	0	+	ATR	2048
chr3	145707563	145707835	ENSG00000241592[1,1,1]	0	+	145707563	145707563	0	1	272,	0,	chr3	145707613	145707785	AC021074.2-201|processed_pseudogene	0	+	PAQR9	172
chr3	146263639	146264846	ENSG00000243759[1,1,1]	0	-	146263689	146264139	0	1	1207,	0,	chr3	146263689	146264796	retro_human_3206|ST13P15-201|processed_pseudogene	0	-	ST13P15	1107
chr3	148439496	148440117	ENSG00000241695[1,1,1]	0	+	148439496	148439496	0	1	621,	0,	chr3	148439546	148440067	retro_human_6231|GM2AP1-201|processed_pseudogene	0	+	GM2AP1	521
chr3	150141247	150147732	ENSG00000174963[6,8,1]	0	-	150146184	150146334	0	3	2864,316,457,	0,4935,6028,	chr3	150146308	150151507	retro_human_3201	0	-	ZIC4,ZIC1	1424
chr3	150141247	150147732	ENSG00000174963[6,7,1]	0	-	150146184	150146334	0	3	2864,316,511,	0,4935,5974,	chr3	150146308	150151507	retro_human_3201	0	-	ZIC4,ZIC1	1424
chr3	150141247	150147732	ENSG00000174963[6,9,1]	0	-	150146184	150146334	0	3	2864,316,358,	0,4935,6127,	chr3	150146308	150151507	retro_human_3201	0	-	ZIC4,ZIC1	1424
chr3	150141247	150162112	ENSG00000174963[4,1,1]	0	-	150146184	150158050	0	5	2864,316,618,85,497,	0,4935,9857,16733,20368,	chr3	150146308	150151507	retro_human_3201	0	-	ZIC4,ZIC1	5199
chr3	150142747	150148235	ENSG00000174963[7,6,3]	0	-	150146184	150146763	0	2	1364,2053,	0,3435,	chr3	150146308	150151507	retro_human_3201	0	-	ZIC4,ZIC1	1927
chr3	150142747	150152489	ENSG00000174963[9,11,3]	0	-	150146184	150151582	0	3	1364,316,1385,	0,3435,8357,	chr3	150146308	150151507	retro_human_3201	0	-	ZIC4,ZIC1	5199
chr3	150142747	150147732	ENSG00000174963[6,8,3]	0	-	150146184	150146334	0	3	1364,316,457,	0,3435,4528,	chr3	150146308	150151507	retro_human_3201	0	-	ZIC4,ZIC1	1424
chr3	150142747	150147732	ENSG00000174963[6,9,3]	0	-	150146184	150146334	0	3	1364,316,358,	0,3435,4627,	chr3	150146308	150151507	retro_human_3201	0	-	ZIC4,ZIC1	1424
chr3	150143627	150147732	ENSG00000174963[6,8,2]	0	-	150146184	150146334	0	3	484,316,457,	0,2555,3648,	chr3	150146308	150151507	retro_human_3201	0	-	ZIC4,ZIC1	1424
chr3	150143627	150149189	ENSG00000174963[8,10,2]	0	-	150146184	150146334	0	3	484,316,226,	0,2555,5336,	chr3	150146308	150151507	retro_human_3201	0	-	ZIC4,ZIC1	2881
chr3	150143627	150147732	ENSG00000174963[6,9,2]	0	-	150146184	150146334	0	3	484,316,358,	0,2555,3747,	chr3	150146308	150151507	retro_human_3201	0	-	ZIC4,ZIC1	1424
chr3	152690315	152691218	ENSG00000239351[1,1,1]	0	-	152690315	152690315	0	1	903,	0,	chr3	152690365	152691168	retro_human_9088|NPM1P29-201|processed_pseudogene	0	-	NPM1P29	803
chr3	152735719	152736222	ENSG00000182000[1,1,1]	0	+	152735719	152735719	0	1	503,	0,	chr3	152735769	152736172	retro_human_6227|PPIAP73-201|processed_pseudogene	0	+	PPIAP73	403
chr3	153362448	153363159	ENSG00000271711[1,1,1]	0	-	153362448	153362448	0	1	711,	0,	chr3	153362498	153363109	retro_human_2827|AC069236.1-201|processed_pseudogene	0	-	SAP30P1	611
chr3	154089107	154091904	ENSG00000169313[2,2,2]	0	-	154089107	154089107	0	2	752,308,	0,2489,	chr3	154088883	154089866	retro_human_2829	0	-	P2RY12	759
chr3	158761880	158762853	ENSG00000240489[1,1,1]	0	+	158761880	158761880	0	1	973,	0,	chr3	158761930	158762803	retro_human_449|SETP14-201|processed_pseudogene	0	+	SETP14	873
chr3	159584206	159585488	ENSG00000230457[1,1,1]	0	-	159584206	159584206	0	1	1282,	0,	chr3	159584256	159585438	retro_human_8656|PA2G4P4-201|processed_pseudogene	0	-	PA2G4P4	1182
chr3	161537306	161537729	ENSG00000243675[1,1,1]	0	+	161537306	161537306	0	1	423,	0,	chr3	161537356	161537679	retro_human_6645|AC080013.2-201|processed_pseudogene	0	+	RPL35AP9	323
chr3	161614923	161615891	ENSG00000232374[1,1,1]	0	-	161614923	161614923	0	1	968,	0,	chr3	161614973	161615841	retro_human_940|GPR79-201|processed_pseudogene	0	-	GPR79	868
chr3	162875395	162877439	ENSG00000184100[1,1,1]	0	+	162875395	162875395	0	1	2044,	0,	chr3	162875445	162877389	retro_human_6644|BRD7P2-201|processed_pseudogene	0	+	BRD7P2	1944
chr3	163342416	163343913	ENSG00000229320[2,1,2]	0	+	163342416	163342416	0	1	1497,	0,	chr3	163340061	163342814	retro_human_6642|KRT8P12-201|transcribed_processed_pseudogene	0	+	KRT8P12	398
chr3	163342416	163343913	ENSG00000229320[2,1,2]	0	+	163342416	163342416	0	1	1497,	0,	chr3	163342466	163343863	KRT8P12-202|transcribed_processed_pseudogene	0	+	KRT8P12	1397
chr3	163359509	163360452	ENSG00000242285[1,1,1]	0	+	163359509	163359509	0	1	943,	0,	chr3	163359559	163360402	retro_human_6641|RPL6P8-201|processed_pseudogene	0	+	RPL6P8	843
chr3	164203842	164204413	ENSG00000234851[1,1,1]	0	-	164203842	164203842	0	1	571,	0,	chr3	164203892	164204363	retro_human_942|RPL23AP42-201|processed_pseudogene	0	-	AC112491.1,LINC02067,RPL23AP42	471
chr3	166784760	166785720	ENSG00000214210[1,1,1]	0	-	166784760	166784760	0	1	960,	0,	chr3	166784810	166785670	AC084017.1-201|processed_pseudogene	0	-	NGRNP1	860
chr3	172267582	172268092	ENSG00000213178[1,1,1]	0	-	172267635	172267920	0	1	510,	0,	chr3	172267632	172268042	retro_human_6756|RPL22P1-201|processed_pseudogene	0	-	RPL22P1	410
chr3	172550822	172553712	ENSG00000184378[1,1,1]	0	-	172551386	172553621	0	2	1480,291,	0,2599,	chr3	172551387	172553600	retro_human_6755	0	-	ACTRT3	2213
chr3	172550822	172554046	ENSG00000184378[2,1,1]	0	-	172551386	172553621	0	2	1480,625,	0,2599,	chr3	172551387	172553600	retro_human_6755	0	-	ACTRT3	2213
chr3	172551139	172554046	ENSG00000184378[2,1,2]	0	-	172551386	172553621	0	2	1163,625,	0,2282,	chr3	172551387	172553600	retro_human_6755	0	-	ACTRT3	2213
chr3	172551139	172553712	ENSG00000184378[1,1,2]	0	-	172551386	172553621	0	2	1163,291,	0,2282,	chr3	172551387	172553600	retro_human_6755	0	-	ACTRT3	2213
chr3	172716231	172717563	ENSG00000244039[1,1,1]	0	+	172717148	172717487	0	1	1332,	0,	chr3	172716281	172717513	retro_human_821|AC008040.2-201|processed_pseudogene	0	+	FAM20BP1	1232
chr3	173279896	173281006	ENSG00000241416[1,1,1]	0	+	173280678	173280987	0	1	1110,	0,	chr3	173279946	173280956	retro_human_7042|KRT8P13-201|processed_pseudogene	0	+	KRT8P13	1010
chr3	173438112	173438626	ENSG00000213174[1,1,1]	0	-	173438112	173438112	0	1	514,	0,	chr3	173438162	173438576	retro_human_6754|AC026316.1-201|processed_pseudogene	0	-	RPL28P1	414
chr3	175307248	175307565	ENSG00000224611[1,1,1]	0	+	175307248	175307248	0	1	317,	0,	chr3	175307298	175307515	retro_human_7041|AC007919.1-201|processed_pseudogene	0	+	TBPL1P1	217
chr3	175614441	175614982	ENSG00000227440[1,1,1]	0	-	175614441	175614441	0	1	541,	0,	chr3	175614491	175614932	retro_human_5045|ATP5MC1P4-201|processed_pseudogene	0	-	ATP5MC1P4,ECT2	441
chr3	178513161	178513700	ENSG00000214192[1,1,1]	0	-	178513161	178513161	0	1	539,	0,	chr3	178513210	178513650	retro_human_8292|UBE2V1P2-201|processed_pseudogene	0	-	UBE2V1P2	440
chr3	182046557	182065313	ENSG00000171121[7,3,1]	0	-	182046743	182062786	0	4	564,199,192,2529,	0,1774,8022,16227,	chr3	182062864	182065110	retro_human_10535|LRRFIP1P1-201|processed_pseudogene	0	-	KCNMB3,LRRFIP1P1	2246
chr3	182062814	182065160	ENSG00000240429[1,1,1]	0	-	182063509	182064100	0	1	2346,	0,	chr3	182062864	182065110	retro_human_10535|LRRFIP1P1-201|processed_pseudogene	0	-	KCNMB3,LRRFIP1P1	2246
chr3	182063526	182065313	ENSG00000240429[3,1,2]	0	-	182064624	182064987	0	1	1787,	0,	chr3	182062864	182065110	retro_human_10535|LRRFIP1P1-201|processed_pseudogene	0	-	KCNMB3,LRRFIP1P1	1584
chr3	182063526	182063849	ENSG00000240429[2,1,2]	0	-	182063529	182063628	0	1	323,	0,	chr3	182062864	182065110	retro_human_10535|LRRFIP1P1-201|processed_pseudogene	0	-	KCNMB3,LRRFIP1P1	323
chr3	182064591	182065313	ENSG00000240429[3,1,3]	0	-	182064624	182064987	0	1	722,	0,	chr3	182062864	182065110	retro_human_10535|LRRFIP1P1-201|processed_pseudogene	0	-	KCNMB3,LRRFIP1P1	519
chr3	183126202	183128255	ENSG00000239880[1,1,1]	0	+	183126202	183126202	0	1	2053,	0,	chr3	183126252	183128205	retro_human_7047|RALBP1P1-201|processed_pseudogene	0	+	RALBP1P1	1953
chr3	183574563	183575828	ENSG00000242068[1,1,1]	0	-	183574563	183574563	0	1	1265,	0,	chr3	183574613	183575778	retro_human_10538|AC108734.3-201|processed_pseudogene	0	-	RNF13P1	1165
chr3	185415333	185416174	ENSG00000228766[1,1,1]	0	+	185415333	185415333	0	1	841,	0,	chr3	185415383	185416124	retro_human_1223|RPL7L1P8-201|processed_pseudogene	0	+	RPL7L1P8	741
chr3	185743126	185785680	ENSG00000043093[1,1,1]	0	-	185750194	185785581	0	7	7145,97,83,131,169,217,102,	0,9210,9522,23204,25859,27515,42452,	chr3	185755881	185761408	AC092953.1-201|processed_pseudogene	0	-	LOC128966750	5527
chr3	185743126	185791095	ENSG00000043093[2,1,1]	0	-	185750194	185785581	0	7	7145,97,83,131,169,217,5517,	0,9210,9522,23204,25859,27515,42452,	chr3	185755881	185761408	AC092953.1-201|processed_pseudogene	0	-	LOC128966750	5527
chr3	185743486	185785680	ENSG00000043093[1,1,7]	0	-	185750194	185785581	0	7	6785,97,83,131,169,217,102,	0,8850,9162,22844,25499,27155,42092,	chr3	185755881	185761408	AC092953.1-201|processed_pseudogene	0	-	LOC128966750	5527
chr3	185744812	185785680	ENSG00000043093[1,1,8]	0	-	185750194	185785581	0	7	5459,97,83,131,169,217,102,	0,7524,7836,21518,24173,25829,40766,	chr3	185755881	185761408	AC092953.1-201|processed_pseudogene	0	-	LOC128966750	5527
chr3	185746183	185785680	ENSG00000043093[1,1,9]	0	-	185750194	185785581	0	7	4088,97,83,131,169,217,102,	0,6153,6465,20147,22802,24458,39395,	chr3	185755881	185761408	AC092953.1-201|processed_pseudogene	0	-	LOC128966750	5527
chr3	185746183	185791095	ENSG00000043093[2,1,9]	0	-	185750194	185785581	0	7	4088,97,83,131,169,217,5517,	0,6153,6465,20147,22802,24458,39395,	chr3	185755881	185761408	AC092953.1-201|processed_pseudogene	0	-	LOC128966750	5527
chr3	185746432	185785680	ENSG00000043093[1,5,10]	0	-	185750194	185769008	0	7	3839,97,83,131,169,75,102,	0,5904,6216,19898,22553,24351,39146,	chr3	185755881	185761408	AC092953.1-201|processed_pseudogene	0	-	LOC128966750	5527
chr3	185746432	185785680	ENSG00000043093[1,1,10]	0	-	185750194	185785581	0	7	3839,97,83,131,169,217,102,	0,5904,6216,19898,22553,24209,39146,	chr3	185755881	185761408	AC092953.1-201|processed_pseudogene	0	-	LOC128966750	5527
chr3	185746432	185791095	ENSG00000043093[2,1,10]	0	-	185750194	185785581	0	7	3839,97,83,131,169,217,5517,	0,5904,6216,19898,22553,24209,39146,	chr3	185755881	185761408	AC092953.1-201|processed_pseudogene	0	-	LOC128966750	5527
chr3	185747411	185785680	ENSG00000043093[1,5,11]	0	-	185750194	185769008	0	7	2860,97,83,131,169,75,102,	0,4925,5237,18919,21574,23372,38167,	chr3	185755881	185761408	AC092953.1-201|processed_pseudogene	0	-	LOC128966750	5527
chr3	185747411	185785680	ENSG00000043093[1,1,11]	0	-	185750194	185785581	0	7	2860,97,83,131,169,217,102,	0,4925,5237,18919,21574,23230,38167,	chr3	185755881	185761408	AC092953.1-201|processed_pseudogene	0	-	LOC128966750	5527
chr3	185747411	185791095	ENSG00000043093[2,1,11]	0	-	185750194	185785581	0	7	2860,97,83,131,169,217,5517,	0,4925,5237,18919,21574,23230,38167,	chr3	185755881	185761408	AC092953.1-201|processed_pseudogene	0	-	LOC128966750	5527
chr3	185747823	185785680	ENSG00000043093[1,5,2]	0	-	185750194	185769008	0	7	2448,97,83,131,169,75,102,	0,4513,4825,18507,21162,22960,37755,	chr3	185755881	185761408	AC092953.1-201|processed_pseudogene	0	-	LOC128966750	5527
chr3	185747823	185785680	ENSG00000043093[1,1,2]	0	-	185750194	185785581	0	7	2448,97,83,131,169,217,102,	0,4513,4825,18507,21162,22818,37755,	chr3	185755881	185761408	AC092953.1-201|processed_pseudogene	0	-	LOC128966750	5527
chr3	185747823	185791095	ENSG00000043093[2,1,2]	0	-	185750194	185785581	0	7	2448,97,83,131,169,217,5517,	0,4513,4825,18507,21162,22818,37755,	chr3	185755881	185761408	AC092953.1-201|processed_pseudogene	0	-	LOC128966750	5527
chr3	185748410	185785680	ENSG00000043093[1,5,12]	0	-	185750194	185769008	0	7	1861,97,83,131,169,75,102,	0,3926,4238,17920,20575,22373,37168,	chr3	185755881	185761408	AC092953.1-201|processed_pseudogene	0	-	LOC128966750	5527
chr3	185748410	185791095	ENSG00000043093[2,1,12]	0	-	185750194	185785581	0	7	1861,97,83,131,169,217,5517,	0,3926,4238,17920,20575,22231,37168,	chr3	185755881	185761408	AC092953.1-201|processed_pseudogene	0	-	LOC128966750	5527
chr3	185748410	185785680	ENSG00000043093[1,1,12]	0	-	185750194	185785581	0	7	1861,97,83,131,169,217,102,	0,3926,4238,17920,20575,22231,37168,	chr3	185755881	185761408	AC092953.1-201|processed_pseudogene	0	-	LOC128966750	5527
chr3	185748823	185791095	ENSG00000043093[2,1,3]	0	-	185750194	185785581	0	7	1448,97,83,131,169,217,5517,	0,3513,3825,17507,20162,21818,36755,	chr3	185755881	185761408	AC092953.1-201|processed_pseudogene	0	-	LOC128966750	5527
chr3	185748823	185785680	ENSG00000043093[1,1,3]	0	-	185750194	185785581	0	7	1448,97,83,131,169,217,102,	0,3513,3825,17507,20162,21818,36755,	chr3	185755881	185761408	AC092953.1-201|processed_pseudogene	0	-	LOC128966750	5527
chr3	185749235	185785680	ENSG00000043093[1,5,13]	0	-	185750194	185769008	0	7	1036,97,83,131,169,75,102,	0,3101,3413,17095,19750,21548,36343,	chr3	185755881	185761408	AC092953.1-201|processed_pseudogene	0	-	LOC128966750	5527
chr3	185749235	185791095	ENSG00000043093[2,1,13]	0	-	185750194	185785581	0	7	1036,97,83,131,169,217,5517,	0,3101,3413,17095,19750,21406,36343,	chr3	185755881	185761408	AC092953.1-201|processed_pseudogene	0	-	LOC128966750	5527
chr3	185749235	185785680	ENSG00000043093[1,1,13]	0	-	185750194	185785581	0	7	1036,97,83,131,169,217,102,	0,3101,3413,17095,19750,21406,36343,	chr3	185755881	185761408	AC092953.1-201|processed_pseudogene	0	-	LOC128966750	5527
chr3	185750081	185785680	ENSG00000043093[1,5,4]	0	-	185750194	185769008	0	7	190,97,83,131,169,75,102,	0,2255,2567,16249,18904,20702,35497,	chr3	185755881	185761408	AC092953.1-201|processed_pseudogene	0	-	LOC128966750	5527
chr3	186694598	186697769	ENSG00000234371[1,2,1]	0	+	186694598	186694598	0	2	334,482,	0,2689,	chr3	186697279	186698174	retro_human_1227|RPSAP31-201|transcribed_processed_pseudogene	0	+	RPSAP31	490
chr3	186694598	186697769	ENSG00000234371[1,2,1]	0	+	186694598	186694598	0	2	334,482,	0,2689,	chr3	186694648	186697719	RPSAP31-202|transcribed_processed_pseudogene	0	+	RPSAP31	3071
chr3	188233013	188234397	ENSG00000229638[1,1,1]	0	-	188233013	188233013	0	1	1384,	0,	chr3	188233063	188234347	retro_human_10946|RPL4P4-201|processed_pseudogene	0	-	RPL4P4	1284
chr3	189412659	189412984	ENSG00000283390[1,1,1]	0	+	189412659	189412659	0	1	325,	0,	chr3	189412709	189412934	retro_human_7442|AC068631.3-201|processed_pseudogene	0	+	AC068631.2,PET100P1	225
chr3	189582993	189583855	ENSG00000226652[2,1,1]	0	+	189582993	189582993	0	1	862,	0,	chr3	189582724	189584080	retro_human_7444|PSMD10P2-202|transcribed_processed_pseudogene	0	+	PSMD10P2	862
chr3	189582993	189583855	ENSG00000226652[2,1,1]	0	+	189582993	189582993	0	1	862,	0,	chr3	189583043	189584080	PSMD10P2-203|transcribed_processed_pseudogene	0	+	PSMD10P2	812
chr3	189582993	189583855	ENSG00000226652[2,1,1]	0	+	189582993	189582993	0	1	862,	0,	chr3	189583133	189583805	PSMD10P2-201|transcribed_processed_pseudogene	0	+	PSMD10P2	672
chr3	189717934	189718394	ENSG00000223803[1,1,1]	0	+	189717934	189717934	0	1	460,	0,	chr3	189717984	189718344	retro_human_7445|RPS20P14-201|processed_pseudogene	0	+	RPS20P14	360
chr3	192983016	192984004	ENSG00000238077[1,1,1]	0	+	192983016	192983016	0	1	988,	0,	chr3	192983066	192983954	retro_human_7446|NMNAT1P3-201|processed_pseudogene	0	+	NMNAT1P3	888
chr3	198261579	198262159	ENSG00000236844[1,1,1]	0	+	198261579	198261579	0	1	580,	0,	chr3	198261629	198262103	retro_human_1588|AC069213.3-201|processed_pseudogene	0	+	RPL24P6	474
chr3	199255738	199256009	ENSG00000225770[1,1,1]	0	+	199255738	199255738	0	1	271,	0,	chr3	199255788	199255959	retro_human_4566|RPS29P3-201|processed_pseudogene	0	+	RPS29P3	171
chr3	199712896	199713879	ENSG00000233487[1,1,1]	0	-	199712949	199713411	0	1	983,	0,	chr3	199710167	199713213	RPSAP69-201|transcribed_processed_pseudogene	0	-	RPSAP69	317
chr3	199712896	199713879	ENSG00000233487[1,1,1]	0	-	199712949	199713411	0	1	983,	0,	chr3	199712946	199713829	retro_human_9742|RPSAP69-202|transcribed_processed_pseudogene	0	-	RPSAP69	883
chr3	200312934	200313320	ENSG00000213519[1,1,1]	0	-	200312934	200312934	0	1	386,	0,	chr3	200312984	200313270	retro_human_9743|AC132008.1-201|processed_pseudogene	0	-	LOC128966751	286
chr3	200366804	200368401	ENSG00000249626[1,1,1]	0	+	200366804	200366804	0	1	1597,	0,	chr3	200366854	200368351	retro_human_4565|AC024560.2-201|processed_pseudogene	0	+	LOC112268458,LOC128966748	1497
chr3	200839714	200841268	ENSG00000232783[1,2,2]	0	+	200839714	200839714	0	3	322,89,247,	0,582,1307,	chr3	200839859	200841484	retro_human_4564	0	+	FRG2FP	1409
chr3	200839714	200841268	ENSG00000232783[1,4,2]	0	+	200839714	200839714	0	2	322,247,	0,1307,	chr3	200839859	200841484	retro_human_4564	0	+	FRG2FP	1409
chr3	200849326	200850484	ENSG00000213113[1,1,1]	0	+	200849326	200849326	0	1	1158,	0,	chr3	200849371	200850359	retro_human_4563	0	+	TUBB8P8	988
chr4	48935	49606	ENSG00000248302[2,1,2]	0	-	48935	48935	0	1	671,	0,	chr4	48527	49388	retro_human_3214|BNIP3P41-202|transcribed_processed_pseudogene	0	-	LOC105374377	453
chr4	48935	49606	ENSG00000248302[2,1,2]	0	-	48935	48935	0	1	671,	0,	chr4	48985	49556	BNIP3P41-201|transcribed_processed_pseudogene	0	-	LOC105374377	571
chr4	331437	332024	ENSG00000248564[1,1,1]	0	-	331437	331437	0	1	587,	0,	chr4	331487	331974	AC079140.1-201|processed_pseudogene	0	-	ZNF141	487
chr4	419117	421327	ENSG00000251595[1,1,2]	0	-	419890	420511	0	1	2210,	0,	chr4	419167	421277	retro_human_3822|ABCA11P-202|transcribed_processed_pseudogene	0	-	ABCA11P,ZNF721	2110
chr4	420360	429272	ENSG00000251595[3,5,5]	0	-	420360	420360	255	2	154,108,	0,8804,	chr4	419167	421277	retro_human_3822|ABCA11P-202|transcribed_processed_pseudogene	0	-	ABCA11P,ZNF721	917
chr4	985077	1002661	ENSG00000127415[1,1,1]	0	+	985215	1002437	0	14	296,141,86,108,96,203,180,217,213,122,126,77,101,355,	0,862,13581,13851,14437,14648,14951,15238,15701,16005,16314,16518,16981,17229,	chr4	986997	989789	retro_human_3781	0	-	SLC26A1,IDUA	2792
chr4	985995	987804	ENSG00000127415[2,10,2]	0	+	986007	987393	0	2	85,443,	0,1366,	chr4	986997	989789	retro_human_3781	0	-	SLC26A1,IDUA	807
chr4	986077	991621	ENSG00000145217[1,1,5]	0	-	986966	989834	0	3	2416,603,190,	0,3181,5354,	chr4	986997	989789	retro_human_3781	0	-	SLC26A1,IDUA	2792
chr4	2087446	2089446	ENSG00000249006[1,1,1]	0	-	2087872	2088394	0	1	2000,	0,	chr4	2087496	2089396	retro_human_9961|AL136360.1-201|processed_pseudogene	0	-	LOC100419959	1900
chr4	2232975	2233324	ENSG00000249047[1,1,1]	0	+	2232975	2232975	0	1	349,	0,	chr4	2233025	2233274	retro_human_4643|COX6B1P5-201|processed_pseudogene	0	+	COX6B1P5	249
chr4	3311638	3312062	ENSG00000248840[1,1,1]	0	+	3311688	3311862	0	1	424,	0,	chr4	3311688	3312012	retro_human_4645|AL645949.1-201|transcribed_processed_pseudogene	0	+	LOC100286945	324
chr4	3311638	3312062	ENSG00000248840[1,1,1]	0	+	3311688	3311862	0	1	424,	0,	chr4	3311993	3312235	AL645949.1-202|transcribed_processed_pseudogene	0	+	LOC100286945	69
chr4	3765195	3767495	ENSG00000184160[1,1,1]	0	+	3765504	3766890	0	1	2300,	0,	chr4	3765586	3766860	retro_human_4653	0	+	ADRA2C	1274
chr4	4086224	4086501	ENSG00000250940[1,1,1]	0	+	4086224	4086224	0	1	277,	0,	chr4	4086274	4086451	AC116562.2-201|processed_pseudogene	0	+	LOC100130459	177
chr4	7401861	7406604	ENSG00000178597[1,1,1]	0	-	7404940	7406503	0	1	4743,	0,	chr4	7404974	7406434	retro_human_6418	0	-	PSAPL1	1460
chr4	7403833	7406604	ENSG00000178597[1,1,2]	0	-	7404940	7406503	0	1	2771,	0,	chr4	7404974	7406434	retro_human_6418	0	-	PSAPL1	1460
chr4	9018583	9018893	ENSG00000250342[1,1,1]	0	-	9018583	9018583	0	1	310,	0,	chr4	9018633	9018843	SNRPCP16-201|processed_pseudogene	0	-	SNRPCP16	210
chr4	11347983	11349001	ENSG00000250896[1,1,1]	0	+	11347983	11347983	0	1	1018,	0,	chr4	11348033	11348951	retro_human_6128|RNPS1P1-201|processed_pseudogene	0	+	RNPS1P1	918
chr4	16238161	16238509	ENSG00000242358[1,1,1]	0	-	16238161	16238161	0	1	348,	0,	chr4	16238211	16238459	retro_human_2444|RPS21P4-201|processed_pseudogene	0	-	TAPT1-AS1,RPS21P4	248
chr4	22709104	22709780	ENSG00000237350[1,1,1]	0	-	22709104	22709104	0	1	676,	0,	chr4	22709154	22709730	retro_human_2441|CDC42P6-201|processed_pseudogene	0	-	CDC42P6	576
chr4	25660771	25661042	ENSG00000242640[1,1,1]	0	+	25660771	25660771	0	1	271,	0,	chr4	25660821	25660992	retro_human_7350|RPS29P11-201|processed_pseudogene	0	+	RPS29P11	171
chr4	33937211	33937664	ENSG00000239983[1,1,1]	0	+	33937211	33937211	0	1	453,	0,	chr4	33937261	33937614	retro_human_7347|AC016687.1-201|processed_pseudogene	0	+	RPL31P31	353
chr4	36474976	36477903	ENSG00000251588[1,1,1]	0	+	36474976	36474976	0	1	2927,	0,	chr4	36475026	36477853	retro_human_7345|AC125336.1-201|processed_pseudogene	0	+	LOC100130532	2827
chr4	37790378	37790956	ENSG00000239532[1,1,1]	0	+	37790378	37790378	0	1	578,	0,	chr4	37790428	37790906	retro_human_7346|AC108022.1-201|processed_pseudogene	0	+	RPL21P45	478
chr4	37975809	37976231	ENSG00000249649[1,1,1]	0	-	37975809	37975809	0	1	422,	0,	chr4	37975859	37976181	retro_human_5217|MRPS33P2-201|processed_pseudogene	0	-	MRPS33P2	322
chr4	39449854	39451605	ENSG00000224097[1,1,2]	0	+	39449854	39449854	0	1	1751,	0,	chr4	39449904	39451555	retro_human_1474|AC021148.1-201|transcribed_processed_pseudogene	0	+	AC021148.1	1651
chr4	39449854	39451605	ENSG00000224097[1,1,2]	0	+	39449854	39449854	0	1	1751,	0,	chr4	39450006	39451415	AC021148.1-202|transcribed_processed_pseudogene	0	+	AC021148.1	1409
chr4	39449854	39451605	ENSG00000224097[1,1,2]	0	+	39449854	39449854	0	1	1751,	0,	chr4	39450134	39451116	AC021148.1-203|transcribed_processed_pseudogene	0	+	AC021148.1	982
chr4	40013251	40014288	ENSG00000205794[1,1,2]	0	-	40013251	40013251	0	1	1037,	0,	chr4	40013301	40014238	retro_human_2091|AC098591.2-202|transcribed_processed_pseudogene	0	-	AC098591.2,LOC344967	937
chr4	40465304	40465696	ENSG00000242197[1,1,1]	0	+	40465304	40465304	0	1	392,	0,	chr4	40465354	40465646	retro_human_1479|AC098869.1-201|processed_pseudogene	0	+	RPL37P14	292
chr4	40760003	40760704	ENSG00000248780[1,1,1]	0	+	40760062	40760191	0	1	701,	0,	chr4	40760053	40760654	retro_human_1478|ARL4AP2-201|processed_pseudogene	0	+	ARL4AP2,NSUN7	601
chr4	41955524	41960336	ENSG00000182308[1,1,1]	0	+	41955611	41956799	0	1	4812,	0,	chr4	41955596	41956787	retro_human_6918	0	+	DCAF4L1	1191
chr4	43866091	43866581	ENSG00000124399[1,1,1]	0	+	43866091	43866091	0	1	490,	0,	chr4	43866141	43866531	retro_human_6921|NDUFB4P12-201|processed_pseudogene	0	+	NDUFB4P12	390
chr4	46690939	46691618	ENSG00000249936[1,1,1]	0	-	46690939	46690939	0	1	679,	0,	chr4	46690989	46691568	retro_human_2095|RAC1P2-201|processed_pseudogene	0	-	RAC1P2	579
chr4	47673667	47674383	ENSG00000242262[1,1,1]	0	+	47673667	47673667	0	1	716,	0,	chr4	47673717	47674333	retro_human_6922|AC092597.1-201|processed_pseudogene	0	+	RPL15P7	616
chr4	56206925	56207776	ENSG00000248375[1,1,1]	0	-	56206925	56206925	0	1	851,	0,	chr4	56206975	56207726	AC104066.3-201|processed_pseudogene	0	-	DANCR	751
chr4	57473793	57474355	ENSG00000229585[1,1,1]	0	-	57473793	57473793	0	1	562,	0,	chr4	57473833	57474305	retro_human_8045|RPL21P44-201|processed_pseudogene	0	-	RPL21P44	472
chr4	58839887	58840584	ENSG00000251111[1,1,1]	0	-	58839887	58839887	0	1	697,	0,	chr4	58839937	58840534	retro_human_8050|FCF1P8-201|processed_pseudogene	0	-	FCF1P8	597
chr4	65212698	65213200	ENSG00000226439[1,1,1]	0	-	65212698	65212698	0	1	502,	0,	chr4	65212748	65213150	retro_human_2217|AC108161.1-201|processed_pseudogene	0	-	RPS12P9	402
chr4	65542920	65543410	ENSG00000225405[1,1,1]	0	-	65542920	65542920	0	1	490,	0,	chr4	65542970	65543360	retro_human_2218|RPS15AP17-201|processed_pseudogene	0	-	RPS15AP17	390
chr4	66253946	66256015	ENSG00000180673[1,1,1]	0	+	66253946	66253946	0	1	2069,	0,	chr4	66253996	66255965	retro_human_4911|EXOC5P1-201|processed_pseudogene	0	+	EXOC5P1	1969
chr4	71144268	71166377	ENSG00000248049[1,11,9]	0	+	71144268	71144268	255	3	326,630,1791,	0,19263,20318,	chr4	71162105	71167372	AC079880.1-201|processed_pseudogene	0	-	AC079880.1,UBA6-AS1,LOC100419862,UBA6-DT	4272
chr4	71144268	71165665	ENSG00000248049[1,11,2]	0	+	71144268	71144268	255	3	326,630,1079,	0,19263,20318,	chr4	71162105	71167372	AC079880.1-201|processed_pseudogene	0	-	AC079880.1,UBA6-AS1,LOC100419862,UBA6-DT	3560
chr4	71144268	71173362	ENSG00000248049[1,13,10]	0	+	71144268	71144268	255	3	326,147,179,	0,27381,28915,	chr4	71162105	71167372	AC079880.1-201|processed_pseudogene	0	-	AC079880.1,UBA6-AS1,LOC100419862,UBA6-DT	5267
chr4	71144268	71165665	ENSG00000248049[1,1,2]	0	+	71144268	71144268	0	3	326,99,2134,	0,15764,19263,	chr4	71162105	71167372	AC079880.1-201|processed_pseudogene	0	-	AC079880.1,UBA6-AS1,LOC100419862,UBA6-DT	3560
chr4	71144268	71166377	ENSG00000248049[1,2,9]	0	+	71144268	71144268	0	2	326,2846,	0,19263,	chr4	71162105	71167372	AC079880.1-201|processed_pseudogene	0	-	AC079880.1,UBA6-AS1,LOC100419862,UBA6-DT	4272
chr4	71144268	71165665	ENSG00000248049[1,2,2]	0	+	71144268	71144268	0	2	326,2134,	0,19263,	chr4	71162105	71167372	AC079880.1-201|processed_pseudogene	0	-	AC079880.1,UBA6-AS1,LOC100419862,UBA6-DT	3560
chr4	71144268	71165665	ENSG00000248049[1,3,2]	0	+	71144268	71144268	0	3	326,211,1079,	0,19263,20318,	chr4	71162105	71167372	AC079880.1-201|processed_pseudogene	0	-	AC079880.1,UBA6-AS1,LOC100419862,UBA6-DT	3560
chr4	71481674	71482878	ENSG00000227725[1,1,1]	0	+	71481674	71481674	0	1	1204,	0,	chr4	71481724	71482828	retro_human_9772|GCOM2-201|processed_pseudogene	0	+	LOC128966752	1104
chr4	71817347	71817630	ENSG00000162840[1,1,1]	0	+	71817347	71817347	0	1	283,	0,	chr4	71817397	71817580	retro_human_9768|MT2P1-201|processed_pseudogene	0	+	MT2P1	183
chr4	72324806	72325462	ENSG00000248547[1,1,1]	0	-	72324806	72324806	0	1	656,	0,	chr4	72324856	72325412	retro_human_7654|AC021146.2-201|processed_pseudogene	0	-	LOC100174950	556
chr4	76442419	76442843	ENSG00000248641[1,1,1]	0	+	76442419	76442419	0	1	424,	0,	chr4	76442469	76442793	retro_human_4267|HMGA1P2-201|processed_pseudogene	0	+	HMGA1P2	324
chr4	77330628	77331881	ENSG00000163736[1,1,2]	0	-	77330915	77331744	0	3	387,136,285,	0,529,968,	chr4	77330916	77331140	retro_human_1830	0	-	PPBP	224
chr4	81521619	81522900	ENSG00000249565[1,1,1]	0	-	81521619	81521619	0	1	1281,	0,	chr4	81521669	81522850	retro_human_1440|SERBP1P5-201|processed_pseudogene	0	-	SERBP1P5	1181
chr4	81984482	81984871	ENSG00000251019[1,1,1]	0	-	81984482	81984482	0	1	389,	0,	chr4	81984532	81984821	retro_human_1441|HIGD1AP13-201|processed_pseudogene	0	-	HIGD1AP13	289
chr4	83491380	83492363	ENSG00000244002[1,1,1]	0	+	83491380	83491380	0	1	983,	0,	chr4	83491430	83492313	retro_human_10159|RPSAP39-201|processed_pseudogene	0	+	RPSAP39	883
chr4	85824027	85825236	ENSG00000227304[1,1,1]	0	-	85824889	85825186	0	1	1209,	0,	chr4	85824077	85825571	retro_human_7788|AC067942.1-201|transcribed_processed_pseudogene	0	-	RPS6P6	1159
chr4	85824027	85825236	ENSG00000227304[1,1,1]	0	-	85824889	85825186	0	1	1209,	0,	chr4	85824129	85825186	AC067942.1-202|transcribed_processed_pseudogene	0	-	RPS6P6	1057
chr4	86807531	86808532	ENSG00000213608[1,1,1]	0	+	86807531	86807531	0	1	1001,	0,	chr4	86807581	86808482	retro_human_4680|SLC25A14P1-201|processed_pseudogene	0	+	SLC25A14P1	901
chr4	90279010	90279555	ENSG00000235043[1,1,1]	0	-	90279010	90279010	0	1	545,	0,	chr4	90279060	90279505	retro_human_7810|TECRP1-201|processed_pseudogene	0	-	TECRP1	445
chr4	90495856	90496847	ENSG00000248196[1,1,1]	0	+	90495856	90495856	0	1	991,	0,	chr4	90495906	90496797	retro_human_10579|AC092658.1-201|processed_pseudogene	0	+	LOC100419572	891
chr4	90536095	90537190	ENSG00000248180[1,1,1]	0	+	90536095	90536095	0	1	1095,	0,	chr4	90536145	90537140	retro_human_10580|GAPDHP60-201|processed_pseudogene	0	+	GAPDHP60	995
chr4	91218219	91220501	ENSG00000183199[1,1,1]	0	+	91218219	91218219	0	1	2282,	0,	chr4	91218269	91220451	retro_human_10582|HSP90AB3P-201|processed_pseudogene	0	+	HSP90AB3P	2182
chr4	94164336	94164571	ENSG00000187653[1,1,1]	0	-	94164336	94164336	0	1	235,	0,	chr4	94164386	94164521	retro_human_1061|TMSB4XP8-201|processed_pseudogene	0	-	TMSB4XP8	135
chr4	99155242	99156714	ENSG00000163114[1,1,1]	0	+	99155350	99156514	0	1	1472,	0,	chr4	99155342	99156514	retro_human_10586	0	+	PDHA2	1172
chr4	100217555	100217905	ENSG00000236764[1,1,1]	0	+	100217555	100217555	0	1	350,	0,	chr4	100217605	100217855	retro_human_5087|COX7A2P2-201|processed_pseudogene	0	+	COX7A2P2	250
chr4	102224438	102224850	ENSG00000249055[1,1,1]	0	-	102224491	102224731	0	1	412,	0,	chr4	102224488	102224800	retro_human_1066|TBCAP3-201|transcribed_processed_pseudogene	0	-	EIF4E,TBCAP3	312
chr4	106042594	106044120	ENSG00000248971[1,1,1]	0	-	106042943	106043459	0	1	1526,	0,	chr4	106041172	106044620	retro_human_9620|LRRC37A15P-201|processed_pseudogene	0	-	MANBA,LRRC37A15P,KRT8P46	1526
chr4	106042594	106044120	ENSG00000248971[1,1,1]	0	-	106042943	106043459	0	1	1526,	0,	chr4	106042644	106044070	KRT8P46-201|processed_pseudogene	0	-	KRT8P46	1426
chr4	106065250	106066591	ENSG00000251288[1,1,1]	0	+	106065250	106065250	0	1	1341,	0,	chr4	106065300	106066541	retro_human_10990|AC018797.2-201|processed_pseudogene	0	+	LOC100419096	1241
chr4	106211015	106212628	ENSG00000250651[1,1,1]	0	+	106211015	106211015	0	1	1613,	0,	chr4	106211065	106212578	retro_human_10991|PABPC1P7-201|processed_pseudogene	0	+	PABPC1P7	1513
chr4	108795511	108796994	ENSG00000249264[1,1,1]	0	+	108795511	108795511	0	1	1483,	0,	chr4	108795561	108796944	retro_human_10986|EEF1A1P9-201|processed_pseudogene	0	+	EEF1A1P9	1383
chr4	108990125	108991270	ENSG00000248778[1,1,1]	0	-	108990125	108990125	0	1	1145,	0,	chr4	108990175	108991220	retro_human_3750|AC105391.1-201|processed_pseudogene	0	-	ARHGEF38	1045
chr4	112648395	112649629	ENSG00000249465[1,1,1]	0	-	112648395	112648395	0	1	1234,	0,	chr4	112648445	112649579	retro_human_3747|RBMXP4-201|processed_pseudogene	0	-	RBMXP4	1134
chr4	112855325	112856277	ENSG00000225094[1,1,1]	0	-	112855325	112855325	0	1	952,	0,	chr4	112855375	112856227	retro_human_3744|SETP20-201|processed_pseudogene	0	-	SETP20	852
chr4	112857252	112857915	ENSG00000249965[1,1,1]	0	+	112857252	112857252	0	1	663,	0,	chr4	112857302	112857865	retro_human_10983|CDC42P4-201|processed_pseudogene	0	+	CDC42P4	563
chr4	113554116	113554445	ENSG00000166530[1,1,1]	0	-	113554116	113554116	0	1	329,	0,	chr4	113554166	113554395	retro_human_3743|HSBP1P2-201|processed_pseudogene	0	-	HSBP1P2,LOC124900759	229
chr4	115664431	115668216	ENSG00000251441[1,1,1]	0	+	115666449	115667025	0	1	3785,	0,	chr4	115664481	115668166	retro_human_5474|RTEL1P1-201|transcribed_processed_pseudogene	0	+	RTEL1P1	3685
chr4	115764217	115766179	ENSG00000248697[1,1,1]	0	+	115764217	115764217	0	1	1962,	0,	chr4	115764267	115766129	retro_human_5466|TOX4P1-201|processed_pseudogene	0	+	TOX4P1	1862
chr4	115873273	115873784	ENSG00000250966[1,1,1]	0	+	115873273	115873273	0	1	511,	0,	chr4	115873323	115873734	retro_human_5465|H3P14-201|processed_pseudogene	0	+	H3P14	411
chr4	116188598	116190731	ENSG00000251126[1,1,1]	0	-	116188598	116188598	0	2	611,363,	0,1770,	chr4	116190068	116190483	retro_human_10653|AC017007.1-201|transcribed_processed_pseudogene	0	-	AC017007.5,LOC102723896	415
chr4	116522714	116523162	ENSG00000196656[1,1,1]	0	-	116522714	116522714	0	1	448,	0,	chr4	116522764	116523112	retro_human_10655|AC004057.1-201|transcribed_processed_pseudogene	0	-	AC004057.1,RPS26P25	348
chr4	118016548	118017990	ENSG00000250215[1,1,1]	0	-	118016548	118016548	0	1	1442,	0,	chr4	118016598	118017940	CIR1P2-201|processed_pseudogene	0	-	CIR1P2	1342
chr4	119346441	119347180	ENSG00000250442[1,1,1]	0	-	119346441	119346441	0	1	739,	0,	chr4	119346491	119347130	retro_human_5421|EIF3KP3-201|processed_pseudogene	0	-	EIF3KP3	639
chr4	120385205	120387328	ENSG00000174599[1,1,1]	0	-	120385988	120387095	0	1	2123,	0,	chr4	120386013	120387095	retro_human_61	0	-	TRAM1L1	1082
chr4	120385395	120387328	ENSG00000174599[1,1,2]	0	-	120385988	120387095	0	1	1933,	0,	chr4	120386013	120387095	retro_human_61	0	-	TRAM1L1	1082
chr4	121498324	121499771	ENSG00000251463[1,1,1]	0	-	121498324	121498324	0	1	1447,	0,	chr4	121498374	121499721	retro_human_67|FKBP4P1-201|processed_pseudogene	0	-	FKBP4P1	1347
chr4	121705479	121705900	ENSG00000230671[1,1,1]	0	-	121705479	121705479	0	1	421,	0,	chr4	121705529	121705850	retro_human_65|NDUFS5P5-201|processed_pseudogene	0	-	NDUFS5P5	321
chr4	121941221	121944134	ENSG00000248213[1,1,1]	0	-	121941221	121941221	0	1	2913,	0,	chr4	121941271	121944084	retro_human_64|CICP16-201|processed_pseudogene	0	-	AC096582.2,CICP16	2813
chr4	121945924	121946210	ENSG00000251155[1,1,1]	0	+	121945924	121945924	0	1	286,	0,	chr4	121945974	121946160	SEPTIN14P4-201|processed_pseudogene	0	+	SEPTIN14P4	186
chr4	122696892	122700489	ENSG00000249244[1,1,1]	0	-	122696892	122696892	0	1	3597,	0,	chr4	122698403	122700061	retro_human_58	0	-	LOC107986193,AC110373.1,GK6P	1658
chr4	125120445	125127985	ENSG00000145386[1,1,1]	0	-	125121692	125127680	0	8	1293,134,114,208,224,113,244,518,	0,1650,2406,2978,4148,4585,6009,7022,	chr4	125123469	125124793	retro_human_5821	0	-	CCNA2	1324
chr4	125121378	125127985	ENSG00000145386[1,1,2]	0	-	125121692	125127680	0	8	360,134,114,208,224,113,244,518,	0,717,1473,2045,3215,3652,5076,6089,	chr4	125123469	125124793	retro_human_5821	0	-	CCNA2	1324
chr4	126564004	126564274	ENSG00000250322[1,1,1]	0	-	126564004	126564004	0	1	270,	0,	chr4	126564054	126564224	retro_human_5818|AC026402.1-201|processed_pseudogene	0	-	SPATA5	170
chr4	131115666	131116247	ENSG00000244021[1,1,1]	0	-	131115666	131115666	0	1	581,	0,	chr4	131115716	131116197	retro_human_460|AC093591.1-201|processed_pseudogene	0	-	HSPA4L,RPL21P53	481
chr4	131459440	131460356	ENSG00000248394[1,1,1]	0	+	131459541	131459703	0	1	916,	0,	chr4	131459490	131460306	retro_human_6281|FOSL1P1-201|processed_pseudogene	0	+	FOSL1P1	816
chr4	137518747	137524304	ENSG00000254535[1,1,1]	0	-	137522374	137523484	0	2	4963,122,	0,5435,	chr4	137522327	137523484	retro_human_4635	0	-	PABPC4L	1157
chr4	137649497	137651333	ENSG00000248191[1,1,1]	0	+	137649497	137649497	0	1	1836,	0,	chr4	137649547	137651283	retro_human_2822|PES1P1-201|processed_pseudogene	0	+	AC015631.1,PES1P1	1736
chr4	138275013	138275744	ENSG00000241411[1,1,1]	0	-	138275013	138275013	0	1	731,	0,	chr4	138275063	138275694	retro_human_4636|AC104619.1-201|processed_pseudogene	0	-	RPS2P27	631
chr4	140771437	140771952	ENSG00000213448[1,1,1]	0	+	140771437	140771437	0	1	515,	0,	chr4	140771487	140771902	retro_human_8283|RPS23P2-201|processed_pseudogene	0	+	RPS23P2	415
chr4	142434507	142435052	ENSG00000179967[1,1,1]	0	-	142434560	142434695	0	1	545,	0,	chr4	142434557	142435002	retro_human_4639|PPP1R14BP3-201|processed_pseudogene	0	-	PPP1R14BP3	445
chr4	142733401	142773477	ENSG00000273247[2,3,2]	0	-	142733401	142733401	0	3	273,76,142,	0,2185,39934,	chr4	142746493	142750535	AC097376.2-202|transcribed_processed_pseudogene	0	-	AC097376.2,LOC100421868	4042
chr4	142733401	142773735	ENSG00000273247[3,3,2]	0	-	142733401	142733401	0	3	273,76,400,	0,2185,39934,	chr4	142746493	142750535	AC097376.2-202|transcribed_processed_pseudogene	0	-	AC097376.2,LOC100421868	4042
chr4	142745899	142746996	ENSG00000248863[1,1,1]	0	-	142745899	142745899	0	1	1097,	0,	chr4	142745949	142746946	AC097376.2-201|transcribed_processed_pseudogene	0	-	AC097376.2,LOC100421868	997
chr4	142745899	142746996	ENSG00000248863[1,1,1]	0	-	142745899	142745899	0	1	1097,	0,	chr4	142746493	142750535	AC097376.2-202|transcribed_processed_pseudogene	0	-	AC097376.2,LOC100421868	503
chr4	143017696	143018207	ENSG00000178458[1,1,1]	0	-	143017696	143017696	0	1	511,	0,	chr4	143017746	143018157	retro_human_4640|H3P16-201|processed_pseudogene	0	-	H3P16	411
chr4	145634420	145634829	ENSG00000250835[1,1,1]	0	+	145634420	145634420	0	1	409,	0,	chr4	145634470	145634779	retro_human_8777|LSM3P4-201|processed_pseudogene	0	+	LSM3P4	309
chr4	146741913	146743274	ENSG00000243175[1,1,1]	0	+	146742775	146742994	0	1	1361,	0,	chr4	146741963	146743224	retro_human_8289|RPSAP36-202|transcribed_processed_pseudogene	0	+	RPSAP36	1261
chr4	146741913	146743274	ENSG00000243175[1,1,1]	0	+	146742775	146742994	0	1	1361,	0,	chr4	146742262	146743131	RPSAP36-201|transcribed_processed_pseudogene	0	+	RPSAP36	869
chr4	146872226	146872828	ENSG00000248924[2,1,1]	0	-	146872226	146872226	0	1	602,	0,	chr4	146872276	146872597	AC139713.1-201|transcribed_processed_pseudogene	0	-	SMARCA5	321
chr4	146872226	146872828	ENSG00000248924[2,1,1]	0	-	146872226	146872226	0	1	602,	0,	chr4	146872318	146872778	AC139713.1-202|transcribed_processed_pseudogene	0	-	SMARCA5	460
chr4	146876602	146890959	ENSG00000251600[11,14,14]	0	+	146876602	146876602	0	2	742,1317,	0,13040,	chr4	146876667	146878656	retro_human_2618|GUSBP5-202|transcribed_processed_pseudogene	0	+	AC107223.1	1989
chr4	146876617	146878706	ENSG00000236296[1,1,2]	0	+	146876617	146876617	0	1	2089,	0,	chr4	146876667	146878656	retro_human_2618|GUSBP5-202|transcribed_processed_pseudogene	0	+	AC107223.1	1989
chr4	146876617	146878706	ENSG00000236296[1,1,2]	0	+	146876617	146876617	0	1	2089,	0,	chr4	146876682	146877260	GUSBP5-201|transcribed_processed_pseudogene	0	+	AC107223.1	578
chr4	146876840	146890006	ENSG00000251600[12,14,13]	0	+	146876840	146876840	0	2	504,364,	0,12802,	chr4	146876667	146878656	retro_human_2618|GUSBP5-202|transcribed_processed_pseudogene	0	+	AC107223.1	1816
chr4	147228835	147229475	ENSG00000249741[1,1,1]	0	-	147228873	147229425	0	1	640,	0,	chr4	147228885	147229425	retro_human_10523|AC093890.1-201|processed_pseudogene	0	-	LOC100420464,GYPE	540
chr4	150782795	150783493	ENSG00000249004[1,1,1]	0	-	150782795	150782795	0	1	698,	0,	chr4	150782845	150783443	retro_human_5022|PRMT5P1-201|processed_pseudogene	0	-	PRMT5P1	598
chr4	152027548	152027955	ENSG00000225176[1,1,1]	0	-	152027548	152027548	0	1	407,	0,	chr4	152027598	152027905	retro_human_5029|ATP5MGP4-201|processed_pseudogene	0	-	ATP5MGP4	307
chr4	156119075	156119944	ENSG00000250980[1,1,1]	0	-	156119075	156119075	0	1	869,	0,	chr4	156119125	156119894	retro_human_9406|NSA2P6-201|processed_pseudogene	0	-	NSA2P6	769
chr4	156250596	156251458	ENSG00000231841[1,1,1]	0	+	156250596	156250596	0	1	862,	0,	chr4	156250646	156251408	retro_human_8627|FAM192BP-201|processed_pseudogene	0	+	FAM192BP	762
chr4	156632159	156633185	ENSG00000213406[1,1,1]	0	-	156632159	156632159	0	1	1026,	0,	chr4	156632209	156633135	retro_human_9408|ANXA2P1-201|processed_pseudogene	0	-	ANXA2P1	926
chr4	157705570	157706130	ENSG00000249200[1,1,1]	0	+	157705570	157705570	0	1	560,	0,	chr4	157705620	157706080	AC110775.1-201|processed_pseudogene	0	+	LOC100419960	460
chr4	161629696	161630715	ENSG00000251429[2,1,1]	0	+	161629696	161629696	0	1	1019,	0,	chr4	161629746	161630665	retro_human_3593|AIDAP2-203|transcribed_processed_pseudogene	0	+	AIDAP2	919
chr4	161629696	161630715	ENSG00000251429[2,1,1]	0	+	161629696	161629696	0	1	1019,	0,	chr4	161622369	161630590	AIDAP2-201|transcribed_processed_pseudogene	0	+	AIDAP2	894
chr4	166671742	166680473	ENSG00000164128[1,8,1]	0	-	166673622	166674384	255	2	2793,165,	0,8566,	chr4	166673250	166674258	retro_human_10925	0	-	NPY1R	1008
chr4	166671742	166680473	ENSG00000164128[1,4,1]	0	-	166673135	166673850	0	4	1846,279,41,165,	0,1943,2752,8566,	chr4	166673250	166674258	retro_human_10925	0	-	NPY1R	1008
chr4	166671742	166680473	ENSG00000164128[1,1,1]	0	-	166673135	166674384	0	3	1846,850,165,	0,1943,8566,	chr4	166673250	166674258	retro_human_10925	0	-	NPY1R	1008
chr4	166671742	166680739	ENSG00000164128[5,1,1]	0	-	166673135	166674384	0	3	1846,850,431,	0,1943,8566,	chr4	166673250	166674258	retro_human_10925	0	-	NPY1R	1008
chr4	167280208	167280965	ENSG00000177803[1,1,1]	0	+	167280208	167280208	0	1	757,	0,	chr4	167280258	167280915	retro_human_9077|AC112247.1-201|processed_pseudogene	0	+	YWHAQP4	657
chr4	168268244	168268790	ENSG00000244146[1,1,1]	0	-	168268244	168268244	0	1	546,	0,	chr4	168268294	168268740	retro_human_7063|AC106872.3-201|processed_pseudogene	0	-	AC106872.12,RPL26P16	446
chr4	168290901	168291649	ENSG00000121089[1,1,1]	0	+	168290901	168290901	0	1	748,	0,	chr4	168290951	168291599	NACA3P-201|processed_pseudogene	0	+	NACA3P	648
chr4	168623754	168625722	ENSG00000229894[1,1,1]	0	-	168623979	168625638	0	1	1968,	0,	chr4	168623980	168625638	retro_human_7067	0	-	GK3P,GK3	1658
chr4	168750060	168752444	ENSG00000251596[1,1,1]	0	-	168750060	168750060	0	1	2384,	0,	chr4	168750110	168752394	retro_human_7068|HADHAP1-201|processed_pseudogene	0	-	HADHAP1	2284
chr4	172114787	172115454	ENSG00000214676[1,1,1]	0	+	172115010	172115412	0	1	667,	0,	chr4	172114837	172115404	retro_human_2135|RPL9P16-201|processed_pseudogene	0	+	RPL9P16	567
chr4	173151377	173151959	ENSG00000229204[1,1,1]	0	-	173151377	173151377	0	1	582,	0,	chr4	173151427	173151909	retro_human_9975|PTGES3P3-201|processed_pseudogene	0	-	PTGES3P3	482
chr4	175727928	175728488	ENSG00000248637[1,1,1]	0	-	175727928	175727928	0	1	560,	0,	chr4	175727978	175728438	retro_human_9984|AC108064.1-201|processed_pseudogene	0	-	LOC100506133	460
chr4	176758769	176759762	ENSG00000242882[1,1,1]	0	-	176758769	176758769	0	1	993,	0,	chr4	176758819	176759712	retro_human_9983|RPL5P11-201|processed_pseudogene	0	-	RPL5P11	893
chr4	176955649	176956720	ENSG00000234801[1,1,1]	0	-	176955649	176955649	0	1	1071,	0,	chr4	176955699	176956670	retro_human_1971|MORF4-201|processed_pseudogene	0	-	MORF4	971
chr4	185247870	185248648	ENSG00000251433[1,1,1]	0	-	185247870	185247870	0	1	778,	0,	chr4	185247920	185248598	retro_human_1973|CCNHP1-201|processed_pseudogene	0	-	CCNHP1	678
chr4	186826235	186827031	ENSG00000213434[1,1,1]	0	+	186826235	186826235	0	1	796,	0,	chr4	186826285	186826981	retro_human_9464|VTI1BP2-201|processed_pseudogene	0	+	VTI1BP2	696
chr4	187642867	187643479	ENSG00000227765[1,1,1]	0	-	187642867	187642867	0	1	612,	0,	chr4	187642917	187643429	MYL12BP2-201|processed_pseudogene	0	-	MYL12BP2	512
chr4	192091453	192092675	ENSG00000180015[1,1,1]	0	+	192091453	192091453	0	1	1222,	0,	chr4	192091503	192092625	retro_human_9900|AC093909.1-201|processed_pseudogene	0	+	LOC285442	1122
chr4	193409495	193411668	ENSG00000214273[1,1,1]	0	+	193409495	193409495	0	1	2173,	0,	chr4	193409545	193411618	retro_human_9901|AGGF1P1-201|processed_pseudogene	0	+	AGGF1P1	2073
chr4	193562907	193563472	ENSG00000261914[1,1,1]	0	+	193562907	193562907	0	1	565,	0,	chr4	193562956	193563411	retro_human_3213|RPL23AP60-201|processed_pseudogene	0	+	RPL23AP84	455
chr4	193562907	193563472	ENSG00000261914[1,1,1]	0	+	193562907	193562907	0	1	565,	0,	chr4	193562968	193563209	AC215524.1-1|processed_pseudogene	0	-	RPL23AP84	241
chr5	14578866	14580559	ENSG00000250526[1,1,1]	0	-	14578866	14578866	0	1	1693,	0,	chr5	14578916	14580509	retro_human_8198|CCT6P2-201|processed_pseudogene	0	-	CCT6P2	1593
chr5	14591383	14592872	ENSG00000250182[1,1,1]	0	-	14591383	14591383	0	1	1489,	0,	chr5	14591433	14592822	retro_human_8197|EEF1A1P13-201|processed_pseudogene	0	-	EEF1A1P13	1389
chr5	14736516	14737892	ENSG00000249485[1,1,1]	0	-	14736810	14737737	0	1	1376,	0,	chr5	14736566	14737842	retro_human_8191|RBBP4P1-201|processed_pseudogene	0	-	RBBP4P1	1276
chr5	16841390	16841838	ENSG00000243538[1,1,1]	0	-	16841491	16841788	0	1	448,	0,	chr5	16841440	16841788	retro_human_2707|RPS26P28-201|processed_pseudogene	0	-	RPS26P28	348
chr5	17293037	17294067	ENSG00000223361[2,1,1]	0	-	17293037	17293037	0	1	1030,	0,	chr5	17293087	17294017	retro_human_2708|FTH1P10-201|transcribed_processed_pseudogene	0	-	AC026785.2	930
chr5	17293037	17294067	ENSG00000223361[2,1,1]	0	-	17293037	17293037	0	1	1030,	0,	chr5	17293267	17293817	FTH1P10-202|transcribed_processed_pseudogene	0	-	AC026785.2	550
chr5	17293217	17293867	ENSG00000223361[1,1,2]	0	-	17293217	17293217	0	1	650,	0,	chr5	17293087	17294017	retro_human_2708|FTH1P10-201|transcribed_processed_pseudogene	0	-	AC026785.2	650
chr5	17293217	17293867	ENSG00000223361[1,1,2]	0	-	17293217	17293217	0	1	650,	0,	chr5	17293267	17293817	FTH1P10-202|transcribed_processed_pseudogene	0	-	AC026785.2	550
chr5	17655024	17656098	ENSG00000269466[1,1,1]	0	-	17655329	17655737	0	1	1074,	0,	chr5	17655335	17655737	retro_human_8556	0	-	H3Y1	402
chr5	21990135	21991957	ENSG00000213430[1,1,1]	0	+	21990135	21990135	0	1	1822,	0,	chr5	21990185	21991907	retro_human_439|HSPD1P1-201|processed_pseudogene	0	+	HSPD1P1	1722
chr5	24277766	24278743	ENSG00000226432[1,1,1]	0	+	24277766	24277766	0	1	977,	0,	chr5	24277816	24278693	retro_human_444|AC010342.1-201|processed_pseudogene	0	+	AKTIPP2,LOC503540	877
chr5	26014155	26015990	ENSG00000251593[1,1,1]	0	+	26014155	26014155	0	1	1835,	0,	chr5	26014205	26015940	retro_human_443|MSNP1-201|processed_pseudogene	0	+	MSNP1	1735
chr5	29995660	29996997	ENSG00000233787[1,1,1]	0	-	29995660	29995660	0	1	1337,	0,	chr5	29995710	29996947	AC010374.1-201|processed_pseudogene	0	-	LOC105374704	1237
chr5	31363419	31364628	ENSG00000250482[1,1,1]	0	+	31364148	31364541	0	1	1209,	0,	chr5	31363469	31364578	retro_human_5814|DUX4L51-201|processed_pseudogene	0	+	CDH6,DUX4L51	1109
chr5	31935872	31936542	ENSG00000224282[1,1,1]	0	-	31935872	31935872	0	1	670,	0,	chr5	31935922	31936498	retro_human_1955|AC010469.1-201|processed_pseudogene	0	-	RPL9P17	576
chr5	32036943	32037209	ENSG00000249774[1,1,1]	0	+	32036993	32037158	0	1	266,	0,	chr5	32036993	32037159	retro_human_10676|AC025458.1-201|processed_pseudogene	0	+	LOC107986346	166
chr5	32335534	32336050	ENSG00000230829[1,1,1]	0	+	32335534	32335534	0	1	516,	0,	chr5	32335584	32336000	retro_human_7937|AC025181.1-201|processed_pseudogene	0	+	RPL27P10	416
chr5	33277164	33277893	ENSG00000240376[1,1,1]	0	+	33277164	33277164	0	1	729,	0,	chr5	33277214	33277843	retro_human_7932|AC010343.1-201|processed_pseudogene	0	+	RPS8P8	629
chr5	34434586	34438284	ENSG00000215156[1,1,1]	0	+	34434586	34434586	0	1	3698,	0,	chr5	34434636	34438234	retro_human_5176|AC138409.1-1|processed_pseudogene	0	+	LOC646652	3598
chr5	37334838	37335735	ENSG00000244073[1,1,1]	0	+	37334838	37334838	0	1	897,	0,	chr5	37334888	37335685	retro_human_5178|RPS4XP6-201|processed_pseudogene	0	+	RPS4XP6	797
chr5	37459139	37462257	ENSG00000228212[1,1,1]	0	+	37459139	37459139	0	1	3118,	0,	chr5	37459189	37462207	retro_human_10276|OFD1P17-201|processed_pseudogene	0	+	OFD1P17	3018
chr5	37755270	37756540	ENSG00000248216[1,1,1]	0	-	37755270	37755270	0	1	1270,	0,	chr5	37755320	37756490	retro_human_7794|KCTD9P5-201|processed_pseudogene	0	-	KCTD9P5	1170
chr5	38678909	38679278	ENSG00000248234[1,1,1]	0	-	38678909	38678909	0	1	369,	0,	chr5	38678959	38679228	AC091839.1-201|processed_pseudogene	0	-	LOC124901186	269
chr5	43459539	43460742	ENSG00000249779[1,1,1]	0	+	43459568	43459853	0	1	1203,	0,	chr5	43459589	43460692	retro_human_5525|AC106800.2-201|processed_pseudogene	0	+	LOC100419037	1103
chr5	43601112	43601600	ENSG00000188850[2,1,1]	0	+	43601112	43601112	0	1	488,	0,	chr5	43601162	43601506	retro_human_4783|AC114947.1-202|transcribed_processed_pseudogene	0	+	AC114947.1,LOC107986378	344
chr5	53731616	53732287	ENSG00000241809[1,1,1]	0	+	53731857	53732088	0	1	671,	0,	chr5	53731666	53732237	retro_human_4777|AC022133.1-201|processed_pseudogene	0	+	ITGA1	571
chr5	56357697	56358343	ENSG00000250853[1,1,1]	0	-	56357750	56358251	0	1	646,	0,	chr5	56357747	56358293	retro_human_9789|RNF138P1-201|processed_pseudogene	0	-	PLPP1,RNF138P1	546
chr5	57332545	57333083	ENSG00000226221[1,1,1]	0	-	57332545	57332545	0	1	538,	0,	chr5	57332595	57333033	retro_human_4922|RPL26P19-201|processed_pseudogene	0	-	RPL26P19	438
chr5	58308685	58311579	ENSG00000169067[1,1,1]	0	-	58310297	58311425	0	1	2894,	0,	chr5	58310313	58311419	retro_human_4926	0	-	ACTBL2	1106
chr5	61278113	61279105	ENSG00000214244[1,1,1]	0	-	61278113	61278113	0	1	992,	0,	chr5	61278163	61279055	retro_human_4930|SETP21-201|processed_pseudogene	0	-	SETP21	892
chr5	61448634	61449194	ENSG00000251303[1,1,1]	0	+	61448634	61448634	0	1	560,	0,	chr5	61448684	61449144	retro_human_5968|CAB39P1-201|processed_pseudogene	0	+	DEPDC1B	460
chr5	61708268	61710011	ENSG00000215032[1,1,1]	0	-	61709077	61709521	0	1	1743,	0,	chr5	61708318	61709961	retro_human_10417|GNL3LP1-201|processed_pseudogene	0	-	GNL3LP1	1643
chr5	62166205	62166896	ENSG00000251682[1,1,1]	0	+	62166205	62166205	0	1	691,	0,	chr5	62166255	62166846	retro_human_5961|AC122718.2-201|processed_pseudogene	0	+	LOC100421309	591
chr5	62194177	62195021	ENSG00000250461[1,1,1]	0	+	62194227	62194968	0	1	844,	0,	chr5	62194227	62194971	AC122718.1-201|processed_pseudogene	0	+	LOC100421561	744
chr5	63331826	63332163	ENSG00000268942[1,1,1]	0	-	63331826	63331826	0	1	337,	0,	chr5	63331876	63332113	retro_human_10413|CKS1BP3-201|processed_pseudogene	0	-	CKS1BP3	237
chr5	63596508	63596995	ENSG00000217416[1,1,1]	0	-	63596508	63596508	0	1	487,	0,	chr5	63596558	63596945	retro_human_10412|ISCA1P1-201|processed_pseudogene	0	-	ISCA1P1	387
chr5	64780440	64782318	ENSG00000178394[2,1,3]	0	-	64780588	64781854	0	1	1878,	0,	chr5	64780604	64781749	retro_human_10420	0	-	HTR1A	1145
chr5	66554708	66555490	ENSG00000251648[1,1,1]	0	+	66555009	66555438	0	1	782,	0,	chr5	66554758	66555440	AC008958.1-201|processed_pseudogene	0	+	LOC100419549	682
chr5	67394082	67394672	ENSG00000234838[1,1,1]	0	+	67394082	67394082	0	1	590,	0,	chr5	67394132	67394622	retro_human_11062|PPIAP78-201|processed_pseudogene	0	+	PPIAP78	490
chr5	68458548	68461209	ENSG00000249238[1,1,1]	0	+	68458548	68458548	0	1	2661,	0,	chr5	68458598	68461159	retro_human_11064|BCL9P1-201|processed_pseudogene	0	+	BCL9P1	2561
chr5	68512206	68512711	ENSG00000250669[1,1,1]	0	-	68512206	68512206	0	1	505,	0,	chr5	68512256	68512661	retro_human_4515|AC112206.4-201|processed_pseudogene	0	-	LOC359819	405
chr5	68981390	68982166	ENSG00000213864[1,1,1]	0	-	68981390	68981390	0	1	776,	0,	chr5	68981440	68982116	retro_human_4518|EEF1B2P2-201|processed_pseudogene	0	-	EEF1B2P2	676
chr5	70159580	70160001	ENSG00000215006[1,1,1]	0	+	70159580	70159580	0	1	421,	0,	chr5	70159630	70159951	retro_human_5570|CHCHD2P2-201|processed_pseudogene	0	+	CHCHD2P2	321
chr5	70295472	70295826	ENSG00000244717[1,1,1]	0	+	70295472	70295472	0	1	354,	0,	chr5	70295522	70295776	retro_human_5568|RPS27P14-201|processed_pseudogene	0	+	RPS27P14	254
chr5	70457696	70462233	ENSG00000250138[1,1,1]	0	+	70457696	70457696	0	1	4537,	0,	chr5	70457864	70461268	retro_human_5567	0	+	AC139495.2,LOC728488	3404
chr5	71957026	71957682	ENSG00000253536[1,1,1]	0	-	71957026	71957026	0	1	656,	0,	chr5	71957076	71957632	retro_human_9993|AC138832.1-201|processed_pseudogene	0	-	LOC100419852	556
chr5	73359986	73360404	ENSG00000242602[1,1,1]	0	-	73359986	73359986	0	1	418,	0,	chr5	73360036	73360354	retro_human_9994|AC008953.1-201|processed_pseudogene	0	-	RPL35AP13	318
chr5	73501687	73502367	ENSG00000248930[1,1,1]	0	-	73501687	73501687	0	1	680,	0,	chr5	73501737	73502317	retro_human_9995|AC020893.1-201|processed_pseudogene	0	-	CHP1P1	580
chr5	73989956	73990626	ENSG00000255883[1,1,1]	0	+	73989956	73989956	0	1	670,	0,	chr5	73990006	73990576	retro_human_9045|FUNDC2P1-201|processed_pseudogene	0	+	FUNDC2P1	570
chr5	75108328	75122439	ENSG00000171617[2,2,1]	0	-	75115691	75117458	0	4	2637,1815,137,1168,	0,7328,10208,12943,	chr5	75115746	75117362	retro_human_4114	0	-	ENC1	1616
chr5	75108328	75121743	ENSG00000171617[1,1,1]	0	-	75115691	75117458	0	3	2637,1815,472,	0,7328,12943,	chr5	75115746	75117362	retro_human_4114	0	-	ENC1	1616
chr5	75108328	75122439	ENSG00000171617[2,1,1]	0	-	75115691	75117458	0	3	2637,1815,1168,	0,7328,12943,	chr5	75115746	75117362	retro_human_4114	0	-	ENC1	1616
chr5	75110851	75121743	ENSG00000171617[1,2,2]	0	-	75115691	75117458	0	4	114,1815,137,472,	0,4805,7685,10420,	chr5	75115746	75117362	retro_human_4114	0	-	ENC1	1616
chr5	75110851	75121743	ENSG00000171617[1,1,2]	0	-	75115691	75117458	0	3	114,1815,472,	0,4805,10420,	chr5	75115746	75117362	retro_human_4114	0	-	ENC1	1616
chr5	75279823	75281030	ENSG00000250071[1,1,1]	0	+	75279823	75279823	0	1	1207,	0,	chr5	75279873	75280980	retro_human_9050|AC093214.1-201|processed_pseudogene	0	+	ARPC1AP3	1107
chr5	75855305	75855752	ENSG00000242198[1,1,1]	0	+	75855305	75855305	0	1	447,	0,	chr5	75855355	75855702	retro_human_3572|AC008897.1-201|processed_pseudogene	0	+	RPS26P26,CERT1	347
chr5	76391619	76392987	ENSG00000248684[1,1,1]	0	+	76391619	76391619	0	1	1368,	0,	chr5	76391669	76392937	retro_human_3571|BIN2P2-201|processed_pseudogene	0	+	BIN2P2	1268
chr5	76655068	76655723	ENSG00000254893[1,1,1]	0	-	76655068	76655068	0	1	655,	0,	chr5	76655121	76655673	retro_human_4112	0	-	LOC128966755	552
chr5	76723504	76723985	ENSG00000249014[1,1,1]	0	-	76723504	76723504	0	1	481,	0,	chr5	76723554	76723935	retro_human_4109|HMGN2P4-201|processed_pseudogene	0	-	HMGN2P4	381
chr5	76858379	76858954	ENSG00000251235[1,1,1]	0	+	76858379	76858379	0	1	575,	0,	chr5	76858429	76858904	retro_human_10972|SNRPCP2-201|processed_pseudogene	0	+	SNRPCP2	475
chr5	76992149	76992576	ENSG00000250574[1,1,1]	0	+	76992167	76992392	0	1	427,	0,	chr5	76992199	76992526	retro_human_3562|AC112173.1-201|processed_pseudogene	0	+	LOC101060043	327
chr5	77625771	77630505	ENSG00000250802[8,44,3]	0	+	77625771	77625771	0	2	3312,933,	0,3801,	chr5	77628491	77629086	retro_human_10957|HMGB1P35-201|transcribed_processed_pseudogene	0	+	ZBED3-AS1	595
chr5	77628441	77629136	ENSG00000251566[1,1,1]	0	+	77628441	77628441	0	1	695,	0,	chr5	77628491	77629086	retro_human_10957|HMGB1P35-201|transcribed_processed_pseudogene	0	+	ZBED3-AS1	595
chr5	77772125	77773758	ENSG00000251400[1,1,1]	0	+	77772496	77773708	0	1	1633,	0,	chr5	77772175	77773708	retro_human_9166|ALDH7A1P1-201|processed_pseudogene	0	+	ALDH7A1P1	1533
chr5	78064902	78065749	ENSG00000244363[1,1,1]	0	+	78064902	78064902	0	1	847,	0,	chr5	78064952	78065699	retro_human_9168|RPL7P23-201|processed_pseudogene	0	+	RPL7P23	747
chr5	78523629	78525978	ENSG00000253558[1,1,1]	0	-	78523680	78523920	0	1	2349,	0,	chr5	78523670	78525930	retro_human_9577|AC024568.1-201|transcribed_processed_pseudogene	0	-	AP3B1	2260
chr5	78703978	78704412	ENSG00000249372[1,1,1]	0	+	78703978	78703978	0	1	434,	0,	chr5	78704028	78704362	retro_human_9162|ATP6V1G1P6-201|processed_pseudogene	0	+	ATP6V1G1P6	334
chr5	80503409	80503821	ENSG00000251050[1,1,1]	0	+	80503556	80503808	0	1	412,	0,	chr5	80503459	80503771	retro_human_3271|RBX1P2-201|processed_pseudogene	0	+	RBX1P2	312
chr5	83768636	83769460	ENSG00000251552[1,1,1]	0	-	83768636	83768636	0	1	824,	0,	chr5	83768686	83769410	retro_human_3712|COQ10BP2-201|processed_pseudogene	0	-	COQ10BP2	724
chr5	85947488	85948465	ENSG00000243859[1,1,1]	0	+	85947488	85947488	0	1	977,	0,	chr5	85947538	85948415	retro_human_8722|RPL5P17-201|processed_pseudogene	0	+	RPL5P17	877
chr5	86885500	86886098	ENSG00000251585[1,1,1]	0	+	86885500	86885500	0	1	598,	0,	chr5	86885550	86886048	AC026444.1-201|processed_pseudogene	0	+	LOC100421863	498
chr5	91517440	91517858	ENSG00000249514[1,1,1]	0	-	91517440	91517440	0	1	418,	0,	chr5	91517490	91517808	retro_human_9183|TMEM251P1-201|processed_pseudogene	0	-	LYSETP1	318
chr5	91960208	91960945	ENSG00000251356[1,1,1]	0	+	91960208	91960208	0	1	737,	0,	chr5	91960258	91960895	retro_human_2892|RAB5CP2-201|processed_pseudogene	0	+	RAB5CP2	637
chr5	94166538	94167786	ENSG00000249353[1,1,2]	0	-	94167382	94167595	0	1	1248,	0,	chr5	94166906	94167736	retro_human_6533|NPM1P27-201|processed_pseudogene	0	-	NPM1P27,FAM172A	830
chr5	94166856	94167786	ENSG00000249353[1,1,1]	0	-	94167382	94167595	0	1	930,	0,	chr5	94166906	94167736	retro_human_6533|NPM1P27-201|processed_pseudogene	0	-	NPM1P27,FAM172A	830
chr5	94217233	94225714	ENSG00000248483[1,1,1]	0	-	94224643	94225627	0	1	8481,	0,	chr5	94224656	94225543	retro_human_6532	0	-	POU5F2	887
chr5	95076741	95078862	ENSG00000232578[1,1,1]	0	+	95076741	95076741	0	1	2121,	0,	chr5	95076791	95078812	retro_human_2894|AC093311.1-201|processed_pseudogene	0	+	LOC100533629	2021
chr5	96270189	96271991	ENSG00000251348[1,1,1]	0	+	96270608	96270806	0	1	1802,	0,	chr5	96270239	96271941	retro_human_2889|HSPD1P11-201|processed_pseudogene	0	+	HSPD1P11	1702
chr5	97869757	97871503	ENSG00000251389[1,1,1]	0	+	97869757	97869757	0	1	1746,	0,	chr5	97869807	97871453	retro_human_2897|YTHDF1P1-201|processed_pseudogene	0	+	YTHDF1P1	1646
chr5	98895238	98896799	ENSG00000250221[1,1,1]	0	-	98895238	98895238	0	1	1561,	0,	chr5	98895288	98896749	retro_human_6538|KRT8P32-201|processed_pseudogene	0	-	KRT8P32	1461
chr5	99079541	99080561	ENSG00000251102[1,1,1]	0	+	99079541	99079541	0	1	1020,	0,	chr5	99079591	99080511	retro_human_10000|CTBP2P4-201|processed_pseudogene	0	+	CTBP2P4	920
chr5	99182605	99184671	ENSG00000251553[1,1,1]	0	+	99182605	99182605	0	1	2066,	0,	chr5	99182655	99184621	retro_human_9999|DDX18P4-201|processed_pseudogene	0	+	DDX18P4	1966
chr5	109096015	109096473	ENSG00000244245[1,1,1]	0	+	109096015	109096015	0	1	458,	0,	chr5	109096065	109096424	retro_human_4123|AC133134.1-201|processed_pseudogene	0	+	RPS20P3	359
chr5	109396933	109397315	ENSG00000250441[1,1,1]	0	-	109396933	109396933	0	1	382,	0,	chr5	109396983	109397265	retro_human_748|AC109481.1-201|processed_pseudogene	0	-	LOC100820733	282
chr5	110344538	110345203	ENSG00000249068[1,1,1]	0	-	110344538	110344538	0	1	665,	0,	chr5	110344588	110345153	retro_human_746|AC008417.1-201|processed_pseudogene	0	-	CT45B1P	565
chr5	113395565	113396317	ENSG00000249947[1,1,1]	0	+	113396026	113396203	0	1	752,	0,	chr5	113395615	113396267	retro_human_9549|XBP1P1-201|processed_pseudogene	0	+	XBP1P1	652
chr5	113400491	113403651	ENSG00000212643[2,1,1]	0	+	113402131	113403598	0	1	3160,	0,	chr5	113402131	113403601	retro_human_9548|ZRSR2P1-201|transcribed_processed_pseudogene	0	+	SRP19,REEP5	1470
chr5	113402081	113403651	ENSG00000212643[1,1,1]	0	+	113402131	113403598	0	1	1570,	0,	chr5	113402131	113403601	retro_human_9548|ZRSR2P1-201|transcribed_processed_pseudogene	0	+	SRP19,REEP5	1470
chr5	113402346	113403651	ENSG00000212643[3,1,1]	0	+	113402590	113403598	0	1	1305,	0,	chr5	113402131	113403601	retro_human_9548|ZRSR2P1-201|transcribed_processed_pseudogene	0	+	SRP19,REEP5	1255
chr5	113403374	113403651	ENSG00000212643[4,1,1]	0	+	113403374	113403374	0	1	277,	0,	chr5	113402131	113403601	retro_human_9548|ZRSR2P1-201|transcribed_processed_pseudogene	0	+	SRP19,REEP5	227
chr5	116024821	116026539	ENSG00000250444[1,1,1]	0	+	116024821	116024821	0	1	1718,	0,	chr5	116024871	116026489	retro_human_9553|CCT5P1-201|processed_pseudogene	0	+	CCT5P1	1618
chr5	116730407	116730777	ENSG00000232916[1,1,1]	0	-	116730407	116730407	0	1	370,	0,	chr5	116730457	116730727	retro_human_1746|HMGN2P27-201|processed_pseudogene	0	-	HMGN2P27	270
chr5	117074654	117075123	ENSG00000239528[1,1,1]	0	+	117074654	117074654	0	1	469,	0,	chr5	117074704	117075073	retro_human_9551|RPS14P8-201|processed_pseudogene	0	+	RPS14P8,SEMA6A	369
chr5	117228285	117228793	ENSG00000197575[1,1,1]	0	+	117228285	117228285	0	1	508,	0,	chr5	117228335	117228743	retro_human_9550|RPS17P2-201|processed_pseudogene	0	+	RPS17P2	408
chr5	119486798	119487225	ENSG00000197744[1,1,1]	0	+	119486798	119486798	0	1	427,	0,	chr5	119486848	119487175	retro_human_9545|PTMAP2-201|processed_pseudogene	0	+	PTMAP2	327
chr5	119653382	119653714	ENSG00000248979[1,1,1]	0	-	119653382	119653382	0	1	332,	0,	chr5	119653432	119653664	retro_human_1762|LAMTOR3P2-201|processed_pseudogene	0	-	LAMTOR3P2	232
chr5	123917070	123918593	ENSG00000250539[1,1,1]	0	-	123917413	123918007	0	1	1523,	0,	chr5	123917120	123918543	retro_human_7179|KRT8P33-201|processed_pseudogene	0	-	KRT8P33	1423
chr5	127144833	127145234	ENSG00000230929[1,1,1]	0	-	127144833	127144833	0	1	401,	0,	chr5	127144883	127145184	retro_human_1710|AC099513.1-201|processed_pseudogene	0	-	RPLP1P7	301
chr5	127180153	127180485	ENSG00000213630[1,1,1]	0	-	127180153	127180153	0	1	332,	0,	chr5	127180203	127180435	retro_human_1709|BOLA3P3-201|processed_pseudogene	0	-	BOLA3P3	232
chr5	128304314	128306839	ENSG00000251032[1,1,1]	0	-	128304314	128304314	0	1	2525,	0,	chr5	128304364	128306789	retro_human_1703|CUL1P1-201|processed_pseudogene	0	-	CUL1P1	2425
chr5	128628272	128629881	ENSG00000250329[1,1,1]	0	+	128628608	128628908	0	1	1609,	0,	chr5	128628322	128629831	retro_human_10847|KDELC1P1-201|processed_pseudogene	0	+	POGLUT2P1	1509
chr5	130658795	130660813	ENSG00000248610[1,1,1]	0	+	130660385	130660776	0	1	2018,	0,	chr5	130658845	130660763	retro_human_10846|HSPA8P4-201|processed_pseudogene	0	+	HSPA8P4,CHSY3	1918
chr5	131508693	131509325	ENSG00000244192[1,1,1]	0	+	131508693	131508693	0	1	632,	0,	chr5	131508743	131509275	retro_human_10842|AC113367.1-201|processed_pseudogene	0	+	RPL11P2	532
chr5	132709970	132747785	ENSG00000072682[1,32,1]	0	-	132712886	132738504	255	16	2984,97,69,60,54,100,71,177,194,240,138,152,97,100,290,118,	0,4829,5315,8224,8782,13651,13985,17611,19040,20186,23818,27104,27659,28452,36839,37697,	chr5	132719329	132723361	retro_human_4940|AC063976.2-201|processed_pseudogene	0	+	AC063976.2	4032
chr5	132709970	132747785	ENSG00000072682[1,33,1]	0	-	132712886	132738504	255	16	2984,97,69,60,54,100,71,177,194,240,138,152,97,100,136,118,	0,4829,5315,8224,8782,13651,13985,17611,19040,20186,23818,27104,27659,28452,36993,37697,	chr5	132719329	132723361	retro_human_4940|AC063976.2-201|processed_pseudogene	0	+	AC063976.2	4032
chr5	132711661	132747785	ENSG00000072682[1,27,3]	0	-	132712886	132738504	255	15	1293,97,69,60,54,100,71,177,194,240,138,152,97,100,369,	0,3138,3624,6533,7091,11960,12294,15920,17349,18495,22127,25413,25968,26761,35755,	chr5	132719329	132723361	retro_human_4940|AC063976.2-201|processed_pseudogene	0	+	AC063976.2	4032
chr5	132711661	132747785	ENSG00000072682[1,26,3]	0	-	132712886	132738504	255	15	1293,97,69,66,54,100,71,177,194,240,138,152,97,100,822,	0,3138,3624,6418,7091,11960,12294,15920,17349,18495,22127,25413,25968,26761,35302,	chr5	132719329	132723361	retro_human_4940|AC063976.2-201|processed_pseudogene	0	+	AC063976.2	4032
chr5	132711661	132747785	ENSG00000072682[1,30,3]	0	-	132712886	132738504	255	16	1293,97,69,60,54,100,71,177,194,240,138,152,97,100,173,369,	0,3138,3624,6533,7091,11960,12294,15920,17349,18495,22127,25413,25968,26761,35302,35755,	chr5	132719329	132723361	retro_human_4940|AC063976.2-201|processed_pseudogene	0	+	AC063976.2	4032
chr5	132711661	132747785	ENSG00000072682[1,31,3]	0	-	132712886	132738504	255	14	1293,97,69,60,54,100,71,194,240,138,152,97,100,118,	0,3138,3624,6533,7091,11960,12294,17349,18495,22127,25413,25968,26761,36006,	chr5	132719329	132723361	retro_human_4940|AC063976.2-201|processed_pseudogene	0	+	AC063976.2	4032
chr5	132711661	132747785	ENSG00000072682[1,29,3]	0	-	132712886	132738504	255	16	1293,97,69,60,54,100,71,177,194,240,138,152,97,100,136,369,	0,3138,3624,6533,7091,11960,12294,15920,17349,18495,22127,25413,25968,26761,35302,35755,	chr5	132719329	132723361	retro_human_4940|AC063976.2-201|processed_pseudogene	0	+	AC063976.2	4032
chr5	132711661	132747785	ENSG00000072682[1,4,3]	0	-	132712886	132738504	255	15	1293,97,69,66,54,100,71,177,194,240,138,152,97,100,118,	0,3138,3624,6418,7091,11960,12294,15920,17349,18495,22127,25413,25968,26761,36006,	chr5	132719329	132723361	retro_human_4940|AC063976.2-201|processed_pseudogene	0	+	AC063976.2	4032
chr5	132711661	132747785	ENSG00000072682[1,34,3]	0	-	132712886	132738504	255	16	1293,97,69,66,54,100,71,177,194,240,138,152,97,100,173,118,	0,3138,3624,6418,7091,11960,12294,15920,17349,18495,22127,25413,25968,26761,35302,36006,	chr5	132719329	132723361	retro_human_4940|AC063976.2-201|processed_pseudogene	0	+	AC063976.2	4032
chr5	132711661	132747785	ENSG00000072682[1,25,3]	0	-	132712886	132738504	255	15	1293,97,69,60,54,100,71,177,194,240,138,152,97,100,976,	0,3138,3624,6533,7091,11960,12294,15920,17349,18495,22127,25413,25968,26761,35148,	chr5	132719329	132723361	retro_human_4940|AC063976.2-201|processed_pseudogene	0	+	AC063976.2	4032
chr5	132711661	132747785	ENSG00000072682[1,12,3]	0	-	132712886	132738504	255	15	1293,97,69,60,54,100,71,177,194,240,138,152,97,100,822,	0,3138,3624,6533,7091,11960,12294,15920,17349,18495,22127,25413,25968,26761,35302,	chr5	132719329	132723361	retro_human_4940|AC063976.2-201|processed_pseudogene	0	+	AC063976.2	4032
chr5	132711661	132747785	ENSG00000072682[1,32,3]	0	-	132712886	132738504	255	16	1293,97,69,60,54,100,71,177,194,240,138,152,97,100,290,118,	0,3138,3624,6533,7091,11960,12294,15920,17349,18495,22127,25413,25968,26761,35148,36006,	chr5	132719329	132723361	retro_human_4940|AC063976.2-201|processed_pseudogene	0	+	AC063976.2	4032
chr5	132711661	132747785	ENSG00000072682[1,33,3]	0	-	132712886	132738504	255	16	1293,97,69,60,54,100,71,177,194,240,138,152,97,100,136,118,	0,3138,3624,6533,7091,11960,12294,15920,17349,18495,22127,25413,25968,26761,35302,36006,	chr5	132719329	132723361	retro_human_4940|AC063976.2-201|processed_pseudogene	0	+	AC063976.2	4032
chr5	132711661	132747785	ENSG00000072682[1,3,3]	0	-	132712886	132738504	0	16	1293,97,69,60,54,100,71,177,194,240,138,152,97,100,173,118,	0,3138,3624,6533,7091,11960,12294,15920,17349,18495,22127,25413,25968,26761,35302,36006,	chr5	132719329	132723361	retro_human_4940|AC063976.2-201|processed_pseudogene	0	+	AC063976.2	4032
chr5	132711661	132748010	ENSG00000072682[12,1,3]	0	-	132712886	132738504	0	15	1293,97,69,60,54,100,71,177,194,240,138,152,97,100,343,	0,3138,3624,6533,7091,11960,12294,15920,17349,18495,22127,25413,25968,26761,36006,	chr5	132719329	132723361	retro_human_4940|AC063976.2-201|processed_pseudogene	0	+	AC063976.2	4032
chr5	132711661	132747785	ENSG00000072682[1,1,3]	0	-	132712886	132738504	0	15	1293,97,69,60,54,100,71,177,194,240,138,152,97,100,118,	0,3138,3624,6533,7091,11960,12294,15920,17349,18495,22127,25413,25968,26761,36006,	chr5	132719329	132723361	retro_human_4940|AC063976.2-201|processed_pseudogene	0	+	AC063976.2	4032
chr5	132711661	132747785	ENSG00000072682[1,6,3]	0	-	132712886	132738504	0	16	1293,97,69,66,54,100,71,177,194,240,138,152,97,100,136,118,	0,3138,3624,6418,7091,11960,12294,15920,17349,18495,22127,25413,25968,26761,35302,36006,	chr5	132719329	132723361	retro_human_4940|AC063976.2-201|processed_pseudogene	0	+	AC063976.2	4032
chr5	132711839	132747785	ENSG00000072682[1,30,11]	0	-	132712886	132738504	255	16	1115,97,69,60,54,100,71,177,194,240,138,152,97,100,173,369,	0,2960,3446,6355,6913,11782,12116,15742,17171,18317,21949,25235,25790,26583,35124,35577,	chr5	132719329	132723361	retro_human_4940|AC063976.2-201|processed_pseudogene	0	+	AC063976.2	4032
chr5	132711839	132747785	ENSG00000072682[1,29,11]	0	-	132712886	132738504	255	16	1115,97,69,60,54,100,71,177,194,240,138,152,97,100,136,369,	0,2960,3446,6355,6913,11782,12116,15742,17171,18317,21949,25235,25790,26583,35124,35577,	chr5	132719329	132723361	retro_human_4940|AC063976.2-201|processed_pseudogene	0	+	AC063976.2	4032
chr5	132711839	132747785	ENSG00000072682[1,4,11]	0	-	132712886	132738504	255	15	1115,97,69,66,54,100,71,177,194,240,138,152,97,100,118,	0,2960,3446,6240,6913,11782,12116,15742,17171,18317,21949,25235,25790,26583,35828,	chr5	132719329	132723361	retro_human_4940|AC063976.2-201|processed_pseudogene	0	+	AC063976.2	4032
chr5	132711839	132747785	ENSG00000072682[1,34,11]	0	-	132712886	132738504	255	16	1115,97,69,66,54,100,71,177,194,240,138,152,97,100,173,118,	0,2960,3446,6240,6913,11782,12116,15742,17171,18317,21949,25235,25790,26583,35124,35828,	chr5	132719329	132723361	retro_human_4940|AC063976.2-201|processed_pseudogene	0	+	AC063976.2	4032
chr5	132711839	132747785	ENSG00000072682[1,33,11]	0	-	132712886	132738504	255	16	1115,97,69,60,54,100,71,177,194,240,138,152,97,100,136,118,	0,2960,3446,6355,6913,11782,12116,15742,17171,18317,21949,25235,25790,26583,35124,35828,	chr5	132719329	132723361	retro_human_4940|AC063976.2-201|processed_pseudogene	0	+	AC063976.2	4032
chr5	132711839	132747785	ENSG00000072682[1,3,11]	0	-	132712886	132738504	0	16	1115,97,69,60,54,100,71,177,194,240,138,152,97,100,173,118,	0,2960,3446,6355,6913,11782,12116,15742,17171,18317,21949,25235,25790,26583,35124,35828,	chr5	132719329	132723361	retro_human_4940|AC063976.2-201|processed_pseudogene	0	+	AC063976.2	4032
chr5	132711839	132747785	ENSG00000072682[1,1,11]	0	-	132712886	132738504	0	15	1115,97,69,60,54,100,71,177,194,240,138,152,97,100,118,	0,2960,3446,6355,6913,11782,12116,15742,17171,18317,21949,25235,25790,26583,35828,	chr5	132719329	132723361	retro_human_4940|AC063976.2-201|processed_pseudogene	0	+	AC063976.2	4032
chr5	132711839	132747785	ENSG00000072682[1,6,11]	0	-	132712886	132738504	0	16	1115,97,69,66,54,100,71,177,194,240,138,152,97,100,136,118,	0,2960,3446,6240,6913,11782,12116,15742,17171,18317,21949,25235,25790,26583,35124,35828,	chr5	132719329	132723361	retro_human_4940|AC063976.2-201|processed_pseudogene	0	+	AC063976.2	4032
chr5	132712433	132747785	ENSG00000072682[1,28,2]	0	-	132712886	132738504	255	16	521,97,69,66,54,100,71,177,194,240,138,152,97,100,136,369,	0,2366,2852,5646,6319,11188,11522,15148,16577,17723,21355,24641,25196,25989,34530,34983,	chr5	132719329	132723361	retro_human_4940|AC063976.2-201|processed_pseudogene	0	+	AC063976.2	4032
chr5	132712433	132747785	ENSG00000072682[1,27,2]	0	-	132712886	132738504	255	15	521,97,69,60,54,100,71,177,194,240,138,152,97,100,369,	0,2366,2852,5761,6319,11188,11522,15148,16577,17723,21355,24641,25196,25989,34983,	chr5	132719329	132723361	retro_human_4940|AC063976.2-201|processed_pseudogene	0	+	AC063976.2	4032
chr5	132712433	132747785	ENSG00000072682[1,26,2]	0	-	132712886	132738504	255	15	521,97,69,66,54,100,71,177,194,240,138,152,97,100,822,	0,2366,2852,5646,6319,11188,11522,15148,16577,17723,21355,24641,25196,25989,34530,	chr5	132719329	132723361	retro_human_4940|AC063976.2-201|processed_pseudogene	0	+	AC063976.2	4032
chr5	132712433	132747785	ENSG00000072682[1,30,2]	0	-	132712886	132738504	255	16	521,97,69,60,54,100,71,177,194,240,138,152,97,100,173,369,	0,2366,2852,5761,6319,11188,11522,15148,16577,17723,21355,24641,25196,25989,34530,34983,	chr5	132719329	132723361	retro_human_4940|AC063976.2-201|processed_pseudogene	0	+	AC063976.2	4032
chr5	132712433	132747785	ENSG00000072682[1,31,2]	0	-	132712886	132738504	255	14	521,97,69,60,54,100,71,194,240,138,152,97,100,118,	0,2366,2852,5761,6319,11188,11522,16577,17723,21355,24641,25196,25989,35234,	chr5	132719329	132723361	retro_human_4940|AC063976.2-201|processed_pseudogene	0	+	AC063976.2	4032
chr5	132712433	132747785	ENSG00000072682[1,29,2]	0	-	132712886	132738504	255	16	521,97,69,60,54,100,71,177,194,240,138,152,97,100,136,369,	0,2366,2852,5761,6319,11188,11522,15148,16577,17723,21355,24641,25196,25989,34530,34983,	chr5	132719329	132723361	retro_human_4940|AC063976.2-201|processed_pseudogene	0	+	AC063976.2	4032
chr5	132712433	132747785	ENSG00000072682[1,4,2]	0	-	132712886	132738504	255	15	521,97,69,66,54,100,71,177,194,240,138,152,97,100,118,	0,2366,2852,5646,6319,11188,11522,15148,16577,17723,21355,24641,25196,25989,35234,	chr5	132719329	132723361	retro_human_4940|AC063976.2-201|processed_pseudogene	0	+	AC063976.2	4032
chr5	132712433	132747785	ENSG00000072682[1,34,2]	0	-	132712886	132738504	255	16	521,97,69,66,54,100,71,177,194,240,138,152,97,100,173,118,	0,2366,2852,5646,6319,11188,11522,15148,16577,17723,21355,24641,25196,25989,34530,35234,	chr5	132719329	132723361	retro_human_4940|AC063976.2-201|processed_pseudogene	0	+	AC063976.2	4032
chr5	132712433	132747785	ENSG00000072682[1,25,2]	0	-	132712886	132738504	255	15	521,97,69,60,54,100,71,177,194,240,138,152,97,100,976,	0,2366,2852,5761,6319,11188,11522,15148,16577,17723,21355,24641,25196,25989,34376,	chr5	132719329	132723361	retro_human_4940|AC063976.2-201|processed_pseudogene	0	+	AC063976.2	4032
chr5	132712433	132747785	ENSG00000072682[1,12,2]	0	-	132712886	132738504	255	15	521,97,69,60,54,100,71,177,194,240,138,152,97,100,822,	0,2366,2852,5761,6319,11188,11522,15148,16577,17723,21355,24641,25196,25989,34530,	chr5	132719329	132723361	retro_human_4940|AC063976.2-201|processed_pseudogene	0	+	AC063976.2	4032
chr5	132712433	132747785	ENSG00000072682[1,32,2]	0	-	132712886	132738504	255	16	521,97,69,60,54,100,71,177,194,240,138,152,97,100,290,118,	0,2366,2852,5761,6319,11188,11522,15148,16577,17723,21355,24641,25196,25989,34376,35234,	chr5	132719329	132723361	retro_human_4940|AC063976.2-201|processed_pseudogene	0	+	AC063976.2	4032
chr5	132712433	132748010	ENSG00000072682[12,33,2]	0	-	132712886	132738504	255	16	521,97,69,60,54,100,71,177,194,240,138,152,97,100,136,343,	0,2366,2852,5761,6319,11188,11522,15148,16577,17723,21355,24641,25196,25989,34530,35234,	chr5	132719329	132723361	retro_human_4940|AC063976.2-201|processed_pseudogene	0	+	AC063976.2	4032
chr5	132712433	132747785	ENSG00000072682[1,33,2]	0	-	132712886	132738504	255	16	521,97,69,60,54,100,71,177,194,240,138,152,97,100,136,118,	0,2366,2852,5761,6319,11188,11522,15148,16577,17723,21355,24641,25196,25989,34530,35234,	chr5	132719329	132723361	retro_human_4940|AC063976.2-201|processed_pseudogene	0	+	AC063976.2	4032
chr5	132712433	132747785	ENSG00000072682[1,5,2]	0	-	132712886	132738504	0	16	521,97,69,66,54,100,71,177,194,240,138,152,97,100,525,118,	0,2366,2852,5646,6319,11188,11522,15148,16577,17723,21355,24641,25196,25989,34141,35234,	chr5	132719329	132723361	retro_human_4940|AC063976.2-201|processed_pseudogene	0	+	AC063976.2	4032
chr5	132712433	132747190	ENSG00000072682[6,22,2]	0	-	132712886	132738504	0	15	521,97,69,66,54,100,71,177,194,240,138,152,97,100,616,	0,2366,2852,5646,6319,11188,11522,15148,16577,17723,21355,24641,25196,25989,34141,	chr5	132719329	132723361	retro_human_4940|AC063976.2-201|processed_pseudogene	0	+	AC063976.2	4032
chr5	132712433	132747785	ENSG00000072682[1,23,2]	0	-	132712886	132738504	0	15	521,97,69,60,54,100,71,177,194,240,138,152,97,100,1211,	0,2366,2852,5761,6319,11188,11522,15148,16577,17723,21355,24641,25196,25989,34141,	chr5	132719329	132723361	retro_human_4940|AC063976.2-201|processed_pseudogene	0	+	AC063976.2	4032
chr5	132712433	132747190	ENSG00000072682[6,23,2]	0	-	132712886	132738504	0	15	521,97,69,60,54,100,71,177,194,240,138,152,97,100,616,	0,2366,2852,5761,6319,11188,11522,15148,16577,17723,21355,24641,25196,25989,34141,	chr5	132719329	132723361	retro_human_4940|AC063976.2-201|processed_pseudogene	0	+	AC063976.2	4032
chr5	132712433	132747785	ENSG00000072682[1,3,2]	0	-	132712886	132738504	0	16	521,97,69,60,54,100,71,177,194,240,138,152,97,100,173,118,	0,2366,2852,5761,6319,11188,11522,15148,16577,17723,21355,24641,25196,25989,34530,35234,	chr5	132719329	132723361	retro_human_4940|AC063976.2-201|processed_pseudogene	0	+	AC063976.2	4032
chr5	132712433	132747785	ENSG00000072682[1,1,2]	0	-	132712886	132738504	0	15	521,97,69,60,54,100,71,177,194,240,138,152,97,100,118,	0,2366,2852,5761,6319,11188,11522,15148,16577,17723,21355,24641,25196,25989,35234,	chr5	132719329	132723361	retro_human_4940|AC063976.2-201|processed_pseudogene	0	+	AC063976.2	4032
chr5	132712433	132748010	ENSG00000072682[12,1,2]	0	-	132712886	132738504	0	15	521,97,69,60,54,100,71,177,194,240,138,152,97,100,343,	0,2366,2852,5761,6319,11188,11522,15148,16577,17723,21355,24641,25196,25989,35234,	chr5	132719329	132723361	retro_human_4940|AC063976.2-201|processed_pseudogene	0	+	AC063976.2	4032
chr5	132712433	132747785	ENSG00000072682[1,6,2]	0	-	132712886	132738504	0	16	521,97,69,66,54,100,71,177,194,240,138,152,97,100,136,118,	0,2366,2852,5646,6319,11188,11522,15148,16577,17723,21355,24641,25196,25989,34530,35234,	chr5	132719329	132723361	retro_human_4940|AC063976.2-201|processed_pseudogene	0	+	AC063976.2	4032
chr5	138327564	138337012	ENSG00000226306[1,2,3]	0	+	138327564	138327564	0	2	310,2567,	0,6881,	chr5	138334632	138335744	retro_human_6581|NPY6R-201|transcribed_processed_pseudogene	0	+	NPY6R	1112
chr5	138327564	138337012	ENSG00000226306[1,2,3]	0	+	138327564	138327564	0	2	310,2567,	0,6881,	chr5	138327614	138337173	NPY6R-202|transcribed_processed_pseudogene	0	+	NPY6R,AC106791.1	9398
chr5	138327564	138337227	ENSG00000226306[1,2,2]	0	+	138327564	138327564	0	2	310,2782,	0,6881,	chr5	138334632	138335744	retro_human_6581|NPY6R-201|transcribed_processed_pseudogene	0	+	NPY6R	1112
chr5	138327564	138337227	ENSG00000226306[1,2,2]	0	+	138327564	138327564	0	2	310,2782,	0,6881,	chr5	138327614	138337173	NPY6R-202|transcribed_processed_pseudogene	0	+	NPY6R,AC106791.1	9559
chr5	138334582	138335794	ENSG00000226306[2,1,1]	0	+	138334582	138334582	0	1	1212,	0,	chr5	138334632	138335744	retro_human_6581|NPY6R-201|transcribed_processed_pseudogene	0	+	NPY6R	1112
chr5	138334582	138335794	ENSG00000226306[2,1,1]	0	+	138334582	138334582	0	1	1212,	0,	chr5	138327614	138337173	NPY6R-202|transcribed_processed_pseudogene	0	+	NPY6R,AC106791.1	1212
chr5	138335039	138337227	ENSG00000226306[3,1,2]	0	+	138335039	138335039	0	1	2188,	0,	chr5	138334632	138335744	retro_human_6581|NPY6R-201|transcribed_processed_pseudogene	0	+	NPY6R	705
chr5	138335039	138337227	ENSG00000226306[3,1,2]	0	+	138335039	138335039	0	1	2188,	0,	chr5	138327614	138337173	NPY6R-202|transcribed_processed_pseudogene	0	+	NPY6R,AC106791.1	2134
chr5	140019280	140021241	ENSG00000249215[1,1,1]	0	+	140019280	140019280	0	1	1961,	0,	chr5	140019330	140021191	retro_human_6579|NCOA4P4-201|processed_pseudogene	0	+	NCOA4P4	1861
chr5	141106884	141107816	ENSG00000251453[1,1,1]	0	+	141106884	141106884	0	1	932,	0,	chr5	141106934	141107766	retro_human_1165|HAUS1P1-201|processed_pseudogene	0	+	HAUS1P1	832
chr5	141576376	141584688	ENSG00000171815[2,1,1]	0	+	141576762	141579216	0	1	8312,	0,	chr5	141576853	141579177	retro_human_1169	0	+	PCDHB1,PCDHB@	2324
chr5	141619873	141624071	ENSG00000112852[1,6,1]	0	+	141621125	141622502	255	2	276,3378,	0,820,	chr5	141620139	141622490	retro_human_1168	0	+	AC244517.5,PCDHB2,PCDHB@	2351
chr5	141619873	141622632	ENSG00000112852[1,6,3]	0	+	141621125	141622502	255	2	276,1939,	0,820,	chr5	141620139	141622490	retro_human_1168	0	+	AC244517.5,PCDHB2,PCDHB@	2351
chr5	141619873	141624071	ENSG00000112852[1,4,1]	0	+	141621125	141622502	0	2	276,3407,	0,791,	chr5	141620139	141622490	retro_human_1168	0	+	AC244517.5,PCDHB2,PCDHB@	2351
chr5	141619873	141621028	ENSG00000112852[1,4,2]	0	+	141620108	141620731	0	2	276,364,	0,791,	chr5	141620139	141622490	retro_human_1168	0	+	AC244517.5,PCDHB2,PCDHB@	889
chr5	141619873	141624071	ENSG00000112852[1,2,1]	0	+	141621125	141622502	0	2	276,3527,	0,671,	chr5	141620139	141622490	retro_human_1168	0	+	AC244517.5,PCDHB2,PCDHB@	2351
chr5	141619873	141621028	ENSG00000112852[1,2,2]	0	+	141620108	141620653	0	2	276,484,	0,671,	chr5	141620139	141622490	retro_human_1168	0	+	AC244517.5,PCDHB2,PCDHB@	889
chr5	141619873	141624071	ENSG00000112852[1,3,1]	0	+	141621125	141622502	0	2	276,3494,	0,704,	chr5	141620139	141622490	retro_human_1168	0	+	AC244517.5,PCDHB2,PCDHB@	2351
chr5	141619873	141622632	ENSG00000112852[1,3,3]	0	+	141621125	141622502	0	2	276,2055,	0,704,	chr5	141620139	141622490	retro_human_1168	0	+	AC244517.5,PCDHB2,PCDHB@	2351
chr5	141619873	141629189	ENSG00000112852[1,1,4]	0	+	141620108	141622502	0	1	9316,	0,	chr5	141620139	141622490	retro_human_1168	0	+	AC244517.5,PCDHB2,PCDHB@	2351
chr5	141619873	141624071	ENSG00000112852[1,1,1]	0	+	141620108	141622502	0	1	4198,	0,	chr5	141620139	141622490	retro_human_1168	0	+	AC244517.5,PCDHB2,PCDHB@	2351
chr5	141843742	141846137	ENSG00000178913[1,1,1]	0	-	141844300	141845347	0	1	2395,	0,	chr5	141844385	141845365	retro_human_7922	0	-	TAF7	980
chr5	141844842	141846137	ENSG00000178913[1,1,6]	0	-	141845819	141846026	0	1	1295,	0,	chr5	141844385	141845365	retro_human_7922	0	-	TAF7	523
chr5	145763830	145765174	ENSG00000215325[1,1,1]	0	+	145763830	145763830	0	1	1344,	0,	chr5	145763880	145765124	retro_human_6987|ASS1P10-201|processed_pseudogene	0	+	AC132803.1,ASS1P10,PRELID2	1244
chr5	147242216	147243536	ENSG00000248568[1,1,1]	0	-	147242598	147243321	0	1	1320,	0,	chr5	147242266	147243486	retro_human_2452|KRT8P48-201|processed_pseudogene	0	-	KRT8P48	1220
chr5	150558062	150558517	ENSG00000241907[1,1,1]	0	-	150558062	150558062	0	1	455,	0,	chr5	150558112	150558467	retro_human_2449|RPS20P4-201|processed_pseudogene	0	-	RPS20P4	355
chr5	150630825	150631672	ENSG00000214485[1,1,1]	0	+	150630825	150630825	0	1	847,	0,	chr5	150630875	150631622	retro_human_1528|RPL7P1-201|processed_pseudogene	0	+	RPL7P1	747
chr5	150832831	150839494	ENSG00000183876[1,1,1]	0	-	150833755	150838912	0	2	2320,893,	0,5770,	chr5	150833894	150838765	retro_human_2455	0	-	ARSI	4871
chr5	151467077	151481578	ENSG00000197083[3,5,2]	0	-	151467077	151467077	0	4	1696,96,127,1280,	0,11620,11952,13221,	chr5	151467195	151468763	retro_human_2454	0	-	ZNF300P1	1568
chr5	152304788	152305408	ENSG00000213433[1,1,1]	0	-	152304788	152304788	0	1	620,	0,	chr5	152304838	152305358	retro_human_2457|RPLP1P6-202|transcribed_processed_pseudogene	0	-	RPLP1P6	520
chr5	152304788	152305408	ENSG00000213433[1,1,1]	0	-	152304788	152304788	0	1	620,	0,	chr5	152304876	152305219	RPLP1P6-201|transcribed_processed_pseudogene	0	-	RPLP1P6	343
chr5	155547595	155552082	ENSG00000226650[1,1,1]	0	+	155547750	155551452	0	1	4487,	0,	chr5	155547751	155551452	retro_human_7391	0	+	KIF4B	3701
chr5	156025151	156027514	ENSG00000270442[1,1,1]	0	+	156025151	156025151	0	1	2363,	0,	chr5	156025201	156027464	retro_human_7393|AC008725.1-201|processed_pseudogene	0	+	PPIGP1	2263
chr5	157369504	157371595	ENSG00000231989[2,1,1]	0	+	157369579	157370194	0	1	2091,	0,	chr5	157369580	157370194	retro_human_7395	0	+	PPP1R2B	614
chr5	160786758	160787191	ENSG00000254373[1,1,1]	0	+	160786758	160786758	0	1	433,	0,	chr5	160786808	160787141	retro_human_1939|AC112191.2-201|processed_pseudogene	0	+	LOC727947	333
chr5	166917033	166917428	ENSG00000229119[1,1,1]	0	+	166917033	166917033	0	1	395,	0,	chr5	166917083	166917378	AC026403.1-201|processed_pseudogene	0	+	RPLP0P9	295
chr5	169087008	169088559	ENSG00000253861[1,1,1]	0	-	169087912	169088083	0	1	1551,	0,	chr5	169087058	169088509	retro_human_10148|SLC2A3P1-201|processed_pseudogene	0	-	PANK3,SLC2A3P1	1451
chr5	169151078	169151823	ENSG00000233913[1,1,1]	0	+	169151078	169151078	0	1	745,	0,	chr5	169151128	169151773	retro_human_1942|RPL10P9-201|processed_pseudogene	0	+	RPL10P9	645
chr5	171402132	171451772	ENSG00000204764[1,2,4]	0	+	171402346	171450108	0	6	232,147,91,167,66,1799,	0,16277,19986,30567,34230,47841,	chr5	171437241	171444774	retro_human_1941|AC008514.2-201|processed_pseudogene	0	+	AC008514.2,LOC100419059	7533
chr5	171402132	171453293	ENSG00000204764[1,3,19]	0	+	171402346	171451482	0	7	232,147,91,167,66,105,2012,	0,16277,19986,30567,34230,47841,49149,	chr5	171437241	171444774	retro_human_1941|AC008514.2-201|processed_pseudogene	0	+	AC008514.2,LOC100419059	7533
chr5	171402132	171453065	ENSG00000204764[1,3,18]	0	+	171402346	171451482	0	7	232,147,91,167,66,105,1784,	0,16277,19986,30567,34230,47841,49149,	chr5	171437241	171444774	retro_human_1941|AC008514.2-201|processed_pseudogene	0	+	AC008514.2,LOC100419059	7533
chr5	171402132	171451772	ENSG00000204764[1,3,4]	0	+	171402346	171451482	0	7	232,147,91,167,66,105,491,	0,16277,19986,30567,34230,47841,49149,	chr5	171437241	171444774	retro_human_1941|AC008514.2-201|processed_pseudogene	0	+	AC008514.2,LOC100419059	7533
chr5	172794658	172795780	ENSG00000253218[1,1,1]	0	-	172795138	172795360	0	1	1122,	0,	chr5	172794708	172795730	retro_human_10153|KLF3P1-201|processed_pseudogene	0	-	KLF3P1	1022
chr5	173196633	173196925	ENSG00000253683[1,1,1]	0	-	173196633	173196633	0	1	292,	0,	chr5	173196683	173196875	retro_human_10152|AC027309.2-201|processed_pseudogene	0	-	LOC100130394	192
chr5	173515533	173516498	ENSG00000253785[1,1,1]	0	+	173515533	173515533	0	1	965,	0,	chr5	173515583	173516448	retro_human_7801|AC008429.2-201|processed_pseudogene	0	+	LOC285591	865
chr5	176667460	176668930	ENSG00000251623[4,7,2]	0	+	176667460	176667460	0	3	337,170,234,	0,479,1236,	chr5	176664564	176675941	AC139491.5-205|transcribed_processed_pseudogene	0	+	AC139491.7,AC139491.5,FAM153B	1470
chr5	176667460	176668930	ENSG00000251623[4,7,2]	0	+	176667460	176667460	0	3	337,170,234,	0,479,1236,	chr5	176667510	176668815	AC139491.5-206|transcribed_processed_pseudogene	0	+	AC139491.5,AC139491.4,AC139491.7,FAM153B	1305
chr5	176667460	176668930	ENSG00000251623[4,7,2]	0	+	176667460	176667460	0	3	337,170,234,	0,479,1236,	chr5	176667682	176668880	AC139491.5-207|transcribed_processed_pseudogene	0	+	AC139491.4,AC139491.5,AC139491.7,FAM153B	1198
chr5	176852371	176853422	ENSG00000251667[1,1,1]	0	+	176852764	176853196	0	1	1051,	0,	chr5	176852421	176853372	retro_human_2336|BRCC3P1-201|processed_pseudogene	0	+	BRCC3P1	951
chr5	177807954	177808530	ENSG00000240729[1,1,1]	0	+	177808004	177808277	0	1	576,	0,	chr5	177808004	177808480	retro_human_2337|AC146507.2-201|processed_pseudogene	0	+	RPL21P60	476
chr5	177943276	177943929	ENSG00000196570[1,1,1]	0	-	177943383	177943794	0	1	653,	0,	chr5	177943387	177943794	retro_human_10571	0	-	PFN3	407
chr5	177945300	177948701	ENSG00000131187[8,17,1]	0	-	177945512	177947486	255	9	377,149,144,137,232,218,416,132,161,	0,467,1171,1398,1776,2113,2416,2971,3240,	chr5	177945531	177945992	retro_human_10574	0	-	F12	461
chr5	177945300	177948249	ENSG00000131187[5,15,1]	0	-	177945512	177947219	255	5	377,149,144,137,1173,	0,467,1171,1398,1776,	chr5	177945531	177945992	retro_human_10574	0	-	F12	461
chr5	177945300	177947988	ENSG00000131187[7,15,1]	0	-	177945512	177947219	255	5	377,149,144,137,912,	0,467,1171,1398,1776,	chr5	177945531	177945992	retro_human_10574	0	-	F12	461
chr5	177945300	177947740	ENSG00000131187[4,15,1]	0	-	177945512	177947219	255	5	377,149,144,137,664,	0,467,1171,1398,1776,	chr5	177945531	177945992	retro_human_10574	0	-	F12	461
chr5	177945300	177947740	ENSG00000131187[4,14,1]	0	-	177945512	177945812	255	2	377,1973,	0,467,	chr5	177945531	177945992	retro_human_10574	0	-	F12	461
chr5	177945300	177948249	ENSG00000131187[5,16,1]	0	-	177945512	177947486	255	6	377,149,144,137,232,836,	0,467,1171,1398,1776,2113,	chr5	177945531	177945992	retro_human_10574	0	-	F12	461
chr5	177945300	177947988	ENSG00000131187[7,16,1]	0	-	177945512	177947486	255	6	377,149,144,137,232,575,	0,467,1171,1398,1776,2113,	chr5	177945531	177945992	retro_human_10574	0	-	F12	461
chr5	177945300	177947740	ENSG00000131187[4,16,1]	0	-	177945512	177947486	255	6	377,149,144,137,232,327,	0,467,1171,1398,1776,2113,	chr5	177945531	177945992	retro_human_10574	0	-	F12	461
chr5	177945300	177947988	ENSG00000131187[7,4,1]	0	-	177945512	177945812	0	4	377,149,144,1290,	0,467,1171,1398,	chr5	177945531	177945992	retro_human_10574	0	-	F12	461
chr5	177945300	177947018	ENSG00000131187[3,4,1]	0	-	177945512	177945812	0	4	377,149,144,320,	0,467,1171,1398,	chr5	177945531	177945992	retro_human_10574	0	-	F12	461
chr5	177945300	177947740	ENSG00000131187[4,4,1]	0	-	177945512	177945812	0	4	377,149,144,1042,	0,467,1171,1398,	chr5	177945531	177945992	retro_human_10574	0	-	F12	461
chr5	177945300	177947988	ENSG00000131187[7,3,1]	0	-	177945512	177945812	0	3	377,149,1517,	0,467,1171,	chr5	177945531	177945992	retro_human_10574	0	-	F12	461
chr5	177945300	177947740	ENSG00000131187[4,3,1]	0	-	177945512	177945812	0	3	377,149,1269,	0,467,1171,	chr5	177945531	177945992	retro_human_10574	0	-	F12	461
chr5	177945300	177947018	ENSG00000131187[3,3,1]	0	-	177945512	177945812	0	3	377,149,547,	0,467,1171,	chr5	177945531	177945992	retro_human_10574	0	-	F12	461
chr5	177945300	177947988	ENSG00000131187[7,6,1]	0	-	177946790	177947486	0	5	377,149,144,610,575,	0,467,1171,1398,2113,	chr5	177945531	177945992	retro_human_10574	0	-	F12	461
chr5	177945300	177947740	ENSG00000131187[4,6,1]	0	-	177946790	177947486	0	5	377,149,144,610,327,	0,467,1171,1398,2113,	chr5	177945531	177945992	retro_human_10574	0	-	F12	461
chr5	178522768	178523811	ENSG00000249129[1,1,1]	0	+	178522768	178522768	0	1	1043,	0,	chr5	178522818	178523761	retro_human_2341|SUDS3P1-201|processed_pseudogene	0	+	SUDS3P1	943
chr5	178606952	178607643	ENSG00000218227[1,1,1]	0	+	178606952	178606952	0	1	691,	0,	chr5	178607002	178607593	retro_human_2340|AC136632.1-201|transcribed_processed_pseudogene	0	+	FAM153CP,RPL19P9	591
chr5	179551180	179552127	ENSG00000254158[1,1,1]	0	-	179551180	179551180	0	1	947,	0,	chr5	179551230	179552077	retro_human_10577|AC104117.4-201|processed_pseudogene	0	-	LOC100288803	847
chr5	180249328	180250001	ENSG00000225051[2,1,1]	0	+	180249328	180249328	0	1	673,	0,	chr5	180249378	180249950	retro_human_2726|HMGB3P22-202|transcribed_processed_pseudogene	0	+	HMGB3P22	572
chr5	180813095	180813882	ENSG00000253908[1,1,1]	0	+	180813095	180813095	0	1	787,	0,	chr5	180813145	180813832	retro_human_2724|AC104115.2-201|processed_pseudogene	0	+	LOC100419721	687
chr5	181090024	181090583	ENSG00000250749[1,1,1]	0	-	181090024	181090024	0	1	559,	0,	chr5	181090074	181090533	retro_human_4676|AC122714.1-201|processed_pseudogene	0	-	LOC100329129	459
chr5	181538593	181539032	ENSG00000231228[1,1,1]	0	+	181538643	181538979	0	1	439,	0,	chr5	181538643	181538982	retro_human_2721|ARPP19P1-201|processed_pseudogene	0	+	ARPP19P1	339
chr5	181615247	181622811	ENSG00000165810[5,16,1]	0	+	181615268	181621094	255	6	130,21,21,27,27,2340,	0,228,1422,1978,4339,5224,	chr5	181620306	181621079	retro_human_2719	0	+	BTNL9	773
chr5	181626271	181626963	ENSG00000241870[1,1,1]	0	+	181626271	181626271	0	1	692,	0,	chr5	181626321	181626913	retro_human_2330|AC008620.1-201|processed_pseudogene	0	+	RPL13P10	592
chr5	181763101	181765377	ENSG00000146054[1,5,3]	0	-	181763533	181765144	0	2	573,755,	0,1521,	chr5	181764533	181765063	retro_human_9325	0	-	TRIM7	530
chr6	2205051	2205413	ENSG00000236086[1,1,1]	0	+	2205051	2205051	0	1	362,	0,	chr6	2205101	2205363	retro_human_9322|HMGN2P28-201|processed_pseudogene	0	+	HMGN2P28	262
chr6	2891993	2892724	ENSG00000271361[1,1,1]	0	-	2891993	2891993	0	1	731,	0,	chr6	2892043	2892674	HTATSF1P2-201|processed_pseudogene	0	-	AL133351.4,HTATSF1P2	631
chr6	3718959	3721007	ENSG00000145945[1,1,1]	0	+	3719448	3720423	0	2	164,1582,	0,466,	chr6	3719449	3720423	retro_human_9319	0	+	FAM50B	974
chr6	3718959	3721007	ENSG00000145945[1,2,1]	0	+	3719448	3720423	0	1	2048,	0,	chr6	3719449	3720423	retro_human_9319	0	+	FAM50B	974
chr6	3810865	3811485	ENSG00000217566[1,1,1]	0	+	3810865	3810865	0	1	620,	0,	chr6	3810915	3811435	retro_human_9318|TDGF1P4-201|processed_pseudogene	0	+	TDGF1P4	520
chr6	3847639	3848777	ENSG00000216657[1,1,1]	0	+	3847639	3847639	0	1	1138,	0,	chr6	3847689	3848727	retro_human_9317|GLRX3P2-201|processed_pseudogene	0	+	GLRX3P2	1038
chr6	4934959	4936247	ENSG00000220685[1,1,1]	0	-	4934959	4934959	0	1	1288,	0,	chr6	4935009	4936197	retro_human_5160|AL139094.1-201|processed_pseudogene	0	-	LOC442155	1188
chr6	5657681	5658135	ENSG00000217239[1,1,1]	0	-	5657681	5657681	0	1	454,	0,	chr6	5657731	5658085	retro_human_1342|AL136968.2-201|processed_pseudogene	0	-	RPL34P16	354
chr6	5841227	5842928	ENSG00000215057[1,1,1]	0	+	5841227	5841227	0	1	1701,	0,	chr6	5841277	5842878	retro_human_3456|PKMP5-201|processed_pseudogene	0	+	PKMP5	1601
chr6	6215942	6216343	ENSG00000241216[1,1,1]	0	-	6215942	6215942	0	1	401,	0,	chr6	6215992	6216293	retro_human_1349|SNAPC5P1-201|transcribed_processed_pseudogene	0	-	LY86-AS1	301
chr6	6403689	6404724	ENSG00000218868[1,1,1]	0	+	6403689	6403689	0	1	1035,	0,	chr6	6403739	6404674	retro_human_3450|CNN3P1-201|processed_pseudogene	0	+	CNN3P1	935
chr6	6664104	6664692	ENSG00000219986[1,1,1]	0	-	6664104	6664104	0	1	588,	0,	chr6	6664154	6664642	retro_human_1344|BTF3P7-201|processed_pseudogene	0	-	BTF3P7	488
chr6	7209862	7211165	ENSG00000230570[1,1,1]	0	-	7210506	7210818	0	1	1303,	0,	chr6	7209912	7211115	retro_human_1339|AL139095.3-201|processed_pseudogene	0	-	LOC100422646	1203
chr6	10442436	10443015	ENSG00000217181[1,1,1]	0	-	10442436	10442436	0	1	579,	0,	chr6	10442486	10442965	retro_human_5547|AL139039.2-201|processed_pseudogene	0	-	GCNT2	479
chr6	10501418	10502452	ENSG00000205318[1,1,1]	0	+	10501418	10501418	0	1	1034,	0,	chr6	10501468	10502402	GCNT2P1-201|processed_pseudogene	0	+	GCNT2P1	934
chr6	11729838	11731283	ENSG00000215124[1,1,1]	0	-	11729838	11729838	0	1	1445,	0,	chr6	11729888	11731233	retro_human_168|AMD1P4-201|processed_pseudogene	0	-	AMD1P4	1345
chr6	12382464	12383179	ENSG00000212802[1,1,1]	0	+	12382464	12382464	0	1	715,	0,	chr6	12382514	12383129	retro_human_9762|RPL15P3-201|processed_pseudogene	0	+	RPL15P3	615
chr6	13394703	13395583	ENSG00000218265[1,1,1]	0	+	13394703	13394703	0	1	880,	0,	chr6	13394753	13395533	retro_human_9757|RPS4XP7-201|processed_pseudogene	0	+	RPS4XP7	780
chr6	17402982	17403836	ENSG00000184612[1,1,1]	0	-	17402982	17402982	0	1	854,	0,	chr6	17403032	17403786	retro_human_177|RPL7P26-201|processed_pseudogene	0	-	RPL7P26	754
chr6	24888391	24889728	ENSG00000220517[1,1,1]	0	-	24889271	24889679	0	1	1337,	0,	chr6	24888441	24889678	retro_human_561|ASS1P1-201|processed_pseudogene	0	-	ASS1P1	1237
chr6	25005688	25007189	ENSG00000219682[1,1,1]	0	+	25005688	25005688	0	1	1501,	0,	chr6	25005738	25007139	retro_human_8532|AL133268.1-201|processed_pseudogene	0	+	NUP50P2	1401
chr6	25018250	25018687	ENSG00000262400[1,1,1]	0	+	25018250	25018250	0	1	437,	0,	chr6	25018300	25018637	retro_human_8539|AL590084.3-201|processed_pseudogene	0	+	LOC100132239	337
chr6	25113994	25114611	ENSG00000271108[1,1,1]	0	+	25113994	25113994	0	1	617,	0,	chr6	25114044	25114561	KATNBL1P5-201|processed_pseudogene	0	+	KATNBL1P5	517
chr6	25126976	25127568	ENSG00000216718[1,1,1]	0	+	25126976	25126976	0	1	592,	0,	chr6	25127026	25127519	retro_human_8536|AL024509.2-201|processed_pseudogene	0	+	CMAHP,LOC101928663,RPL21P68	493
chr6	25886339	25886947	ENSG00000275714[1,1,1]	0	+	25886428	25886836	0	1	608,	0,	chr6	25886428	25886836	retro_human_2683	0	+	H3C1	408
chr6	26064003	26067809	ENSG00000282988[1,3,3]	0	-	26065605	26067709	0	3	704,550,485,	0,1177,3321,	chr6	26065303	26065711	retro_human_5946	0	-	AL031777.2,H3C4	408
chr6	26064450	26067809	ENSG00000282988[1,2,2]	0	-	26065605	26067709	0	2	1280,395,	0,2964,	chr6	26065303	26065711	retro_human_5946	0	-	AL031777.2,H3C4	408
chr6	26065164	26067809	ENSG00000282988[1,4,1]	0	-	26065605	26067709	255	2	566,485,	0,2160,	chr6	26065303	26065711	retro_human_5946	0	-	AL031777.2,H3C4	408
chr6	26065164	26067556	ENSG00000282988[2,4,1]	0	-	26065303	26065711	255	2	566,232,	0,2160,	chr6	26065303	26065711	retro_human_5946	0	-	AL031777.2,H3C4	408
chr6	26065164	26067809	ENSG00000282988[1,2,1]	0	-	26065605	26067709	0	2	566,395,	0,2250,	chr6	26065303	26065711	retro_human_5946	0	-	AL031777.2,H3C4	408
chr6	26065164	26067556	ENSG00000282988[2,1,1]	0	-	26065303	26065711	0	2	563,232,	0,2160,	chr6	26065303	26065711	retro_human_5946	0	-	AL031777.2,H3C4	408
chr6	26065164	26067809	ENSG00000282988[1,1,1]	0	-	26065605	26067709	0	2	563,485,	0,2160,	chr6	26065303	26065711	retro_human_5946	0	-	AL031777.2,H3C4	408
chr6	26065165	26067809	ENSG00000196866[1,1,2]	0	-	26065303	26065711	0	1	2644,	0,	chr6	26065303	26065711	retro_human_5946	0	-	AL031777.2,H3C4	408
chr6	26065194	26065797	ENSG00000197409[1,1,1]	0	-	26065303	26065711	0	1	603,	0,	chr6	26065303	26065711	retro_human_5946	0	-	AL031777.2,H3C4	408
chr6	26092620	26095996	ENSG00000274750[2,3,2]	0	+	26093627	26094035	255	3	157,2267,212,	0,754,3164,	chr6	26093627	26094035	retro_human_2682	0	+	H3C6	408
chr6	26092620	26095996	ENSG00000274750[2,2,2]	0	+	26093627	26094035	0	2	157,2622,	0,754,	chr6	26093627	26094035	retro_human_2682	0	+	H3C6	408
chr6	26093557	26094139	ENSG00000274750[1,1,1]	0	+	26093627	26094035	0	1	582,	0,	chr6	26093627	26094035	retro_human_2682	0	+	H3C6	408
chr6	26118562	26119156	ENSG00000277775[1,1,1]	0	-	26118668	26119076	0	1	594,	0,	chr6	26118668	26119076	retro_human_5938	0	-	H3C7	408
chr6	26137813	26139922	ENSG00000273983[1,1,2]	0	-	26139435	26139843	0	1	2109,	0,	chr6	26139435	26139843	retro_human_966	0	-	H3C8	408
chr6	26137813	26140324	ENSG00000273983[2,1,2]	0	-	26139435	26139843	0	1	2511,	0,	chr6	26139435	26139843	retro_human_966	0	-	H3C8	408
chr6	26140429	26141211	ENSG00000218690[2,1,1]	0	-	26140429	26140429	0	1	782,	0,	chr6	26140670	26140948	retro_human_965	0	-	H2AC10P	278
chr6	26140601	26141049	ENSG00000218690[1,1,2]	0	-	26140601	26140601	0	1	448,	0,	chr6	26140670	26140948	retro_human_965	0	-	H2AC10P	278
chr6	26317729	26320332	ENSG00000111801[4,15,9]	0	+	26317946	26318051	0	3	324,27,293,	0,742,2310,	chr6	26319928	26320566	retro_human_6666	0	+	BTN3A3	404
chr6	27606644	27608239	ENSG00000216915[1,1,1]	0	-	27606644	27606644	0	1	1595,	0,	chr6	27606694	27608189	retro_human_6348|GPR89P-201|processed_pseudogene	0	-	GPR89P	1495
chr6	27679674	27681024	ENSG00000278828[1,1,2]	0	+	27679747	27680155	0	1	1350,	0,	chr6	27679747	27680155	retro_human_1249	0	+	H3C10	408
chr6	27741465	27742067	ENSG00000275379[1,1,1]	0	-	27741578	27741986	0	1	602,	0,	chr6	27741578	27741986	retro_human_6345	0	-	H3C11	408
chr6	28036531	28037441	ENSG00000226314[3,5,4]	0	+	28036531	28036531	0	1	910,	0,	chr6	28036603	28037376	retro_human_1615	0	+	ZNF192P1,ZKSCAN8P1	773
chr6	28089663	28090755	ENSG00000176933[1,1,1]	0	-	28089663	28089663	0	1	1092,	0,	chr6	28089713	28090705	TOB2P1-201|processed_pseudogene	0	-	TOB2P1	992
chr6	28318363	28319298	ENSG00000231162[1,1,1]	0	+	28318363	28318363	0	1	935,	0,	chr6	28318413	28319248	retro_human_7466|COX11P1-201|processed_pseudogene	0	+	COX11P1	835
chr6	28734223	28738048	ENSG00000225595[1,1,1]	0	-	28734223	28734223	0	2	2441,117,	0,3708,	chr6	28736064	28736696	retro_human_7468|RPL13P-201|processed_pseudogene	0	+	LINC01623	632
chr6	28736014	28736746	ENSG00000213916[1,1,1]	0	+	28736014	28736014	0	1	732,	0,	chr6	28736064	28736696	retro_human_7468|RPL13P-201|processed_pseudogene	0	+	LINC01623	632
chr6	28869540	28880068	ENSG00000197935[1,1,1]	0	-	28869809	28878761	0	7	1852,105,127,92,82,269,359,	0,3999,4753,5222,8779,9212,10169,	chr6	28869927	28874420	retro_human_1345	0	-	ZNF311	4493
chr6	28951211	28951907	ENSG00000228364[1,1,1]	0	-	28951211	28951211	0	1	696,	0,	chr6	28951261	28951857	retro_human_7871|SAR1AP1-204|processed_pseudogene	0	-	OR2W1-AS1,SAR1AP1	596
chr6	29531647	29534668	ENSG00000204655[1,13,5]	0	+	29531905	29534365	0	2	346,656,	0,2365,	chr6	29533976	29534539	retro_human_1992	0	+	MOG	563
chr6	29582809	29583332	ENSG00000233916[1,1,1]	0	-	29582809	29582809	0	1	523,	0,	chr6	29582859	29583282	retro_human_2576|ZDHHC20P1-204|processed_pseudogene	0	-	LOC124906559	423
chr6	29595384	29599438	ENSG00000204642[1,1,1]	0	+	29595558	29599264	0	7	238,270,276,276,117,33,464,	0,368,883,1741,2157,2721,3590,	chr6	29598760	29599231	retro_human_2577|RPL23AP1-201|transcribed_processed_pseudogene	0	-	HLA-F-AS1,HLA-F,RPL23AP1	471
chr6	29598710	29599281	ENSG00000239257[1,1,1]	0	-	29598710	29598710	0	1	571,	0,	chr6	29598760	29599231	retro_human_2577|RPL23AP1-201|transcribed_processed_pseudogene	0	-	HLA-F-AS1,HLA-F,RPL23AP1	471
chr6	29622761	29623282	ENSG00000235821[1,1,1]	0	-	29622761	29622761	0	1	521,	0,	chr6	29622811	29623232	retro_human_2578|IFITM4P-207|processed_pseudogene	0	-	IFITM4P	421
chr6	29674955	29675852	ENSG00000213880[1,1,1]	0	-	29674955	29674955	0	1	897,	0,	chr6	29675005	29675802	retro_human_2579|RPL7AP7-201|processed_pseudogene	0	-	RPL7AP7	797
chr6	30048634	30054683	ENSG00000234127[3,4,1]	0	-	30050108	30050414	0	3	2154,33,1027,	0,4771,5022,	chr6	30051028	30052853	retro_human_5984|PAIP1P1-206|processed_pseudogene	0	-	PAIP1P1	1825
chr6	30350080	30350831	ENSG00000236603[1,1,1]	0	+	30350080	30350080	0	1	751,	0,	chr6	30350130	30350781	retro_human_7824|RANP1-206|processed_pseudogene	0	+	RANP1	651
chr6	30497761	30498186	ENSG00000228415[1,1,1]	0	+	30497811	30497958	0	1	425,	0,	chr6	30497811	30498136	PTMAP1-205|processed_pseudogene	0	+	PTMAP1	325
chr6	31464095	31464460	ENSG00000230622[1,1,1]	0	-	31464095	31464095	0	1	365,	0,	chr6	31464136	31464410	retro_human_8430|UQCRHP1-204|processed_pseudogene	0	-	UQCRHP1	274
chr6	31662625	31675402	ENSG00000204390[5,4,1]	0	-	31663106	31665029	255	2	2417,139,	0,12638,	chr6	31663188	31665020	retro_human_7259	0	-	HSPA1L	1832
chr6	31662625	31675402	ENSG00000204390[5,4,1]	0	-	31663106	31665029	255	2	2417,139,	0,12638,	chr6	31668813	31670736	retro_human_2360	0	+	HSPA1A	1923
chr6	31662625	31668938	ENSG00000204390[3,2,1]	0	-	31663106	31665029	255	2	2417,301,	0,6012,	chr6	31663188	31665020	retro_human_7259	0	-	HSPA1L	1832
chr6	31662625	31674943	ENSG00000204390[4,3,1]	0	-	31663106	31665029	255	2	2417,871,	0,11447,	chr6	31663188	31665020	retro_human_7259	0	-	HSPA1L	1832
chr6	31662625	31674943	ENSG00000204390[4,3,1]	0	-	31663106	31665029	255	2	2417,871,	0,11447,	chr6	31668813	31670736	retro_human_2360	0	+	HSPA1A	1923
chr6	31662625	31668172	ENSG00000204390[2,1,1]	0	-	31663106	31665029	0	2	2417,227,	0,5320,	chr6	31663188	31665020	retro_human_7259	0	-	HSPA1L	1832
chr6	31668549	31671053	ENSG00000204389[1,1,1]	0	+	31668813	31670736	0	1	2504,	0,	chr6	31668813	31670736	retro_human_2360	0	+	HSPA1A	1923
chr6	31680751	31683367	ENSG00000204388[1,1,1]	0	+	31681014	31682937	0	1	2616,	0,	chr6	31681014	31682937	retro_human_2363	0	+	HSPA1B,AL671762.1	1923
chr6	31680755	31692828	ENSG00000285565[2,1,1]	0	+	31681014	31688475	0	4	2062,41,200,227,	0,7714,9540,11846,	chr6	31681014	31682937	retro_human_2363	0	+	HSPA1B,AL671762.1	1923
chr6	31752806	31755380	ENSG00000204366[1,1,1]	0	-	31753172	31754549	0	2	1763,300,	0,2274,	chr6	31753191	31754522	retro_human_2976	0	-	ZBTB12,C2	1331
chr6	33221370	33221968	ENSG00000204194[1,1,1]	0	-	33221370	33221370	0	1	598,	0,	chr6	33221420	33221918	retro_human_8384|RPL12P1-201|processed_pseudogene	0	-	KIFC1,RPL12P1	498
chr6	33275282	33276750	ENSG00000213588[2,2,2]	0	+	33275568	33276552	0	2	312,358,	0,1110,	chr6	33276524	33277852	retro_human_2357	0	+	ZBTB9	226
chr6	33275855	33278957	ENSG00000213588[1,3,1]	0	+	33276463	33277882	0	2	139,2565,	0,537,	chr6	33276524	33277852	retro_human_2357	0	+	ZBTB9	1328
chr6	33275855	33278957	ENSG00000213588[1,1,1]	0	+	33276463	33277882	0	2	283,2565,	0,537,	chr6	33276524	33277852	retro_human_2357	0	+	ZBTB9	1328
chr6	33276718	33277603	ENSG00000213588[3,4,4]	0	+	33276841	33277226	0	2	132,641,	0,244,	chr6	33276524	33277852	retro_human_2357	0	+	ZBTB9	885
chr6	34043113	34043843	ENSG00000214810[1,1,1]	0	+	34043113	34043113	0	2	320,94,	0,636,	chr6	34043163	34043793	retro_human_5036|CYCSP55-201|processed_pseudogene	0	+	CYCSP55	630
chr6	34086918	34087381	ENSG00000220583[1,1,1]	0	-	34086918	34086918	0	1	463,	0,	chr6	34086968	34087331	retro_human_8388|RPL35P2-201|processed_pseudogene	0	-	AL354740.1,RPL35P2	363
chr6	34400060	34400559	ENSG00000196114[1,1,1]	0	-	34400060	34400060	0	1	499,	0,	chr6	34400110	34400509	retro_human_8391|IFITM3P3-201|processed_pseudogene	0	-	IFITM3P3	399
chr6	34566905	34567503	ENSG00000217130[1,1,1]	0	+	34566905	34566905	0	1	598,	0,	chr6	34566955	34567453	retro_human_5032|AL139100.1-201|processed_pseudogene	0	+	RPS10P13	498
chr6	34846271	34846681	ENSG00000187762[1,1,1]	0	+	34846412	34846640	0	1	410,	0,	chr6	34846321	34846631	retro_human_5034|HSPE1P11-201|processed_pseudogene	0	+	HSPE1P11	310
chr6	35378897	35379389	ENSG00000219023[1,1,1]	0	+	35378897	35378897	0	1	492,	0,	chr6	35378947	35379339	retro_human_10938|AL033519.3-201|processed_pseudogene	0	+	RPS15AP19	392
chr6	35430650	35431057	ENSG00000218749[1,1,1]	0	+	35430650	35430650	0	1	407,	0,	chr6	35430700	35431007	retro_human_10937|AL033519.2-201|processed_pseudogene	0	+	RPL36P9	307
chr6	35912262	35913018	ENSG00000237719[1,1,1]	0	-	35912262	35912262	0	1	756,	0,	chr6	35912312	35912968	retro_human_8802|Z95152.1-201|processed_pseudogene	0	-	LOC107986592	656
chr6	36494410	36495964	ENSG00000213500[1,1,1]	0	+	36494410	36494410	0	1	1554,	0,	chr6	36494460	36495914	retro_human_10935|LAP3P2-201|processed_pseudogene	0	+	PANDAR,LAP3P2	1454
chr6	36868364	36868794	ENSG00000226976[1,1,1]	0	+	36868364	36868364	0	1	430,	0,	chr6	36868414	36868744	retro_human_10934|COX6A1P2-201|processed_pseudogene	0	+	COX6A1P2	330
chr6	38928444	38939668	ENSG00000112167[1,4,1]	0	-	38929866	38933751	255	3	1764,4407,354,	0,5301,10870,	chr6	38934752	38937384	retro_human_9220|ANKRD18EP-201|processed_pseudogene	0	+	SAYSD1	2632
chr6	38928444	38939668	ENSG00000112167[1,1,1]	0	-	38929866	38939521	0	2	1764,354,	0,10870,	chr6	38934752	38937384	retro_human_9220|ANKRD18EP-201|processed_pseudogene	0	+	SAYSD1	2632
chr6	38929282	38939668	ENSG00000112167[1,4,3]	0	-	38929866	38933751	255	3	926,4407,354,	0,4463,10032,	chr6	38934752	38937384	retro_human_9220|ANKRD18EP-201|processed_pseudogene	0	+	SAYSD1	2632
chr6	38929282	38939668	ENSG00000112167[1,2,3]	0	-	38929866	38933751	0	2	926,5923,	0,4463,	chr6	38934752	38937384	retro_human_9220|ANKRD18EP-201|processed_pseudogene	0	+	SAYSD1	2632
chr6	38929282	38939668	ENSG00000112167[1,1,3]	0	-	38929866	38939521	0	2	926,354,	0,10032,	chr6	38934752	38937384	retro_human_9220|ANKRD18EP-201|processed_pseudogene	0	+	SAYSD1	2632
chr6	38929576	38939668	ENSG00000112167[1,4,4]	0	-	38929866	38933751	255	3	632,4407,354,	0,4169,9738,	chr6	38934752	38937384	retro_human_9220|ANKRD18EP-201|processed_pseudogene	0	+	SAYSD1	2632
chr6	38929576	38939668	ENSG00000112167[1,2,4]	0	-	38929866	38933751	0	2	632,5923,	0,4169,	chr6	38934752	38937384	retro_human_9220|ANKRD18EP-201|processed_pseudogene	0	+	SAYSD1	2632
chr6	38929576	38939668	ENSG00000112167[1,1,4]	0	-	38929866	38939521	0	2	632,354,	0,9738,	chr6	38934752	38937384	retro_human_9220|ANKRD18EP-201|processed_pseudogene	0	+	SAYSD1	2632
chr6	38934702	38937434	ENSG00000217165[1,1,1]	0	+	38934702	38934702	0	1	2732,	0,	chr6	38934752	38937384	retro_human_9220|ANKRD18EP-201|processed_pseudogene	0	+	SAYSD1	2632
chr6	38934898	38935873	ENSG00000217165[2,1,2]	0	+	38934898	38934898	0	1	975,	0,	chr6	38934752	38937384	retro_human_9220|ANKRD18EP-201|processed_pseudogene	0	+	SAYSD1	975
chr6	39785674	39786194	ENSG00000180211[1,1,1]	0	-	39785674	39785674	0	1	520,	0,	chr6	39785724	39786144	retro_human_173|FO393411.1-201|processed_pseudogene	0	-	RPL23P6	420
chr6	41137402	41137902	ENSG00000213461[1,1,1]	0	-	41137402	41137402	0	1	500,	0,	chr6	41137452	41137852	AL672212.1-201|processed_pseudogene	0	-	RPL32P15	400
chr6	42555912	42556479	ENSG00000213435[1,1,1]	0	+	42555912	42555912	0	1	567,	0,	chr6	42555962	42556429	retro_human_3336|ATP6V0CP3-201|processed_pseudogene	0	+	PRPH2,ATP6V0CP3	467
chr6	43139119	43139345	ENSG00000219222[1,1,1]	0	+	43139119	43139119	0	1	226,	0,	chr6	43139169	43139296	RPL12P47-201|processed_pseudogene	0	+	RPL12P47	127
chr6	43534632	43535535	ENSG00000218107[1,1,1]	0	-	43534632	43534632	0	1	903,	0,	chr6	43534682	43535485	retro_human_7669|AL136131.1-201|processed_pseudogene	0	-	LOC100132242	803
chr6	44932743	44934083	ENSG00000277769[1,1,1]	0	+	44932743	44932743	0	1	1340,	0,	chr6	44932793	44934033	retro_human_3339|RBM22P4-201|processed_pseudogene	0	+	RBM22P4	1240
chr6	50699956	50700464	ENSG00000060303[1,1,1]	0	-	50699956	50699956	0	1	508,	0,	chr6	50700006	50700414	retro_human_2472|RPS17P5-201|processed_pseudogene	0	-	RPS17P5	408
chr6	57910432	57911942	ENSG00000216687[1,1,1]	0	-	57910432	57910432	0	1	1510,	0,	chr6	57910477	57911892	AL390237.1-201|processed_pseudogene	0	-	LOC100288628	1415
chr6	64357285	64358962	ENSG00000198225[1,1,1]	0	+	64357446	64357770	0	1	1677,	0,	chr6	64357446	64357770	retro_human_2973	0	+	FKBP1C	324
chr6	66989213	66990423	ENSG00000233859[1,1,1]	0	-	66989213	66989213	0	1	1210,	0,	chr6	66989263	66990373	retro_human_6837|ADH5P4-201|processed_pseudogene	0	-	ADH5P4	1110
chr6	70885300	70886274	ENSG00000219085[1,1,1]	0	-	70885647	70885860	0	1	974,	0,	chr6	70885350	70886224	retro_human_5185|NPM1P37-201|processed_pseudogene	0	-	LMBRD1,NPM1P37	874
chr6	71788734	71789935	ENSG00000232389[1,1,1]	0	-	71788734	71788734	0	1	1201,	0,	chr6	71788784	71789885	retro_human_5187|AL583856.1-201|processed_pseudogene	0	-	LOC642590	1101
chr6	72345447	72346242	ENSG00000218350[1,1,1]	0	+	72345447	72345447	0	1	795,	0,	chr6	72345497	72346192	retro_human_10026|LYPLA1P3-201|processed_pseudogene	0	+	LYPLA1P3	695
chr6	72432142	72433473	ENSG00000276127[1,1,1]	0	+	72432142	72432142	0	1	1331,	0,	chr6	72432192	72433423	retro_human_10025|AL589935.2-201|processed_pseudogene	0	+	LOC100132834	1231
chr6	73775069	73776353	ENSG00000181514[1,1,1]	0	-	73775069	73775069	0	1	1284,	0,	chr6	73775119	73776303	retro_human_6930|FO393414.1-201|processed_pseudogene	0	-	LOC643067	1184
chr6	74466997	74467957	ENSG00000239626[1,1,1]	0	+	74466997	74466997	0	1	960,	0,	chr6	74467047	74467907	retro_human_4149|RPSAP41-201|processed_pseudogene	0	+	AC019205.1,LOC122539212,RPSAP41	860
chr6	74468556	74469972	ENSG00000234882[1,1,1]	0	+	74468556	74468556	0	1	1416,	0,	chr6	74468606	74469922	retro_human_4146|EIF3EP1-201|processed_pseudogene	0	+	AC019205.1,LOC122539212,EIF3EP1	1316
chr6	74529699	74531013	ENSG00000203909[1,1,1]	0	-	74530009	74530912	0	3	366,180,213,	0,840,1101,	chr6	74530493	74530774	retro_human_5182	0	-	DPPA5	281
chr6	74539304	74540918	ENSG00000203908[1,1,1]	0	+	74539426	74540554	0	3	291,180,666,	0,487,948,	chr6	74539731	74539973	retro_human_4145	0	+	KHDC3L	242
chr6	74549544	74550011	ENSG00000235174[1,1,2]	0	-	74549808	74549961	0	1	467,	0,	chr6	74549805	74549961	retro_human_5181|RPL39P3-201|processed_pseudogene	0	-	RPL39P3	156
chr6	74549755	74550011	ENSG00000235174[1,1,1]	0	-	74549808	74549961	0	1	256,	0,	chr6	74549805	74549961	retro_human_5181|RPL39P3-201|processed_pseudogene	0	-	RPL39P3	156
chr6	74692803	74698186	ENSG00000156508[1,53,1]	0	-	74694916	74697130	255	8	2235,235,257,148,297,180,174,83,	0,2330,2654,3001,3232,3637,4183,5300,	chr6	74696036	74697109	retro_human_10693	0	-	EEF1A1	1073
chr6	74692803	74698186	ENSG00000156508[1,45,1]	0	-	74694916	74696194	255	8	2235,235,257,151,297,184,174,83,	0,2330,2654,2998,3232,3633,4183,5300,	chr6	74696036	74697109	retro_human_10693	0	-	EEF1A1	1073
chr6	74692803	74698186	ENSG00000156508[1,2,1]	0	-	74694916	74697130	0	7	2235,235,257,151,297,180,1200,	0,2330,2654,2998,3232,3637,4183,	chr6	74696036	74697109	retro_human_10693	0	-	EEF1A1	1073
chr6	74692803	74698186	ENSG00000156508[1,1,1]	0	-	74694916	74697130	0	8	2235,235,257,151,297,180,174,83,	0,2330,2654,2998,3232,3637,4183,5300,	chr6	74696036	74697109	retro_human_10693	0	-	EEF1A1	1073
chr6	74694568	74698186	ENSG00000156508[1,51,2]	0	-	74695022	74697130	255	8	470,239,257,151,297,180,174,83,	0,561,889,1233,1467,1872,2418,3535,	chr6	74696036	74697109	retro_human_10693	0	-	EEF1A1	1073
chr6	74694568	74698186	ENSG00000156508[1,42,2]	0	-	74694916	74696620	255	8	470,235,257,151,297,180,95,83,	0,565,889,1233,1467,1872,2418,3535,	chr6	74696036	74697109	retro_human_10693	0	-	EEF1A1	1073
chr6	74694568	74698186	ENSG00000156508[1,52,2]	0	-	74694916	74697130	255	9	470,235,90,80,151,297,180,174,83,	0,565,889,1066,1233,1467,1872,2418,3535,	chr6	74696036	74697109	retro_human_10693	0	-	EEF1A1	1073
chr6	74694568	74698186	ENSG00000156508[1,11,2]	0	-	74694916	74697130	255	8	470,235,257,151,297,171,174,83,	0,565,889,1233,1467,1872,2418,3535,	chr6	74696036	74697109	retro_human_10693	0	-	EEF1A1	1073
chr6	74694568	74698186	ENSG00000156508[1,23,2]	0	-	74695448	74697130	255	7	470,581,151,297,180,174,83,	0,565,1233,1467,1872,2418,3535,	chr6	74696036	74697109	retro_human_10693	0	-	EEF1A1	1073
chr6	74694568	74696295	ENSG00000156508[15,36,2]	0	-	74695098	74696194	255	4	800,257,151,260,	0,889,1233,1467,	chr6	74696036	74697109	retro_human_10693	0	-	EEF1A1	259
chr6	74694568	74698186	ENSG00000156508[1,43,2]	0	-	74694916	74696620	255	8	470,235,257,151,297,180,178,83,	0,565,889,1233,1467,1872,2414,3535,	chr6	74696036	74697109	retro_human_10693	0	-	EEF1A1	1073
chr6	74694568	74698186	ENSG00000156508[1,54,2]	0	-	74694916	74696067	255	8	470,235,257,151,289,180,174,83,	0,565,889,1233,1475,1872,2418,3535,	chr6	74696036	74697109	retro_human_10693	0	-	EEF1A1	1073
chr6	74694568	74698186	ENSG00000156508[1,50,2]	0	-	74695448	74697130	255	6	1146,151,297,180,174,83,	0,1233,1467,1872,2418,3535,	chr6	74696036	74697109	retro_human_10693	0	-	EEF1A1	1073
chr6	74694568	74698186	ENSG00000156508[1,46,2]	0	-	74696011	74697130	255	4	1764,180,174,83,	0,1872,2418,3535,	chr6	74696036	74697109	retro_human_10693	0	-	EEF1A1	1073
chr6	74694568	74698186	ENSG00000156508[1,49,2]	0	-	74695599	74697130	255	8	470,235,257,155,297,180,174,83,	0,565,889,1229,1467,1872,2418,3535,	chr6	74696036	74697109	retro_human_10693	0	-	EEF1A1	1073
chr6	74694568	74698186	ENSG00000156508[1,48,2]	0	-	74695621	74697130	255	8	470,235,257,162,297,180,174,83,	0,565,889,1222,1467,1872,2418,3535,	chr6	74696036	74697109	retro_human_10693	0	-	EEF1A1	1073
chr6	74694568	74700985	ENSG00000156508[5,9,2]	0	-	74694916	74697130	255	8	470,235,257,151,297,180,174,163,	0,565,889,1233,1467,1872,2418,6254,	chr6	74696036	74697109	retro_human_10693	0	-	EEF1A1	1073
chr6	74694568	74697368	ENSG00000156508[2,3,2]	0	-	74694916	74697130	255	8	470,235,257,151,297,180,174,114,	0,565,889,1233,1467,1872,2418,2686,	chr6	74696036	74697109	retro_human_10693	0	-	EEF1A1	1073
chr6	74694568	74698186	ENSG00000156508[1,22,2]	0	-	74694916	74695985	255	7	470,235,257,531,180,174,83,	0,565,889,1233,1872,2418,3535,	chr6	74696036	74697109	retro_human_10693	0	-	EEF1A1	1073
chr6	74694568	74700985	ENSG00000156508[5,8,2]	0	-	74694916	74697130	255	8	470,235,257,151,297,180,174,441,	0,565,889,1233,1467,1872,2418,5976,	chr6	74696036	74697109	retro_human_10693	0	-	EEF1A1	1073
chr6	74694568	74698186	ENSG00000156508[1,47,2]	0	-	74694916	74695952	255	8	470,235,257,151,301,180,174,83,	0,565,889,1233,1463,1872,2418,3535,	chr6	74696036	74697109	retro_human_10693	0	-	EEF1A1	1073
chr6	74694568	74696295	ENSG00000156508[15,38,2]	0	-	74694916	74696194	255	5	470,235,257,148,260,	0,565,889,1236,1467,	chr6	74696036	74697109	retro_human_10693	0	-	EEF1A1	259
chr6	74694568	74698527	ENSG00000156508[11,53,2]	0	-	74694916	74697130	255	8	470,235,257,148,297,180,174,424,	0,565,889,1236,1467,1872,2418,3535,	chr6	74696036	74697109	retro_human_10693	0	-	EEF1A1	1073
chr6	74694568	74698186	ENSG00000156508[1,53,2]	0	-	74694916	74697130	255	8	470,235,257,148,297,180,174,83,	0,565,889,1236,1467,1872,2418,3535,	chr6	74696036	74697109	retro_human_10693	0	-	EEF1A1	1073
chr6	74694568	74698186	ENSG00000156508[1,41,2]	0	-	74694916	74697130	255	8	470,235,257,151,297,180,174,87,	0,565,889,1233,1467,1872,2418,3531,	chr6	74696036	74697109	retro_human_10693	0	-	EEF1A1	1073
chr6	74694568	74698527	ENSG00000156508[11,45,2]	0	-	74694916	74696194	255	8	470,235,257,151,297,184,174,424,	0,565,889,1233,1467,1868,2418,3535,	chr6	74696036	74697109	retro_human_10693	0	-	EEF1A1	1073
chr6	74694568	74698186	ENSG00000156508[1,45,2]	0	-	74694916	74696194	255	8	470,235,257,151,297,184,174,83,	0,565,889,1233,1467,1868,2418,3535,	chr6	74696036	74697109	retro_human_10693	0	-	EEF1A1	1073
chr6	74694568	74698186	ENSG00000156508[1,4,2]	0	-	74694916	74697130	255	8	470,235,257,151,297,180,174,721,	0,565,889,1233,1467,1872,2418,2897,	chr6	74696036	74697109	retro_human_10693	0	-	EEF1A1	1073
chr6	74694568	74697745	ENSG00000156508[3,4,2]	0	-	74694916	74697130	255	8	470,235,257,151,297,180,174,280,	0,565,889,1233,1467,1872,2418,2897,	chr6	74696036	74697109	retro_human_10693	0	-	EEF1A1	1073
chr6	74694568	74697745	ENSG00000156508[3,40,2]	0	-	74694916	74697130	255	8	470,235,257,151,297,180,174,394,	0,565,889,1233,1467,1872,2418,2783,	chr6	74696036	74697109	retro_human_10693	0	-	EEF1A1	1073
chr6	74694568	74698527	ENSG00000156508[11,13,2]	0	-	74695098	74697130	255	7	800,257,151,297,180,174,424,	0,889,1233,1467,1872,2418,3535,	chr6	74696036	74697109	retro_human_10693	0	-	EEF1A1	1073
chr6	74694568	74698186	ENSG00000156508[1,13,2]	0	-	74695098	74697130	255	7	800,257,151,297,180,174,83,	0,889,1233,1467,1872,2418,3535,	chr6	74696036	74697109	retro_human_10693	0	-	EEF1A1	1073
chr6	74694568	74696295	ENSG00000156508[15,35,2]	0	-	74694916	74695985	255	4	470,235,257,494,	0,565,889,1233,	chr6	74696036	74697109	retro_human_10693	0	-	EEF1A1	259
chr6	74694568	74698186	ENSG00000156508[1,39,2]	0	-	74694916	74696620	255	6	470,235,257,151,297,1746,	0,565,889,1233,1467,1872,	chr6	74696036	74697109	retro_human_10693	0	-	EEF1A1	1073
chr6	74694568	74698186	ENSG00000156508[1,37,2]	0	-	74694916	74696620	255	5	470,235,257,151,2151,	0,565,889,1233,1467,	chr6	74696036	74697109	retro_human_10693	0	-	EEF1A1	1073
chr6	74694568	74696295	ENSG00000156508[15,37,2]	0	-	74694916	74696194	255	5	470,235,257,151,260,	0,565,889,1233,1467,	chr6	74696036	74697109	retro_human_10693	0	-	EEF1A1	259
chr6	74694568	74698186	ENSG00000156508[1,34,2]	0	-	74694916	74695661	255	3	470,235,2729,	0,565,889,	chr6	74696036	74697109	retro_human_10693	0	-	EEF1A1	1073
chr6	74694568	74696295	ENSG00000156508[15,34,2]	0	-	74694916	74695661	255	3	470,235,838,	0,565,889,	chr6	74696036	74697109	retro_human_10693	0	-	EEF1A1	259
chr6	74694568	74698186	ENSG00000156508[1,27,2]	0	-	74695448	74697130	0	6	470,581,151,297,180,1200,	0,565,1233,1467,1872,2418,	chr6	74696036	74697109	retro_human_10693	0	-	EEF1A1	1073
chr6	74694568	74697213	ENSG00000156508[13,27,2]	0	-	74695448	74697130	0	6	470,581,151,297,180,227,	0,565,1233,1467,1872,2418,	chr6	74696036	74697109	retro_human_10693	0	-	EEF1A1	1073
chr6	74694568	74698729	ENSG00000156508[7,6,2]	0	-	74694916	74697130	0	8	470,235,257,151,297,180,174,119,	0,565,889,1233,1467,1872,2418,4042,	chr6	74696036	74697109	retro_human_10693	0	-	EEF1A1	1073
chr6	74694568	74699054	ENSG00000156508[4,6,2]	0	-	74694916	74697130	0	8	470,235,257,151,297,180,174,444,	0,565,889,1233,1467,1872,2418,4042,	chr6	74696036	74697109	retro_human_10693	0	-	EEF1A1	1073
chr6	74694568	74699054	ENSG00000156508[4,2,2]	0	-	74694916	74697130	0	7	470,235,257,151,297,180,2068,	0,565,889,1233,1467,1872,2418,	chr6	74696036	74697109	retro_human_10693	0	-	EEF1A1	1073
chr6	74694568	74698729	ENSG00000156508[7,2,2]	0	-	74694916	74697130	0	7	470,235,257,151,297,180,1743,	0,565,889,1233,1467,1872,2418,	chr6	74696036	74697109	retro_human_10693	0	-	EEF1A1	1073
chr6	74694568	74698186	ENSG00000156508[1,2,2]	0	-	74694916	74697130	0	7	470,235,257,151,297,180,1200,	0,565,889,1233,1467,1872,2418,	chr6	74696036	74697109	retro_human_10693	0	-	EEF1A1	1073
chr6	74694568	74699054	ENSG00000156508[4,1,2]	0	-	74694916	74697130	0	8	470,235,257,151,297,180,174,951,	0,565,889,1233,1467,1872,2418,3535,	chr6	74696036	74697109	retro_human_10693	0	-	EEF1A1	1073
chr6	74694568	74698527	ENSG00000156508[11,1,2]	0	-	74694916	74697130	0	8	470,235,257,151,297,180,174,424,	0,565,889,1233,1467,1872,2418,3535,	chr6	74696036	74697109	retro_human_10693	0	-	EEF1A1	1073
chr6	74694568	74698186	ENSG00000156508[1,1,2]	0	-	74694916	74697130	0	8	470,235,257,151,297,180,174,83,	0,565,889,1233,1467,1872,2418,3535,	chr6	74696036	74697109	retro_human_10693	0	-	EEF1A1	1073
chr6	74694568	74698729	ENSG00000156508[7,1,2]	0	-	74694916	74697130	0	8	470,235,257,151,297,180,174,626,	0,565,889,1233,1467,1872,2418,3535,	chr6	74696036	74697109	retro_human_10693	0	-	EEF1A1	1073
chr6	74695847	74697213	ENSG00000156508[13,26,9]	0	-	74696011	74697130	0	3	485,180,227,	0,593,1139,	chr6	74696036	74697109	retro_human_10693	0	-	EEF1A1	1073
chr6	76787761	76788692	ENSG00000217488[1,1,1]	0	-	76787761	76787761	0	1	931,	0,	chr6	76787811	76788642	retro_human_10688|AL356057.1-201|transcribed_processed_pseudogene	0	-	LOC100421091	831
chr6	76787761	76788692	ENSG00000217488[1,1,1]	0	-	76787761	76787761	0	1	931,	0,	chr6	76788043	76788799	AL356057.1-202|transcribed_processed_pseudogene	0	-	LOC100421091	649
chr6	76787993	76788849	ENSG00000217488[2,1,2]	0	-	76787993	76787993	0	1	856,	0,	chr6	76787811	76788642	retro_human_10688|AL356057.1-201|transcribed_processed_pseudogene	0	-	LOC100421091	649
chr6	76787993	76788849	ENSG00000217488[2,1,2]	0	-	76787993	76787993	0	1	856,	0,	chr6	76788043	76788799	AL356057.1-202|transcribed_processed_pseudogene	0	-	LOC100421091	756
chr6	76921105	76921771	ENSG00000285401[1,1,1]	0	+	76921455	76921749	0	1	666,	0,	chr6	76921155	76921721	retro_human_9624|AL109897.1-201|processed_pseudogene	0	+	LOC124901230	566
chr6	80245355	80245902	ENSG00000217512[1,1,1]	0	-	80245521	80245662	0	1	547,	0,	chr6	80245405	80245852	AL356776.1-201|processed_pseudogene	0	-	PHIP	447
chr6	86876676	86877491	ENSG00000220563[1,1,1]	0	-	86876676	86876676	0	1	815,	0,	chr6	86876726	86877441	retro_human_5546|PKMP3-201|transcribed_processed_pseudogene	0	-	SNHG5,PKMP3	715
chr6	88382190	88383226	ENSG00000218313[1,1,1]	0	-	88382190	88382190	0	1	1036,	0,	chr6	88382240	88383176	retro_human_4360|AL139274.1-201|processed_pseudogene	0	-	LOC100418923,ZNF292	936
chr6	88507525	88509301	ENSG00000216990[1,1,1]	0	+	88507525	88507525	0	1	1776,	0,	chr6	88507575	88509251	retro_human_3759|HSPD1P10-201|processed_pseudogene	0	+	HSPD1P10	1676
chr6	90510994	90512426	ENSG00000220418[1,1,1]	0	+	90510994	90510994	0	1	1432,	0,	chr6	90511044	90512376	retro_human_1331|TUBB3P1-201|processed_pseudogene	0	+	TUBB3P1	1332
chr6	91006898	91007278	ENSG00000220871[1,1,1]	0	+	91006898	91006898	0	1	380,	0,	chr6	91006948	91007228	retro_human_1322|DNAJC19P6-201|processed_pseudogene	0	+	DNAJC19P6	280
chr6	91024019	91024874	ENSG00000217653[1,1,1]	0	+	91024019	91024019	0	1	855,	0,	chr6	91024069	91024824	retro_human_7665|PIMREGP3-201|processed_pseudogene	0	+	PIMREGP3	755
chr6	93225429	93226422	ENSG00000220553[1,1,1]	0	+	93225429	93225429	0	1	993,	0,	chr6	93225479	93226372	retro_human_7661|RPL5P19-201|processed_pseudogene	0	+	RPL5P19	893
chr6	94303917	94304802	ENSG00000213187[1,1,1]	0	-	94303917	94303917	0	1	885,	0,	chr6	94303967	94304752	retro_human_9882|COPS5P1-201|processed_pseudogene	0	-	COPS5P1	785
chr6	97820395	97821076	ENSG00000213183[1,1,1]	0	-	97820395	97820395	0	1	681,	0,	chr6	97820445	97821026	retro_human_9886|RPS7P8-201|processed_pseudogene	0	-	RPS7P8	581
chr6	97825203	97826172	ENSG00000219139[1,1,1]	0	+	97825203	97825203	0	1	969,	0,	chr6	97825253	97826122	retro_human_150|TYMSP1-201|processed_pseudogene	0	+	TYMSP1	869
chr6	100349052	100349888	ENSG00000232699[1,1,1]	0	+	100349052	100349052	0	1	836,	0,	chr6	100349102	100349838	retro_human_7352|BDH2P1-201|processed_pseudogene	0	+	BDH2P1	736
chr6	100749934	100750779	ENSG00000219755[1,1,1]	0	+	100749934	100749934	0	1	845,	0,	chr6	100749984	100750729	retro_human_162|AL137784.1-201|processed_pseudogene	0	+	TSTD3	745
chr6	102063438	102064274	ENSG00000270987[1,1,1]	0	+	102063438	102063438	0	1	836,	0,	chr6	102063488	102064224	retro_human_588|AL133338.2-201|processed_pseudogene	0	+	LOC728098	736
chr6	106036420	106038195	ENSG00000271099[1,1,1]	0	+	106036420	106036420	0	1	1775,	0,	chr6	106036470	106038145	AL357315.2-201|processed_pseudogene	0	+	LOC100422315	1675
chr6	106333998	106355799	ENSG00000132429[1,4,2]	0	-	106335553	106337662	0	4	502,109,365,232,	0,1461,3550,21569,	chr6	106334267	106337515	retro_human_3975	0	-	POPDC3	3248
chr6	106333998	106355799	ENSG00000132429[1,1,2]	0	-	106334221	106337662	0	4	502,109,736,232,	0,1461,3179,21569,	chr6	106334267	106337515	retro_human_3975	0	-	POPDC3	3248
chr6	106334279	106335920	ENSG00000132429[2,2,3]	0	-	106335560	106335731	0	2	221,461,	0,1180,	chr6	106334267	106337515	retro_human_3975	0	-	POPDC3	1641
chr6	109795297	109795683	ENSG00000228976[1,1,1]	0	-	109795297	109795297	0	1	386,	0,	chr6	109795347	109795633	retro_human_9449|SUMO2P8-201|processed_pseudogene	0	-	SUMO2P8	286
chr6	110084973	110085330	ENSG00000228834[1,1,1]	0	-	110084973	110084973	0	1	357,	0,	chr6	110085023	110085280	retro_human_9452|AL445189.2-201|processed_pseudogene	0	-	LOC124901481,ATP5MFP2	257
chr6	111879086	111879525	ENSG00000217041[1,1,1]	0	+	111879086	111879086	0	1	439,	0,	chr6	111879136	111879475	retro_human_6368|AL512430.2-201|processed_pseudogene	0	+	RPS20P18	339
chr6	112036790	112037799	ENSG00000213149[1,1,1]	0	+	112036840	112037521	0	1	1009,	0,	chr6	112036840	112037749	retro_human_6367|CNN2P9-201|processed_pseudogene	0	+	CNN2P9	909
chr6	112613192	112614814	ENSG00000218676[1,1,1]	0	+	112613192	112613192	0	1	1622,	0,	chr6	112613242	112614764	retro_human_221|BRD7P4-201|processed_pseudogene	0	+	BRD7P4	1522
chr6	113530693	113534758	ENSG00000251258[1,1,1]	0	+	113533122	113533911	0	3	128,129,1741,	0,1913,2324,	chr6	113533123	113533911	retro_human_222	0	+	AL365214.2,RFPL4B	788
chr6	114765426	114765973	ENSG00000218208[1,1,1]	0	+	114765426	114765426	0	1	547,	0,	chr6	114765476	114765923	retro_human_224|RPS27AP11-201|processed_pseudogene	0	+	RPS27AP11	447
chr6	117438103	117443271	ENSG00000111817[4,10,7]	0	+	117442713	117442902	0	4	261,163,122,845,	0,717,3093,4323,	chr6	117442473	117443096	retro_human_9060|AL050331.1-201|processed_pseudogene	0	-	DSE,LOC100287430,RPS5P1	623
chr6	117442423	117443146	ENSG00000233558[1,1,1]	0	-	117442423	117442423	0	1	723,	0,	chr6	117442473	117443096	retro_human_9060|AL050331.1-201|processed_pseudogene	0	-	DSE,LOC100287430,RPS5P1	623
chr6	119183763	119184337	ENSG00000230202[1,1,1]	0	+	119183813	119184284	0	1	574,	0,	chr6	119183813	119184287	retro_human_228|AL450405.1-201|processed_pseudogene	0	+	RPL29P4	474
chr6	119637515	119640139	ENSG00000216809[1,1,1]	0	-	119637515	119637515	0	1	2624,	0,	chr6	119637565	119640089	retro_human_9064|AL589993.1-201|processed_pseudogene	0	-	LOC644303	2524
chr6	119686536	119688111	ENSG00000169075[1,1,1]	0	+	119686536	119686536	0	1	1575,	0,	chr6	119686586	119688061	retro_human_5973|Z99496.1-201|processed_pseudogene	0	+	BRD7P3	1475
chr6	119774141	119774806	ENSG00000217330[1,1,1]	0	+	119774141	119774141	0	1	665,	0,	chr6	119774191	119774756	retro_human_5972|SSXP10-201|processed_pseudogene	0	+	SSXP10	565
chr6	120455297	120455980	ENSG00000216316[1,1,1]	0	-	120455433	120455691	0	1	683,	0,	chr6	120455348	120455930	retro_human_9065|AL022722.1-201|processed_pseudogene	0	-	RPL13AP15	582
chr6	122840770	122841765	ENSG00000218180[1,1,1]	0	+	122840770	122840770	0	1	995,	0,	chr6	122840819	122841715	retro_human_2556|SLC25A5P7-201|processed_pseudogene	0	+	SLC25A5P7	896
chr6	124047920	124048331	ENSG00000232362[1,1,1]	0	-	124047920	124047920	0	1	411,	0,	chr6	124047970	124048281	retro_human_8742|ATP5MGP2-201|processed_pseudogene	0	-	ATP5MGP2	311
chr6	128307541	128386759	ENSG00000146374[1,2,2]	0	+	128308113	128386450	0	6	669,192,147,198,161,390,	0,30039,31815,36630,77225,78828,	chr6	128365689	128401766	AL356534.1-239|transcribed_processed_pseudogene	0	-	RSPO3	21070
chr6	128307541	128386759	ENSG00000146374[1,1,2]	0	+	128308113	128384948	0	5	669,192,147,198,1993,	0,30039,31815,36630,77225,	chr6	128365689	128401766	AL356534.1-239|transcribed_processed_pseudogene	0	-	RSPO3	21070
chr6	128307541	128386027	ENSG00000146374[1,1,7]	0	+	128308113	128384948	0	5	669,192,147,198,1261,	0,30039,31815,36630,77225,	chr6	128365689	128401766	AL356534.1-239|transcribed_processed_pseudogene	0	-	RSPO3	20338
chr6	128307541	128385868	ENSG00000146374[1,1,6]	0	+	128308113	128384948	0	5	669,192,147,198,1102,	0,30039,31815,36630,77225,	chr6	128365689	128401766	AL356534.1-239|transcribed_processed_pseudogene	0	-	RSPO3	20179
chr6	128307541	128386290	ENSG00000146374[1,1,4]	0	+	128308113	128384948	0	5	669,192,147,198,1524,	0,30039,31815,36630,77225,	chr6	128365689	128401766	AL356534.1-239|transcribed_processed_pseudogene	0	-	RSPO3	20601
chr6	128307908	128386759	ENSG00000146374[2,2,2]	0	+	128308113	128386450	0	6	302,192,147,198,161,390,	0,29672,31448,36263,76858,78461,	chr6	128365689	128401766	AL356534.1-239|transcribed_processed_pseudogene	0	-	RSPO3	21070
chr6	130122137	130123231	ENSG00000220884[1,1,1]	0	-	130122137	130122137	0	1	1094,	0,	chr6	130122187	130123181	retro_human_1240|MESTP1-201|processed_pseudogene	0	-	MESTP1	994
chr6	130350678	130352376	ENSG00000219642[1,1,1]	0	-	130350678	130350678	0	1	1698,	0,	chr6	130350728	130352326	retro_human_1241|BMPR1AP1-201|processed_pseudogene	0	-	BMPR1AP1	1598
chr6	132663469	132664046	ENSG00000219776[1,1,1]	0	+	132663469	132663469	0	1	577,	0,	chr6	132663519	132663997	retro_human_11075|RPL21P67-201|processed_pseudogene	0	+	RPL21P67	478
chr6	133014735	133015125	ENSG00000219532[1,1,1]	0	-	133014735	133014735	0	1	390,	0,	chr6	133014785	133015075	SELENOKP2-201|processed_pseudogene	0	-	SELENOKP2	290
chr6	133928550	133929782	ENSG00000093134[1,7,6]	0	-	133929218	133929659	0	2	800,336,	0,896,	chr6	133929219	133929584	retro_human_7463	0	-	VNN3,VNN3P	365
chr6	134192466	134193056	ENSG00000213122[1,1,1]	0	-	134192466	134192466	0	1	590,	0,	chr6	134192516	134193006	retro_human_7456|RPL23AP46-201|processed_pseudogene	0	-	RPL23AP46	490
chr6	137552216	137552650	ENSG00000220660[1,1,1]	0	+	137552216	137552216	0	1	434,	0,	chr6	137552266	137552600	retro_human_5581|AL023284.3-201|transcribed_processed_pseudogene	0	+	AL023284.3,RPLP1P8	334
chr6	137552216	137552650	ENSG00000220660[1,1,1]	0	+	137552216	137552216	0	1	434,	0,	chr6	137552556	137553217	AL023284.3-202|transcribed_processed_pseudogene	0	+	AL023284.3,RPLP1P8	94
chr6	138893795	138895674	ENSG00000220412[1,1,1]	0	-	138893795	138893795	0	1	1879,	0,	chr6	138893845	138895624	retro_human_6236|AL356234.1-201|processed_pseudogene	0	-	PTPN11P3	1779
chr6	139591018	139592094	ENSG00000215878[1,1,1]	0	-	139591018	139591018	0	1	1076,	0,	chr6	139591068	139592044	MARCKSL1P2-201|processed_pseudogene	0	-	MARCKSL1P2	976
chr6	139838718	139839566	ENSG00000216802[1,1,1]	0	-	139839079	139839319	0	1	848,	0,	chr6	139838768	139839516	retro_human_6235|AL590617.1-201|processed_pseudogene	0	-	MTCH1P1	748
chr6	140009974	140013139	ENSG00000225415[2,1,2]	0	+	140011302	140012352	0	1	3165,	0,	chr6	140011302	140012355	ACKR4P1-201|processed_pseudogene	0	+	ACKR4P1	1053
chr6	140010410	140013139	ENSG00000225415[3,1,2]	0	+	140011302	140012352	0	1	2729,	0,	chr6	140011302	140012355	ACKR4P1-201|processed_pseudogene	0	+	ACKR4P1	1053
chr6	140010784	140013139	ENSG00000225415[4,1,2]	0	+	140011302	140012352	0	1	2355,	0,	chr6	140011302	140012355	ACKR4P1-201|processed_pseudogene	0	+	ACKR4P1	1053
chr6	140010971	140013139	ENSG00000225415[5,1,2]	0	+	140011302	140012352	0	1	2168,	0,	chr6	140011302	140012355	ACKR4P1-201|processed_pseudogene	0	+	ACKR4P1	1053
chr6	140011252	140013139	ENSG00000225415[1,1,2]	0	+	140011302	140012352	0	1	1887,	0,	chr6	140011302	140012355	ACKR4P1-201|processed_pseudogene	0	+	ACKR4P1	1053
chr6	140011252	140012405	ENSG00000225415[1,1,1]	0	+	140011302	140012352	0	1	1153,	0,	chr6	140011302	140012355	ACKR4P1-201|processed_pseudogene	0	+	ACKR4P1	1053
chr6	142107427	142107981	ENSG00000216548[1,1,1]	0	-	142107427	142107427	0	1	554,	0,	chr6	142107477	142107931	retro_human_6232|AL357084.1-201|processed_pseudogene	0	-	RPS18P10	454
chr6	144534586	144535824	ENSG00000217648[1,1,1]	0	+	144534636	144535041	0	1	1238,	0,	chr6	144534636	144535774	retro_human_7975|AL136116.3-201|processed_pseudogene	0	+	PARLP2,AIG1	1138
chr6	144682781	144683825	ENSG00000229036[1,1,1]	0	+	144682841	144683111	0	1	1044,	0,	chr6	144682922	144683775	retro_human_7977|VDAC1P8-201|transcribed_processed_pseudogene	0	+	PEX3,VDAC1P8	853
chr6	144686310	144704178	ENSG00000001036[1,5,4]	0	-	144688117	144699650	255	7	1945,109,191,211,173,188,360,	0,3486,8029,8452,10010,13334,17508,	chr6	144688710	144696404	VDAC1P8-203|transcribed_processed_pseudogene	0	+	VDAC1P8	7694
chr6	144686310	144704178	ENSG00000001036[1,5,4]	0	-	144688117	144699650	255	7	1945,109,191,211,173,188,360,	0,3486,8029,8452,10010,13334,17508,	chr6	144695326	144698433	VDAC1P8-213|transcribed_processed_pseudogene	0	+	VDAC1P8,FUCA2	3107
chr6	144686310	144704178	ENSG00000001036[1,5,4]	0	-	144688117	144699650	255	7	1945,109,191,211,173,188,360,	0,3486,8029,8452,10010,13334,17508,	chr6	144695801	144698746	VDAC1P8-202|transcribed_processed_pseudogene	0	+	VDAC1P8,FUCA2,AL031320.2,LOC124901417	2945
chr6	144686310	144704178	ENSG00000001036[1,5,4]	0	-	144688117	144699650	255	7	1945,109,191,211,173,188,360,	0,3486,8029,8452,10010,13334,17508,	chr6	144695865	144698555	VDAC1P8-207|transcribed_processed_pseudogene	0	+	VDAC1P8,FUCA2	2690
chr6	144686310	144704178	ENSG00000001036[1,5,4]	0	-	144688117	144699650	255	7	1945,109,191,211,173,188,360,	0,3486,8029,8452,10010,13334,17508,	chr6	144696077	144698566	VDAC1P8-208|transcribed_processed_pseudogene	0	+	VDAC1P8,FUCA2	2489
chr6	144686310	144704178	ENSG00000001036[1,5,4]	0	-	144688117	144699650	255	7	1945,109,191,211,173,188,360,	0,3486,8029,8452,10010,13334,17508,	chr6	144696391	144698211	VDAC1P8-209|transcribed_processed_pseudogene	0	+	FUCA2,VDAC1P8	1820
chr6	144686310	144704178	ENSG00000001036[1,5,4]	0	-	144688117	144699650	255	7	1945,109,191,211,173,188,360,	0,3486,8029,8452,10010,13334,17508,	chr6	144696425	144698508	VDAC1P8-212|transcribed_processed_pseudogene	0	+	FUCA2,VDAC1P8	2083
chr6	144686310	144704178	ENSG00000001036[1,5,4]	0	-	144688117	144699650	255	7	1945,109,191,211,173,188,360,	0,3486,8029,8452,10010,13334,17508,	chr6	144682831	144696500	VDAC1P8-210|transcribed_processed_pseudogene	0	+	VDAC1P8	10190
chr6	144686310	144704178	ENSG00000001036[1,4,4]	0	-	144688117	144699650	255	5	1945,109,191,188,360,	0,3486,8029,13334,17508,	chr6	144688710	144696404	VDAC1P8-203|transcribed_processed_pseudogene	0	+	VDAC1P8	7694
chr6	144686310	144704178	ENSG00000001036[1,4,4]	0	-	144688117	144699650	255	5	1945,109,191,188,360,	0,3486,8029,13334,17508,	chr6	144695326	144698433	VDAC1P8-213|transcribed_processed_pseudogene	0	+	VDAC1P8,FUCA2	3107
chr6	144686310	144704178	ENSG00000001036[1,4,4]	0	-	144688117	144699650	255	5	1945,109,191,188,360,	0,3486,8029,13334,17508,	chr6	144695801	144698746	VDAC1P8-202|transcribed_processed_pseudogene	0	+	VDAC1P8,FUCA2,AL031320.2,LOC124901417	2945
chr6	144686310	144704178	ENSG00000001036[1,4,4]	0	-	144688117	144699650	255	5	1945,109,191,188,360,	0,3486,8029,13334,17508,	chr6	144695865	144698555	VDAC1P8-207|transcribed_processed_pseudogene	0	+	VDAC1P8,FUCA2	2690
chr6	144686310	144704178	ENSG00000001036[1,4,4]	0	-	144688117	144699650	255	5	1945,109,191,188,360,	0,3486,8029,13334,17508,	chr6	144696077	144698566	VDAC1P8-208|transcribed_processed_pseudogene	0	+	VDAC1P8,FUCA2	2489
chr6	144686310	144704178	ENSG00000001036[1,4,4]	0	-	144688117	144699650	255	5	1945,109,191,188,360,	0,3486,8029,13334,17508,	chr6	144696391	144698211	VDAC1P8-209|transcribed_processed_pseudogene	0	+	FUCA2,VDAC1P8	1820
chr6	144686310	144704178	ENSG00000001036[1,4,4]	0	-	144688117	144699650	255	5	1945,109,191,188,360,	0,3486,8029,13334,17508,	chr6	144696425	144698508	VDAC1P8-212|transcribed_processed_pseudogene	0	+	FUCA2,VDAC1P8	2083
chr6	144686310	144704178	ENSG00000001036[1,4,4]	0	-	144688117	144699650	255	5	1945,109,191,188,360,	0,3486,8029,13334,17508,	chr6	144682831	144696500	VDAC1P8-210|transcribed_processed_pseudogene	0	+	VDAC1P8	10190
chr6	144686310	144704178	ENSG00000001036[1,6,4]	0	-	144694523	144704042	255	6	1945,109,191,340,188,360,	0,3486,8029,10010,13334,17508,	chr6	144688710	144696404	VDAC1P8-203|transcribed_processed_pseudogene	0	+	VDAC1P8	7694
chr6	144686310	144704178	ENSG00000001036[1,6,4]	0	-	144694523	144704042	255	6	1945,109,191,340,188,360,	0,3486,8029,10010,13334,17508,	chr6	144695326	144698433	VDAC1P8-213|transcribed_processed_pseudogene	0	+	VDAC1P8,FUCA2	3107
chr6	144686310	144704178	ENSG00000001036[1,6,4]	0	-	144694523	144704042	255	6	1945,109,191,340,188,360,	0,3486,8029,10010,13334,17508,	chr6	144695801	144698746	VDAC1P8-202|transcribed_processed_pseudogene	0	+	VDAC1P8,FUCA2,AL031320.2,LOC124901417	2945
chr6	144686310	144704178	ENSG00000001036[1,6,4]	0	-	144694523	144704042	255	6	1945,109,191,340,188,360,	0,3486,8029,10010,13334,17508,	chr6	144695865	144698555	VDAC1P8-207|transcribed_processed_pseudogene	0	+	VDAC1P8,FUCA2	2690
chr6	144686310	144704178	ENSG00000001036[1,6,4]	0	-	144694523	144704042	255	6	1945,109,191,340,188,360,	0,3486,8029,10010,13334,17508,	chr6	144696077	144698566	VDAC1P8-208|transcribed_processed_pseudogene	0	+	VDAC1P8,FUCA2	2489
chr6	144686310	144704178	ENSG00000001036[1,6,4]	0	-	144694523	144704042	255	6	1945,109,191,340,188,360,	0,3486,8029,10010,13334,17508,	chr6	144696391	144698211	VDAC1P8-209|transcribed_processed_pseudogene	0	+	FUCA2,VDAC1P8	1820
chr6	144686310	144704178	ENSG00000001036[1,6,4]	0	-	144694523	144704042	255	6	1945,109,191,340,188,360,	0,3486,8029,10010,13334,17508,	chr6	144696425	144698508	VDAC1P8-212|transcribed_processed_pseudogene	0	+	FUCA2,VDAC1P8	2083
chr6	144686310	144704178	ENSG00000001036[1,6,4]	0	-	144694523	144704042	255	6	1945,109,191,340,188,360,	0,3486,8029,10010,13334,17508,	chr6	144682831	144696500	VDAC1P8-210|transcribed_processed_pseudogene	0	+	VDAC1P8	10190
chr6	144687169	144704178	ENSG00000001036[1,1,1]	0	-	144688117	144704042	0	7	1086,109,191,211,340,188,360,	0,2627,7170,7593,9151,12475,16649,	chr6	144688710	144696404	VDAC1P8-203|transcribed_processed_pseudogene	0	+	VDAC1P8	7694
chr6	144687169	144704178	ENSG00000001036[1,1,1]	0	-	144688117	144704042	0	7	1086,109,191,211,340,188,360,	0,2627,7170,7593,9151,12475,16649,	chr6	144695326	144698433	VDAC1P8-213|transcribed_processed_pseudogene	0	+	VDAC1P8,FUCA2	3107
chr6	144687169	144704178	ENSG00000001036[1,1,1]	0	-	144688117	144704042	0	7	1086,109,191,211,340,188,360,	0,2627,7170,7593,9151,12475,16649,	chr6	144695801	144698746	VDAC1P8-202|transcribed_processed_pseudogene	0	+	VDAC1P8,FUCA2,AL031320.2,LOC124901417	2945
chr6	144687169	144704178	ENSG00000001036[1,1,1]	0	-	144688117	144704042	0	7	1086,109,191,211,340,188,360,	0,2627,7170,7593,9151,12475,16649,	chr6	144695865	144698555	VDAC1P8-207|transcribed_processed_pseudogene	0	+	VDAC1P8,FUCA2	2690
chr6	144687169	144704178	ENSG00000001036[1,1,1]	0	-	144688117	144704042	0	7	1086,109,191,211,340,188,360,	0,2627,7170,7593,9151,12475,16649,	chr6	144696077	144698566	VDAC1P8-208|transcribed_processed_pseudogene	0	+	VDAC1P8,FUCA2	2489
chr6	144687169	144704178	ENSG00000001036[1,1,1]	0	-	144688117	144704042	0	7	1086,109,191,211,340,188,360,	0,2627,7170,7593,9151,12475,16649,	chr6	144696391	144698211	VDAC1P8-209|transcribed_processed_pseudogene	0	+	FUCA2,VDAC1P8	1820
chr6	144687169	144704178	ENSG00000001036[1,1,1]	0	-	144688117	144704042	0	7	1086,109,191,211,340,188,360,	0,2627,7170,7593,9151,12475,16649,	chr6	144696425	144698508	VDAC1P8-212|transcribed_processed_pseudogene	0	+	FUCA2,VDAC1P8	2083
chr6	144687169	144704178	ENSG00000001036[1,1,1]	0	-	144688117	144704042	0	7	1086,109,191,211,340,188,360,	0,2627,7170,7593,9151,12475,16649,	chr6	144682831	144696500	VDAC1P8-210|transcribed_processed_pseudogene	0	+	VDAC1P8	9331
chr6	144687832	144704178	ENSG00000001036[1,9,5]	0	-	144688117	144704042	255	7	423,109,188,211,340,188,360,	0,1964,6510,6930,8488,11812,15986,	chr6	144688710	144696404	VDAC1P8-203|transcribed_processed_pseudogene	0	+	VDAC1P8	7694
chr6	144687832	144704178	ENSG00000001036[1,9,5]	0	-	144688117	144704042	255	7	423,109,188,211,340,188,360,	0,1964,6510,6930,8488,11812,15986,	chr6	144695326	144698433	VDAC1P8-213|transcribed_processed_pseudogene	0	+	VDAC1P8,FUCA2	3107
chr6	144687832	144704178	ENSG00000001036[1,9,5]	0	-	144688117	144704042	255	7	423,109,188,211,340,188,360,	0,1964,6510,6930,8488,11812,15986,	chr6	144695801	144698746	VDAC1P8-202|transcribed_processed_pseudogene	0	+	VDAC1P8,FUCA2,AL031320.2,LOC124901417	2945
chr6	144687832	144704178	ENSG00000001036[1,9,5]	0	-	144688117	144704042	255	7	423,109,188,211,340,188,360,	0,1964,6510,6930,8488,11812,15986,	chr6	144695865	144698555	VDAC1P8-207|transcribed_processed_pseudogene	0	+	VDAC1P8,FUCA2	2690
chr6	144687832	144704178	ENSG00000001036[1,9,5]	0	-	144688117	144704042	255	7	423,109,188,211,340,188,360,	0,1964,6510,6930,8488,11812,15986,	chr6	144696077	144698566	VDAC1P8-208|transcribed_processed_pseudogene	0	+	VDAC1P8,FUCA2	2489
chr6	144687832	144704178	ENSG00000001036[1,9,5]	0	-	144688117	144704042	255	7	423,109,188,211,340,188,360,	0,1964,6510,6930,8488,11812,15986,	chr6	144696391	144698211	VDAC1P8-209|transcribed_processed_pseudogene	0	+	FUCA2,VDAC1P8	1820
chr6	144687832	144704178	ENSG00000001036[1,9,5]	0	-	144688117	144704042	255	7	423,109,188,211,340,188,360,	0,1964,6510,6930,8488,11812,15986,	chr6	144696425	144698508	VDAC1P8-212|transcribed_processed_pseudogene	0	+	FUCA2,VDAC1P8	2083
chr6	144687832	144704178	ENSG00000001036[1,9,5]	0	-	144688117	144704042	255	7	423,109,188,211,340,188,360,	0,1964,6510,6930,8488,11812,15986,	chr6	144696832	144698508	VDAC1P8-211|transcribed_processed_pseudogene	0	+	VDAC1P8	1676
chr6	144687832	144704178	ENSG00000001036[1,9,5]	0	-	144688117	144704042	255	7	423,109,188,211,340,188,360,	0,1964,6510,6930,8488,11812,15986,	chr6	144682831	144696500	VDAC1P8-210|transcribed_processed_pseudogene	0	+	VDAC1P8	8668
chr6	144687832	144704178	ENSG00000001036[1,7,5]	0	-	144688117	144704042	255	7	423,109,191,130,340,188,360,	0,1964,6507,6930,8488,11812,15986,	chr6	144688710	144696404	VDAC1P8-203|transcribed_processed_pseudogene	0	+	VDAC1P8	7694
chr6	144687832	144704178	ENSG00000001036[1,7,5]	0	-	144688117	144704042	255	7	423,109,191,130,340,188,360,	0,1964,6507,6930,8488,11812,15986,	chr6	144695326	144698433	VDAC1P8-213|transcribed_processed_pseudogene	0	+	VDAC1P8,FUCA2	3107
chr6	144687832	144704178	ENSG00000001036[1,7,5]	0	-	144688117	144704042	255	7	423,109,191,130,340,188,360,	0,1964,6507,6930,8488,11812,15986,	chr6	144695801	144698746	VDAC1P8-202|transcribed_processed_pseudogene	0	+	VDAC1P8,FUCA2,AL031320.2,LOC124901417	2945
chr6	144687832	144704178	ENSG00000001036[1,7,5]	0	-	144688117	144704042	255	7	423,109,191,130,340,188,360,	0,1964,6507,6930,8488,11812,15986,	chr6	144695865	144698555	VDAC1P8-207|transcribed_processed_pseudogene	0	+	VDAC1P8,FUCA2	2690
chr6	144687832	144704178	ENSG00000001036[1,7,5]	0	-	144688117	144704042	255	7	423,109,191,130,340,188,360,	0,1964,6507,6930,8488,11812,15986,	chr6	144696077	144698566	VDAC1P8-208|transcribed_processed_pseudogene	0	+	VDAC1P8,FUCA2	2489
chr6	144687832	144704178	ENSG00000001036[1,7,5]	0	-	144688117	144704042	255	7	423,109,191,130,340,188,360,	0,1964,6507,6930,8488,11812,15986,	chr6	144696391	144698211	VDAC1P8-209|transcribed_processed_pseudogene	0	+	FUCA2,VDAC1P8	1820
chr6	144687832	144704178	ENSG00000001036[1,7,5]	0	-	144688117	144704042	255	7	423,109,191,130,340,188,360,	0,1964,6507,6930,8488,11812,15986,	chr6	144696425	144698508	VDAC1P8-212|transcribed_processed_pseudogene	0	+	FUCA2,VDAC1P8	2083
chr6	144687832	144704178	ENSG00000001036[1,7,5]	0	-	144688117	144704042	255	7	423,109,191,130,340,188,360,	0,1964,6507,6930,8488,11812,15986,	chr6	144696832	144698508	VDAC1P8-211|transcribed_processed_pseudogene	0	+	VDAC1P8	1676
chr6	144687832	144704178	ENSG00000001036[1,7,5]	0	-	144688117	144704042	255	7	423,109,191,130,340,188,360,	0,1964,6507,6930,8488,11812,15986,	chr6	144682831	144696500	VDAC1P8-210|transcribed_processed_pseudogene	0	+	VDAC1P8	8668
chr6	144687832	144704178	ENSG00000001036[1,8,5]	0	-	144688434	144704042	255	8	423,161,109,191,211,340,188,360,	0,543,1964,6507,6930,8488,11812,15986,	chr6	144688710	144696404	VDAC1P8-203|transcribed_processed_pseudogene	0	+	VDAC1P8	7694
chr6	144687832	144704178	ENSG00000001036[1,8,5]	0	-	144688434	144704042	255	8	423,161,109,191,211,340,188,360,	0,543,1964,6507,6930,8488,11812,15986,	chr6	144695326	144698433	VDAC1P8-213|transcribed_processed_pseudogene	0	+	VDAC1P8,FUCA2	3107
chr6	144687832	144704178	ENSG00000001036[1,8,5]	0	-	144688434	144704042	255	8	423,161,109,191,211,340,188,360,	0,543,1964,6507,6930,8488,11812,15986,	chr6	144695801	144698746	VDAC1P8-202|transcribed_processed_pseudogene	0	+	VDAC1P8,FUCA2,AL031320.2,LOC124901417	2945
chr6	144687832	144704178	ENSG00000001036[1,8,5]	0	-	144688434	144704042	255	8	423,161,109,191,211,340,188,360,	0,543,1964,6507,6930,8488,11812,15986,	chr6	144695865	144698555	VDAC1P8-207|transcribed_processed_pseudogene	0	+	VDAC1P8,FUCA2	2690
chr6	144687832	144704178	ENSG00000001036[1,8,5]	0	-	144688434	144704042	255	8	423,161,109,191,211,340,188,360,	0,543,1964,6507,6930,8488,11812,15986,	chr6	144696077	144698566	VDAC1P8-208|transcribed_processed_pseudogene	0	+	VDAC1P8,FUCA2	2489
chr6	144687832	144704178	ENSG00000001036[1,8,5]	0	-	144688434	144704042	255	8	423,161,109,191,211,340,188,360,	0,543,1964,6507,6930,8488,11812,15986,	chr6	144696391	144698211	VDAC1P8-209|transcribed_processed_pseudogene	0	+	FUCA2,VDAC1P8	1820
chr6	144687832	144704178	ENSG00000001036[1,8,5]	0	-	144688434	144704042	255	8	423,161,109,191,211,340,188,360,	0,543,1964,6507,6930,8488,11812,15986,	chr6	144696425	144698508	VDAC1P8-212|transcribed_processed_pseudogene	0	+	FUCA2,VDAC1P8	2083
chr6	144687832	144704178	ENSG00000001036[1,8,5]	0	-	144688434	144704042	255	8	423,161,109,191,211,340,188,360,	0,543,1964,6507,6930,8488,11812,15986,	chr6	144696832	144698508	VDAC1P8-211|transcribed_processed_pseudogene	0	+	VDAC1P8	1676
chr6	144687832	144704178	ENSG00000001036[1,8,5]	0	-	144688434	144704042	255	8	423,161,109,191,211,340,188,360,	0,543,1964,6507,6930,8488,11812,15986,	chr6	144682831	144696500	VDAC1P8-210|transcribed_processed_pseudogene	0	+	VDAC1P8	8668
chr6	144689309	144694580	ENSG00000001036[2,2,2]	0	-	144689769	144694491	0	2	596,241,	0,5030,	chr6	144688710	144696404	VDAC1P8-203|transcribed_processed_pseudogene	0	+	VDAC1P8	5271
chr6	144689309	144694580	ENSG00000001036[2,2,2]	0	-	144689769	144694491	0	2	596,241,	0,5030,	chr6	144682831	144696500	VDAC1P8-210|transcribed_processed_pseudogene	0	+	VDAC1P8	5271
chr6	144694302	144704178	ENSG00000001036[1,3,3]	0	-	144694447	144704042	0	3	228,188,360,	0,5342,9516,	chr6	144688710	144696404	VDAC1P8-203|transcribed_processed_pseudogene	0	+	VDAC1P8	2102
chr6	144694302	144704178	ENSG00000001036[1,3,3]	0	-	144694447	144704042	0	3	228,188,360,	0,5342,9516,	chr6	144695326	144698433	VDAC1P8-213|transcribed_processed_pseudogene	0	+	VDAC1P8,FUCA2	3107
chr6	144694302	144704178	ENSG00000001036[1,3,3]	0	-	144694447	144704042	0	3	228,188,360,	0,5342,9516,	chr6	144695801	144698746	VDAC1P8-202|transcribed_processed_pseudogene	0	+	VDAC1P8,FUCA2,AL031320.2,LOC124901417	2945
chr6	144694302	144704178	ENSG00000001036[1,3,3]	0	-	144694447	144704042	0	3	228,188,360,	0,5342,9516,	chr6	144695865	144698555	VDAC1P8-207|transcribed_processed_pseudogene	0	+	VDAC1P8,FUCA2	2690
chr6	144694302	144704178	ENSG00000001036[1,3,3]	0	-	144694447	144704042	0	3	228,188,360,	0,5342,9516,	chr6	144696077	144698566	VDAC1P8-208|transcribed_processed_pseudogene	0	+	VDAC1P8,FUCA2	2489
chr6	144694302	144704178	ENSG00000001036[1,3,3]	0	-	144694447	144704042	0	3	228,188,360,	0,5342,9516,	chr6	144696391	144697523	VDAC1P8-206|transcribed_processed_pseudogene	0	+	VDAC1P8,FUCA2,AL031320.2	1132
chr6	144694302	144704178	ENSG00000001036[1,3,3]	0	-	144694447	144704042	0	3	228,188,360,	0,5342,9516,	chr6	144696391	144698211	VDAC1P8-209|transcribed_processed_pseudogene	0	+	FUCA2,VDAC1P8	1820
chr6	144694302	144704178	ENSG00000001036[1,3,3]	0	-	144694447	144704042	0	3	228,188,360,	0,5342,9516,	chr6	144696425	144698508	VDAC1P8-212|transcribed_processed_pseudogene	0	+	FUCA2,VDAC1P8	2083
chr6	144694302	144704178	ENSG00000001036[1,3,3]	0	-	144694447	144704042	0	3	228,188,360,	0,5342,9516,	chr6	144696832	144698508	VDAC1P8-211|transcribed_processed_pseudogene	0	+	VDAC1P8	1676
chr6	144694302	144704178	ENSG00000001036[1,3,3]	0	-	144694447	144704042	0	3	228,188,360,	0,5342,9516,	chr6	144697305	144698814	VDAC1P8-204|transcribed_processed_pseudogene	0	+	VDAC1P8,AL031320.2,LOC124901417	1509
chr6	144694302	144704178	ENSG00000001036[1,3,3]	0	-	144694447	144704042	0	3	228,188,360,	0,5342,9516,	chr6	144682831	144696500	VDAC1P8-210|transcribed_processed_pseudogene	0	+	VDAC1P8	2198
chr6	145393019	145393638	ENSG00000217027[1,1,1]	0	-	145393019	145393019	0	1	619,	0,	chr6	145393069	145393588	retro_human_469|TPT1P4-201|processed_pseudogene	0	-	TPT1P4	519
chr6	147364327	147364960	ENSG00000187103[1,1,1]	0	+	147364628	147364907	0	1	633,	0,	chr6	147364377	147364910	retro_human_7967|FUNDC2P3-201|processed_pseudogene	0	+	FUNDC2P3	533
chr6	147995970	147997100	ENSG00000228283[1,1,2]	0	-	147995970	147995970	0	1	1130,	0,	chr6	147995584	147997050	retro_human_465|KATNBL1P6-202|transcribed_processed_pseudogene	0	-	KATNBL1P6	1080
chr6	147995970	147997100	ENSG00000228283[1,1,2]	0	-	147995970	147995970	0	1	1130,	0,	chr6	147996020	147996935	KATNBL1P6-201|transcribed_processed_pseudogene	0	-	KATNBL1P6	915
chr6	149763600	149763977	ENSG00000217824[1,1,1]	0	-	149763600	149763600	0	1	377,	0,	chr6	149763650	149763927	retro_human_466|SNRPEP6-201|processed_pseudogene	0	-	SNRPEP6	277
chr6	150311822	150312586	ENSG00000219487[1,1,1]	0	-	150311822	150311822	0	1	764,	0,	chr6	150311872	150312536	retro_human_2825|AL603766.1-201|processed_pseudogene	0	-	LOC729200	664
chr6	150600088	150601205	ENSG00000177688[1,1,1]	0	+	150600268	150600553	0	1	1117,	0,	chr6	150600268	150600553	retro_human_5189	0	+	SUMO4	285
chr6	150691232	150692056	ENSG00000219553[1,1,1]	0	-	150691232	150691232	0	1	824,	0,	chr6	150691282	150692005	retro_human_6658|AL031133.1-201|processed_pseudogene	0	-	LOC729496	723
chr6	150793767	150794327	ENSG00000220848[2,1,1]	0	+	150793767	150793767	0	1	560,	0,	chr6	150793817	150794277	retro_human_5188|RPS18P9-201|transcribed_processed_pseudogene	0	+	RPS18P9	460
chr6	150794555	150848585	ENSG00000186625[1,9,1]	0	-	150794771	150838332	255	11	412,127,135,127,159,106,122,181,158,175,681,	0,2240,2684,3401,6763,8437,9830,28301,37973,43615,53349,	chr6	150792421	150801603	RPS18P9-202|transcribed_processed_pseudogene	0	+	RPS18P9	7048
chr6	150794555	150848585	ENSG00000186625[1,12,1]	0	-	150794956	150838332	255	10	412,135,127,159,106,122,181,158,175,333,	0,2684,3401,6763,8437,9830,28301,37973,43615,53697,	chr6	150792421	150801603	RPS18P9-202|transcribed_processed_pseudogene	0	+	RPS18P9	7048
chr6	150794555	150848806	ENSG00000186625[5,12,1]	0	-	150794956	150838332	255	10	412,135,127,159,106,122,181,158,175,554,	0,2684,3401,6763,8437,9830,28301,37973,43615,53697,	chr6	150792421	150801603	RPS18P9-202|transcribed_processed_pseudogene	0	+	RPS18P9	7048
chr6	150794555	150848585	ENSG00000186625[1,10,1]	0	-	150794771	150832641	255	10	412,127,135,127,159,106,122,181,158,333,	0,2240,2684,3401,6763,8437,9830,28301,37973,53697,	chr6	150792421	150801603	RPS18P9-202|transcribed_processed_pseudogene	0	+	RPS18P9	7048
chr6	150794555	150848585	ENSG00000186625[1,11,1]	0	-	150794771	150838332	255	10	412,127,135,127,106,122,181,158,175,333,	0,2240,2684,3401,8437,9830,28301,37973,43615,53697,	chr6	150792421	150801603	RPS18P9-202|transcribed_processed_pseudogene	0	+	RPS18P9	7048
chr6	150794555	150848585	ENSG00000186625[1,1,1]	0	-	150794771	150838332	0	11	412,127,135,127,159,106,122,181,158,175,333,	0,2240,2684,3401,6763,8437,9830,28301,37973,43615,53697,	chr6	150792421	150801603	RPS18P9-202|transcribed_processed_pseudogene	0	+	RPS18P9	7048
chr6	150794555	150848806	ENSG00000186625[5,1,1]	0	-	150794771	150838332	0	11	412,127,135,127,159,106,122,181,158,175,554,	0,2240,2684,3401,6763,8437,9830,28301,37973,43615,53697,	chr6	150792421	150801603	RPS18P9-202|transcribed_processed_pseudogene	0	+	RPS18P9	7048
chr6	150794555	150838427	ENSG00000186625[2,2,1]	0	-	150794771	150838332	0	10	412,127,135,127,159,106,122,181,158,257,	0,2240,2684,3401,6763,8437,9830,28301,37973,43615,	chr6	150792421	150801603	RPS18P9-202|transcribed_processed_pseudogene	0	+	RPS18P9	7048
chr6	151079245	151080956	ENSG00000217733[1,1,1]	0	+	151079245	151079245	0	1	1711,	0,	chr6	151079295	151080906	retro_human_5186|CCT7P1-201|processed_pseudogene	0	+	CCT7P1	1611
chr6	151103535	151105811	ENSG00000216906[1,1,1]	0	+	151103535	151103535	0	1	2276,	0,	chr6	151103585	151105761	retro_human_9153|AL355312.1-201|processed_pseudogene	0	+	LOC100240714	2176
chr6	151118000	151122515	ENSG00000203722[1,2,2]	0	-	151118354	151122354	0	3	668,264,246,	0,896,4269,	chr6	151118388	151118891	retro_human_6655	0	-	RAET1G,RAET1E-AS1	503
chr6	152028160	152028982	ENSG00000213089[1,1,1]	0	+	152028241	152028787	0	1	822,	0,	chr6	152028210	152028932	retro_human_10282|PDCL3P5-201|processed_pseudogene	0	+	PDCL3P5	722
chr6	152300067	152300572	ENSG00000219747[1,1,1]	0	+	152300276	152300519	0	1	505,	0,	chr6	152300117	152300522	retro_human_10280|AL133260.1-201|processed_pseudogene	0	+	MTHFD1L,RPL32P16	405
chr6	152426114	152426612	ENSG00000213087[1,1,1]	0	-	152426114	152426114	0	1	498,	0,	chr6	152426164	152426562	retro_human_6654|AL356535.1-201|processed_pseudogene	0	-	RPS12P11	398
chr6	154484331	154484878	ENSG00000218426[1,1,1]	0	-	154484331	154484331	0	1	547,	0,	chr6	154484381	154484828	retro_human_6660|AL590867.2-201|processed_pseudogene	0	-	RPL27AP6	447
chr6	158607929	158608963	ENSG00000213078[1,1,1]	0	-	158607929	158607929	0	1	1034,	0,	chr6	158607979	158608913	retro_human_839|AL390955.1-201|processed_pseudogene	0	-	LOC641708	934
chr6	159781364	159880670	ENSG00000146433[2,2,1]	0	+	159781425	159877076	0	17	480,104,56,91,122,111,81,100,131,92,58,103,52,83,90,67,3670,	0,37223,44741,47757,49107,53475,69045,71093,72144,72470,87364,88917,89516,92234,93556,95149,95636,	chr6	159854881	159866815	retro_human_832|TATDN2P2-201|processed_pseudogene	0	-	TATDN2P2,TMEM181	11934
chr6	159781649	159880266	ENSG00000146433[3,3,2]	0	+	159805222	159876553	255	15	23581,104,56,91,122,111,81,100,131,92,58,103,52,67,3266,	0,36938,44456,47472,48822,53190,68760,70808,71859,72185,87079,88632,89231,94864,95351,	chr6	159854881	159866815	retro_human_832|TATDN2P2-201|processed_pseudogene	0	-	TATDN2P2,TMEM181	11934
chr6	159781649	159880670	ENSG00000146433[3,1,1]	0	+	159805222	159877076	255	17	23581,104,56,91,122,111,81,100,131,92,58,103,52,83,90,67,3670,	0,36938,44456,47472,48822,53190,68760,70808,71859,72185,87079,88632,89231,91949,93271,94864,95351,	chr6	159854881	159866815	retro_human_832|TATDN2P2-201|processed_pseudogene	0	-	TATDN2P2,TMEM181	11934
chr6	159781649	159880670	ENSG00000146433[3,2,1]	0	+	159781713	159877076	0	17	195,104,56,91,122,111,81,100,131,92,58,103,52,83,90,67,3670,	0,36938,44456,47472,48822,53190,68760,70808,71859,72185,87079,88632,89231,91949,93271,94864,95351,	chr6	159854881	159866815	retro_human_832|TATDN2P2-201|processed_pseudogene	0	-	TATDN2P2,TMEM181	11934
chr6	159781649	159880266	ENSG00000146433[3,2,2]	0	+	159781713	159877076	0	17	195,104,56,91,122,111,81,100,131,92,58,103,52,83,90,67,3266,	0,36938,44456,47472,48822,53190,68760,70808,71859,72185,87079,88632,89231,91949,93271,94864,95351,	chr6	159854881	159866815	retro_human_832|TATDN2P2-201|processed_pseudogene	0	-	TATDN2P2,TMEM181	11934
chr6	159805038	159880670	ENSG00000146433[1,3,1]	0	+	159805222	159876553	255	15	192,104,56,91,122,111,81,100,131,92,58,103,52,67,3670,	0,13549,21067,24083,25433,29801,45371,47419,48470,48796,63690,65243,65842,71475,71962,	chr6	159854881	159866815	retro_human_832|TATDN2P2-201|processed_pseudogene	0	-	TATDN2P2,TMEM181	11934
chr6	159805038	159880266	ENSG00000146433[1,3,2]	0	+	159805222	159876553	255	15	192,104,56,91,122,111,81,100,131,92,58,103,52,67,3266,	0,13549,21067,24083,25433,29801,45371,47419,48470,48796,63690,65243,65842,71475,71962,	chr6	159854881	159866815	retro_human_832|TATDN2P2-201|processed_pseudogene	0	-	TATDN2P2,TMEM181	11934
chr6	159805038	159880670	ENSG00000146433[1,1,1]	0	+	159805222	159877076	255	17	192,104,56,91,122,111,81,100,131,92,58,103,52,83,90,67,3670,	0,13549,21067,24083,25433,29801,45371,47419,48470,48796,63690,65243,65842,68560,69882,71475,71962,	chr6	159854881	159866815	retro_human_832|TATDN2P2-201|processed_pseudogene	0	-	TATDN2P2,TMEM181	11934
chr6	159805038	159880266	ENSG00000146433[1,1,2]	0	+	159805222	159877076	255	17	192,104,56,91,122,111,81,100,131,92,58,103,52,83,90,67,3266,	0,13549,21067,24083,25433,29801,45371,47419,48470,48796,63690,65243,65842,68560,69882,71475,71962,	chr6	159854881	159866815	retro_human_832|TATDN2P2-201|processed_pseudogene	0	-	TATDN2P2,TMEM181	11934
chr6	159860799	159880670	ENSG00000146433[4,4,1]	0	+	159868750	159877076	255	8	6534,58,103,52,83,90,67,3670,	0,7929,9482,10081,12799,14121,15714,16201,	chr6	159854881	159866815	retro_human_832|TATDN2P2-201|processed_pseudogene	0	-	TATDN2P2,TMEM181	6016
chr6	161336061	161352660	ENSG00000197081[13,19,5]	0	+	161336094	161351180	255	5	199,187,153,70,1888,	0,6536,12556,13783,14711,	chr6	161339238	161342371	retro_human_4790|AL353625.1-201|transcribed_processed_pseudogene	0	+	IGF2R	3133
chr6	161336061	161351646	ENSG00000197081[13,19,10]	0	+	161336094	161351180	255	5	199,187,153,70,874,	0,6536,12556,13783,14711,	chr6	161339238	161342371	retro_human_4790|AL353625.1-201|transcribed_processed_pseudogene	0	+	IGF2R	3133
chr6	161339188	161342421	ENSG00000213073[2,1,2]	0	+	161339266	161339608	0	1	3233,	0,	chr6	161339238	161342371	retro_human_4790|AL353625.1-201|transcribed_processed_pseudogene	0	+	IGF2R	3133
chr6	161339188	161342421	ENSG00000213073[2,1,2]	0	+	161339266	161339608	0	1	3233,	0,	chr6	161339579	161340150	AL353625.1-202|transcribed_processed_pseudogene	0	+	IGF2R	571
chr6	167963626	167965718	ENSG00000235272[1,1,1]	0	-	167964196	167964550	0	1	2092,	0,	chr6	167964196	167964550	retro_human_3996	0	-	RAMACL	354
chr7	1727046	1727882	ENSG00000230444[1,1,1]	0	+	1727046	1727046	0	1	836,	0,	chr7	1727096	1727832	retro_human_9902|TFAMP1-201|processed_pseudogene	0	+	TFAMP1	736
chr7	2347585	2353173	ENSG00000122687[4,8,1]	0	-	2348565	2348841	255	2	1420,229,	0,5359,	chr7	2348572	2353025	retro_human_2760	0	-	AC069288.1,MRM2	4453
chr7	2347585	2355673	ENSG00000122687[1,15,1]	0	-	2348565	2351500	255	4	1420,923,178,94,	0,3869,5359,7994,	chr7	2348572	2353025	retro_human_2760	0	-	AC069288.1,MRM2	4453
chr7	2347585	2355673	ENSG00000122687[1,11,1]	0	-	2348565	2352611	255	3	1420,496,94,	0,5010,7994,	chr7	2348572	2353025	retro_human_2760	0	-	AC069288.1,MRM2	4453
chr7	2347585	2355673	ENSG00000122687[1,10,1]	0	-	2348565	2351500	255	4	1420,923,290,281,	0,3869,5247,7807,	chr7	2348572	2353025	retro_human_2760	0	-	AC069288.1,MRM2	4453
chr7	2347585	2355673	ENSG00000122687[1,13,1]	0	-	2348565	2352611	255	3	1420,527,94,	0,5010,7994,	chr7	2348572	2353025	retro_human_2760	0	-	AC069288.1,MRM2	4453
chr7	2347585	2355673	ENSG00000122687[1,14,1]	0	-	2348565	2348841	255	3	1420,178,94,	0,5359,7994,	chr7	2348572	2353025	retro_human_2760	0	-	AC069288.1,MRM2	4453
chr7	2347585	2355673	ENSG00000122687[1,9,1]	0	-	2348565	2348841	255	3	1420,259,281,	0,5247,7807,	chr7	2348572	2353025	retro_human_2760	0	-	AC069288.1,MRM2	4453
chr7	2347585	2355673	ENSG00000122687[1,12,1]	0	-	2348565	2351500	255	4	1420,923,259,94,	0,3869,5247,7994,	chr7	2348572	2353025	retro_human_2760	0	-	AC069288.1,MRM2	4453
chr7	2347585	2355673	ENSG00000122687[1,5,1]	0	-	2352210	2355587	0	4	1420,923,290,94,	0,3869,5247,7994,	chr7	2348572	2353025	retro_human_2760	0	-	AC069288.1,MRM2	4453
chr7	2347585	2355673	ENSG00000122687[1,4,1]	0	-	2348565	2348841	0	3	1420,290,281,	0,5247,7807,	chr7	2348572	2353025	retro_human_2760	0	-	AC069288.1,MRM2	4453
chr7	2347585	2353173	ENSG00000122687[4,3,1]	0	-	2348565	2352611	0	2	1420,578,	0,5010,	chr7	2348572	2353025	retro_human_2760	0	-	AC069288.1,MRM2	4453
chr7	2347585	2355673	ENSG00000122687[1,1,1]	0	-	2348565	2355587	0	3	1420,290,94,	0,5247,7994,	chr7	2348572	2353025	retro_human_2760	0	-	AC069288.1,MRM2	4453
chr7	2347924	2353173	ENSG00000122687[4,8,3]	0	-	2348565	2348841	255	2	1081,229,	0,5020,	chr7	2348572	2353025	retro_human_2760	0	-	AC069288.1,MRM2	4453
chr7	2347924	2355673	ENSG00000122687[1,15,3]	0	-	2348565	2351500	255	4	1081,923,178,94,	0,3530,5020,7655,	chr7	2348572	2353025	retro_human_2760	0	-	AC069288.1,MRM2	4453
chr7	2347924	2355673	ENSG00000122687[1,11,3]	0	-	2348565	2352611	255	3	1081,496,94,	0,4671,7655,	chr7	2348572	2353025	retro_human_2760	0	-	AC069288.1,MRM2	4453
chr7	2347924	2355673	ENSG00000122687[1,10,3]	0	-	2348565	2351500	255	4	1081,923,290,281,	0,3530,4908,7468,	chr7	2348572	2353025	retro_human_2760	0	-	AC069288.1,MRM2	4453
chr7	2347924	2355673	ENSG00000122687[1,13,3]	0	-	2348565	2352611	255	3	1081,527,94,	0,4671,7655,	chr7	2348572	2353025	retro_human_2760	0	-	AC069288.1,MRM2	4453
chr7	2347924	2355673	ENSG00000122687[1,14,3]	0	-	2348565	2348841	255	3	1081,178,94,	0,5020,7655,	chr7	2348572	2353025	retro_human_2760	0	-	AC069288.1,MRM2	4453
chr7	2347924	2355673	ENSG00000122687[1,9,3]	0	-	2348565	2348841	255	3	1081,259,281,	0,4908,7468,	chr7	2348572	2353025	retro_human_2760	0	-	AC069288.1,MRM2	4453
chr7	2347924	2355673	ENSG00000122687[1,12,3]	0	-	2348565	2351500	255	4	1081,923,259,94,	0,3530,4908,7655,	chr7	2348572	2353025	retro_human_2760	0	-	AC069288.1,MRM2	4453
chr7	2347924	2355673	ENSG00000122687[1,5,3]	0	-	2352210	2355587	0	4	1081,923,290,94,	0,3530,4908,7655,	chr7	2348572	2353025	retro_human_2760	0	-	AC069288.1,MRM2	4453
chr7	2347924	2355673	ENSG00000122687[1,4,3]	0	-	2348565	2348841	0	3	1081,290,281,	0,4908,7468,	chr7	2348572	2353025	retro_human_2760	0	-	AC069288.1,MRM2	4453
chr7	2347924	2355673	ENSG00000122687[1,1,3]	0	-	2348565	2355587	0	3	1081,290,94,	0,4908,7655,	chr7	2348572	2353025	retro_human_2760	0	-	AC069288.1,MRM2	4453
chr7	2348437	2352709	ENSG00000122687[3,3,2]	0	-	2348565	2352611	0	2	568,114,	0,4158,	chr7	2348572	2353025	retro_human_2760	0	-	AC069288.1,MRM2	4137
chr7	2949144	2949646	ENSG00000231357[1,1,1]	0	+	2949144	2949144	0	1	502,	0,	chr7	2949194	2949596	retro_human_7747|AC006028.1-201|processed_pseudogene	0	+	LOC100131264	402
chr7	3452141	3452953	ENSG00000224593[1,1,1]	0	+	3452428	3452689	0	1	812,	0,	chr7	3452191	3452792	retro_human_9898|AC092427.1-201|transcribed_processed_pseudogene	0	+	RPL21P72	601
chr7	3452141	3452953	ENSG00000224593[1,1,1]	0	+	3452428	3452689	0	1	812,	0,	chr7	3452428	3452904	AC092427.1-202|transcribed_processed_pseudogene	0	+	RPL21P72	476
chr7	3452378	3452953	ENSG00000224593[2,1,1]	0	+	3452428	3452689	0	1	575,	0,	chr7	3452191	3452792	retro_human_9898|AC092427.1-201|transcribed_processed_pseudogene	0	+	RPL21P72	414
chr7	3452378	3452953	ENSG00000224593[2,1,1]	0	+	3452428	3452689	0	1	575,	0,	chr7	3452428	3452904	AC092427.1-202|transcribed_processed_pseudogene	0	+	RPL21P72	476
chr7	4982583	4983056	ENSG00000213935[1,1,1]	0	-	4982860	4983004	0	1	473,	0,	chr7	4982633	4983006	RPL22P16-201|processed_pseudogene	0	-	RPL22P16	373
chr7	5644619	5648200	ENSG00000075624[1,45,1]	0	-	5645273	5647180	255	6	795,182,439,240,286,154,	0,907,1184,2064,2438,3427,	chr7	5645808	5646896	retro_human_11204	0	-	ACTB	1088
chr7	5644619	5648200	ENSG00000075624[1,36,1]	0	-	5645774	5647180	255	4	1623,240,129,154,	0,2064,2438,3427,	chr7	5645808	5646896	retro_human_11204	0	-	ACTB	1088
chr7	5644619	5648200	ENSG00000075624[1,43,1]	0	-	5645273	5646917	255	6	795,182,439,240,122,154,	0,907,1184,2064,2445,3427,	chr7	5645808	5646896	retro_human_11204	0	-	ACTB	1088
chr7	5644619	5648200	ENSG00000075624[1,38,1]	0	-	5645663	5647180	255	6	795,174,443,240,129,154,	0,907,1180,2064,2438,3427,	chr7	5645808	5646896	retro_human_11204	0	-	ACTB	1088
chr7	5644619	5648200	ENSG00000075624[1,35,1]	0	-	5645273	5647180	255	6	795,182,391,240,129,154,	0,907,1184,2064,2438,3427,	chr7	5645808	5646896	retro_human_11204	0	-	ACTB	1088
chr7	5644619	5648200	ENSG00000075624[1,41,1]	0	-	5645400	5647180	255	6	795,186,439,240,129,154,	0,903,1184,2064,2438,3427,	chr7	5645808	5646896	retro_human_11204	0	-	ACTB	1088
chr7	5644619	5648200	ENSG00000075624[1,39,1]	0	-	5645656	5647180	255	6	795,182,443,240,129,154,	0,907,1180,2064,2438,3427,	chr7	5645808	5646896	retro_human_11204	0	-	ACTB	1088
chr7	5644619	5648200	ENSG00000075624[1,40,1]	0	-	5645656	5647180	255	6	795,174,439,240,129,154,	0,907,1184,2064,2438,3427,	chr7	5645808	5646896	retro_human_11204	0	-	ACTB	1088
chr7	5644619	5647555	ENSG00000075624[2,32,1]	0	-	5645656	5647180	255	5	795,182,443,240,498,	0,907,1180,2064,2438,	chr7	5645808	5646896	retro_human_11204	0	-	ACTB	1088
chr7	5644619	5648200	ENSG00000075624[1,37,1]	0	-	5645774	5647180	255	5	795,716,240,129,154,	0,907,2064,2438,3427,	chr7	5645808	5646896	retro_human_11204	0	-	ACTB	1088
chr7	5644619	5648200	ENSG00000075624[1,7,1]	0	-	5645508	5647180	255	5	1089,439,240,129,154,	0,1184,2064,2438,3427,	chr7	5645808	5646896	retro_human_11204	0	-	ACTB	1088
chr7	5644619	5648200	ENSG00000075624[1,31,1]	0	-	5645273	5646239	255	4	795,182,1120,1143,	0,907,1184,2438,	chr7	5645808	5646896	retro_human_11204	0	-	ACTB	1088
chr7	5644619	5648200	ENSG00000075624[1,33,1]	0	-	5645273	5646917	255	5	795,182,439,503,154,	0,907,1184,2064,3427,	chr7	5645808	5646896	retro_human_11204	0	-	ACTB	1088
chr7	5644619	5648200	ENSG00000075624[1,42,1]	0	-	5645273	5646239	255	6	795,182,779,240,129,154,	0,907,1184,2064,2438,3427,	chr7	5645808	5646896	retro_human_11204	0	-	ACTB	1088
chr7	5644619	5648200	ENSG00000075624[1,44,1]	0	-	5645273	5647180	255	6	795,182,439,240,150,154,	0,907,1184,2064,2438,3427,	chr7	5645808	5646896	retro_human_11204	0	-	ACTB	1088
chr7	5644619	5648200	ENSG00000075624[1,34,1]	0	-	5645273	5646239	255	6	795,182,439,244,129,154,	0,907,1184,2060,2438,3427,	chr7	5645808	5646896	retro_human_11204	0	-	ACTB	1088
chr7	5644619	5648200	ENSG00000075624[1,2,1]	0	-	5645273	5647180	255	5	795,182,439,240,1143,	0,907,1184,2064,2438,	chr7	5645808	5646896	retro_human_11204	0	-	ACTB	1088
chr7	5644619	5648200	ENSG00000075624[1,28,1]	0	-	5645774	5646239	255	2	795,2674,	0,907,	chr7	5645808	5646896	retro_human_11204	0	-	ACTB	1088
chr7	5644619	5648200	ENSG00000075624[1,30,1]	0	-	5645273	5646917	255	4	795,182,439,1517,	0,907,1184,2064,	chr7	5645808	5646896	retro_human_11204	0	-	ACTB	1088
chr7	5644619	5648200	ENSG00000075624[1,29,1]	0	-	5645273	5646239	255	3	795,182,2397,	0,907,1184,	chr7	5645808	5646896	retro_human_11204	0	-	ACTB	1088
chr7	5644619	5648200	ENSG00000075624[1,3,1]	0	-	5645273	5647180	0	6	795,182,439,240,199,154,	0,907,1184,2064,2438,3427,	chr7	5645808	5646896	retro_human_11204	0	-	ACTB	1088
chr7	5644619	5648200	ENSG00000075624[1,15,1]	0	-	5645273	5646239	0	5	795,182,1120,129,154,	0,907,1184,2438,3427,	chr7	5645808	5646896	retro_human_11204	0	-	ACTB	1088
chr7	5644619	5648200	ENSG00000075624[1,19,1]	0	-	5645273	5646239	0	7	795,182,439,41,240,129,154,	0,907,1184,1922,2064,2438,3427,	chr7	5645808	5646896	retro_human_11204	0	-	ACTB	1088
chr7	5644619	5648200	ENSG00000075624[1,1,1]	0	-	5645273	5647180	0	6	795,182,439,240,129,154,	0,907,1184,2064,2438,3427,	chr7	5645808	5646896	retro_human_11204	0	-	ACTB	1088
chr7	5645008	5648200	ENSG00000075624[1,3,3]	0	-	5645273	5647180	0	6	406,182,439,240,199,154,	0,518,795,1675,2049,3038,	chr7	5645808	5646896	retro_human_11204	0	-	ACTB	1088
chr7	5645942	5647555	ENSG00000075624[2,24,9]	0	-	5647175	5647331	0	3	300,240,498,	0,741,1115,	chr7	5645808	5646896	retro_human_11204	0	-	ACTB	954
chr7	5645942	5648200	ENSG00000075624[1,26,9]	0	-	5646919	5647180	0	3	300,503,154,	0,741,2104,	chr7	5645808	5646896	retro_human_11204	0	-	ACTB	954
chr7	5646406	5648200	ENSG00000075624[1,13,7]	0	-	5646491	5646917	0	2	780,154,	0,1640,	chr7	5645808	5646896	retro_human_11204	0	-	ACTB	490
chr7	6609993	6610399	ENSG00000231359[1,1,1]	0	-	6609993	6609993	0	1	406,	0,	chr7	6610043	6610349	retro_human_8674|AC072052.1-201|processed_pseudogene	0	-	RPL31P34	306
chr7	7019550	7019850	ENSG00000243531[1,1,1]	0	-	7019550	7019550	0	1	300,	0,	chr7	7019600	7019800	AC079804.2-201|processed_pseudogene	0	-	EVA1CP3	200
chr7	7043204	7043740	ENSG00000241539[1,1,1]	0	-	7043204	7043204	0	1	536,	0,	chr7	7043254	7043690	AC079804.1-201|processed_pseudogene	0	-	ALG1L5P	436
chr7	7860575	7861146	ENSG00000234718[1,1,2]	0	-	7860575	7860575	0	1	571,	0,	chr7	7857057	7861096	retro_human_8685|AC007161.1-201|transcribed_processed_pseudogene	0	-	AC007161.1	521
chr7	7860575	7861146	ENSG00000234718[1,1,2]	0	-	7860575	7860575	0	1	571,	0,	chr7	7860625	7861085	AC007161.1-204|transcribed_processed_pseudogene	0	-	AC007161.1	460
chr7	10581558	10583600	ENSG00000229091[1,1,1]	0	+	10581558	10581558	0	1	2042,	0,	chr7	10581608	10583550	retro_human_11088|HSPA8P8-201|processed_pseudogene	0	+	MGC4859,HSPA8P8	1942
chr7	12602181	12603483	ENSG00000236048[1,1,1]	0	+	12602181	12602181	0	1	1302,	0,	chr7	12602231	12603433	retro_human_11090|AC013470.3-201|processed_pseudogene	0	+	SSBL5P	1202
chr7	15834646	15835064	ENSG00000235828[1,1,1]	0	-	15834646	15834646	0	1	418,	0,	chr7	15834696	15835014	retro_human_8678|RPL36AP26-201|processed_pseudogene	0	-	RPL36AP26	318
chr7	19078838	19079803	ENSG00000232492[1,1,1]	0	-	19078838	19078838	0	1	965,	0,	chr7	19078888	19079753	retro_human_8890|NPM1P13-201|processed_pseudogene	0	-	NPM1P13	865
chr7	20136997	20137576	ENSG00000213860[1,1,1]	0	+	20136997	20136997	0	1	579,	0,	chr7	20137047	20137530	RPL21P75-201|processed_pseudogene	0	+	AC005062.1,RPL21P75	483
chr7	20963326	20963854	ENSG00000219451[1,1,1]	0	+	20963326	20963326	0	1	528,	0,	chr7	20963376	20963804	retro_human_4810|RPL23P8-201|processed_pseudogene	0	+	RPL23P8	428
chr7	21356255	21357571	ENSG00000225308[1,1,1]	0	-	21356255	21356255	0	1	1316,	0,	chr7	21356305	21357521	retro_human_3235|ASS1P11-201|processed_pseudogene	0	-	ASS1P11	1216
chr7	22646451	22647936	ENSG00000233476[1,1,1]	0	-	22646451	22646451	0	1	1485,	0,	chr7	22646501	22647886	retro_human_3236|EEF1A1P6-201|processed_pseudogene	0	-	EEF1A1P6	1385
chr7	23265642	23266406	ENSG00000230042[1,1,1]	0	+	23265683	23265857	0	1	764,	0,	chr7	23265692	23266356	retro_human_4812|AK3P3-201|processed_pseudogene	0	+	AK3P3	664
chr7	23617115	23617422	ENSG00000236654[1,1,1]	0	+	23617115	23617115	0	1	307,	0,	chr7	23617165	23617372	retro_human_10704|AC079780.1-201|processed_pseudogene	0	+	LOC389473	207
chr7	23626830	23627822	ENSG00000232818[1,1,1]	0	+	23626830	23626830	0	1	992,	0,	chr7	23626880	23627772	retro_human_10703|RPS2P32-201|processed_pseudogene	0	+	RPS2P32	892
chr7	23860530	23861104	ENSG00000234800[1,1,1]	0	-	23860530	23860530	0	1	574,	0,	chr7	23860580	23861054	PCMTD1P3-201|processed_pseudogene	0	-	PCMTD1P3	474
chr7	25824959	25825439	ENSG00000239622[1,1,1]	0	-	25824959	25824959	0	1	480,	0,	chr7	25825009	25825389	retro_human_8331|AC005165.2-201|processed_pseudogene	0	-	UBA52P1	380
chr7	26411822	26412334	ENSG00000232383[1,1,1]	0	+	26411822	26411822	0	1	512,	0,	chr7	26411872	26412284	retro_human_10707|AC010677.1-201|processed_pseudogene	0	+	RPL23P7	412
chr7	27118592	27119292	ENSG00000226059[1,1,1]	0	-	27118592	27118592	0	1	700,	0,	chr7	27118642	27119242	retro_human_8332|HMGB3P20-201|processed_pseudogene	0	-	HMGB3P20	600
chr7	27594464	27595251	ENSG00000233830[1,1,1]	0	-	27594464	27594464	0	1	787,	0,	chr7	27594514	27595201	retro_human_2865|EIF4HP1-201|processed_pseudogene	0	-	EIF4HP1	687
chr7	29350068	29351081	ENSG00000237065[1,1,1]	0	+	29350287	29350545	0	1	1013,	0,	chr7	29350118	29351031	retro_human_4694|NANOGP4-201|transcribed_processed_pseudogene	0	+	NANOGP4	913
chr7	29689253	29689984	ENSG00000270196[1,1,1]	0	+	29689253	29689253	0	1	731,	0,	chr7	29689303	29689934	retro_human_4702|AC007255.2-201|processed_pseudogene	0	+	GTF3C6P3	631
chr7	29763621	29763835	ENSG00000223437[1,1,1]	0	+	29763621	29763621	0	1	214,	0,	chr7	29763671	29763785	retro_human_4681|TMSB4XP3-201|processed_pseudogene	0	+	TMSB4XP3	114
chr7	29822414	29825766	ENSG00000227855[2,2,2]	0	+	29822414	29822414	0	2	431,664,	0,2688,	chr7	29822595	29823015	ZNRF2P2-203|transcribed_processed_pseudogene	0	-	DPY19L2P3,ZNRF2P2,LOC646762	420
chr7	29822545	29823128	ENSG00000225264[1,1,2]	0	-	29822545	29822545	0	1	583,	0,	chr7	29822595	29823015	ZNRF2P2-203|transcribed_processed_pseudogene	0	-	DPY19L2P3,ZNRF2P2,LOC646762	420
chr7	30506853	30510488	ENSG00000235859[2,1,1]	0	+	30509514	30509910	0	1	3635,	0,	chr7	30509204	30510438	retro_human_4727|AC006978.1-201|processed_pseudogene	0	+	DKFZP586I1420	1234
chr7	30507109	30510488	ENSG00000235859[3,1,1]	0	+	30509514	30509910	0	1	3379,	0,	chr7	30509204	30510438	retro_human_4727|AC006978.1-201|processed_pseudogene	0	+	DKFZP586I1420	1234
chr7	30509154	30510488	ENSG00000235859[1,1,1]	0	+	30509514	30509910	0	1	1334,	0,	chr7	30509204	30510438	retro_human_4727|AC006978.1-201|processed_pseudogene	0	+	DKFZP586I1420	1234
chr7	30660770	30662262	ENSG00000244480[1,1,1]	0	-	30660770	30660770	0	1	1492,	0,	chr7	30660820	30662212	AC005154.2-201|transcribed_processed_pseudogene	0	-	GARS1-DT,LOC100287825	1392
chr7	32596110	32597006	ENSG00000226468[1,1,1]	0	-	32596110	32596110	0	1	896,	0,	chr7	32596160	32596956	retro_human_7944|AC018641.1-201|processed_pseudogene	0	-	LOC100130673	796
chr7	32610655	32611652	ENSG00000226421[1,1,1]	0	+	32610655	32610655	0	1	997,	0,	chr7	32610705	32611602	retro_human_4714|SLC25A5P5-201|processed_pseudogene	0	+	SLC25A5P5	897
chr7	32868138	32868681	ENSG00000237004[1,1,1]	0	+	32868138	32868138	0	1	543,	0,	chr7	32868188	32868631	ZNRF2P1-201|transcribed_processed_pseudogene	0	+	ZNRF2P1	443
chr7	34889750	34891909	ENSG00000230356[1,1,2]	0	-	34889750	34889750	0	1	2159,	0,	chr7	34890058	34891859	retro_human_7943|NCAPD2P1-201|processed_pseudogene	0	-	NCAPD2P1	1801
chr7	34890008	34891909	ENSG00000230356[1,1,1]	0	-	34890008	34890008	0	1	1901,	0,	chr7	34890058	34891859	retro_human_7943|NCAPD2P1-201|processed_pseudogene	0	-	NCAPD2P1	1801
chr7	36112065	36112586	ENSG00000270889[1,1,1]	0	-	36112065	36112065	0	1	521,	0,	chr7	36112115	36112536	retro_human_2945|AC087072.1-201|processed_pseudogene	0	-	PPP1R14BP4,SEPTIN7P3	421
chr7	38468258	38468782	ENSG00000231916[1,1,1]	0	+	38468258	38468258	0	1	524,	0,	chr7	38468308	38468732	retro_human_1848|AC006033.1-201|processed_pseudogene	0	+	LOC103689914,TRG	424
chr7	39723875	39730472	ENSG00000241127[1,6,1]	0	+	39729983	39730244	0	2	4293,655,	0,5942,	chr7	39726916	39727739	retro_human_4087|AC011290.2-201|processed_pseudogene	0	-	LOC100101126	823
chr7	39723875	39730472	ENSG00000241127[1,4,1]	0	+	39729983	39730244	0	2	213,2426,	0,4171,	chr7	39726916	39727739	retro_human_4087|AC011290.2-201|processed_pseudogene	0	-	LOC100101126	823
chr7	39723875	39728593	ENSG00000241127[1,4,5]	0	+	39723959	39728169	0	2	213,547,	0,4171,	chr7	39726916	39727739	retro_human_4087|AC011290.2-201|processed_pseudogene	0	-	LOC100101126	823
chr7	39723875	39728593	ENSG00000241127[1,5,5]	0	+	39723959	39724229	0	2	697,547,	0,4171,	chr7	39726916	39727739	retro_human_4087|AC011290.2-201|processed_pseudogene	0	-	LOC100101126	823
chr7	39723875	39730472	ENSG00000241127[1,1,1]	0	+	39723959	39730244	0	3	213,122,655,	0,4171,5942,	chr7	39726916	39727739	retro_human_4087|AC011290.2-201|processed_pseudogene	0	-	LOC100101126	823
chr7	39726866	39727789	ENSG00000236015[1,1,1]	0	-	39726866	39726866	0	1	923,	0,	chr7	39726916	39727739	retro_human_4087|AC011290.2-201|processed_pseudogene	0	-	LOC100101126	823
chr7	39767221	39767885	ENSG00000106540[1,1,1]	0	+	39767271	39767538	0	1	664,	0,	chr7	39767271	39767835	retro_human_1850|AC004837.1-201|processed_pseudogene	0	+	AC004837.3,YAE1,LOC646999	564
chr7	39991074	39992322	ENSG00000233225[1,1,1]	0	+	39991074	39991074	0	1	1248,	0,	chr7	39990839	39991347	AC004987.1-201|processed_pseudogene	0	-	SSBP3P1	273
chr7	39991074	39992322	ENSG00000233225[1,1,1]	0	+	39991074	39991074	0	1	1248,	0,	chr7	39991124	39992272	retro_human_1851|SSBP3P1-201|processed_pseudogene	0	+	SSBP3P1	1148
chr7	40011995	40012658	ENSG00000175741[1,1,1]	0	-	40011995	40011995	0	1	663,	0,	chr7	40012045	40012608	retro_human_2461|RWDD4P2-201|processed_pseudogene	0	-	RWDD4P2	563
chr7	40273088	40273447	ENSG00000270577[1,1,1]	0	+	40273088	40273088	0	1	359,	0,	chr7	40273138	40273397	retro_human_1853|AC006023.2-201|processed_pseudogene	0	+	HIGD1AP7	259
chr7	43925513	43925923	ENSG00000229497[1,1,1]	0	+	43925766	43925889	0	1	410,	0,	chr7	43925563	43925873	retro_human_7321|AC005189.1-201|processed_pseudogene	0	+	LOC107986727	310
chr7	44076947	44078405	ENSG00000237972[1,1,1]	0	+	44076947	44076947	0	1	1458,	0,	chr7	44076997	44078355	retro_human_7319|TUBG1P-201|processed_pseudogene	0	+	TUBG1P	1358
chr7	44627587	44628095	ENSG00000146677[1,1,1]	0	+	44627587	44627587	0	1	508,	0,	chr7	44627637	44628045	retro_human_7318|AC004453.1-201|processed_pseudogene	0	+	RPL32P18	408
chr7	46942723	46944893	ENSG00000242948[1,1,2]	0	+	46942723	46942723	0	1	2170,	0,	chr7	46942773	46944843	EPS15P1-202|transcribed_processed_pseudogene	0	+	EPS15P1	2070
chr7	46942723	46944893	ENSG00000242948[1,1,2]	0	+	46942723	46942723	0	1	2170,	0,	chr7	46944200	46944536	EPS15P1-201|transcribed_processed_pseudogene	0	+	EPS15P1	336
chr7	47214192	47215174	ENSG00000214754[1,1,1]	0	+	47214192	47214192	0	1	982,	0,	chr7	47214242	47215124	retro_human_1458|AC004870.1-201|processed_pseudogene	0	+	SRSF8CP	882
chr7	48118965	48119591	ENSG00000225507[1,1,1]	0	+	48118965	48118965	0	1	626,	0,	chr7	48119015	48119541	AC069282.1-201|processed_pseudogene	0	+	MSTRG.5136	526
chr7	51547573	51548412	ENSG00000228897[1,1,1]	0	-	51547573	51547573	0	1	839,	0,	chr7	51547623	51548362	AC012441.2-201|processed_pseudogene	0	-	LOC101928675	739
chr7	53349212	53350863	ENSG00000227344[1,1,1]	0	+	53349212	53349212	0	1	1651,	0,	chr7	53349262	53350813	retro_human_1461|HAUS6P1-201|processed_pseudogene	0	+	HAUS6P1	1551
chr7	54023809	54025016	ENSG00000235454[1,1,1]	0	+	54023809	54023809	0	1	1207,	0,	chr7	54023859	54024966	retro_human_7917|HAUS6P3-201|processed_pseudogene	0	+	HAUS6P3	1107
chr7	54580346	54581331	ENSG00000213673[1,1,1]	0	+	54580346	54580346	0	1	985,	0,	chr7	54580396	54581281	retro_human_7918|SLC25A5P3-201|processed_pseudogene	0	+	SLC25A5P3	885
chr7	54816239	54816716	ENSG00000232612[1,1,1]	0	+	54816239	54816239	0	1	477,	0,	chr7	54816289	54816666	retro_human_7920|RPL31P35-201|processed_pseudogene	0	+	RPL31P35	377
chr7	55093570	55098156	ENSG00000218586[1,1,1]	0	+	55093570	55093570	0	1	4586,	0,	chr7	55093620	55098106	retro_human_6902|AC006971.1-201|processed_pseudogene	0	+	LOC643168	4486
chr7	55805839	55807271	ENSG00000235207[1,1,1]	0	+	55805839	55805839	0	1	1432,	0,	chr7	55805889	55807221	retro_human_7931|TUBBP6-201|processed_pseudogene	0	+	TUBBP6	1332
chr7	64997784	64998074	ENSG00000227397[1,1,1]	0	+	64997784	64997784	0	1	290,	0,	chr7	64997834	64998024	AC079355.2-201|processed_pseudogene	0	+	LOC124906645	190
chr7	65116796	65118384	ENSG00000226342[1,1,1]	0	-	65116796	65116796	0	1	1588,	0,	chr7	65116846	65118334	retro_human_6155|NMD3P1-201|processed_pseudogene	0	-	LINC02848,NMD3P1	1488
chr7	65132608	65134228	ENSG00000227910[2,3,1]	0	-	65132608	65132608	0	2	431,503,	0,1117,	chr7	65132658	65133618	AC092634.3-201|transcribed_processed_pseudogene	0	-	AC092634.3,LINC02848	960
chr7	65132608	65134228	ENSG00000227910[2,3,1]	0	-	65132608	65132608	0	2	431,503,	0,1117,	chr7	65132719	65134149	AC092634.3-202|transcribed_processed_pseudogene	0	-	AC092634.3,LINC02848,AC092634.8	1430
chr7	65132608	65134228	ENSG00000227910[2,3,1]	0	-	65132608	65132608	0	2	431,503,	0,1117,	chr7	65133730	65134178	AC092634.3-203|transcribed_processed_pseudogene	0	-	AC092634.8,LOC105375318	448
chr7	65641655	65642518	ENSG00000232727[1,1,1]	0	+	65641655	65641655	0	1	863,	0,	chr7	65641705	65642468	retro_human_4293|YWHAEP1-201|processed_pseudogene	0	+	YWHAEP1	763
chr7	65707747	65708752	ENSG00000228653[1,1,1]	0	+	65707747	65707747	0	1	1005,	0,	chr7	65707797	65708702	retro_human_4290|HNRNPCP7-201|processed_pseudogene	0	+	ZNF680	905
chr7	65776887	65777997	ENSG00000213642[1,1,1]	0	-	65776887	65776887	0	1	1110,	0,	chr7	65776937	65777947	retro_human_6153|AC016769.1-201|processed_pseudogene	0	-	LOC100129293	1010
chr7	65790177	65790752	ENSG00000224669[1,1,1]	0	+	65790177	65790177	0	1	575,	0,	chr7	65790227	65790702	retro_human_706|AC016769.2-201|processed_pseudogene	0	+	LOC641746	475
chr7	65873529	65918561	ENSG00000196247[1,1,4]	0	+	65873763	65916135	0	4	237,127,96,4756,	0,25193,25810,40276,	chr7	65886422	65894867	BNIP3P11-201|processed_pseudogene	0	-	ZNF107	8445
chr7	65873529	65917661	ENSG00000196247[1,1,12]	0	+	65873763	65916135	0	4	237,127,96,3856,	0,25193,25810,40276,	chr7	65886422	65894867	BNIP3P11-201|processed_pseudogene	0	-	ZNF107	8445
chr7	65873529	65915544	ENSG00000196247[1,1,11]	0	+	65914438	65914723	0	4	237,127,96,1739,	0,25193,25810,40276,	chr7	65886422	65894867	BNIP3P11-201|processed_pseudogene	0	-	ZNF107	8445
chr7	65873529	65914111	ENSG00000196247[1,1,10]	0	+	65873529	65873529	0	4	237,127,96,306,	0,25193,25810,40276,	chr7	65886422	65894867	BNIP3P11-201|processed_pseudogene	0	-	ZNF107	8445
chr7	65873529	65919113	ENSG00000196247[1,1,1]	0	+	65873763	65916135	0	4	237,127,96,5308,	0,25193,25810,40276,	chr7	65886422	65894867	BNIP3P11-201|processed_pseudogene	0	-	ZNF107	8445
chr7	65873529	65918561	ENSG00000196247[1,4,4]	0	+	65873763	65916135	0	3	237,127,4756,	0,25193,40276,	chr7	65886422	65894867	BNIP3P11-201|processed_pseudogene	0	-	ZNF107	8445
chr7	65873529	65915544	ENSG00000196247[1,4,11]	0	+	65914438	65914723	0	3	237,127,1739,	0,25193,40276,	chr7	65886422	65894867	BNIP3P11-201|processed_pseudogene	0	-	ZNF107	8445
chr7	65873529	65919113	ENSG00000196247[1,4,1]	0	+	65873763	65916135	0	3	237,127,5308,	0,25193,40276,	chr7	65886422	65894867	BNIP3P11-201|processed_pseudogene	0	-	ZNF107	8445
chr7	65873529	65914111	ENSG00000196247[1,2,10]	0	+	65873763	65886665	0	7	237,142,160,127,127,96,306,	0,2978,13116,24344,25193,25810,40276,	chr7	65886422	65894867	BNIP3P11-201|processed_pseudogene	0	-	ZNF107	8445
chr7	65873529	65919113	ENSG00000196247[1,3,1]	0	+	65899416	65916135	0	5	237,160,127,96,5308,	0,13116,25193,25810,40276,	chr7	65886422	65894867	BNIP3P11-201|processed_pseudogene	0	-	ZNF107	8445
chr7	65873529	65917661	ENSG00000196247[1,3,12]	0	+	65899416	65916135	0	5	237,160,127,96,3856,	0,13116,25193,25810,40276,	chr7	65886422	65894867	BNIP3P11-201|processed_pseudogene	0	-	ZNF107	8445
chr7	65873529	65915544	ENSG00000196247[1,3,11]	0	+	65914438	65914723	0	5	237,160,127,96,1739,	0,13116,25193,25810,40276,	chr7	65886422	65894867	BNIP3P11-201|processed_pseudogene	0	-	ZNF107	8445
chr7	65873529	65914111	ENSG00000196247[1,3,10]	0	+	65886667	65886802	0	5	237,160,127,96,306,	0,13116,25193,25810,40276,	chr7	65886422	65894867	BNIP3P11-201|processed_pseudogene	0	-	ZNF107	8445
chr7	65873529	65918561	ENSG00000196247[1,3,4]	0	+	65899416	65916135	0	5	237,160,127,96,4756,	0,13116,25193,25810,40276,	chr7	65886422	65894867	BNIP3P11-201|processed_pseudogene	0	-	ZNF107	8445
chr7	65886591	65919113	ENSG00000196247[5,14,1]	0	+	65899416	65916135	0	5	214,127,127,96,5308,	0,11282,12131,12748,27214,	chr7	65886422	65894867	BNIP3P11-201|processed_pseudogene	0	-	ZNF107	8276
chr7	65943370	65944281	ENSG00000224172[1,1,1]	0	-	65943370	65943370	0	1	911,	0,	chr7	65943420	65944231	retro_human_6159|AC091799.1-201|processed_pseudogene	0	-	LOC644387	811
chr7	67292940	67293455	ENSG00000205596[1,1,1]	0	-	67292940	67292940	0	1	515,	0,	chr7	67292990	67293405	retro_human_371|AC068533.1-201|processed_pseudogene	0	-	LOC644667	415
chr7	67642999	67643588	ENSG00000231234[1,1,1]	0	-	67642999	67642999	0	1	589,	0,	chr7	67643049	67643538	retro_human_366|SKP1P1-201|transcribed_processed_pseudogene	0	-	LINC00174,SKP1P1	489
chr7	67724751	67725920	ENSG00000179342[1,1,1]	0	-	67724751	67724751	0	1	1169,	0,	chr7	67724801	67725870	retro_human_5734|AC008267.1-201|processed_pseudogene	0	-	LOC346329	1069
chr7	67773404	67773899	ENSG00000275400[1,1,1]	0	-	67773404	67773404	0	1	495,	0,	chr7	67773454	67773849	retro_human_5733|AC006001.4-201|processed_pseudogene	0	-	AC006001.3,RABGEF1P1	395
chr7	67776488	67777062	ENSG00000177418[1,1,1]	0	-	67776488	67776488	0	1	574,	0,	chr7	67775865	67776715	retro_human_3351|SAPCD2P3-201|processed_pseudogene	0	+	SAPCD2P3	227
chr7	67776488	67777062	ENSG00000177418[1,1,1]	0	-	67776488	67776488	0	1	574,	0,	chr7	67776538	67777012	AC006001.1-201|processed_pseudogene	0	-	SAPCD2P3	474
chr7	67826336	67826806	ENSG00000225573[1,1,1]	0	-	67826336	67826336	0	1	470,	0,	chr7	67826386	67826756	retro_human_5732|RPL35P5-201|processed_pseudogene	0	-	RPL35P5	370
chr7	68122480	68126021	ENSG00000273142[1,1,1]	0	+	68122480	68122480	0	1	3541,	0,	chr7	68125003	68125722	retro_human_3353	0	+	LINC02604	719
chr7	74969823	74971197	ENSG00000165215[1,1,1]	0	-	74970266	74970926	0	1	1374,	0,	chr7	74970318	74970917	retro_human_5727	0	-	CLDN3	599
chr7	75028582	75033635	ENSG00000189143[2,2,1]	0	+	75032096	75032723	0	2	128,4141,	0,912,	chr7	75032097	75032669	retro_human_8832	0	+	CLDN4	572
chr7	75029017	75033635	ENSG00000189143[3,3,1]	0	+	75032096	75032723	0	2	74,4141,	0,477,	chr7	75032097	75032669	retro_human_8832	0	+	CLDN4	572
chr7	75031707	75033635	ENSG00000189143[5,1,1]	0	+	75032096	75032723	0	1	1928,	0,	chr7	75032097	75032669	retro_human_8832	0	+	CLDN4	572
chr7	75031840	75033635	ENSG00000189143[1,1,1]	0	+	75032096	75032723	0	1	1795,	0,	chr7	75032097	75032669	retro_human_8832	0	+	CLDN4	572
chr7	76407737	76408623	ENSG00000276592[1,1,1]	0	+	76407737	76407737	0	1	886,	0,	chr7	76407802	76408467	retro_human_8833|PHBP15-1|processed_pseudogene	0	+	PHB1P6	665
chr7	77210322	77211111	ENSG00000235090[1,1,1]	0	+	77210889	77211084	0	1	789,	0,	chr7	77210372	77211061	retro_human_8827|RPL7L1P3-201|processed_pseudogene	0	+	RPL7L1P3	689
chr7	77758593	77759590	ENSG00000233980[1,1,1]	0	-	77758593	77758593	0	1	997,	0,	chr7	77758643	77759540	retro_human_11228|FDPSP2-201|processed_pseudogene	0	-	DTX2,FDPSP2	897
chr7	77929243	77929840	ENSG00000214243[1,1,1]	0	-	77929243	77929243	0	1	597,	0,	chr7	77929293	77929790	AC004980.2-201|processed_pseudogene	0	-	LOC124906604	497
chr7	78247043	78248197	ENSG00000231087[1,1,1]	0	-	78247043	78247043	0	1	1154,	0,	chr7	78247093	78248147	retro_human_11229|FDPSP7-201|processed_pseudogene	0	-	DTX2P1-UPK3BP1-PMS2P11,FDPSP7	1054
chr7	79599008	79611406	ENSG00000231322[1,2,2]	0	+	79599008	79599008	0	6	235,49,155,204,119,1233,	0,1285,3035,4662,5763,11165,	chr7	79599130	79602473	RPL13AP17-201|transcribed_processed_pseudogene	0	+	RPL13AP17	3343
chr7	79599008	79611406	ENSG00000231322[1,2,2]	0	+	79599008	79599008	0	6	235,49,155,204,119,1233,	0,1285,3035,4662,5763,11165,	chr7	79599152	79602446	RPL13AP17-203|transcribed_processed_pseudogene	0	+	RPL13AP17	3294
chr7	79738323	79738922	ENSG00000226230[1,1,1]	0	+	79738323	79738323	0	1	599,	0,	chr7	79738373	79738872	retro_human_10551|AC007237.1-201|processed_pseudogene	0	+	MAGI2,LOC100124402	499
chr7	82862902	82863445	ENSG00000230196[1,1,1]	0	-	82862902	82862902	0	1	543,	0,	chr7	82862952	82863395	DDX43P3-201|processed_pseudogene	0	-	DDX43P3	443
chr7	86277609	86279574	ENSG00000224059[1,1,1]	0	+	86277609	86277609	0	1	1965,	0,	chr7	86277659	86279524	retro_human_10548|HSPA8P16-201|processed_pseudogene	0	+	HSPA8P16	1865
chr7	94912097	94912449	ENSG00000237729[1,1,1]	0	-	94912097	94912097	0	1	352,	0,	chr7	94912147	94912399	retro_human_1128|AC002075.2-201|processed_pseudogene	0	-	RPS27P17	252
chr7	95081376	95081996	ENSG00000213483[1,1,1]	0	+	95081376	95081376	0	1	620,	0,	chr7	95081426	95081946	retro_human_10955|NDUFAF4P2-201|processed_pseudogene	0	+	NDUFAF4P2	520
chr7	97519201	97519749	ENSG00000237551[1,1,1]	0	+	97519201	97519201	0	1	548,	0,	chr7	97519251	97519699	retro_human_10949|AC096775.1-201|processed_pseudogene	0	+	RPL21P74	448
chr7	99115881	99116188	ENSG00000231812[1,1,1]	0	+	99115881	99115881	0	1	307,	0,	chr7	99115931	99116138	SNRPCP9-201|processed_pseudogene	0	+	SNRPCP9	207
chr7	99152825	99158527	ENSG00000284707[3,5,4]	0	-	99153067	99158366	255	2	326,380,	0,5322,	chr7	99153881	99159526	retro_human_6540	0	-	CZ1P-ASNS	4646
chr7	100231800	100233293	ENSG00000238109[1,1,1]	0	-	100231800	100231800	0	1	1493,	0,	chr7	100231850	100233243	retro_human_6544|RNF14P3-201|processed_pseudogene	0	-	RNF14P3	1393
chr7	100681739	100682446	ENSG00000228335[1,1,1]	0	-	100681785	100682340	0	1	707,	0,	chr7	100681789	100682396	retro_human_6547|AC073063.1-201|processed_pseudogene	0	-	CPSF4,LOC100131859	607
chr7	100725376	100739278	ENSG00000160908[1,8,3]	0	-	100725851	100738997	255	3	495,127,737,	0,12243,13165,	chr7	100732482	100738922	retro_human_753	0	-	ZNF394	6440
chr7	100725376	100737752	ENSG00000160908[3,4,3]	0	-	100725851	100737743	0	2	495,133,	0,12243,	chr7	100732482	100738922	retro_human_753	0	-	ZNF394	5270
chr7	100732097	100739278	ENSG00000160908[1,5,1]	0	-	100732439	100733501	0	2	5649,737,	0,6444,	chr7	100732482	100738922	retro_human_753	0	-	ZNF394	6440
chr7	100732097	100739278	ENSG00000160908[1,3,1]	0	-	100732439	100733501	0	2	1442,737,	0,6444,	chr7	100732482	100738922	retro_human_753	0	-	ZNF394	6440
chr7	100732097	100739278	ENSG00000160908[1,1,1]	0	-	100732439	100738997	0	3	1442,127,737,	0,5522,6444,	chr7	100732482	100738922	retro_human_753	0	-	ZNF394	6440
chr7	100732294	100739278	ENSG00000160908[1,3,7]	0	-	100732439	100733501	0	2	1245,737,	0,6247,	chr7	100732482	100738922	retro_human_753	0	-	ZNF394	6440
chr7	100732294	100739278	ENSG00000160908[1,1,7]	0	-	100732439	100738997	0	3	1245,127,737,	0,5325,6247,	chr7	100732482	100738922	retro_human_753	0	-	ZNF394	6440
chr7	100736715	100739278	ENSG00000160908[1,5,5]	0	-	100737551	100738997	0	2	1031,737,	0,1826,	chr7	100732482	100738922	retro_human_753	0	-	ZNF394	2207
chr7	100877518	100878144	ENSG00000224448[1,1,1]	0	-	100877518	100877518	0	1	626,	0,	chr7	100877568	100878094	retro_human_754|AC005020.1-201|processed_pseudogene	0	-	LOC442603	526
chr7	101810162	101811269	ENSG00000184414[1,1,1]	0	+	101810162	101810162	0	1	1107,	0,	chr7	101810212	101811219	IRS3P-201|processed_pseudogene	0	+	IRS3P	1007
chr7	102130025	102137111	ENSG00000087085[5,19,1]	0	-	102130298	102134316	255	6	392,170,485,1088,73,472,	0,1225,2392,3223,6441,6614,	chr7	102132405	102134199	retro_human_759	0	-	ACHE	1794
chr7	102130025	102137111	ENSG00000087085[5,18,1]	0	-	102130298	102134316	255	5	392,170,485,1091,472,	0,1225,2392,3223,6614,	chr7	102132405	102134199	retro_human_759	0	-	ACHE	1794
chr7	102130025	102136266	ENSG00000087085[3,16,1]	0	-	102130298	102134316	255	5	392,170,485,1091,121,	0,1225,2392,3223,6120,	chr7	102132405	102134199	retro_human_759	0	-	ACHE	1794
chr7	102130025	102137111	ENSG00000087085[5,17,1]	0	-	102130298	102134316	255	5	392,170,485,1088,472,	0,1225,2392,3223,6614,	chr7	102132405	102134199	retro_human_759	0	-	ACHE	1794
chr7	102130025	102136266	ENSG00000087085[3,15,1]	0	-	102130298	102134316	255	5	392,170,485,1091,378,	0,1225,2392,3223,5863,	chr7	102132405	102134199	retro_human_759	0	-	ACHE	1794
chr7	102130025	102136057	ENSG00000087085[1,15,1]	0	-	102130298	102134316	255	5	392,170,485,1091,169,	0,1225,2392,3223,5863,	chr7	102132405	102134199	retro_human_759	0	-	ACHE	1794
chr7	102130025	102136266	ENSG00000087085[3,3,1]	0	-	102130298	102134316	0	5	392,170,485,1088,121,	0,1225,2392,3223,6120,	chr7	102132405	102134199	retro_human_759	0	-	ACHE	1794
chr7	102130025	102136057	ENSG00000087085[1,4,1]	0	-	102130298	102134316	0	5	392,170,221,1088,169,	0,1225,2392,3223,5863,	chr7	102132405	102134199	retro_human_759	0	-	ACHE	1794
chr7	102130025	102134522	ENSG00000087085[2,2,1]	0	-	102130298	102134316	0	4	392,170,485,1274,	0,1225,2392,3223,	chr7	102132405	102134199	retro_human_759	0	-	ACHE	1794
chr7	102130025	102136057	ENSG00000087085[1,6,1]	0	-	102131042	102134316	0	5	1145,170,485,1091,169,	0,1225,2392,3223,5863,	chr7	102132405	102134199	retro_human_759	0	-	ACHE	1794
chr7	102130025	102136057	ENSG00000087085[1,5,1]	0	-	102131042	102134316	0	5	1145,170,485,1088,169,	0,1225,2392,3223,5863,	chr7	102132405	102134199	retro_human_759	0	-	ACHE	1794
chr7	102130025	102136266	ENSG00000087085[3,1,1]	0	-	102130298	102134316	0	5	392,170,485,1088,378,	0,1225,2392,3223,5863,	chr7	102132405	102134199	retro_human_759	0	-	ACHE	1794
chr7	102130025	102136057	ENSG00000087085[1,1,1]	0	-	102130298	102134316	0	5	392,170,485,1088,169,	0,1225,2392,3223,5863,	chr7	102132405	102134199	retro_human_759	0	-	ACHE	1794
chr7	102130242	102134367	ENSG00000087085[4,8,2]	0	-	102131411	102134316	0	3	175,170,1119,	0,1008,3006,	chr7	102132405	102134199	retro_human_759	0	-	ACHE	1794
chr7	102130747	102136057	ENSG00000087085[1,6,6]	0	-	102131042	102134316	0	5	423,170,485,1091,169,	0,503,1670,2501,5141,	chr7	102132405	102134199	retro_human_759	0	-	ACHE	1794
chr7	102130747	102136057	ENSG00000087085[1,5,6]	0	-	102131042	102134316	0	5	423,170,485,1088,169,	0,503,1670,2501,5141,	chr7	102132405	102134199	retro_human_759	0	-	ACHE	1794
chr7	104069761	104070655	ENSG00000213385[1,1,1]	0	+	104069811	104070270	0	1	894,	0,	chr7	104069811	104070605	retro_human_4917|AC105052.2-201|processed_pseudogene	0	+	FAM185A	794
chr7	104456419	104457110	ENSG00000224415[1,1,1]	0	-	104456472	104456835	0	1	691,	0,	chr7	104456469	104457060	retro_human_4525|AC007683.1-201|processed_pseudogene	0	-	RPL19P12	591
chr7	104662988	104663259	ENSG00000235354[1,1,1]	0	+	104663038	104663206	0	1	271,	0,	chr7	104663038	104663209	retro_human_2392|RPS29P16-201|processed_pseudogene	0	+	RPS29P16	171
chr7	105982064	105983992	ENSG00000197258[1,1,1]	0	+	105982114	105983107	0	1	1928,	0,	chr7	105982114	105983942	retro_human_2393|EIF4BP6-201|processed_pseudogene	0	+	EIF4BP6	1828
chr7	106616121	106616786	ENSG00000244490[1,1,1]	0	+	106616121	106616121	0	1	665,	0,	chr7	106616171	106616736	retro_human_3531|RWDD4P1-201|processed_pseudogene	0	+	RWDD4P1	565
chr7	106896415	106897514	ENSG00000231167[1,1,1]	0	-	106896787	106897123	0	1	1099,	0,	chr7	106896465	106897464	retro_human_4527|YBX1P2-201|processed_pseudogene	0	-	YBX1P2	999
chr7	108944637	108945735	ENSG00000250474[1,1,1]	0	+	108945087	108945441	0	1	1098,	0,	chr7	108944687	108945685	retro_human_4242|WBP1LP2-201|processed_pseudogene	0	+	BCAP29,WBP1LP2	998
chr7	109834806	109835650	ENSG00000231006[1,1,1]	0	+	109834806	109834806	0	1	844,	0,	chr7	109834856	109835600	retro_human_4752|RPL7P32-201|processed_pseudogene	0	+	RPL7P32	744
chr7	118177667	118203940	ENSG00000198898[1,8,5]	0	+	118177799	118203446	0	2	171,623,	0,25650,	chr7	118188641	118191564	retro_human_8131|AC002543.1-201|processed_pseudogene	0	-	AC002543.1,CAPZA2,LOC100418716	2923
chr7	118287265	118288112	ENSG00000213050[1,1,1]	0	-	118287265	118287265	0	1	847,	0,	chr7	118287315	118288062	retro_human_8896|TPM3P1-201|processed_pseudogene	0	-	TPM3P1	747
chr7	122366210	122366587	ENSG00000234927[1,1,1]	0	+	122366242	122366344	0	1	377,	0,	chr7	122366260	122366537	retro_human_4663|HMGN1P18-201|processed_pseudogene	0	+	CPED1,HMGN1P18	277
chr7	123550405	123550878	ENSG00000213302[1,1,1]	0	+	123550405	123550405	0	1	473,	0,	chr7	123550455	123550828	retro_human_4661|AC015983.1-201|processed_pseudogene	0	+	RPL31P37	373
chr7	123997276	123997724	ENSG00000235459[1,1,1]	0	+	123997276	123997276	0	1	448,	0,	chr7	123997326	123997674	retro_human_4660|RPS26P31-201|processed_pseudogene	0	+	RPS26P31	348
chr7	124017617	124018972	ENSG00000235631[1,1,1]	0	-	124017835	124018750	0	1	1355,	0,	chr7	124017836	124018663	retro_human_3486	0	-	RNF148	827
chr7	124166266	124166973	ENSG00000227573[1,1,1]	0	+	124166266	124166266	0	1	707,	0,	chr7	124166316	124166923	AC004986.1-201|processed_pseudogene	0	+	LOC100422456	607
chr7	125793838	125794523	ENSG00000230268[1,1,1]	0	+	125793888	125794470	0	1	685,	0,	chr7	125793888	125794470	retro_human_4657	0	+	SSU72L6	582
chr7	128900014	128902841	ENSG00000004059[1,2,4]	0	+	128900177	128902791	0	5	230,81,110,72,200,	0,747,1149,1730,2627,	chr7	128901163	128901489	retro_human_862	0	+	ARF5,GCC1,LOC105375490	326
chr7	128900673	128901560	ENSG00000004059[2,6,3]	0	+	128900673	128900673	0	2	169,397,	0,490,	chr7	128901163	128901489	retro_human_862	0	+	ARF5,GCC1,LOC105375490	326
chr7	129169466	129170203	ENSG00000240579[1,1,1]	0	-	129169466	129169466	0	1	737,	0,	chr7	129169516	129170153	retro_human_9364|AC006529.1-201|processed_pseudogene	0	-	LOC100196944	637
chr7	129338700	129342735	ENSG00000128594[2,1,1]	0	-	129340361	129342320	0	2	3720,143,	0,3892,	chr7	129340362	129342188	retro_human_9363	0	-	LRRC4	1826
chr7	129341788	129342735	ENSG00000128594[2,2,2]	0	-	129342055	129342277	0	2	514,143,	0,804,	chr7	129340362	129342188	retro_human_9363	0	-	LRRC4	400
chr7	129341986	129343351	ENSG00000128594[3,3,3]	0	-	129342055	129342277	0	3	434,84,165,	0,606,1200,	chr7	129340362	129342188	retro_human_9363	0	-	LRRC4	202
chr7	129618387	129619517	ENSG00000242261[1,1,1]	0	+	129618387	129618387	0	1	1130,	0,	chr7	129618437	129619467	retro_human_863|AC018635.1-201|processed_pseudogene	0	+	LOC100418961,RBM28	1030
chr7	129882409	129882956	ENSG00000213280[1,1,1]	0	-	129882409	129882409	0	1	547,	0,	chr7	129882459	129882906	retro_human_9361|AC090114.1-201|processed_pseudogene	0	-	RPS10P15	447
chr7	129963656	129964921	ENSG00000243302[1,1,1]	0	+	129963656	129963656	0	1	1265,	0,	chr7	129963706	129964871	AC018638.4-201|processed_pseudogene	0	+	AC093752.3,LINC01000	1165
chr7	129965327	129965830	ENSG00000230715[1,1,1]	0	+	129965327	129965327	0	1	503,	0,	chr7	129965377	129965780	AC018638.2-201|processed_pseudogene	0	+	LINC01000	403
chr7	129966455	129967309	ENSG00000243679[1,1,1]	0	+	129966455	129966455	0	1	854,	0,	chr7	129966226	129966556	AC018638.1-201|processed_pseudogene	0	-	LINC01000	101
chr7	129966455	129967309	ENSG00000243679[1,1,1]	0	+	129966455	129966455	0	1	854,	0,	chr7	129966505	129967259	AC018638.5-201|processed_pseudogene	0	+	LINC01000	754
chr7	130723029	130723387	ENSG00000238072[1,1,1]	0	-	130723029	130723029	0	1	358,	0,	chr7	130723079	130723337	retro_human_9357|AC009244.1-201|processed_pseudogene	0	-	CDC26P1	258
chr7	132560202	132560708	ENSG00000233287[1,1,1]	0	+	132560254	132560587	0	1	506,	0,	chr7	132560252	132560658	retro_human_6690|AC009362.1-201|processed_pseudogene	0	+	RPL27P11	406
chr7	132979804	132980576	ENSG00000213261[1,1,1]	0	-	132979804	132979804	0	1	772,	0,	chr7	132979854	132980526	retro_human_3886|EEF1B2P6-201|processed_pseudogene	0	-	EEF1B2P6	672
chr7	134356090	134357504	ENSG00000283041[1,1,1]	0	-	134356143	134357454	0	1	1414,	0,	chr7	134356140	134357454	retro_human_3890|AC008038.1-201|processed_pseudogene	0	-	CHCHD3	1314
chr7	134490761	134491961	ENSG00000237821[1,1,1]	0	-	134490761	134490761	0	1	1200,	0,	chr7	134490811	134491911	retro_human_3891|AC083873.1-201|processed_pseudogene	0	-	ST13P7	1100
chr7	136958190	136958735	ENSG00000271414[1,1,1]	0	+	136958190	136958190	0	1	545,	0,	chr7	136958240	136958685	retro_human_7910|AC093107.2-201|processed_pseudogene	0	+	LOC124901801	445
chr7	139713838	139714267	ENSG00000213237[1,1,1]	0	-	139713838	139713838	0	1	429,	0,	chr7	139713888	139714217	retro_human_9800|PTMAP10-201|processed_pseudogene	0	-	PTMAP10	329
chr7	139750333	139751982	ENSG00000214815[1,1,1]	0	+	139750333	139750333	0	1	1649,	0,	chr7	139750383	139751932	retro_human_1679|IMPDH1P3-201|processed_pseudogene	0	+	IMPDH1P3	1549
chr7	140485755	140487606	ENSG00000239254[1,1,1]	0	-	140485755	140485755	0	1	1851,	0,	chr7	140485805	140487556	retro_human_9797|AC009220.2-201|processed_pseudogene	0	-	LOC100499191	1751
chr7	141749434	141750006	ENSG00000103200[1,1,1]	0	-	141749434	141749434	0	1	572,	0,	chr7	141749484	141749956	retro_human_9805|AC069335.1-201|processed_pseudogene	0	-	LOC642355	472
chr7	144888065	144888581	ENSG00000229977[1,1,1]	0	-	144888065	144888065	0	1	516,	0,	chr7	144888115	144888531	retro_human_4281|AC073264.1-201|processed_pseudogene	0	-	RPL26P22	416
chr7	145035391	145038099	ENSG00000271321[1,1,1]	0	-	145035680	145038011	0	1	2708,	0,	chr7	145035885	145038011	retro_human_10182	0	-	CTAGE6	2126
chr7	146190638	146191771	ENSG00000214035[1,1,1]	0	+	146190638	146190638	0	1	1133,	0,	chr7	146190688	146191721	retro_human_8669|AC073310.1-201|processed_pseudogene	0	+	LOC402715	1033
chr7	146220269	146221312	ENSG00000225918[1,1,1]	0	-	146220269	146220269	0	1	1043,	0,	chr7	146220319	146221262	retro_human_10183|RPL7P59-201|processed_pseudogene	0	-	RPL7P59	943
chr7	149819082	149819591	ENSG00000213209[1,1,1]	0	+	149819082	149819082	0	1	509,	0,	chr7	149819132	149819541	retro_human_9725|AC005229.1-201|processed_pseudogene	0	+	LOC643438	409
chr7	150475811	150479135	ENSG00000244560[3,7,4]	0	+	150476038	150476815	255	2	1145,312,	0,3012,	chr7	150476464	150477054	retro_human_9098	0	+	ZNF783,AC004890.2,LOC155060	590
chr7	150475811	150479135	ENSG00000244560[3,6,4]	0	+	150476038	150476675	0	3	374,644,312,	0,501,3012,	chr7	150476464	150477054	retro_human_9098	0	+	ZNF783,AC004890.2,LOC155060	590
chr7	151690875	151692256	ENSG00000213205[1,1,1]	0	-	151690875	151690875	0	1	1381,	0,	chr7	151690925	151692206	retro_human_4696|STRADBP1-201|processed_pseudogene	0	-	STRADBP1	1281
chr7	151922593	151923052	ENSG00000241134[1,1,1]	0	+	151922643	151922994	0	1	459,	0,	chr7	151922643	151923002	retro_human_8724|BET1P1-201|processed_pseudogene	0	+	GIMAP5,BET1P1	359
chr7	152674655	152676340	ENSG00000240132[1,1,1]	0	+	152674655	152674655	0	1	1685,	0,	chr7	152674705	152676290	retro_human_8711|ETF1P2-201|processed_pseudogene	0	+	ETF1P2	1585
chr7	153615387	153616122	ENSG00000241735[2,1,1]	0	+	153615387	153615387	0	1	735,	0,	chr7	153615437	153615845	retro_human_8706|FABP5P3-201|transcribed_processed_pseudogene	0	+	FABP5P3	408
chr7	153618322	153620096	ENSG00000020219[1,1,1]	0	+	153618322	153618322	0	1	1774,	0,	chr7	153618372	153620046	retro_human_8694|CCT8L1P-201|processed_pseudogene	0	+	CCT8L1P	1674
chr7	154317339	154317715	ENSG00000224104[1,1,1]	0	-	154317339	154317339	0	1	376,	0,	chr7	154317389	154317665	retro_human_10602|AC079809.1-201|processed_pseudogene	0	-	LOC124901802	276
chr7	157821018	157821551	ENSG00000234450[1,1,1]	0	+	157821018	157821018	0	1	533,	0,	chr7	157821068	157821501	retro_human_1117|AC005534.1-201|processed_pseudogene	0	+	RPL26P23	433
chr7	158380138	158380703	ENSG00000225224[1,1,1]	0	+	158380342	158380498	0	1	565,	0,	chr7	158380188	158380653	retro_human_2808|RPS27AP12-201|processed_pseudogene	0	+	RPS27AP12	465
chr7	158450811	158451119	ENSG00000224629[1,1,1]	0	-	158450811	158450811	0	1	308,	0,	chr7	158450861	158451069	retro_human_10594|AC004975.1-201|processed_pseudogene	0	-	RPL36AP30	208
chr7	159850369	159850731	ENSG00000224324[1,1,1]	0	-	159850369	159850369	0	1	362,	0,	chr7	159850419	159850681	retro_human_1962|THAP5P1-201|processed_pseudogene	0	-	THAP5P1	262
chr8	9912	29086	ENSG00000223508[2,4,1]	0	-	9912	9912	255	2	573,153,	0,19021,	chr8	4173	29142	CHM13_T0205169|transcribed_processed_pseudogene	0	-	MSTRG.5331,RPL23AP53	19174
chr8	9912	29086	ENSG00000223508[2,4,1]	0	-	9912	9912	255	2	573,153,	0,19021,	chr8	4173	29142	CHM13_T0205170|transcribed_processed_pseudogene	0	-	MSTRG.5331,RPL23AP53	19174
chr8	9912	29086	ENSG00000223508[2,4,1]	0	-	9912	9912	255	2	573,153,	0,19021,	chr8	4175	29142	CHM13_T0205171|transcribed_processed_pseudogene	0	-	MSTRG.5331,RPL23AP53	19174
chr8	9912	29086	ENSG00000223508[2,2,1]	0	-	9912	9912	0	3	573,128,153,	0,6153,19021,	chr8	4173	29142	CHM13_T0205169|transcribed_processed_pseudogene	0	-	MSTRG.5331,RPL23AP53	19174
chr8	9912	29086	ENSG00000223508[2,2,1]	0	-	9912	9912	0	3	573,128,153,	0,6153,19021,	chr8	4173	29142	CHM13_T0205170|transcribed_processed_pseudogene	0	-	MSTRG.5331,RPL23AP53	19174
chr8	9912	29086	ENSG00000223508[2,2,1]	0	-	9912	9912	0	3	573,128,153,	0,6153,19021,	chr8	4175	29142	CHM13_T0205171|transcribed_processed_pseudogene	0	-	MSTRG.5331,RPL23AP53	19174
chr8	9912	10532	ENSG00000223508[1,1,1]	0	-	9912	9912	0	1	620,	0,	chr8	10027	10482	retro_human_5381|RPL23AP53-201|transcribed_processed_pseudogene	0	-	BX322534.1,MSTRG.5331,RPL23AP53	455
chr8	4540090	4541443	ENSG00000254244[1,1,1]	0	+	4540090	4540090	0	1	1353,	0,	chr8	4540140	4541393	retro_human_1957|PAICSP4-201|processed_pseudogene	0	+	PAICSP4	1253
chr8	5602346	5603442	ENSG00000253571[1,1,1]	0	+	5602346	5602346	0	1	1096,	0,	chr8	5602396	5603392	retro_human_1959|AC087369.1-201|processed_pseudogene	0	+	LOC392180	996
chr8	6228285	6228829	ENSG00000253550[1,1,1]	0	-	6228285	6228285	0	1	544,	0,	chr8	6228335	6228779	retro_human_10470|AC016065.2-201|processed_pseudogene	0	-	LOC101928016	444
chr4	9549398	9550280	ENSG00000231930[1,1,1]	0	-	9550280	9550280	0	1	882,	0,	chr4	9549861	9550233	retro_human_2847|AC097493.1-201|processed_pseudogene	0	-	RPS24P11	372
chr8	6973841	6974162	ENSG00000284728[1,1,1]	0	-	6973841	6973841	0	1	321,	0,	chr8	6973890	6974225	retro_human_4978	0	-	AC084121.3	272
chr8	10780280	10782969	ENSG00000233609[1,2,2]	0	-	10782969	10782969	0	3	621,96,105,	0,1295,2584,	chr8	10782061	10782362	retro_human_10061|RPL10P19-201|transcribed_processed_pseudogene	0	-	RPL10P19	301
chr8	10780280	10782969	ENSG00000233609[1,2,2]	0	-	10782969	10782969	0	3	621,96,105,	0,1295,2584,	chr8	10780330	10782919	RPL10P19-202|transcribed_processed_pseudogene	0	-	RPL10P19,LOC124901866	2589
chr8	7949872	7950354	ENSG00000227203[1,1,1]	0	-	7950354	7950354	0	1	482,	0,	chr8	7949922	7950304	retro_human_4982|SUB1P1-201|processed_pseudogene	0	-	SUB1P1	382
chr8	12892477	12925834	ENSG00000283674[5,7,6]	0	-	12892477	12892477	0	2	229,572,	0,32785,	chr8	12919883	12926132	retro_human_9656	0	-	LOC729732	5951
chr8	16072398	16073632	ENSG00000250483[1,1,1]	0	-	16072398	16072398	0	1	1234,	0,	chr8	16072448	16073582	retro_human_9659|PPM1AP1-201|processed_pseudogene	0	-	TUSC3,PPM1AP1	1134
chr8	18352270	18363422	ENSG00000245281[2,2,6]	0	+	18352270	18352270	0	3	668,54,143,	0,2065,11009,	chr8	18356022	18357141	retro_human_4168|AC124242.2-201|processed_pseudogene	0	-	ABRAXAS1P2	1119
chr8	18355972	18357191	ENSG00000253384[1,1,1]	0	-	18355972	18355972	0	1	1219,	0,	chr8	18356022	18357141	retro_human_4168|AC124242.2-201|processed_pseudogene	0	-	ABRAXAS1P2	1119
chr8	18654575	18655345	ENSG00000271654[1,1,1]	0	-	18654575	18654575	0	1	770,	0,	chr8	18654625	18655295	AC025062.2-201|processed_pseudogene	0	-	AC025062.3	670
chr8	18654735	18655891	ENSG00000285624[2,2,1]	0	+	18654735	18654735	0	2	139,309,	0,847,	chr8	18654625	18655295	AC025062.2-201|processed_pseudogene	0	-	AC025062.3	560
chr8	23481752	23482304	ENSG00000243265[1,1,1]	0	+	23481752	23481752	0	1	552,	0,	chr8	23481802	23482254	retro_human_1353|RPL23AP55-201|processed_pseudogene	0	+	RPL23AP55	452
chr8	23909810	23910539	ENSG00000253488[1,1,1]	0	-	23909810	23909810	0	1	729,	0,	chr8	23909860	23910489	SINHCAFP3-201|processed_pseudogene	0	-	SINHCAFP3	629
chr8	25226392	25232260	ENSG00000277586[1,3,1]	0	-	25228300	25232004	0	5	2048,320,125,171,850,	0,2571,3276,4568,5018,	chr8	25229644	25231800	retro_human_1208	0	-	NEFL	2156
chr8	25226392	25232260	ENSG00000277586[1,1,1]	0	-	25228300	25232004	0	4	2048,320,125,1300,	0,2571,3276,4568,	chr8	25229644	25231800	retro_human_1208	0	-	NEFL	2156
chr8	25226392	25232649	ENSG00000277586[2,1,1]	0	-	25228300	25232004	0	4	2048,320,125,1689,	0,2571,3276,4568,	chr8	25229644	25231800	retro_human_1208	0	-	NEFL	2156
chr8	25227817	25232260	ENSG00000277586[1,7,3]	0	-	25228907	25232004	255	3	1466,125,1300,	0,1851,3143,	chr8	25229644	25231800	retro_human_1208	0	-	NEFL	2156
chr8	25227817	25232260	ENSG00000277586[1,5,3]	0	-	25230855	25232004	255	3	623,320,2592,	0,1146,1851,	chr8	25229644	25231800	retro_human_1208	0	-	NEFL	2156
chr8	25227817	25232260	ENSG00000277586[1,3,3]	0	-	25228300	25232004	0	5	623,320,125,171,850,	0,1146,1851,3143,3593,	chr8	25229644	25231800	retro_human_1208	0	-	NEFL	2156
chr8	25227817	25232260	ENSG00000277586[1,1,3]	0	-	25228300	25232004	0	4	623,320,125,1300,	0,1146,1851,3143,	chr8	25229644	25231800	retro_human_1208	0	-	NEFL	2156
chr8	25230663	25232260	ENSG00000277586[1,2,2]	0	-	25230855	25232004	0	1	1597,	0,	chr8	25229644	25231800	retro_human_1208	0	-	NEFL	1137
chr8	25551811	25552443	ENSG00000284858[1,1,1]	0	-	25551811	25551811	0	1	632,	0,	chr8	25551861	25552393	retro_human_1207|AC091185.2-201|processed_pseudogene	0	-	LOC124901864	532
chr8	26655092	26659563	ENSG00000228451[2,3,3]	0	-	26655092	26655092	0	2	3334,616,	0,3855,	chr8	26652471	26659501	retro_human_1205|SDAD1P1-203|transcribed_processed_pseudogene	0	-	SDAD1P1	4409
chr8	26655092	26659563	ENSG00000228451[2,3,3]	0	-	26655092	26655092	0	2	3334,616,	0,3855,	chr8	26655818	26659513	SDAD1P1-201|transcribed_processed_pseudogene	0	-	SDAD1P1	3695
chr8	26655092	26659563	ENSG00000228451[2,3,3]	0	-	26655092	26655092	0	2	3334,616,	0,3855,	chr8	26655951	26658079	SDAD1P1-202|transcribed_processed_pseudogene	0	-	SDAD1P1	2128
chr8	26655768	26659563	ENSG00000228451[2,3,2]	0	-	26655768	26655768	0	2	2658,616,	0,3179,	chr8	26652471	26659501	retro_human_1205|SDAD1P1-203|transcribed_processed_pseudogene	0	-	SDAD1P1	3733
chr8	26655768	26659563	ENSG00000228451[2,3,2]	0	-	26655768	26655768	0	2	2658,616,	0,3179,	chr8	26655818	26659513	SDAD1P1-201|transcribed_processed_pseudogene	0	-	SDAD1P1	3695
chr8	26655768	26659563	ENSG00000228451[2,3,2]	0	-	26655768	26655768	0	2	2658,616,	0,3179,	chr8	26655951	26658079	SDAD1P1-202|transcribed_processed_pseudogene	0	-	SDAD1P1	2128
chr8	28577799	28578783	ENSG00000239198[1,1,1]	0	+	28577799	28577799	0	1	984,	0,	chr8	28577849	28578733	retro_human_6799|RPL5P22-201|processed_pseudogene	0	+	RPL5P22	884
chr8	33707408	33707941	ENSG00000254061[1,1,1]	0	-	33707458	33707677	0	1	533,	0,	chr8	33707458	33707891	AC091144.2-201|processed_pseudogene	0	-	LOC100507379	433
chr8	35149441	35150016	ENSG00000243181[1,1,1]	0	+	35149441	35149441	0	1	575,	0,	chr8	35149491	35149966	retro_human_198|AC087343.1-201|processed_pseudogene	0	+	RPL21P80	475
chr8	35801239	35801927	ENSG00000232024[1,1,1]	0	-	35801239	35801239	0	1	688,	0,	chr8	35801289	35801877	retro_human_2165|LSM12P1-201|processed_pseudogene	0	-	LSM12P1	588
chr8	38023684	38024451	ENSG00000233170[1,1,1]	0	-	38023684	38023684	0	1	767,	0,	chr8	38023734	38024401	retro_human_7606|AC138356.2-201|processed_pseudogene	0	-	LOC728024	667
chr8	38711266	38712684	ENSG00000239218[2,1,1]	0	-	38711341	38711548	0	1	1418,	0,	chr8	38711316	38712634	retro_human_7601|RPS20P22-202|transcribed_processed_pseudogene	0	-	RPS20P22	1318
chr8	38711266	38712684	ENSG00000239218[2,1,1]	0	-	38711341	38711548	0	1	1418,	0,	chr8	38711356	38711713	RPS20P22-201|transcribed_processed_pseudogene	0	-	RPS20P22	357
chr8	38711266	38711763	ENSG00000239218[1,1,1]	0	-	38711341	38711548	0	1	497,	0,	chr8	38711316	38712634	retro_human_7601|RPS20P22-202|transcribed_processed_pseudogene	0	-	RPS20P22	447
chr8	38711266	38711763	ENSG00000239218[1,1,1]	0	-	38711341	38711548	0	1	497,	0,	chr8	38711356	38711713	RPS20P22-201|transcribed_processed_pseudogene	0	-	RPS20P22	357
chr8	38877643	38878286	ENSG00000253570[1,1,1]	0	-	38877643	38877643	0	1	643,	0,	chr8	38877693	38878236	retro_human_7602|RNF5P1-201|processed_pseudogene	0	-	RNF5P1	543
chr8	41784880	41786262	ENSG00000253943[1,1,1]	0	+	41784880	41784880	0	1	1382,	0,	chr8	41784930	41786212	retro_human_5561|KRT18P37-201|processed_pseudogene	0	+	AC009630.1	1282
chr8	42611792	42612760	ENSG00000240395[1,1,1]	0	-	42611792	42611792	0	1	968,	0,	chr8	42611842	42612710	retro_human_2528|RPL5P23-201|processed_pseudogene	0	-	RPL5P23	868
chr8	43394877	43395380	ENSG00000254198[1,1,1]	0	-	43394877	43394877	0	1	503,	0,	chr8	43394927	43395330	retro_human_4500|AC113191.1-201|processed_pseudogene	0	-	POMK,MSTRG.5412	403
chr8	47565014	47565370	ENSG00000254348[1,1,1]	0	+	47565014	47565014	0	1	356,	0,	chr8	47565064	47565320	AC120036.3-201|processed_pseudogene	0	+	LOC124900251,LOC100287846	256
chr8	47573741	47574133	ENSG00000253817[1,1,1]	0	-	47573741	47573741	0	1	392,	0,	chr8	47573791	47574083	AC120036.2-201|processed_pseudogene	0	-	IGLV8OR8-1	292
chr8	47886719	47887927	ENSG00000253330[1,1,1]	0	-	47886719	47886719	0	1	1208,	0,	chr8	47886769	47887877	retro_human_8000|AC024451.2-201|processed_pseudogene	0	-	LOC100420054	1108
chr8	48112579	48114182	ENSG00000221869[3,1,1]	0	-	48113030	48113837	0	1	1603,	0,	chr8	48113073	48113801	retro_human_7999	0	-	CEBPD	728
chr8	48112579	48113931	ENSG00000221869[1,1,1]	0	-	48113030	48113837	0	1	1352,	0,	chr8	48113073	48113801	retro_human_7999	0	-	CEBPD	728
chr8	48112579	48114853	ENSG00000221869[2,1,1]	0	-	48113030	48113837	0	1	2274,	0,	chr8	48113073	48113801	retro_human_7999	0	-	CEBPD	728
chr8	48762380	48762940	ENSG00000224594[1,1,1]	0	+	48762380	48762380	0	1	560,	0,	chr8	48762430	48762890	retro_human_573|RPL29P19-201|processed_pseudogene	0	+	RPL29P19	460
chr8	49295687	49299360	ENSG00000019549[1,2,2]	0	-	49297679	49299135	0	2	2624,304,	0,3369,	chr8	49297695	49298069	retro_human_8002	0	-	SNAI2	374
chr8	51233055	51233688	ENSG00000253340[1,1,1]	0	+	51233055	51233055	0	1	633,	0,	chr8	51233105	51233638	retro_human_575|AC087272.1-201|processed_pseudogene	0	+	LOC100128686	533
chr8	53602158	53628173	ENSG00000082556[1,1,1]	0	-	53605784	53627522	0	4	4156,353,305,241,	0,9084,25107,25774,	chr8	53605902	53611588	retro_human_2922	0	-	LOC105375836	5686
chr8	53605637	53627947	ENSG00000082556[2,2,2]	0	-	53605784	53627522	0	3	677,353,682,	0,5605,21628,	chr8	53605902	53611588	retro_human_2922	0	-	LOC105375836	5686
chr8	53770619	53771300	ENSG00000274295[1,1,1]	0	+	53770619	53770619	0	1	681,	0,	chr8	53770669	53771250	retro_human_570|AC131902.2-201|processed_pseudogene	0	+	AC022034.3,LOC100421824	581
chr8	54264350	54264687	ENSG00000244159[1,1,1]	0	-	54264350	54264350	0	1	337,	0,	chr8	54264400	54264637	retro_human_2928|RPS27AP13-201|processed_pseudogene	0	-	RPS27AP13	237
chr8	56427118	56428388	ENSG00000236814[1,1,1]	0	-	56427118	56427118	0	1	1270,	0,	chr8	56427168	56428338	retro_human_2929|AC046176.1-201|processed_pseudogene	0	-	PSMC6P1	1170
chr8	56854012	56855274	ENSG00000253541[1,1,1]	0	-	56854012	56854012	0	1	1262,	0,	chr8	56854062	56855224	retro_human_8365|SEPTIN10P1-201|processed_pseudogene	0	-	SEPTIN10P1	1162
chr8	58534655	58535189	ENSG00000242595[1,1,1]	0	-	58534655	58534655	0	1	534,	0,	chr8	58534705	58535139	retro_human_8366|RPL26P26-201|processed_pseudogene	0	-	RPL26P26	434
chr8	58837998	58856275	ENSG00000215114[2,5,3]	0	+	58851750	58855553	0	5	74,151,84,110,299,	0,13639,16280,17515,17978,	chr8	58845705	58847804	retro_human_8367|AC009927.1-201|processed_pseudogene	0	-	AC009927.1,PTPN11P2	2099
chr8	59007456	59010864	ENSG00000035681[3,4,3]	0	-	59007598	59010690	0	3	310,84,255,	0,1319,3153,	chr8	59009577	59009922	retro_human_8693|AC068522.1-201|processed_pseudogene	0	-	RPS26P7	345
chr8	59009527	59009972	ENSG00000242970[1,1,1]	0	-	59009577	59009922	0	1	445,	0,	chr8	59009577	59009922	retro_human_8693|AC068522.1-201|processed_pseudogene	0	-	RPS26P7	345
chr8	61361419	61363687	ENSG00000255397[1,1,1]	0	-	61361419	61361419	0	1	2268,	0,	chr8	61361469	61363637	retro_human_8370|AC022182.3-201|processed_pseudogene	0	-	NASPP1	2168
chr8	61626032	61627006	ENSG00000213881[1,1,1]	0	+	61626032	61626032	0	1	974,	0,	chr8	61626082	61626956	retro_human_2493|NPM1P6-201|processed_pseudogene	0	+	NPM1P6	874
chr8	62001912	62003461	ENSG00000254285[1,1,1]	0	+	62001912	62001912	0	1	1549,	0,	chr8	62001962	62003411	retro_human_2492|KRT8P3-201|processed_pseudogene	0	+	KRT8P3	1449
chr8	62567307	62568866	ENSG00000237810[1,1,1]	0	-	62567307	62567307	0	1	1559,	0,	chr8	62567357	62568816	retro_human_8372|AC104852.1-201|processed_pseudogene	0	-	LOC392226	1459
chr8	63287468	63288668	ENSG00000253431[1,1,1]	0	-	63287468	63287468	0	1	1200,	0,	chr8	63287518	63288618	retro_human_3291|SRPK2P-201|processed_pseudogene	0	-	NKAIN3,LOC112268019	1100
chr8	67193118	67193824	ENSG00000213005[1,1,1]	0	-	67193118	67193118	0	1	706,	0,	chr8	67193168	67193774	retro_human_3298|PTTG3P-201|processed_pseudogene	0	-	PTTG3P	606
chr8	68720095	68720568	ENSG00000253964[1,1,1]	0	-	68720095	68720095	0	1	473,	0,	chr8	68720145	68720518	retro_human_3290|RPL31P40-201|processed_pseudogene	0	-	RPL31P40	373
chr8	69558117	69558957	ENSG00000254332[1,1,1]	0	+	69558117	69558117	0	1	840,	0,	chr8	69558159	69558907	retro_human_3055|AF201337.1-201|processed_pseudogene	0	+	TPM4P3	748
chr8	70703240	70703809	ENSG00000213003[1,1,1]	0	+	70703240	70703240	0	1	569,	0,	chr8	70703290	70703759	retro_human_9603|BTF3P12-201|processed_pseudogene	0	+	BTF3P12	469
chr8	74080965	74081379	ENSG00000254105[1,1,1]	0	+	74080965	74080965	0	1	414,	0,	chr8	74081015	74081329	retro_human_9607|VENTXP6-201|processed_pseudogene	0	+	VENTXP6	314
chr8	74411336	74411779	ENSG00000244295[1,1,1]	0	+	74411547	74411733	0	1	443,	0,	chr8	74411386	74411729	retro_human_9610|RPS20P21-201|processed_pseudogene	0	+	TMEM70,RPS20P21	343
chr8	74411562	74412088	ENSG00000244295[2,1,2]	0	+	74411874	74412036	0	1	526,	0,	chr8	74411386	74411729	retro_human_9610|RPS20P21-201|processed_pseudogene	0	+	TMEM70,RPS20P21	167
chr8	74413705	74414196	ENSG00000253833[1,1,1]	0	+	74413705	74413705	0	1	491,	0,	chr8	74413755	74414146	retro_human_4138|AC022868.1-201|processed_pseudogene	0	+	DSTNP3	391
chr8	75032646	75033747	ENSG00000253341[1,1,1]	0	-	75032646	75032646	0	1	1101,	0,	chr8	75032696	75033697	retro_human_626|AC115837.1-201|processed_pseudogene	0	-	PCBP2P2	1001
chr8	79191574	79193964	ENSG00000253919[1,1,1]	0	-	79191845	79193714	0	1	2390,	0,	chr8	79191624	79193914	retro_human_622|THAP12P7-201|processed_pseudogene	0	-	THAP12P7	2290
chr8	80990408	80991396	ENSG00000188856[1,1,1]	0	+	80990408	80990408	0	1	988,	0,	chr8	80990458	80991346	retro_human_4135|RPSAP47-201|processed_pseudogene	0	+	RPSAP47	888
chr8	80999605	81000162	ENSG00000253760[1,1,1]	0	-	80999605	80999605	0	1	557,	0,	chr8	80999655	81000112	retro_human_6006|AC009812.2-201|processed_pseudogene	0	-	OCIAD2P1	457
chr8	81076466	81076801	ENSG00000254331[1,1,1]	0	-	81076513	81076750	0	1	335,	0,	chr8	81076516	81076751	retro_human_6007|CKS1BP7-201|processed_pseudogene	0	-	CKS1BP7	235
chr8	81243669	81244209	ENSG00000253516[1,1,1]	0	-	81243707	81243812	0	1	540,	0,	chr8	81243719	81244159	retro_human_6008|HMGB1P41-201|processed_pseudogene	0	-	HMGB1P41	440
chr8	82239402	82240457	ENSG00000231942[1,1,1]	0	+	82239402	82239402	0	1	1055,	0,	chr8	82239452	82240407	retro_human_9209|HNRNPA1P36-201|processed_pseudogene	0	+	HNRNPA1P36	955
chr8	86095150	86101848	ENSG00000205176[1,1,1]	0	-	86095150	86095150	0	1	6698,	0,	chr8	86100282	86102256	REXO1L1P-202|transcribed_processed_pseudogene	0	-	REXO1L3P	1566
chr8	86095150	86101848	ENSG00000205176[1,1,1]	0	-	86095150	86095150	0	1	6698,	0,	chr8	86095200	86101798	REXO1L1P-201|transcribed_processed_pseudogene	0	-	REXO1L3P	6598
chr8	88698871	88699882	ENSG00000253401[1,1,1]	0	-	88698871	88698871	0	1	1011,	0,	chr8	88698921	88699832	VTA1P2-201|processed_pseudogene	0	-	VTA1P2	911
chr8	88994060	88997424	ENSG00000176566[1,1,1]	0	-	88996145	88997330	0	1	3364,	0,	chr8	88996148	88997400	retro_human_275	0	-	DCAF4L2	1252
chr8	88995274	88997424	ENSG00000176566[1,1,2]	0	-	88996145	88997330	0	1	2150,	0,	chr8	88996148	88997400	retro_human_275	0	-	DCAF4L2	1252
chr8	92282171	92283735	ENSG00000253525[1,1,1]	0	+	92282474	92283458	0	1	1564,	0,	chr8	92282221	92283685	retro_human_3733|AC104966.1-201|processed_pseudogene	0	+	CPP	1464
chr8	93269141	93269589	ENSG00000233778[1,1,1]	0	-	93269141	93269141	0	1	448,	0,	chr8	93269191	93269539	retro_human_6051|AC104339.1-201|processed_pseudogene	0	-	RPS26P10	348
chr8	95082369	95082823	ENSG00000240509[1,1,1]	0	-	95082369	95082369	0	1	454,	0,	chr8	95082419	95082773	retro_human_6048|RPL34P18-201|processed_pseudogene	0	-	RPL34P18	354
chr8	98990501	98991033	ENSG00000243504[1,1,1]	0	+	98990501	98990501	0	1	532,	0,	chr8	98990551	98990983	retro_human_10448|RPS23P1-201|processed_pseudogene	0	+	RPS23P1	432
chr8	99552365	99558361	ENSG00000156486[1,1,1]	0	+	99553437	99554868	0	2	422,4966,	0,1030,	chr8	99553483	99554844	retro_human_4949	0	+	KCNS2	1361
chr8	99552686	99555612	ENSG00000156486[3,1,4]	0	+	99553437	99554868	0	2	101,2217,	0,709,	chr8	99553483	99554844	retro_human_4949	0	+	KCNS2	1361
chr8	99552686	99555282	ENSG00000156486[3,1,3]	0	+	99553437	99554868	0	2	101,1887,	0,709,	chr8	99553483	99554844	retro_human_4949	0	+	KCNS2	1361
chr8	99907147	99907821	ENSG00000240870[1,1,1]	0	+	99907147	99907147	0	1	674,	0,	chr8	99907197	99907771	retro_human_4950|RPL19P14-201|processed_pseudogene	0	+	RPL19P14	574
chr8	100029265	100030434	ENSG00000253415[1,1,1]	0	-	100029649	100029952	0	1	1169,	0,	chr8	100029315	100030384	AC016877.2-201|processed_pseudogene	0	-	LOC643494	1069
chr8	101289956	101290309	ENSG00000253299[1,1,1]	0	-	101289956	101289956	0	1	353,	0,	chr8	101290006	101290259	retro_human_6427|AC025647.1-201|processed_pseudogene	0	-	UFM1P3	253
chr8	101676522	101685864	ENSG00000186106[1,7,5]	0	-	101676563	101676884	0	2	1095,797,	0,8545,	chr8	101676771	101677761	retro_human_6428|GAPDHP62-201|processed_pseudogene	0	-	ANKRD46,GAPDHP62	990
chr8	101676522	101682934	ENSG00000186106[3,6,5]	0	-	101676563	101676884	0	2	1095,335,	0,6077,	chr8	101676771	101677761	retro_human_6428|GAPDHP62-201|processed_pseudogene	0	-	ANKRD46,GAPDHP62	990
chr8	101676721	101677811	ENSG00000251013[1,1,1]	0	-	101677456	101677606	0	1	1090,	0,	chr8	101676771	101677761	retro_human_6428|GAPDHP62-201|processed_pseudogene	0	-	ANKRD46,GAPDHP62	990
chr8	102021433	102021881	ENSG00000212994[1,1,1]	0	+	102021433	102021433	0	1	448,	0,	chr8	102021483	102021831	retro_human_4954|RPS26P6-201|processed_pseudogene	0	+	RPS26P6	348
chr8	102494576	102495317	ENSG00000228224[2,1,1]	0	+	102494576	102494576	0	1	741,	0,	chr8	102494626	102495267	NACA4P-202|transcribed_processed_pseudogene	0	+	NACA4P	641
chr8	102997638	102998458	ENSG00000282989[1,1,1]	0	-	102997691	102998408	0	1	820,	0,	chr8	102997688	102998408	retro_human_1030|PDCL3P2-201|processed_pseudogene	0	-	PDCL3P2	720
chr8	103776977	103779830	ENSG00000155090[5,3,1]	0	-	103778378	103779768	255	2	1658,438,	0,2415,	chr8	103778448	103779666	retro_human_1027	0	-	MSTRG.5489,KLF10	1218
chr8	103776977	103779562	ENSG00000155090[4,3,1]	0	-	103778378	103778522	255	2	1658,170,	0,2415,	chr8	103778448	103779666	retro_human_1027	0	-	MSTRG.5489,KLF10	1114
chr8	103776977	103782670	ENSG00000155090[2,2,1]	0	-	103778378	103781717	0	4	1658,913,234,956,	0,2415,3430,4737,	chr8	103778448	103779666	retro_human_1027	0	-	MSTRG.5489,KLF10	1218
chr8	103776977	103784020	ENSG00000155090[1,1,1]	0	-	103778378	103783846	0	4	1658,913,234,210,	0,2415,3430,6833,	chr8	103778448	103779666	retro_human_1027	0	-	MSTRG.5489,KLF10	1218
chr8	103776977	103784197	ENSG00000155090[3,1,1]	0	-	103778378	103783846	0	4	1658,913,234,387,	0,2415,3430,6833,	chr8	103778448	103779666	retro_human_1027	0	-	MSTRG.5489,KLF10	1218
chr8	104051568	104052553	ENSG00000244052[1,1,1]	0	-	104051568	104051568	0	1	985,	0,	chr8	104051618	104052503	retro_human_1034|RPL5P24-201|processed_pseudogene	0	-	RPL5P24	885
chr8	104686643	104687034	ENSG00000255105[1,1,1]	0	-	104686643	104686643	0	1	391,	0,	chr8	104686693	104686984	PTMAP15-201|processed_pseudogene	0	-	PTMAP15	291
chr8	105616678	105623692	ENSG00000147650[4,3,1]	0	-	105618173	105618968	0	2	2359,1116,	0,5898,	chr8	105622574	105625238	retro_human_1032	0	-	LRP12	1118
chr8	105618865	105625155	ENSG00000147650[5,4,2]	0	-	105624592	105624937	0	3	172,133,684,	0,3711,5606,	chr8	105622574	105625238	retro_human_1032	0	-	LRP12	2581
chr8	105693480	105693924	ENSG00000253454[1,1,1]	0	+	105693480	105693480	0	1	444,	0,	chr8	105693530	105693874	retro_human_10022|NDUFA5P2-201|processed_pseudogene	0	+	NDUFA5P2	344
chr8	107825496	107826183	ENSG00000253676[1,1,1]	0	-	107825496	107825496	0	1	687,	0,	chr8	107825546	107826133	retro_human_6863|TAGLN2P1-201|processed_pseudogene	0	-	TAGLN2P1	587
chr8	109780801	109781844	ENSG00000253580[1,1,1]	0	+	109780801	109780801	0	1	1043,	0,	chr8	109780851	109781794	retro_human_4554|TRMT10BP1-201|processed_pseudogene	0	+	LOC124902049	943
chr8	120981562	120984794	ENSG00000136982[1,2,2]	0	-	120981883	120984644	0	2	508,332,	0,2900,	chr8	120982339	120982674	retro_human_4550	0	+	LOC105375728	335
chr8	122510308	122510737	ENSG00000239872[1,1,1]	0	-	122510308	122510308	0	1	429,	0,	chr8	122510358	122510687	retro_human_1419|RPL35AP19-201|processed_pseudogene	0	-	RPL35AP19	329
chr8	124483216	124483779	ENSG00000254388[1,1,1]	0	+	124483216	124483216	0	1	563,	0,	chr8	124483266	124483729	retro_human_13|DUTP2-201|processed_pseudogene	0	+	DUTP2	463
chr8	124531639	124533253	ENSG00000254294[1,1,1]	0	+	124531639	124531639	0	1	1614,	0,	chr8	124531689	124533203	retro_human_17|IMPDH1P6-201|processed_pseudogene	0	+	ATAD2,IMPDH1P6	1514
chr8	124775501	124784969	ENSG00000175946[1,3,1]	0	-	124776859	124784044	255	4	1645,106,1835,266,	0,2525,7193,9202,	chr8	124776890	124784044	retro_human_7270	0	-	KLHL38	7154
chr8	124775501	124784969	ENSG00000175946[1,1,1]	0	-	124776859	124784044	255	4	1645,106,1351,266,	0,2525,7193,9202,	chr8	124776890	124784044	retro_human_7270	0	-	KLHL38	7154
chr8	124776594	124784118	ENSG00000175946[2,2,2]	0	-	124776859	124784044	0	3	552,106,1424,	0,1432,6100,	chr8	124776890	124784044	retro_human_7270	0	-	KLHL38	7154
chr8	128213599	128214944	ENSG00000224722[1,1,1]	0	-	128213599	128213599	0	1	1345,	0,	chr8	128213649	128214894	AC020688.1-201|processed_pseudogene	0	-	PRNCR1	1245
chr8	128865666	128868462	ENSG00000136997[6,12,8]	0	+	128865716	128867865	255	2	807,611,	0,2185,	chr8	128868155	128868454	retro_human_5749	0	+	MYC	299
chr8	128865666	128868462	ENSG00000136997[6,11,8]	0	+	128865716	128868409	255	2	807,613,	0,2183,	chr8	128868155	128868454	retro_human_5749	0	+	MYC	299
chr8	134531819	134533021	ENSG00000225259[1,1,1]	0	+	134531819	134531819	0	1	1202,	0,	chr8	134531869	134532971	retro_human_10883|ST13P6-201|processed_pseudogene	0	+	ST13P6	1102
chr8	136743054	136743951	ENSG00000253915[1,1,1]	0	-	136743054	136743054	0	1	897,	0,	chr8	136743104	136743901	retro_human_7264|MAPRE1P1-201|processed_pseudogene	0	-	MAPRE1P1	797
chr8	146169979	146170734	ENSG00000254618[1,1,1]	0	+	146169979	146169979	0	1	755,	0,	chr8	146170029	146170684	retro_human_5380|TMED10P1-201|processed_pseudogene	0	+	ZNF252P,TMED10P1	655
chr8	146177905	146181241	ENSG00000255559[1,1,1]	0	+	146177905	146177905	0	1	3336,	0,	chr8	146180705	146181051	retro_human_8251|AF235103.2-201|processed_pseudogene	0	-	ZNF252P-AS1	346
chr8	146225832	146226962	ENSG00000255000[1,1,1]	0	+	146225832	146225832	0	1	1130,	0,	chr8	146225882	146226912	AC139103.1-201|processed_pseudogene	0	+	LOC100419763	1030
chr9	8225	18858	ENSG00000181404[4,6,1]	0	-	10659	11222	255	10	516,69,153,159,198,136,137,147,99,207,	0,656,1484,2293,2544,2919,3294,3603,3956,10426,	chr9	17356	18688	WASH5P-210|transcribed_processed_pseudogene	0	-	WASH5P	1332
chr9	8225	18858	ENSG00000181404[4,6,1]	0	-	10659	11222	255	10	516,69,153,159,198,136,137,147,99,207,	0,656,1484,2293,2544,2919,3294,3603,3956,10426,	chr9	14418	18830	WASH5P-208|transcribed_processed_pseudogene	0	-	WASH5P	4412
chr9	8225	18858	ENSG00000181404[4,6,1]	0	-	10659	11222	255	10	516,69,153,159,198,136,137,147,99,207,	0,656,1484,2293,2544,2919,3294,3603,3956,10426,	chr9	16126	23260	WASH5P-207|transcribed_processed_pseudogene	0	-	AC008993.2	2732
chr9	21407	25077	ENSG00000227518[1,1,1]	0	+	21407	21407	0	2	3176,184,	0,3486,	chr9	18127	23254	WASH5P-203|transcribed_processed_pseudogene	0	-	WASH5P,AC008993.2	1847
chr9	21407	25077	ENSG00000227518[1,1,1]	0	+	21407	21407	0	2	3176,184,	0,3486,	chr9	18127	23272	WASH5P-201|transcribed_processed_pseudogene	0	-	WASH5P,AC008993.2	1865
chr9	21407	25077	ENSG00000227518[1,1,1]	0	+	21407	21407	0	2	3176,184,	0,3486,	chr9	22959	23370	WASH5P-204|transcribed_processed_pseudogene	0	-	WASH5P	411
chr9	21407	25077	ENSG00000227518[1,1,1]	0	+	21407	21407	0	2	3176,184,	0,3486,	chr9	16126	23260	WASH5P-207|transcribed_processed_pseudogene	0	-	AC008993.2	1853
chr9	5115925	5117960	ENSG00000236567[1,1,1]	0	+	5117562	5117907	0	1	2035,	0,	chr9	5115975	5117910	retro_human_2382|TCF3P1-201|processed_pseudogene	0	+	TCF3P1	1935
chr9	6680143	6680575	ENSG00000232946[1,1,1]	0	+	6680143	6680143	0	1	432,	0,	chr9	6680193	6680525	retro_human_7842|AL354707.2-201|processed_pseudogene	0	+	RPL35AP20	332
chr9	7473529	7474905	ENSG00000230207[1,1,1]	0	-	7473529	7473529	0	1	1376,	0,	chr9	7473579	7474855	retro_human_10628|RPL4P5-201|processed_pseudogene	0	-	RPL4P5	1276
chr9	9102296	9102744	ENSG00000212829[1,1,1]	0	+	9102296	9102296	0	1	448,	0,	chr9	9102346	9102694	retro_human_7837|RPS26P3-201|processed_pseudogene	0	+	RPS26P3	348
chr9	13995582	13997417	ENSG00000229268[1,1,1]	0	+	13995582	13995582	0	1	1835,	0,	chr9	13995632	13997367	retro_human_2013|PES1P2-201|processed_pseudogene	0	+	PES1P2	1735
chr9	14931065	14932163	ENSG00000214110[1,1,1]	0	-	14931065	14931065	0	1	1098,	0,	chr9	14931115	14932113	retro_human_10629|LDHAP4-201|transcribed_processed_pseudogene	0	-	CLCN3P1,LDHAP4	998
chr9	15064816	15065912	ENSG00000234297[1,1,1]	0	+	15064816	15064816	0	1	1096,	0,	chr9	15064866	15065862	retro_human_2008|AL592293.2-201|processed_pseudogene	0	+	PSIP1P1	996
chr9	16787365	16787738	ENSG00000233551[1,1,1]	0	-	16787365	16787365	0	1	373,	0,	chr9	16787415	16787688	retro_human_5151|LSM1P1-201|processed_pseudogene	0	-	LSM1P1	273
chr9	19062241	19063940	ENSG00000155876[1,1,1]	0	+	19062524	19063463	0	1	1699,	0,	chr9	19062522	19063463	retro_human_2017	0	+	RRAGA	941
chr9	19213085	19213897	ENSG00000232176[1,1,1]	0	-	19213085	19213085	0	1	812,	0,	chr9	19213135	19213847	retro_human_5144|AL161909.1-201|processed_pseudogene	0	-	RPS6	712
chr9	21338193	21349624	ENSG00000198642[1,2,2]	0	-	21347178	21349029	255	2	296,2549,	0,8882,	chr9	21347191	21349092	retro_human_11044	0	-	KLHL9	1901
chr9	21343782	21349624	ENSG00000198642[1,1,1]	0	-	21347178	21349029	0	1	5842,	0,	chr9	21347191	21349092	retro_human_11044	0	-	KLHL9	1901
chr9	21345137	21349624	ENSG00000198642[1,1,3]	0	-	21347178	21349029	0	1	4487,	0,	chr9	21347191	21349092	retro_human_11044	0	-	KLHL9	1901
chr9	21345664	21349624	ENSG00000198642[1,1,4]	0	-	21347178	21349029	0	1	3960,	0,	chr9	21347191	21349092	retro_human_11044	0	-	KLHL9	1901
chr9	21346138	21349624	ENSG00000198642[1,1,5]	0	-	21347178	21349029	0	1	3486,	0,	chr9	21347191	21349092	retro_human_11044	0	-	KLHL9	1901
chr9	21709327	21711196	ENSG00000229835[1,1,1]	0	+	21709327	21709327	0	1	1869,	0,	chr9	21709377	21711145	retro_human_9020|KHSRPP1-201|processed_pseudogene	0	+	KHSRPP1	1768
chr9	21825800	21826627	ENSG00000229298[1,1,1]	0	-	21825800	21825800	0	1	827,	0,	chr9	21825850	21826577	retro_human_11043|TUBB8P1-201|processed_pseudogene	0	-	TUBB8P1	727
chr9	21944641	21947091	ENSG00000099810[7,4,9]	0	+	21945309	21945498	0	1	2450,	0,	chr9	21943758	21945375	ERVFRD-3-201|transcribed_processed_pseudogene	0	+	MTAP	734
chr9	30574134	30574836	ENSG00000232060[1,1,1]	0	-	30574134	30574134	0	1	702,	0,	chr9	30574184	30574786	SLC4A1APP1-201|processed_pseudogene	0	-	SLC4A1APP1	602
chr9	30704378	30705646	ENSG00000215210[1,1,1]	0	+	30704378	30704378	0	1	1268,	0,	chr9	30704428	30705596	retro_human_3148|RBMXP2-201|processed_pseudogene	0	+	RBMXP2	1168
chr9	30847432	30847880	ENSG00000233278[1,1,1]	0	-	30847432	30847432	0	1	448,	0,	chr9	30847482	30847830	retro_human_3916|RPS26P2-201|processed_pseudogene	0	-	RPS26P2	348
chr9	32962525	32963852	ENSG00000237437[1,1,1]	0	+	32962525	32962525	0	1	1327,	0,	chr9	32962575	32963802	retro_human_3141|ASS1P12-201|processed_pseudogene	0	+	APTX,ASS1P12	1227
chr9	33036190	33036774	ENSG00000225693[1,1,1]	0	-	33036363	33036759	0	1	584,	0,	chr9	33036240	33036724	retro_human_9837|LAGE3P1-201|processed_pseudogene	0	-	APTX,LAGE3P1	484
chr9	33594853	33595588	ENSG00000234373[1,1,1]	0	+	33594853	33594853	0	1	735,	0,	chr9	33594903	33595538	SNX18P7-201|processed_pseudogene	0	+	SNX18P7	635
chr9	33642730	33643850	ENSG00000231991[1,1,1]	0	+	33642730	33642730	0	1	1120,	0,	chr9	33642780	33643800	retro_human_3142|ANXA2P2-201|processed_pseudogene	0	+	ANXA2P2	1020
chr9	33693616	33696060	ENSG00000237984[2,1,3]	0	-	33693616	33693616	0	1	2444,	0,	chr9	33692014	33696010	retro_human_9836|PTENP1-202|transcribed_processed_pseudogene	0	-	PTENP1-AS	2394
chr9	33693897	33695212	ENSG00000237984[1,1,2]	0	-	33693897	33693897	0	1	1315,	0,	chr9	33692014	33696010	retro_human_9836|PTENP1-202|transcribed_processed_pseudogene	0	-	PTENP1-AS	1315
chr9	33986617	33987165	ENSG00000226801[1,1,1]	0	-	33986694	33987135	0	1	548,	0,	chr9	33986667	33987115	retro_human_9835|OSTCP8-201|processed_pseudogene	0	-	OSTCP8	448
chr9	34127685	34128583	ENSG00000224802[1,1,1]	0	-	34128412	34128526	0	1	898,	0,	chr9	34127735	34128533	TUBB4BP2-201|processed_pseudogene	0	-	TUBBP4	798
chr9	34210447	34210874	ENSG00000227383[1,1,1]	0	+	34210597	34210771	0	1	427,	0,	chr9	34210497	34210824	retro_human_3149|AL353662.1-201|processed_pseudogene	0	+	RPL35AP2	327
chr9	34242904	34243649	ENSG00000233668[1,1,1]	0	-	34242904	34242904	0	1	745,	0,	chr9	34242954	34243599	retro_human_9833|AL353662.2-201|processed_pseudogene	0	-	RPS8P9	645
chr9	34336912	34338261	ENSG00000229207[1,1,1]	0	+	34336912	34336912	0	1	1349,	0,	chr9	34336962	34338211	retro_human_8595|SERPINH1P1-201|processed_pseudogene	0	+	SERPINH1P1,KIF24	1249
chr9	35020473	35022226	ENSG00000273597[1,1,1]	0	-	35020473	35020473	0	1	1753,	0,	chr9	35020523	35022176	AL355377.1-201|processed_pseudogene	0	-	AL355377.2	1653
chr9	35166559	35168434	ENSG00000215198[1,1,1]	0	-	35166559	35166559	0	1	1875,	0,	chr9	35166609	35168384	retro_human_4318|AL353795.1-201|processed_pseudogene	0	-	LOC730110	1775
chr9	35468844	35469549	ENSG00000244213[1,1,1]	0	+	35468844	35468844	0	1	705,	0,	chr9	35468894	35469499	retro_human_8598|ZFAND6P1-201|processed_pseudogene	0	+	ATP8B5P,ZFAND6P1	605
chr9	35613398	35613664	ENSG00000227852[1,1,1]	0	+	35613398	35613398	0	1	266,	0,	chr9	35613448	35613614	retro_human_8596|RPS29P17-201|processed_pseudogene	0	+	RPS29P17	166
chr9	35992967	35994042	ENSG00000213866[1,1,1]	0	-	35992967	35992967	0	1	1075,	0,	chr9	35993017	35993992	retro_human_4319|YBX1P10-201|processed_pseudogene	0	-	YBX1P10	975
chr9	37457819	37458329	ENSG00000236156[1,1,1]	0	+	37458138	37458276	0	1	510,	0,	chr9	37457869	37458279	retro_human_6060|CHCHD4P3-201|processed_pseudogene	0	+	GRHPR,CHCHD4P3	410
chr9	37500810	37502079	ENSG00000187988[1,1,1]	0	+	37500810	37500810	0	1	1269,	0,	chr9	37500860	37502029	retro_human_2770|KCTD9P3-201|processed_pseudogene	0	+	KCTD9P3	1169
chr9	37859898	37860349	ENSG00000232454[1,1,1]	0	+	37860103	37860301	0	1	451,	0,	chr9	37859948	37860299	retro_human_2771|AL138752.1-201|processed_pseudogene	0	+	MRPS10P5	351
chr9	37909542	37910350	ENSG00000213839[1,1,1]	0	+	37909542	37909542	0	1	808,	0,	chr9	37909592	37910300	retro_human_2773|TMX2P1-201|processed_pseudogene	0	+	TMX2P1,PAICSP1	708
chr9	38476910	38478299	ENSG00000225254[1,1,1]	0	-	38476910	38476910	0	1	1389,	0,	chr9	38476960	38478249	retro_human_10227|ARMC8P1-201|processed_pseudogene	0	-	ARMC8P1	1289
chr9	38564720	38568458	ENSG00000273036[3,2,1]	0	-	38564720	38564720	0	3	325,107,1951,	0,931,1787,	chr9	38564762	38566988	AL390726.4-201|transcribed_processed_pseudogene	0	-	AL390726.4,FAM95C	2226
chr9	38564720	38567038	ENSG00000273036[2,2,1]	0	-	38564720	38564720	0	3	325,107,531,	0,931,1787,	chr9	38564762	38566988	AL390726.4-201|transcribed_processed_pseudogene	0	-	AL390726.4,FAM95C	2226
chr9	38564720	38567038	ENSG00000273036[2,2,1]	0	-	38564720	38564720	0	3	325,107,531,	0,931,1787,	chr9	38566509	38566765	AL390726.4-202|transcribed_processed_pseudogene	0	-	AL390726.4,FAM95C,AL390726.3,AL390726.2	256
chr9	39187143	39187963	ENSG00000243695[1,1,1]	0	-	39187619	39187775	0	1	820,	0,	chr9	39187193	39187913	AL353729.1-201|processed_pseudogene	0	-	CNTNAP3	720
chr9	39821434	39824302	ENSG00000278175[1,32,4]	0	-	39821434	39821434	0	3	1451,130,448,	0,2175,2420,	chr9	39823685	39824143	BX664615.1-201|processed_pseudogene	0	+	GLIDR	458
chr9	39821434	39824302	ENSG00000278175[1,24,4]	0	-	39821434	39821434	0	2	2305,448,	0,2420,	chr9	39823685	39824143	BX664615.1-201|processed_pseudogene	0	+	GLIDR	458
chr9	39821768	39824302	ENSG00000278175[1,32,12]	0	-	39821768	39821768	0	3	1117,130,448,	0,1841,2086,	chr9	39823685	39824143	BX664615.1-201|processed_pseudogene	0	+	GLIDR	458
chr9	39821768	39824302	ENSG00000278175[1,24,12]	0	-	39821768	39821768	0	2	1971,448,	0,2086,	chr9	39823685	39824143	BX664615.1-201|processed_pseudogene	0	+	GLIDR	458
chr9	39822631	39824302	ENSG00000278175[1,32,5]	0	-	39822631	39822631	0	3	254,130,448,	0,978,1223,	chr9	39823685	39824143	BX664615.1-201|processed_pseudogene	0	+	GLIDR	458
chr9	39822631	39824302	ENSG00000278175[1,24,5]	0	-	39822631	39822631	0	2	1108,448,	0,1223,	chr9	39823685	39824143	BX664615.1-201|processed_pseudogene	0	+	GLIDR	458
chr9	39823635	39824193	ENSG00000229273[1,1,1]	0	+	39823635	39823635	0	1	558,	0,	chr9	39823685	39824143	BX664615.1-201|processed_pseudogene	0	+	GLIDR	458
chr9	40120069	40120877	ENSG00000237846[1,1,1]	0	+	40120069	40120069	0	1	808,	0,	chr9	40120119	40120827	AL773545.3-201|processed_pseudogene	0	+	AL772307.1,FGF7P3	708
chr9	77149828	77171850	ENSG00000276291[1,22,13]	0	-	77171850	77171850	255	6	403,114,126,70,182,581,	0,2453,5190,19514,20782,21441,	chr9	77152248	77155088	retro_human_7402	0	-	LOC124906857	2840
chr9	77149828	77171850	ENSG00000276291[1,21,13]	0	-	77171850	77171850	255	7	403,114,126,170,70,182,581,	0,2453,5190,6588,19514,20782,21441,	chr9	77152248	77155088	retro_human_7402	0	-	LOC124906857	2840
chr9	40807484	40807912	ENSG00000278647[1,1,1]	0	+	40807484	40807484	0	1	428,	0,	chr9	40807532	40807899	retro_human_9860|CDK2AP2P2-201|processed_pseudogene	0	+	LOC128966772,CDK2AP2P2	367
chr9	43937857	43939289	ENSG00000268234[1,1,1]	0	+	43937857	43937857	0	1	1432,	0,	chr9	43937907	43939239	retro_human_5892|FKBP4P6-201|processed_pseudogene	0	+	FKBP4P6	1332
chr9	44119382	44122155	ENSG00000237357[1,2,1]	0	-	44119382	44119382	0	2	2302,375,	0,2398,	chr9	44121616	44122067	BX088651.1-201|processed_pseudogene	0	+	BX088651.4,FAM88E	451
chr9	44119694	44122155	ENSG00000237357[1,1,2]	0	-	44119694	44119694	0	3	1117,130,375,	0,1842,2086,	chr9	44121616	44122067	BX088651.1-201|processed_pseudogene	0	+	BX088651.4,FAM88E	451
chr9	44121566	44122117	ENSG00000212952[1,1,1]	0	+	44121566	44121566	0	1	551,	0,	chr9	44121616	44122067	BX088651.1-201|processed_pseudogene	0	+	BX088651.4,FAM88E	451
chr9	44524644	44525648	ENSG00000213816[1,1,1]	0	-	44524644	44524644	0	1	1004,	0,	chr9	44524694	44525598	retro_human_7403|CNN2P4-201|processed_pseudogene	0	-	CNN2P4	904
chr9	39821768	39824267	ENSG00000226007[1,2,2]	0	-	39824267	39824267	0	3	1117,130,413,	0,1841,2086,	chr9	39823685	39824143	BX664615.1-201|processed_pseudogene	0	+	GLIDR	458
chr9	39821768	39824267	ENSG00000226007[1,3,2]	0	-	39824267	39824267	0	2	1971,413,	0,2086,	chr9	39823685	39824143	BX664615.1-201|processed_pseudogene	0	+	GLIDR	458
chr9	39823638	39824207	ENSG00000212951[1,1,1]	0	+	39824207	39824207	0	1	569,	0,	chr9	39823685	39824143	BX664615.1-201|processed_pseudogene	0	+	GLIDR	458
chr9	42935508	42936514	ENSG00000235832[1,1,1]	0	+	42936514	42936514	0	1	1006,	0,	chr9	42935558	42936464	retro_human_3938|CNN2P3-201|processed_pseudogene	0	+	CNN2P3	906
chr9	77779943	77780949	ENSG00000278068[1,1,1]	0	+	77779943	77779943	0	1	1006,	0,	chr9	77779993	77780899	retro_human_1152|AL136317.3-1|processed_pseudogene	0	+	LOC128966633	906
chr9	78748577	78749149	ENSG00000274355[1,1,1]	0	-	78748577	78748577	0	1	572,	0,	chr9	78748627	78749099	FAM74A3-201|transcribed_processed_pseudogene	0	-	FAM74A3	472
chr9	79508323	79509282	ENSG00000278763[2,2,1]	0	-	79508323	79508323	255	2	253,144,	0,815,	chr9	79508373	79508586	FAM27B-201|processed_pseudogene	0	-	FAM27C,FAM27B	213
chr9	79508323	79508636	ENSG00000278763[1,1,1]	0	-	79508323	79508323	0	1	313,	0,	chr9	79508373	79508586	FAM27B-201|processed_pseudogene	0	-	FAM27C,FAM27B	213
chr9	80953538	80957999	ENSG00000187866[1,1,5]	0	+	80953562	80954549	0	1	4461,	0,	chr9	80953689	80954549	retro_human_6179	0	+	FAM122A,PABIR1	860
chr9	80953538	80957174	ENSG00000187866[1,1,4]	0	+	80953562	80954549	0	1	3636,	0,	chr9	80953689	80954549	retro_human_6179	0	+	FAM122A,PABIR1	860
chr9	80953538	80955331	ENSG00000187866[1,1,3]	0	+	80953562	80954549	0	1	1793,	0,	chr9	80953689	80954549	retro_human_6179	0	+	FAM122A,PABIR1	860
chr9	80953538	80958182	ENSG00000187866[1,1,2]	0	+	80953562	80954549	0	1	4644,	0,	chr9	80953689	80954549	retro_human_6179	0	+	FAM122A,PABIR1	860
chr9	82383951	82384525	ENSG00000236801[1,1,1]	0	+	82383959	82384295	0	1	574,	0,	chr9	82384001	82384475	retro_human_772|RPL24P8-201|processed_pseudogene	0	+	RPL24P8	474
chr9	83740010	83740443	ENSG00000229814[1,1,1]	0	+	83740010	83740010	0	1	433,	0,	chr9	83740060	83740393	retro_human_770|RPL35AP21-201|processed_pseudogene	0	+	RPL35AP21	333
chr9	84158470	84158826	ENSG00000236060[1,1,1]	0	-	84158470	84158470	0	1	356,	0,	chr9	84158520	84158776	retro_human_6994|HSPB1P1-201|processed_pseudogene	0	-	HSPB1P1	256
chr9	84258621	84259216	ENSG00000224820[1,1,1]	0	-	84258621	84258621	0	1	595,	0,	chr9	84258671	84259166	retro_human_6993|BTF3P4-201|processed_pseudogene	0	-	BTF3P4	495
chr9	88555218	88556206	ENSG00000234618[1,1,1]	0	+	88555218	88555218	0	1	988,	0,	chr9	88555268	88556156	retro_human_7375|RPSAP9-201|processed_pseudogene	0	+	RPSAP9	888
chr9	90376199	90376537	ENSG00000234819[1,1,1]	0	+	90376199	90376199	0	1	338,	0,	chr9	90376249	90376487	retro_human_7380|AL353705.4-201|processed_pseudogene	0	+	LOC107987082	238
chr9	91549630	91550186	ENSG00000186940[1,1,1]	0	+	91549630	91549630	0	1	556,	0,	chr9	91549680	91550136	retro_human_1914|CHCHD2P9-201|processed_pseudogene	0	+	CHCHD2P9	456
chr9	99165286	99166883	ENSG00000231007[1,1,1]	0	+	99165286	99165286	0	1	1597,	0,	chr9	99165336	99166833	retro_human_6974|CDC20P1-201|processed_pseudogene	0	+	AL513318.2	1497
chr9	99237833	99238924	ENSG00000224887[1,1,1]	0	-	99237833	99237833	0	1	1091,	0,	chr9	99237883	99238874	retro_human_6588|AL513318.1-201|processed_pseudogene	0	-	NFYCP2	991
chr9	99678714	99678988	ENSG00000219928[1,1,1]	0	+	99678764	99678935	0	1	274,	0,	chr9	99678764	99678938	retro_human_6976|AL161787.1-201|processed_pseudogene	0	+	RPS29P18	174
chr9	100170346	100170940	ENSG00000217716[1,1,1]	0	+	100170346	100170346	0	1	594,	0,	chr9	100170396	100170890	retro_human_6970|RPS10P3-201|processed_pseudogene	0	+	RPS10P3	494
chr9	100298883	100299983	ENSG00000276535[1,1,1]	0	-	100298883	100298883	0	1	1100,	0,	chr9	100298933	100299933	retro_human_6590|AL353726.1-201|processed_pseudogene	0	-	LOC100129202	1000
chr9	101613212	101614516	ENSG00000231799[1,1,1]	0	+	101613212	101613212	0	1	1304,	0,	chr9	101613262	101614466	retro_human_1507|PA2G4P6-201|processed_pseudogene	0	+	PA2G4P6	1204
chr9	104270861	104271988	ENSG00000275756[1,1,1]	0	+	104270861	104270861	0	1	1127,	0,	chr9	104270911	104271938	AL354751.3-201|processed_pseudogene	0	+	LOC100420896	1027
chr9	104843459	104844024	ENSG00000213669[1,1,1]	0	-	104843459	104843459	0	1	565,	0,	chr9	104843509	104843974	retro_human_786|AL137074.1-201|processed_pseudogene	0	-	RPL21P86	465
chr9	105003184	105004127	ENSG00000226721[1,1,1]	0	-	105003184	105003184	0	1	943,	0,	chr9	105003234	105004077	retro_human_787|EEF1DP2-201|processed_pseudogene	0	-	AL136981.4,ANKRD19P,EEF1DP2	843
chr9	105003831	105004916	ENSG00000187984[5,6,3]	0	+	105003831	105003831	255	2	318,251,	0,834,	chr9	105003234	105004077	retro_human_787|EEF1DP2-201|processed_pseudogene	0	-	AL136981.4,ANKRD19P,EEF1DP2	246
chr9	106119563	106121467	ENSG00000131668[2,2,1]	0	-	106120153	106120935	0	3	752,85,585,	0,1152,1319,	chr9	106120665	106121027	retro_human_783	0	-	BARX1	362
chr9	106205716	106206132	ENSG00000227666[1,1,1]	0	+	106205773	106205959	0	1	416,	0,	chr9	106205766	106206082	retro_human_8160|CYCSP24-201|processed_pseudogene	0	+	CYCSP24	316
chr9	106516797	106517227	ENSG00000282886[1,1,1]	0	-	106516797	106516797	0	1	430,	0,	chr9	106516847	106517177	PTMAP12-201|processed_pseudogene	0	-	PTMAP12	330
chr9	106602223	106602964	ENSG00000278486[1,1,1]	0	-	106602223	106602223	0	1	741,	0,	chr9	106602273	106602914	retro_human_6191|YRDCP1-201|processed_pseudogene	0	-	YRDCP1	641
chr9	107292879	107293327	ENSG00000223849[1,1,1]	0	+	107292879	107292879	0	1	448,	0,	chr9	107292929	107293277	retro_human_8165|AL354893.1-201|processed_pseudogene	0	+	RPS26P37	348
chr9	107461798	107464371	ENSG00000230221[1,1,1]	0	+	107461798	107461798	0	1	2573,	0,	chr9	107461848	107464321	retro_human_8163|AL157384.1-201|processed_pseudogene	0	+	FANCC	2473
chr9	108578953	108579567	ENSG00000238251[1,1,1]	0	+	108578953	108578953	0	1	614,	0,	chr9	108579003	108579517	retro_human_2652|NSA2P7-201|processed_pseudogene	0	+	NSA2P7	514
chr9	108898453	108899293	ENSG00000233820[2,1,2]	0	+	108898453	108898453	0	1	840,	0,	chr9	108897663	108899017	retro_human_2651|AL589843.2-201|transcribed_processed_pseudogene	0	+	AL589843.2,LOC441455	564
chr9	108898453	108899293	ENSG00000233820[2,1,2]	0	+	108898453	108898453	0	1	840,	0,	chr9	108898503	108899243	AL589843.2-202|transcribed_processed_pseudogene	0	+	AL589843.2,LOC441455	740
chr9	109081815	109082245	ENSG00000269907[1,1,1]	0	+	109081815	109081815	0	1	430,	0,	chr9	109081865	109082195	retro_human_2648|PTMAP11-201|processed_pseudogene	0	+	PTMAP11	330
chr9	109090667	109091158	ENSG00000227257[1,1,1]	0	+	109090667	109090667	0	1	491,	0,	chr9	109090717	109091108	AL158827.1-201|processed_pseudogene	0	+	LOC107987024	391
chr9	109126548	109127290	ENSG00000236745[1,1,1]	0	+	109126548	109126548	0	1	742,	0,	chr9	109126598	109127240	retro_human_2647|YRDCP2-201|processed_pseudogene	0	+	YRDCP2	642
chr9	109239474	109240454	ENSG00000197214[1,1,1]	0	+	109239474	109239474	0	1	980,	0,	chr9	109239524	109240404	retro_human_2650|TCEA1P1-201|processed_pseudogene	0	+	TCEA1P1	880
chr9	109247970	109249426	ENSG00000228376[1,1,2]	0	-	109247970	109247970	0	1	1456,	0,	chr9	109247445	109253719	GAS2L1P2-202|transcribed_processed_pseudogene	0	-	GAS2L1P2	1456
chr9	109247970	109249426	ENSG00000228376[1,1,2]	0	-	109247970	109247970	0	1	1456,	0,	chr9	109248020	109249376	GAS2L1P2-201|transcribed_processed_pseudogene	0	-	GAS2L1P2	1356
chr9	109265414	109266459	ENSG00000228038[1,1,1]	0	-	109265414	109265414	0	1	1045,	0,	chr9	109265464	109266409	VN1R51P-201|processed_pseudogene	0	-	LOC107987104	945
chr9	109323613	109324514	ENSG00000277103[1,1,1]	0	-	109323613	109323613	0	1	901,	0,	chr9	109323663	109324464	AL445670.1-201|processed_pseudogene	0	-	LOC112268050	801
chr9	109370022	109371331	ENSG00000188801[1,1,1]	0	-	109370022	109370022	0	1	1309,	0,	chr9	109370072	109371281	retro_human_6189|ZNF322P1-201|processed_pseudogene	0	-	ZNF322P1	1209
chr9	111476810	111478346	ENSG00000255815[1,1,1]	0	+	111476810	111476810	0	1	1536,	0,	chr9	111476860	111478296	retro_human_9147|KRT8P11-201|processed_pseudogene	0	+	KRT8P11	1436
chr9	112169879	112170748	ENSG00000234709[1,1,1]	0	-	112169932	112170274	0	1	869,	0,	chr9	112169929	112170698	retro_human_6188|UPF3AP3-201|transcribed_processed_pseudogene	0	-	UPF3AP3	769
chr9	112346895	112347872	ENSG00000231697[1,1,1]	0	+	112347195	112347414	0	1	977,	0,	chr9	112346945	112347822	retro_human_9146|NANOGP5-201|transcribed_processed_pseudogene	0	+	NANOGP5	877
chr9	113766305	113769823	ENSG00000188386[1,1,1]	0	-	113769163	113769682	0	1	3518,	0,	chr9	113769164	113769673	retro_human_404	0	-	PPP3R2	509
chr9	117675266	117726391	ENSG00000106701[3,6,11]	0	+	117681126	117721140	0	8	155,210,99,130,101,252,89,5374,	0,5789,8005,12197,33887,34461,38657,45751,	chr9	117694784	117701016	retro_human_9067|RALGAPA1P1-201|processed_pseudogene	0	+	RALGAPA1P1	6232
chr9	117675266	117725479	ENSG00000106701[3,6,10]	0	+	117681126	117721140	0	8	155,210,99,130,101,252,89,4462,	0,5789,8005,12197,33887,34461,38657,45751,	chr9	117694784	117701016	retro_human_9067|RALGAPA1P1-201|processed_pseudogene	0	+	RALGAPA1P1	6232
chr9	117675266	117723821	ENSG00000106701[3,6,9]	0	+	117681126	117721140	0	8	155,210,99,130,101,252,89,2804,	0,5789,8005,12197,33887,34461,38657,45751,	chr9	117694784	117701016	retro_human_9067|RALGAPA1P1-201|processed_pseudogene	0	+	RALGAPA1P1	6232
chr9	117675266	117722614	ENSG00000106701[3,6,8]	0	+	117681126	117721140	0	8	155,210,99,130,101,252,89,1597,	0,5789,8005,12197,33887,34461,38657,45751,	chr9	117694784	117701016	retro_human_9067|RALGAPA1P1-201|processed_pseudogene	0	+	RALGAPA1P1	6232
chr9	117675266	117722113	ENSG00000106701[3,6,7]	0	+	117681126	117721140	0	8	155,210,99,130,101,252,89,1096,	0,5789,8005,12197,33887,34461,38657,45751,	chr9	117694784	117701016	retro_human_9067|RALGAPA1P1-201|processed_pseudogene	0	+	RALGAPA1P1	6232
chr9	117675266	117727152	ENSG00000106701[3,6,1]	0	+	117681126	117721140	0	8	155,210,99,130,101,252,89,6135,	0,5789,8005,12197,33887,34461,38657,45751,	chr9	117694784	117701016	retro_human_9067|RALGAPA1P1-201|processed_pseudogene	0	+	RALGAPA1P1	6232
chr9	117694734	117701066	ENSG00000229419[1,1,1]	0	+	117697472	117699608	0	1	6332,	0,	chr9	117694784	117701016	retro_human_9067|RALGAPA1P1-201|processed_pseudogene	0	+	RALGAPA1P1	6232
chr9	119293068	119293897	ENSG00000225531[1,1,1]	0	+	119293068	119293068	0	1	829,	0,	chr9	119293118	119293847	retro_human_9528|AL807761.2-201|processed_pseudogene	0	+	AL807761.3,LOC100128086	729
chr9	120795976	120796394	ENSG00000169253[1,1,1]	0	+	120795976	120795976	0	1	418,	0,	chr9	120796026	120796344	retro_human_9533|AL669983.1-201|processed_pseudogene	0	+	RPL36P14	318
chr9	124344628	124345178	ENSG00000225513[1,1,1]	0	-	124344906	124345128	0	1	550,	0,	chr9	124344678	124345128	retro_human_20|AL158824.1-201|processed_pseudogene	0	-	RPL29P20	450
chr9	124533850	124534353	ENSG00000213529[1,1,1]	0	+	124533850	124533850	0	1	503,	0,	chr9	124533900	124534303	retro_human_3670|AL359073.1-201|processed_pseudogene	0	+	RPL32P22	403
chr9	125794022	125796394	ENSG00000138835[21,31,1]	0	+	125794306	125795551	0	2	344,1026,	0,1346,	chr9	125795375	125795632	retro_human_3668	0	+	RGS3	257
chr9	126049219	126050265	ENSG00000232905[1,1,1]	0	-	126049219	126049219	0	1	1046,	0,	chr9	126049269	126050215	retro_human_5646|AL162393.1-201|processed_pseudogene	0	-	LOC100132609	946
chr9	129374438	129375006	ENSG00000230734[1,1,1]	0	-	129374565	129374976	0	1	568,	0,	chr9	129374488	129374956	retro_human_5643|RPL10P3-201|processed_pseudogene	0	-	RPL10P3	468
chr9	130276722	130277336	ENSG00000234782[1,1,1]	0	-	130276722	130276722	0	1	614,	0,	chr9	130276772	130277286	retro_human_287|TPT1P9-201|processed_pseudogene	0	-	TPT1P9	514
chr9	133715799	133716508	ENSG00000213467[1,1,1]	0	-	133715799	133715799	0	1	709,	0,	chr9	133715849	133716458	retro_human_288|HMGB1P37-201|processed_pseudogene	0	-	HMGB1P37	609
chr9	134883206	134885746	ENSG00000226783[1,1,1]	0	+	134883206	134883206	0	1	2540,	0,	chr9	134883256	134885696	retro_human_8347|TLK1P1-201|processed_pseudogene	0	+	TLK1P1	2440
chr9	135105230	135110598	ENSG00000186130[1,1,1]	0	-	135108025	135109297	0	2	4076,123,	0,5245,	chr9	135108047	135109264	retro_human_284	0	-	ZBTB6	1217
chr9	135106356	135110598	ENSG00000186130[1,1,2]	0	-	135108025	135109297	0	2	2950,123,	0,4119,	chr9	135108047	135109264	retro_human_284	0	-	ZBTB6	1217
chr9	135226571	135227052	ENSG00000213216[1,1,1]	0	-	135226571	135226571	0	1	481,	0,	chr9	135226621	135227002	retro_human_5246|AC007066.1-201|processed_pseudogene	0	-	RPS25P8	381
chr9	136040879	136041630	ENSG00000234881[1,1,1]	0	+	136040879	136040879	0	1	751,	0,	chr9	136040929	136041580	retro_human_2499|PIGFP2-201|processed_pseudogene	0	+	PIGFP2	651
chr9	137166604	137167251	ENSG00000177736[1,1,1]	0	-	137166657	137167062	0	1	647,	0,	chr9	137166654	137167201	retro_human_5248|FXNP2-201|processed_pseudogene	0	-	FXNP2	547
chr9	137348944	137349981	ENSG00000232630[1,1,1]	0	+	137348944	137348944	0	1	1037,	0,	chr9	137348994	137349931	retro_human_8702|PRPS1P2-201|processed_pseudogene	0	+	PRPS1P2	937
chr9	137462080	137462426	ENSG00000214593[1,1,1]	0	-	137462080	137462080	0	1	346,	0,	chr9	137462130	137462376	retro_human_5250|AL354710.1-201|processed_pseudogene	0	-	RPS10P17	246
chr9	137795521	137796581	ENSG00000214761[1,1,1]	0	+	137795521	137795521	0	1	1060,	0,	chr9	137795571	137796531	retro_human_8701|HNRNPA1P15-201|processed_pseudogene	0	+	HNRNPA1P15	960
chr9	139037098	139042893	ENSG00000169155[2,2,2]	0	+	139038249	139039650	0	1	5795,	0,	chr9	139038310	139039590	retro_human_8698	0	+	ZBTB43	1280
chr7	22646447	22647936	ENSG00000196205[1,1,1]	0	-	22647936	22647936	0	1	1489,	0,	chr7	22646501	22647886	retro_human_3236|EEF1A1P6-201|processed_pseudogene	0	-	EEF1A1P6	1385
chr9	145552866	145553442	ENSG00000230064[1,1,1]	0	+	145552866	145552866	0	1	576,	0,	chr9	145552916	145553392	retro_human_10773|AL772161.1-201|processed_pseudogene	0	+	RPL21P81,MED22	476
chr9	149042054	149068589	ENSG00000196642[1,12,2]	0	+	149042358	149066635	255	7	434,135,48,53,92,141,2126,	0,15638,17923,20638,21537,23865,24409,	chr9	149046948	149049699	retro_human_2058|NCLP1-201|processed_pseudogene	0	-	NCLP1	2751
chr9	149042054	149068589	ENSG00000196642[1,4,2]	0	+	149042358	149068155	0	8	434,135,48,53,92,141,106,671,	0,15638,17923,20638,21537,23865,24409,25864,	chr9	149046948	149049699	retro_human_2058|NCLP1-201|processed_pseudogene	0	-	NCLP1	2751
chr9	149892617	149893279	ENSG00000233998[1,1,1]	0	-	149892617	149892617	0	1	662,	0,	chr9	149892667	149893229	retro_human_4869|SETP5-201|processed_pseudogene	0	-	EHMT1,SETP5	562
chr9	149996123	150094039	ENSG00000181090[17,62,1]	0	+	150000988	150092812	255	24	223,137,189,78,121,132,146,144,227,174,83,107,123,102,105,155,168,145,78,116,87,79,176,1405,	0,4833,5343,13772,15612,19321,24116,36555,38064,39328,41081,44542,53099,61083,63150,73774,75319,75699,76743,78259,79751,80372,96087,96511,	chr9	150034108	150047610	AL590627.1-201|transcribed_processed_pseudogene	0	-	AL590627.1,LOC651337	13502
chr9	150045989	150047115	ENSG00000255585[1,1,2]	0	-	150045989	150045989	0	1	1126,	0,	chr9	150046039	150047065	AL590627.1-203|transcribed_processed_pseudogene	0	-	AL590627.1,LOC100418938,LOC651337,EHMT1	1026
chr9	150045989	150047115	ENSG00000255585[1,1,2]	0	-	150045989	150045989	0	1	1126,	0,	chr9	150042447	150046568	AL590627.1-202|transcribed_processed_pseudogene	0	-	LOC100418938,AL590627.1,LOC651337	579
chrX	3436852	3463301	ENSG00000285756[2,32,1]	0	-	3436852	3436852	255	5	301,59,47,173,567,	0,964,1179,11758,25882,	chrX	3444472	3448787	retro_human_3006	0	-	BX890604.2,LOC389906	4315
chrX	3436852	3463301	ENSG00000285756[2,17,1]	0	-	3436852	3436852	255	3	301,887,567,	0,11044,25882,	chrX	3444472	3448787	retro_human_3006	0	-	BX890604.2,LOC389906	4315
chrX	3436852	3463301	ENSG00000285756[2,31,1]	0	-	3436852	3436852	255	7	301,59,207,144,129,887,567,	0,964,4911,7627,9139,11044,25882,	chrX	3444472	3448787	retro_human_3006	0	-	BX890604.2,LOC389906	4315
chrX	3436852	3463301	ENSG00000285756[2,30,1]	0	-	3436852	3436852	255	4	301,59,887,567,	0,964,11044,25882,	chrX	3444472	3448787	retro_human_3006	0	-	BX890604.2,LOC389906	4315
chrX	3436852	3463301	ENSG00000285756[2,18,1]	0	-	3436852	3436852	255	5	301,59,47,887,567,	0,964,1179,11044,25882,	chrX	3444472	3448787	retro_human_3006	0	-	BX890604.2,LOC389906	4315
chrX	3436852	3463010	ENSG00000285756[12,18,1]	0	-	3436852	3436852	255	5	301,59,47,887,276,	0,964,1179,11044,25882,	chrX	3444472	3448787	retro_human_3006	0	-	BX890604.2,LOC389906	4315
chrX	3436852	3448420	ENSG00000285756[10,13,1]	0	-	3436852	3436852	0	4	301,59,47,524,	0,964,1179,11044,	chrX	3444472	3448787	retro_human_3006	0	-	BX890604.2,LOC389906	3948
chrX	3436852	3448420	ENSG00000285756[10,28,1]	0	-	3436852	3436852	0	2	301,524,	0,11044,	chrX	3444472	3448787	retro_human_3006	0	-	BX890604.2,LOC389906	3948
chrX	3436852	3463301	ENSG00000285756[2,19,1]	0	-	3436852	3436852	0	4	301,59,29,567,	0,964,11902,25882,	chrX	3444472	3448787	retro_human_3006	0	-	BX890604.2,LOC389906	4315
chrX	3446339	3463301	ENSG00000285756[2,2,17]	0	-	3446339	3446339	0	2	2444,567,	0,16395,	chrX	3444472	3448787	retro_human_3006	0	-	BX890604.2,LOC389906	2448
chrX	5974347	5975057	ENSG00000237730[1,1,1]	0	-	5974347	5974347	0	1	710,	0,	chrX	5974397	5975007	retro_human_4558|AC078991.1-201|processed_pseudogene	0	-	RPS5P8	610
chrX	9400726	9402057	ENSG00000215319[1,1,1]	0	-	9400726	9400726	0	1	1331,	0,	chrX	9400776	9402007	retro_human_4194|EIF5P1-201|processed_pseudogene	0	-	EIF5P1	1231
chrX	13824566	13825213	ENSG00000233247[1,1,1]	0	+	13824566	13824566	0	1	647,	0,	chrX	13824616	13825163	retro_human_10964|AC002524.1-201|processed_pseudogene	0	+	UBE2E4P	547
chrX	17515906	17517481	ENSG00000225066[1,1,1]	0	+	17515906	17515906	0	1	1575,	0,	chrX	17515956	17517431	retro_human_5460|Z93929.1-201|processed_pseudogene	0	+	MDM4P1	1475
chrX	22583434	22587164	ENSG00000184735[1,1,1]	0	+	22583582	22585475	0	1	3730,	0,	chrX	22583664	22585451	retro_human_89	0	+	DDX53	1787
chrX	22659247	22660357	ENSG00000174028[1,1,1]	0	+	22659247	22659247	0	2	632,149,	0,961,	chrX	22659297	22660307	retro_human_90|FAM3C2-201|processed_pseudogene	0	+	FAM3C2,FAM3C2P	1010
chrX	22781843	22782295	ENSG00000228610[1,1,1]	0	+	22781843	22781843	0	1	452,	0,	chrX	22781893	22782245	retro_human_87|PDCL2P1-201|processed_pseudogene	0	+	PDCL2P1	352
chrX	23420372	23421052	ENSG00000238103[1,1,1]	0	-	23420425	23421001	0	1	680,	0,	chrX	23420422	23421002	retro_human_4536|RPL9P7-201|processed_pseudogene	0	-	RPL9P7	580
chrX	23895043	23897552	ENSG00000223611[2,1,2]	0	-	23895043	23895043	0	1	2509,	0,	chrX	23895093	23897502	retro_human_9590|SUPT20HL2-201|processed_pseudogene	0	-	SUPT20HL2	2409
chrX	24013683	24014131	ENSG00000225071[1,1,1]	0	-	24013683	24013683	0	1	448,	0,	chrX	24013733	24014081	retro_human_9589|AC004552.1-201|processed_pseudogene	0	-	RPS26P58	348
chrX	24372601	24373380	ENSG00000232472[1,1,1]	0	-	24372601	24372601	0	1	779,	0,	chrX	24372652	24373330	retro_human_9611|EEF1B2P3-201|processed_pseudogene	0	-	EEF1B2P3	678
chrX	24613733	24614524	ENSG00000214111[1,1,1]	0	+	24613733	24613733	0	1	791,	0,	chrX	24613783	24614474	retro_human_92|AC002504.1-201|processed_pseudogene	0	+	PAFAH1B2P1	691
chrX	25229935	25230641	ENSG00000228519[1,1,1]	0	-	25229935	25229935	0	1	706,	0,	chrX	25229985	25230591	retro_human_9597|AC097263.1-201|processed_pseudogene	0	-	RANBP1P1	606
chrX	27050484	27053719	ENSG00000224960[1,1,1]	0	-	27051128	27053624	0	1	3235,	0,	chrX	27051129	27053624	retro_human_9592	0	-	PPP4R3C	2495
chrX	29896678	29901702	ENSG00000169297[1,1,3]	0	-	29896841	29901625	0	2	405,1245,	0,3779,	chrX	29900381	29900896	retro_human_10795	0	-	NR0B1	515
chrX	29896678	29901702	ENSG00000169297[1,2,3]	0	-	29898083	29901625	0	2	1437,1245,	0,3779,	chrX	29900381	29900896	retro_human_10795	0	-	NR0B1	515
chrX	29897883	29900800	ENSG00000169297[2,2,2]	0	-	29898083	29900740	0	2	232,343,	0,2574,	chrX	29900381	29900896	retro_human_10795	0	-	NR0B1	419
chrX	30222349	30222977	ENSG00000232368[1,1,1]	0	+	30222349	30222349	0	1	628,	0,	chrX	30222399	30222927	retro_human_6270|FTLP2-201|processed_pseudogene	0	+	FTLP2	528
chrX	31804030	31804967	ENSG00000236285[1,1,1]	0	+	31804030	31804030	0	1	937,	0,	chrX	31804080	31804917	retro_human_6273|NPM1P8-201|processed_pseudogene	0	+	NPM1P8	837
chrX	32639756	32640183	ENSG00000226781[1,1,1]	0	+	32639756	32639756	0	1	427,	0,	chrX	32639806	32640133	retro_human_6272|TBCAP1-201|processed_pseudogene	0	+	TBCAP1	327
chrX	35221130	35222153	ENSG00000230227[1,1,1]	0	+	35221130	35221130	0	1	1023,	0,	chrX	35221180	35222103	retro_human_6264|SIAH1P1-201|processed_pseudogene	0	+	SIAH1P1	923
chrX	35306400	35307532	ENSG00000233663[1,1,1]	0	+	35306400	35306400	0	1	1132,	0,	chrX	35306450	35307482	AL161722.1-201|processed_pseudogene	0	+	LOC100420325	1032
chrX	35806802	35807442	ENSG00000229384[1,1,1]	0	+	35807157	35807397	0	1	640,	0,	chrX	35806852	35807392	retro_human_5400|HMGB1P16-201|processed_pseudogene	0	+	HMGB1P16	540
chrX	36557925	36559255	ENSG00000223723[1,1,1]	0	-	36557925	36557925	0	1	1330,	0,	chrX	36557975	36559205	retro_human_5363|BX842568.2-201|processed_pseudogene	0	-	TFDP1P2	1230
chrX	36845027	36845673	ENSG00000241607[1,1,1]	0	+	36845077	36845554	0	1	646,	0,	chrX	36845078	36845626	retro_human_876	0	+	PRRG1,LOC100420326	548
chrX	36895521	36896149	ENSG00000219186[1,1,1]	0	+	36895803	36895968	0	1	628,	0,	chrX	36895571	36896090	retro_human_873	0	+	FTH1P19	519
chrX	36908810	36909461	ENSG00000234355[1,1,1]	0	+	36908977	36909280	0	1	651,	0,	chrX	36908885	36909393	retro_human_874	0	+	FTH1P27	508
chrX	37103527	37103900	ENSG00000285944[1,1,1]	0	+	37103715	37103895	0	1	373,	0,	chrX	37103596	37103835	retro_human_871	0	+	H2AL1SP,XK,H2AL1MP	239
chrX	39187261	39188366	ENSG00000228232[1,1,1]	0	-	39187261	39187261	0	1	1105,	0,	chrX	39187311	39188316	retro_human_1690|GAPDHP1-201|processed_pseudogene	0	-	GAPDHP1	1005
chrX	40876301	40876791	ENSG00000225238[1,1,1]	0	-	40876301	40876301	0	1	490,	0,	chrX	40876351	40876741	Z93015.1-201|processed_pseudogene	0	-	NYX,GEMIN7P1	390
chrX	41080635	41081470	ENSG00000217624[1,1,1]	0	-	41080685	41081420	0	1	835,	0,	chrX	41080685	41081420	retro_human_8400|AL627402.1-201|processed_pseudogene	0	-	YWHAZP10	735
chrX	41503650	41504170	ENSG00000228847[1,1,1]	0	-	41503650	41503650	0	1	520,	0,	chrX	41503700	41504120	retro_human_7100|ATP5MC2P4-201|processed_pseudogene	0	-	ATP5MC2P4	420
chrX	43435548	43437238	ENSG00000214019[1,1,1]	0	+	43435548	43435548	0	1	1690,	0,	chrX	43435598	43437188	retro_human_1468|AL034370.1-201|processed_pseudogene	0	+	RBM39P1	1590
chrX	43690178	43692609	ENSG00000198414[1,1,1]	0	+	43690178	43690178	0	1	2431,	0,	chrX	43690228	43692559	retro_human_1467|TATDN2P1-201|processed_pseudogene	0	+	TATDN2P1	2331
chrX	43715577	43716840	ENSG00000214018[1,1,1]	0	-	43716116	43716647	0	1	1263,	0,	chrX	43715627	43716790	retro_human_7129|RRM2P3-201|processed_pseudogene	0	-	RRM2P3	1163
chrX	45695245	45696458	ENSG00000229145[1,1,1]	0	-	45695245	45695245	0	1	1213,	0,	chrX	45695295	45696408	retro_human_4966|ACTBP1-201|processed_pseudogene	0	-	ACTBP1	1113
chrX	45846644	45847750	ENSG00000235587[1,1,1]	0	-	45846644	45846644	0	1	1106,	0,	chrX	45846694	45847700	retro_human_10405|GAPDHP65-201|processed_pseudogene	0	-	GAPDHP65	1006
chrX	45853788	45881187	ENSG00000147121[3,9,7]	0	+	45857421	45878135	255	7	528,111,45,127,111,44,1485,	0,1377,3603,15914,16364,24306,25914,	chrX	45861056	45864159	retro_human_4969|AL139811.1-201|processed_pseudogene	0	-	AL139811.1,VEZTP1	3103
chrX	45853788	45881640	ENSG00000147121[3,1,1]	0	+	45857421	45879962	0	6	528,111,45,127,111,1938,	0,1377,3603,15914,16364,25914,	chrX	45861056	45864159	retro_human_4969|AL139811.1-201|processed_pseudogene	0	-	AL139811.1,VEZTP1	3103
chrX	45854211	45881640	ENSG00000147121[1,8,1]	0	+	45857421	45878135	255	7	105,111,45,127,96,44,1938,	0,954,3180,15491,15941,23883,25491,	chrX	45861056	45864159	retro_human_4969|AL139811.1-201|processed_pseudogene	0	-	AL139811.1,VEZTP1	3103
chrX	45854211	45881187	ENSG00000147121[1,8,7]	0	+	45857421	45878135	255	7	105,111,45,127,96,44,1485,	0,954,3180,15491,15941,23883,25491,	chrX	45861056	45864159	retro_human_4969|AL139811.1-201|processed_pseudogene	0	-	AL139811.1,VEZTP1	3103
chrX	45854211	45880670	ENSG00000147121[1,8,3]	0	+	45857421	45878135	255	7	105,111,45,127,96,44,968,	0,954,3180,15491,15941,23883,25491,	chrX	45861056	45864159	retro_human_4969|AL139811.1-201|processed_pseudogene	0	-	AL139811.1,VEZTP1	3103
chrX	45854211	45881640	ENSG00000147121[1,9,1]	0	+	45857421	45878135	255	7	105,111,45,127,111,44,1938,	0,954,3180,15491,15941,23883,25491,	chrX	45861056	45864159	retro_human_4969|AL139811.1-201|processed_pseudogene	0	-	AL139811.1,VEZTP1	3103
chrX	45854211	45881187	ENSG00000147121[1,9,7]	0	+	45857421	45878135	255	7	105,111,45,127,111,44,1485,	0,954,3180,15491,15941,23883,25491,	chrX	45861056	45864159	retro_human_4969|AL139811.1-201|processed_pseudogene	0	-	AL139811.1,VEZTP1	3103
chrX	45854211	45880670	ENSG00000147121[1,9,3]	0	+	45857421	45878135	255	7	105,111,45,127,111,44,968,	0,954,3180,15491,15941,23883,25491,	chrX	45861056	45864159	retro_human_4969|AL139811.1-201|processed_pseudogene	0	-	AL139811.1,VEZTP1	3103
chrX	45854211	45870454	ENSG00000147121[1,7,6]	0	+	45870218	45870365	0	5	105,111,45,127,302,	0,954,3180,15491,15941,	chrX	45861056	45864159	retro_human_4969|AL139811.1-201|processed_pseudogene	0	-	AL139811.1,VEZTP1	3103
chrX	45854211	45881187	ENSG00000147121[1,2,7]	0	+	45857421	45878135	0	7	105,111,45,127,111,44,2210,	0,954,3180,15491,15941,23883,24766,	chrX	45861056	45864159	retro_human_4969|AL139811.1-201|processed_pseudogene	0	-	AL139811.1,VEZTP1	3103
chrX	45854211	45881640	ENSG00000147121[1,1,1]	0	+	45857421	45879962	0	6	105,111,45,127,111,1938,	0,954,3180,15491,15941,25491,	chrX	45861056	45864159	retro_human_4969|AL139811.1-201|processed_pseudogene	0	-	AL139811.1,VEZTP1	3103
chrX	45854211	45881187	ENSG00000147121[1,1,7]	0	+	45857421	45879962	0	6	105,111,45,127,111,1485,	0,954,3180,15491,15941,25491,	chrX	45861056	45864159	retro_human_4969|AL139811.1-201|processed_pseudogene	0	-	AL139811.1,VEZTP1	3103
chrX	45854211	45880670	ENSG00000147121[1,1,3]	0	+	45857421	45879962	0	6	105,111,45,127,111,968,	0,954,3180,15491,15941,25491,	chrX	45861056	45864159	retro_human_4969|AL139811.1-201|processed_pseudogene	0	-	AL139811.1,VEZTP1	3103
chrX	45854211	45881640	ENSG00000147121[1,4,1]	0	+	45857421	45879962	0	6	105,111,45,127,96,1938,	0,954,3180,15491,15941,25491,	chrX	45861056	45864159	retro_human_4969|AL139811.1-201|processed_pseudogene	0	-	AL139811.1,VEZTP1	3103
chrX	45854211	45881187	ENSG00000147121[1,4,7]	0	+	45857421	45879962	0	6	105,111,45,127,96,1485,	0,954,3180,15491,15941,25491,	chrX	45861056	45864159	retro_human_4969|AL139811.1-201|processed_pseudogene	0	-	AL139811.1,VEZTP1	3103
chrX	45854211	45880670	ENSG00000147121[1,4,3]	0	+	45857421	45879962	0	6	105,111,45,127,96,968,	0,954,3180,15491,15941,25491,	chrX	45861056	45864159	retro_human_4969|AL139811.1-201|processed_pseudogene	0	-	AL139811.1,VEZTP1	3103
chrX	45855148	45880670	ENSG00000147121[2,3,3]	0	+	45857421	45878135	0	6	128,45,127,111,44,965,	0,2243,14554,15004,22946,24557,	chrX	45861056	45864159	retro_human_4969|AL139811.1-201|processed_pseudogene	0	-	AL139811.1,VEZTP1	3103
chrX	46053510	46054347	ENSG00000213997[1,1,1]	0	-	46053802	46053982	0	1	837,	0,	chrX	46053560	46054297	retro_human_9915|PGAM1P7-201|processed_pseudogene	0	-	PGAM1P7	737
chrX	46922440	46923422	ENSG00000235636[1,1,1]	0	-	46922440	46922440	0	1	982,	0,	chrX	46922490	46923372	retro_human_4873|NUS1P1-201|processed_pseudogene	0	-	NUS1P1	882
chrX	47992046	47992393	ENSG00000220125[1,1,1]	0	-	47992046	47992046	0	1	347,	0,	chrX	47992096	47992343	MRPL32P1-201|processed_pseudogene	0	-	MRPL32P1	247
chrX	48186445	48187523	ENSG00000233585[2,1,2]	0	-	48186445	48186445	0	1	1078,	0,	chrX	48186146	48186646	retro_human_5244|AC231533.2-201|transcribed_processed_pseudogene	0	-	ACAA2P1	201
chrX	48186445	48187523	ENSG00000233585[2,1,2]	0	-	48186445	48186445	0	1	1078,	0,	chrX	48186495	48187473	AC231533.2-202|transcribed_processed_pseudogene	0	-	ACAA2P1	978
chrX	48313605	48322203	ENSG00000102100[1,14,1]	0	-	48315205	48320347	0	4	2353,152,183,259,	0,3262,6684,8339,	chrX	48315359	48317041	retro_human_1422	0	-	SLC35A2	1682
chrX	48313605	48322203	ENSG00000102100[1,15,1]	0	-	48313842	48322112	0	4	336,152,183,182,	0,3262,6684,8416,	chrX	48315359	48317041	retro_human_1422	0	-	SLC35A2	1682
chrX	48313605	48322484	ENSG00000102100[2,9,1]	0	-	48313842	48322112	0	5	336,147,152,183,463,	0,1616,3262,6684,8416,	chrX	48315359	48317041	retro_human_1422	0	-	SLC35A2	1682
chrX	48313605	48322203	ENSG00000102100[1,9,1]	0	-	48313842	48322112	0	5	336,147,152,183,182,	0,1616,3262,6684,8416,	chrX	48315359	48317041	retro_human_1422	0	-	SLC35A2	1682
chrX	48313605	48322203	ENSG00000102100[1,10,1]	0	-	48315205	48322112	0	4	2353,152,183,182,	0,3262,6684,8416,	chrX	48315359	48317041	retro_human_1422	0	-	SLC35A2	1682
chrX	48313605	48322484	ENSG00000102100[2,10,1]	0	-	48315205	48322112	0	4	2353,152,183,463,	0,3262,6684,8416,	chrX	48315359	48317041	retro_human_1422	0	-	SLC35A2	1682
chrX	48313605	48322203	ENSG00000102100[1,1,1]	0	-	48313916	48322112	0	5	336,737,152,183,182,	0,1616,3262,6684,8416,	chrX	48315359	48317041	retro_human_1422	0	-	SLC35A2	1682
chrX	48313605	48322484	ENSG00000102100[2,1,1]	0	-	48313916	48322112	0	5	336,737,152,183,463,	0,1616,3262,6684,8416,	chrX	48315359	48317041	retro_human_1422	0	-	SLC35A2	1682
chrX	48314038	48317068	ENSG00000102100[4,19,2]	0	-	48315205	48315910	255	2	1920,201,	0,2829,	chrX	48315359	48317041	retro_human_1422	0	-	SLC35A2	1682
chrX	48314038	48320398	ENSG00000102100[3,20,2]	0	-	48315205	48320347	255	3	1920,152,109,	0,2829,6251,	chrX	48315359	48317041	retro_human_1422	0	-	SLC35A2	1682
chrX	48314038	48322203	ENSG00000102100[1,14,2]	0	-	48315205	48320347	0	4	1920,152,183,259,	0,2829,6251,7906,	chrX	48315359	48317041	retro_human_1422	0	-	SLC35A2	1682
chrX	48314038	48322203	ENSG00000102100[1,5,2]	0	-	48315205	48322112	0	3	1920,152,182,	0,2829,7983,	chrX	48315359	48317041	retro_human_1422	0	-	SLC35A2	1682
chrX	48314038	48322203	ENSG00000102100[1,6,2]	0	-	48315205	48320424	0	4	1920,117,183,182,	0,2829,6251,7983,	chrX	48315359	48317041	retro_human_1422	0	-	SLC35A2	1682
chrX	48314038	48322484	ENSG00000102100[2,8,2]	0	-	48315068	48322112	0	4	1330,152,183,463,	0,2829,6251,7983,	chrX	48315359	48317041	retro_human_1422	0	-	SLC35A2	1682
chrX	48314038	48322203	ENSG00000102100[1,8,2]	0	-	48315068	48322112	0	4	1330,152,183,182,	0,2829,6251,7983,	chrX	48315359	48317041	retro_human_1422	0	-	SLC35A2	1682
chrX	48314038	48322484	ENSG00000102100[2,10,2]	0	-	48315205	48322112	0	4	1920,152,183,463,	0,2829,6251,7983,	chrX	48315359	48317041	retro_human_1422	0	-	SLC35A2	1682
chrX	48314038	48322203	ENSG00000102100[1,10,2]	0	-	48315205	48322112	0	4	1920,152,183,182,	0,2829,6251,7983,	chrX	48315359	48317041	retro_human_1422	0	-	SLC35A2	1682
chrX	48314038	48322484	ENSG00000102100[2,12,2]	0	-	48315068	48322353	0	4	1330,152,183,150,	0,2829,6251,8296,	chrX	48315359	48317041	retro_human_1422	0	-	SLC35A2	1682
chrX	48314038	48322484	ENSG00000102100[2,7,2]	0	-	48315205	48316261	0	3	2981,183,463,	0,6251,7983,	chrX	48315359	48317041	retro_human_1422	0	-	SLC35A2	1682
chrX	48314038	48322203	ENSG00000102100[1,7,2]	0	-	48315205	48316261	0	3	2981,183,182,	0,6251,7983,	chrX	48315359	48317041	retro_human_1422	0	-	SLC35A2	1682
chrX	48315591	48322203	ENSG00000102100[1,6,4]	0	-	48316916	48322112	0	4	367,117,183,182,	0,1276,4698,6430,	chrX	48315359	48317041	retro_human_1422	0	-	SLC35A2	1450
chrX	48316284	48322203	ENSG00000102100[1,2,5]	0	-	48316804	48322112	0	3	735,183,221,	0,4005,5698,	chrX	48315359	48317041	retro_human_1422	0	-	SLC35A2	757
chrX	48316284	48322203	ENSG00000102100[1,7,5]	0	-	48316804	48322112	0	3	735,183,182,	0,4005,5737,	chrX	48315359	48317041	retro_human_1422	0	-	SLC35A2	757
chrX	48645765	48646411	ENSG00000230216[1,1,1]	0	-	48645765	48645765	0	1	646,	0,	chrX	48645815	48646361	retro_human_5303|HSPB1P2-201|processed_pseudogene	0	-	HSPB1P2	546
chrX	48948284	48949234	ENSG00000213856[1,1,1]	0	-	48948284	48948284	0	1	950,	0,	chrX	48948334	48949184	retro_human_1435|VDAC1P2-201|processed_pseudogene	0	-	VDAC1P2	850
chrX	50603883	50608860	ENSG00000122824[3,1,1]	0	+	50604249	50604741	0	2	860,1337,	0,3640,	chrX	50604250	50604774	retro_human_1088	0	+	NUDT10	524
chrX	50604055	50608860	ENSG00000122824[1,1,1]	0	+	50604249	50604741	0	2	688,1337,	0,3468,	chrX	50604250	50604774	retro_human_1088	0	+	NUDT10	524
chrX	51015048	51017634	ENSG00000189369[1,1,4]	0	+	51015283	51017167	0	1	2586,	0,	chrX	51015311	51017167	retro_human_8075	0	+	GSPT2	1856
chrX	51015048	51016041	ENSG00000189369[1,1,3]	0	+	51015371	51015635	0	1	993,	0,	chrX	51015311	51017167	retro_human_8075	0	+	GSPT2	730
chrX	51015048	51015874	ENSG00000189369[1,1,2]	0	+	51015371	51015635	0	1	826,	0,	chrX	51015311	51017167	retro_human_8075	0	+	GSPT2	563
chrX	51015048	51017939	ENSG00000189369[1,1,1]	0	+	51015283	51017167	0	1	2891,	0,	chrX	51015311	51017167	retro_human_8075	0	+	GSPT2	1856
chrX	51016592	51017939	ENSG00000189369[2,1,1]	0	+	51016606	51017167	0	1	1347,	0,	chrX	51015311	51017167	retro_human_8075	0	+	GSPT2	575
chrX	51016592	51017634	ENSG00000189369[2,1,4]	0	+	51016606	51017167	0	1	1042,	0,	chrX	51015311	51017167	retro_human_8075	0	+	GSPT2	575
chrX	52429059	52430241	ENSG00000231340[1,1,1]	0	-	52429059	52429059	0	1	1182,	0,	chrX	52429109	52430191	retro_human_5877|ACTG1P10-201|processed_pseudogene	0	-	KANTR,ACTG1P10	1082
chrX	53115541	53116064	ENSG00000235916[1,1,1]	0	+	53115541	53115541	0	1	523,	0,	chrX	53115591	53116014	retro_human_2246|AC233279.1-201|processed_pseudogene	0	+	MRPS18CP7	423
chrX	55856890	55861232	ENSG00000188021[1,1,1]	0	+	55857187	55859059	0	1	4342,	0,	chrX	55857278	55859059	retro_human_2248	0	+	UBQLN2	1781
chrX	56030588	56031024	ENSG00000237748[1,1,1]	0	-	56030588	56030588	0	1	436,	0,	chrX	56030638	56030974	retro_human_8461|UQCRBP1-201|processed_pseudogene	0	-	UQCRBP1	336
chrX	56289606	56294703	ENSG00000204271[1,13,1]	0	-	56292999	56293773	0	3	1803,1163,662,	0,3006,4435,	chrX	56293000	56293773	retro_human_8086	0	-	SPIN3	773
chrX	56289606	56294703	ENSG00000204271[1,8,1]	0	-	56291271	56293773	0	3	1803,227,662,	0,3942,4435,	chrX	56293000	56293773	retro_human_8086	0	-	SPIN3	773
chrX	56289606	56294703	ENSG00000204271[1,5,1]	0	-	56292999	56293773	0	2	4169,597,	0,4500,	chrX	56293000	56293773	retro_human_8086	0	-	SPIN3	773
chrX	56289606	56294703	ENSG00000204271[1,30,1]	0	-	56292702	56293773	0	4	1803,102,227,662,	0,3006,3942,4435,	chrX	56293000	56293773	retro_human_8086	0	-	SPIN3	773
chrX	56289606	56294703	ENSG00000204271[1,36,1]	0	-	56292702	56293773	0	4	1803,102,227,636,	0,3006,3942,4461,	chrX	56293000	56293773	retro_human_8086	0	-	SPIN3	773
chrX	56289606	56294703	ENSG00000204271[1,4,1]	0	-	56292999	56293773	0	2	4169,636,	0,4461,	chrX	56293000	56293773	retro_human_8086	0	-	SPIN3	773
chrX	56289606	56294703	ENSG00000204271[1,2,1]	0	-	56292999	56293773	0	1	5097,	0,	chrX	56293000	56293773	retro_human_8086	0	-	SPIN3	773
chrX	56289606	56294703	ENSG00000204271[1,3,1]	0	-	56292999	56293773	0	2	4169,819,	0,4278,	chrX	56293000	56293773	retro_human_8086	0	-	SPIN3	773
chrX	56289606	56294703	ENSG00000204271[1,1,1]	0	-	56292999	56293773	0	2	4169,662,	0,4435,	chrX	56293000	56293773	retro_human_8086	0	-	SPIN3	773
chrX	56291555	56294703	ENSG00000204271[1,5,17]	0	-	56292999	56293773	0	2	2220,597,	0,2551,	chrX	56293000	56293773	retro_human_8086	0	-	SPIN3	773
chrX	56291555	56294703	ENSG00000204271[1,4,17]	0	-	56292999	56293773	0	2	2220,636,	0,2512,	chrX	56293000	56293773	retro_human_8086	0	-	SPIN3	773
chrX	56291555	56294703	ENSG00000204271[1,2,17]	0	-	56292999	56293773	0	1	3148,	0,	chrX	56293000	56293773	retro_human_8086	0	-	SPIN3	773
chrX	56291555	56294703	ENSG00000204271[1,1,17]	0	-	56292999	56293773	0	2	2220,662,	0,2486,	chrX	56293000	56293773	retro_human_8086	0	-	SPIN3	773
chrX	56367723	56368595	ENSG00000237708[1,1,1]	0	-	56367723	56367723	0	1	872,	0,	chrX	56367773	56368545	retro_human_4539|AL139397.2-201|processed_pseudogene	0	-	SPIN2P1	772
chrX	56691402	56694266	ENSG00000231831[1,1,1]	0	-	56691402	56691402	0	1	2864,	0,	chrX	56691452	56694216	retro_human_533|MTHFD1P1-201|processed_pseudogene	0	-	FAAH2	2764
chrX	61200278	61201455	ENSG00000236852[1,1,1]	0	+	61200278	61200278	0	1	1177,	0,	chrX	61200328	61201405	retro_human_1138|BX322784.1-201|processed_pseudogene	0	+	SSBL2P	1077
chrX	61772446	61776651	ENSG00000186767[1,1,1]	0	-	61775341	61776088	0	1	4205,	0,	chrX	61775345	61776061	retro_human_10874	0	-	SPIN4	716
chrX	63833624	63834313	ENSG00000228158[1,1,1]	0	+	63833624	63833624	0	1	689,	0,	chrX	63833674	63834263	retro_human_1450|TLE1P1-201|processed_pseudogene	0	+	TLE1P1	589
chrX	66503264	66504612	ENSG00000228328[1,1,1]	0	-	66503639	66503891	0	1	1348,	0,	chrX	66503314	66504562	retro_human_5659|AL158201.1-201|processed_pseudogene	0	-	PGK1P1	1248
chrX	67033573	67034048	ENSG00000236735[1,1,1]	0	+	67033573	67033573	0	1	475,	0,	chrX	67033623	67033998	retro_human_8840|RPL31P63-201|processed_pseudogene	0	+	RPL31P63	375
chrX	68495757	68497580	ENSG00000189401[1,1,1]	0	+	68495875	68496739	0	1	1823,	0,	chrX	68495912	68496700	retro_human_3327	0	+	OTUD6A	788
chrX	69396987	69397417	ENSG00000230629[1,1,1]	0	+	69396987	69396987	0	1	430,	0,	chrX	69397037	69397367	retro_human_8839|RPS23P8-201|processed_pseudogene	0	+	RPS23P8	330
chrX	69748963	69750031	ENSG00000224208[1,1,1]	0	-	69748963	69748963	0	2	441,299,	0,769,	chrX	69749013	69749981	AL590762.3-201|processed_pseudogene	0	-	AL590762.3,ZCRB1P1	968
chrX	69854133	69854665	ENSG00000213018[1,1,1]	0	-	69854133	69854133	0	1	532,	0,	chrX	69854183	69854615	retro_human_6715|AL590762.1-201|processed_pseudogene	0	-	PABPN1P1	432
chrX	69926116	69927062	ENSG00000243468[2,1,2]	0	-	69926116	69926116	0	1	946,	0,	chrX	69925765	69926533	retro_human_5583|INGX-202|transcribed_processed_pseudogene	0	-	TAF1	417
chrX	69926116	69927062	ENSG00000243468[2,1,2]	0	-	69926116	69926116	0	1	946,	0,	chrX	69926166	69927012	INGX-201|transcribed_processed_pseudogene	0	-	TAF1	846
chrX	70478113	70478561	ENSG00000196933[1,1,1]	0	+	70478163	70478508	0	1	448,	0,	chrX	70478163	70478511	retro_human_3003|RPS26P11-201|processed_pseudogene	0	+	RPS26P11	348
chrX	71093343	71093693	ENSG00000225858[1,1,1]	0	+	71093343	71093343	0	1	350,	0,	chrX	71093393	71093643	BX295541.1-201|processed_pseudogene	0	+	MATR3P1	250
chrX	71211052	71212642	ENSG00000269911[1,1,1]	0	+	71211131	71211428	0	1	1590,	0,	chrX	71211063	71211636	retro_human_3001	0	+	FAM226B	573
chrX	71436967	71439264	ENSG00000184388[2,1,2]	0	+	71437143	71437743	0	1	2297,	0,	chrX	71437132	71437731	retro_human_5407	0	+	PABPC1L2B	599
chrX	71907892	71908260	ENSG00000233162[1,1,1]	0	+	71907892	71907892	0	1	368,	0,	chrX	71907942	71908210	retro_human_9909|MORF4L1P6-201|processed_pseudogene	0	+	MORF4L1P6	268
chrX	72464956	72465415	ENSG00000233984[1,1,1]	0	+	72464956	72464956	0	1	459,	0,	chrX	72465006	72465365	RPSAP14-201|processed_pseudogene	0	+	FTX,JPX	359
chrX	72594549	72596116	ENSG00000224430[1,1,1]	0	-	72594549	72594549	0	1	1567,	0,	chrX	72594599	72596066	retro_human_7114|MKRN5P-201|processed_pseudogene	0	-	MKRN5P	1467
chrX	72607367	72607644	ENSG00000231549[1,1,1]	0	+	72607367	72607367	0	1	277,	0,	chrX	72607417	72607594	retro_human_9912|ATP5MDP1-201|processed_pseudogene	0	+	ATP5MKP1	177
chrX	72619405	72620730	ENSG00000204113[1,1,1]	0	+	72619405	72619405	0	1	1325,	0,	chrX	72619455	72620680	BMP2KL-201|processed_pseudogene	0	+	BMP2KL	1225
chrX	72636307	72638169	ENSG00000228492[1,1,1]	0	+	72636307	72636307	0	1	1862,	0,	chrX	72636357	72638119	retro_human_4389|RAB11FIP1P1-201|processed_pseudogene	0	+	FTX,RAB11FIP1P1	1762
chrX	72842927	72843610	ENSG00000213695[1,1,1]	0	+	72842927	72842927	0	1	683,	0,	chrX	72842977	72843560	retro_human_4391|RPS7P14-201|processed_pseudogene	0	+	RPS7P14	583
chrX	73016677	73017236	ENSG00000230673[1,1,1]	0	-	73016677	73016677	0	1	559,	0,	chrX	73016727	73017186	PABPC1P3-201|processed_pseudogene	0	-	PABPC1P3,RLIM	459
chrX	74174452	74180633	ENSG00000215105[1,1,1]	0	-	74174452	74174452	0	1	6181,	0,	chrX	74174502	74180583	retro_human_9411|TTC3P1-201|processed_pseudogene	0	-	TTC3P1	6081
chrX	74322337	74322626	ENSG00000226753[1,1,1]	0	+	74322337	74322337	0	1	289,	0,	chrX	74322387	74322576	AL451105.1-201|processed_pseudogene	0	+	AL138478.1,FOXN3P2	189
chrX	74463469	74464005	ENSG00000232332[1,1,1]	0	+	74463469	74463469	0	1	536,	0,	chrX	74463519	74463955	retro_human_4396|AC233982.1-201|processed_pseudogene	0	+	ARL5AP5	436
chrX	74768572	74769677	ENSG00000213684[1,1,1]	0	-	74768572	74768572	0	1	1105,	0,	chrX	74768622	74769627	retro_human_1325|LDHBP2-201|processed_pseudogene	0	-	LDHBP2	1005
chrX	75089258	75090420	ENSG00000235447[1,1,1]	0	-	75089258	75089258	0	1	1162,	0,	chrX	75089308	75090370	retro_human_4289|TRAPPC13P1-201|processed_pseudogene	0	-	TRAPPC13P1	1062
chrX	79143675	79144553	ENSG00000225715[1,1,1]	0	+	79143675	79143675	0	1	878,	0,	chrX	79143725	79144503	retro_human_9465|AL512504.1-201|processed_pseudogene	0	+	PSMA1P1	778
chrX	79363230	79364178	ENSG00000073905[1,1,1]	0	+	79363230	79363230	0	1	948,	0,	chrX	79363280	79364128	retro_human_4004|VDAC1P1-201|processed_pseudogene	0	+	VDAC1P1	848
chrX	86130309	86131270	ENSG00000237506[1,1,1]	0	-	86130309	86130309	0	1	961,	0,	chrX	86130359	86131220	retro_human_9816|RPSAP15-201|processed_pseudogene	0	-	RPSAP15	861
chrX	90434713	90435664	ENSG00000234702[1,1,1]	0	-	90434713	90434713	0	1	951,	0,	chrX	90434763	90435614	retro_human_2874|VDAC1P3-201|processed_pseudogene	0	-	VDAC1P3	851
chrX	90565314	90566630	ENSG00000229132[1,1,1]	0	-	90565314	90565314	0	1	1316,	0,	chrX	90565364	90566580	retro_human_4822|EIF4A1P10-201|processed_pseudogene	0	-	EIF4A1P10	1216
chrX	93945593	93946126	ENSG00000223467[1,1,1]	0	+	93945593	93945593	0	1	533,	0,	chrX	93945643	93946076	retro_human_9082|CALM1P1-201|processed_pseudogene	0	+	CALM1P1	433
chrX	99243669	99245642	ENSG00000238116[1,1,1]	0	+	99243669	99243669	0	1	1973,	0,	chrX	99243719	99245592	retro_human_8643|Z95327.2-201|processed_pseudogene	0	+	RAD21P1	1873
chrX	99353341	99354219	ENSG00000179031[1,1,1]	0	+	99353341	99353341	0	1	878,	0,	chrX	99353391	99354169	retro_human_8642|NSA2P3-201|processed_pseudogene	0	+	NSA2P3	778
chrX	99399226	99400273	ENSG00000182574[1,1,1]	0	+	99399226	99399226	0	1	1047,	0,	chrX	99399276	99400223	retro_human_8644|Z97985.1-201|processed_pseudogene	0	+	CSGALNACT2P1,XKRX	947
chrX	99635143	99635538	ENSG00000231643[1,1,1]	0	-	99635143	99635143	0	1	395,	0,	chrX	99635193	99635488	Z70280.1-201|processed_pseudogene	0	-	YWHAQP8	295
chrX	99781797	99782462	ENSG00000270813[1,1,1]	0	-	99781797	99781797	0	1	665,	0,	chrX	99781847	99782412	NANOGNBP3-201|processed_pseudogene	0	-	NANOGNBP3	565
chrX	99852286	99858298	ENSG00000126945[1,3,1]	0	+	99856103	99857450	255	2	345,2248,	0,3764,	chrX	99856104	99857450	retro_human_8639	0	+	RPL36A-HNRNPH2,HNRNPH2	1346
chrX	99852286	99858298	ENSG00000126945[1,2,1]	0	+	99856103	99857450	255	2	136,2248,	0,3764,	chrX	99856104	99857450	retro_human_8639	0	+	RPL36A-HNRNPH2,HNRNPH2	1346
chrX	99852286	99858298	ENSG00000126945[1,1,1]	0	+	99856103	99857450	0	2	148,2248,	0,3764,	chrX	99856104	99857450	retro_human_8639	0	+	RPL36A-HNRNPH2,HNRNPH2	1346
chrX	99887804	99888301	ENSG00000234557[1,1,1]	0	-	99887804	99887804	0	1	497,	0,	chrX	99887854	99888251	retro_human_2473|PPIAP90-201|processed_pseudogene	0	-	ARMCX4	397
chrX	99982067	99983957	ENSG00000237682[1,1,1]	0	-	99982067	99982067	0	1	1890,	0,	chrX	99982117	99983907	retro_human_3501|AC234775.2-201|processed_pseudogene	0	-	PRKCIP1	1790
chrX	100223517	100225187	ENSG00000178146[1,1,1]	0	-	100223517	100223517	0	1	1670,	0,	chrX	100223567	100225137	retro_human_2486|AL672207.1-201|processed_pseudogene	0	-	GK4P	1570
chrX	100991163	100992743	ENSG00000176318[1,1,1]	0	-	100991163	100991163	0	1	1580,	0,	chrX	100991213	100992693	retro_human_4010|FOXN3P1-201|processed_pseudogene	0	-	FOXN3P1	1480
chrX	101382180	101383309	ENSG00000102128[1,1,1]	0	+	101382277	101383111	0	1	1129,	0,	chrX	101382277	101383111	retro_human_3193	0	+	RAB40AL,Z95624.1	834
chrX	101520686	101538120	ENSG00000147206[1,9,1]	0	-	101527105	101537950	255	19	241,61,133,73,43,116,59,108,56,69,1789,89,70,81,105,84,154,169,198,	0,481,1854,2800,3461,3599,3824,4003,4253,4388,4816,7000,7244,7433,7638,7849,8582,8955,17236,	chrX	101532124	101534204	retro_human_3191|Z75746.1-201|processed_pseudogene	0	+	LOC100128601	2080
chrX	101520686	101538120	ENSG00000147206[1,1,1]	0	-	101521219	101537950	0	20	241,61,133,73,43,116,59,108,56,69,37,110,89,70,81,105,84,154,169,198,	0,481,1854,2800,3461,3599,3824,4003,4253,4388,4816,6495,7000,7244,7433,7638,7849,8582,8955,17236,	chrX	101532124	101534204	retro_human_3191|Z75746.1-201|processed_pseudogene	0	+	LOC100128601	2080
chrX	101532074	101534254	ENSG00000226241[1,1,1]	0	+	101532074	101532074	0	1	2180,	0,	chrX	101532124	101534204	retro_human_3191|Z75746.1-201|processed_pseudogene	0	+	LOC100128601	2080
chrX	101944483	101947378	ENSG00000234405[2,2,1]	0	+	101944483	101944483	0	2	141,591,	0,2304,	chrX	101946937	101947767	retro_human_1270	0	-	RAB40A,Z69733.1	441
chrX	101946710	101949936	ENSG00000172476[2,2,2]	0	-	101946936	101947767	0	1	3226,	0,	chrX	101946937	101947767	retro_human_1270	0	-	RAB40A,Z69733.1	830
chrX	102503556	102504152	ENSG00000235946[1,1,1]	0	-	102503556	102503556	0	1	596,	0,	chrX	102503606	102504102	H2BW3P-1|processed_pseudogene	0	-	H2BW3P	496
chrX	104633666	104640987	ENSG00000157502[2,3,1]	0	+	104637413	104639501	0	3	84,186,3788,	0,2299,3533,	chrX	104637411	104639444	retro_human_1570	0	+	PWWP3B	2033
chrX	105568141	105568852	ENSG00000213569[1,1,1]	0	+	105568141	105568141	0	1	711,	0,	chrX	105568191	105568802	retro_human_1559|AL390039.1-201|processed_pseudogene	0	+	GTF3C6P2	611
chrX	105708931	105710106	ENSG00000204053[1,1,1]	0	+	105708931	105708931	0	1	1175,	0,	chrX	105708981	105710056	retro_human_1558|MYCLP1-201|processed_pseudogene	0	+	MYCLP1	1075
chrX	108794562	108794869	ENSG00000133136[2,2,2]	0	-	108794562	108794562	0	1	307,	0,	chrX	108794612	108794819	retro_human_7205|GNG5P2-201|processed_pseudogene	0	-	GNG5B	207
chrX	108968165	108970975	ENSG00000225366[1,1,1]	0	+	108968165	108968165	0	1	2810,	0,	chrX	108969033	108969600	retro_human_594|TDGF1P3-201|transcribed_processed_pseudogene	0	+	TDGF1P3	567
chrX	108968165	108970975	ENSG00000225366[1,1,1]	0	+	108968165	108968165	0	1	2810,	0,	chrX	108968215	108970925	TDGF1P3-202|transcribed_processed_pseudogene	0	+	TDGF1P3	2710
chrX	108968983	108969650	ENSG00000225366[2,1,2]	0	+	108968983	108968983	0	1	667,	0,	chrX	108969033	108969600	retro_human_594|TDGF1P3-201|transcribed_processed_pseudogene	0	+	TDGF1P3	567
chrX	108968983	108969650	ENSG00000225366[2,1,2]	0	+	108968983	108968983	0	1	667,	0,	chrX	108968215	108970925	TDGF1P3-202|transcribed_processed_pseudogene	0	+	TDGF1P3	667
chrX	110067866	110069779	ENSG00000225031[1,1,1]	0	-	110067866	110067866	0	1	1913,	0,	chrX	110067916	110069729	retro_human_10170|EIF4BP7-201|processed_pseudogene	0	-	EIF4BP7	1813
chrX	114127074	114127462	ENSG00000228532[1,1,1]	0	-	114127074	114127074	0	1	388,	0,	chrX	114127124	114127412	retro_human_1730|AC005000.1-201|processed_pseudogene	0	-	SUMO2P21	288
chrX	117147483	117148645	ENSG00000250995[1,1,1]	0	+	117147959	117148598	0	1	1162,	0,	chrX	117147533	117148595	retro_human_10966|AL391280.2-201|processed_pseudogene	0	+	TMEM30BP1	1062
chrX	118596353	118620380	ENSG00000233382[2,6,6]	0	-	118596353	118596353	0	2	348,560,	0,23467,	chrX	118611514	118620290	NKAPP1-201|transcribed_processed_pseudogene	0	-	NKAPP1	8776
chrX	118596353	118620380	ENSG00000233382[2,6,6]	0	-	118596353	118596353	0	2	348,560,	0,23467,	chrX	118615452	118620268	NKAPP1-206|transcribed_processed_pseudogene	0	-	NKAPP1	4816
chrX	118611464	118620380	ENSG00000233382[2,3,2]	0	-	118611464	118611464	0	3	1835,129,560,	0,3819,8356,	chrX	118611514	118620290	NKAPP1-201|transcribed_processed_pseudogene	0	-	NKAPP1	8776
chrX	118611464	118620380	ENSG00000233382[2,3,2]	0	-	118611464	118611464	0	3	1835,129,560,	0,3819,8356,	chrX	118615452	118620268	NKAPP1-206|transcribed_processed_pseudogene	0	-	NKAPP1	4816
chrX	118612987	118620380	ENSG00000233382[2,3,7]	0	-	118612987	118612987	0	3	312,129,560,	0,2296,6833,	chrX	118611514	118620290	NKAPP1-201|transcribed_processed_pseudogene	0	-	NKAPP1	7303
chrX	118612987	118620380	ENSG00000233382[2,3,7]	0	-	118612987	118612987	0	3	312,129,560,	0,2296,6833,	chrX	118615452	118620268	NKAPP1-206|transcribed_processed_pseudogene	0	-	NKAPP1	4816
chrX	118619765	118620380	ENSG00000233382[2,1,3]	0	-	118619765	118619765	0	1	615,	0,	chrX	118615452	118620268	NKAPP1-206|transcribed_processed_pseudogene	0	-	NKAPP1	503
chrX	118619765	118620380	ENSG00000233382[2,1,3]	0	-	118619765	118619765	0	1	615,	0,	chrX	118619815	118620182	NKAPP1-205|transcribed_processed_pseudogene	0	-	NKAPP1	367
chrX	119347418	119350003	ENSG00000182890[1,1,1]	0	+	119347543	119349217	0	1	2585,	0,	chrX	119347543	119349217	retro_human_10015	0	+	GLUD2	1674
chrX	121823152	121823652	ENSG00000179101[1,1,1]	0	+	121823152	121823152	0	1	500,	0,	chrX	121823202	121823602	retro_human_5694|H3P47-201|processed_pseudogene	0	+	H3P47	400
chrX	121913545	121914438	ENSG00000232149[1,1,1]	0	+	121913545	121913545	0	1	893,	0,	chrX	121913595	121914388	retro_human_5764|FERP1-201|processed_pseudogene	0	+	THOC2,FERP1	793
chrX	124476155	124478854	ENSG00000198354[2,1,1]	0	-	124477242	124478631	0	1	2699,	0,	chrX	124477243	124478610	retro_human_6809	0	-	DCAF12L2	1367
chrX	124862072	124865604	ENSG00000198889[1,1,1]	0	-	124863959	124865348	0	2	1775,1670,	0,1862,	chrX	124863960	124865327	retro_human_6811	0	-	DCAF12L1	1367
chrX	127726858	127727198	ENSG00000226339[1,1,1]	0	+	127726858	127726858	0	1	340,	0,	chrX	127726908	127727148	retro_human_1142|RPS26P56-201|processed_pseudogene	0	+	RPS26P56	240
chrX	128814738	128816462	ENSG00000221930[1,1,2]	0	+	128814738	128814738	0	1	1724,	0,	chrX	128814788	128816412	retro_human_1140|DENND10P1-202|transcribed_processed_pseudogene	0	+	DENND10P1	1624
chrX	128814738	128816462	ENSG00000221930[1,1,2]	0	+	128814738	128814738	0	1	1724,	0,	chrX	128814982	128816056	DENND10P1-201|transcribed_processed_pseudogene	0	+	DENND10P1	1074
chrX	128965440	128966143	ENSG00000238188[1,1,1]	0	+	128965440	128965440	0	1	703,	0,	chrX	128965490	128966093	retro_human_1146|AL049733.1-201|processed_pseudogene	0	+	SPRING1P2	603
chrX	129597558	129603175	ENSG00000147255[7,12,1]	0	-	129597901	129602846	255	10	476,124,279,288,288,288,288,279,291,202,	0,627,1143,1543,2022,2505,3483,4400,5005,5415,	chrX	129600134	129601321	retro_human_8591	0	-	IGSF1	1187
chrX	129597558	129605499	ENSG00000147255[9,20,1]	0	-	129597901	129603407	255	11	476,124,279,288,288,288,288,279,291,33,2126,	0,627,1143,1543,2022,2505,3483,4400,5005,5687,5815,	chrX	129600134	129601321	retro_human_8591	0	-	IGSF1	1187
chrX	129597558	129603175	ENSG00000147255[7,19,1]	0	-	129597901	129602882	255	9	476,124,279,288,288,288,288,279,612,	0,627,1143,1543,2022,2505,3483,4400,5005,	chrX	129600134	129601321	retro_human_8591	0	-	IGSF1	1187
chrX	129597558	129602862	ENSG00000147255[12,19,1]	0	-	129597901	129602846	255	9	476,124,279,288,288,288,288,279,299,	0,627,1143,1543,2022,2505,3483,4400,5005,	chrX	129600134	129601321	retro_human_8591	0	-	IGSF1	1187
chrX	130119844	130120455	ENSG00000241418[1,1,1]	0	-	130119844	130119844	0	1	611,	0,	chrX	130119894	130120405	retro_human_8572|MCRIP2P1-201|processed_pseudogene	0	-	FIRRE,MCRIP2P1	511
chrX	131231933	131232330	ENSG00000227064[1,1,1]	0	-	131232012	131232252	0	1	397,	0,	chrX	131231983	131232280	retro_human_11011|Z82205.1-201|processed_pseudogene	0	-	NAA20P1	297
chrX	131541343	131543136	ENSG00000183434[1,1,1]	0	-	131541776	131542991	0	1	1793,	0,	chrX	131541843	131542991	retro_human_11009	0	-	TFDP3	1148
chrX	131996052	131996568	ENSG00000227008[1,1,1]	0	+	131996052	131996052	0	1	516,	0,	chrX	131996102	131996518	retro_human_6090|AL009174.1-201|processed_pseudogene	0	+	RPS24P19	416
chrX	132491778	132492129	ENSG00000224908[1,1,1]	0	+	132491778	132491778	0	1	351,	0,	chrX	132491828	132492079	retro_human_1|TIMM8BP2-201|processed_pseudogene	0	+	TIMM8BP2	251
chrX	132932312	132932888	ENSG00000236509[1,1,1]	0	+	132932312	132932312	0	1	576,	0,	chrX	132932362	132932838	retro_human_3428|RPL21P133-201|processed_pseudogene	0	+	RPL21P133	476
chrX	132975984	132976666	ENSG00000237432[1,1,1]	0	+	132975984	132975984	0	1	682,	0,	chrX	132976034	132976616	retro_human_3429|RPS7P12-201|processed_pseudogene	0	+	RPS7P12	582
chrX	133758652	133764427	ENSG00000225769[1,1,1]	0	+	133758652	133758652	0	1	5775,	0,	chrX	133758702	133764377	retro_human_10193|CROCCP1-201|processed_pseudogene	0	+	CROCCP1	5675
chrX	134406185	134406799	ENSG00000231513[1,1,1]	0	-	134406185	134406185	0	1	614,	0,	chrX	134406235	134406749	retro_human_1930|E2F6P4-201|processed_pseudogene	0	-	E2F6P4	514
chrX	135115874	135116629	ENSG00000225125[1,1,1]	0	-	135115874	135115874	0	1	755,	0,	chrX	135115924	135116579	retro_human_9815|RANP4-201|processed_pseudogene	0	-	RANP4	655
chrX	135156054	135156805	ENSG00000225400[1,1,1]	0	+	135156054	135156054	0	1	751,	0,	chrX	135156104	135156755	retro_human_4693|RAB28P5-201|processed_pseudogene	0	+	AL683813.2,RAB28P5	651
chrX	138403552	138404536	ENSG00000230707[1,1,2]	0	+	138403552	138403552	0	1	984,	0,	chrX	138403667	138404486	retro_human_2151|AL589987.1-201|processed_pseudogene	0	+	HAPSTR2	819
chrX	146317710	146318324	ENSG00000219507[1,1,1]	0	+	146317710	146317710	0	1	614,	0,	chrX	146317760	146318274	retro_human_7217|FTH1P8-201|processed_pseudogene	0	+	FTH1P8	514
chrX	148498583	148500505	ENSG00000234825[1,1,1]	0	-	148498583	148498583	0	1	1922,	0,	chrX	148498633	148500455	retro_human_902|XRCC6P2-201|processed_pseudogene	0	-	XRCC6P2	1822
chrX	149260918	149261609	ENSG00000230508[1,1,1]	0	+	149260918	149260918	0	1	691,	0,	chrX	149260968	149261559	retro_human_10870|RPL19P21-201|processed_pseudogene	0	+	RPL19P21	591
chrX	150746127	150747675	ENSG00000223940[1,1,1]	0	+	150746127	150746127	0	1	1548,	0,	chrX	150746177	150747625	retro_human_10901|KRT8P8-201|processed_pseudogene	0	+	KRT8P8	1448
chrX	151544319	151545382	ENSG00000278803[2,1,1]	0	+	151544319	151544319	0	1	1063,	0,	chrX	151539146	151545328	retro_human_1860|AC152010.1-201|processed_pseudogene	0	+	PWWP4	1009
chrX	151872918	151882912	ENSG00000260081[1,2,2]	0	+	151872918	151872918	0	2	634,2073,	0,7921,	chrX	151872968	151882862	AF274858.1-201|transcribed_processed_pseudogene	0	+	AF274858.1,MRFAP1P1	9894
chrX	151872918	151882912	ENSG00000260081[1,2,2]	0	+	151872918	151872918	0	2	634,2073,	0,7921,	chrX	151873016	151881587	AF274858.1-203|transcribed_processed_pseudogene	0	+	AF274858.1,MRFAP1P1	8571
chrX	151872918	151882912	ENSG00000260081[1,2,2]	0	+	151872918	151872918	0	2	634,2073,	0,7921,	chrX	151873096	151887537	AF274858.1-205|transcribed_processed_pseudogene	0	+	AF274858.1,MRFAP1P1	9816
chrX	151872918	151881637	ENSG00000260081[1,5,6]	0	+	151872918	151872918	0	2	634,1540,	0,7179,	chrX	151872968	151882862	AF274858.1-201|transcribed_processed_pseudogene	0	+	AF274858.1,MRFAP1P1	8669
chrX	151872918	151881637	ENSG00000260081[1,5,6]	0	+	151872918	151872918	0	2	634,1540,	0,7179,	chrX	151873016	151881587	AF274858.1-203|transcribed_processed_pseudogene	0	+	AF274858.1,MRFAP1P1	8571
chrX	151872918	151881637	ENSG00000260081[1,5,6]	0	+	151872918	151872918	0	2	634,1540,	0,7179,	chrX	151873096	151887537	AF274858.1-205|transcribed_processed_pseudogene	0	+	AF274858.1,MRFAP1P1	8541
chrX	151872918	151873597	ENSG00000260081[1,1,4]	0	+	151872918	151872918	0	1	679,	0,	chrX	151872993	151873547	AF274858.1-202|transcribed_processed_pseudogene	0	+	AF274858.1	554
chrX	151873234	151873597	ENSG00000260081[4,1,4]	0	+	151873234	151873234	0	1	363,	0,	chrX	151872993	151873547	AF274858.1-202|transcribed_processed_pseudogene	0	+	AF274858.1	313
chrX	152638956	152640166	ENSG00000013563[4,7,3]	0	-	152639460	152639601	0	3	754,113,125,	0,832,1085,	chrX	152639299	152639899	retro_human_2580	0	-	DNASE1L1,RPL10	600
chrX	153053447	153053850	ENSG00000229237[1,1,1]	0	-	153053500	153053800	0	1	403,	0,	chrX	153053497	153053800	retro_human_7212|HMGN1P37-201|processed_pseudogene	0	-	HMGN1P37	303
chrX	153495492	153501849	ENSG00000155961[1,1,1]	0	-	153498113	153501596	0	2	3045,468,	0,5889,	chrX	153498177	153501584	retro_human_1437	0	-	RAB39B	3407
chrX	153496454	153501849	ENSG00000155961[1,1,2]	0	-	153498113	153501596	0	2	2083,468,	0,4927,	chrX	153498177	153501584	retro_human_1437	0	-	RAB39B	3407
chrX	153497986	153501849	ENSG00000155961[1,1,3]	0	-	153498113	153501596	0	2	551,468,	0,3395,	chrX	153498177	153501584	retro_human_1437	0	-	RAB39B	3407
chrX	153527625	153528719	ENSG00000225008[1,1,1]	0	-	153528319	153528463	0	1	1094,	0,	chrX	153527675	153528669	retro_human_1436|AC234781.2-201|processed_pseudogene	0	-	TWF1P2	994
chrY	2672178	2672485	ENSG00000223600[1,1,1]	0	-	2672178	2672178	0	1	307,	0,	chrY	2672228	2672435	EEF1A1P41-201|processed_pseudogene	0	-	EEF1A1P41	207
chrY	5473271	5473809	ENSG00000235175[1,1,1]	0	-	5473271	5473271	0	1	538,	0,	chrY	5473321	5473759	retro_human_10013|RPL26P37-201|processed_pseudogene	0	-	RPL26P37	438
chrY	14193292	14194133	ENSG00000215414[1,1,1]	0	+	14193292	14193292	0	1	841,	0,	chrY	14193342	14194083	retro_human_11221|PSMA6P1-201|processed_pseudogene	0	+	PSMA6P1	741
chrY	19085366	19085795	ENSG00000236599[1,1,1]	0	-	19085366	19085366	0	1	429,	0,	chrY	19085416	19085745	ELOCP26-201|processed_pseudogene	0	-	ELOCP26	329
chrY	19898920	19899263	ENSG00000185275[1,1,1]	0	-	19898920	19898920	0	1	343,	0,	chrY	19898970	19899213	retro_human_482|CD24P4-201|processed_pseudogene	0	-	CD24P4	243
chrY	26205483	26206487	ENSG00000233944[1,1,1]	0	-	26205483	26205483	0	1	1004,	0,	chrY	26205501	26206283	LINC00265-2P-1|processed_pseudogene	0	-	LINC00265-3P	782
chr10	5501883	5502857	ENSG00000178372[1,1,1]	0	-	5502237	5502675	0	1	974,	0,	chr10	5502244	5502675	retro_human_2049	0	-	CALML5	431
chr10	13118857	13119177	ENSG00000235763[1,1,1]	0	-	13118857	13118857	0	1	320,	0,	chr10	13118907	13119127	retro_human_7870|SNRPGP5-201|processed_pseudogene	0	-	SNRPGP5	220
chr10	13171256	13172811	ENSG00000203414[1,1,1]	0	-	13171256	13171256	0	1	1555,	0,	chr10	13171306	13172761	BTBD7P1-201|processed_pseudogene	0	-	BTBD7P1	1455
chr10	13604411	13605375	ENSG00000227474[1,1,1]	0	-	13604411	13604411	0	1	964,	0,	chr10	13604461	13605325	retro_human_921|RPL6P24-201|processed_pseudogene	0	-	PRPF18	864
chr10	17595812	17596763	ENSG00000236582[1,1,1]	0	+	17595812	17595812	0	1	951,	0,	chr10	17595862	17596713	retro_human_10748|PRPF38AP2-201|processed_pseudogene	0	+	PRPF38AP2	851
chr10	22244706	22245133	ENSG00000227462[1,1,1]	0	+	22244706	22244706	0	1	427,	0,	chr10	22244756	22245083	retro_human_10348|PSME2P6-201|processed_pseudogene	0	+	PSME2P6	327
chr10	22285973	22286429	ENSG00000233318[1,1,1]	0	+	22285973	22285973	0	1	456,	0,	chr10	22286023	22286379	retro_human_10347|RPL31P45-201|processed_pseudogene	0	+	RPL31P45	356
chr10	23155872	23156710	ENSG00000229932[1,1,1]	0	+	23155872	23155872	0	1	838,	0,	chr10	23155922	23156660	retro_human_10346|YWHAZP3-201|processed_pseudogene	0	+	YWHAZP3	738
chr10	27273098	27280869	ENSG00000262412[1,1,1]	0	+	27273098	27273098	0	2	305,797,	0,6974,	chr10	27276368	27281808	retro_human_6725|LRRC37A6P-202|transcribed_processed_pseudogene	0	-	AL160291.1,LRRC37A6P	4501
chr10	27273098	27280869	ENSG00000262412[1,1,1]	0	+	27273098	27273098	0	2	305,797,	0,6974,	chr10	27277319	27280577	LRRC37A6P-201|transcribed_processed_pseudogene	0	-	AL160291.1,LRRC37A6P	3258
chr10	27277269	27280627	ENSG00000230445[3,1,3]	0	-	27277269	27277269	0	1	3358,	0,	chr10	27276368	27281808	retro_human_6725|LRRC37A6P-202|transcribed_processed_pseudogene	0	-	AL160291.1,LRRC37A6P	3358
chr10	27277269	27280627	ENSG00000230445[3,1,3]	0	-	27277269	27277269	0	1	3358,	0,	chr10	27277319	27280577	LRRC37A6P-201|transcribed_processed_pseudogene	0	-	AL160291.1,LRRC37A6P	3258
chr10	27280962	27289564	ENSG00000230445[2,2,2]	0	-	27280962	27280962	0	4	233,211,81,148,	0,353,6966,8454,	chr10	27281012	27289514	LRRC37A6P-204|transcribed_processed_pseudogene	0	-	LRRC37A6P	8502
chr10	27408223	27408548	ENSG00000237956[1,1,1]	0	-	27408223	27408223	0	1	325,	0,	chr10	27408273	27408498	retro_human_6723|TRIAP1P1-201|processed_pseudogene	0	-	TRIAP1P1	225
chr10	28930832	28931421	ENSG00000229605[1,1,1]	0	-	28930832	28930832	0	1	589,	0,	chr10	28930882	28931371	RPL21P93-201|processed_pseudogene	0	-	RPL21P93	489
chr10	29728908	29729248	ENSG00000225976[1,1,1]	0	+	29728908	29728908	0	1	340,	0,	chr10	29728958	29729198	retro_human_10340|CKS1BP2-201|processed_pseudogene	0	+	CKS1BP2	240
chr10	32131451	32132323	ENSG00000234335[1,1,1]	0	-	32131451	32131451	0	1	872,	0,	chr10	32131501	32132273	retro_human_1281|RPS4XP11-201|processed_pseudogene	0	-	RPS4XP11	772
chr10	32217328	32217923	ENSG00000217094[1,1,1]	0	-	32217328	32217328	0	1	595,	0,	chr10	32217378	32217873	retro_human_1282|PPIAP31-201|processed_pseudogene	0	-	PPIAP31	495
chr10	32539937	32540439	ENSG00000231245[1,1,1]	0	-	32539937	32539937	0	1	502,	0,	chr10	32539987	32540389	retro_human_1288|C1DP1-201|processed_pseudogene	0	-	CCDC7,C1DP1	402
chr10	32973148	32973767	ENSG00000228816[1,1,1]	0	+	32973148	32973148	0	1	619,	0,	chr10	32973198	32973717	retro_human_4024|AK3P5-201|processed_pseudogene	0	+	AK3P5	519
chr10	34704091	34704598	ENSG00000215184[1,1,1]	0	-	34704317	34704515	0	1	507,	0,	chr10	34704141	34704548	retro_human_1280|RPS12P16-201|processed_pseudogene	0	-	RPS12P16	407
chr10	34903677	34903990	ENSG00000232525[1,1,1]	0	+	34903677	34903677	0	1	313,	0,	chr10	34903727	34903940	retro_human_4022|SS18L2P1-201|processed_pseudogene	0	+	SS18L2P1	213
chr10	38756850	38758429	ENSG00000227264[1,1,1]	0	+	38756850	38756850	0	1	1579,	0,	chr10	38756900	38758379	retro_human_611|ACTR3BP5-201|processed_pseudogene	0	+	ACTR3BP5	1479
chr10	43397188	43398640	ENSG00000234420[1,1,2]	0	-	43397188	43397188	0	1	1452,	0,	chr10	43397238	43398590	retro_human_115|ZNF37BP-203|transcribed_processed_pseudogene	0	-	ZNF37BP	1352
chr10	43398314	43430421	ENSG00000234420[2,4,3]	0	-	43398314	43398314	0	5	357,124,127,121,2319,	0,2411,2843,4771,29788,	chr10	43391051	43430340	ZNF37BP-202|transcribed_processed_pseudogene	0	-	ZNF37BP	32026
chr10	44264555	44276385	ENSG00000169813[3,3,1]	0	-	44265628	44266873	0	4	2370,59,135,212,	0,9063,10889,11618,	chr10	44265635	44266873	retro_human_117	0	-	MSTRG.665,HNRNPF	1238
chr10	44264555	44275870	ENSG00000169813[2,2,1]	0	-	44265628	44266873	0	3	2370,59,426,	0,9063,10889,	chr10	44265635	44266873	retro_human_117	0	-	MSTRG.665,HNRNPF	1238
chr10	44264960	44276385	ENSG00000169813[3,9,2]	0	-	44265628	44266873	255	4	1965,59,135,209,	0,8658,10484,11216,	chr10	44265635	44266873	retro_human_117	0	-	MSTRG.665,HNRNPF	1238
chr10	44264960	44276385	ENSG00000169813[3,8,2]	0	-	44265628	44266873	255	5	1965,136,59,135,212,	0,5341,8658,10484,11213,	chr10	44265635	44266873	retro_human_117	0	-	MSTRG.665,HNRNPF	1238
chr10	44404120	44406182	ENSG00000236114[1,1,1]	0	+	44404120	44404120	0	1	2062,	0,	chr10	44404132	44404711	retro_human_592	0	+	AL450326.2,LOC100130881,ZNF487	579
chr10	44404120	44406182	ENSG00000236114[1,1,1]	0	+	44404120	44404120	0	1	2062,	0,	chr10	44404888	44405841	retro_human_591	0	+	AL450326.2,LOC100130881,ZNF487	953
chr10	44485714	44487223	ENSG00000232004[1,1,1]	0	-	44485714	44485714	0	1	1509,	0,	chr10	44485764	44487173	retro_human_974|CAP1P2-201|processed_pseudogene	0	-	CAP1P2	1409
chr10	45881380	45885952	ENSG00000165512[2,1,3]	0	+	45884324	45884996	0	2	554,1717,	0,2855,	chr10	45884301	45884948	retro_human_1340	0	+	CEP164P1,ZNF22	647
chr10	45881380	45885083	ENSG00000165512[2,1,2]	0	+	45884324	45884996	0	2	554,848,	0,2855,	chr10	45884301	45884948	retro_human_1340	0	+	CEP164P1,ZNF22	647
chr10	45881380	45886337	ENSG00000165512[2,1,1]	0	+	45884324	45884996	0	2	554,2102,	0,2855,	chr10	45884301	45884948	retro_human_1340	0	+	CEP164P1,ZNF22	647
chr10	45881828	45885952	ENSG00000165512[1,1,3]	0	+	45884324	45884996	0	2	106,1717,	0,2407,	chr10	45884301	45884948	retro_human_1340	0	+	CEP164P1,ZNF22	647
chr10	45881828	45885083	ENSG00000165512[1,1,2]	0	+	45884324	45884996	0	2	106,848,	0,2407,	chr10	45884301	45884948	retro_human_1340	0	+	CEP164P1,ZNF22	647
chr10	45881828	45886337	ENSG00000165512[1,1,1]	0	+	45884324	45884996	0	2	106,2102,	0,2407,	chr10	45884301	45884948	retro_human_1340	0	+	CEP164P1,ZNF22	647
chr10	45954081	45954577	ENSG00000228462[1,1,1]	0	-	45954081	45954081	0	1	496,	0,	chr10	45954131	45954527	retro_human_5884|RPS19P7-201|processed_pseudogene	0	-	RPS19P7	396
chr10	46606630	46607075	ENSG00000228702[1,1,1]	0	-	46606630	46606630	0	1	445,	0,	chr10	46606680	46607025	retro_human_5882|AL645998.1-201|processed_pseudogene	0	-	LOC107984227	345
chr10	46821374	46821804	ENSG00000264217[1,1,1]	0	+	46821374	46821374	0	1	430,	0,	chr10	46821424	46821754	retro_human_7377|RPL35AP23-201|processed_pseudogene	0	+	RPL35AP23	330
chr10	46944091	46944657	ENSG00000280012[1,1,1]	0	+	46944091	46944091	0	1	566,	0,	chr10	46944141	46944607	retro_human_7378|RPL23AP61-201|processed_pseudogene	0	+	RPL23AP61	466
chr10	47520888	47521950	ENSG00000229927[1,1,2]	0	-	47520888	47520888	0	1	1062,	0,	chr10	47521344	47521900	retro_human_6043|RHEBP1-201|processed_pseudogene	0	-	LINC02637,SHLD2P1,RHEBP1	556
chr10	47521294	47521950	ENSG00000229927[1,1,1]	0	-	47521294	47521294	0	1	656,	0,	chr10	47521344	47521900	retro_human_6043|RHEBP1-201|processed_pseudogene	0	-	LINC02637,SHLD2P1,RHEBP1	556
chr10	47662407	47664267	ENSG00000215097[1,1,1]	0	-	47662407	47662407	0	1	1860,	0,	chr10	47662457	47664217	retro_human_6042|AL731733.1-201|processed_pseudogene	0	-	DUSP8P2	1760
chr10	48455504	48457365	ENSG00000215065[1,1,1]	0	+	48455504	48455504	0	1	1861,	0,	chr10	48455554	48457315	retro_human_2292|BX547991.1-201|processed_pseudogene	0	+	GLUD1P6,DUSP8P1	1761
chr10	48597327	48598548	ENSG00000226964[2,1,2]	0	+	48597327	48597327	0	1	1221,	0,	chr10	48597533	48598133	retro_human_2291|RHEBP2-201|processed_pseudogene	0	+	LINC02637,LOC107984289,SHLD2P3	600
chr10	48597483	48598183	ENSG00000226964[1,1,1]	0	+	48597483	48597483	0	1	700,	0,	chr10	48597533	48598133	retro_human_2291|RHEBP2-201|processed_pseudogene	0	+	LINC02637,LOC107984289,SHLD2P3	600
chr10	50759202	50759632	ENSG00000230166[1,1,1]	0	+	50759202	50759202	0	1	430,	0,	chr10	50759252	50759582	retro_human_7764|RPL35AP24-201|processed_pseudogene	0	+	RPL35AP24	330
chr10	51113111	51115049	ENSG00000225137[1,1,1]	0	+	51113111	51113111	0	1	1938,	0,	chr10	51113161	51114999	retro_human_7763|DYNC1I2P1-201|processed_pseudogene	0	+	DYNC1I2P1	1838
chr10	51473526	51484577	ENSG00000226200[1,1,4]	0	+	51473526	51473526	0	4	299,136,148,6384,	0,1777,4121,4667,	chr10	51478148	51479692	retro_human_267|SHQ1P1-201|processed_pseudogene	0	-	SGMS1-AS1,SHQ1P1	1544
chr10	51507087	51509131	ENSG00000231345[2,1,2]	0	+	51507087	51507087	0	1	2044,	0,	chr10	51504578	51508877	BEND3P1-202|transcribed_processed_pseudogene	0	+	AL132656.4,BEND3P1	1790
chr10	51507087	51509131	ENSG00000231345[2,1,2]	0	+	51507087	51507087	0	1	2044,	0,	chr10	51507137	51509081	BEND3P1-201|transcribed_processed_pseudogene	0	+	AL132656.4,BEND3P1	1944
chr10	51507087	51509131	ENSG00000231345[2,1,2]	0	+	51507087	51507087	0	1	2044,	0,	chr10	51508140	51508630	AL132656.1-1|transcribed_processed_pseudogene	0	-	BEND3P1	490
chr10	52544454	52547233	ENSG00000177613[3,1,1]	0	-	52546720	52547227	0	1	2779,	0,	chr10	52546724	52548568	retro_human_270	0	-	CSTF2T	509
chr10	52544454	52548664	ENSG00000177613[1,1,1]	0	-	52546720	52548568	0	1	4210,	0,	chr10	52546724	52548568	retro_human_270	0	-	CSTF2T	1844
chr10	52544897	52548664	ENSG00000177613[1,1,2]	0	-	52546720	52548568	0	1	3767,	0,	chr10	52546724	52548568	retro_human_270	0	-	CSTF2T	1844
chr10	52544897	52547233	ENSG00000177613[3,1,2]	0	-	52546720	52547227	0	1	2336,	0,	chr10	52546724	52548568	retro_human_270	0	-	CSTF2T	509
chr10	52546231	52548664	ENSG00000177613[1,1,3]	0	-	52546720	52548568	0	1	2433,	0,	chr10	52546724	52548568	retro_human_270	0	-	CSTF2T	1844
chr10	52546231	52547233	ENSG00000177613[3,1,3]	0	-	52546720	52547227	0	1	1002,	0,	chr10	52546724	52548568	retro_human_270	0	-	CSTF2T	509
chr10	56517657	56518767	ENSG00000236993[1,1,1]	0	-	56517657	56517657	0	1	1110,	0,	chr10	56517707	56518717	retro_human_273|GAPDHP21-201|processed_pseudogene	0	-	GAPDHP21	1010
chr10	59569555	59570359	ENSG00000183055[1,1,1]	0	+	59570099	59570315	0	1	804,	0,	chr10	59569605	59570309	FAM133CP-201|processed_pseudogene	0	+	FAM133CP	704
chr10	64080215	64081206	ENSG00000234369[1,1,1]	0	+	64080215	64080215	0	1	991,	0,	chr10	64080265	64081156	retro_human_2668|TATDN1P1-201|processed_pseudogene	0	+	TATDN1P1	891
chr10	65026777	65028769	ENSG00000235489[1,1,1]	0	-	65026777	65026777	0	1	1992,	0,	chr10	65026827	65028719	retro_human_6414|DBF4P1-201|processed_pseudogene	0	-	DBF4P1	1892
chr10	66029161	66029693	ENSG00000227173[1,1,1]	0	-	66029161	66029161	0	1	532,	0,	chr10	66029211	66029643	retro_human_6416|MYL6P3-201|processed_pseudogene	0	-	MYL6P3	432
chr10	68702222	68702641	ENSG00000237141[1,1,1]	0	+	68702222	68702222	0	1	419,	0,	chr10	68702272	68702591	retro_human_4107|DNAJC19P1-201|processed_pseudogene	0	+	DNAJC19P1	319
chr10	69129678	69130721	ENSG00000234102[1,1,1]	0	+	69129678	69129678	0	1	1043,	0,	chr10	69129728	69130671	retro_human_645|KRT19P4-201|processed_pseudogene	0	+	KRT19P4	943
chr10	69501538	69501995	ENSG00000213025[1,1,1]	0	+	69501588	69501942	0	1	457,	0,	chr10	69501588	69501945	retro_human_8154|COX20P1-201|processed_pseudogene	0	+	COX20P1	357
chr10	70029827	70030304	ENSG00000233163[1,1,1]	0	-	70029827	70029827	0	1	477,	0,	chr10	70029877	70030254	retro_human_641|RPS12P17-201|processed_pseudogene	0	-	RPS12P17	377
chr10	70646942	70647919	ENSG00000230469[1,1,1]	0	+	70646942	70646942	0	1	977,	0,	chr10	70646992	70647869	retro_human_3049|RPL5P26-201|processed_pseudogene	0	+	RPL5P26	877
chr10	71032576	71033116	ENSG00000229097[1,1,1]	0	+	71032576	71032576	0	1	540,	0,	chr10	71032626	71033066	retro_human_3051|CALM2P2-201|processed_pseudogene	0	+	CALM2P2	440
chr10	71258445	71259747	ENSG00000224725[1,1,1]	0	+	71258445	71258445	0	1	1302,	0,	chr10	71258495	71259696	retro_human_3050|CEP57L1P1-201|processed_pseudogene	0	+	CEP57L1P1	1201
chr10	74293623	74294161	ENSG00000229659[1,1,1]	0	-	74293623	74293623	0	1	538,	0,	chr10	74293673	74294111	retro_human_10736|RPL26P6-201|processed_pseudogene	0	-	RPL26P6	438
chr10	74601925	74605462	ENSG00000250959[1,2,6]	0	+	74601925	74601925	0	2	362,2861,	0,676,	chr10	74603237	74605054	retro_human_8506|DUSP8P5-201|processed_pseudogene	0	+	DUSP8P5	1817
chr10	74601949	74605462	ENSG00000235316[2,1,2]	0	+	74601949	74601949	0	1	3513,	0,	chr10	74603237	74605054	retro_human_8506|DUSP8P5-201|processed_pseudogene	0	+	DUSP8P5	1817
chr10	74603187	74605462	ENSG00000235316[1,1,2]	0	+	74603187	74603187	0	1	2275,	0,	chr10	74603237	74605054	retro_human_8506|DUSP8P5-201|processed_pseudogene	0	+	DUSP8P5	1817
chr10	74603187	74605104	ENSG00000235316[1,1,1]	0	+	74603187	74603187	0	1	1917,	0,	chr10	74603237	74605054	retro_human_8506|DUSP8P5-201|processed_pseudogene	0	+	DUSP8P5	1817
chr10	74603697	74605462	ENSG00000235316[3,1,2]	0	+	74603697	74603697	0	1	1765,	0,	chr10	74603237	74605054	retro_human_8506|DUSP8P5-201|processed_pseudogene	0	+	DUSP8P5	1357
chr10	75242822	75243804	ENSG00000214629[1,1,1]	0	+	75242872	75243751	0	1	982,	0,	chr10	75242872	75243754	retro_human_8507|RPSAP6-201|processed_pseudogene	0	+	RPSAP6	882
chr10	75396790	75399826	ENSG00000156110[4,13,5]	0	+	75396874	75399534	0	2	113,590,	0,2446,	chr10	75399060	75399424	retro_human_8504|MRPL35P3-201|processed_pseudogene	0	+	ADK,AC022540.1,LOC102723439,MRPL35P3	364
chr10	75399010	75399474	ENSG00000226253[1,1,1]	0	+	75399160	75399259	0	1	464,	0,	chr10	75399060	75399424	retro_human_8504|MRPL35P3-201|processed_pseudogene	0	+	ADK,AC022540.1,LOC102723439,MRPL35P3	364
chr10	75526380	75527656	ENSG00000214626[1,1,1]	0	+	75526949	75527369	0	1	1276,	0,	chr10	75526430	75527606	retro_human_8505|POLR3DP1-201|processed_pseudogene	0	+	POLR3DP1	1176
chr10	76142859	76143113	ENSG00000227271[1,1,1]	0	-	76142859	76142859	0	1	254,	0,	chr10	76142909	76143063	retro_human_5630|RPL39P25-201|processed_pseudogene	0	-	RPL39P25	154
chr10	76256392	76256944	ENSG00000236797[1,1,1]	0	-	76256392	76256392	0	1	552,	0,	chr10	76256442	76256894	retro_human_5632|SPA17P1-201|transcribed_processed_pseudogene	0	-	SPA17P1	452
chr10	80381612	80385620	ENSG00000253626[1,1,1]	0	+	80381779	80382241	0	1	4008,	0,	chr10	80381750	80382241	retro_human_8512	0	+	EIF5AL1	491
chr10	80381612	80385620	ENSG00000253626[1,1,1]	0	+	80381779	80382241	0	1	4008,	0,	chr10	80384105	80395762	retro_human_5628	0	-	EIF5AL1	1515
chr10	80549941	80554657	ENSG00000224886[2,1,2]	0	-	80549941	80549941	0	1	4716,	0,	chr10	80552298	80554738	BEND3P3-201|processed_pseudogene	0	+	MSTRG.735,AL132656.4,BEND3P3	2359
chr10	80549941	80554657	ENSG00000224886[2,1,2]	0	-	80549941	80549941	0	1	4716,	0,	chr10	80553795	80554285	AL132656.1-201|transcribed_processed_pseudogene	0	-	MSTRG.735,BEND3P3	490
chr10	80551473	80554657	ENSG00000224886[2,1,3]	0	-	80551473	80551473	0	1	3184,	0,	chr10	80552298	80554738	BEND3P3-201|processed_pseudogene	0	+	MSTRG.735,AL132656.4,BEND3P3	2359
chr10	80551473	80554657	ENSG00000224886[2,1,3]	0	-	80551473	80551473	0	1	3184,	0,	chr10	80553795	80554285	AL132656.1-201|transcribed_processed_pseudogene	0	-	MSTRG.735,BEND3P3	490
chr10	80552248	80554788	ENSG00000278616[1,1,1]	0	+	80552248	80552248	0	1	2540,	0,	chr10	80552298	80554738	BEND3P3-201|processed_pseudogene	0	+	MSTRG.735,AL132656.4,BEND3P3	2440
chr10	80552248	80554788	ENSG00000278616[1,1,1]	0	+	80552248	80552248	0	1	2540,	0,	chr10	80553795	80554285	AL132656.1-201|transcribed_processed_pseudogene	0	-	MSTRG.735,BEND3P3	490
chr10	80553745	80554335	ENSG00000224886[1,1,1]	0	-	80553745	80553745	0	1	590,	0,	chr10	80552298	80554738	BEND3P3-201|processed_pseudogene	0	+	MSTRG.735,AL132656.4,BEND3P3	590
chr10	80553745	80554335	ENSG00000224886[1,1,1]	0	-	80553745	80553745	0	1	590,	0,	chr10	80553795	80554285	AL132656.1-201|transcribed_processed_pseudogene	0	-	MSTRG.735,BEND3P3	490
chr10	80909742	80910266	ENSG00000227515[1,1,1]	0	-	80909742	80909742	0	1	524,	0,	chr10	80909792	80910216	retro_human_11114|C1DP4-201|processed_pseudogene	0	-	C1DP4	424
chr10	80995015	80995492	ENSG00000230171[1,1,1]	0	+	80995015	80995015	0	1	477,	0,	chr10	80995065	80995442	retro_human_3425|RPL22P18-201|processed_pseudogene	0	+	RPL22P18	377
chr10	81035470	81038218	ENSG00000122359[5,7,4]	0	-	81035903	81038214	0	3	636,88,169,	0,877,2579,	chr10	81035793	81036107	retro_human_11115	0	-	ANXA11	314
chr10	85267611	85268168	ENSG00000233189[1,1,1]	0	-	85267611	85267611	0	1	557,	0,	chr10	85267661	85268118	retro_human_7616|RPL12P29-201|processed_pseudogene	0	-	RPL12P29	457
chr10	85269349	85270588	ENSG00000225423[1,1,1]	0	+	85269735	85270053	0	1	1239,	0,	chr10	85269399	85270538	retro_human_3422|TNPO1P1-201|processed_pseudogene	0	+	TNPO1P1	1139
chr10	88526452	88526900	ENSG00000234192[1,1,1]	0	+	88526452	88526452	0	1	448,	0,	chr10	88526502	88526850	retro_human_8912|RPS26P38-201|processed_pseudogene	0	+	RPS26P38	348
chr10	88829353	88829976	ENSG00000213613[1,1,1]	0	+	88829754	88829931	0	1	623,	0,	chr10	88829403	88829926	retro_human_8909|RPL11P3-201|processed_pseudogene	0	+	RPL11P3	523
chr10	90720696	90724412	ENSG00000232229[3,2,1]	0	+	90720696	90720696	255	1	3716,	0,	chr10	90721110	90722833	retro_human_1796|MARK2P16-201|processed_pseudogene	0	-	LINC00865,MARK2P16	1723
chr10	90721060	90722883	ENSG00000270670[1,1,1]	0	-	90721060	90721060	0	1	1823,	0,	chr10	90721110	90722833	retro_human_1796|MARK2P16-201|processed_pseudogene	0	-	LINC00865,MARK2P16	1723
chr10	90862177	90862631	ENSG00000228938[1,1,1]	0	+	90862177	90862177	0	1	454,	0,	chr10	90862227	90862581	retro_human_4210|SNRPD2P1-201|processed_pseudogene	0	+	SNRPD2P1	354
chr10	92690388	92690749	ENSG00000180581[1,1,1]	0	-	92690388	92690388	0	1	361,	0,	chr10	92690438	92690699	retro_human_1801|SRP9P1-201|processed_pseudogene	0	-	SRP9P1	261
chr10	93098662	93099224	ENSG00000105988[1,1,1]	0	+	93098662	93098662	0	1	562,	0,	chr10	93098712	93099174	retro_human_4215|NHP2P1-201|processed_pseudogene	0	+	NHP2P1	462
chr10	93548036	93549135	ENSG00000236493[1,1,1]	0	-	93548036	93548036	0	1	1099,	0,	chr10	93548086	93549085	retro_human_1803|EIF2S2P3-201|processed_pseudogene	0	-	EIF2S2P3	999
chr10	94837851	94840684	ENSG00000180764[1,1,2]	0	-	94837851	94837851	0	1	2833,	0,	chr10	94837272	94840634	retro_human_3362|PIPSL-201|transcribed_processed_pseudogene	0	-	PIPSL	2783
chr10	94837851	94840684	ENSG00000180764[1,1,2]	0	-	94837851	94837851	0	1	2833,	0,	chr10	94837901	94840634	PIPSL-202|transcribed_processed_pseudogene	0	-	PIPSL	2733
chr10	95817736	95822446	ENSG00000138109[1,2,2]	0	+	95817811	95821476	0	3	243,163,1125,	0,3251,3585,	chr10	95819381	95820250	MTND4P20-201|processed_pseudogene	0	-	MTND4P20	869
chr10	97068620	97069577	ENSG00000229417[1,1,1]	0	-	97068620	97068620	0	1	957,	0,	chr10	97068670	97069527	retro_human_3369|NPM1P25-201|processed_pseudogene	0	-	BLNK,NPM1P25	857
chr10	97252398	97254747	ENSG00000095587[2,2,2]	0	-	97252902	97253088	0	2	1509,103,	0,2246,	chr10	97252936	97253262	retro_human_3366	0	-	TLL2	326
chr10	97441288	97442126	ENSG00000235677[1,1,1]	0	+	97441288	97441288	0	1	838,	0,	chr10	97441338	97442076	retro_human_2260|NPM1P26-201|processed_pseudogene	0	+	NPM1P26	738
chr10	100580361	100581004	ENSG00000233690[1,1,1]	0	-	100580361	100580361	0	1	643,	0,	chr10	100580411	100580954	retro_human_9257|EBAG9P1-201|processed_pseudogene	0	-	EBAG9P1	543
chr10	101132477	101133402	ENSG00000230224[1,1,1]	0	+	101132477	101132477	0	1	925,	0,	chr10	101132527	101133352	retro_human_9715|PHBP9-201|processed_pseudogene	0	+	PHB1P9	825
chr10	103731329	103731785	ENSG00000236937[1,1,1]	0	+	103731329	103731329	0	1	456,	0,	chr10	103731379	103731735	retro_human_3802|PTGES3P4-201|processed_pseudogene	0	+	AL358790.1,PTGES3P4	356
chr10	104101907	104103099	ENSG00000229256[1,1,1]	0	+	104101907	104101907	0	1	1192,	0,	chr10	104101957	104103049	retro_human_3807|ST13P13-201|processed_pseudogene	0	+	ST13P13	1092
chr10	104132151	104134381	ENSG00000235376[1,1,1]	0	+	104132311	104132995	0	1	2230,	0,	chr10	104132312	104132995	retro_human_3806	0	+	RPEL1	683
chr10	111334394	111335107	ENSG00000237642[1,1,1]	0	+	111334394	111334394	0	1	713,	0,	chr10	111334444	111335056	retro_human_9283|HMGB3P5-201|processed_pseudogene	0	+	HMGB3P5	612
chr10	119767353	119768003	ENSG00000236058[1,1,1]	0	-	119767353	119767353	0	1	650,	0,	chr10	119767404	119767953	retro_human_4184|RPL17P36-201|processed_pseudogene	0	-	RPL17P36	549
chr10	120535982	120536709	ENSG00000227437[1,1,1]	0	+	120535982	120535982	0	1	727,	0,	chr10	120536032	120536659	retro_human_8900|RPS8P4-201|processed_pseudogene	0	+	RPS8P4	627
chr10	120716396	120716764	ENSG00000282413[1,1,1]	0	+	120716480	120716711	0	1	368,	0,	chr10	120716446	120716714	retro_human_8901|AL133461.1-201|processed_pseudogene	0	+	INPP5F	268
chr10	121252722	121253304	ENSG00000220842[1,1,1]	0	-	121252722	121252722	0	1	582,	0,	chr10	121252771	121253254	retro_human_4182|RPL21P16-201|processed_pseudogene	0	-	RPL21P16	483
chr10	124046506	124046947	ENSG00000227586[1,1,1]	0	-	124046506	124046506	0	1	441,	0,	chr10	124046556	124046897	retro_human_4180|RPS26P39-201|processed_pseudogene	0	-	RPS26P39	341
chr10	124869044	124869904	ENSG00000213438[1,1,1]	0	+	124869044	124869044	0	1	860,	0,	chr10	124869094	124869854	retro_human_8495|YBX2P1-201|processed_pseudogene	0	+	YBX2P1	760
chr10	134299741	134300105	ENSG00000230306[1,1,1]	0	-	134299741	134299741	0	1	364,	0,	chr10	134299791	134300055	retro_human_3782|BANF1P2-201|processed_pseudogene	0	-	BANF1P2	264
chr10	134592155	134594362	ENSG00000233435[1,1,1]	0	+	134592155	134592155	0	1	2207,	0,	chr10	134592205	134594312	retro_human_2637|AGGF1P2-201|processed_pseudogene	0	+	AGGF1P2	2107
chr10	134745834	134746388	ENSG00000213147[1,1,1]	0	+	134745834	134745834	0	1	554,	0,	chr10	134745884	134746338	retro_human_7516|RPL23AP60-1|processed_pseudogene	0	+	RPL23AP60	454
chr10	134745834	134746388	ENSG00000213147[1,1,1]	0	+	134745834	134745834	0	1	554,	0,	chr10	134745896	134746137	BX322534.1-201|processed_pseudogene	0	-	RPL23AP60	241
chr11	873401	875061	ENSG00000177666[4,4,3]	0	+	873505	873709	0	2	641,96,	0,1564,	chr11	873830	874105	retro_human_3778	0	+	PNPLA2	275
chr11	1782683	1783344	ENSG00000205864[1,1,1]	0	+	1782784	1783171	0	1	661,	0,	chr11	1782787	1783159	retro_human_9690	0	+	KRTAP5-6	372
chr11	2424619	2425154	ENSG00000236264[1,1,2]	0	-	2424619	2424619	0	1	535,	0,	chr11	2424669	2425104	retro_human_6574|RPL26P30-201|transcribed_processed_pseudogene	0	-	RPL26P30	435
chr11	3957662	3958252	ENSG00000230593[1,1,1]	0	-	3957662	3957662	0	1	590,	0,	chr11	3957712	3958202	PPIAP40-201|processed_pseudogene	0	-	PPIAP40	490
chr11	4307063	4307748	ENSG00000284306[1,1,1]	0	-	4307116	4307698	0	1	685,	0,	chr11	4307116	4307698	retro_human_9304	0	-	SSU72L2	582
chr11	4352522	4353207	ENSG00000283873[1,1,1]	0	-	4352575	4353157	0	1	685,	0,	chr11	4352575	4353157	retro_human_9301	0	-	SSU72L4	582
chr11	4394901	4395586	ENSG00000284546[1,1,1]	0	+	4394951	4395533	0	1	685,	0,	chr11	4394951	4395533	retro_human_5000	0	+	SSU72L3	582
chr11	4403696	4404381	ENSG00000284438[1,1,1]	0	-	4403749	4404331	0	1	685,	0,	chr11	4403749	4404331	retro_human_9302	0	-	SSU72L1	582
chr11	4666039	4666905	ENSG00000167333[2,2,3]	0	-	4666480	4666816	0	2	77,589,	0,277,	chr11	4665497	4666150	retro_human_9299	0	-	TRIM68	111
chr11	5301282	5302956	ENSG00000229988[1,2,3]	0	-	5301282	5301282	255	3	338,223,107,	0,1192,1567,	chr11	5302436	5302684	retro_human_3933	0	-	HBBP1	248
chr11	5301282	5302956	ENSG00000229988[1,1,3]	0	-	5301282	5301282	0	3	338,223,138,	0,1192,1536,	chr11	5302436	5302684	retro_human_3933	0	-	HBBP1	248
chr11	5301442	5302956	ENSG00000229988[1,2,2]	0	-	5301442	5301442	255	3	178,223,107,	0,1032,1407,	chr11	5302436	5302684	retro_human_3933	0	-	HBBP1	248
chr11	6902024	6903127	ENSG00000254712[1,1,1]	0	-	6902024	6902024	0	1	1103,	0,	chr11	6902074	6903077	retro_human_3530|AC087280.1-201|processed_pseudogene	0	-	LOC100131597	1003
chr11	7842018	7842829	ENSG00000241008[1,1,1]	0	+	7842018	7842018	0	1	811,	0,	chr11	7842068	7842779	retro_human_10214|AC044810.1-201|processed_pseudogene	0	+	RPL7AP55	711
chr11	9396401	9396907	ENSG00000254884[1,1,1]	0	-	9396449	9396857	0	1	506,	0,	chr11	9396451	9396857	retro_human_9014|PRR13P2-201|processed_pseudogene	0	-	PRR13P2	406
chr11	9690251	9690819	ENSG00000243964[1,1,1]	0	+	9690251	9690251	0	1	568,	0,	chr11	9690301	9690769	retro_human_10211|RPL23AP65-201|processed_pseudogene	0	+	AC112491.1,RPL23AP65	468
chr11	9744541	9745124	ENSG00000239470[1,1,1]	0	+	9744541	9744541	0	1	583,	0,	chr11	9744591	9745074	retro_human_10212|AC011979.1-201|processed_pseudogene	0	+	RPL21P97	483
chr11	10043094	10044241	ENSG00000254765[1,1,1]	0	-	10043311	10043617	0	1	1147,	0,	chr11	10043144	10044191	retro_human_9011|AC011092.1-201|processed_pseudogene	0	-	SBF2,GLULP2	1047
chr11	10356492	10356800	ENSG00000254719[1,1,1]	0	-	10356546	10356750	0	1	308,	0,	chr11	10356542	10356750	retro_human_9012|AC080023.2-201|processed_pseudogene	0	-	LOC653503	208
chr11	11440812	11442221	ENSG00000254598[1,1,1]	0	-	11440867	11442040	0	1	1409,	0,	chr11	11440867	11442040	retro_human_8352	0	-	CSNK2A3,AC023946.1,GALNT18	1173
chr11	13777757	13778015	ENSG00000240454[1,1,1]	0	-	13777757	13777757	0	1	258,	0,	chr11	13777807	13777965	RPL39P26-201|processed_pseudogene	0	-	RPL39P26	158
chr11	17071789	17071927	ENSG00000244398[2,1,1]	0	-	17071789	17071789	0	1	138,	0,	chr11	17071839	17072160	retro_human_3134|AC116533.1-201|processed_pseudogene	0	-	RPL36AP37	88
chr11	17071789	17072210	ENSG00000244398[1,1,1]	0	-	17071842	17072160	0	1	421,	0,	chr11	17071839	17072160	retro_human_3134|AC116533.1-201|processed_pseudogene	0	-	RPL36AP37	321
chr11	18357458	18358668	ENSG00000212789[1,1,1]	0	+	18357458	18357458	0	1	1210,	0,	chr11	18357508	18358618	retro_human_5908|ST13P5-201|processed_pseudogene	0	+	ST13P5	1110
chr11	18588212	18589025	ENSG00000256464[1,1,1]	0	-	18588488	18588629	0	1	813,	0,	chr11	18588262	18588975	retro_human_8587|YWHABP2-201|processed_pseudogene	0	-	TSG101,YWHABP2	713
chr11	18686809	18702062	ENSG00000247595[3,8,1]	0	+	18686809	18686809	255	3	265,38,199,	0,14440,15054,	chr11	18693542	18697774	retro_human_8585|AC112694.1-201|transcribed_processed_pseudogene	0	-	MTCH1P2	4232
chr11	18686809	18702062	ENSG00000247595[3,8,1]	0	+	18686809	18686809	255	3	265,38,199,	0,14440,15054,	chr11	18693987	18697685	AC112694.1-203|transcribed_processed_pseudogene	0	-	AC112694.1,MTCH1P2	3698
chr11	18763081	18763680	ENSG00000257043[1,1,1]	0	+	18763081	18763081	0	1	599,	0,	chr11	18763131	18763630	retro_human_5911|SRSF3P1-201|processed_pseudogene	0	+	SRSF3P1	499
chr11	27624247	27624630	ENSG00000242527[1,1,1]	0	+	27624247	27624247	0	1	383,	0,	chr11	27624301	27624580	retro_human_1072|AC100771.1-201|processed_pseudogene	0	+	RPL37AP7	279
chr11	27722353	27722828	ENSG00000240036[1,1,1]	0	+	27722353	27722353	0	1	475,	0,	chr11	27722403	27722779	retro_human_145|AC104563.1-201|processed_pseudogene	0	+	RPS25P1	376
chr11	28029421	28031717	ENSG00000224411[1,1,1]	0	-	28029421	28029421	0	1	2296,	0,	chr11	28029471	28031667	retro_human_2757|HSP90AA2P-201|processed_pseudogene	0	-	HSP90AA2P	2196
chr11	33211066	33212059	ENSG00000213713[1,1,1]	0	-	33211066	33211066	0	1	993,	0,	chr11	33211116	33212009	PIGCP1-201|processed_pseudogene	0	-	LINC00294,PIGCP1	893
chr11	33211649	33215054	ENSG00000280798[1,1,1]	0	+	33212182	33212510	0	1	3405,	0,	chr11	33211116	33212009	PIGCP1-201|processed_pseudogene	0	-	LINC00294,PIGCP1	360
chr11	33325537	33326079	ENSG00000241950[1,1,1]	0	-	33325537	33325537	0	1	542,	0,	chr11	33325587	33326029	retro_human_2762|RPL29P23-201|processed_pseudogene	0	-	CSTF3-DT,RPL29P23	442
chr11	33372430	33372932	ENSG00000241255[1,1,1]	0	+	33372430	33372430	0	1	502,	0,	chr11	33372480	33372882	retro_human_1480|AL136126.1-201|processed_pseudogene	0	+	RPS24P15	402
chr11	34471799	34472785	ENSG00000254708[1,1,1]	0	-	34472320	34472554	0	1	986,	0,	chr11	34471849	34472735	retro_human_8236|AL139174.1-201|processed_pseudogene	0	-	MMADHCP2	886
chr11	34847609	34848271	ENSG00000271369[1,1,1]	0	+	34847609	34847609	0	1	662,	0,	chr11	34847659	34848221	retro_human_5521|AC087783.1-201|processed_pseudogene	0	+	NDUFB8P3	562
chr11	36105653	36107420	ENSG00000254672[1,1,1]	0	-	36105653	36105653	0	1	1767,	0,	chr11	36105703	36107370	retro_human_8233|AL136146.1-201|processed_pseudogene	0	-	WEE2P1	1667
chr11	40591851	40593789	ENSG00000254579[1,1,2]	0	-	40591851	40591851	0	1	1938,	0,	chr11	40591901	40593739	retro_human_5590|AC090720.1-202|transcribed_processed_pseudogene	0	-	AC090720.1	1838
chr11	43874041	43874612	ENSG00000243721[1,1,1]	0	+	43874091	43874559	0	1	571,	0,	chr11	43874091	43874559	retro_human_11029|AC068205.3-201|processed_pseudogene	0	+	RPL23AP63	468
chr11	43874041	43874612	ENSG00000243721[1,1,1]	0	+	43874091	43874559	0	1	571,	0,	chr11	43874091	43874562	RPL23AP63-201|processed_pseudogene	0	+	RPL23AP63	471
chr11	44052772	44055053	ENSG00000213693[1,1,1]	0	+	44053405	44054251	0	1	2281,	0,	chr11	44052822	44055003	retro_human_6746|SEC14L1P1-201|processed_pseudogene	0	+	SEC14L1P1	2181
chr11	46539813	46547776	ENSG00000180720[3,1,1]	0	-	46541195	46542632	255	2	2848,171,	0,7792,	chr11	46541220	46542569	retro_human_5596	0	-	CHRM4	1349
chr11	46541122	46542733	ENSG00000180720[2,2,2]	0	-	46541195	46542632	0	1	1611,	0,	chr11	46541220	46542569	retro_human_5596	0	-	CHRM4	1349
chr11	46584684	46585513	ENSG00000244313[3,1,1]	0	-	46584737	46585232	0	1	829,	0,	chr11	46584734	46585232	retro_human_5595|AC024293.1-201|processed_pseudogene	0	-	RPS10P19	498
chr11	46584684	46584893	ENSG00000244313[2,1,1]	0	-	46584684	46584684	0	1	209,	0,	chr11	46584734	46585232	retro_human_5595|AC024293.1-201|processed_pseudogene	0	-	RPS10P19	159
chr11	46584684	46585282	ENSG00000244313[1,1,1]	0	-	46584737	46585232	0	1	598,	0,	chr11	46584734	46585232	retro_human_5595|AC024293.1-201|processed_pseudogene	0	-	RPS10P19	498
chr11	46875167	46876264	ENSG00000180210[1,3,2]	0	+	46875257	46875935	0	2	169,541,	0,556,	chr11	46875723	46875944	retro_human_6745	0	+	F2	221
chr11	48006216	48006675	ENSG00000271557[1,1,1]	0	+	48006216	48006216	0	1	459,	0,	chr11	48006266	48006625	retro_human_6751|YPEL5P2-201|processed_pseudogene	0	+	YPEL5P2	359
chr11	48074812	48075197	ENSG00000254780[1,1,1]	0	-	48074812	48074812	0	1	385,	0,	chr11	48074862	48075147	retro_human_10423|AC023232.1-201|processed_pseudogene	0	-	LOC100287189	285
chr11	49610676	49611735	ENSG00000226268[1,1,1]	0	-	49610676	49610676	0	1	1059,	0,	chr11	49610726	49611685	retro_human_1409|AC135977.1-201|processed_pseudogene	0	-	LOC653698	959
chr11	50069528	50071144	ENSG00000255111[1,1,1]	0	-	50069528	50069528	0	1	1616,	0,	chr11	50069578	50071094	retro_human_1411|AP006587.2-201|processed_pseudogene	0	-	ANKRD33BP5	1516
chr11	56628439	56628798	ENSG00000238041[1,1,1]	0	+	56628439	56628439	0	1	359,	0,	chr11	56628489	56628748	retro_human_3704|AP004245.1-201|processed_pseudogene	0	+	TMEM230P2	259
chr11	57668327	57668915	ENSG00000213592[1,1,1]	0	-	57668327	57668327	0	1	588,	0,	chr11	57668377	57668865	retro_human_1635|PPIAP42-201|processed_pseudogene	0	-	PPIAP42	488
chr11	58191394	58192549	ENSG00000254589[1,1,1]	0	-	58191394	58191394	0	1	1155,	0,	chr11	58191444	58192499	retro_human_1015|EIF4A2P3-201|processed_pseudogene	0	-	EIF4A2P3	1055
chr11	59238036	59240284	ENSG00000254704[1,1,1]	0	-	59238036	59238036	0	1	2248,	0,	chr11	59238086	59240234	AP002358.2-201|processed_pseudogene	0	-	LOC643709	2148
chr11	59732558	59733063	ENSG00000234964[1,1,1]	0	-	59732558	59732558	0	1	505,	0,	chr11	59732608	59733013	retro_human_6853|FABP5P7-201|processed_pseudogene	0	-	FABP5P7	405
chr11	61603855	61628370	ENSG00000243742[1,2,2]	0	+	61603855	61603855	0	5	143,143,198,226,2917,	0,9999,13855,21142,21598,	chr11	61603905	61628320	RPLP0P2-206|transcribed_processed_pseudogene	0	+	RPLP0P2	24415
chr11	61603855	61628370	ENSG00000243742[1,3,2]	0	+	61603855	61603855	0	4	143,143,198,3400,	0,9999,13855,21115,	chr11	61603905	61628320	RPLP0P2-206|transcribed_processed_pseudogene	0	+	RPLP0P2	24415
chr11	61603855	61625441	ENSG00000243742[1,3,3]	0	+	61603855	61603855	0	4	143,143,198,471,	0,9999,13855,21115,	chr11	61603905	61628320	RPLP0P2-206|transcribed_processed_pseudogene	0	+	RPLP0P2	21536
chr11	61617591	61625441	ENSG00000243742[3,6,3]	0	+	61617591	61617591	0	2	317,444,	0,7406,	chr11	61603905	61628320	RPLP0P2-206|transcribed_processed_pseudogene	0	+	RPLP0P2	7850
chr11	61625498	61626559	ENSG00000243742[2,1,1]	0	+	61625498	61625498	0	1	1061,	0,	chr11	61625548	61626509	retro_human_9977|RPLP0P2-204|transcribed_processed_pseudogene	0	+	RPLP0P2	961
chr11	62740298	62747405	ENSG00000185670[3,4,1]	0	-	62741478	62743050	255	2	2803,190,	0,6917,	chr11	62741542	62743050	retro_human_6851	0	-	ZBTB3	1508
chr11	62740298	62743620	ENSG00000185670[1,3,1]	0	-	62741478	62743050	0	2	2803,109,	0,3213,	chr11	62741542	62743050	retro_human_6851	0	-	ZBTB3	1508
chr11	62740298	62743620	ENSG00000185670[1,1,1]	0	-	62741478	62743448	0	2	2803,271,	0,3051,	chr11	62741542	62743050	retro_human_6851	0	-	ZBTB3	1508
chr11	62742653	62743620	ENSG00000185670[1,3,3]	0	-	62742653	62742653	0	2	448,109,	0,858,	chr11	62741542	62743050	retro_human_6851	0	-	ZBTB3	397
chr11	63621519	63622107	ENSG00000270269[1,1,1]	0	+	63621519	63621519	0	1	588,	0,	chr11	63621569	63622057	retro_human_10367|IMMP1LP1-201|processed_pseudogene	0	+	IMMP1LP1	488
chr11	63823955	63824332	ENSG00000256280[1,1,1]	0	-	63823955	63823955	0	1	377,	0,	chr11	63824005	63824282	retro_human_2982|AP006289.1-201|processed_pseudogene	0	-	ATP5MGP1	277
chr11	64303701	64306060	ENSG00000173153[4,6,4]	0	+	64304035	64305944	0	3	347,129,373,	0,518,1986,	chr11	64304963	64305262	retro_human_4481	0	+	ESRRA	299
chr11	65138928	65139310	ENSG00000254455[1,1,1]	0	-	65138928	65138928	0	1	382,	0,	chr11	65138978	65139260	retro_human_8815|HIGD1AP10-201|processed_pseudogene	0	-	HIGD1AP10	282
chr11	65168292	65168845	ENSG00000255200[1,1,2]	0	-	65168292	65168292	0	1	553,	0,	chr11	65167426	65169778	retro_human_8813|PGAM1P8-202|transcribed_processed_pseudogene	0	-	PGAM1P8	553
chr11	65168292	65168845	ENSG00000255200[1,1,2]	0	-	65168292	65168292	0	1	553,	0,	chr11	65168342	65168795	PGAM1P8-201|transcribed_processed_pseudogene	0	-	PGAM1P8	453
chr11	65368459	65371393	ENSG00000162241[4,6,1]	0	-	65369853	65370412	0	3	755,140,1258,	0,1394,1676,	chr11	65369779	65370451	retro_human_8819	0	-	SLC25A45	672
chr11	65369461	65375376	ENSG00000162241[2,4,2]	0	-	65369727	65375270	0	5	532,259,72,44,143,	0,674,3723,3988,5772,	chr11	65369779	65370451	retro_human_8819	0	-	SLC25A45	672
chr11	66767460	66767982	ENSG00000254984[1,1,1]	0	-	66767460	66767460	0	1	522,	0,	chr11	66767510	66767932	FTLP6-201|processed_pseudogene	0	-	FTLP6	422
chr11	67677651	67678038	ENSG00000239559[1,1,1]	0	-	67677651	67677651	0	1	387,	0,	chr11	67677701	67677988	retro_human_5513|RPL37P2-201|processed_pseudogene	0	-	RPL37P2	287
chr11	67844568	67844776	ENSG00000254792[1,1,1]	0	+	67844568	67844568	0	1	208,	0,	chr11	67844618	67844726	AP003716.1-201|processed_pseudogene	0	+	ENPP7P7	108
chr11	67939139	67939608	ENSG00000254850[1,1,1]	0	+	67939139	67939139	0	1	469,	0,	chr11	67939189	67939558	AC004923.2-201|processed_pseudogene	0	+	LOC105369359	369
chr11	69320526	69321022	ENSG00000213275[1,1,1]	0	-	69320526	69320526	0	1	496,	0,	chr11	69320576	69320972	retro_human_1069|IFITM9P-201|processed_pseudogene	0	-	IFITM9P	396
chr11	70293822	70294299	ENSG00000255329[1,1,1]	0	-	70293822	70293822	0	1	477,	0,	chr11	70293872	70294249	retro_human_133|H2AZP4-201|processed_pseudogene	0	-	H2AZP4	377
chr11	71432978	71433398	ENSG00000254924[1,1,1]	0	-	71432978	71432978	0	1	420,	0,	chr11	71433028	71433348	retro_human_9343|AP000867.2-201|processed_pseudogene	0	-	S100A11P3	320
chr11	73850764	73851396	ENSG00000256898[1,1,1]	0	-	73850764	73850764	0	1	632,	0,	chr11	73850814	73851346	retro_human_5896|AP002770.2-201|processed_pseudogene	0	-	ARPC3P4	532
chr11	74283788	74285177	ENSG00000212961[1,1,1]	0	+	74283788	74283788	0	1	1389,	0,	chr11	74283838	74285127	retro_human_4894|HNRNPA1P40-201|processed_pseudogene	0	+	HNRNPA1P40	1289
chr11	74414963	74415535	ENSG00000254974[1,1,1]	0	-	74414963	74414963	0	1	572,	0,	chr11	74415013	74415485	retro_human_5900|AP001372.4-201|processed_pseudogene	0	-	AP001372.1,LOC107984356	472
chr11	74675180	74675679	ENSG00000227615[1,1,1]	0	-	74675180	74675180	0	1	499,	0,	chr11	74675230	74675629	retro_human_5891|AP001324.1-201|processed_pseudogene	0	-	RPS12P22	399
chr11	74849053	74849589	ENSG00000241170[3,1,2]	0	+	74849053	74849053	0	1	536,	0,	chr11	74848345	74849539	retro_human_4885|AP001992.1-205|transcribed_processed_pseudogene	0	+	AP001992.1	486
chr11	74849053	74849589	ENSG00000241170[3,1,2]	0	+	74849053	74849053	0	1	536,	0,	chr11	74849103	74849482	AP001992.1-206|transcribed_processed_pseudogene	0	+	AP001992.1	379
chr11	75008760	75009727	ENSG00000213333[1,1,1]	0	-	75008760	75008760	0	1	967,	0,	chr11	75008810	75009677	retro_human_2208|NPM1P50-201|transcribed_processed_pseudogene	0	-	AP003175.1,NPM1P50	867
chr11	77667516	77668168	ENSG00000227376[1,1,1]	0	-	77667569	77668118	0	1	652,	0,	chr11	77667566	77668118	retro_human_516|FTH1P16-201|processed_pseudogene	0	-	FTH1P16	552
chr11	77746319	77746611	ENSG00000219529[2,1,2]	0	-	77746319	77746319	0	1	292,	0,	chr11	77746528	77746886	retro_human_519|AP000580.1-201|processed_pseudogene	0	-	RPS20P27	83
chr11	77746478	77746936	ENSG00000219529[1,1,1]	0	-	77746478	77746478	0	1	458,	0,	chr11	77746528	77746886	retro_human_519|AP000580.1-201|processed_pseudogene	0	-	RPS20P27	358
chr11	77801897	77802471	ENSG00000241782[1,1,1]	0	-	77801897	77801897	0	1	574,	0,	chr11	77801947	77802421	retro_human_518|AP002812.1-201|processed_pseudogene	0	-	RPL21P95	474
chr11	82625952	82626262	ENSG00000227097[1,1,1]	0	+	82625952	82625952	0	1	310,	0,	chr11	82626002	82626212	retro_human_11170|RPS28P7-201|processed_pseudogene	0	+	RPS28P7	210
chr11	82760774	82777352	ENSG00000137509[10,20,2]	0	-	82761368	82775015	0	3	808,188,1633,	0,14071,14945,	chr11	82771967	82773681	AP001646.1-201|processed_pseudogene	0	+	AP001646.1,EIF2S2P6	1714
chr11	82915680	82971141	ENSG00000137502[2,2,3]	0	-	82918630	82933778	0	5	3198,184,84,101,512,	0,8368,14820,18005,54949,	chr11	82918664	82924238	retro_human_6308	0	-	RAB30	5574
chr11	82915680	82970709	ENSG00000137502[6,2,3]	0	-	82918630	82933778	0	5	3198,184,84,101,80,	0,8368,14820,18005,54949,	chr11	82918664	82924238	retro_human_6308	0	-	RAB30	5574
chr11	82916392	82970709	ENSG00000137502[6,10,13]	0	-	82918630	82933778	0	5	2486,184,84,101,125,	0,7656,14108,17293,54192,	chr11	82918664	82924238	retro_human_6308	0	-	RAB30	5574
chr11	82916392	82971141	ENSG00000137502[2,2,13]	0	-	82918630	82933778	0	5	2486,184,84,101,512,	0,7656,14108,17293,54237,	chr11	82918664	82924238	retro_human_6308	0	-	RAB30	5574
chr11	82916392	82970709	ENSG00000137502[6,2,13]	0	-	82918630	82933778	0	5	2486,184,84,101,80,	0,7656,14108,17293,54237,	chr11	82918664	82924238	retro_human_6308	0	-	RAB30	5574
chr11	82916648	82971141	ENSG00000137502[2,2,14]	0	-	82918630	82933778	0	5	2230,184,84,101,512,	0,7400,13852,17037,53981,	chr11	82918664	82924238	retro_human_6308	0	-	RAB30	5574
chr11	82917711	82970709	ENSG00000137502[6,10,16]	0	-	82918630	82933778	0	5	1167,184,84,101,125,	0,6337,12789,15974,52873,	chr11	82918664	82924238	retro_human_6308	0	-	RAB30	5574
chr11	82917711	82970709	ENSG00000137502[6,2,16]	0	-	82918630	82933778	0	5	1167,184,84,101,80,	0,6337,12789,15974,52918,	chr11	82918664	82924238	retro_human_6308	0	-	RAB30	5574
chr11	82917711	82971141	ENSG00000137502[2,2,16]	0	-	82918630	82933778	0	5	1167,184,84,101,512,	0,6337,12789,15974,52918,	chr11	82918664	82924238	retro_human_6308	0	-	RAB30	5574
chr11	82918202	82971141	ENSG00000137502[2,2,2]	0	-	82918630	82933778	0	5	676,184,84,101,512,	0,5846,12298,15483,52427,	chr11	82918664	82924238	retro_human_6308	0	-	RAB30	5574
chr11	82918501	82928895	ENSG00000137502[5,8,6]	0	-	82918630	82918804	0	3	377,184,119,	0,5547,10275,	chr11	82918664	82924238	retro_human_6308	0	-	RAB30	5574
chr11	82918684	82933990	ENSG00000137502[4,9,7]	0	-	82918684	82918684	0	4	194,184,84,305,	0,5364,11816,15001,	chr11	82918664	82924238	retro_human_6308	0	-	RAB30	5554
chr11	83047479	83047962	ENSG00000254965[1,1,1]	0	-	83047479	83047479	0	1	483,	0,	chr11	83047529	83047912	retro_human_6310|C1DP5-201|processed_pseudogene	0	-	C1DP5	383
chr11	83145823	83146159	ENSG00000255541[1,1,1]	0	+	83145873	83146110	0	1	336,	0,	chr11	83145873	83146109	retro_human_5284|AP000873.5-201|processed_pseudogene	0	+	AP000873.3,CKS1BP4	236
chr11	83149429	83149929	ENSG00000241020[1,1,1]	0	+	83149561	83149744	0	1	500,	0,	chr11	83149479	83149879	retro_human_5285|AP000873.1-201|processed_pseudogene	0	+	ANKRD42,AP000873.3,RPL32P24	400
chr11	83265305	83265726	ENSG00000255003[1,1,1]	0	+	83265305	83265305	0	1	421,	0,	chr11	83265355	83265676	retro_human_5286|CYCSP28-201|processed_pseudogene	0	+	CYCSP28	321
chr11	83750976	83751769	ENSG00000250257[1,1,1]	0	-	83751581	83751713	0	1	793,	0,	chr11	83750926	83752050	retro_human_6312	0	-	LDHAL6DP	793
chr11	86136557	86137792	ENSG00000254502[1,1,1]	0	+	86137060	86137675	0	1	1235,	0,	chr11	86136607	86137742	retro_human_5290|AP003097.1-201|processed_pseudogene	0	+	FNTAP1	1135
chr11	86226275	86227117	ENSG00000254783[1,1,1]	0	+	86226275	86226275	0	1	842,	0,	chr11	86226325	86227067	retro_human_5291|AP003084.1-201|processed_pseudogene	0	+	EED	742
chr11	86237113	86238030	ENSG00000255222[1,1,1]	0	+	86237113	86237113	0	1	917,	0,	chr11	86237163	86237980	retro_human_5292|SETP17-201|processed_pseudogene	0	+	SETP17	817
chr11	86761840	86762526	ENSG00000271318[1,1,1]	0	-	86761840	86761840	0	1	686,	0,	chr11	86761890	86762476	retro_human_928|MOB4P2-201|processed_pseudogene	0	-	MOB4P2	586
chr11	87264775	87265526	ENSG00000270510[1,1,1]	0	-	87264775	87264775	0	1	751,	0,	chr11	87264825	87265476	retro_human_931|AP000811.1-201|processed_pseudogene	0	-	TMEM135	651
chr11	87860237	87860389	ENSG00000254794[1,1,1]	0	-	87860237	87860237	0	1	152,	0,	chr11	87860287	87860339	AP000676.1-201|processed_pseudogene	0	-	LOC107984361	52
chr11	94105284	94105933	ENSG00000256745[1,1,1]	0	-	94105284	94105284	0	1	649,	0,	chr11	94105334	94105883	retro_human_3907|AP002784.2-201|processed_pseudogene	0	-	AP002784.1,ARPC3P3	549
chr11	95004133	95006581	ENSG00000186280[2,2,1]	0	+	95004384	95005953	0	1	2448,	0,	chr11	95004394	95019216	retro_human_5672	0	+	KDM4D	2187
chr11	95044468	95045543	ENSG00000256779[1,1,1]	0	+	95044468	95044468	0	1	1075,	0,	chr11	95044518	95045493	retro_human_8709|AP002383.3-201|transcribed_processed_pseudogene	0	+	SRSF8BP	975
chr11	95045358	95046898	ENSG00000256779[2,2,2]	0	+	95045358	95045358	0	2	240,517,	0,1023,	chr11	95045408	95046848	AP002383.3-202|transcribed_processed_pseudogene	0	+	AP002383.3,LOC107984375	1440
chr11	95150705	95152294	ENSG00000270689[1,1,1]	0	+	95150705	95150705	0	1	1589,	0,	chr11	95150755	95152244	retro_human_8705|BUD13P1-201|processed_pseudogene	0	+	BUD13P1	1489
chr11	101603438	101604453	ENSG00000254506[2,1,1]	0	+	101603438	101603438	0	1	1015,	0,	chr11	101603488	101604403	retro_human_2882|AP003080.1-202|transcribed_processed_pseudogene	0	+	AP003080.1	915
chr11	102810717	102811786	ENSG00000256035[1,1,1]	0	-	102810717	102810717	0	1	1069,	0,	chr11	102810767	102811736	retro_human_9821|AP000619.2-201|processed_pseudogene	0	-	CSNK1A1P2	969
chr11	103048897	103049473	ENSG00000239861[1,1,1]	0	+	103048897	103048897	0	1	576,	0,	chr11	103048947	103049423	retro_human_2880|AP001486.1-201|processed_pseudogene	0	+	RPL21P96	476
chr11	107183388	107184733	ENSG00000255353[1,1,1]	0	+	107183388	107183388	0	1	1345,	0,	chr11	107183438	107184683	retro_human_7776|AP003057.1-201|processed_pseudogene	0	+	ASS1P13	1245
chr11	107915478	107915923	ENSG00000240652[1,1,1]	0	+	107915478	107915478	0	1	445,	0,	chr11	107915528	107915873	retro_human_7774|AP001024.1-201|processed_pseudogene	0	+	SLC35F2,RPLP2P3	345
chr11	112040049	112040659	ENSG00000230911[1,1,1]	0	-	112040049	112040049	0	1	610,	0,	chr11	112040099	112040609	retro_human_7736|PPIHP1-201|processed_pseudogene	0	-	PPIHP1	510
chr11	112185788	112204174	ENSG00000197580[1,14,6]	0	+	112189617	112204070	0	3	995,205,363,	0,3815,18023,	chr11	112191098	112193522	retro_human_1819|KCTD9P4-201|processed_pseudogene	0	+	KCTD9P4	2424
chr11	112218901	112219299	ENSG00000255231[1,1,1]	0	+	112218901	112218901	0	1	398,	0,	chr11	112218951	112219249	retro_human_2301|MRPS36P4-201|processed_pseudogene	0	+	MRPS36P4	298
chr11	112228614	112229109	ENSG00000243930[1,1,1]	0	+	112228841	112228988	0	1	495,	0,	chr11	112228664	112229059	retro_human_2300|RPS12P21-201|processed_pseudogene	0	+	BCO2,RPS12P21	395
chr11	113721998	113722777	ENSG00000256091[1,1,1]	0	+	113721998	113721998	0	1	779,	0,	chr11	113722048	113722727	retro_human_2303|MTRF1LP1-201|processed_pseudogene	0	+	TMPRSS5	679
chr11	113799519	113801549	ENSG00000256167[1,1,1]	0	+	113799519	113799519	0	1	2030,	0,	chr11	113799569	113801499	retro_human_2304|ATF4P4-201|transcribed_processed_pseudogene	0	+	LOC390251,ATF4P4	1930
chr11	113799519	113801549	ENSG00000256167[1,1,1]	0	+	113799519	113799519	0	1	2030,	0,	chr11	113799569	113801499	retro_human_2306|ATF4P4-201|transcribed_processed_pseudogene	0	+	LOC390251,ATF4P4	1930
chr11	113799519	113801549	ENSG00000256167[1,1,1]	0	+	113799519	113799519	0	1	2030,	0,	chr11	113799580	113800366	AP003170.2-201|processed_pseudogene	0	+	LOC390251	786
chr11	113799519	113801549	ENSG00000256167[1,1,1]	0	+	113799519	113799519	0	1	2030,	0,	chr11	113800656	113801705	ATF4P4-202|transcribed_processed_pseudogene	0	+	ATF4P4	893
chr11	113831137	113832267	ENSG00000255710[1,1,1]	0	-	113831747	113832014	0	1	1130,	0,	chr11	113831187	113832217	retro_human_2290|AP003170.1-201|processed_pseudogene	0	-	LOC100421976	1030
chr11	114463430	114464590	ENSG00000256533[1,1,1]	0	+	114463430	114463430	0	1	1160,	0,	chr11	114463480	114464540	retro_human_2308|AP002373.2-201|processed_pseudogene	0	+	LOC100422382	1060
chr11	117051004	117051359	ENSG00000234268[1,1,1]	0	-	117051057	117051330	0	1	355,	0,	chr11	117051054	117051309	retro_human_1785|AP000936.3-201|processed_pseudogene	0	-	RPS27P19	255
chr11	117352859	117353335	ENSG00000271412[1,1,1]	0	-	117352859	117352859	0	1	476,	0,	chr11	117352909	117353285	retro_human_7766|PRR13P3-201|processed_pseudogene	0	-	PRR13P3	376
chr11	118579935	118580926	ENSG00000243431[1,1,1]	0	+	118579935	118579935	0	1	991,	0,	chr11	118579985	118580876	retro_human_7385|RPL5P30-201|processed_pseudogene	0	+	RPL5P30	891
chr11	119424280	119425678	ENSG00000254590[1,1,1]	0	+	119424280	119424280	0	1	1398,	0,	chr11	119424330	119425628	retro_human_7387|AP003396.2-201|processed_pseudogene	0	+	LOC100130353	1298
chr11	119424280	119425678	ENSG00000254590[1,1,1]	0	+	119424280	119424280	0	1	1398,	0,	chr11	119425502	119425767	AP003396.4-201|processed_pseudogene	0	-	LOC100130353	176
chr11	119425452	119425817	ENSG00000254892[1,1,1]	0	-	119425452	119425452	0	1	365,	0,	chr11	119424330	119425628	retro_human_7387|AP003396.2-201|processed_pseudogene	0	+	LOC100130353	176
chr11	119425452	119425817	ENSG00000254892[1,1,1]	0	-	119425452	119425452	0	1	365,	0,	chr11	119425502	119425767	AP003396.4-201|processed_pseudogene	0	-	LOC100130353	265
chr11	121388009	121389121	ENSG00000232460[1,1,1]	0	-	121388009	121388009	0	1	1112,	0,	chr11	121388059	121389071	retro_human_9594|BMPR1AP2-201|processed_pseudogene	0	-	BMPR1AP2	1012
chr11	122988023	122988883	ENSG00000254944[1,1,1]	0	+	122988023	122988023	0	1	860,	0,	chr11	122988073	122988833	retro_human_7382|ATP5PBP5-201|processed_pseudogene	0	+	JHY,ATP5PBP5	760
chr11	123079690	123080031	ENSG00000233541[1,1,1]	0	+	123079690	123079690	0	1	341,	0,	chr11	123079740	123079981	retro_human_1932|RPL31P47-201|processed_pseudogene	0	+	RPL31P47	241
chr11	123626865	123628472	ENSG00000254449[1,1,1]	0	-	123626865	123626865	0	1	1607,	0,	chr11	123626915	123628422	retro_human_8853|SF3A3P2-201|processed_pseudogene	0	-	SF3A3P2	1507
chr11	124817849	124821528	ENSG00000279342[1,1,1]	0	-	124820215	124820491	0	1	3679,	0,	chr11	124819887	124820320	AP000866.3-201|processed_pseudogene	0	+	AP000866.6	433
chr11	124819837	124820370	ENSG00000254509[1,1,1]	0	+	124819837	124819837	0	1	533,	0,	chr11	124819887	124820320	AP000866.3-201|processed_pseudogene	0	+	AP000866.6	433
chr11	124836436	124836984	ENSG00000254941[1,1,1]	0	-	124836436	124836436	0	1	548,	0,	chr11	124836486	124836934	retro_human_6473|AP000866.4-201|processed_pseudogene	0	-	AP000866.1,LOC107984357	448
chr11	125141771	125155494	ENSG00000187686[1,2,2]	0	+	125141771	125141771	0	2	1835,1603,	0,12120,	chr11	125141821	125155444	KRT18P59-202|transcribed_processed_pseudogene	0	+	KRT18P59	13623
chr11	125142179	125143510	ENSG00000187686[2,1,1]	0	+	125142179	125142179	0	1	1331,	0,	chr11	125142229	125143460	retro_human_6981|KRT18P59-201|transcribed_processed_pseudogene	0	+	KRT18P59	1231
chr11	126096987	126098150	ENSG00000254759[1,1,1]	0	+	126096987	126096987	0	1	1163,	0,	chr11	126097037	126098100	retro_human_6982|NAP1L1P1-201|processed_pseudogene	0	+	NAP1L1P1	1063
chr11	130068835	130069290	ENSG00000255262[1,1,1]	0	-	130068835	130068835	0	1	455,	0,	chr11	130068885	130069240	retro_human_8510|ELOBP2-201|processed_pseudogene	0	-	ELOBP2	355
chr11	130331428	130332834	ENSG00000255220[1,1,1]	0	+	130331428	130331428	0	1	1406,	0,	chr11	130331478	130332784	retro_human_1515|DDX18P5-201|processed_pseudogene	0	+	DDX18P5	1306
chr11	134165912	134166514	ENSG00000254481[1,1,1]	0	-	134165912	134165912	0	1	602,	0,	chr11	134165962	134166464	retro_human_6565|PTP4A2P2-201|processed_pseudogene	0	-	PTP4A2P2	502
chr11	134214877	134215563	ENSG00000254616[1,1,1]	0	+	134214877	134214877	0	1	686,	0,	chr11	134214927	134215513	AP001775.1-201|processed_pseudogene	0	+	LOC100533644	586
chr11	134420066	134428862	ENSG00000109956[4,4,1]	0	-	134423553	134425601	0	4	2294,101,297,3570,	0,3470,4256,5226,	chr11	134424290	134425661	retro_human_6564	0	-	B3GAT1	1371
chr12	1641107	1642944	ENSG00000111186[10,10,7]	0	+	1641419	1642610	0	2	315,790,	0,1047,	chr12	1642104	1642610	retro_human_5914	0	+	WNT5B	506
chr12	1753487	1754368	ENSG00000243663[1,1,1]	0	-	1753487	1753487	0	1	881,	0,	chr12	1753537	1754318	retro_human_527|RPS4XP14-201|processed_pseudogene	0	-	RPS4XP14	781
chr12	3218098	3218453	ENSG00000227081[1,1,1]	0	-	3218098	3218098	0	1	355,	0,	chr12	3218148	3218403	retro_human_2397|AC005912.1-201|processed_pseudogene	0	-	RPS27P3	255
chr12	4104088	4106257	ENSG00000256356[1,1,1]	0	+	4104088	4104088	0	1	2169,	0,	chr12	4104138	4106207	retro_human_4705|HSPA8P5-201|processed_pseudogene	0	+	HSPA8P5	2069
chr12	4116299	4116954	ENSG00000242444[1,1,1]	0	-	4116299	4116299	0	1	655,	0,	chr12	4116349	4116904	retro_human_2223|AC007207.1-201|transcribed_processed_pseudogene	0	-	AC007207.1,RPL18P9,LOC124900317	555
chr12	4116666	4124870	ENSG00000242444[2,2,2]	0	-	4116666	4116666	0	2	303,295,	0,7909,	chr12	4116716	4124820	AC007207.1-202|transcribed_processed_pseudogene	0	-	RPL18P9	8104
chr12	6420355	6420832	ENSG00000213942[1,1,1]	0	-	6420355	6420355	0	1	477,	0,	chr12	6420405	6420782	retro_human_5889|AC005840.1-201|processed_pseudogene	0	-	RPL31P10	377
chr12	6448831	6449286	ENSG00000224906[1,1,1]	0	+	6448831	6448831	0	1	455,	0,	chr12	6448881	6449236	retro_human_773|SRP14P1-201|processed_pseudogene	0	+	SRP14P1	355
chr12	6474915	6476660	ENSG00000139190[2,5,3]	0	-	6475262	6476610	0	3	410,159,98,	0,1264,1647,	chr12	6476177	6476401	retro_human_5890	0	-	VAMP1,TAPBPL	224
chr12	6488012	6490606	ENSG00000256913[1,1,1]	0	+	6488012	6488012	0	1	2594,	0,	chr12	6488062	6490556	retro_human_774|AC005840.3-201|processed_pseudogene	0	+	PKP2P1	2494
chr12	6882636	6895097	ENSG00000240370[1,6,4]	0	+	6893321	6893753	255	2	443,2135,	0,10326,	chr12	6882950	6885017	RPL13P5-201|transcribed_processed_pseudogene	0	+	RPL13P5	2067
chr12	6882636	6895097	ENSG00000240370[1,5,4]	0	+	6894211	6894643	0	3	443,216,1468,	0,10326,10993,	chr12	6882950	6885017	RPL13P5-201|transcribed_processed_pseudogene	0	+	RPL13P5	2067
chr12	6882636	6893747	ENSG00000240370[1,5,3]	0	+	6882986	6893157	0	3	443,216,118,	0,10326,10993,	chr12	6882950	6885017	RPL13P5-201|transcribed_processed_pseudogene	0	+	RPL13P5	2067
chr12	6882636	6895097	ENSG00000240370[1,3,4]	0	+	6894211	6894643	0	4	443,132,216,1468,	0,8819,10326,10993,	chr12	6882950	6885017	RPL13P5-201|transcribed_processed_pseudogene	0	+	RPL13P5	2067
chr12	6882636	6895097	ENSG00000240370[1,2,4]	0	+	6893321	6893753	0	3	443,132,2135,	0,8819,10326,	chr12	6882950	6885017	RPL13P5-201|transcribed_processed_pseudogene	0	+	RPL13P5	2067
chr12	6882636	6894053	ENSG00000240370[1,2,1]	0	+	6893321	6893753	0	3	443,132,1091,	0,8819,10326,	chr12	6882950	6885017	RPL13P5-201|transcribed_processed_pseudogene	0	+	RPL13P5	2067
chr12	6882900	6894053	ENSG00000240370[2,3,1]	0	+	6882986	6891548	0	4	179,132,216,424,	0,8555,10062,10729,	chr12	6882950	6885017	RPL13P5-201|transcribed_processed_pseudogene	0	+	RPL13P5	2067
chr12	6892959	6895099	ENSG00000248593[3,1,1]	0	+	6893321	6893753	0	1	2140,	0,	chr12	6893254	6893872	retro_human_10779|RPL13P5-204|transcribed_processed_pseudogene	0	+	RPL13P5	618
chr12	6892959	6895099	ENSG00000248593[3,1,1]	0	+	6893321	6893753	0	1	2140,	0,	chr12	6894164	6894607	retro_human_10780	0	+	DSTNP2	443
chr12	6893204	6894053	ENSG00000240370[3,1,1]	0	+	6893321	6893753	0	1	849,	0,	chr12	6893254	6893872	retro_human_10779|RPL13P5-204|transcribed_processed_pseudogene	0	+	RPL13P5	618
chr12	6893893	6895099	ENSG00000248593[1,1,1]	0	+	6894211	6894643	0	1	1206,	0,	chr12	6894164	6894607	retro_human_10780	0	+	DSTNP2	443
chr12	7140632	7142123	ENSG00000139194[1,2,2]	0	-	7140857	7141959	0	3	264,179,237,	0,791,1254,	chr12	7141394	7141600	retro_human_1044	0	-	RBP5	206
chr12	8030761	8031521	ENSG00000255581[1,1,1]	0	-	8030761	8030761	0	1	760,	0,	chr12	8030811	8031471	retro_human_11125|AC006511.2-201|processed_pseudogene	0	-	LOC100462988	660
chr12	8246533	8257071	ENSG00000164845[1,4,1]	0	-	8246533	8246533	255	6	146,150,266,134,83,247,	0,1814,2791,3139,6206,10291,	chr12	8248175	8249803	retro_human_11141	0	-	FAM86FP,LINC02449	1628
chr12	8246533	8257071	ENSG00000164845[1,3,1]	0	-	8246533	8246533	255	6	146,292,266,134,83,247,	0,1672,2791,3139,6206,10291,	chr12	8248175	8249803	retro_human_11141	0	-	FAM86FP,LINC02449	1628
chr12	8249436	8253069	ENSG00000215241[1,1,1]	0	+	8249436	8249436	0	2	635,260,	0,3373,	chr12	8248175	8249803	retro_human_11141	0	-	FAM86FP,LINC02449	367
chr12	8382912	8383381	ENSG00000256552[2,1,1]	0	+	8382912	8382912	0	1	469,	0,	chr12	8382962	8383331	retro_human_5278|AC092745.2-202|transcribed_processed_pseudogene	0	+	AC092745.2,LOC101927966	369
chr12	8587687	8590521	ENSG00000111732[4,12,2]	0	-	8587740	8590460	0	4	104,116,271,202,	0,573,982,2632,	chr12	8588578	8588937	retro_human_11021	0	-	AICDA	359
chr12	8725712	8726457	ENSG00000244131[1,1,1]	0	+	8725722	8726181	0	1	745,	0,	chr12	8725762	8726407	retro_human_8169|RPSAP51-201|processed_pseudogene	0	+	RPSAP51	645
chr12	9018482	9019483	ENSG00000255776[1,1,1]	0	+	9018482	9018482	0	1	1001,	0,	chr12	9018532	9019433	retro_human_5281|VDAC2P2-201|processed_pseudogene	0	+	VDAC2P2	901
chr12	9109929	9110892	ENSG00000256937[1,1,1]	0	+	9109929	9109929	0	1	963,	0,	chr12	9109979	9110842	retro_human_5283|KRT17P8-201|processed_pseudogene	0	+	KRT17P8	863
chr12	9222451	9222897	ENSG00000231503[1,1,1]	0	-	9222451	9222451	0	1	446,	0,	chr12	9222501	9222847	retro_human_11019|PTMAP4-201|processed_pseudogene	0	-	LINC00987,PTMAP4	346
chr12	9222468	9225618	ENSG00000237248[1,1,1]	0	+	9222468	9222468	0	2	587,1985,	0,1165,	chr12	9222501	9222847	retro_human_11019|PTMAP4-201|processed_pseudogene	0	-	LINC00987,PTMAP4	346
chr12	9527915	9529304	ENSG00000233719[1,1,1]	0	+	9527915	9527915	0	1	1389,	0,	chr12	9527965	9529254	retro_human_9591|GOT2P3-201|transcribed_processed_pseudogene	0	+	AC010186.4,GOT2P3,LOC374443	1289
chr12	9581543	9582490	ENSG00000213443[1,1,1]	0	+	9581784	9582441	0	1	947,	0,	chr12	9581593	9582440	retro_human_5273|AC007068.1-201|processed_pseudogene	0	+	CLEC2D,NPM1P7	847
chr12	11369629	11370253	ENSG00000278654[1,1,1]	0	+	11369629	11369629	0	1	624,	0,	chr12	11369679	11370203	AC007450.4-201|processed_pseudogene	0	+	PRB2	524
chr12	11381850	11383364	ENSG00000270863[1,1,1]	0	+	11381850	11381850	0	1	1514,	0,	chr12	11381900	11383314	retro_human_6038|DDX55P1-201|processed_pseudogene	0	+	DDX55P1	1414
chr12	11980238	11980665	ENSG00000198134[1,1,1]	0	+	11980288	11980642	0	1	427,	0,	chr12	11980288	11980615	retro_human_10361|PTMAP9-201|processed_pseudogene	0	+	PTMAP9	327
chr12	12024324	12024935	ENSG00000242405[1,1,1]	0	+	12024324	12024324	0	1	611,	0,	chr12	12024374	12024885	retro_human_10362|AC007537.1-201|processed_pseudogene	0	+	RPL21P100	511
chr12	12321211	12321690	ENSG00000271370[1,1,1]	0	-	12321211	12321211	0	1	479,	0,	chr12	12321261	12321640	retro_human_5123|AC007619.2-201|processed_pseudogene	0	-	LOC107001063	379
chr12	16276645	16279878	ENSG00000256238[1,1,1]	0	-	16276645	16276645	0	1	3233,	0,	chr12	16276695	16279828	retro_human_4162|SUPT16HP1-201|processed_pseudogene	0	-	SUPT16HP1	3133
chr12	16390800	16391827	ENSG00000256450[1,1,1]	0	+	16390800	16390800	0	1	1027,	0,	chr12	16390850	16391777	retro_human_4883|AC007552.1-201|processed_pseudogene	0	+	GOT2P4	927
chr12	18984529	18984959	ENSG00000256844[1,1,1]	0	-	18984529	18984529	0	1	430,	0,	chr12	18984579	18984909	retro_human_2478|MEF2BNBP1-201|processed_pseudogene	0	-	BORCS8P1	330
chr12	19289879	19290288	ENSG00000255909[1,1,1]	0	+	19289977	19290133	0	1	409,	0,	chr12	19289929	19290238	retro_human_9949|PDCD5P1-201|processed_pseudogene	0	+	PDCD5P1	309
chr12	19332973	19334478	ENSG00000245205[1,1,1]	0	-	19332973	19332973	0	1	1505,	0,	chr12	19333023	19334428	retro_human_2480|EEF1A1P4-201|processed_pseudogene	0	-	EEF1A1P4	1405
chr12	20328058	20328587	ENSG00000131982[1,1,1]	0	-	20328058	20328058	0	1	529,	0,	chr12	20328108	20328537	retro_human_2471|UBE2L2-201|processed_pseudogene	0	-	UBE2L2	429
chr12	20430001	20431524	ENSG00000256663[1,1,1]	0	+	20430003	20431470	0	1	1523,	0,	chr12	20430051	20431474	retro_human_4842|AC112777.1-201|processed_pseudogene	0	+	LOC728688	1423
chr12	24963085	24964366	ENSG00000258546[1,1,1]	0	-	24963085	24963085	0	1	1281,	0,	chr12	24963135	24964321	retro_human_7950|CENPUP2-201|processed_pseudogene	0	-	CENPUP2	1186
chr12	25675830	25677159	ENSG00000255725[1,1,1]	0	+	25675830	25675830	0	1	1329,	0,	chr12	25675880	25677109	retro_human_8982|TDGP1-201|processed_pseudogene	0	+	TDGP1	1229
chr12	27365453	27373906	ENSG00000165935[4,6,1]	0	+	27367395	27373789	0	3	571,176,313,	0,1900,8140,	chr12	27368610	27370263	retro_human_9539|RARS1P1-201|processed_pseudogene	0	+	RARS1P1	1653
chr12	29530613	29531136	ENSG00000242986[1,1,1]	0	-	29530679	29530922	0	1	523,	0,	chr12	29530663	29531086	retro_human_10069|RPL21P99-201|processed_pseudogene	0	-	RPL21P99	423
chr12	31353979	31354561	ENSG00000256159[1,1,1]	0	+	31353979	31353979	0	1	582,	0,	chr12	31354029	31354511	retro_human_9538|AC022080.2-201|processed_pseudogene	0	+	MRPL30P2	482
chr12	31492258	31493027	ENSG00000233381[2,3,3]	0	-	31492258	31492258	0	1	769,	0,	chr12	31492308	31492977	retro_human_6095|AK4P3-201|processed_pseudogene	0	-	AK4P3	669
chr12	31592139	31592679	ENSG00000276058[1,1,1]	0	-	31592179	31592323	0	1	540,	0,	chr12	31592189	31592629	retro_human_10090|STMN1P1-201|processed_pseudogene	0	-	STMN1P1	440
chr12	31631505	31632007	ENSG00000223722[1,1,1]	0	+	31631505	31631505	0	1	502,	0,	chr12	31631555	31631957	retro_human_1334|IFITM3P2-201|processed_pseudogene	0	+	IFITM3P2	402
chr12	31668009	31669222	ENSG00000188375[1,1,1]	0	-	31668635	31669040	0	1	1213,	0,	chr12	31668636	31669040	retro_human_10076	0	-	H3-5	404
chr12	31824252	31824846	ENSG00000242314[1,1,1]	0	+	31824252	31824252	0	1	594,	0,	chr12	31824302	31824796	retro_human_2504|RPL12P32-201|processed_pseudogene	0	+	RPL12P32	494
chr12	31829808	31831288	ENSG00000256987[1,1,1]	0	+	31829808	31829808	0	1	1480,	0,	chr12	31829858	31831238	retro_human_4059|AC023050.5-201|processed_pseudogene	0	+	LOC100132543	1380
chr12	32602611	32603716	ENSG00000257511[1,1,1]	0	-	32602639	32602951	0	1	1105,	0,	chr12	32602661	32603666	retro_human_9338|AC084824.1-201|processed_pseudogene	0	-	LOC100420981	1005
chr12	32739050	32739466	ENSG00000244743[1,1,1]	0	+	32739050	32739050	0	1	416,	0,	chr12	32739100	32739416	retro_human_4057|AC087588.1-201|processed_pseudogene	0	+	RPL35AP27	316
chr12	40018089	40018537	ENSG00000229014[1,1,1]	0	-	40018370	40018487	0	1	448,	0,	chr12	40018139	40018487	retro_human_9342|RPL30P13-201|processed_pseudogene	0	-	RPL30P13	348
chr12	42244807	42246557	ENSG00000257674[1,1,1]	0	+	42244857	42245622	0	1	1750,	0,	chr12	42244857	42246507	retro_human_9136|AC020629.1-201|processed_pseudogene	0	+	LOC727884	1650
chr12	45159403	45160238	ENSG00000257738[1,1,1]	0	+	45159403	45159403	0	1	835,	0,	chr12	45159453	45160188	retro_human_9135|AC009248.1-201|processed_pseudogene	0	+	LOC100419293	735
chr12	47096214	47096719	ENSG00000258352[1,1,1]	0	-	47096214	47096214	0	1	505,	0,	chr12	47096264	47096668	retro_human_1364|IFITM3P6-202|transcribed_processed_pseudogene	0	-	IFITM3P6	404
chr12	48046372	48046832	ENSG00000226138[1,1,1]	0	+	48046372	48046372	0	1	460,	0,	chr12	48046422	48046782	retro_human_176|AC004801.1-201|processed_pseudogene	0	+	LOC101927180	360
chr12	48121550	48122284	ENSG00000258051[1,1,1]	0	-	48121550	48121550	0	1	734,	0,	chr12	48121600	48122234	retro_human_1319|AC074029.2-201|processed_pseudogene	0	-	LOC100421855	634
chr12	48762551	48763162	ENSG00000271547[1,1,1]	0	-	48762551	48762551	0	1	611,	0,	chr12	48762601	48763112	retro_human_4274|AC117498.2-201|processed_pseudogene	0	-	LOC390314	511
chr12	48865555	48866051	ENSG00000239617[1,1,1]	0	-	48865605	48865848	0	1	496,	0,	chr12	48865605	48866001	retro_human_4273|AC073610.1-201|processed_pseudogene	0	-	AC073610.2,RPL32P27	396
chr12	49351689	49352436	ENSG00000257954[1,1,1]	0	+	49351739	49352066	0	1	747,	0,	chr12	49351739	49352386	retro_human_8421|AC125611.2-201|processed_pseudogene	0	+	LOC100335030	647
chr12	49556301	49556569	ENSG00000258284[1,1,1]	0	+	49556301	49556301	0	1	268,	0,	chr12	49556351	49556519	retro_human_8385|POLR2KP1-201|processed_pseudogene	0	+	POLR2KP1	168
chr12	49935797	49938944	ENSG00000086159[1,1,4]	0	+	49936184	49938679	0	4	789,159,81,469,	0,1537,1959,2678,	chr12	49936257	49936688	retro_human_7250	0	+	AQP6	431
chr12	51087504	51088362	ENSG00000257246[1,1,2]	0	-	51087557	51088160	0	1	858,	0,	chr12	51087554	51088308	retro_human_10173|PHBP19-201|processed_pseudogene	0	-	PHB1P19	754
chr12	51149767	51161649	ENSG00000184271[9,13,1]	0	-	51153131	51159723	255	7	3707,169,142,204,129,251,156,	0,4709,5443,9082,9911,10946,11726,	chr12	51153174	51154628	retro_human_10176	0	-	POU6F1	1454
chr12	51149767	51161649	ENSG00000184271[9,14,1]	0	-	51153131	51159723	255	7	3707,169,142,204,129,254,156,	0,4709,5443,9082,9911,10946,11726,	chr12	51153174	51154628	retro_human_10176	0	-	POU6F1	1454
chr12	51149767	51161649	ENSG00000184271[9,5,1]	0	-	51153131	51159723	0	6	3707,169,142,204,129,936,	0,4709,5443,9082,9911,10946,	chr12	51153174	51154628	retro_human_10176	0	-	POU6F1	1454
chr12	51149767	51161161	ENSG00000184271[5,5,1]	0	-	51153131	51159723	0	6	3707,169,142,204,129,448,	0,4709,5443,9082,9911,10946,	chr12	51153174	51154628	retro_human_10176	0	-	POU6F1	1454
chr12	51151992	51161649	ENSG00000184271[9,13,3]	0	-	51153131	51159723	255	7	1482,169,142,204,129,251,156,	0,2484,3218,6857,7686,8721,9501,	chr12	51153174	51154628	retro_human_10176	0	-	POU6F1	1454
chr12	51151992	51161649	ENSG00000184271[9,14,3]	0	-	51153131	51159723	255	7	1482,169,142,204,129,254,156,	0,2484,3218,6857,7686,8721,9501,	chr12	51153174	51154628	retro_human_10176	0	-	POU6F1	1454
chr12	51151992	51161649	ENSG00000184271[9,5,3]	0	-	51153131	51159723	0	6	1482,169,142,204,129,936,	0,2484,3218,6857,7686,8721,	chr12	51153174	51154628	retro_human_10176	0	-	POU6F1	1454
chr12	51151992	51161161	ENSG00000184271[5,5,3]	0	-	51153131	51159723	0	6	1482,169,142,204,129,448,	0,2484,3218,6857,7686,8721,	chr12	51153174	51154628	retro_human_10176	0	-	POU6F1	1454
chr12	51151992	51160029	ENSG00000184271[3,3,3]	0	-	51153131	51159723	0	5	1482,169,142,204,351,	0,2484,3218,6857,7686,	chr12	51153174	51154628	retro_human_10176	0	-	POU6F1	1454
chr12	53106379	53106754	ENSG00000258016[1,1,1]	0	+	53106379	53106379	0	1	375,	0,	chr12	53106429	53106704	retro_human_10864|HIGD1AP1-201|processed_pseudogene	0	+	HIGD1AP1	275
chr12	53118817	53120130	ENSG00000257790[1,1,1]	0	+	53118817	53118817	0	1	1313,	0,	chr12	53118867	53120080	retro_human_10862|EIF4A1P4-201|processed_pseudogene	0	+	EIF4A1P4	1213
chr12	53951589	53955551	ENSG00000180818[2,3,4]	0	+	53954795	53954951	0	2	112,875,	0,3087,	chr12	53954484	53954918	retro_human_1530	0	+	HOXC10	434
chr12	53951795	53955268	ENSG00000180818[3,4,3]	0	+	53954795	53954951	0	2	93,592,	0,2881,	chr12	53954484	53954918	retro_human_1530	0	+	HOXC10	434
chr12	53951795	53955268	ENSG00000180818[3,5,3]	0	+	53954795	53954951	0	2	399,592,	0,2881,	chr12	53954484	53954918	retro_human_1530	0	+	HOXC10	434
chr12	55378224	55381385	ENSG00000179899[1,1,1]	0	-	55378224	55378224	0	1	3161,	0,	chr12	55378274	55381335	retro_human_3860|PHC1P1-201|processed_pseudogene	0	-	PHC1P1	3061
chr12	55836685	55839377	ENSG00000257966[1,1,1]	0	-	55836685	55836685	0	1	2692,	0,	chr12	55836735	55839327	retro_human_9778|OLA1P3-201|processed_pseudogene	0	-	OLA1P3,RN7SL676P	2592
chr12	55866994	55867413	ENSG00000257569[1,1,1]	0	+	55866994	55866994	0	1	419,	0,	chr12	55867044	55867363	retro_human_1945|GSTP1P1-201|processed_pseudogene	0	+	GSTP1P1	319
chr12	56478618	56480420	ENSG00000257576[1,1,1]	0	+	56478618	56478618	0	1	1802,	0,	chr12	56478668	56480370	retro_human_8171|HSPD1P4-201|processed_pseudogene	0	+	HSPD1P4	1702
chr12	57716030	57720847	ENSG00000135446[1,1,1]	0	-	57716881	57720067	0	8	941,136,51,110,168,136,237,323,	0,1505,1777,2975,3242,3526,3819,4494,	chr12	57719297	57720064	retro_human_9783	0	-	CDK4	767
chr12	57716225	57720847	ENSG00000135446[1,7,7]	0	-	57716881	57719688	0	7	746,136,51,110,168,136,323,	0,1310,1582,2780,3047,3331,4299,	chr12	57719297	57720064	retro_human_9783	0	-	CDK4	767
chr12	57716225	57720847	ENSG00000135446[1,1,7]	0	-	57716881	57720067	0	8	746,136,51,110,168,136,237,323,	0,1310,1582,2780,3047,3331,3624,4299,	chr12	57719297	57720064	retro_human_9783	0	-	CDK4	767
chr12	57716522	57720847	ENSG00000135446[1,16,8]	0	-	57716881	57720067	255	7	449,136,51,110,168,136,998,	0,1013,1285,2483,2750,3034,3327,	chr12	57719297	57720064	retro_human_9783	0	-	CDK4	767
chr12	57716522	57720847	ENSG00000135446[1,17,8]	0	-	57717837	57720067	255	8	449,136,51,110,172,136,237,323,	0,1013,1285,2483,2746,3034,3327,4002,	chr12	57719297	57720064	retro_human_9783	0	-	CDK4	767
chr12	57716522	57720847	ENSG00000135446[1,11,8]	0	-	57716881	57719434	0	7	449,136,51,110,168,237,323,	0,1013,1285,2483,2750,3327,4002,	chr12	57719297	57720064	retro_human_9783	0	-	CDK4	767
chr12	57716522	57720847	ENSG00000135446[1,4,8]	0	-	57719848	57720067	0	3	449,136,3040,	0,1013,1285,	chr12	57719297	57720064	retro_human_9783	0	-	CDK4	767
chr12	57716522	57720847	ENSG00000135446[1,2,8]	0	-	57716881	57717565	0	4	449,136,51,323,	0,1013,1285,4002,	chr12	57719297	57720064	retro_human_9783	0	-	CDK4	767
chr12	57716522	57720847	ENSG00000135446[1,7,8]	0	-	57716881	57719688	0	7	449,136,51,110,168,136,323,	0,1013,1285,2483,2750,3034,4002,	chr12	57719297	57720064	retro_human_9783	0	-	CDK4	767
chr12	57716522	57720847	ENSG00000135446[1,1,8]	0	-	57716881	57720067	0	8	449,136,51,110,168,136,237,323,	0,1013,1285,2483,2750,3034,3327,4002,	chr12	57719297	57720064	retro_human_9783	0	-	CDK4	767
chr12	57716714	57720847	ENSG00000135446[1,17,2]	0	-	57717837	57720067	255	8	257,136,51,110,172,136,237,323,	0,821,1093,2291,2554,2842,3135,3810,	chr12	57719297	57720064	retro_human_9783	0	-	CDK4	767
chr12	57716714	57720847	ENSG00000135446[1,7,2]	0	-	57716881	57719688	0	7	257,136,51,110,168,136,323,	0,821,1093,2291,2558,2842,3810,	chr12	57719297	57720064	retro_human_9783	0	-	CDK4	767
chr12	59040213	59041518	ENSG00000257288[1,1,1]	0	-	59040213	59040213	0	1	1305,	0,	chr12	59040263	59041468	retro_human_8485|AC068305.1-201|processed_pseudogene	0	-	METTL15P2	1205
chr12	62637550	62638059	ENSG00000241941[1,1,1]	0	+	62637550	62637550	0	1	509,	0,	chr12	62637600	62638003	retro_human_2322|RPL32P26-201|processed_pseudogene	0	+	RPL32P26	403
chr12	62944014	62944753	ENSG00000139239[1,1,1]	0	+	62944014	62944014	0	1	739,	0,	chr12	62944064	62944703	retro_human_8526|RPL14P1-201|processed_pseudogene	0	+	RPL14P1	639
chr12	63800679	63802654	ENSG00000255642[1,1,1]	0	+	63800679	63800679	0	1	1975,	0,	chr12	63800729	63802604	retro_human_8521|PABPC1P4-201|processed_pseudogene	0	+	PABPC1P4	1875
chr12	64245179	64245633	ENSG00000256192[1,1,1]	0	+	64245179	64245179	0	1	454,	0,	chr12	64245229	64245583	retro_human_8520|AC012158.2-201|processed_pseudogene	0	+	C12orf56	354
chr12	64369324	64375748	ENSG00000243024[4,4,1]	0	+	64369324	64369324	0	3	737,102,613,	0,885,5811,	chr12	64369374	64375698	AC012158.1-203|transcribed_processed_pseudogene	0	+	AC012158.1,RPS11P6	6324
chr12	65737449	65737945	ENSG00000241749[3,1,1]	0	-	65737449	65737449	0	1	496,	0,	chr12	65737600	65738478	retro_human_1780|RPSAP52-202|transcribed_processed_pseudogene	0	-	RPSAP52	345
chr12	65737449	65738528	ENSG00000241749[1,1,1]	0	-	65737449	65737449	0	1	1079,	0,	chr12	65737600	65738478	retro_human_1780|RPSAP52-202|transcribed_processed_pseudogene	0	-	RPSAP52	878
chr12	65803912	65810602	ENSG00000149948[1,12,13]	0	+	65804771	65809693	255	3	970,87,954,	0,3589,5736,	chr12	65805475	65806498	RPSAP52-203|transcribed_processed_pseudogene	0	-	RPSAP52	1023
chr12	65804263	65810602	ENSG00000149948[2,12,13]	0	+	65804771	65809693	255	3	619,87,954,	0,3238,5385,	chr12	65805475	65806498	RPSAP52-203|transcribed_processed_pseudogene	0	-	RPSAP52	1023
chr12	65804263	65810602	ENSG00000149948[2,8,13]	0	+	65804771	65807630	0	2	619,3101,	0,3238,	chr12	65805475	65806498	RPSAP52-203|transcribed_processed_pseudogene	0	-	RPSAP52	1023
chr12	65804263	65808565	ENSG00000149948[2,8,7]	0	+	65804771	65807630	0	2	619,1064,	0,3238,	chr12	65805475	65806498	RPSAP52-203|transcribed_processed_pseudogene	0	-	RPSAP52	1023
chr12	65804573	65810602	ENSG00000149948[3,12,13]	0	+	65804771	65809693	255	3	309,87,954,	0,2928,5075,	chr12	65805475	65806498	RPSAP52-203|transcribed_processed_pseudogene	0	-	RPSAP52	1023
chr12	65805425	65806548	ENSG00000241749[2,1,2]	0	-	65805425	65805425	0	1	1123,	0,	chr12	65805475	65806498	RPSAP52-203|transcribed_processed_pseudogene	0	-	RPSAP52	1023
chr12	66016655	66017236	ENSG00000213343[1,1,1]	0	+	66016655	66016655	0	1	581,	0,	chr12	66016705	66017185	retro_human_2678|RPL21P18-201|processed_pseudogene	0	+	RPL21P18	480
chr12	66213560	66214816	ENSG00000225422[1,1,1]	0	-	66213560	66213560	0	1	1256,	0,	chr12	66213610	66214766	retro_human_6255|RBMS1P1-201|processed_pseudogene	0	-	RBMS1P1	1156
chr12	67330916	67331620	ENSG00000256037[1,1,1]	0	+	67330916	67330916	0	1	704,	0,	chr12	67330966	67331570	retro_human_2679|MRPL40P1-201|processed_pseudogene	0	+	MRPL40P1	604
chr12	68015232	68016420	ENSG00000236946[1,1,1]	0	+	68015232	68015232	0	1	1188,	0,	chr12	68015282	68016369	retro_human_2680|HNRNPA1P70-201|transcribed_processed_pseudogene	0	+	IFNG-AS1	1087
chr12	68122790	68123263	ENSG00000256708[1,1,1]	0	+	68122790	68122790	0	1	473,	0,	chr12	68122840	68123213	retro_human_2674|AC007458.1-201|processed_pseudogene	0	+	LOC100509370	373
chr12	68606357	68606775	ENSG00000234040[1,1,1]	0	-	68606357	68606357	0	1	418,	0,	chr12	68606407	68606725	retro_human_6140|RPL10P12-201|processed_pseudogene	0	-	RPL10P12	318
chr12	68622006	68622581	ENSG00000234925[1,1,1]	0	-	68622006	68622006	0	1	575,	0,	chr12	68622056	68622531	retro_human_6139|ATP5PDP4-201|processed_pseudogene	0	-	ATP5PDP4	475
chr12	68653854	68666473	ENSG00000247363[1,1,1]	0	-	68653854	68653854	0	3	1501,159,190,	0,11551,12429,	chr12	68664141	68665855	retro_human_2676|RPL7P42-201|processed_pseudogene	0	+	AC090061.1,RPL7P42	1714
chr12	68685130	68686663	ENSG00000233560[1,1,1]	0	+	68685180	68685675	0	1	1533,	0,	chr12	68685180	68686613	retro_human_2677|KRT8P39-201|processed_pseudogene	0	+	KRT8P39	1433
chr12	68820365	68823824	ENSG00000135679[10,42,9]	0	+	68821811	68822003	255	2	2426,482,	0,2977,	chr12	68821524	68821963	retro_human_2673|AC025423.2-201|processed_pseudogene	0	+	CPM,MDM2	439
chr12	68820365	68823824	ENSG00000135679[10,35,9]	0	+	68821811	68822003	0	2	2478,505,	0,2954,	chr12	68821524	68821963	retro_human_2673|AC025423.2-201|processed_pseudogene	0	+	CPM,MDM2	439
chr12	68821474	68822013	ENSG00000256664[1,1,1]	0	+	68821811	68822003	0	1	539,	0,	chr12	68821524	68821963	retro_human_2673|AC025423.2-201|processed_pseudogene	0	+	CPM,MDM2	439
chr12	68936900	68937301	ENSG00000257336[1,1,1]	0	-	68936995	68937199	0	1	401,	0,	chr12	68936950	68937251	retro_human_6137|PRELID2P1-201|processed_pseudogene	0	-	CPM,PRELID2P1	301
chr12	69263281	69264471	ENSG00000257818[1,1,1]	0	+	69263281	69263281	0	1	1190,	0,	chr12	69263331	69264421	retro_human_9556|C1GALT1P1-201|processed_pseudogene	0	+	C1GALT1P1	1090
chr12	70651272	70652311	ENSG00000257302[1,1,1]	0	+	70651272	70651272	0	1	1039,	0,	chr12	70651322	70652261	retro_human_9560|FAHD2P1-201|processed_pseudogene	0	+	PTPRR,FAHD2P1	939
chr12	71826655	71827956	ENSG00000257802[1,1,1]	0	-	71826655	71826655	0	1	1301,	0,	chr12	71826705	71827906	retro_human_6141|AC089984.2-201|processed_pseudogene	0	-	MRS2P2	1201
chr12	72407413	72407867	ENSG00000257287[1,1,1]	0	-	72407413	72407413	0	1	454,	0,	chr12	72407463	72407817	retro_human_345|H3P35-201|processed_pseudogene	0	-	TRHDE,H3P35	354
chr12	74265916	74266854	ENSG00000251138[6,7,8]	0	-	74265916	74265916	0	1	938,	0,	chr12	74266183	74266956	retro_human_9555|VENTXP3-201|processed_pseudogene	0	+	LINC02882,VENTXP3	671
chr12	74266133	74267006	ENSG00000257364[1,1,1]	0	+	74266133	74266133	0	1	873,	0,	chr12	74266183	74266956	retro_human_9555|VENTXP3-201|processed_pseudogene	0	+	LINC02882,VENTXP3	773
chr12	75663745	75664148	ENSG00000258245[1,1,1]	0	-	75663745	75663745	0	1	403,	0,	chr12	75663795	75664098	retro_human_349|RPL10P13-201|processed_pseudogene	0	-	RPL10P13	303
chr12	75939833	75940130	ENSG00000198923[1,1,1]	0	+	75939833	75939833	0	1	297,	0,	chr12	75939883	75940080	retro_human_4078|AC011611.1-201|processed_pseudogene	0	+	LOC100289143	197
chr12	76032566	76033244	ENSG00000257941[1,1,1]	0	+	76032566	76032566	0	1	678,	0,	chr12	76032616	76033194	retro_human_4085|AC011611.5-201|processed_pseudogene	0	+	NAP1L1,LOC128966777	578
chr12	76638302	76638880	ENSG00000243071[1,1,1]	0	+	76638302	76638302	0	1	578,	0,	chr12	76638352	76638831	retro_human_4074|AC107032.1-201|processed_pseudogene	0	+	RPL21P98	479
chr12	76735050	76735874	ENSG00000258090[1,1,1]	0	+	76735050	76735050	0	1	824,	0,	chr12	76735100	76735824	retro_human_9967|AC093014.1-201|processed_pseudogene	0	+	RWDD1P3	724
chr12	80007606	80008445	ENSG00000239473[1,1,1]	0	+	80007606	80007606	0	1	839,	0,	chr12	80007656	80008395	retro_human_9965|RPL7P38-201|processed_pseudogene	0	+	RPL7P38	739
chr12	80839727	80840381	ENSG00000258215[1,1,1]	0	-	80840023	80840242	0	1	654,	0,	chr12	80839777	80840331	retro_human_6525|AC078886.1-201|processed_pseudogene	0	-	LOC100420442	554
chr12	87764607	87766155	ENSG00000258128[2,1,2]	0	-	87764607	87764607	0	1	1548,	0,	chr12	87763695	87764996	retro_human_739|MKRN9P-202|transcribed_processed_pseudogene	0	-	MKRN9P	389
chr12	87764607	87766155	ENSG00000258128[2,1,2]	0	-	87764607	87764607	0	1	1548,	0,	chr12	87764657	87766105	MKRN9P-201|transcribed_processed_pseudogene	0	-	MKRN9P	1448
chr12	89329128	89335265	ENSG00000139318[4,1,1]	0	-	89331200	89333983	0	3	2377,438,1682,	0,3403,4455,	chr12	89331309	89332763	retro_human_738	0	-	DUSP6	1454
chr12	89329768	89334495	ENSG00000139318[1,6,8]	0	-	89332520	89333983	255	2	3201,912,	0,3815,	chr12	89331309	89332763	retro_human_738	0	-	DUSP6	1454
chr12	89329768	89334495	ENSG00000139318[1,3,8]	0	-	89331200	89333983	0	2	1737,912,	0,3815,	chr12	89331309	89332763	retro_human_738	0	-	DUSP6	1454
chr12	89329768	89334495	ENSG00000139318[1,1,8]	0	-	89331200	89333983	0	3	1737,438,912,	0,2763,3815,	chr12	89331309	89332763	retro_human_738	0	-	DUSP6	1454
chr12	89329959	89334495	ENSG00000139318[1,6,6]	0	-	89332520	89333983	255	2	3010,912,	0,3624,	chr12	89331309	89332763	retro_human_738	0	-	DUSP6	1454
chr12	89329959	89334495	ENSG00000139318[1,2,6]	0	-	89331200	89332994	0	2	1546,1964,	0,2572,	chr12	89331309	89332763	retro_human_738	0	-	DUSP6	1454
chr12	89329959	89334495	ENSG00000139318[1,3,6]	0	-	89331200	89333983	0	2	1546,912,	0,3624,	chr12	89331309	89332763	retro_human_738	0	-	DUSP6	1454
chr12	89329959	89334495	ENSG00000139318[1,1,6]	0	-	89331200	89333983	0	3	1546,438,912,	0,2572,3624,	chr12	89331309	89332763	retro_human_738	0	-	DUSP6	1454
chr12	89330262	89334495	ENSG00000139318[1,6,2]	0	-	89332520	89333983	255	2	2707,912,	0,3321,	chr12	89331309	89332763	retro_human_738	0	-	DUSP6	1454
chr12	89330262	89334495	ENSG00000139318[1,2,2]	0	-	89331200	89332994	0	2	1243,1964,	0,2269,	chr12	89331309	89332763	retro_human_738	0	-	DUSP6	1454
chr12	89330262	89334495	ENSG00000139318[1,3,2]	0	-	89331200	89333983	0	2	1243,912,	0,3321,	chr12	89331309	89332763	retro_human_738	0	-	DUSP6	1454
chr12	89330262	89334495	ENSG00000139318[1,1,2]	0	-	89331200	89333983	0	3	1243,438,912,	0,2269,3321,	chr12	89331309	89332763	retro_human_738	0	-	DUSP6	1454
chr12	89330537	89334495	ENSG00000139318[1,6,7]	0	-	89332520	89333983	255	2	2432,912,	0,3046,	chr12	89331309	89332763	retro_human_738	0	-	DUSP6	1454
chr12	89330537	89334495	ENSG00000139318[1,2,7]	0	-	89331200	89332994	0	2	968,1964,	0,1994,	chr12	89331309	89332763	retro_human_738	0	-	DUSP6	1454
chr12	89330537	89334495	ENSG00000139318[1,3,7]	0	-	89331200	89333983	0	2	968,912,	0,3046,	chr12	89331309	89332763	retro_human_738	0	-	DUSP6	1454
chr12	89330537	89334495	ENSG00000139318[1,1,7]	0	-	89331200	89333983	0	3	968,438,912,	0,1994,3046,	chr12	89331309	89332763	retro_human_738	0	-	DUSP6	1454
chr12	89330965	89333165	ENSG00000139318[2,2,3]	0	-	89331200	89332994	0	2	540,634,	0,1566,	chr12	89331309	89332763	retro_human_738	0	-	DUSP6	1454
chr12	89331375	89333576	ENSG00000139318[3,4,4]	0	-	89332660	89332786	0	3	130,438,136,	0,1156,2065,	chr12	89331309	89332763	retro_human_738	0	-	DUSP6	1388
chr12	89481915	89484593	ENSG00000226982[1,1,1]	0	+	89481915	89481915	0	1	2678,	0,	chr12	89481965	89484543	retro_human_4486|CENPCP1-201|processed_pseudogene	0	+	CENPCP1	2578
chr12	89901275	89901715	ENSG00000258290[1,1,1]	0	-	89901275	89901275	0	1	440,	0,	chr12	89901325	89901665	BRWD1P2-201|processed_pseudogene	0	-	AC009522.1,BRWD1P2	340
chr12	92835632	92836927	ENSG00000258012[1,1,1]	0	+	92835632	92835632	0	1	1295,	0,	chr12	92835682	92836877	retro_human_4493|AC026111.1-201|processed_pseudogene	0	+	LOC100287544	1195
chr12	92861319	92862347	ENSG00000257195[1,1,1]	0	+	92861319	92861319	0	1	1028,	0,	chr12	92861369	92862297	retro_human_4492|HNRNPA1P50-201|processed_pseudogene	0	+	HNRNPA1P50	928
chr12	93064050	93064530	ENSG00000256393[1,1,2]	0	-	93064050	93064050	0	1	480,	0,	chr12	93064402	93064480	RPL41P5-201|processed_pseudogene	0	-	RPL41P5	78
chr12	93064352	93064530	ENSG00000256393[1,1,1]	0	-	93064352	93064352	0	1	178,	0,	chr12	93064402	93064480	RPL41P5-201|processed_pseudogene	0	-	RPL41P5	78
chr12	93104851	93105432	ENSG00000257210[1,1,1]	0	-	93104851	93104851	0	1	581,	0,	chr12	93104901	93105382	NACAP8-201|processed_pseudogene	0	-	LOC124906981	481
chr12	93622209	93623074	ENSG00000186076[1,1,1]	0	-	93622209	93622209	0	1	865,	0,	chr12	93622259	93623024	retro_human_817|AC012085.1-201|processed_pseudogene	0	-	LOC642969	765
chr12	94404517	94405843	ENSG00000213250[1,1,1]	0	-	94405047	94405206	0	1	1326,	0,	chr12	94404567	94405793	retro_human_4948|RBMS2P1-201|processed_pseudogene	0	-	RBMS2P1	1226
chr12	94814968	94816080	ENSG00000216306[1,1,1]	0	+	94814968	94814968	0	1	1112,	0,	chr12	94815018	94816030	retro_human_8728|KRT19P2-202|transcribed_processed_pseudogene	0	+	MIR492	1012
chr12	94814968	94816080	ENSG00000216306[1,1,1]	0	+	94814968	94814968	0	1	1112,	0,	chr12	94815325	94815900	KRT19P2-201|transcribed_processed_pseudogene	0	+	MIR492	575
chr12	95081190	95081806	ENSG00000257121[1,1,1]	0	+	95081190	95081190	0	1	616,	0,	chr12	95081240	95081756	retro_human_8729|AC126615.2-201|processed_pseudogene	0	+	LOC100287148	516
chr12	95267038	95267659	ENSG00000257666[1,1,1]	0	-	95267038	95267038	0	1	621,	0,	chr12	95267088	95267609	retro_human_7112|CBX3P5-201|processed_pseudogene	0	-	CBX3P5	521
chr12	97726194	97729713	ENSG00000257501[4,6,6]	0	-	97726194	97726194	0	2	552,130,	0,3389,	chr12	97726244	97729636	AC007424.1-204|transcribed_processed_pseudogene	0	-	AC007424.1	3392
chr12	99970220	99971107	ENSG00000214203[1,1,1]	0	-	99970220	99970220	0	1	887,	0,	chr12	99970270	99971057	retro_human_8397|RPS4XP1-201|processed_pseudogene	0	-	RPS4XP1	787
chr12	101734290	101735032	ENSG00000258230[2,1,1]	0	-	101734471	101734606	0	1	742,	0,	chr12	101734340	101734648	AC063950.1-201|transcribed_processed_pseudogene	0	-	ST13P22	308
chr12	101734290	101735032	ENSG00000258230[2,1,1]	0	-	101734471	101734606	0	1	742,	0,	chr12	101734414	101734982	AC063950.1-202|transcribed_processed_pseudogene	0	-	ST13P22	568
chr12	101834483	101834891	ENSG00000258153[1,1,1]	0	-	101834483	101834483	0	1	408,	0,	chr12	101834533	101834841	retro_human_1650|HSPE1P4-201|processed_pseudogene	0	-	HSPE1P4	308
chr12	103992405	103993270	ENSG00000216285[1,1,1]	0	+	103992405	103992405	0	1	865,	0,	chr12	103992455	103993220	retro_human_9171|AC078819.1-201|processed_pseudogene	0	+	LOC643576	765
chr12	104224312	104227596	ENSG00000213442[2,1,1]	0	+	104227018	104227546	0	1	3284,	0,	chr12	104227018	104227546	retro_human_9172|RPL18AP3-201|processed_pseudogene	0	+	LOC128966778	528
chr12	104226968	104227596	ENSG00000213442[1,1,1]	0	+	104227018	104227546	0	1	628,	0,	chr12	104227018	104227546	retro_human_9172|RPL18AP3-201|processed_pseudogene	0	+	LOC128966778	528
chr12	104265406	104266973	ENSG00000255150[1,1,1]	0	+	104265652	104266651	0	1	1567,	0,	chr12	104265704	104266645	retro_human_9170	0	+	EID3	941
chr12	104475635	104476146	ENSG00000258111[1,1,1]	0	+	104475685	104475838	0	1	511,	0,	chr12	104475685	104476096	retro_human_9175|AC079316.1-201|processed_pseudogene	0	+	LOC124903004	411
chr12	107696312	107704668	ENSG00000110851[4,7,1]	0	-	107697704	107704582	255	3	1702,169,231,	0,6562,8125,	chr12	107702874	107704612	retro_human_7745	0	-	AC007622.2,PRDM4,PRDM4-AS1	1738
chr12	107697475	107704668	ENSG00000110851[4,7,6]	0	-	107697704	107704582	255	3	539,169,231,	0,5399,6962,	chr12	107702874	107704612	retro_human_7745	0	-	AC007622.2,PRDM4,PRDM4-AS1	1738
chr12	107697632	107704668	ENSG00000110851[4,7,2]	0	-	107697704	107704582	255	3	382,169,231,	0,5242,6805,	chr12	107702874	107704612	retro_human_7745	0	-	AC007622.2,PRDM4,PRDM4-AS1	1738
chr12	107844647	107847554	ENSG00000257951[1,1,1]	0	+	107844647	107844647	0	3	193,291,625,	0,798,2282,	chr12	107845457	107847381	retro_human_3698	0	+	AC126177.5,LOC390358	1924
chr12	108249274	108250507	ENSG00000257281[1,1,1]	0	-	108249274	108249274	0	1	1233,	0,	chr12	108249324	108250457	retro_human_5704|AC009729.1-201|processed_pseudogene	0	-	LOC196469	1133
chr12	111349706	111383918	ENSG00000257595[1,1,1]	0	+	111349706	111349706	0	3	110,102,223,	0,2759,33989,	chr12	111362372	111366144	HSPA8P14-201|processed_pseudogene	0	+	HSPA8P14	3772
chr12	111558256	111558751	ENSG00000238168[1,1,1]	0	+	111558256	111558256	0	1	495,	0,	chr12	111558306	111558701	retro_human_3695|IFITM3P5-201|processed_pseudogene	0	+	IFITM3P5	395
chr12	111646723	111647334	ENSG00000258359[1,1,1]	0	-	111647071	111647287	0	1	611,	0,	chr12	111646773	111647284	retro_human_11160|PCNPP1-201|processed_pseudogene	0	-	PCNPP1	511
chr12	111876121	111878350	ENSG00000229186[1,1,1]	0	+	111876338	111876686	0	1	2229,	0,	chr12	111876396	111878288	retro_human_3694	0	+	ADAM1A,MAPKAPK5	1892
chr12	111977593	111977940	ENSG00000257624[1,1,1]	0	-	111977644	111977830	0	1	347,	0,	chr12	111977643	111977890	retro_human_11158|AC004024.1-201|processed_pseudogene	0	-	LOC724085	247
chr12	116736481	116737061	ENSG00000239374[1,1,1]	0	-	116736481	116736481	0	1	580,	0,	chr12	116736531	116737011	retro_human_11154|AC090013.1-201|processed_pseudogene	0	-	RPL21P105	480
chr12	119182232	119182877	ENSG00000213144[1,1,1]	0	+	119182463	119182655	0	1	645,	0,	chr12	119182282	119182827	retro_human_11243|AC084880.1-201|processed_pseudogene	0	+	LOC100287653	545
chr12	120269424	120269938	ENSG00000123009[1,1,1]	0	+	120269424	120269424	0	1	514,	0,	chr12	120269474	120269888	retro_human_5736|NME2P1-201|processed_pseudogene	0	+	NME2P1	414
chr12	120358514	120358915	ENSG00000239881[2,1,1]	0	+	120358514	120358514	0	1	401,	0,	chr12	120358564	120358812	retro_human_5741|RPS27P25-201|transcribed_processed_pseudogene	0	+	RPS27P25	248
chr12	120358514	120358915	ENSG00000239881[2,1,1]	0	+	120358514	120358514	0	1	401,	0,	chr12	120356616	120358865	RPS27P25-202|transcribed_processed_pseudogene	0	+	RPS27P25	351
chr12	120905789	120906381	ENSG00000244585[1,1,1]	0	+	120905789	120905789	0	1	592,	0,	chr12	120905839	120906331	retro_human_5739|RPL12P33-201|processed_pseudogene	0	+	RPL12P33	492
chr12	121097851	121098222	ENSG00000223538[1,1,1]	0	+	121097851	121097851	0	1	371,	0,	chr12	121097901	121098172	retro_human_5742|AC079602.1-201|processed_pseudogene	0	+	LOC105370031	271
chr12	122360509	122361461	ENSG00000214760[1,1,1]	0	+	122360509	122360509	0	2	159,418,	0,534,	chr12	122360559	122361410	retro_human_5721|RPL21P1-201|processed_pseudogene	0	+	RPL21P1	851
chr12	124314015	124317021	ENSG00000178882[3,3,2]	0	+	124314043	124316870	0	2	270,482,	0,2524,	chr12	124316478	124316825	retro_human_5723	0	+	RFLNA,ZNF664-RFLNA	347
chr12	132175848	132176249	ENSG00000256804[1,1,1]	0	-	132175848	132175848	0	1	401,	0,	chr12	132175898	132176199	retro_human_10759|AC138466.2-201|processed_pseudogene	0	-	EP400P1	301
chr12	132795726	132796400	ENSG00000256108[1,1,1]	0	+	132795726	132795726	0	1	674,	0,	chr12	132795776	132796350	retro_human_4508|AC135586.1-201|processed_pseudogene	0	+	LOC100419935	574
chr12	132876413	132876997	ENSG00000232888[1,1,1]	0	+	132876413	132876413	0	1	584,	0,	chr12	132876463	132876947	retro_human_4510|RPS11P5-201|processed_pseudogene	0	+	RPS11P5	484
chr12	132950692	132951177	ENSG00000255703[1,1,1]	0	+	132950692	132950692	0	1	485,	0,	chr12	132950742	132951127	retro_human_4505|AC127070.3-201|processed_pseudogene	0	+	LOC647503	385
chr12	133061693	133069517	ENSG00000198393[2,6,4]	0	+	133064408	133068818	0	3	2815,96,2042,	0,3083,5782,	chr12	133067700	133068998	retro_human_4507	0	+	ZNF26	1298
chr13	13611787	13613067	ENSG00000279730[1,1,1]	0	-	13613067	13613067	0	1	1280,	0,	chr13	13611837	13613017	retro_human_5417|KMT5AP1-201|processed_pseudogene	0	-	KMT5AP1,IGSF3P1	1180
chr13	17894331	17895638	ENSG00000226361[1,1,1]	0	+	17894331	17894331	0	1	1307,	0,	chr13	17894381	17895588	retro_human_11149|TERF1P5-201|processed_pseudogene	0	+	TERF1P5	1207
chr13	17910964	17911569	ENSG00000228797[1,1,1]	0	+	17910964	17910964	0	1	605,	0,	chr13	17911014	17911519	retro_human_11150|FAM207BP-201|processed_pseudogene	0	+	FAM207BP	505
chr13	18654445	18654866	ENSG00000223625[1,1,1]	0	-	18654501	18654816	0	1	421,	0,	chr13	18654495	18654816	retro_human_5410|CYCSP32-201|processed_pseudogene	0	-	CYCSP32	321
chr13	18759592	18761004	ENSG00000238132[1,1,1]	0	-	18759592	18759592	0	1	1412,	0,	chr13	18759642	18760954	retro_human_10917|CASC4P1-201|processed_pseudogene	0	-	LINC00350,TPTE2-AS1,GOLM2P1	1312
chr13	19014284	19014882	ENSG00000233469[1,1,1]	0	-	19014284	19014284	0	1	598,	0,	chr13	19014334	19014832	retro_human_10918|ST6GALNAC4P1-201|processed_pseudogene	0	-	ST6GALNAC4P1	498
chr13	19383842	19389418	ENSG00000165474[1,1,1]	0	-	19385333	19386011	0	2	2191,206,	0,5370,	chr13	19385373	19386008	retro_human_10913	0	-	GJB2	635
chr13	19383842	19386260	ENSG00000165474[2,2,1]	0	-	19385333	19386011	0	1	2418,	0,	chr13	19385373	19386008	retro_human_10913	0	-	GJB2	635
chr13	19384181	19389418	ENSG00000165474[1,1,2]	0	-	19385333	19386011	0	2	1852,206,	0,5031,	chr13	19385373	19386008	retro_human_10913	0	-	GJB2	635
chr13	19384181	19389418	ENSG00000165474[1,2,2]	0	-	19385333	19386011	0	1	5237,	0,	chr13	19385373	19386008	retro_human_10913	0	-	GJB2	635
chr13	20154371	20155357	ENSG00000213621[1,1,1]	0	+	20154371	20154371	0	1	986,	0,	chr13	20154421	20155307	retro_human_2765|RPSAP54-201|processed_pseudogene	0	+	RPSAP54	886
chr13	20287352	20287852	ENSG00000180172[1,1,1]	0	-	20287352	20287352	0	1	500,	0,	chr13	20287402	20287802	retro_human_7626|RPS12P23-201|processed_pseudogene	0	-	RPS12P23	400
chr13	20512190	20514289	ENSG00000215571[1,1,1]	0	+	20512190	20512190	0	1	2099,	0,	chr13	20512240	20514239	retro_human_5666|GRK6P1-201|processed_pseudogene	0	+	GRK6P1	1999
chr13	22035025	22035980	ENSG00000226507[1,1,1]	0	-	22035025	22035025	0	1	955,	0,	chr13	22035075	22035930	retro_human_1116|IPMKP1-201|processed_pseudogene	0	-	IPMKP1	855
chr13	22096159	22096924	ENSG00000230535[1,1,1]	0	-	22096159	22096159	0	1	765,	0,	chr13	22096209	22096874	BASP1P1-201|processed_pseudogene	0	-	BASP1P1	665
chr13	22116506	22120191	ENSG00000234685[1,1,2]	0	+	22116506	22116506	0	1	3685,	0,	chr13	22116556	22117429	retro_human_5665|NUS1P2-201|processed_pseudogene	0	+	LINC00621,NUS1P2	873
chr13	22116506	22117479	ENSG00000234685[1,1,1]	0	+	22116506	22116506	0	1	973,	0,	chr13	22116556	22117429	retro_human_5665|NUS1P2-201|processed_pseudogene	0	+	LINC00621,NUS1P2	873
chr13	22450240	22454005	ENSG00000235205[1,1,1]	0	+	22453481	22453811	0	1	3765,	0,	chr13	22450290	22453955	retro_human_5661|TATDN2P3-201|processed_pseudogene	0	+	TATDN2P3	3665
chr13	23329036	23330886	ENSG00000225674[1,1,1]	0	-	23329036	23329036	0	1	1850,	0,	chr13	23329086	23330836	retro_human_3414|IPO7P2-201|processed_pseudogene	0	-	IPO7P2	1750
chr13	23535240	23536202	ENSG00000234627[1,1,1]	0	+	23535240	23535240	0	1	962,	0,	chr13	23535290	23536152	retro_human_307|NUS1P3-201|processed_pseudogene	0	+	NUS1P3	862
chr13	24197240	24197723	ENSG00000232858[1,1,1]	0	-	24197240	24197240	0	1	483,	0,	chr13	24197289	24197638	retro_human_2188|RPL34P27-201|processed_pseudogene	0	-	RPL34P27	349
chr13	24304601	24308088	ENSG00000151846[2,1,1]	0	+	24304982	24306875	0	1	3487,	0,	chr13	24304983	24306875	retro_human_310	0	+	PABPC3	1892
chr13	24575437	24575894	ENSG00000234152[1,1,1]	0	-	24575437	24575437	0	1	457,	0,	chr13	24575487	24575844	retro_human_2190|ELOBP1-201|processed_pseudogene	0	-	ELOBP1	357
chr13	27166656	27166912	ENSG00000180389[1,1,1]	0	+	27166656	27166656	0	1	256,	0,	chr13	27166706	27166862	retro_human_3034|ATP5F1EP2-201|processed_pseudogene	0	+	ATP5F1EP2	156
chr13	27437006	27438491	ENSG00000232587[1,1,1]	0	+	27437361	27437928	0	1	1485,	0,	chr13	27437056	27438441	retro_human_3308|EEF1A1P3-201|processed_pseudogene	0	+	EEF1A1P3	1385
chr13	29518567	29519256	ENSG00000215049[1,1,1]	0	+	29518567	29518567	0	1	689,	0,	chr13	29518617	29519206	retro_human_7734|PRDX2P1-201|processed_pseudogene	0	+	PRDX2P1	589
chr13	29650356	29650921	ENSG00000236444[2,2,2]	0	+	29650406	29650868	0	1	565,	0,	chr13	29650406	29650868	retro_human_679	0	+	UBE2L5	462
chr13	29776018	29777142	ENSG00000224117[1,1,1]	0	+	29776018	29776018	0	1	1124,	0,	chr13	29776068	29777092	retro_human_680|PTPN2P2-201|processed_pseudogene	0	+	PTPN2P2	1024
chr13	31173217	31176645	ENSG00000073910[6,5,3]	0	+	31176103	31176526	0	1	3428,	0,	chr13	31175673	31176487	retro_human_675	0	+	FRY	814
chr13	31601846	31603395	ENSG00000215515[1,1,1]	0	+	31602218	31602692	0	1	1549,	0,	chr13	31601896	31603345	IFIT1P1-201|processed_pseudogene	0	+	IFIT1P1	1449
chr13	31694473	31696141	ENSG00000229800[1,1,1]	0	+	31694473	31694473	0	1	1668,	0,	chr13	31694523	31696091	retro_human_676|ATP8A2P2-201|processed_pseudogene	0	+	N4BP2L2	1568
chr13	34469363	34470223	ENSG00000234835[1,1,1]	0	+	34469988	34470180	0	1	860,	0,	chr13	34469413	34470173	retro_human_674|PHBP13-201|processed_pseudogene	0	+	PHB1P13	760
chr13	37212654	37214390	ENSG00000228036[1,1,1]	0	-	37212654	37212654	0	1	1736,	0,	chr13	37212704	37214340	retro_human_9315|HSPD1P9-201|processed_pseudogene	0	-	HSPD1P9	1636
chr13	38389204	38389620	ENSG00000214823[1,1,1]	0	-	38389204	38389204	0	1	416,	0,	chr13	38389254	38389570	retro_human_9298|NXT1P1-201|processed_pseudogene	0	-	AL354809.1,NXT1P1	316
chr13	40082516	40082920	ENSG00000176268[1,1,1]	0	-	40082516	40082516	0	1	404,	0,	chr13	40082566	40082870	retro_human_7631|CYCSP34-201|processed_pseudogene	0	-	CYCSP34	304
chr13	40211892	40212545	ENSG00000229473[1,1,1]	0	-	40212192	40212471	0	1	653,	0,	chr13	40211942	40212495	RGS17P1-201|processed_pseudogene	0	-	RGS17P1	553
chr13	41144802	41146654	ENSG00000229696[1,1,1]	0	+	41144802	41144802	0	1	1852,	0,	chr13	41144852	41146604	retro_human_6457|KARS1P1-201|processed_pseudogene	0	+	KARS1P1	1752
chr13	41288362	41290624	ENSG00000237263[1,1,1]	0	-	41288362	41288362	0	1	2262,	0,	chr13	41288412	41290574	retro_human_7635|MAPK6P3-201|processed_pseudogene	0	-	MAPK6P3	2162
chr13	42153881	42155013	ENSG00000238025[1,1,1]	0	+	42153881	42153881	0	1	1132,	0,	chr13	42153931	42154963	retro_human_6461|ZDHHC4P1-201|processed_pseudogene	0	+	ZDHHC4P1	1032
chr13	43187292	43190168	ENSG00000179611[1,1,1]	0	+	43187292	43187292	0	1	2876,	0,	chr13	43187342	43190118	retro_human_6628|DGKZP1-201|processed_pseudogene	0	+	DGKZP1	2776
chr13	43814584	43815909	ENSG00000230793[1,1,1]	0	+	43814584	43814584	0	1	1325,	0,	chr13	43814634	43815859	retro_human_1067|SMARCE1P5-201|processed_pseudogene	0	+	SMARCE1P5	1225
chr13	44601908	44610942	ENSG00000170919[11,48,3]	0	+	44601908	44601908	0	4	461,79,86,777,	0,985,6960,8257,	chr13	44609486	44610401	retro_human_7608|RCN1P2-201|processed_pseudogene	0	-	TPT1-AS1,RCN1P2	915
chr13	44606668	44610942	ENSG00000170919[12,49,3]	0	+	44606668	44606668	0	3	2286,189,777,	0,3179,3497,	chr13	44609486	44610401	retro_human_7608|RCN1P2-201|processed_pseudogene	0	-	TPT1-AS1,RCN1P2	915
chr13	44609436	44610451	ENSG00000214455[1,1,1]	0	-	44609436	44609436	0	1	1015,	0,	chr13	44609486	44610401	retro_human_7608|RCN1P2-201|processed_pseudogene	0	-	TPT1-AS1,RCN1P2	915
chr13	45658346	45659041	ENSG00000241353[1,1,1]	0	-	45658346	45658346	0	1	695,	0,	chr13	45658396	45658991	retro_human_1395|PPP1R2P4-201|processed_pseudogene	0	-	RUBCNL,PPP1R2P4	595
chr13	45711735	45712027	ENSG00000205105[1,1,1]	0	+	45711735	45711735	0	1	292,	0,	chr13	45711785	45711977	retro_human_6627|COX17P1-201|processed_pseudogene	0	+	COX17P1	192
chr13	48408727	48409019	ENSG00000235957[1,1,1]	0	-	48408727	48408727	0	1	292,	0,	chr13	48408777	48408969	retro_human_9733|COX7CP1-201|processed_pseudogene	0	-	COX7CP1	192
chr13	48441592	48443732	ENSG00000102539[1,1,1]	0	+	48441642	48443679	0	2	951,388,	0,1752,	chr13	48441757	48443532	retro_human_6890	0	+	MLNR	1775
chr13	49392621	49393814	ENSG00000232150[1,1,1]	0	+	49392621	49392621	0	1	1193,	0,	chr13	49392671	49393764	retro_human_9828|ST13P4-201|processed_pseudogene	0	+	ST13P4	1093
chr13	50675394	50676285	ENSG00000224892[2,1,2]	0	+	50675394	50675394	0	1	891,	0,	chr13	50675444	50676235	RPS4XP16-201|transcribed_processed_pseudogene	0	+	RPS4XP16	791
chr13	51122852	51125358	ENSG00000232872[1,1,1]	0	-	51122852	51122852	0	1	2506,	0,	chr13	51122902	51125308	retro_human_5243|CTAGE3P-201|processed_pseudogene	0	-	CTAGE3P	2406
chr13	51181361	51181869	ENSG00000236044[1,1,1]	0	+	51181361	51181361	0	1	508,	0,	chr13	51181411	51181819	retro_human_2042|FABP5P2-201|processed_pseudogene	0	+	FABP5P2	408
chr13	51227156	51248466	ENSG00000253710[1,4,1]	0	+	51243620	51245918	255	3	122,231,5332,	0,6572,15978,	chr13	51243678	51245897	retro_human_2041	0	+	ALG11,UTP14C	2219
chr13	51227156	51247056	ENSG00000253710[1,4,4]	0	+	51243620	51245918	255	3	122,231,3922,	0,6572,15978,	chr13	51243678	51245897	retro_human_2041	0	+	ALG11,UTP14C	2219
chr13	51227156	51245950	ENSG00000253710[1,4,11]	0	+	51243620	51245918	255	3	122,231,2816,	0,6572,15978,	chr13	51243678	51245897	retro_human_2041	0	+	ALG11,UTP14C	2219
chr13	51227156	51248466	ENSG00000253710[1,9,1]	0	+	51243620	51245918	255	5	122,231,67,932,5332,	0,6572,11372,11665,15978,	chr13	51243678	51245897	retro_human_2041	0	+	ALG11,UTP14C	2219
chr13	51227156	51247056	ENSG00000253710[1,9,4]	0	+	51243620	51245918	255	5	122,231,67,932,3922,	0,6572,11372,11665,15978,	chr13	51243678	51245897	retro_human_2041	0	+	ALG11,UTP14C	2219
chr13	51227156	51248466	ENSG00000253710[1,6,1]	0	+	51243620	51245918	255	3	122,932,5332,	0,11665,15978,	chr13	51243678	51245897	retro_human_2041	0	+	ALG11,UTP14C	2219
chr13	51227156	51247056	ENSG00000253710[1,6,4]	0	+	51243620	51245918	255	3	122,932,3922,	0,11665,15978,	chr13	51243678	51245897	retro_human_2041	0	+	ALG11,UTP14C	2219
chr13	51227156	51245950	ENSG00000253710[1,6,11]	0	+	51243620	51245918	255	3	122,932,2816,	0,11665,15978,	chr13	51243678	51245897	retro_human_2041	0	+	ALG11,UTP14C	2219
chr13	51227156	51248466	ENSG00000253710[1,15,1]	0	+	51243620	51245918	0	3	234,231,5332,	0,6572,15978,	chr13	51243678	51245897	retro_human_2041	0	+	ALG11,UTP14C	2219
chr13	51227156	51247056	ENSG00000253710[1,15,4]	0	+	51243620	51245918	0	3	234,231,3922,	0,6572,15978,	chr13	51243678	51245897	retro_human_2041	0	+	ALG11,UTP14C	2219
chr13	51227156	51248466	ENSG00000253710[1,7,1]	0	+	51243620	51245918	0	2	122,5332,	0,15978,	chr13	51243678	51245897	retro_human_2041	0	+	ALG11,UTP14C	2219
chr13	51227156	51247056	ENSG00000253710[1,7,4]	0	+	51243620	51245918	0	2	122,3922,	0,15978,	chr13	51243678	51245897	retro_human_2041	0	+	ALG11,UTP14C	2219
chr13	51227156	51245950	ENSG00000253710[1,7,11]	0	+	51243620	51245918	0	2	122,2816,	0,15978,	chr13	51243678	51245897	retro_human_2041	0	+	ALG11,UTP14C	2219
chr13	51227156	51248466	ENSG00000253710[1,1,1]	0	+	51243620	51245918	0	4	122,231,932,5332,	0,6572,11665,15978,	chr13	51243678	51245897	retro_human_2041	0	+	ALG11,UTP14C	2219
chr13	51227156	51247056	ENSG00000253710[1,1,4]	0	+	51243620	51245918	0	4	122,231,932,3922,	0,6572,11665,15978,	chr13	51243678	51245897	retro_human_2041	0	+	ALG11,UTP14C	2219
chr13	51227156	51245950	ENSG00000253710[1,1,11]	0	+	51243620	51245918	0	4	122,231,932,2816,	0,6572,11665,15978,	chr13	51243678	51245897	retro_human_2041	0	+	ALG11,UTP14C	2219
chr13	51239456	51248466	ENSG00000253797[1,1,1]	0	+	51243620	51245918	0	2	297,5332,	0,3678,	chr13	51243678	51245897	retro_human_2041	0	+	ALG11,UTP14C	2219
chr13	51857848	51859291	ENSG00000139675[1,1,1]	0	+	51857960	51858920	0	1	1443,	0,	chr13	51857960	51858878	retro_human_2037	0	+	HNRNPA1L2	918
chr13	59494399	59495730	ENSG00000238213[1,1,1]	0	+	59494399	59494399	0	1	1331,	0,	chr13	59494449	59495680	retro_human_7501|TARDBPP2-201|processed_pseudogene	0	+	TARDBPP2	1231
chr13	63032541	63033236	ENSG00000213232[1,1,1]	0	-	63032541	63032541	0	1	695,	0,	chr13	63032591	63033186	retro_human_1020|PPP1R2P10-201|processed_pseudogene	0	-	PPP1R2P10	595
chr13	63197238	63198314	ENSG00000237849[1,1,1]	0	-	63197238	63197238	0	1	1076,	0,	chr13	63197288	63198264	NFYAP1-201|processed_pseudogene	0	-	NFYAP1	976
chr13	68207035	68208142	ENSG00000232380[1,1,1]	0	+	68207035	68207035	0	1	1107,	0,	chr13	68207085	68208092	retro_human_7505|ZDHHC20P4-201|processed_pseudogene	0	+	ZDHHC20P4	1007
chr13	70900269	70900772	ENSG00000236534[1,1,1]	0	+	70900269	70900269	0	1	503,	0,	chr13	70900320	70900723	retro_human_1658|H3P36-201|processed_pseudogene	0	+	DACH1	403
chr13	71925172	71925720	ENSG00000226617[1,1,1]	0	+	71925172	71925172	0	1	548,	0,	chr13	71925222	71925668	retro_human_1655|RPL21P110-201|processed_pseudogene	0	+	RPL21P110	446
chr13	72321996	72322507	ENSG00000236972[1,1,1]	0	-	72321996	72321996	0	1	511,	0,	chr13	72322046	72322457	retro_human_6037|FABP5P1-201|processed_pseudogene	0	-	FABP5P1	411
chr13	79848541	79849611	ENSG00000227862[1,1,1]	0	-	79848541	79848541	0	1	1070,	0,	chr13	79848591	79849561	retro_human_10834|HNRNPA1P31-201|processed_pseudogene	0	-	HNRNPA1P31	970
chr13	80118224	80118844	ENSG00000231222[1,1,1]	0	+	80118224	80118224	0	1	620,	0,	chr13	80118274	80118794	retro_human_7125|ARF4P4-201|processed_pseudogene	0	+	ARF4P4	520
chr13	80503258	80503638	ENSG00000237148[1,1,1]	0	+	80503258	80503258	0	1	380,	0,	chr13	80503308	80503588	retro_human_7126|HIGD1AP2-201|processed_pseudogene	0	+	HIGD1AP2	280
chr13	85217378	85218013	ENSG00000228241[1,1,1]	0	+	85217378	85217378	0	1	635,	0,	chr13	85217428	85217963	retro_human_2796|MOB1AP1-201|processed_pseudogene	0	+	MOB1AP1	535
chr13	87093663	87096064	ENSG00000232204[1,1,1]	0	-	87093663	87093663	0	1	2401,	0,	chr13	87093713	87096014	retro_human_4986|TET1P1-201|processed_pseudogene	0	-	TET1P1	2301
chr13	88182453	88182892	ENSG00000233211[1,1,1]	0	-	88182453	88182453	0	1	439,	0,	chr13	88182503	88182842	retro_human_4988|GRPEL2P1-201|processed_pseudogene	0	-	GRPEL2P1	339
chr13	88565203	88567368	ENSG00000225530[1,1,1]	0	-	88565203	88565203	0	1	2165,	0,	chr13	88565253	88567318	retro_human_4985|SP3P-201|processed_pseudogene	0	-	SP3P	2065
chr13	97839617	97840021	ENSG00000233549[1,1,1]	0	-	97839617	97839617	0	1	404,	0,	chr13	97839667	97839971	retro_human_10489|CYCSP35-201|processed_pseudogene	0	-	CYCSP35	304
chr13	98159568	98160397	ENSG00000231981[1,1,1]	0	-	98159954	98160347	0	1	829,	0,	chr13	98159618	98160347	retro_human_4601|RPL7L1P12-201|processed_pseudogene	0	-	RPL7L1P12	729
chr13	99363937	99364649	ENSG00000228501[1,1,1]	0	-	99363937	99363937	0	1	712,	0,	chr13	99363987	99364599	retro_human_4594|RPL15P18-201|processed_pseudogene	0	-	RPL15P18	612
chr13	99755137	99755585	ENSG00000234354[1,1,1]	0	-	99755190	99755535	0	1	448,	0,	chr13	99755187	99755535	retro_human_4593|RPS26P47-201|processed_pseudogene	0	-	RPS26P47	348
chr13	101018140	101018851	ENSG00000215399[1,1,1]	0	+	101018140	101018140	0	1	711,	0,	chr13	101018190	101018801	retro_human_2409|HMGB3P7-201|processed_pseudogene	0	+	HMGB3P7	611
chr13	101218327	101219613	ENSG00000229975[1,1,1]	0	+	101218327	101218327	0	1	1286,	0,	chr13	101218377	101219563	LIPT1P1-201|processed_pseudogene	0	+	LIPT1P1	1186
chr13	110166772	110170091	ENSG00000227105[1,1,1]	0	+	110166772	110166772	0	1	3319,	0,	chr13	110166822	110170041	retro_human_7865|PARP1P1-201|processed_pseudogene	0	+	PARP1P1	3219
chr13	113515655	113516176	ENSG00000226158[1,1,1]	0	+	113515655	113515655	0	1	521,	0,	chr13	113515705	113516126	retro_human_7868|CLCP2-201|processed_pseudogene	0	+	CLCP2	421
chr14	13417202	13417916	ENSG00000225210[2,1,2]	0	+	13417202	13417202	0	1	714,	0,	chr14	13417252	13417866	retro_human_8618|DUXAP9-208|transcribed_processed_pseudogene	0	+	DUXAP9	614
chr14	13580207	13581357	ENSG00000277156[1,1,1]	0	+	13580207	13580207	0	1	1150,	0,	chr14	13580257	13581307	retro_human_8615|TOMM40P1-201|processed_pseudogene	0	+	TOMM40P1	1050
chr14	13581936	13650873	ENSG00000244306[2,3,1]	0	-	13581936	13581936	0	8	578,91,136,114,112,148,111,201,	0,38204,62639,62993,64859,65091,66508,68736,	chr14	13637452	13644596	DUXAP10-208|transcribed_processed_pseudogene	0	-	DUXAP10,AL929602.1	7144
chr14	13581936	13650873	ENSG00000244306[2,3,1]	0	-	13581936	13581936	0	8	578,91,136,114,112,148,111,201,	0,38204,62639,62993,64859,65091,66508,68736,	chr14	13597793	13650765	DUXAP10-206|transcribed_processed_pseudogene	0	-	DUXAP10	52972
chr14	13581936	13650873	ENSG00000244306[2,3,1]	0	-	13581936	13581936	0	8	578,91,136,114,112,148,111,201,	0,38204,62639,62993,64859,65091,66508,68736,	chr14	13605641	13650738	DUXAP10-205|transcribed_processed_pseudogene	0	-	DUXAP10	45097
chr14	13581936	13650873	ENSG00000244306[2,3,1]	0	-	13581936	13581936	0	8	578,91,136,114,112,148,111,201,	0,38204,62639,62993,64859,65091,66508,68736,	chr14	13606032	13650779	DUXAP10-209|transcribed_processed_pseudogene	0	-	DUXAP10	44747
chr14	13581936	13650873	ENSG00000244306[2,3,1]	0	-	13581936	13581936	0	8	578,91,136,114,112,148,111,201,	0,38204,62639,62993,64859,65091,66508,68736,	chr14	13609118	13650738	DUXAP10-207|transcribed_processed_pseudogene	0	-	DUXAP10	41620
chr14	13581936	13650873	ENSG00000244306[2,3,1]	0	-	13581936	13581936	0	8	578,91,136,114,112,148,111,201,	0,38204,62639,62993,64859,65091,66508,68736,	chr14	13611821	13650762	DUXAP10-210|transcribed_processed_pseudogene	0	-	DUXAP10	38941
chr14	13636061	13650873	ENSG00000244306[2,12,12]	0	-	13636061	13636061	255	7	2815,136,138,112,148,111,201,	0,8514,8868,10734,10966,12383,14611,	chr14	13637452	13644596	DUXAP10-208|transcribed_processed_pseudogene	0	-	DUXAP10,AL929602.1	7144
chr14	13636061	13650873	ENSG00000244306[2,12,12]	0	-	13636061	13636061	255	7	2815,136,138,112,148,111,201,	0,8514,8868,10734,10966,12383,14611,	chr14	13597793	13650765	DUXAP10-206|transcribed_processed_pseudogene	0	-	DUXAP10	14704
chr14	13636061	13650873	ENSG00000244306[2,12,12]	0	-	13636061	13636061	255	7	2815,136,138,112,148,111,201,	0,8514,8868,10734,10966,12383,14611,	chr14	13605641	13650738	DUXAP10-205|transcribed_processed_pseudogene	0	-	DUXAP10	14677
chr14	13636061	13650873	ENSG00000244306[2,12,12]	0	-	13636061	13636061	255	7	2815,136,138,112,148,111,201,	0,8514,8868,10734,10966,12383,14611,	chr14	13606032	13650779	DUXAP10-209|transcribed_processed_pseudogene	0	-	DUXAP10	14718
chr14	13636061	13650873	ENSG00000244306[2,12,12]	0	-	13636061	13636061	255	7	2815,136,138,112,148,111,201,	0,8514,8868,10734,10966,12383,14611,	chr14	13609118	13650738	DUXAP10-207|transcribed_processed_pseudogene	0	-	DUXAP10	14677
chr14	13636061	13650873	ENSG00000244306[2,12,12]	0	-	13636061	13636061	255	7	2815,136,138,112,148,111,201,	0,8514,8868,10734,10966,12383,14611,	chr14	13611821	13650762	DUXAP10-210|transcribed_processed_pseudogene	0	-	DUXAP10	14701
chr14	13637402	13650873	ENSG00000244306[2,11,10]	0	-	13637402	13637402	255	6	1474,136,138,112,148,201,	0,7173,7527,9393,9625,13270,	chr14	13637452	13644596	DUXAP10-208|transcribed_processed_pseudogene	0	-	DUXAP10,AL929602.1	7144
chr14	13637402	13650873	ENSG00000244306[2,11,10]	0	-	13637402	13637402	255	6	1474,136,138,112,148,201,	0,7173,7527,9393,9625,13270,	chr14	13597793	13650765	DUXAP10-206|transcribed_processed_pseudogene	0	-	DUXAP10	13363
chr14	13637402	13650873	ENSG00000244306[2,11,10]	0	-	13637402	13637402	255	6	1474,136,138,112,148,201,	0,7173,7527,9393,9625,13270,	chr14	13605641	13650738	DUXAP10-205|transcribed_processed_pseudogene	0	-	DUXAP10	13336
chr14	13637402	13650873	ENSG00000244306[2,11,10]	0	-	13637402	13637402	255	6	1474,136,138,112,148,201,	0,7173,7527,9393,9625,13270,	chr14	13606032	13650779	DUXAP10-209|transcribed_processed_pseudogene	0	-	DUXAP10	13377
chr14	13637402	13650873	ENSG00000244306[2,11,10]	0	-	13637402	13637402	255	6	1474,136,138,112,148,201,	0,7173,7527,9393,9625,13270,	chr14	13609118	13650738	DUXAP10-207|transcribed_processed_pseudogene	0	-	DUXAP10	13336
chr14	13637402	13650873	ENSG00000244306[2,11,10]	0	-	13637402	13637402	255	6	1474,136,138,112,148,201,	0,7173,7527,9393,9625,13270,	chr14	13611821	13650762	DUXAP10-210|transcribed_processed_pseudogene	0	-	DUXAP10	13360
chr14	13637402	13650873	ENSG00000244306[2,12,10]	0	-	13637402	13637402	255	7	1474,136,138,112,148,111,201,	0,7173,7527,9393,9625,11042,13270,	chr14	13637452	13644596	DUXAP10-208|transcribed_processed_pseudogene	0	-	DUXAP10,AL929602.1	7144
chr14	13637402	13650873	ENSG00000244306[2,12,10]	0	-	13637402	13637402	255	7	1474,136,138,112,148,111,201,	0,7173,7527,9393,9625,11042,13270,	chr14	13597793	13650765	DUXAP10-206|transcribed_processed_pseudogene	0	-	DUXAP10	13363
chr14	13637402	13650873	ENSG00000244306[2,12,10]	0	-	13637402	13637402	255	7	1474,136,138,112,148,111,201,	0,7173,7527,9393,9625,11042,13270,	chr14	13605641	13650738	DUXAP10-205|transcribed_processed_pseudogene	0	-	DUXAP10	13336
chr14	13637402	13650873	ENSG00000244306[2,12,10]	0	-	13637402	13637402	255	7	1474,136,138,112,148,111,201,	0,7173,7527,9393,9625,11042,13270,	chr14	13606032	13650779	DUXAP10-209|transcribed_processed_pseudogene	0	-	DUXAP10	13377
chr14	13637402	13650873	ENSG00000244306[2,12,10]	0	-	13637402	13637402	255	7	1474,136,138,112,148,111,201,	0,7173,7527,9393,9625,11042,13270,	chr14	13609118	13650738	DUXAP10-207|transcribed_processed_pseudogene	0	-	DUXAP10	13336
chr14	13637402	13650873	ENSG00000244306[2,12,10]	0	-	13637402	13637402	255	7	1474,136,138,112,148,111,201,	0,7173,7527,9393,9625,11042,13270,	chr14	13611821	13650762	DUXAP10-210|transcribed_processed_pseudogene	0	-	DUXAP10	13360
chr14	13644910	13650873	ENSG00000244306[2,2,3]	0	-	13644910	13644910	0	5	157,112,115,111,201,	0,1885,2117,3534,5762,	chr14	13597793	13650765	DUXAP10-206|transcribed_processed_pseudogene	0	-	DUXAP10	5855
chr14	13644910	13650873	ENSG00000244306[2,2,3]	0	-	13644910	13644910	0	5	157,112,115,111,201,	0,1885,2117,3534,5762,	chr14	13605641	13650738	DUXAP10-205|transcribed_processed_pseudogene	0	-	DUXAP10	5828
chr14	13644910	13650873	ENSG00000244306[2,2,3]	0	-	13644910	13644910	0	5	157,112,115,111,201,	0,1885,2117,3534,5762,	chr14	13606032	13650779	DUXAP10-209|transcribed_processed_pseudogene	0	-	DUXAP10	5869
chr14	13644910	13650873	ENSG00000244306[2,2,3]	0	-	13644910	13644910	0	5	157,112,115,111,201,	0,1885,2117,3534,5762,	chr14	13609118	13650738	DUXAP10-207|transcribed_processed_pseudogene	0	-	DUXAP10	5828
chr14	13644910	13650873	ENSG00000244306[2,2,3]	0	-	13644910	13644910	0	5	157,112,115,111,201,	0,1885,2117,3534,5762,	chr14	13611821	13650762	DUXAP10-210|transcribed_processed_pseudogene	0	-	DUXAP10	5852
chr14	13877609	13879983	ENSG00000257884[1,1,1]	0	+	13877609	13877609	0	1	2374,	0,	chr14	13877659	13879933	retro_human_2399|AL512310.7-1|transcribed_processed_pseudogene	0	+	USP10P1	2274
chr14	15287442	15290749	ENSG00000165804[9,14,1]	0	-	15289275	15290583	255	2	1114,1923,	0,1384,	chr14	15290371	15290805	retro_human_9033	0	-	ZNF219	378
chr14	15287442	15291134	ENSG00000165804[10,16,1]	0	-	15287954	15291001	255	4	1114,132,1420,139,	0,1384,1838,3553,	chr14	15290371	15290805	retro_human_9033	0	-	ZNF219	434
chr14	15287442	15290749	ENSG00000165804[9,15,1]	0	-	15287954	15290583	255	3	1114,132,1469,	0,1384,1838,	chr14	15290371	15290805	retro_human_9033	0	-	ZNF219	378
chr14	15290320	15291288	ENSG00000165804[4,5,3]	0	-	15290368	15290524	0	2	380,293,	0,675,	chr14	15290371	15290805	retro_human_9033	0	-	ZNF219	434
chr14	15305407	15314168	ENSG00000178107[1,1,1]	0	+	15305407	15305407	0	2	167,291,	0,8470,	chr14	15307709	15310887	CKAP2P1-201|processed_pseudogene	0	-	CKAP2P1	3178
chr14	15359847	15361178	ENSG00000259102[1,1,1]	0	+	15359847	15359847	0	1	1331,	0,	chr14	15359897	15361128	retro_human_2792|SMARCE1P3-201|processed_pseudogene	0	+	SMARCE1P3	1231
chr14	15596351	15596809	ENSG00000241035[1,1,1]	0	+	15596351	15596351	0	1	458,	0,	chr14	15596401	15596759	retro_human_2793|AL161747.1-201|processed_pseudogene	0	+	UBA52P2,CHD8	358
chr14	15809467	15810025	ENSG00000256385[1,1,1]	0	-	15809467	15809467	0	1	558,	0,	chr14	15809517	15809975	retro_human_8454|UBE2NP1-201|processed_pseudogene	0	-	UBE2NP1	458
chr14	15847335	15848045	ENSG00000255664[1,1,1]	0	-	15847335	15847335	0	1	710,	0,	chr14	15847385	15847995	retro_human_8450|ARL6IP1P1-201|processed_pseudogene	0	-	ARL6IP1P1,TRA	610
chr14	15947940	15949318	ENSG00000240954[1,1,1]	0	+	15947940	15947940	0	1	1378,	0,	chr14	15947990	15949268	retro_human_8601|RPL4P1-201|processed_pseudogene	0	+	TRA	1278
chr14	17494804	17496850	ENSG00000270433[1,1,1]	0	+	17494804	17494804	0	1	2046,	0,	chr14	17496194	17496490	retro_human_8607	0	+	H3P37	296
chr14	19465235	19465608	ENSG00000257179[1,1,1]	0	-	19465235	19465235	0	1	373,	0,	chr14	19465285	19465558	retro_human_3217|HMGN2P6-201|processed_pseudogene	0	-	HMGN2P6	273
chr14	25161815	25162191	ENSG00000258886[1,1,1]	0	+	25161815	25161815	0	1	376,	0,	chr14	25161865	25162141	retro_human_9026|HIGD1AP17-201|processed_pseudogene	0	+	STRN3,HIGD1AP17	276
chr14	25216226	25216677	ENSG00000258968[1,1,1]	0	+	25216226	25216226	0	1	451,	0,	chr14	25216276	25216627	retro_human_9025|AL049830.4-201|processed_pseudogene	0	+	LOC100913082	351
chr14	25518048	25518559	ENSG00000283016[1,1,1]	0	-	25518101	25518509	0	1	511,	0,	chr14	25518098	25518509	retro_human_9177|AL139353.3-201|processed_pseudogene	0	-	ATP5MC1P2	411
chr14	26469513	26470058	ENSG00000259086[1,1,1]	0	-	26469513	26469513	0	1	545,	0,	chr14	26469563	26470008	retro_human_9111|KIAA1143P1-201|processed_pseudogene	0	-	KIAA1143P1	445
chr14	28764662	28765203	ENSG00000240463[1,1,1]	0	-	28764715	28765156	0	1	541,	0,	chr14	28764712	28765153	retro_human_4932|RPS19P3-201|processed_pseudogene	0	-	RPS19P3	441
chr14	28890131	28890706	ENSG00000241582[1,1,1]	0	+	28890131	28890131	0	1	575,	0,	chr14	28890181	28890656	retro_human_9030|RPL23AP8-201|processed_pseudogene	0	+	RPL23AP8,LOC107984628	475
chr14	29119952	29120194	ENSG00000258493[1,1,1]	0	+	29119952	29119952	0	1	242,	0,	chr14	29120002	29120144	AL121603.1-201|processed_pseudogene	0	+	SRP54-AS1	142
chr14	29345358	29346654	ENSG00000259090[1,1,1]	0	-	29345358	29345358	0	1	1296,	0,	chr14	29345408	29346604	retro_human_1883|SEPTIN7P1-201|processed_pseudogene	0	-	SEPTIN7P1	1196
chr14	29617959	29618431	ENSG00000259022[1,1,1]	0	+	29617959	29617959	0	1	472,	0,	chr14	29618009	29618381	retro_human_3545|DNAJC8P1-201|processed_pseudogene	0	+	DNAJC8P1	372
chr14	30007525	30008009	ENSG00000258300[1,1,1]	0	+	30007525	30007525	0	1	484,	0,	chr14	30007575	30007959	retro_human_3544|NUTF2P2-201|processed_pseudogene	0	+	AL162311.3,NUTF2P2	384
chr14	30242929	30244146	ENSG00000257720[1,1,1]	0	-	30242929	30242929	0	1	1217,	0,	chr14	30242979	30244096	retro_human_2394|ILF2P2-201|processed_pseudogene	0	-	ILF2P2	1117
chr14	33162017	33162804	ENSG00000270713[1,1,1]	0	-	33162017	33162017	0	1	787,	0,	chr14	33162067	33162754	retro_human_3707|AL132994.2-201|processed_pseudogene	0	-	RIPPLY3P1,LOC102723516	687
chr14	33573976	33575775	ENSG00000259100[1,1,1]	0	-	33573976	33573976	0	1	1799,	0,	chr14	33574026	33575725	AL157791.1-201|processed_pseudogene	0	-	MIA2,COILP1	1699
chr14	38311076	38311728	ENSG00000259137[1,1,1]	0	-	38311076	38311076	0	1	652,	0,	chr14	38311126	38311678	retro_human_7851|AL109766.1-201|processed_pseudogene	0	-	LOC645086	552
chr14	39482005	39482456	ENSG00000258608[1,1,1]	0	+	39482005	39482005	0	1	451,	0,	chr14	39482055	39482406	retro_human_4291|DNAJC19P9-201|processed_pseudogene	0	+	DNAJC19P9	351
chr14	40849775	40850647	ENSG00000165496[1,1,1]	0	-	40849910	40850552	0	1	872,	0,	chr14	40849910	40850552	retro_human_7861	0	-	RPL10L	642
chr14	43775586	43775909	ENSG00000244270[2,1,1]	0	-	43775639	43775882	0	1	323,	0,	chr14	43775636	43776039	retro_human_2024|RPL32P29-201|processed_pseudogene	0	-	RPS29,RPL32P29	273
chr14	43775586	43776089	ENSG00000244270[1,1,1]	0	-	43775639	43775960	0	1	503,	0,	chr14	43775636	43776039	retro_human_2024|RPL32P29-201|processed_pseudogene	0	-	RPS29,RPL32P29	403
chr14	43798201	43798880	ENSG00000258568[1,1,1]	0	+	43798251	43798833	0	1	679,	0,	chr14	43798251	43798830	retro_human_6552|RHOQP1-201|processed_pseudogene	0	+	LRR1,RHOQP1	579
chr14	43816703	43818900	ENSG00000165502[1,3,1]	0	-	43817010	43817328	255	3	661,78,115,	0,1045,2082,	chr14	43817010	43817328	retro_human_2019	0	-	RPL36AL	318
chr14	43816703	43818900	ENSG00000165502[1,1,1]	0	-	43817010	43817328	0	2	661,115,	0,2082,	chr14	43817010	43817328	retro_human_2019	0	-	RPL36AL	318
chr14	43816864	43818900	ENSG00000165502[1,3,2]	0	-	43817010	43817328	255	3	500,78,115,	0,884,1921,	chr14	43817010	43817328	retro_human_2019	0	-	RPL36AL	318
chr14	43816864	43819470	ENSG00000165502[3,1,2]	0	-	43817010	43817328	0	2	500,685,	0,1921,	chr14	43817010	43817328	retro_human_2019	0	-	RPL36AL	318
chr14	43816864	43818900	ENSG00000165502[1,1,2]	0	-	43817010	43817328	0	2	500,115,	0,1921,	chr14	43817010	43817328	retro_human_2019	0	-	RPL36AL	318
chr14	43875364	43875989	ENSG00000259155[1,1,1]	0	+	43875364	43875364	0	1	625,	0,	chr14	43875414	43875939	retro_human_893|AL591767.3-201|processed_pseudogene	0	+	STK16P1	525
chr14	44098244	44102318	ENSG00000165527[1,4,1]	0	+	44098952	44099477	255	2	129,3843,	0,231,	chr14	44098947	44099477	retro_human_5534	0	+	ARF6	530
chr14	44098244	44100029	ENSG00000165527[1,4,2]	0	+	44098952	44099477	255	2	129,1554,	0,231,	chr14	44098947	44099477	retro_human_5534	0	+	ARF6	530
chr14	44098244	44102083	ENSG00000165527[1,1,3]	0	+	44098952	44099477	0	2	129,3612,	0,227,	chr14	44098947	44099477	retro_human_5534	0	+	ARF6	530
chr14	44098244	44100029	ENSG00000165527[1,1,2]	0	+	44098952	44099477	0	2	129,1558,	0,227,	chr14	44098947	44099477	retro_human_5534	0	+	ARF6	530
chr14	44098244	44102318	ENSG00000165527[1,1,1]	0	+	44098952	44099477	0	2	129,3847,	0,227,	chr14	44098947	44099477	retro_human_5534	0	+	ARF6	530
chr14	44255506	44256577	ENSG00000270788[1,1,1]	0	+	44255506	44255506	0	1	1071,	0,	chr14	44255556	44256527	retro_human_798|PDLIM1P1-201|processed_pseudogene	0	+	PDLIM1P1	971
chr14	44677902	44678826	ENSG00000273675[1,1,1]	0	+	44677902	44677902	0	1	924,	0,	chr14	44677952	44678776	AL118556.3-201|processed_pseudogene	0	+	LOC100419913	824
chr14	47818012	47821346	ENSG00000226132[3,1,2]	0	+	47818012	47818012	0	1	3334,	0,	chr14	47820994	47821673	retro_human_880|RPS3AP46-201|processed_pseudogene	0	+	RPS3AP46	352
chr14	47820944	47821723	ENSG00000226132[1,1,1]	0	+	47820944	47820944	0	1	779,	0,	chr14	47820994	47821673	retro_human_880|RPS3AP46-201|processed_pseudogene	0	+	RPS3AP46	679
chr14	49434397	49434962	ENSG00000279392[1,1,1]	0	+	49434397	49434397	0	1	565,	0,	chr14	49434447	49434912	retro_human_8113|AL158801.5-201|processed_pseudogene	0	+	UBE2L1	465
chr14	49503817	49504505	ENSG00000258469[1,1,1]	0	+	49503951	49504464	0	1	688,	0,	chr14	49503867	49504455	retro_human_8103|CHMP4BP1-201|processed_pseudogene	0	+	CHMP4BP1	588
chr14	49749050	49749919	ENSG00000213641[1,1,1]	0	+	49749050	49749050	0	1	869,	0,	chr14	49749100	49749869	retro_human_7266|RPL7AP4-201|processed_pseudogene	0	+	RPL7AP4	769
chr14	51836747	51838169	ENSG00000258856[1,1,2]	0	+	51836747	51836747	0	1	1422,	0,	chr14	51836797	51838119	retro_human_7279|AL136520.1-201|transcribed_processed_pseudogene	0	+	LOC401777	1322
chr14	51836747	51838169	ENSG00000258856[1,1,2]	0	+	51836747	51836747	0	1	1422,	0,	chr14	51836882	51837645	AL136520.1-202|transcribed_processed_pseudogene	0	+	LOC401777	763
chr14	52491706	52492397	ENSG00000180189[1,1,1]	0	+	52491706	52491706	0	1	691,	0,	chr14	52491756	52492347	retro_human_8434|HMGB1P14-201|processed_pseudogene	0	+	HMGB1P14	591
chr14	52728213	52729079	ENSG00000258900[1,1,1]	0	+	52728797	52728941	0	1	866,	0,	chr14	52728263	52729029	retro_human_8436|HNRNPCP1-201|processed_pseudogene	0	+	KIAA0586,HNRNPCP1	766
chr14	53001752	53002228	ENSG00000213598[1,1,1]	0	+	53001752	53001752	0	1	476,	0,	chr14	53001802	53002178	retro_human_8438|AL049873.1-201|processed_pseudogene	0	+	RPL31P4	376
chr14	54385627	54386362	ENSG00000258563[1,1,1]	0	+	54385627	54385627	0	1	735,	0,	chr14	54385677	54386312	retro_human_8441|PSMA3P-201|processed_pseudogene	0	+	PSMA3P1	635
chr14	54604011	54604636	ENSG00000258427[1,1,1]	0	+	54604011	54604011	0	1	625,	0,	chr14	54604061	54604586	retro_human_8442|RBM8B-201|processed_pseudogene	0	+	C14orf39,RBM8B	525
chr14	55125716	55126732	ENSG00000258485[1,1,1]	0	-	55125716	55125716	0	1	1016,	0,	chr14	55125766	55126682	retro_human_4826|SRMP2-201|processed_pseudogene	0	-	SRMP2	916
chr14	55178761	55179056	ENSG00000258656[1,1,1]	0	-	55178787	55179006	0	1	295,	0,	chr14	55178811	55179006	retro_human_4823|AL160236.1-201|processed_pseudogene	0	-	TRMT5	195
chr14	55483914	55488416	ENSG00000182107[2,1,1]	0	-	55486699	55487752	0	1	4502,	0,	chr14	55486727	55487725	retro_human_4824	0	-	TMEM30B	998
chr14	55484232	55488416	ENSG00000182107[2,1,4]	0	-	55486699	55487752	0	1	4184,	0,	chr14	55486727	55487725	retro_human_4824	0	-	TMEM30B	998
chr14	55484232	55488131	ENSG00000182107[1,1,4]	0	-	55486699	55487752	0	1	3899,	0,	chr14	55486727	55487725	retro_human_4824	0	-	TMEM30B	998
chr14	55484530	55488416	ENSG00000182107[2,1,5]	0	-	55486699	55487752	0	1	3886,	0,	chr14	55486727	55487725	retro_human_4824	0	-	TMEM30B	998
chr14	55484530	55488131	ENSG00000182107[1,1,5]	0	-	55486699	55487752	0	1	3601,	0,	chr14	55486727	55487725	retro_human_4824	0	-	TMEM30B	998
chr14	56039015	56039624	ENSG00000258956[1,1,1]	0	-	56039015	56039015	0	1	609,	0,	chr14	56039065	56039574	retro_human_6448|COX4I1P1-201|processed_pseudogene	0	-	COX4I1P1	509
chr14	57801370	57802731	ENSG00000270878[1,1,1]	0	-	57801370	57801370	0	1	1361,	0,	chr14	57801420	57802681	retro_human_6451|AL136038.6-201|processed_pseudogene	0	-	GCATP1	1261
chr14	57808848	57809254	ENSG00000258645[1,1,1]	0	+	57808848	57808848	0	1	406,	0,	chr14	57808898	57809204	retro_human_3344|HSPE1P2-201|processed_pseudogene	0	+	HSPE1P2	306
chr14	58748215	58751085	ENSG00000126803[3,1,1]	0	+	58748647	58750564	0	1	2870,	0,	chr14	58748659	58750564	retro_human_3340	0	+	HSPA2	1905
chr14	58748488	58754020	ENSG00000126803[1,1,2]	0	+	58748647	58750564	0	1	5532,	0,	chr14	58748659	58750564	retro_human_3340	0	+	HSPA2	1905
chr14	58748488	58753758	ENSG00000126803[1,1,5]	0	+	58748647	58750564	0	1	5270,	0,	chr14	58748659	58750564	retro_human_3340	0	+	HSPA2	1905
chr14	58748488	58752651	ENSG00000126803[1,1,4]	0	+	58748647	58750564	0	1	4163,	0,	chr14	58748659	58750564	retro_human_3340	0	+	HSPA2	1905
chr14	58748488	58751085	ENSG00000126803[1,1,1]	0	+	58748647	58750564	0	1	2597,	0,	chr14	58748659	58750564	retro_human_3340	0	+	HSPA2	1905
chr14	60219766	60220826	ENSG00000224861[1,1,1]	0	-	60219766	60219766	0	1	1060,	0,	chr14	60219816	60220776	retro_human_1049|YBX1P1-201|processed_pseudogene	0	-	YBX1P1	960
chr14	61396465	61407731	ENSG00000172717[1,5,2]	0	+	61405282	61406104	0	5	227,87,185,156,1084,	0,7926,8791,9630,10182,	chr14	61406182	61407448	retro_human_8420|AL135978.1-201|processed_pseudogene	0	+	FAM71D,SF3B4P1	1266
chr14	62006054	62006760	ENSG00000258759[1,1,1]	0	+	62006054	62006054	0	1	706,	0,	chr14	62006104	62006710	retro_human_8412|AL049779.2-201|processed_pseudogene	0	+	LOC100421541	606
chr14	63096757	63097157	ENSG00000258967[1,1,1]	0	-	63096906	63097107	0	1	400,	0,	chr14	63096807	63097107	retro_human_1052|HMGN1P3-201|processed_pseudogene	0	-	HMGN1P3,ACTN1	300
chr14	63296410	63298502	ENSG00000259165[1,1,1]	0	+	63296410	63296410	0	1	2092,	0,	chr14	63296460	63298452	retro_human_2267|DDX18P1-201|processed_pseudogene	0	+	DDX18P1	1992
chr14	63768652	63769204	ENSG00000244237[1,1,1]	0	-	63768652	63768652	0	1	552,	0,	chr14	63768702	63769154	retro_human_1045|AL133445.1-201|processed_pseudogene	0	-	RPL24P3	452
chr14	64798478	64806762	ENSG00000133997[1,11,6]	0	-	64798892	64806659	0	5	528,83,92,160,125,	0,835,4154,5161,8159,	chr14	64800569	64801792	retro_human_2263|KRT18P7-201|processed_pseudogene	0	+	KRT18P7	1223
chr14	64798478	64806762	ENSG00000133997[1,9,6]	0	-	64802615	64806659	0	3	4246,160,125,	0,5161,8159,	chr14	64800569	64801792	retro_human_2263|KRT18P7-201|processed_pseudogene	0	+	KRT18P7	1223
chr14	64798478	64806762	ENSG00000133997[1,10,6]	0	-	64799286	64806659	0	4	918,92,160,125,	0,4154,5161,8159,	chr14	64800569	64801792	retro_human_2263|KRT18P7-201|processed_pseudogene	0	+	KRT18P7	1223
chr14	65535737	65536234	ENSG00000259079[1,1,1]	0	-	65535737	65535737	0	1	497,	0,	chr14	65535787	65536184	retro_human_6876|AC005476.1-201|processed_pseudogene	0	-	LOC729941	397
chr14	67273611	67274223	ENSG00000258448[1,1,1]	0	-	67273611	67273611	0	1	612,	0,	chr14	67273661	67274173	AL442663.2-201|processed_pseudogene	0	-	LOC100422493	512
chr14	67778618	67779227	ENSG00000258524[1,1,1]	0	-	67778618	67778618	0	1	609,	0,	chr14	67778668	67779177	NT5CP1-201|processed_pseudogene	0	-	NT5CP1	509
chr14	67838936	67839581	ENSG00000258972[1,1,1]	0	+	67838936	67838936	0	1	645,	0,	chr14	67838986	67839531	retro_human_2187|NDUFB8P1-201|processed_pseudogene	0	+	NDUFB8P1	545
chr14	68211001	68211176	ENSG00000279461[1,1,1]	0	+	68211001	68211001	0	1	175,	0,	chr14	68211051	68211126	AC005480.2-201|processed_pseudogene	0	+	RPL41P4	75
chr14	68691904	68692455	ENSG00000258769[1,1,1]	0	+	68691904	68691904	0	1	551,	0,	chr14	68691954	68692405	retro_human_1124|RAP1AP-201|processed_pseudogene	0	+	RAP1AP	451
chr14	69082733	69083404	ENSG00000258587[1,1,1]	0	+	69082733	69082733	0	1	671,	0,	chr14	69082783	69083354	retro_human_2483|AC006530.1-201|processed_pseudogene	0	+	METTL5P1	571
chr14	69501473	69501938	ENSG00000119660[1,1,1]	0	-	69501473	69501473	0	1	465,	0,	chr14	69501523	69501888	retro_human_1427|DPPA5P4-201|processed_pseudogene	0	-	DPPA5P4	365
chr14	69804871	69805373	ENSG00000242951[1,1,1]	0	-	69804871	69804871	0	1	502,	0,	chr14	69804921	69805323	retro_human_1429|AC007182.2-201|processed_pseudogene	0	-	RPS24P2	402
chr14	71096054	71096528	ENSG00000241081[1,1,1]	0	-	71096054	71096054	0	1	474,	0,	chr14	71096104	71096478	RPL22P2-201|processed_pseudogene	0	-	RPL22P2	374
chr14	71178366	71178929	ENSG00000243225[1,1,1]	0	+	71178366	71178366	0	1	563,	0,	chr14	71178416	71178879	retro_human_2367|AC007686.1-201|processed_pseudogene	0	+	RPLP1P1	463
chr14	71568750	71569344	ENSG00000258510[1,1,1]	0	+	71568750	71568750	0	1	594,	0,	chr14	71568800	71569294	AC007954.1-201|processed_pseudogene	0	+	LOC100422225	494
chr14	71905895	71906782	ENSG00000258917[1,1,1]	0	+	71905895	71905895	0	1	887,	0,	chr14	71905945	71906732	retro_human_2378|ZMYND19P1-201|processed_pseudogene	0	+	ZMYND19P1	787
chr14	75458408	75458777	ENSG00000205579[1,1,1]	0	-	75458408	75458408	0	1	369,	0,	chr14	75458458	75458727	retro_human_5650|DYNLL1P1-201|processed_pseudogene	0	-	DYNLL1P1	269
chr14	75627728	75628098	ENSG00000258605[1,1,1]	0	+	75627728	75627728	0	1	370,	0,	chr14	75627778	75628048	retro_human_2590|DYNLL1P2-201|processed_pseudogene	0	+	DYNLL1P2	270
chr14	76904710	76905162	ENSG00000259032[1,1,1]	0	-	76904710	76904710	0	1	452,	0,	chr14	76904760	76905112	retro_human_294|ENSAP2-201|processed_pseudogene	0	-	ENSAP2	352
chr14	83513795	83515285	ENSG00000259151[1,1,1]	0	-	83514666	83514972	0	1	1490,	0,	chr14	83513845	83515235	retro_human_292|CAP2P1-201|transcribed_processed_pseudogene	0	-	CAP2P1	1390
chr14	84591378	84591956	ENSG00000242571[1,1,1]	0	-	84591378	84591378	0	1	578,	0,	chr14	84591423	84591906	retro_human_290|RPL21P11-201|processed_pseudogene	0	-	RPL21P11	483
chr14	84628306	84629882	ENSG00000198668[9,16,2]	0	+	84628621	84629439	0	3	387,136,469,	0,797,1107,	chr14	84629074	84629238	retro_human_3392	0	+	CALM1	164
chr14	84628842	84629882	ENSG00000198668[10,17,2]	0	+	84629145	84629439	0	2	397,469,	0,571,	chr14	84629074	84629238	retro_human_3392	0	+	CALM1	164
chr14	84991951	84992510	ENSG00000213315[1,1,1]	0	+	84991951	84991951	0	1	559,	0,	chr14	84992001	84992460	retro_human_8019|AL122020.1-201|processed_pseudogene	0	+	RPS18P2	459
chr14	85643455	85646466	ENSG00000258798[1,1,1]	0	+	85643455	85643455	0	2	126,278,	0,2733,	chr14	85644688	85644991	retro_human_8020|AL133153.1-201|processed_pseudogene	0	+	LOC112268126	303
chr14	85644638	85645041	ENSG00000258446[1,1,1]	0	+	85644638	85644638	0	1	403,	0,	chr14	85644688	85644991	retro_human_8020|AL133153.1-201|processed_pseudogene	0	+	LOC112268126	303
chr14	86256008	86256430	ENSG00000259020[1,1,1]	0	+	86256008	86256008	0	1	422,	0,	chr14	86256058	86256380	retro_human_8025|AL049872.1-201|processed_pseudogene	0	+	PTMAP7	322
chr14	87475869	87476283	ENSG00000241499[1,1,1]	0	+	87475869	87475869	0	1	414,	0,	chr14	87475919	87476233	retro_human_3400|AL132838.2-201|processed_pseudogene	0	+	RPL36AP4	314
chr14	88531483	88550723	ENSG00000170099[1,4,1]	0	-	88531706	88541930	255	5	406,148,271,800,173,	0,1873,5534,9834,19067,	chr14	88537035	88541816	retro_human_6062	0	-	SERPINA6	4781
chr14	88531483	88550723	ENSG00000170099[1,2,1]	0	-	88537216	88541930	0	5	406,148,271,781,173,	0,1873,5534,9685,19067,	chr14	88537035	88541816	retro_human_6062	0	-	SERPINA6	4781
chr14	88531483	88550723	ENSG00000170099[1,1,1]	0	-	88531706	88541930	0	5	406,148,271,632,173,	0,1873,5534,9834,19067,	chr14	88537035	88541816	retro_human_6062	0	-	SERPINA6	4781
chr14	88998236	89000227	ENSG00000133937[1,1,1]	0	-	88998557	89000079	0	3	477,260,503,	0,785,1488,	chr14	88998974	88999297	retro_human_6064	0	-	GSC	323
chr14	89030864	89031579	ENSG00000240914[1,1,1]	0	-	89030864	89030864	0	1	715,	0,	chr14	89030914	89031529	retro_human_6068|RPL15P2-201|processed_pseudogene	0	-	RPL15P2	615
chr14	89764145	89775295	ENSG00000182512[2,2,2]	0	+	89774784	89774940	0	2	351,661,	0,10489,	chr14	89765944	89774756	retro_human_8795	0	+	GLRX5	8812
chr14	89765234	89775295	ENSG00000182512[4,1,2]	0	+	89765781	89774810	0	2	842,661,	0,9400,	chr14	89765944	89774756	retro_human_8795	0	+	GLRX5	8812
chr14	89765234	89775462	ENSG00000182512[4,1,1]	0	+	89765781	89774810	0	2	842,828,	0,9400,	chr14	89765944	89774756	retro_human_8795	0	+	GLRX5	8812
chr14	89765691	89775462	ENSG00000182512[1,1,1]	0	+	89765781	89774810	0	2	385,828,	0,8943,	chr14	89765944	89774756	retro_human_8795	0	+	GLRX5	8812
chr14	89765691	89775295	ENSG00000182512[1,1,2]	0	+	89765781	89774810	0	2	385,661,	0,8943,	chr14	89765944	89774756	retro_human_8795	0	+	GLRX5	8812
chr14	90454306	90454646	ENSG00000258788[1,1,1]	0	+	90454356	90454593	0	1	340,	0,	chr14	90454356	90454596	retro_human_8792|CKS1BP1-201|processed_pseudogene	0	+	CKS1BP1	240
chr14	90454465	90454646	ENSG00000258788[2,1,1]	0	+	90454467	90454593	0	1	181,	0,	chr14	90454356	90454596	retro_human_8792|CKS1BP1-201|processed_pseudogene	0	+	CKS1BP1	131
chr14	93204531	93205054	ENSG00000232573[1,1,1]	0	-	93204531	93204531	0	1	523,	0,	chr14	93204581	93205004	retro_human_672|RPL3P4-201|processed_pseudogene	0	-	RPL3P4	423
chr14	94508708	94511550	ENSG00000100811[4,2,6]	0	+	94509531	94509720	0	1	2842,	0,	chr14	94510283	94510618	retro_human_8914	0	+	YY1,MIR6764	335
chr14	94509178	94510876	ENSG00000100811[5,7,4]	0	+	94509531	94510627	0	2	500,429,	0,1269,	chr14	94510283	94510618	retro_human_8914	0	+	YY1,MIR6764	335
chr14	94510478	94511550	ENSG00000100811[7,2,6]	0	+	94510604	94510775	0	1	1072,	0,	chr14	94510283	94510618	retro_human_8914	0	+	YY1,MIR6764	140
chr14	94599680	94600073	ENSG00000258581[1,1,1]	0	+	94599680	94599680	0	1	393,	0,	chr14	94599730	94600023	retro_human_1404|AL157871.3-201|processed_pseudogene	0	+	NDUFB3P4	293
chr14	94713655	94714078	ENSG00000258500[1,1,1]	0	+	94713655	94713655	0	1	423,	0,	chr14	94713705	94714028	retro_human_3398|AL845552.1-201|transcribed_processed_pseudogene	0	+	HMGN1P25	323
chr14	95913349	95913887	ENSG00000241494[1,1,1]	0	+	95913349	95913349	0	1	538,	0,	chr14	95913399	95913837	retro_human_3432|AL355032.1-201|processed_pseudogene	0	+	RPL26P4	438
chr14	96078928	96079757	ENSG00000259161[1,1,1]	0	-	96078928	96078928	0	1	829,	0,	chr14	96078978	96079707	retro_human_668|AL137779.3-201|processed_pseudogene	0	-	NPM1P20	729
chr14	96898357	96898926	ENSG00000230988[1,1,1]	0	-	96898357	96898357	0	1	569,	0,	chr14	96898407	96898876	retro_human_667|RPL23AP11-201|processed_pseudogene	0	-	RPL23AP11	469
chr14	97515201	97516034	ENSG00000270938[1,1,2]	0	+	97515201	97515201	0	1	833,	0,	chr14	97515251	97515729	RAP2CP1-201|transcribed_processed_pseudogene	0	+	RAP2CP1	478
chr14	97515201	97516034	ENSG00000270938[1,1,2]	0	+	97515201	97515201	0	1	833,	0,	chr14	97515341	97515984	RAP2CP1-202|transcribed_processed_pseudogene	0	+	RAP2CP1	643
chr14	97609897	97610881	ENSG00000243904[1,1,1]	0	-	97609897	97609897	0	1	984,	0,	chr14	97609947	97610831	retro_human_8089|RPSAP5-201|processed_pseudogene	0	-	RPSAP5	884
chr14	99043422	99047641	ENSG00000179627[2,3,1]	0	+	99044320	99045340	255	2	155,3406,	0,813,	chr14	99044075	99045319	retro_human_436	0	+	ZBTB42	1244
chr14	99043422	99047398	ENSG00000179627[2,3,3]	0	+	99044320	99045340	255	2	155,3163,	0,813,	chr14	99044075	99045319	retro_human_436	0	+	ZBTB42	1244
chr14	99043422	99045413	ENSG00000179627[2,3,2]	0	+	99044320	99045340	255	2	155,1178,	0,813,	chr14	99044075	99045319	retro_human_436	0	+	ZBTB42	1244
chr14	99043422	99047641	ENSG00000179627[2,2,1]	0	+	99044074	99045340	0	2	155,3584,	0,635,	chr14	99044075	99045319	retro_human_436	0	+	ZBTB42	1244
chr14	99043422	99047398	ENSG00000179627[2,2,3]	0	+	99044074	99045340	0	2	155,3341,	0,635,	chr14	99044075	99045319	retro_human_436	0	+	ZBTB42	1244
chr14	99043422	99045413	ENSG00000179627[2,2,2]	0	+	99044074	99045340	0	2	155,1356,	0,635,	chr14	99044075	99045319	retro_human_436	0	+	ZBTB42	1244
chr14	99043422	99047641	ENSG00000179627[2,1,1]	0	+	99044074	99045340	0	1	4219,	0,	chr14	99044075	99045319	retro_human_436	0	+	ZBTB42	1244
chr14	99043422	99047398	ENSG00000179627[2,1,3]	0	+	99044074	99045340	0	1	3976,	0,	chr14	99044075	99045319	retro_human_436	0	+	ZBTB42	1244
chr14	99043739	99047641	ENSG00000179627[3,1,1]	0	+	99044074	99045340	0	1	3902,	0,	chr14	99044075	99045319	retro_human_436	0	+	ZBTB42	1244
chr14	99044519	99047641	ENSG00000179627[4,1,1]	0	+	99046770	99047105	0	1	3122,	0,	chr14	99044075	99045319	retro_human_436	0	+	ZBTB42	800
chr14	99044897	99047641	ENSG00000179627[5,1,1]	0	+	99046770	99047105	0	1	2744,	0,	chr14	99044075	99045319	retro_human_436	0	+	ZBTB42	422
chr14	99044897	99047398	ENSG00000179627[5,1,3]	0	+	99046770	99047105	0	1	2501,	0,	chr14	99044075	99045319	retro_human_436	0	+	ZBTB42	422
chr14	99081860	99082821	ENSG00000196183[1,1,1]	0	-	99081860	99081860	0	1	961,	0,	chr14	99081910	99082766	retro_human_8093|RPS2P4-201|processed_pseudogene	0	-	RPS2P4	856
chr14	100249556	100250283	ENSG00000225200[1,1,1]	0	-	100249556	100249556	0	1	727,	0,	chr14	100249606	100250233	retro_human_2615|AC246787.1-201|processed_pseudogene	0	-	RPS8P1	627
chr14	100780490	100781554	ENSG00000228966[1,1,1]	0	-	100780490	100780490	0	1	1064,	0,	chr14	100780540	100781504	retro_human_2662|HOMER2P1-201|processed_pseudogene	0	-	HOMER2P1	964
chr15	19057845	19058567	ENSG00000281087[1,1,1]	0	-	19057845	19057845	0	1	722,	0,	chr15	19057896	19058519	retro_human_8476	0	-	RPS8P10	623
chr15	19057849	19058571	ENSG00000223877[1,1,1]	0	-	19057849	19057849	0	1	722,	0,	chr15	19057896	19058519	retro_human_8476	0	-	RPS8P10	623
chr15	20386872	20387256	ENSG00000277867[1,1,1]	0	+	20386872	20386872	0	1	384,	0,	chr15	20386922	20387206	AC138649.4-201|processed_pseudogene	0	+	LOC100133165	284
chr15	20863654	20865935	ENSG00000274099[1,1,1]	0	+	20863654	20863654	0	1	2281,	0,	chr15	20863704	20865885	retro_human_7743|ABCB10P1-201|processed_pseudogene	0	+	ABCB10P1	2181
chr15	22645504	22646498	ENSG00000241061[1,1,1]	0	-	22645504	22645504	0	1	994,	0,	chr15	22645554	22646448	retro_human_2025|RPL5P1-201|processed_pseudogene	0	-	RPL5P1	894
chr15	22647446	22647798	ENSG00000242088[1,1,1]	0	-	22647446	22647446	0	1	352,	0,	chr15	22647496	22647748	retro_human_2028|AC090602.1-201|processed_pseudogene	0	-	RPS27P2	252
chr15	25638172	25639151	ENSG00000228992[1,1,1]	0	+	25638172	25638172	0	1	979,	0,	chr15	25638222	25639101	retro_human_3823|RPL5P32-201|processed_pseudogene	0	+	RPL5P32	879
chr15	26145458	26147721	ENSG00000261524[1,1,1]	0	+	26145458	26145458	0	1	2263,	0,	chr15	26145508	26147671	retro_human_3825|ABCB10P3-201|processed_pseudogene	0	+	ABCB10P3	2163
chr15	26565825	26567370	ENSG00000256951[2,1,2]	0	+	26565825	26565825	0	1	1545,	0,	chr15	26566217	26566505	AC055876.3-201|transcribed_processed_pseudogene	0	+	AC055876.1,LOC100289656	288
chr15	26566167	26566555	ENSG00000256951[1,1,1]	0	+	26566167	26566167	0	1	388,	0,	chr15	26566217	26566505	AC055876.3-201|transcribed_processed_pseudogene	0	+	AC055876.1,LOC100289656	288
chr15	27521433	27521806	ENSG00000234664[1,1,1]	0	+	27521433	27521433	0	1	373,	0,	chr15	27521483	27521756	retro_human_9974|HMGN2P5-201|processed_pseudogene	0	+	HMGN2P5	273
chr15	28016243	28018891	ENSG00000259993[1,1,1]	0	+	28016243	28016243	0	1	2648,	0,	chr15	28016293	28018841	retro_human_4898|AC135731.1-201|processed_pseudogene	0	+	LOC728424	2548
chr15	28676199	28677264	ENSG00000260382[1,1,1]	0	-	28676199	28676199	0	1	1065,	0,	chr15	28676249	28677214	retro_human_7855|AC087481.1-201|processed_pseudogene	0	-	TMEM183AP3	965
chr15	30319127	30330274	ENSG00000223509[5,5,3]	0	-	30319127	30319127	0	6	571,130,166,170,156,580,	0,1828,4173,5890,7141,10567,	chr15	30323137	30325127	AC135983.3-204|transcribed_processed_pseudogene	0	-	AC135983.3	1990
chr15	32294671	32296341	ENSG00000259917[1,1,1]	0	-	32294671	32294671	0	1	1670,	0,	chr15	32294778	32296217	retro_human_3709	0	-	HNRNPLP2	1439
chr15	32748239	32748654	ENSG00000231409[1,1,1]	0	+	32748239	32748239	0	1	415,	0,	chr15	32748289	32748604	retro_human_10382|AC018868.1-201|processed_pseudogene	0	+	RPL36AP8	315
chr15	32889345	32890363	ENSG00000255192[2,2,2]	0	-	32889398	32890313	0	2	419,551,	0,467,	chr15	32889398	32890313	retro_human_1636	0	-	NANOGP8	915
chr15	32889345	32890363	ENSG00000255192[2,1,2]	0	-	32889398	32890313	0	1	1018,	0,	chr15	32889398	32890313	retro_human_1636	0	-	NANOGP8	915
chr15	32897637	32898467	ENSG00000259397[1,1,1]	0	+	32897637	32897637	0	1	830,	0,	chr15	32897687	32898417	retro_human_10384|AC021231.2-201|processed_pseudogene	0	+	LOC441722	730
chr15	32926859	32927471	ENSG00000259592[1,1,1]	0	-	32926859	32926859	0	1	612,	0,	chr15	32926909	32927421	retro_human_3720|PRELID1P4-201|processed_pseudogene	0	-	PRELID1P4	512
chr15	33042581	33043553	ENSG00000259516[2,1,1]	0	+	33042581	33042581	0	1	972,	0,	chr15	33042631	33043368	retro_human_10385|ANP32AP1-201|transcribed_processed_pseudogene	0	+	ANP32AP1	737
chr15	33087842	33088327	ENSG00000259710[1,1,1]	0	+	33087842	33087842	0	1	485,	0,	chr15	33087892	33088277	retro_human_10386|NUTF2P6-201|processed_pseudogene	0	+	NUTF2P6	385
chr15	33103518	33104810	ENSG00000259585[1,1,1]	0	-	33103518	33103518	0	1	1292,	0,	chr15	33103568	33104760	retro_human_3705|RBM17P4-201|processed_pseudogene	0	-	RBM17P4	1192
chr15	33205964	33207142	ENSG00000259411[1,1,1]	0	+	33205964	33205964	0	1	1178,	0,	chr15	33206014	33207092	retro_human_6217|HNRNPA1P45-201|processed_pseudogene	0	+	HNRNPA1P45	1078
chr15	34422538	34424813	ENSG00000261315[1,1,1]	0	+	34422588	34423188	0	1	2275,	0,	chr15	34422588	34424763	retro_human_10390|LARP4P-201|transcribed_processed_pseudogene	0	+	LARP4P	2175
chr15	34622560	34623641	ENSG00000223518[1,1,2]	0	-	34622560	34622560	0	1	1081,	0,	chr15	34622610	34623591	retro_human_8258|CSNK1A1P1-202|transcribed_processed_pseudogene	0	-	CSNK1A1P1	981
chr15	34622560	34623641	ENSG00000223518[1,1,2]	0	-	34622560	34622560	0	1	1081,	0,	chr15	34622653	34623591	CSNK1A1P1-203|transcribed_processed_pseudogene	0	-	CSNK1A1P1	938
chr15	36264000	36264881	ENSG00000259192[1,1,1]	0	-	36264000	36264000	0	1	881,	0,	chr15	36264050	36264831	retro_human_8259|AC109631.1-201|processed_pseudogene	0	-	LOC100422645	781
chr15	38661775	38663044	ENSG00000166145[8,11,4]	0	+	38662805	38662997	0	3	312,48,250,	0,525,1019,	chr15	38661898	38662185	retro_human_5315	0	+	SPINT1	287
chr15	38678183	38680304	ENSG00000104140[1,3,1]	0	-	38679080	38680159	255	2	1338,601,	0,1520,	chr15	38679168	38680066	retro_human_8262	0	-	RHOV	898
chr15	38678183	38679815	ENSG00000104140[3,3,1]	0	-	38679349	38679747	255	2	1338,112,	0,1520,	chr15	38679168	38680066	retro_human_8262	0	-	RHOV	647
chr15	38678183	38680304	ENSG00000104140[1,1,1]	0	-	38679080	38680159	0	3	1338,59,353,	0,1520,1768,	chr15	38679168	38680066	retro_human_8262	0	-	RHOV	898
chr15	38735272	38745108	ENSG00000128917[1,4,1]	0	+	38742245	38744017	255	10	827,58,264,61,131,170,220,703,109,1094,	0,1335,2213,2881,3027,5261,5611,6941,8131,8742,	chr15	38740890	38742419	retro_human_5314	0	+	DLL4	1529
chr15	38735272	38745108	ENSG00000128917[1,1,1]	0	+	38735651	38744017	0	11	445,270,58,264,61,131,170,220,703,109,1094,	0,557,1335,2213,2881,3027,5261,5611,6941,8131,8742,	chr15	38740890	38742419	retro_human_5314	0	+	DLL4	1529
chr15	38735570	38745108	ENSG00000128917[3,4,1]	0	+	38742245	38744017	255	10	529,58,264,61,131,170,220,703,109,1094,	0,1037,1915,2583,2729,4963,5313,6643,7833,8444,	chr15	38740890	38742419	retro_human_5314	0	+	DLL4	1529
chr15	38735570	38745108	ENSG00000128917[3,1,1]	0	+	38735651	38744017	0	11	147,270,58,264,61,131,170,220,703,109,1094,	0,259,1037,1915,2583,2729,4963,5313,6643,7833,8444,	chr15	38740890	38742419	retro_human_5314	0	+	DLL4	1529
chr15	38735879	38745108	ENSG00000128917[4,4,1]	0	+	38742245	38744017	255	10	220,58,264,61,131,170,220,703,109,1094,	0,728,1606,2274,2420,4654,5004,6334,7524,8135,	chr15	38740890	38742419	retro_human_5314	0	+	DLL4	1529
chr15	38969195	38970504	ENSG00000157021[1,1,1]	0	+	38969195	38969195	0	2	332,654,	0,655,	chr15	38969246	38970373	retro_human_5316	0	+	CIBAR1P1	1127
chr15	40378889	40379496	ENSG00000260490[1,1,1]	0	+	40378889	40378889	0	1	607,	0,	chr15	40378939	40379446	retro_human_9810|MYL12BP1-201|processed_pseudogene	0	+	MYL12BP1	507
chr15	40388105	40388538	ENSG00000260282[1,1,1]	0	-	40388105	40388105	0	1	433,	0,	chr15	40388155	40388488	retro_human_2780|EIF4EBP2P2-201|processed_pseudogene	0	-	EIF4EBP2P2	333
chr15	40608049	40609587	ENSG00000260799[1,1,1]	0	-	40608617	40609538	0	1	1538,	0,	chr15	40608099	40609537	retro_human_2779|KRT8P50-201|processed_pseudogene	0	-	TTBK2,KRT8P50	1438
chr15	41165447	41178430	ENSG00000140265[1,1,1]	0	-	41168401	41177238	255	6	3820,468,699,205,430,548,	0,5793,7988,10800,11473,12435,	chr15	41171449	41173928	retro_human_7315	0	-	ZSCAN29	2479
chr15	41165447	41178430	ENSG00000140265[1,2,1]	0	-	41168401	41177238	0	5	3820,468,699,205,1510,	0,5793,7988,10800,11473,	chr15	41171449	41173928	retro_human_7315	0	-	ZSCAN29	2479
chr15	41165447	41177437	ENSG00000140265[2,2,1]	0	-	41168401	41177238	0	5	3820,468,699,205,517,	0,5793,7988,10800,11473,	chr15	41171449	41173928	retro_human_7315	0	-	ZSCAN29	2479
chr15	41168293	41178430	ENSG00000140265[1,1,2]	0	-	41168401	41177238	255	6	974,468,699,205,430,548,	0,2947,5142,7954,8627,9589,	chr15	41171449	41173928	retro_human_7315	0	-	ZSCAN29	2479
chr15	41168293	41178430	ENSG00000140265[1,2,2]	0	-	41168401	41177238	0	5	974,468,699,205,1510,	0,2947,5142,7954,8627,	chr15	41171449	41173928	retro_human_7315	0	-	ZSCAN29	2479
chr15	41683156	41685643	ENSG00000227973[3,1,1]	0	-	41683210	41683603	0	1	2487,	0,	chr15	41683207	41683603	retro_human_7327|PIN4P1-201|processed_pseudogene	0	-	PIN4P1	396
chr15	41683156	41685113	ENSG00000227973[2,1,1]	0	-	41683210	41683603	0	1	1957,	0,	chr15	41683207	41683603	retro_human_7327|PIN4P1-201|processed_pseudogene	0	-	PIN4P1	396
chr15	41683156	41683653	ENSG00000227973[1,1,1]	0	-	41683210	41683603	0	1	497,	0,	chr15	41683207	41683603	retro_human_7327|PIN4P1-201|processed_pseudogene	0	-	PIN4P1	396
chr15	41796368	41797592	ENSG00000185607[1,1,1]	0	-	41796959	41797538	0	1	1224,	0,	chr15	41796418	41797542	retro_human_6353|ACTBP7-201|processed_pseudogene	0	-	ACTBP7	1124
chr15	42162331	42163433	ENSG00000250130[1,1,1]	0	+	42162368	42162869	0	1	1102,	0,	chr15	42162381	42163383	retro_human_10806|AC090519.1-201|processed_pseudogene	0	+	GAPDHP43	1002
chr15	42255205	42257073	ENSG00000259335[1,1,1]	0	-	42255205	42255205	0	1	1868,	0,	chr15	42255255	42257023	retro_human_7324|HNRNPMP1-201|processed_pseudogene	0	-	HNRNPMP1	1768
chr15	42536953	42540924	ENSG00000185880[2,7,6]	0	+	42536953	42536953	0	2	412,1531,	0,2440,	chr15	42539680	42540159	retro_human_8570	0	+	TRIM69,LOC100419583	479
chr15	42536953	42540924	ENSG00000185880[2,8,6]	0	+	42536953	42536953	0	2	615,1531,	0,2440,	chr15	42539680	42540159	retro_human_8570	0	+	TRIM69,LOC100419583	479
chr15	43138355	43140881	ENSG00000259433[1,1,1]	0	-	43138355	43138355	0	1	2526,	0,	chr15	43138405	43140831	AC051619.2-201|processed_pseudogene	0	-	LOC100533853	2426
chr15	43363589	43364310	ENSG00000179362[3,1,1]	0	+	43363589	43363589	0	1	721,	0,	chr15	43363639	43364129	retro_human_10800|HMGN2P46-208|transcribed_processed_pseudogene	0	+	HMGN2P46	490
chr15	46964490	46965109	ENSG00000259467[1,1,1]	0	+	46964606	46964930	0	1	619,	0,	chr15	46964540	46965059	retro_human_4062|NDUFAF4P1-201|processed_pseudogene	0	+	NDUFAF4P1	519
chr15	47173299	47174961	ENSG00000259531[1,1,1]	0	-	47173568	47174213	0	1	1662,	0,	chr15	47173349	47174911	retro_human_3159|AC022306.1-201|processed_pseudogene	0	-	LOC100420615	1562
chr15	48752244	48753678	ENSG00000259378[1,1,1]	0	+	48752968	48753235	0	1	1434,	0,	chr15	48752294	48753628	retro_human_4012|DCAF13P3-201|processed_pseudogene	0	+	DCAF13P3	1334
chr15	49903879	49904432	ENSG00000242327[1,1,1]	0	+	49903879	49903879	0	1	553,	0,	chr15	49903929	49904382	retro_human_4452|AC023906.1-201|processed_pseudogene	0	+	RPS13P8	453
chr15	50313446	50314218	ENSG00000231169[1,1,1]	0	+	50313446	50313446	0	1	772,	0,	chr15	50313496	50314168	retro_human_3224|EEF1B2P1-201|processed_pseudogene	0	+	EEF1B2P1	672
chr15	53809109	53810671	ENSG00000230183[1,1,1]	0	-	53809109	53809109	0	1	1562,	0,	chr15	53809159	53810621	retro_human_10237|CNOT6LP1-201|processed_pseudogene	0	-	CNOT6LP1	1462
chr15	55050168	55051202	ENSG00000260689[1,1,1]	0	-	55050168	55050168	0	1	1034,	0,	chr15	55050218	55051152	retro_human_9037|HNRNPA3P11-201|processed_pseudogene	0	-	HNRNPA3P11	934
chr15	56002865	56003387	ENSG00000240934[1,1,1]	0	+	56002865	56002865	0	1	522,	0,	chr15	56002915	56003328	retro_human_3223|AC066616.1-201|processed_pseudogene	0	+	RPL28P4	413
chr15	56474234	56474972	ENSG00000270986[1,1,1]	0	+	56474234	56474234	0	1	738,	0,	chr15	56474284	56474922	retro_human_7990|HMGB1P51-201|processed_pseudogene	0	+	HMGB1P51	638
chr15	56488355	56488662	ENSG00000182625[1,1,1]	0	+	56488355	56488355	0	1	307,	0,	chr15	56488405	56488612	retro_human_7991|AC091046.1-201|processed_pseudogene	0	+	LOC100289060	207
chr15	56769058	56769921	ENSG00000259393[1,1,1]	0	-	56769058	56769058	0	1	863,	0,	chr15	56769108	56769871	retro_human_503|AC025918.2-201|processed_pseudogene	0	-	LOC100420929	763
chr15	57008866	57010712	ENSG00000171989[1,1,1]	0	+	57009014	57010157	0	1	1846,	0,	chr15	57009015	57010142	retro_human_1547	0	+	LDHAL6B	1127
chr15	57208401	57212705	ENSG00000259674[2,2,2]	0	-	57208401	57208401	255	2	1845,129,	0,4175,	chr15	57209054	57210246	retro_human_9703|AC092868.1-201|processed_pseudogene	0	-	AC092868.1	1192
chr15	57478423	57479088	ENSG00000259657[1,1,1]	0	+	57478423	57478423	0	1	665,	0,	chr15	57478473	57479038	retro_human_1545|PIGHP1-201|processed_pseudogene	0	+	PIGHP1	565
chr15	58193476	58193888	ENSG00000240163[1,1,1]	0	+	58193476	58193476	0	1	412,	0,	chr15	58193526	58193838	retro_human_1551|AC087385.1-201|processed_pseudogene	0	+	RPL36AP44,ANXA2	312
chr15	62338047	62339152	ENSG00000248415[1,1,1]	0	-	62338047	62338047	0	1	1105,	0,	chr15	62338097	62339102	retro_human_6290|GAPDHP61-201|processed_pseudogene	0	-	GAPDHP61	1005
chr15	62835447	62836136	ENSG00000270218[1,1,1]	0	+	62835447	62835447	0	1	689,	0,	chr15	62835497	62836086	retro_human_7415|AC013553.2-201|processed_pseudogene	0	+	LOC100130437	589
chr15	63580548	63581612	ENSG00000259924[1,1,1]	0	-	63581148	63581535	0	1	1064,	0,	chr15	63580598	63581562	retro_human_9242|AC011939.1-201|processed_pseudogene	0	-	LOC646358	964
chr15	64236334	64236700	ENSG00000261102[1,1,1]	0	-	64236334	64236334	0	1	366,	0,	chr15	64236384	64236650	retro_human_6284|ATP5MFP6-201|processed_pseudogene	0	-	ATP5MFP6	266
chr15	64267879	64268302	ENSG00000243404[1,1,1]	0	-	64267879	64267879	0	1	423,	0,	chr15	64267929	64268252	retro_human_6285|RPL35AP32-201|processed_pseudogene	0	-	RPL35AP32	323
chr15	65054310	65054802	ENSG00000242634[1,1,1]	0	+	65054310	65054310	0	1	492,	0,	chr15	65054360	65054752	retro_human_1187|RPS24P16-201|processed_pseudogene	0	+	RPS24P16	392
chr15	66656321	66657340	ENSG00000259286[1,1,1]	0	+	66656963	66657287	0	1	1019,	0,	chr15	66656371	66657290	retro_human_7010|AC087639.1-201|processed_pseudogene	0	+	LOC390600	919
chr15	67625384	67626215	ENSG00000259496[1,1,1]	0	-	67625384	67625384	0	1	831,	0,	chr15	67625434	67626165	retro_human_6548|AC021818.2-201|processed_pseudogene	0	-	GEMIN8P1	731
chr15	68619476	68620079	ENSG00000235420[1,1,1]	0	-	68619476	68619476	0	1	603,	0,	chr15	68619560	68620029	retro_human_6551|RPL29P30-202|transcribed_processed_pseudogene	0	-	RPL29P30	469
chr15	68681627	68683176	ENSG00000259470[1,1,1]	0	+	68682516	68683071	0	1	1549,	0,	chr15	68681677	68683126	retro_human_7008|KRT8P9-201|processed_pseudogene	0	+	KRT8P9	1449
chr15	68988000	68988746	ENSG00000259781[1,1,1]	0	-	68988000	68988000	0	1	746,	0,	chr15	68988050	68988696	retro_human_6530|HMGB1P6-201|processed_pseudogene	0	-	HMGB1P6	646
chr15	69951327	69952223	ENSG00000243568[1,1,1]	0	+	69951705	69952035	0	1	896,	0,	chr15	69951377	69952173	retro_human_7014|AC020779.1-201|processed_pseudogene	0	+	RPL21P115	796
chr15	70195968	70196564	ENSG00000243007[1,1,1]	0	-	70195968	70195968	0	1	596,	0,	chr15	70196018	70196514	retro_human_3411|RPL12P35-201|processed_pseudogene	0	-	RPL12P35	496
chr15	72205459	72235440	ENSG00000140459[1,14,1]	0	-	72205725	72212905	255	9	395,198,79,167,161,204,198,156,380,	0,862,1528,1878,5268,6080,7337,10191,29601,	chr15	72222205	72232369	PPIAP46-201|transcribed_processed_pseudogene	0	+	PPIAP46	10164
chr15	72205459	72235440	ENSG00000140459[1,12,1]	0	-	72205725	72235329	255	8	395,198,79,167,161,204,200,380,	0,862,1528,1878,5268,6080,7335,29601,	chr15	72222205	72232369	PPIAP46-201|transcribed_processed_pseudogene	0	+	PPIAP46	10164
chr15	72205459	72235440	ENSG00000140459[1,13,1]	0	-	72205725	72235329	255	10	395,99,198,79,167,161,204,200,156,380,	0,611,862,1528,1878,5268,6080,7335,10191,29601,	chr15	72222205	72232369	PPIAP46-201|transcribed_processed_pseudogene	0	+	PPIAP46	10164
chr15	72205459	72234005	ENSG00000140459[2,11,1]	0	-	72205725	72233589	255	9	395,198,79,167,161,204,200,156,607,	0,862,1528,1878,5268,6080,7335,10191,27939,	chr15	72222205	72232369	PPIAP46-201|transcribed_processed_pseudogene	0	+	PPIAP46	10164
chr15	72205459	72235440	ENSG00000140459[1,8,1]	0	-	72206434	72235329	0	8	395,198,167,161,204,200,156,380,	0,862,1878,5268,6080,7335,10191,29601,	chr15	72222205	72232369	PPIAP46-201|transcribed_processed_pseudogene	0	+	PPIAP46	10164
chr15	72205459	72234005	ENSG00000140459[2,2,1]	0	-	72205725	72212945	0	9	395,198,79,167,161,204,200,156,542,	0,862,1528,1878,5268,6080,7335,10191,28004,	chr15	72222205	72232369	PPIAP46-201|transcribed_processed_pseudogene	0	+	PPIAP46	10164
chr15	72205459	72235440	ENSG00000140459[1,1,1]	0	-	72205725	72235329	0	9	395,198,79,167,161,204,200,156,380,	0,862,1528,1878,5268,6080,7335,10191,29601,	chr15	72222205	72232369	PPIAP46-201|transcribed_processed_pseudogene	0	+	PPIAP46	10164
chr15	72218468	72230425	ENSG00000260266[1,4,4]	0	+	72218468	72218468	255	4	222,160,174,1163,	0,3807,5563,10794,	chr15	72222205	72232369	PPIAP46-201|transcribed_processed_pseudogene	0	+	PPIAP46	8220
chr15	72218468	72232419	ENSG00000260266[1,6,2]	0	+	72218468	72218468	255	3	222,160,3157,	0,3807,10794,	chr15	72222205	72232369	PPIAP46-201|transcribed_processed_pseudogene	0	+	PPIAP46	10164
chr15	72218468	72232419	ENSG00000260266[1,5,2]	0	+	72218468	72218468	255	5	222,160,193,1113,559,	0,3807,5563,10794,13392,	chr15	72222205	72232369	PPIAP46-201|transcribed_processed_pseudogene	0	+	PPIAP46	10164
chr15	72218468	72229840	ENSG00000260266[1,2,1]	0	+	72218468	72218468	0	4	222,160,193,578,	0,3807,5563,10794,	chr15	72222205	72232369	PPIAP46-201|transcribed_processed_pseudogene	0	+	PPIAP46	7635
chr15	72222155	72232419	ENSG00000260266[2,7,2]	0	+	72222155	72222155	255	3	280,193,3157,	0,1876,7107,	chr15	72222205	72232369	PPIAP46-201|transcribed_processed_pseudogene	0	+	PPIAP46	10164
chr15	72222155	72230010	ENSG00000260266[2,7,3]	0	+	72222155	72222155	255	3	280,193,748,	0,1876,7107,	chr15	72222205	72232369	PPIAP46-201|transcribed_processed_pseudogene	0	+	PPIAP46	7805
chr15	72222155	72232419	ENSG00000260266[2,3,2]	0	+	72222155	72222155	0	2	280,3157,	0,7107,	chr15	72222205	72232369	PPIAP46-201|transcribed_processed_pseudogene	0	+	PPIAP46	10164
chr15	72229250	72229840	ENSG00000260266[3,1,1]	0	+	72229250	72229250	0	1	590,	0,	chr15	72229300	72229790	retro_human_7011|PPIAP46-203|transcribed_processed_pseudogene	0	+	CYP11A1,PPIAP46	490
chr15	72328923	72349081	ENSG00000247240[1,11,2]	0	+	72328923	72328923	255	4	901,95,219,303,	0,4838,17864,19855,	chr15	72345796	72358014	AC012435.2-201|transcribed_processed_pseudogene	0	-	AC012435.2,UBL7-AS1	3285
chr15	72328923	72349081	ENSG00000247240[1,6,2]	0	+	72328923	72328923	0	2	438,149,	0,20009,	chr15	72345796	72358014	AC012435.2-201|transcribed_processed_pseudogene	0	-	AC012435.2,UBL7-AS1	3285
chr15	72328923	72349081	ENSG00000247240[1,4,2]	0	+	72328923	72328923	0	5	901,95,219,294,303,	0,4838,17864,19425,19855,	chr15	72345796	72358014	AC012435.2-201|transcribed_processed_pseudogene	0	-	AC012435.2,UBL7-AS1	3285
chr15	72328923	72349081	ENSG00000247240[1,9,2]	0	+	72328923	72328923	0	4	834,95,219,303,	0,4838,17864,19855,	chr15	72345796	72358014	AC012435.2-201|transcribed_processed_pseudogene	0	-	AC012435.2,UBL7-AS1	3285
chr15	72345746	72358064	ENSG00000260103[2,2,1]	0	-	72345746	72345746	0	2	3385,101,	0,12217,	chr15	72345796	72358014	AC012435.2-201|transcribed_processed_pseudogene	0	-	AC012435.2,UBL7-AS1	12218
chr15	73121751	73123044	ENSG00000261205[1,1,1]	0	-	73121751	73121751	0	1	1293,	0,	chr15	73121801	73122994	retro_human_3812|NIFKP4-201|processed_pseudogene	0	-	NIFKP4	1193
chr15	73191782	73192619	ENSG00000259790[1,1,2]	0	-	73191782	73191782	0	1	837,	0,	chr15	73191456	73192753	retro_human_3813|ANP32BP1-201|transcribed_processed_pseudogene	0	-	ANP32BP1	837
chr15	73191782	73192619	ENSG00000259790[1,1,2]	0	-	73191782	73191782	0	1	837,	0,	chr15	73191832	73192569	ANP32BP1-202|transcribed_processed_pseudogene	0	-	ANP32BP1	737
chr15	73258308	73258970	ENSG00000241890[1,1,1]	0	+	73258308	73258308	0	1	662,	0,	chr15	73258358	73258920	retro_human_790|RPL13P4-201|processed_pseudogene	0	+	RPL13P4	562
chr15	73338896	73341045	ENSG00000169410[2,2,2]	0	-	73340872	73341025	0	3	173,208,280,	0,981,1869,	chr15	73339795	73340067	retro_human_6215	0	-	MSTRG.1996,PTPN9	272
chr15	73617449	73618044	ENSG00000260815[1,1,1]	0	+	73617449	73617449	0	1	595,	0,	chr15	73617499	73617994	retro_human_795|PPIAP47-201|processed_pseudogene	0	+	PPIAP47	495
chr15	74129964	74132769	ENSG00000259581[1,1,1]	0	-	74131646	74132138	0	1	2805,	0,	chr15	74130014	74132719	retro_human_3808|TYRO3P-201|processed_pseudogene	0	-	TYRO3P	2705
chr15	75138899	75139309	ENSG00000230459[1,1,1]	0	+	75138899	75138899	0	1	410,	0,	chr15	75138949	75139259	retro_human_796|AC060773.1-201|processed_pseudogene	0	+	LOC646853	310
chr15	76524407	76525037	ENSG00000213307[1,1,1]	0	-	76524407	76524407	0	1	630,	0,	chr15	76524457	76524987	retro_human_2824|RPL18P11-201|processed_pseudogene	0	-	AC022748.2,RPL18P11	530
chr15	76726868	76727449	ENSG00000243711[1,1,1]	0	-	76726868	76726868	0	1	581,	0,	chr15	76726916	76727399	retro_human_764|RPL21P116-201|processed_pseudogene	0	-	RPL21P116	483
chr15	77786065	77788683	ENSG00000259642[2,1,4]	0	+	77786065	77786065	0	1	2618,	0,	chr15	77786090	77786439	AC015871.8-201|transcribed_processed_pseudogene	0	-	ST20-AS1,ST20,ST20-MTHFS	349
chr15	77786065	77787958	ENSG00000259642[2,1,3]	0	+	77786065	77786065	0	1	1893,	0,	chr15	77786090	77786439	AC015871.8-201|transcribed_processed_pseudogene	0	-	ST20-AS1,ST20,ST20-MTHFS	349
chr15	78981690	78982496	ENSG00000259461[1,1,1]	0	-	78981690	78981690	0	1	806,	0,	chr15	78981740	78982446	retro_human_9286|ANP32BP3-201|processed_pseudogene	0	-	ANP32BP3	706
chr15	80236265	80236845	ENSG00000237550[2,1,1]	0	-	80236265	80236265	0	1	580,	0,	chr15	80236315	80237033	retro_human_5724|AC243919.1-201|transcribed_processed_pseudogene	0	-	AC243919.1	530
chr15	80236265	80236845	ENSG00000237550[2,1,1]	0	-	80236265	80236265	0	1	580,	0,	chr15	80236430	80237009	AC243919.1-202|transcribed_processed_pseudogene	0	-	AC243919.1	415
chr15	80236265	80237087	ENSG00000237550[1,1,1]	0	-	80236265	80236265	0	1	822,	0,	chr15	80236315	80237033	retro_human_5724|AC243919.1-201|transcribed_processed_pseudogene	0	-	AC243919.1	718
chr15	80236265	80237087	ENSG00000237550[1,1,1]	0	-	80236265	80236265	0	1	822,	0,	chr15	80236430	80237009	AC243919.1-202|transcribed_processed_pseudogene	0	-	AC243919.1	579
chr15	80236265	80236845	ENSG00000237550[2,2,1]	0	-	80236265	80236265	0	2	272,227,	0,353,	chr15	80236315	80237033	retro_human_5724|AC243919.1-201|transcribed_processed_pseudogene	0	-	AC243919.1	530
chr15	80236265	80236845	ENSG00000237550[2,2,1]	0	-	80236265	80236265	0	2	272,227,	0,353,	chr15	80236430	80237009	AC243919.1-202|transcribed_processed_pseudogene	0	-	AC243919.1	415
chr15	80236265	80237087	ENSG00000237550[1,2,1]	0	-	80236265	80236265	0	2	272,469,	0,353,	chr15	80236315	80237033	retro_human_5724|AC243919.1-201|transcribed_processed_pseudogene	0	-	AC243919.1	718
chr15	80236265	80237087	ENSG00000237550[1,2,1]	0	-	80236265	80236265	0	2	272,469,	0,353,	chr15	80236430	80237009	AC243919.1-202|transcribed_processed_pseudogene	0	-	AC243919.1	579
chr15	80555894	80556630	ENSG00000259707[1,1,1]	0	-	80556070	80556220	0	1	736,	0,	chr15	80555944	80556580	retro_human_6087|AC105339.4-201|processed_pseudogene	0	-	CPEB1-AS1,LOC100421235	636
chr15	80590077	80602932	ENSG00000259315[2,2,1]	0	-	80590077	80590077	0	2	1608,153,	0,12702,	chr15	80590127	80602882	ACTG1P17-202|transcribed_processed_pseudogene	0	-	ACTG1P17	12755
chr15	80594993	80603220	ENSG00000259315[3,3,3]	0	-	80594993	80594993	0	2	196,441,	0,7786,	chr15	80590127	80602882	ACTG1P17-202|transcribed_processed_pseudogene	0	-	ACTG1P17	7889
chr15	82383828	82389065	ENSG00000176700[1,3,14]	0	+	82383828	82383828	0	3	194,102,2815,	0,796,2422,	chr15	82386300	82387062	retro_human_407|EGLN1P1-201|transcribed_processed_pseudogene	0	+	AC048382.5,SCAND2P,EGLN1P1	762
chr15	82383828	82389065	ENSG00000176700[1,4,14]	0	+	82383828	82383828	0	2	898,2815,	0,2422,	chr15	82386300	82387062	retro_human_407|EGLN1P1-201|transcribed_processed_pseudogene	0	+	AC048382.5,SCAND2P,EGLN1P1	762
chr15	82383828	82387629	ENSG00000176700[1,4,13]	0	+	82383828	82383828	0	2	898,1379,	0,2422,	chr15	82386300	82387062	retro_human_407|EGLN1P1-201|transcribed_processed_pseudogene	0	+	AC048382.5,SCAND2P,EGLN1P1	762
chr15	82383828	82387899	ENSG00000176700[1,4,4]	0	+	82383828	82383828	0	2	898,1649,	0,2422,	chr15	82386300	82387062	retro_human_407|EGLN1P1-201|transcribed_processed_pseudogene	0	+	AC048382.5,SCAND2P,EGLN1P1	762
chr15	82385905	82389065	ENSG00000254779[2,1,3]	0	+	82385905	82385905	0	1	3160,	0,	chr15	82386300	82387062	retro_human_407|EGLN1P1-201|transcribed_processed_pseudogene	0	+	AC048382.5,SCAND2P,EGLN1P1	762
chr15	82385905	82387629	ENSG00000254779[2,1,2]	0	+	82385905	82385905	0	1	1724,	0,	chr15	82386300	82387062	retro_human_407|EGLN1P1-201|transcribed_processed_pseudogene	0	+	AC048382.5,SCAND2P,EGLN1P1	762
chr15	82385905	82393513	ENSG00000176700[4,11,9]	0	+	82385905	82385905	0	4	903,74,82,1586,	0,3863,4912,6022,	chr15	82386300	82387062	retro_human_407|EGLN1P1-201|transcribed_processed_pseudogene	0	+	AC048382.5,SCAND2P,EGLN1P1	762
chr15	82385905	82393221	ENSG00000176700[4,11,11]	0	+	82385905	82385905	0	4	903,74,82,1294,	0,3863,4912,6022,	chr15	82386300	82387062	retro_human_407|EGLN1P1-201|transcribed_processed_pseudogene	0	+	AC048382.5,SCAND2P,EGLN1P1	762
chr15	82385905	82393513	ENSG00000176700[4,10,9]	0	+	82385905	82385905	0	4	903,74,124,1586,	0,3863,4870,6022,	chr15	82386300	82387062	retro_human_407|EGLN1P1-201|transcribed_processed_pseudogene	0	+	AC048382.5,SCAND2P,EGLN1P1	762
chr15	82385905	82393221	ENSG00000176700[4,10,11]	0	+	82385905	82385905	0	4	903,74,124,1294,	0,3863,4870,6022,	chr15	82386300	82387062	retro_human_407|EGLN1P1-201|transcribed_processed_pseudogene	0	+	AC048382.5,SCAND2P,EGLN1P1	762
chr15	82386250	82387112	ENSG00000254779[1,1,1]	0	+	82386250	82386250	0	1	862,	0,	chr15	82386300	82387062	retro_human_407|EGLN1P1-201|transcribed_processed_pseudogene	0	+	AC048382.5,SCAND2P,EGLN1P1	762
chr15	83167228	83167734	ENSG00000259630[1,1,1]	0	+	83167277	83167682	0	1	506,	0,	chr15	83167278	83167684	retro_human_411|AC104046.1-201|transcribed_processed_pseudogene	0	+	FABP5P9	406
chr15	86744364	86745191	ENSG00000261549[1,1,1]	0	-	86744364	86744364	0	1	827,	0,	chr15	86744414	86745141	retro_human_387|AC107954.1-201|processed_pseudogene	0	-	LOC100129942	727
chr15	86890338	86891389	ENSG00000259699[1,1,1]	0	-	86890338	86890338	0	1	1051,	0,	chr15	86890388	86891339	retro_human_2057|HMGB1P8-201|processed_pseudogene	0	-	HMGB1P8	951
chr15	86955863	86956641	ENSG00000259948[1,1,1]	0	-	86955863	86955863	0	1	778,	0,	chr15	86955913	86956591	retro_human_2259|AC124068.1-201|processed_pseudogene	0	-	ABHD2,MSTRG.2023,LOC124903574	678
chr15	87404388	87411436	ENSG00000166813[1,5,3]	0	-	87405867	87408866	0	5	322,394,304,352,119,	0,521,1288,4150,6929,	chr15	87404542	87405343	retro_human_2262	0	-	KIF7,MSTRG.2027	801
chr15	87443766	87444173	ENSG00000241362[1,1,1]	0	-	87443929	87444031	0	1	407,	0,	chr15	87443816	87444123	retro_human_2241|RPL36AP43-201|processed_pseudogene	0	-	RPL36AP43	307
chr15	87632507	87633353	ENSG00000259677[1,1,1]	0	+	87632507	87632507	0	1	846,	0,	chr15	87632557	87633303	retro_human_6196|AC027176.2-201|processed_pseudogene	0	+	LOC100631255	746
chr15	87962546	87963041	ENSG00000225193[1,1,1]	0	+	87962594	87962858	0	1	495,	0,	chr15	87962596	87962992	retro_human_6194|RPS12P26-201|transcribed_processed_pseudogene	0	+	RPS12P26	396
chr15	88031069	88031757	ENSG00000228998[1,1,1]	0	+	88031119	88031707	0	1	688,	0,	chr15	88031119	88031707	retro_human_6193|AC091167.1-201|transcribed_processed_pseudogene	0	+	NGRN,PERPP2	588
chr15	88390689	88391098	ENSG00000259746[1,1,1]	0	+	88390716	88390815	0	1	409,	0,	chr15	88390739	88391048	retro_human_3069|HSPE1P3-201|processed_pseudogene	0	+	HSPE1P3	309
chr15	89503568	89504783	ENSG00000259057[1,1,1]	0	-	89503568	89503568	0	1	1215,	0,	chr15	89503618	89504733	THRAP3P2-201|processed_pseudogene	0	-	THRAP3P2	1115
chr15	90043892	90044593	ENSG00000258726[1,1,1]	0	+	90043892	90043892	0	1	701,	0,	chr15	90043942	90044543	retro_human_3066|DUXAP6-201|processed_pseudogene	0	+	DUXAP6	601
chr15	90379839	90496531	TALONG000132472[1,1,1]	0	-	90381613	90392720	0	4	2061,132,124,272,	0,12829,81487,116420,	chr15	90475765	90496480	H2AZ2P1-203|transcribed_processed_pseudogene	0	-	H2AZ2P1,LOC101926994	20715
chr15	90379839	90572196	ENSG00000185442[9,10,1]	0	-	90381613	90392720	0	4	2061,132,124,289,	0,12829,81487,192068,	chr15	90475765	90496480	H2AZ2P1-203|transcribed_processed_pseudogene	0	-	H2AZ2P1,LOC101926994	20715
chr15	90381390	90572196	ENSG00000185442[9,10,2]	0	-	90381613	90392720	0	4	510,132,124,289,	0,11278,79936,190517,	chr15	90475765	90496480	H2AZ2P1-203|transcribed_processed_pseudogene	0	-	H2AZ2P1,LOC101926994	20715
chr15	90474046	90474449	ENSG00000253954[1,1,1]	0	+	90474046	90474046	0	1	403,	0,	chr15	90474096	90474399	retro_human_8937|HMGN1P38-201|processed_pseudogene	0	+	HMGN1P38	303
chr15	90557857	90558750	ENSG00000258527[1,1,1]	0	+	90557857	90557857	0	1	893,	0,	chr15	90557907	90558700	retro_human_8938|ASB9P1-201|processed_pseudogene	0	+	ASB9P1	793
chr15	91931399	91931902	ENSG00000258570[1,1,1]	0	+	91931399	91931399	0	1	503,	0,	chr15	91931449	91931852	retro_human_8941|H3P40-201|processed_pseudogene	0	+	H3P40	403
chr15	92619519	92621057	ENSG00000277654[2,1,1]	0	+	92619519	92619519	0	1	1538,	0,	chr15	92619568	92621007	retro_human_8942|AC087633.2-203|transcribed_processed_pseudogene	0	+	AC107976.1,AC087633.2,LOC440311	1439
chr15	94212727	94213167	ENSG00000242295[1,1,1]	0	+	94212727	94212727	0	1	440,	0,	chr15	94212777	94213117	retro_human_8933|AC087477.1-201|processed_pseudogene	0	+	RPL31P55	340
chr15	97021357	97023841	ENSG00000259706[1,1,1]	0	+	97022419	97023055	0	1	2484,	0,	chr15	97021407	97023791	retro_human_5623|HSP90B2P-201|processed_pseudogene	0	+	HSP90B2P	2384
chr15	97048380	97049432	ENSG00000259228[1,1,1]	0	-	97048380	97048380	0	1	1052,	0,	chr15	97048430	97049382	HNRNPA1P62-201|processed_pseudogene	0	-	HNRNPA1P62	952
chr16	377934	388899	ENSG00000236829[1,3,2]	0	+	377934	377934	0	3	431,140,6344,	0,1243,4621,	chr16	377984	388849	Z97634.1-201|transcribed_processed_pseudogene	0	+	Z97634.1,LOC100134368	10865
chr16	377934	388899	ENSG00000236829[1,3,2]	0	+	377934	377934	0	3	431,140,6344,	0,1243,4621,	chr16	378037	383131	Z97634.1-202|transcribed_processed_pseudogene	0	+	Z97634.1	5094
chr16	377934	382650	ENSG00000236829[1,3,3]	0	+	377934	377934	0	3	431,140,95,	0,1243,4621,	chr16	377984	388849	Z97634.1-201|transcribed_processed_pseudogene	0	+	Z97634.1,LOC100134368	4666
chr16	377934	382650	ENSG00000236829[1,3,3]	0	+	377934	377934	0	3	431,140,95,	0,1243,4621,	chr16	378037	383131	Z97634.1-202|transcribed_processed_pseudogene	0	+	Z97634.1	4613
chr16	377934	383181	ENSG00000236829[1,3,1]	0	+	377934	377934	0	3	431,140,626,	0,1243,4621,	chr16	377984	388849	Z97634.1-201|transcribed_processed_pseudogene	0	+	Z97634.1,LOC100134368	5197
chr16	377934	383181	ENSG00000236829[1,3,1]	0	+	377934	377934	0	3	431,140,626,	0,1243,4621,	chr16	378037	383131	Z97634.1-202|transcribed_processed_pseudogene	0	+	Z97634.1	5094
chr16	377934	388899	ENSG00000236829[1,2,2]	0	+	377934	377934	0	3	431,140,1244,	0,1243,9721,	chr16	377984	388849	Z97634.1-201|transcribed_processed_pseudogene	0	+	Z97634.1,LOC100134368	10865
chr16	377934	388899	ENSG00000236829[1,2,2]	0	+	377934	377934	0	3	431,140,1244,	0,1243,9721,	chr16	378037	383131	Z97634.1-202|transcribed_processed_pseudogene	0	+	Z97634.1	5094
chr16	1090532	1091949	ENSG00000162009[2,2,2]	0	+	1090625	1091717	0	1	1417,	0,	chr16	1090695	1091741	retro_human_5021	0	+	SSTR5	1046
chr16	1243595	1244977	ENSG00000197253[3,4,1]	0	-	1243962	1244944	255	4	529,164,267,101,	0,614,905,1281,	chr16	1244508	1245019	retro_human_1383	0	-	TPSB2	469
chr16	1243595	1245313	ENSG00000197253[2,2,1]	0	-	1243962	1245283	0	5	529,164,267,172,112,	0,614,905,1281,1606,	chr16	1244508	1245019	retro_human_1383	0	-	TPSB2	511
chr16	1243595	1245545	ENSG00000197253[1,2,1]	0	-	1243962	1245283	0	5	529,164,267,172,344,	0,614,905,1281,1606,	chr16	1244508	1245019	retro_human_1383	0	-	TPSB2	511
chr16	1492493	1493347	ENSG00000219027[1,1,1]	0	+	1492493	1492493	0	1	854,	0,	chr16	1492543	1493297	retro_human_5020|RPS3AP2-201|processed_pseudogene	0	+	RPS3AP2	754
chr16	1981966	1984850	ENSG00000140988[1,32,1]	0	-	1982216	1984584	255	6	263,164,174,108,90,443,	0,485,728,1141,2268,2441,	chr16	1983703	1984054	retro_human_238|AC005363.1-201|transcribed_processed_pseudogene	0	-	RPS2	351
chr16	1981966	1984640	ENSG00000140988[2,32,1]	0	-	1982216	1984584	255	6	263,164,174,108,90,233,	0,485,728,1141,2268,2441,	chr16	1983703	1984054	retro_human_238|AC005363.1-201|transcribed_processed_pseudogene	0	-	RPS2	351
chr16	1981966	1984850	ENSG00000140988[1,26,1]	0	-	1982634	1984584	255	4	902,108,90,443,	0,1141,2268,2441,	chr16	1983703	1984054	retro_human_238|AC005363.1-201|transcribed_processed_pseudogene	0	-	RPS2	351
chr16	1981966	1984640	ENSG00000140988[2,26,1]	0	-	1982634	1984584	255	4	902,108,90,233,	0,1141,2268,2441,	chr16	1983703	1984054	retro_human_238|AC005363.1-201|transcribed_processed_pseudogene	0	-	RPS2	351
chr16	1981966	1984850	ENSG00000140988[1,29,1]	0	-	1982614	1984584	255	6	263,160,182,108,90,443,	0,489,720,1141,2268,2441,	chr16	1983703	1984054	retro_human_238|AC005363.1-201|transcribed_processed_pseudogene	0	-	RPS2	351
chr16	1981966	1984640	ENSG00000140988[2,29,1]	0	-	1982614	1984584	255	6	263,160,182,108,90,233,	0,489,720,1141,2268,2441,	chr16	1983703	1984054	retro_human_238|AC005363.1-201|transcribed_processed_pseudogene	0	-	RPS2	351
chr16	1981966	1984850	ENSG00000140988[1,27,1]	0	-	1982521	1984584	255	6	263,153,189,108,90,443,	0,489,713,1141,2268,2441,	chr16	1983703	1984054	retro_human_238|AC005363.1-201|transcribed_processed_pseudogene	0	-	RPS2	351
chr16	1981966	1984640	ENSG00000140988[2,27,1]	0	-	1982521	1984584	255	6	263,153,189,108,90,233,	0,489,713,1141,2268,2441,	chr16	1983703	1984054	retro_human_238|AC005363.1-201|transcribed_processed_pseudogene	0	-	RPS2	351
chr16	1981966	1984850	ENSG00000140988[1,30,1]	0	-	1982521	1984584	255	6	263,153,174,108,90,443,	0,489,728,1141,2268,2441,	chr16	1983703	1984054	retro_human_238|AC005363.1-201|transcribed_processed_pseudogene	0	-	RPS2	351
chr16	1981966	1984640	ENSG00000140988[2,30,1]	0	-	1982521	1984584	255	6	263,153,174,108,90,233,	0,489,728,1141,2268,2441,	chr16	1983703	1984054	retro_human_238|AC005363.1-201|transcribed_processed_pseudogene	0	-	RPS2	351
chr16	1981966	1984850	ENSG00000140988[1,28,1]	0	-	1982535	1984584	255	6	263,153,182,108,90,443,	0,489,720,1141,2268,2441,	chr16	1983703	1984054	retro_human_238|AC005363.1-201|transcribed_processed_pseudogene	0	-	RPS2	351
chr16	1981966	1984640	ENSG00000140988[2,28,1]	0	-	1982535	1984584	255	6	263,153,182,108,90,233,	0,489,720,1141,2268,2441,	chr16	1983703	1984054	retro_human_238|AC005363.1-201|transcribed_processed_pseudogene	0	-	RPS2	351
chr16	1981966	1984850	ENSG00000140988[1,22,1]	0	-	1982634	1984321	255	4	263,413,108,616,	0,489,1141,2268,	chr16	1983703	1984054	retro_human_238|AC005363.1-201|transcribed_processed_pseudogene	0	-	RPS2	351
chr16	1981966	1984640	ENSG00000140988[2,22,1]	0	-	1982634	1984321	255	4	263,413,108,406,	0,489,1141,2268,	chr16	1983703	1984054	retro_human_238|AC005363.1-201|transcribed_processed_pseudogene	0	-	RPS2	351
chr16	1981966	1984850	ENSG00000140988[1,50,1]	0	-	1982521	1984584	255	7	263,153,174,108,90,180,85,	0,489,728,1141,2268,2441,2799,	chr16	1983703	1984054	retro_human_238|AC005363.1-201|transcribed_processed_pseudogene	0	-	RPS2	351
chr16	1981966	1984850	ENSG00000140988[1,21,1]	0	-	1982059	1982522	255	3	263,760,616,	0,489,2268,	chr16	1983703	1984054	retro_human_238|AC005363.1-201|transcribed_processed_pseudogene	0	-	RPS2	351
chr16	1981966	1984850	ENSG00000140988[1,31,1]	0	-	1982432	1984584	255	5	649,174,108,90,443,	0,728,1141,2268,2441,	chr16	1983703	1984054	retro_human_238|AC005363.1-201|transcribed_processed_pseudogene	0	-	RPS2	351
chr16	1981966	1984640	ENSG00000140988[2,31,1]	0	-	1982432	1984584	255	5	649,174,108,90,233,	0,728,1141,2268,2441,	chr16	1983703	1984054	retro_human_238|AC005363.1-201|transcribed_processed_pseudogene	0	-	RPS2	351
chr16	1981966	1984640	ENSG00000140988[2,24,1]	0	-	1982059	1984321	255	6	263,160,174,108,90,237,	0,489,728,1141,2268,2437,	chr16	1983703	1984054	retro_human_238|AC005363.1-201|transcribed_processed_pseudogene	0	-	RPS2	351
chr16	1981966	1984850	ENSG00000140988[1,24,1]	0	-	1982059	1984321	255	6	263,160,174,108,90,447,	0,489,728,1141,2268,2437,	chr16	1983703	1984054	retro_human_238|AC005363.1-201|transcribed_processed_pseudogene	0	-	RPS2	351
chr16	1981966	1984850	ENSG00000140988[1,25,1]	0	-	1982059	1984584	255	5	263,160,174,108,443,	0,489,728,1141,2441,	chr16	1983703	1984054	retro_human_238|AC005363.1-201|transcribed_processed_pseudogene	0	-	RPS2	351
chr16	1981966	1984640	ENSG00000140988[2,25,1]	0	-	1982059	1984584	255	5	263,160,174,108,233,	0,489,728,1141,2441,	chr16	1983703	1984054	retro_human_238|AC005363.1-201|transcribed_processed_pseudogene	0	-	RPS2	351
chr16	1981966	1984850	ENSG00000140988[1,23,1]	0	-	1982059	1984321	255	5	263,160,174,108,616,	0,489,728,1141,2268,	chr16	1983703	1984054	retro_human_238|AC005363.1-201|transcribed_processed_pseudogene	0	-	RPS2	351
chr16	1981966	1984640	ENSG00000140988[2,23,1]	0	-	1982059	1984321	255	5	263,160,174,108,406,	0,489,728,1141,2268,	chr16	1983703	1984054	retro_human_238|AC005363.1-201|transcribed_processed_pseudogene	0	-	RPS2	351
chr16	1981966	1984850	ENSG00000140988[1,33,1]	0	-	1982216	1984584	255	6	258,160,174,108,90,443,	0,489,728,1141,2268,2441,	chr16	1983703	1984054	retro_human_238|AC005363.1-201|transcribed_processed_pseudogene	0	-	RPS2	351
chr16	1981966	1984640	ENSG00000140988[2,33,1]	0	-	1982216	1984584	255	6	258,160,174,108,90,233,	0,489,728,1141,2268,2441,	chr16	1983703	1984054	retro_human_238|AC005363.1-201|transcribed_processed_pseudogene	0	-	RPS2	351
chr16	1981966	1984850	ENSG00000140988[1,18,1]	0	-	1982059	1982522	255	2	263,2395,	0,489,	chr16	1983703	1984054	retro_human_238|AC005363.1-201|transcribed_processed_pseudogene	0	-	RPS2	351
chr16	1981966	1984850	ENSG00000140988[1,20,1]	0	-	1982059	1983269	255	4	263,160,174,1743,	0,489,728,1141,	chr16	1983703	1984054	retro_human_238|AC005363.1-201|transcribed_processed_pseudogene	0	-	RPS2	351
chr16	1981966	1984850	ENSG00000140988[1,45,1]	0	-	1982634	1984584	255	6	263,413,108,90,180,85,	0,489,1141,2268,2441,2799,	chr16	1983703	1984054	retro_human_238|AC005363.1-201|transcribed_processed_pseudogene	0	-	RPS2	351
chr16	1981966	1984850	ENSG00000140988[1,35,1]	0	-	1982059	1984321	255	6	263,160,174,108,90,85,	0,489,728,1141,2268,2799,	chr16	1983703	1984054	retro_human_238|AC005363.1-201|transcribed_processed_pseudogene	0	-	RPS2	351
chr16	1981966	1984850	ENSG00000140988[1,19,1]	0	-	1982059	1982976	255	3	263,160,2156,	0,489,728,	chr16	1983703	1984054	retro_human_238|AC005363.1-201|transcribed_processed_pseudogene	0	-	RPS2	351
chr16	1981966	1984850	ENSG00000140988[1,34,1]	0	-	1982059	1984584	255	6	263,160,174,108,90,443,	0,489,728,1141,2268,2441,	chr16	1983703	1984054	retro_human_238|AC005363.1-201|transcribed_processed_pseudogene	0	-	RPS2	351
chr16	1981966	1984640	ENSG00000140988[2,34,1]	0	-	1982059	1984584	255	6	263,160,174,108,90,233,	0,489,728,1141,2268,2441,	chr16	1983703	1984054	retro_human_238|AC005363.1-201|transcribed_processed_pseudogene	0	-	RPS2	351
chr16	1981966	1984850	ENSG00000140988[1,8,1]	0	-	1982634	1984321	0	3	902,108,616,	0,1141,2268,	chr16	1983703	1984054	retro_human_238|AC005363.1-201|transcribed_processed_pseudogene	0	-	RPS2	351
chr16	1981966	1984850	ENSG00000140988[1,12,1]	0	-	1982059	1982976	0	5	263,160,521,90,443,	0,489,728,2268,2441,	chr16	1983703	1984054	retro_human_238|AC005363.1-201|transcribed_processed_pseudogene	0	-	RPS2	351
chr16	1981966	1984640	ENSG00000140988[2,12,1]	0	-	1982059	1982976	0	5	263,160,521,90,233,	0,489,728,2268,2441,	chr16	1983703	1984054	retro_human_238|AC005363.1-201|transcribed_processed_pseudogene	0	-	RPS2	351
chr16	1981966	1984376	ENSG00000140988[4,6,1]	0	-	1982059	1984321	0	4	263,160,174,142,	0,489,728,2268,	chr16	1983703	1984054	retro_human_238|AC005363.1-201|transcribed_processed_pseudogene	0	-	RPS2	351
chr16	1981966	1984640	ENSG00000140988[2,14,1]	0	-	1982634	1984584	0	5	263,413,108,90,233,	0,489,1141,2268,2441,	chr16	1983703	1984054	retro_human_238|AC005363.1-201|transcribed_processed_pseudogene	0	-	RPS2	351
chr16	1981966	1984850	ENSG00000140988[1,14,1]	0	-	1982634	1984584	0	5	263,413,108,90,443,	0,489,1141,2268,2441,	chr16	1983703	1984054	retro_human_238|AC005363.1-201|transcribed_processed_pseudogene	0	-	RPS2	351
chr16	1981966	1984850	ENSG00000140988[1,4,1]	0	-	1982187	1984584	0	5	263,174,108,90,443,	0,728,1141,2268,2441,	chr16	1983703	1984054	retro_human_238|AC005363.1-201|transcribed_processed_pseudogene	0	-	RPS2	351
chr16	1981966	1984640	ENSG00000140988[2,4,1]	0	-	1982187	1984584	0	5	263,174,108,90,233,	0,728,1141,2268,2441,	chr16	1983703	1984054	retro_human_238|AC005363.1-201|transcribed_processed_pseudogene	0	-	RPS2	351
chr16	1981966	1984850	ENSG00000140988[1,11,1]	0	-	1982948	1984584	0	4	263,760,90,443,	0,489,2268,2441,	chr16	1983703	1984054	retro_human_238|AC005363.1-201|transcribed_processed_pseudogene	0	-	RPS2	351
chr16	1981966	1984640	ENSG00000140988[2,11,1]	0	-	1982948	1984584	0	4	263,760,90,233,	0,489,2268,2441,	chr16	1983703	1984054	retro_human_238|AC005363.1-201|transcribed_processed_pseudogene	0	-	RPS2	351
chr16	1981966	1984850	ENSG00000140988[1,7,1]	0	-	1982948	1984321	0	2	1249,616,	0,2268,	chr16	1983703	1984054	retro_human_238|AC005363.1-201|transcribed_processed_pseudogene	0	-	RPS2	351
chr16	1981966	1984640	ENSG00000140988[2,7,1]	0	-	1982948	1984321	0	2	1249,406,	0,2268,	chr16	1983703	1984054	retro_human_238|AC005363.1-201|transcribed_processed_pseudogene	0	-	RPS2	351
chr16	1981966	1984850	ENSG00000140988[1,5,1]	0	-	1982432	1983269	0	3	649,174,1743,	0,728,1141,	chr16	1983703	1984054	retro_human_238|AC005363.1-201|transcribed_processed_pseudogene	0	-	RPS2	351
chr16	1981966	1984640	ENSG00000140988[2,3,1]	0	-	1982059	1984584	0	5	263,160,108,90,233,	0,489,1141,2268,2441,	chr16	1983703	1984054	retro_human_238|AC005363.1-201|transcribed_processed_pseudogene	0	-	RPS2	351
chr16	1981966	1984850	ENSG00000140988[1,3,1]	0	-	1982059	1984584	0	5	263,160,108,90,443,	0,489,1141,2268,2441,	chr16	1983703	1984054	retro_human_238|AC005363.1-201|transcribed_processed_pseudogene	0	-	RPS2	351
chr16	1981966	1984850	ENSG00000140988[1,1,1]	0	-	1982059	1984584	0	7	263,160,174,108,90,180,85,	0,489,728,1141,2268,2441,2799,	chr16	1983703	1984054	retro_human_238|AC005363.1-201|transcribed_processed_pseudogene	0	-	RPS2	351
chr16	1982858	1984850	ENSG00000140988[1,7,4]	0	-	1982948	1984321	0	2	357,616,	0,1376,	chr16	1983703	1984054	retro_human_238|AC005363.1-201|transcribed_processed_pseudogene	0	-	RPS2	351
chr16	1983653	1984104	ENSG00000255513[1,1,1]	0	-	1983653	1983653	0	1	451,	0,	chr16	1983703	1984054	retro_human_238|AC005363.1-201|transcribed_processed_pseudogene	0	-	RPS2	351
chr16	2354646	2355166	ENSG00000243445[1,1,1]	0	-	2354776	2354908	0	1	520,	0,	chr16	2354696	2355116	retro_human_234|AC106820.1-201|processed_pseudogene	0	-	RPS16P7	420
chr16	2680503	2685605	ENSG00000260565[3,5,1]	0	-	2680503	2680503	0	1	5102,	0,	chr16	2683084	2683704	retro_human_7494	0	-	ERVK13-1	620
chr16	2860056	2862437	ENSG00000172460[5,3,1]	0	-	2860056	2860056	0	3	414,166,219,	0,1645,2162,	chr16	2860285	2861811	retro_human_1647	0	-	PRSS30P	1526
chr16	2860056	2863065	ENSG00000172460[3,5,1]	0	-	2860056	2860056	0	4	414,166,92,78,	0,1645,2162,2931,	chr16	2860285	2861811	retro_human_1647	0	-	PRSS30P	1526
chr16	2860056	2863333	ENSG00000172460[4,1,1]	0	-	2860056	2860056	0	2	414,2647,	0,630,	chr16	2860285	2861811	retro_human_1647	0	-	PRSS30P	1526
chr16	2949216	2949857	ENSG00000262959[1,1,1]	0	-	2949216	2949216	0	1	641,	0,	chr16	2949266	2949807	retro_human_1643|RPL23AP86-201|processed_pseudogene	0	-	RPL23AP86	541
chr16	3038977	3041127	ENSG00000213937[2,1,1]	0	+	3039934	3040585	0	1	2150,	0,	chr16	3039935	3040585	retro_human_10520	0	+	CLDN9	650
chr16	3039444	3041127	ENSG00000213937[1,1,1]	0	+	3039934	3040585	0	1	1683,	0,	chr16	3039935	3040585	retro_human_10520	0	+	CLDN9	650
chr16	3039688	3041127	ENSG00000213937[3,1,1]	0	+	3039934	3040585	0	1	1439,	0,	chr16	3039935	3040585	retro_human_10520	0	+	CLDN9	650
chr16	3350195	3351029	ENSG00000262316[1,1,1]	0	-	3350195	3350195	0	1	834,	0,	chr16	3350245	3350979	retro_human_10314|AC025283.1-201|processed_pseudogene	0	-	ZNF75A,LOC646140	734
chr16	4216659	4249332	ENSG00000185739[4,5,1]	0	-	4219491	4231906	255	6	3641,234,117,96,102,279,	0,6229,8482,13843,15210,32394,	chr16	4219663	4223123	retro_human_10316	0	-	SRL	3460
chr16	4216659	4245411	ENSG00000185739[3,4,1]	0	-	4219491	4231906	255	6	3641,234,117,96,102,411,	0,6229,8482,13843,15210,28341,	chr16	4219663	4223123	retro_human_10316	0	-	SRL	3460
chr16	4592238	4592653	ENSG00000261612[1,1,1]	0	-	4592238	4592238	0	1	415,	0,	chr16	4592288	4592603	retro_human_10317|SUB1P3-201|processed_pseudogene	0	-	SUB1P3	315
chr16	9189691	9190272	ENSG00000220793[1,1,1]	0	-	9189691	9189691	0	1	581,	0,	chr16	9189742	9190222	RPL21P119-201|processed_pseudogene	0	-	RPL21P119	480
chr16	10876248	10877509	ENSG00000262488[1,1,1]	0	-	10876248	10876248	0	1	1261,	0,	chr16	10876298	10877459	AC133065.2-201|processed_pseudogene	0	-	LOC729945	1161
chr16	11063253	11064093	ENSG00000229917[1,1,1]	0	+	11063276	11064041	0	1	840,	0,	chr16	11063303	11064043	retro_human_6185|RPL7P46-201|processed_pseudogene	0	+	RPL7P46	740
chr16	11278836	11279836	ENSG00000263179[1,1,1]	0	+	11278836	11278836	0	1	1000,	0,	chr16	11278886	11279786	retro_human_11205|HNRNPCP4-201|processed_pseudogene	0	+	HNRNPCP4	900
chr16	11939933	11940248	ENSG00000260318[1,1,1]	0	-	11940024	11940246	0	1	315,	0,	chr16	11939983	11940198	retro_human_4404|COX6CP1-201|processed_pseudogene	0	-	COX6CP1	215
chr16	12918264	12918687	ENSG00000241932[1,1,1]	0	+	12918264	12918264	0	1	423,	0,	chr16	12918314	12918638	retro_human_379|AC092324.2-201|processed_pseudogene	0	+	RPL35AP34	324
chr16	14237574	14238297	ENSG00000262470[1,1,1]	0	+	14237624	14238167	0	1	723,	0,	chr16	14237624	14238247	retro_human_11213|TVP23CP2-201|processed_pseudogene	0	+	MRTFB,TVP23CP2	623
chr16	14989251	14991253	ENSG00000261819[1,1,1]	0	-	14989251	14989251	0	1	2002,	0,	chr16	14989301	14991203	retro_human_6066|AC138932.3-201|processed_pseudogene	0	-	LOC728138	1902
chr16	20789860	20799945	ENSG00000188215[2,2,2]	0	-	20790803	20793453	0	3	1424,536,136,	0,3162,9949,	chr16	20790888	20793294	retro_human_4152	0	-	DCUN1D3	2406
chr16	21454537	21455173	ENSG00000258186[1,1,1]	0	-	21454537	21454537	0	1	636,	0,	chr16	21454599	21455024	retro_human_4141	0	-	MSTRG.2119,SLC7A5P2	425
chr16	23776959	23777785	ENSG00000261528[1,1,1]	0	+	23776959	23776959	0	1	826,	0,	chr16	23777009	23777735	retro_human_7586|CCNYL7-201|processed_pseudogene	0	+	CCNYL7	726
chr16	25730786	25731195	ENSG00000260690[1,1,1]	0	-	25730786	25730786	0	1	409,	0,	chr16	25730836	25731145	retro_human_4131|CYCSP39-201|processed_pseudogene	0	-	CYCSP39	309
chr16	26308882	26309255	ENSG00000230330[1,1,1]	0	-	26308882	26308882	0	1	373,	0,	chr16	26308932	26309205	retro_human_6440|HMGN2P3-201|processed_pseudogene	0	-	HMGN2P3	273
chr16	26339082	26339530	ENSG00000237140[1,1,1]	0	-	26339082	26339082	0	1	448,	0,	chr16	26339132	26339480	HSPE1P16-201|processed_pseudogene	0	-	HSPE1P16	348
chr16	28645020	28645754	ENSG00000271623[1,1,1]	0	+	28645020	28645020	0	1	734,	0,	chr16	28645070	28645704	AC138894.3-201|processed_pseudogene	0	+	NPIPB6	634
chr16	29030487	29031224	ENSG00000270424[1,1,1]	0	-	29030487	29030487	0	1	737,	0,	chr16	29030537	29031174	AC145285.5-1|processed_pseudogene	0	-	NPIPB9	637
chr16	29895096	29895734	ENSG00000260727[1,1,1]	0	-	29895096	29895096	0	1	638,	0,	chr16	29895160	29895585	retro_human_6434	0	-	SLC7A5P1,AC133555.6,SMG1P2	425
chr16	30368385	30374614	ENSG00000149922[1,1,1]	0	-	30368870	30373833	0	9	696,184,74,71,147,268,235,166,102,	0,769,1035,2800,2948,3198,5012,5330,6127,	chr16	30371197	30371853	retro_human_6444	0	-	TBX6	656
chr16	30368385	30374225	ENSG00000149922[3,2,1]	0	-	30368870	30373833	0	8	696,184,74,71,147,268,235,510,	0,769,1035,2800,2948,3198,5012,5330,	chr16	30371197	30371853	retro_human_6444	0	-	TBX6	656
chr16	30368385	30373939	ENSG00000149922[2,2,1]	0	-	30368870	30373833	0	8	696,184,74,71,147,268,235,224,	0,769,1035,2800,2948,3198,5012,5330,	chr16	30371197	30371853	retro_human_6444	0	-	TBX6	656
chr16	30370505	30374614	ENSG00000149922[1,3,2]	0	-	30371139	30373833	0	5	751,147,268,235,899,	0,828,1078,2892,3210,	chr16	30371197	30371853	retro_human_6444	0	-	TBX6	656
chr16	30741592	30743368	ENSG00000260219[2,2,1]	0	+	30741592	30741592	0	2	230,874,	0,902,	chr16	30742578	30742808	retro_human_6652	0	+	CD2BP2-DT	230
chr16	30912841	30921870	ENSG00000261459[1,1,1]	0	-	30919470	30921647	0	4	179,870,114,452,	0,6406,8323,8577,	chr16	30919600	30921539	retro_human_1037	0	-	ZNF747,AC002310.4	1939
chr16	30917285	30921683	ENSG00000169955[3,1,1]	0	-	30919470	30921647	255	3	2835,114,265,	0,3879,4133,	chr16	30919600	30921539	retro_human_1037	0	-	ZNF747,AC002310.4	1939
chr16	30917285	30922022	ENSG00000169955[1,1,1]	0	-	30919470	30921647	255	3	2835,114,604,	0,3879,4133,	chr16	30919600	30921539	retro_human_1037	0	-	ZNF747,AC002310.4	1939
chr16	30917285	30922022	ENSG00000169955[1,2,1]	0	-	30919470	30921647	0	3	2832,114,604,	0,3879,4133,	chr16	30919600	30921539	retro_human_1037	0	-	ZNF747,AC002310.4	1939
chr16	30917285	30921683	ENSG00000169955[3,2,1]	0	-	30919470	30921647	0	3	2832,114,265,	0,3879,4133,	chr16	30919600	30921539	retro_human_1037	0	-	ZNF747,AC002310.4	1939
chr16	30917285	30921683	ENSG00000169955[3,3,1]	0	-	30920030	30921647	0	2	2832,519,	0,3879,	chr16	30919600	30921539	retro_human_1037	0	-	ZNF747,AC002310.4	1939
chr16	30917285	30922022	ENSG00000169955[1,3,1]	0	-	30920030	30921647	0	2	2832,858,	0,3879,	chr16	30919600	30921539	retro_human_1037	0	-	ZNF747,AC002310.4	1939
chr16	30917285	30922022	ENSG00000169955[1,4,1]	0	-	30920030	30921647	0	2	2835,858,	0,3879,	chr16	30919600	30921539	retro_human_1037	0	-	ZNF747,AC002310.4	1939
chr16	30917285	30921683	ENSG00000169955[3,4,1]	0	-	30920030	30921647	0	2	2835,519,	0,3879,	chr16	30919600	30921539	retro_human_1037	0	-	ZNF747,AC002310.4	1939
chr16	30917285	30922365	ENSG00000169955[2,4,1]	0	-	30920030	30921647	0	2	2835,1201,	0,3879,	chr16	30919600	30921539	retro_human_1037	0	-	ZNF747,AC002310.4	1939
chr16	30918040	30922022	ENSG00000169955[1,1,3]	0	-	30919470	30921647	255	3	2080,114,604,	0,3124,3378,	chr16	30919600	30921539	retro_human_1037	0	-	ZNF747,AC002310.4	1939
chr16	30918040	30921683	ENSG00000169955[3,1,3]	0	-	30919470	30921647	255	3	2080,114,265,	0,3124,3378,	chr16	30919600	30921539	retro_human_1037	0	-	ZNF747,AC002310.4	1939
chr16	30918040	30922022	ENSG00000169955[1,2,3]	0	-	30919470	30921647	0	3	2077,114,604,	0,3124,3378,	chr16	30919600	30921539	retro_human_1037	0	-	ZNF747,AC002310.4	1939
chr16	30918040	30921683	ENSG00000169955[3,2,3]	0	-	30919470	30921647	0	3	2077,114,265,	0,3124,3378,	chr16	30919600	30921539	retro_human_1037	0	-	ZNF747,AC002310.4	1939
chr16	30918040	30922022	ENSG00000169955[1,3,3]	0	-	30920030	30921647	0	2	2077,858,	0,3124,	chr16	30919600	30921539	retro_human_1037	0	-	ZNF747,AC002310.4	1939
chr16	30918040	30921683	ENSG00000169955[3,3,3]	0	-	30920030	30921647	0	2	2077,519,	0,3124,	chr16	30919600	30921539	retro_human_1037	0	-	ZNF747,AC002310.4	1939
chr16	30918040	30922022	ENSG00000169955[1,4,3]	0	-	30920030	30921647	0	2	2080,858,	0,3124,	chr16	30919600	30921539	retro_human_1037	0	-	ZNF747,AC002310.4	1939
chr16	30918040	30921683	ENSG00000169955[3,4,3]	0	-	30920030	30921647	0	2	2080,519,	0,3124,	chr16	30919600	30921539	retro_human_1037	0	-	ZNF747,AC002310.4	1939
chr16	30918284	30921683	ENSG00000169955[3,1,4]	0	-	30919470	30921647	255	3	1836,114,265,	0,2880,3134,	chr16	30919600	30921539	retro_human_1037	0	-	ZNF747,AC002310.4	1939
chr16	30918284	30922022	ENSG00000169955[1,1,4]	0	-	30919470	30921647	255	3	1836,114,604,	0,2880,3134,	chr16	30919600	30921539	retro_human_1037	0	-	ZNF747,AC002310.4	1939
chr16	30918284	30921683	ENSG00000169955[3,2,4]	0	-	30919470	30921647	0	3	1833,114,265,	0,2880,3134,	chr16	30919600	30921539	retro_human_1037	0	-	ZNF747,AC002310.4	1939
chr16	30918284	30922022	ENSG00000169955[1,2,4]	0	-	30919470	30921647	0	3	1833,114,604,	0,2880,3134,	chr16	30919600	30921539	retro_human_1037	0	-	ZNF747,AC002310.4	1939
chr16	30918284	30921683	ENSG00000169955[3,3,4]	0	-	30920030	30921647	0	2	1833,519,	0,2880,	chr16	30919600	30921539	retro_human_1037	0	-	ZNF747,AC002310.4	1939
chr16	30918284	30922022	ENSG00000169955[1,3,4]	0	-	30920030	30921647	0	2	1833,858,	0,2880,	chr16	30919600	30921539	retro_human_1037	0	-	ZNF747,AC002310.4	1939
chr16	30918284	30921683	ENSG00000169955[3,4,4]	0	-	30920030	30921647	0	2	1836,519,	0,2880,	chr16	30919600	30921539	retro_human_1037	0	-	ZNF747,AC002310.4	1939
chr16	30918284	30922022	ENSG00000169955[1,4,4]	0	-	30920030	30921647	0	2	1836,858,	0,2880,	chr16	30919600	30921539	retro_human_1037	0	-	ZNF747,AC002310.4	1939
chr16	30919224	30922022	ENSG00000169955[1,2,2]	0	-	30919470	30921647	0	3	893,114,604,	0,1940,2194,	chr16	30919600	30921539	retro_human_1037	0	-	ZNF747,AC002310.4	1939
chr16	30940680	30945391	ENSG00000169951[1,3,1]	0	-	30942163	30942400	0	2	2394,692,	0,4019,	chr16	30942293	30945080	retro_human_1039	0	-	ZNF764	2787
chr16	30940680	30945515	ENSG00000169951[2,3,1]	0	-	30942163	30942400	0	2	2394,816,	0,4019,	chr16	30942293	30945080	retro_human_1039	0	-	ZNF764	2787
chr16	30940680	30944883	ENSG00000169951[3,3,1]	0	-	30942163	30942400	0	2	2394,184,	0,4019,	chr16	30942293	30945080	retro_human_1039	0	-	ZNF764	2590
chr16	30940680	30945391	ENSG00000169951[1,1,1]	0	-	30942163	30945149	0	3	2394,114,438,	0,4019,4273,	chr16	30942293	30945080	retro_human_1039	0	-	ZNF764	2787
chr16	30940680	30945515	ENSG00000169951[2,1,1]	0	-	30942163	30945149	0	3	2394,114,562,	0,4019,4273,	chr16	30942293	30945080	retro_human_1039	0	-	ZNF764	2787
chr16	30940680	30945515	ENSG00000169951[2,2,1]	0	-	30942163	30945149	0	3	2397,114,562,	0,4019,4273,	chr16	30942293	30945080	retro_human_1039	0	-	ZNF764	2787
chr16	30940680	30945391	ENSG00000169951[1,2,1]	0	-	30942163	30945149	0	3	2397,114,438,	0,4019,4273,	chr16	30942293	30945080	retro_human_1039	0	-	ZNF764	2787
chr16	30941102	30945391	ENSG00000169951[1,3,3]	0	-	30942163	30942400	0	2	1972,692,	0,3597,	chr16	30942293	30945080	retro_human_1039	0	-	ZNF764	2787
chr16	30941102	30945515	ENSG00000169951[2,3,3]	0	-	30942163	30942400	0	2	1972,816,	0,3597,	chr16	30942293	30945080	retro_human_1039	0	-	ZNF764	2787
chr16	30941102	30944883	ENSG00000169951[3,3,3]	0	-	30942163	30942400	0	2	1972,184,	0,3597,	chr16	30942293	30945080	retro_human_1039	0	-	ZNF764	2590
chr16	30941102	30945515	ENSG00000169951[2,1,3]	0	-	30942163	30945149	0	3	1972,114,562,	0,3597,3851,	chr16	30942293	30945080	retro_human_1039	0	-	ZNF764	2787
chr16	30941102	30945391	ENSG00000169951[1,1,3]	0	-	30942163	30945149	0	3	1972,114,438,	0,3597,3851,	chr16	30942293	30945080	retro_human_1039	0	-	ZNF764	2787
chr16	30941102	30945515	ENSG00000169951[2,2,3]	0	-	30942163	30945149	0	3	1975,114,562,	0,3597,3851,	chr16	30942293	30945080	retro_human_1039	0	-	ZNF764	2787
chr16	30941102	30945391	ENSG00000169951[1,2,3]	0	-	30942163	30945149	0	3	1975,114,438,	0,3597,3851,	chr16	30942293	30945080	retro_human_1039	0	-	ZNF764	2787
chr16	30941744	30945515	ENSG00000169951[2,3,4]	0	-	30942163	30942400	0	2	1330,816,	0,2955,	chr16	30942293	30945080	retro_human_1039	0	-	ZNF764	2787
chr16	30941744	30945391	ENSG00000169951[1,3,4]	0	-	30942163	30942400	0	2	1330,692,	0,2955,	chr16	30942293	30945080	retro_human_1039	0	-	ZNF764	2787
chr16	30941744	30945391	ENSG00000169951[1,1,4]	0	-	30942163	30945149	0	3	1330,114,438,	0,2955,3209,	chr16	30942293	30945080	retro_human_1039	0	-	ZNF764	2787
chr16	30941744	30945515	ENSG00000169951[2,1,4]	0	-	30942163	30945149	0	3	1330,114,562,	0,2955,3209,	chr16	30942293	30945080	retro_human_1039	0	-	ZNF764	2787
chr16	30941744	30945391	ENSG00000169951[1,2,4]	0	-	30942163	30945149	0	3	1333,114,438,	0,2955,3209,	chr16	30942293	30945080	retro_human_1039	0	-	ZNF764	2787
chr16	30942554	30945391	ENSG00000169951[1,3,2]	0	-	30944816	30945149	0	2	520,692,	0,2145,	chr16	30942293	30945080	retro_human_1039	0	-	ZNF764	2526
chr16	30959178	30970890	ENSG00000239791[1,2,2]	0	+	30959178	30959178	0	2	212,1381,	0,10331,	chr16	30969672	30972555	retro_human_1040	0	-	ZNF785,AC002310.2	1218
chr16	30967585	30972799	ENSG00000197162[1,1,1]	0	-	30969542	30972591	0	3	2838,129,413,	0,4516,4801,	chr16	30969672	30972555	retro_human_1040	0	-	ZNF785,AC002310.2	2883
chr16	30967790	30972799	ENSG00000197162[1,1,5]	0	-	30969542	30972591	0	3	2633,129,413,	0,4311,4596,	chr16	30969672	30972555	retro_human_1040	0	-	ZNF785,AC002310.2	2883
chr16	30968436	30972799	ENSG00000197162[1,1,6]	0	-	30969542	30972591	0	3	1987,129,413,	0,3665,3950,	chr16	30969672	30972555	retro_human_1040	0	-	ZNF785,AC002310.2	2883
chr16	30970058	30972527	ENSG00000197162[3,4,4]	0	-	30972145	30972420	0	3	365,129,172,	0,2043,2297,	chr16	30969672	30972555	retro_human_1040	0	-	ZNF785,AC002310.2	2469
chr16	31208779	31209426	ENSG00000274678[1,1,1]	0	+	31208817	31209069	0	1	647,	0,	chr16	31208559	31209602	retro_human_5256|AC106886.1-201|processed_pseudogene	0	-	AC106886.1,AC106886.3,LOC124903679,LOC647086	647
chr16	31955729	31956919	ENSG00000261614[1,1,1]	0	-	31955729	31955729	0	1	1190,	0,	chr16	31955779	31956869	retro_human_5254|YBX3P1-201|processed_pseudogene	0	-	YBX3P1	1090
chr16	32281960	32282502	ENSG00000259950[1,1,1]	0	-	32281960	32281960	0	1	542,	0,	chr16	32282010	32282452	AC034105.3-201|processed_pseudogene	0	-	LOC100422713	442
chr16	35842049	35844758	ENSG00000279800[1,1,1]	0	-	35842049	35842049	0	1	2709,	0,	chr16	35842098	35844708	retro_human_11139|BCLAF1P2-201|processed_pseudogene	0	-	BCLAF1P2	2610
chr16	38958665	38959315	ENSG00000261461[1,1,1]	0	+	38959315	38959315	0	1	650,	0,	chr16	38958715	38959265	retro_human_4013|UBE2MP1-201|processed_pseudogene	0	+	UBE2MP1	550
chr16	38933248	38936323	ENSG00000260073[1,1,1]	0	+	38936323	38936323	0	1	3075,	0,	chr16	38935225	38935625	retro_human_654|AC023824.2-201|processed_pseudogene	0	-	AC023824.1	400
chr16	38325224	38325736	ENSG00000261620[1,1,1]	0	+	38325736	38325736	0	1	512,	0,	chr16	38325274	38325686	retro_human_6031|HMGN2P41-201|processed_pseudogene	0	+	HMGN2P41	412
chr16	52423207	52423896	ENSG00000259856[1,1,1]	0	-	52423207	52423207	0	1	689,	0,	chr16	52423257	52423846	retro_human_666|RAB43P1-201|processed_pseudogene	0	-	RAB43P1	589
chr16	53395407	53395850	ENSG00000259918[1,1,1]	0	-	53395407	53395407	0	1	443,	0,	chr16	53395457	53395800	retro_human_5655|NDUFA5P11-201|processed_pseudogene	0	-	NDUFA5P11	343
chr16	54131679	54132163	ENSG00000240793[1,1,1]	0	-	54131679	54131679	0	1	484,	0,	chr16	54131729	54132113	retro_human_298|UBA52P8-201|processed_pseudogene	0	-	UBA52P8	384
chr16	54268152	54268433	ENSG00000260688[1,1,1]	0	-	54268152	54268152	0	1	281,	0,	chr16	54268202	54268383	retro_human_299|AC026470.1-201|processed_pseudogene	0	-	LOC100526838	181
chr16	54375146	54376092	ENSG00000243609[1,1,1]	0	-	54375783	54375891	0	1	946,	0,	chr16	54375196	54376042	retro_human_7520|RPS2P44-201|processed_pseudogene	0	-	RPS2P44	846
chr16	54397798	54398367	ENSG00000260033[1,1,1]	0	+	54397798	54397798	0	1	569,	0,	chr16	54397848	54398317	retro_human_5617|AC023813.2-201|processed_pseudogene	0	+	LOC105371239	469
chr16	54515714	54516875	ENSG00000260726[1,1,1]	0	+	54515714	54515714	0	1	1161,	0,	chr16	54515764	54516825	retro_human_5616|KLF8P1-201|processed_pseudogene	0	+	KLF8P1	1061
chr16	58453157	58453996	ENSG00000234337[1,1,1]	0	+	58453157	58453157	0	1	839,	0,	chr16	58453207	58453946	retro_human_256|AC026462.1-201|processed_pseudogene	0	+	LOC146253	739
chr16	58732516	58733439	ENSG00000260326[1,1,1]	0	+	58732516	58732516	0	1	923,	0,	chr16	58732566	58733389	retro_human_257|PHBP21-201|processed_pseudogene	0	+	PHB1P21	823
chr16	59095969	59097638	ENSG00000261056[1,1,1]	0	+	59096602	59097157	0	1	1669,	0,	chr16	59096019	59097588	retro_human_259|AC079416.2-201|transcribed_processed_pseudogene	0	+	LOC100310835,LOC100421174	1569
chr16	63398289	63398950	ENSG00000260828[1,1,1]	0	+	63398289	63398289	0	1	661,	0,	chr16	63398339	63398900	retro_human_5245|HMGB3P32-201|processed_pseudogene	0	+	HMGB3P32	561
chr16	63789910	63795197	ENSG00000166188[3,1,1]	0	-	63791804	63793550	0	2	3897,416,	0,4871,	chr16	63791856	63793475	retro_human_107	0	-	MSTRG.2187,ZNF319	1619
chr16	63887306	63888311	ENSG00000261151[1,1,1]	0	-	63887306	63887306	0	1	1005,	0,	chr16	63887356	63888261	retro_human_7687|AC012182.1-201|processed_pseudogene	0	-	LOC100125393	905
chr16	65546635	65547301	ENSG00000260240[2,1,2]	0	-	65546635	65546635	0	1	666,	0,	chr16	65546685	65547251	retro_human_7688|APOOP5-202|transcribed_processed_pseudogene	0	-	APOOP5	566
chr16	74005139	74005576	ENSG00000240435[1,1,1]	0	+	74005209	74005404	0	1	437,	0,	chr16	74005189	74005526	retro_human_6098|RPS12P27-201|processed_pseudogene	0	+	RPS12P27	337
chr16	74273013	74273447	ENSG00000241334[1,1,1]	0	-	74273013	74273013	0	1	434,	0,	chr16	74273063	74273397	retro_human_2253|RPL35AP33-201|processed_pseudogene	0	-	RPL35AP33	334
chr16	74447300	74448293	ENSG00000260860[1,1,1]	0	-	74447300	74447300	0	1	993,	0,	chr16	74447350	74448243	retro_human_5355|AC126773.5-201|processed_pseudogene	0	-	LOC100418868	893
chr16	74618802	74619386	ENSG00000260459[1,1,1]	0	+	74618802	74618802	0	1	584,	0,	chr16	74618852	74619336	retro_human_6091|FTLP14-201|processed_pseudogene	0	+	FTLP14	484
chr16	75559021	75560523	ENSG00000260290[1,1,1]	0	-	75559021	75559021	0	1	1502,	0,	chr16	75559071	75560473	retro_human_4841|AC092115.1-201|processed_pseudogene	0	-	NONOP1	1402
chr16	80598930	80599526	ENSG00000240861[1,1,1]	0	+	80598930	80598930	0	1	596,	0,	chr16	80598980	80599476	retro_human_8264|AC009153.1-201|processed_pseudogene	0	+	RPS10P23	496
chr16	80714197	80715498	ENSG00000262904[1,1,1]	0	+	80714197	80714197	0	1	1301,	0,	chr16	80714247	80715448	retro_human_535|TMPOP2-201|processed_pseudogene	0	+	TMPOP2	1201
chr16	82291147	82291816	ENSG00000244485[1,1,1]	0	-	82291147	82291147	0	1	669,	0,	chr16	82291197	82291766	retro_human_4972|RPL18P13-201|processed_pseudogene	0	-	RPL18P13	569
chr16	82934391	82935154	ENSG00000260797[1,1,1]	0	-	82934391	82934391	0	1	763,	0,	chr16	82934441	82935104	retro_human_7289|AC106734.1-201|processed_pseudogene	0	-	LOC100128497	663
chr16	84111557	84112762	ENSG00000261776[1,1,1]	0	-	84111557	84111557	0	1	1205,	0,	chr16	84111607	84112712	retro_human_2987|AC079414.2-201|processed_pseudogene	0	-	LOC100131126	1105
chr16	84411680	84412086	ENSG00000260014[1,1,1]	0	+	84411730	84412033	0	1	406,	0,	chr16	84411730	84412036	retro_human_564|LSM3P5-201|processed_pseudogene	0	+	LOC124907795	306
chr16	91344928	91345244	ENSG00000270313[1,1,1]	0	-	91344928	91344928	0	1	316,	0,	chr16	91344978	91345194	retro_human_4905|COX6CP16-201|processed_pseudogene	0	-	COX6CP16	216
chr16	94017611	94017856	ENSG00000260443[1,1,1]	0	-	94017611	94017611	0	1	245,	0,	chr16	94017661	94017806	AC127455.1-201|processed_pseudogene	0	-	LOC107984816	145
chr16	94706400	94708051	ENSG00000124391[1,2,2]	0	+	94706520	94706655	0	2	788,359,	0,1292,	chr16	94707556	94707939	retro_human_2533	0	+	IL17C	383
chr16	94706400	94708397	ENSG00000124391[1,1,1]	0	+	94706520	94707948	0	3	126,329,705,	0,459,1292,	chr16	94707556	94707939	retro_human_2533	0	+	IL17C	383
chr16	95539469	95540137	ENSG00000270832[1,1,1]	0	+	95539469	95539469	0	1	668,	0,	chr16	95539519	95540087	retro_human_4020|AC092120.2-201|processed_pseudogene	0	+	LOC100130664	568
chr16	96179394	96182695	ENSG00000261812[1,1,2]	0	+	96179394	96179394	0	3	750,194,1271,	0,1238,2030,	chr16	96180591	96182408	retro_human_1368	0	+	TUBB8P7	1817
chr16	96262118	96264022	ENSG00000277349[1,1,1]	0	-	96262118	96262118	0	1	1904,	0,	chr16	96260210	96264022	retro_human_10875|CICP27-201|processed_pseudogene	0	-	AC133919.3	1904
chr17	637986	640672	ENSG00000231784[1,1,2]	0	+	637986	637986	0	1	2686,	0,	chr17	638223	638507	retro_human_6056	0	+	DBIL5P	284
chr17	1042104	1042415	ENSG00000275997[1,1,1]	0	+	1042104	1042104	0	1	311,	0,	chr17	1042155	1042365	AC016292.2-201|processed_pseudogene	0	+	MRPL14P1	210
chr17	2194050	2195105	ENSG00000262333[1,1,1]	0	+	2194087	2194921	0	1	1055,	0,	chr17	2194100	2195055	retro_human_11214|HNRNPA1P16-201|processed_pseudogene	0	+	SRR,HNRNPA1P16	955
chr17	2502422	2503183	ENSG00000262480[1,1,1]	0	-	2502422	2502422	0	1	761,	0,	chr17	2502472	2503133	retro_human_5540|SAMD11P1-201|processed_pseudogene	0	-	PAFAH1B1	661
chr17	3554221	3554807	ENSG00000240898[1,1,1]	0	+	3554221	3554221	0	1	586,	0,	chr17	3554271	3554754	retro_human_9985|AC132942.1-201|processed_pseudogene	0	+	RPL21P125	483
chr17	4111293	4113131	ENSG00000263219[1,1,1]	0	+	4111293	4111293	0	1	1838,	0,	chr17	4111343	4113081	retro_human_7835|RYKP1-201|processed_pseudogene	0	+	RYKP1	1738
chr17	4190569	4191996	ENSG00000261868[1,1,1]	0	+	4190569	4190569	0	1	1427,	0,	chr17	4190619	4191946	retro_human_9987|MFSD1P1-201|processed_pseudogene	0	+	MFSD1P1	1327
chr17	4462043	4462456	ENSG00000262519[1,1,1]	0	+	4462043	4462043	0	1	413,	0,	chr17	4462096	4462406	retro_human_11027|TXNP4-201|processed_pseudogene	0	+	TXNP4	310
chr17	4746896	4747614	ENSG00000230201[1,1,1]	0	-	4746896	4746896	0	1	718,	0,	chr17	4746946	4747564	retro_human_1268|ATP6V0CP1-201|processed_pseudogene	0	-	ATP6V0CP1	618
chr17	4998862	5005313	ENSG00000167840[1,21,3]	0	-	4999198	4999666	255	4	1043,475,144,142,	0,3905,5585,6309,	chr17	4999163	5003073	retro_human_7235	0	-	ZNF232	3910
chr17	4998862	5005313	ENSG00000167840[1,22,3]	0	-	4999198	5003184	255	5	1016,127,475,144,142,	0,3437,3905,5585,6309,	chr17	4999163	5003073	retro_human_7235	0	-	ZNF232	3910
chr17	4998862	5005313	ENSG00000167840[1,17,3]	0	-	5002608	5005194	255	3	1043,943,142,	0,3437,6309,	chr17	4999163	5003073	retro_human_7235	0	-	ZNF232	3910
chr17	4998862	5005313	ENSG00000167840[1,18,3]	0	-	4999740	5005194	255	3	1043,475,142,	0,3905,6309,	chr17	4999163	5003073	retro_human_7235	0	-	ZNF232	3910
chr17	4998862	5005313	ENSG00000167840[1,2,3]	0	-	4999198	5003121	255	4	1043,127,375,142,	0,3437,3905,6309,	chr17	4999163	5003073	retro_human_7235	0	-	ZNF232	3910
chr17	4998862	5005313	ENSG00000167840[1,20,3]	0	-	4999198	4999666	255	4	1043,943,144,142,	0,3437,5585,6309,	chr17	4999163	5003073	retro_human_7235	0	-	ZNF232	3910
chr17	4998862	5005313	ENSG00000167840[1,1,3]	0	-	4999198	5005194	255	4	1043,127,475,142,	0,3437,3905,6309,	chr17	4999163	5003073	retro_human_7235	0	-	ZNF232	3910
chr17	4998862	5005313	ENSG00000167840[1,3,3]	0	-	4999198	5005194	0	4	1016,127,475,142,	0,3437,3905,6309,	chr17	4999163	5003073	retro_human_7235	0	-	ZNF232	3910
chr17	4998862	5005313	ENSG00000167840[1,8,3]	0	-	4999198	4999666	0	5	1043,127,158,144,142,	0,3437,4222,5585,6309,	chr17	4999163	5003073	retro_human_7235	0	-	ZNF232	3910
chr17	4998862	5005313	ENSG00000167840[1,6,3]	0	-	4999198	4999666	0	3	1043,843,142,	0,3437,6309,	chr17	4999163	5003073	retro_human_7235	0	-	ZNF232	3910
chr17	4998862	5005313	ENSG00000167840[1,14,3]	0	-	4999198	5003184	0	5	1043,127,475,144,142,	0,3437,3905,5585,6309,	chr17	4999163	5003073	retro_human_7235	0	-	ZNF232	3910
chr17	4999056	5005313	ENSG00000167840[1,16,1]	0	-	5002608	5005194	255	3	822,943,142,	0,3243,6115,	chr17	4999163	5003073	retro_human_7235	0	-	ZNF232	3910
chr17	4999056	5005313	ENSG00000167840[1,21,1]	0	-	4999198	4999666	255	4	849,475,144,142,	0,3711,5391,6115,	chr17	4999163	5003073	retro_human_7235	0	-	ZNF232	3910
chr17	4999056	5005313	ENSG00000167840[1,22,1]	0	-	4999198	5003184	255	5	822,127,475,144,142,	0,3243,3711,5391,6115,	chr17	4999163	5003073	retro_human_7235	0	-	ZNF232	3910
chr17	4999056	5005313	ENSG00000167840[1,17,1]	0	-	5002608	5005194	255	3	849,943,142,	0,3243,6115,	chr17	4999163	5003073	retro_human_7235	0	-	ZNF232	3910
chr17	4999056	5005313	ENSG00000167840[1,18,1]	0	-	4999740	5005194	255	3	849,475,142,	0,3711,6115,	chr17	4999163	5003073	retro_human_7235	0	-	ZNF232	3910
chr17	4999056	5005313	ENSG00000167840[1,2,1]	0	-	4999198	5003121	255	4	849,127,375,142,	0,3243,3711,6115,	chr17	4999163	5003073	retro_human_7235	0	-	ZNF232	3910
chr17	4999056	5005313	ENSG00000167840[1,19,1]	0	-	4999198	5003121	255	5	849,127,375,144,142,	0,3243,3711,5391,6115,	chr17	4999163	5003073	retro_human_7235	0	-	ZNF232	3910
chr17	4999056	5005313	ENSG00000167840[1,20,1]	0	-	4999198	4999666	255	4	849,943,144,142,	0,3243,5391,6115,	chr17	4999163	5003073	retro_human_7235	0	-	ZNF232	3910
chr17	4999056	5005313	ENSG00000167840[1,1,1]	0	-	4999198	5005194	255	4	849,127,475,142,	0,3243,3711,6115,	chr17	4999163	5003073	retro_human_7235	0	-	ZNF232	3910
chr17	4999056	5005313	ENSG00000167840[1,3,1]	0	-	4999198	5005194	0	4	822,127,475,142,	0,3243,3711,6115,	chr17	4999163	5003073	retro_human_7235	0	-	ZNF232	3910
chr17	4999056	5005313	ENSG00000167840[1,8,1]	0	-	4999198	4999666	0	5	849,127,158,144,142,	0,3243,4028,5391,6115,	chr17	4999163	5003073	retro_human_7235	0	-	ZNF232	3910
chr17	4999056	5005313	ENSG00000167840[1,6,1]	0	-	4999198	4999666	0	3	849,843,142,	0,3243,6115,	chr17	4999163	5003073	retro_human_7235	0	-	ZNF232	3910
chr17	4999056	5005313	ENSG00000167840[1,14,1]	0	-	4999198	5003184	0	5	849,127,475,144,142,	0,3243,3711,5391,6115,	chr17	4999163	5003073	retro_human_7235	0	-	ZNF232	3910
chr17	4999056	5016592	ENSG00000167840[5,12,1]	0	-	4999198	4999666	0	5	849,943,144,552,236,	0,3243,5391,6115,17300,	chr17	4999163	5003073	retro_human_7235	0	-	ZNF232	3910
chr17	4999056	5016592	ENSG00000167840[5,15,1]	0	-	4999198	5005194	0	5	849,127,475,552,236,	0,3243,3711,6115,17300,	chr17	4999163	5003073	retro_human_7235	0	-	ZNF232	3910
chr17	4999726	5005313	ENSG00000167840[1,8,5]	0	-	5004464	5005194	0	5	179,127,158,144,142,	0,2573,3358,4721,5445,	chr17	4999163	5003073	retro_human_7235	0	-	ZNF232	3347
chr17	5005235	5008426	ENSG00000234327[2,7,2]	0	+	5005235	5005235	255	2	255,1669,	0,1522,	chr17	5007529	5007903	retro_human_9937	0	-	AC012146.1,ZNF232-AS1	374
chr17	5005235	5007815	ENSG00000234327[2,7,1]	0	+	5005235	5005235	255	2	255,1058,	0,1522,	chr17	5007529	5007903	retro_human_9937	0	-	AC012146.1,ZNF232-AS1	286
chr17	5005235	5007815	ENSG00000234327[2,2,1]	0	+	5005235	5005235	255	3	238,67,286,	0,1522,2294,	chr17	5007529	5007903	retro_human_9937	0	-	AC012146.1,ZNF232-AS1	286
chr17	5005235	5008426	ENSG00000234327[2,3,2]	0	+	5005235	5005235	0	3	255,67,897,	0,1522,2294,	chr17	5007529	5007903	retro_human_9937	0	-	AC012146.1,ZNF232-AS1	374
chr17	5005235	5007815	ENSG00000234327[2,3,1]	0	+	5005235	5005235	0	3	255,67,286,	0,1522,2294,	chr17	5007529	5007903	retro_human_9937	0	-	AC012146.1,ZNF232-AS1	286
chr17	5006680	5008426	ENSG00000234327[3,5,2]	0	+	5006680	5006680	0	1	1746,	0,	chr17	5007529	5007903	retro_human_9937	0	-	AC012146.1,ZNF232-AS1	374
chr17	5072831	5077794	ENSG00000180626[2,2,1]	0	-	5075182	5077603	0	1	4963,	0,	chr17	5074255	5075448	retro_human_7237	0	-	ZNF594	1193
chr17	5073374	5085267	ENSG00000180626[1,3,3]	0	-	5075182	5077603	0	2	4249,487,	0,11406,	chr17	5074255	5075448	retro_human_7237	0	-	ZNF594	1193
chr17	5073374	5085267	ENSG00000180626[1,1,3]	0	-	5075182	5077603	0	2	4249,171,	0,11722,	chr17	5074255	5075448	retro_human_7237	0	-	ZNF594	1193
chr17	5073539	5085267	ENSG00000180626[1,3,4]	0	-	5075182	5077603	0	2	4084,487,	0,11241,	chr17	5074255	5075448	retro_human_7237	0	-	ZNF594	1193
chr17	5073539	5085267	ENSG00000180626[1,1,4]	0	-	5075182	5077603	0	2	4084,171,	0,11557,	chr17	5074255	5075448	retro_human_7237	0	-	ZNF594	1193
chr17	5624483	5625380	ENSG00000262961[1,1,1]	0	+	5624483	5624483	0	1	897,	0,	chr17	5624533	5625330	retro_human_11038|AC006236.1-201|processed_pseudogene	0	+	LOC100128284	797
chr17	6942244	6944647	ENSG00000174326[3,1,1]	0	-	6942355	6944187	255	5	338,768,144,208,199,	0,425,1359,1741,2204,	chr17	6942485	6943429	retro_human_1790	0	-	SLC16A11	944
chr17	6942244	6944647	ENSG00000174326[3,7,1]	0	-	6942355	6943697	255	3	338,768,1044,	0,425,1359,	chr17	6942485	6943429	retro_human_1790	0	-	SLC16A11	944
chr17	6942244	6943767	ENSG00000174326[4,7,1]	0	-	6942355	6943697	255	3	338,768,164,	0,425,1359,	chr17	6942485	6943429	retro_human_1790	0	-	SLC16A11	944
chr17	6942244	6943767	ENSG00000174326[4,4,1]	0	-	6942355	6943697	0	2	338,164,	0,1359,	chr17	6942485	6943429	retro_human_1790	0	-	SLC16A11	944
chr17	6942244	6944647	ENSG00000174326[3,2,1]	0	-	6942355	6944259	0	4	338,768,144,662,	0,425,1359,1741,	chr17	6942485	6943429	retro_human_1790	0	-	SLC16A11	944
chr17	8467244	8467691	ENSG00000244604[1,1,1]	0	+	8467244	8467244	0	1	447,	0,	chr17	8467294	8467641	retro_human_10609|AC025518.1-201|processed_pseudogene	0	+	RPS26P53	347
chr17	9497555	9498236	ENSG00000241654[1,1,1]	0	-	9497555	9497555	0	1	681,	0,	chr17	9497605	9498186	retro_human_1068|RPL19P18-201|processed_pseudogene	0	-	RPL19P18	581
chr17	10623502	10624112	ENSG00000264176[1,1,1]	0	-	10623625	10623871	0	1	610,	0,	chr17	10623552	10623981	retro_human_1071|MAGOH2P-202|transcribed_processed_pseudogene	0	-	MAGOH2P,TMEM220	429
chr17	10623502	10624112	ENSG00000264176[1,1,1]	0	-	10623625	10623871	0	1	610,	0,	chr17	10623626	10624062	MAGOH2P-201|transcribed_processed_pseudogene	0	-	MAGOH2P,TMEM220	436
chr17	12023509	12023949	ENSG00000263648[1,1,1]	0	+	12023777	12023933	0	1	440,	0,	chr17	12023560	12023899	retro_human_10647|AC005244.1-201|processed_pseudogene	0	+	LOC103156999	339
chr17	14610997	14611556	ENSG00000230897[1,1,1]	0	-	14610997	14610997	0	1	559,	0,	chr17	14611047	14611506	retro_human_2180|RPS18P12-201|processed_pseudogene	0	-	RPS18P12	459
chr17	15413047	15413636	ENSG00000223878[1,1,1]	0	+	15413047	15413047	0	1	589,	0,	chr17	15413097	15413586	retro_human_10616|PPIAP53-201|processed_pseudogene	0	+	TVP23C,PPIAP53	489
chr17	15610420	15611189	ENSG00000233966[1,1,1]	0	-	15610420	15610420	0	1	769,	0,	chr17	15610470	15611139	retro_human_2182|UBE2SP1-201|processed_pseudogene	0	-	UBE2SP1	669
chr17	15692980	15694037	ENSG00000179277[1,1,1]	0	+	15692980	15692980	0	1	1057,	0,	chr17	15693030	15693987	retro_human_6180|MEIS3P1-201|processed_pseudogene	0	+	MEIS3P1	957
chr17	15693598	15696167	ENSG00000276855[2,1,1]	0	+	15693598	15693598	0	1	2569,	0,	chr17	15693030	15693987	retro_human_6180|MEIS3P1-201|processed_pseudogene	0	+	MEIS3P1	389
chr17	15946783	15947224	ENSG00000243686[1,1,1]	0	+	15946833	15947097	0	1	441,	0,	chr17	15946833	15947174	retro_human_6165|RPLP1P11-201|processed_pseudogene	0	+	TTC19,RPLP1P11	341
chr17	16519041	16520175	ENSG00000235554[1,1,1]	0	-	16519041	16519041	0	1	1134,	0,	chr17	16519091	16520125	retro_human_2178|AC005822.1-201|processed_pseudogene	0	-	SRSF6P2	1034
chr17	16522930	16527077	ENSG00000197566[2,2,1]	0	-	16524530	16526747	0	1	4147,	0,	chr17	16524531	16536991	retro_human_2179	0	-	ZNF624	2546
chr17	16522930	16556122	ENSG00000197566[1,1,1]	0	-	16524530	16551975	0	6	3819,96,127,66,89,143,	0,13166,13934,26629,28958,33049,	chr17	16524531	16536991	retro_human_2179	0	-	ZNF624	12460
chr17	16647958	16649188	ENSG00000226478[1,1,1]	0	-	16647958	16647958	0	1	1230,	0,	chr17	16648008	16649138	retro_human_2174|UPF3AP1-201|processed_pseudogene	0	-	UPF3AP1	1130
chr17	16786599	16789035	ENSG00000131885[5,7,1]	0	-	16786599	16786599	255	4	1019,221,126,785,	0,1118,1425,1651,	chr17	16787723	16788139	retro_human_8011	0	-	KRT17P1	416
chr17	16786599	16788254	ENSG00000131885[2,6,1]	0	-	16786599	16786599	255	4	145,35,221,230,	0,984,1118,1425,	chr17	16787723	16788139	retro_human_8011	0	-	KRT17P1	416
chr17	16787243	16788254	ENSG00000131885[2,3,3]	0	-	16787243	16787243	0	3	375,221,230,	0,474,781,	chr17	16787723	16788139	retro_human_8011	0	-	KRT17P1	416
chr17	17440987	17443054	ENSG00000108551[1,4,1]	0	-	17441736	17442790	255	2	1303,550,	0,1517,	chr17	17441956	17442718	retro_human_3358	0	-	RASD1	762
chr17	17440987	17443054	ENSG00000108551[1,2,1]	0	-	17442139	17442790	0	2	1232,550,	0,1517,	chr17	17441956	17442718	retro_human_3358	0	-	RASD1	762
chr17	17440987	17443054	ENSG00000108551[1,1,1]	0	-	17441736	17442790	0	2	1306,550,	0,1517,	chr17	17441956	17442718	retro_human_3358	0	-	RASD1	762
chr17	18255436	18261863	ENSG00000177302[1,10,14]	0	-	18255584	18261584	0	2	310,459,	0,5968,	chr17	18259564	18260338	retro_human_388|RPL21P121-201|processed_pseudogene	0	+	RPL21P121	774
chr17	18519532	18519842	ENSG00000227077[1,1,1]	0	+	18519532	18519532	0	1	310,	0,	chr17	18519582	18519792	retro_human_4802|AC107983.1-201|processed_pseudogene	0	+	RPS28P9	210
chr17	18596975	18598423	ENSG00000174977[1,1,1]	0	+	18596975	18596975	0	1	1448,	0,	chr17	18597025	18598373	retro_human_6531|AC026271.1-201|processed_pseudogene	0	+	PAIP1P2	1348
chr17	18612697	18629098	ENSG00000249459[2,4,6]	0	-	18619133	18628471	0	3	7180,89,664,	0,14863,15737,	chr17	18617728	18619748	retro_human_8006	0	-	FOXO3B	2020
chr17	18612697	18629098	ENSG00000249459[2,6,6]	0	-	18619133	18628471	0	4	7180,89,232,75,	0,14863,15737,16326,	chr17	18617728	18619748	retro_human_8006	0	-	FOXO3B	2020
chr17	18613473	18629098	ENSG00000249459[2,6,7]	0	-	18619133	18628471	0	4	6404,89,232,75,	0,14087,14961,15550,	chr17	18617728	18619748	retro_human_8006	0	-	FOXO3B	2020
chr17	18614404	18629098	ENSG00000249459[2,4,8]	0	-	18619133	18628471	0	3	5473,89,664,	0,13156,14030,	chr17	18617728	18619748	retro_human_8006	0	-	FOXO3B	2020
chr17	18614404	18629098	ENSG00000249459[2,6,8]	0	-	18619133	18628471	0	4	5473,89,232,75,	0,13156,14030,14619,	chr17	18617728	18619748	retro_human_8006	0	-	FOXO3B	2020
chr17	18616727	18629098	ENSG00000249459[2,4,9]	0	-	18619133	18628471	0	3	3150,89,664,	0,10833,11707,	chr17	18617728	18619748	retro_human_8006	0	-	FOXO3B	2020
chr17	18616727	18629098	ENSG00000249459[2,6,9]	0	-	18619133	18628471	0	4	3150,89,232,75,	0,10833,11707,12296,	chr17	18617728	18619748	retro_human_8006	0	-	FOXO3B	2020
chr17	18617094	18629098	ENSG00000249459[2,4,10]	0	-	18619133	18628471	0	3	2783,89,664,	0,10466,11340,	chr17	18617728	18619748	retro_human_8006	0	-	FOXO3B	2020
chr17	18617094	18629098	ENSG00000249459[2,6,10]	0	-	18619133	18628471	0	4	2783,89,232,75,	0,10466,11340,11929,	chr17	18617728	18619748	retro_human_8006	0	-	FOXO3B	2020
chr17	18617717	18619745	ENSG00000240445[3,5,4]	0	-	18617728	18618613	0	1	2028,	0,	chr17	18617728	18619748	retro_human_8006	0	-	FOXO3B	2017
chr17	18624032	18624629	ENSG00000224126[1,1,1]	0	+	18624032	18624032	0	1	597,	0,	chr17	18624082	18624579	retro_human_6462|UBE2SP2-201|processed_pseudogene	0	+	UBE2SP2	497
chr17	19112153	19122492	ENSG00000266311[1,1,1]	0	-	19112153	19112153	0	3	218,133,189,	0,7811,10150,	chr17	19115250	19117648	retro_human_2541|KYNUP2-201|processed_pseudogene	0	-	KYNUP2	2398
chr17	19112153	19122492	ENSG00000266311[1,2,1]	0	-	19112153	19112153	0	3	214,133,189,	0,7811,10150,	chr17	19115250	19117648	retro_human_2541|KYNUP2-201|processed_pseudogene	0	-	KYNUP2	2398
chr17	20288507	20291541	ENSG00000154898[3,3,3]	0	+	20288507	20288507	0	2	478,518,	0,2516,	chr17	20288557	20291491	CCDC144CP-203|transcribed_processed_pseudogene	0	+	CCDC144CP,Metazoa_SRP	2934
chr17	20324317	20325551	ENSG00000214832[2,1,2]	0	-	20324317	20324317	0	1	1234,	0,	chr17	20324027	20325052	retro_human_2539|UPF3AP2-202|transcribed_processed_pseudogene	0	-	UPF3AP2	735
chr17	20324317	20325551	ENSG00000214832[2,1,2]	0	-	20324317	20324317	0	1	1234,	0,	chr17	20324367	20325499	UPF3AP2-201|transcribed_processed_pseudogene	0	-	UPF3AP2	1132
chr17	20480869	20481705	ENSG00000265916[1,1,1]	0	-	20480869	20480869	0	1	836,	0,	chr17	20480919	20481655	AC015818.5-201|processed_pseudogene	0	-	AC015818.5,LOC100996294	736
chr17	20537892	20539067	ENSG00000188013[1,1,1]	0	+	20537892	20537892	0	1	1175,	0,	chr17	20537942	20539017	retro_human_5830|MEIS3P2-201|processed_pseudogene	0	+	MEIS3P2	1075
chr17	20724405	20725769	ENSG00000213671[1,1,1]	0	+	20724405	20724405	0	1	1364,	0,	chr17	20724455	20725719	retro_human_5832|OLA1P2-201|processed_pseudogene	0	+	OLA1P2	1264
chr17	20789787	20795133	ENSG00000226981[2,2,2]	0	+	20789787	20789787	255	3	551,180,2284,	0,2783,3062,	chr17	20789861	20793072	retro_human_1767	0	+	ABHD17AP6	3211
chr17	20850704	20851546	ENSG00000265790[1,1,1]	0	-	20850704	20850704	0	1	842,	0,	chr17	20850754	20851496	retro_human_2536|RNASEH1P1-201|processed_pseudogene	0	-	CCDC144NL-AS1,RNASEH1P1	742
chr17	20932670	20932915	ENSG00000263729[1,1,1]	0	+	20932670	20932670	0	1	245,	0,	chr17	20932720	20932865	AC087393.1-201|processed_pseudogene	0	+	LOC124900389	145
chr17	21393713	21394420	ENSG00000265881[1,1,1]	0	-	21393713	21393713	0	1	707,	0,	chr17	21393763	21394370	retro_human_2537|PDLIM1P2-201|processed_pseudogene	0	-	AC068418.3	607
chr17	21453439	21454038	ENSG00000244582[1,1,1]	0	+	21453439	21453439	0	1	599,	0,	chr17	21453489	21453991	retro_human_5261|RPL21P120-201|processed_pseudogene	0	+	RPL21P120	502
chr17	21522352	21522663	ENSG00000266050[1,1,1]	0	-	21522352	21522352	0	1	311,	0,	chr17	21522402	21522613	AC233702.6-201|transcribed_processed_pseudogene	0	-	LINC02693,LOC124903953	211
chr17	22864587	22866849	ENSG00000263563[2,3,1]	0	+	22864587	22864587	0	2	441,1120,	0,1142,	chr17	22865735	22865963	retro_human_7933	0	+	UBBP4	228
chr17	22864587	22866849	ENSG00000263563[2,3,1]	0	+	22864587	22864587	0	2	441,1120,	0,1142,	chr17	22866186	22866421	retro_human_9215	0	+	UBBP4,AC093484.3	235
chr17	22865685	22866849	ENSG00000263563[3,1,1]	0	+	22865685	22865685	0	1	1164,	0,	chr17	22865735	22865963	retro_human_7933	0	+	UBBP4	228
chr17	22865685	22866849	ENSG00000263563[3,1,1]	0	+	22865685	22865685	0	1	1164,	0,	chr17	22866186	22866421	retro_human_9215	0	+	UBBP4,AC093484.3	235
chr17	28215472	28215944	ENSG00000239223[1,1,1]	0	+	28215472	28215472	0	1	472,	0,	chr17	28215522	28215894	retro_human_4163|RPL34P31-201|processed_pseudogene	0	+	RPL34P31	372
chr17	28293232	28294059	ENSG00000265683[1,1,1]	0	-	28293232	28293232	0	1	827,	0,	chr17	28293282	28294009	retro_human_8383|SYPL1P2-201|processed_pseudogene	0	-	AC026254.2,SYPL1P2,LOC124903957	727
chr17	29168340	29169943	ENSG00000237575[1,1,2]	0	+	29168340	29168340	0	2	366,810,	0,793,	chr17	29169134	29169502	retro_human_10729	0	+	PYY2	368
chr17	29410788	29411473	ENSG00000263266[1,1,1]	0	+	29410788	29410788	0	1	685,	0,	chr17	29410838	29411423	retro_human_2629|RPS7P1-201|processed_pseudogene	0	+	RPS7P1	585
chr17	29598233	29598760	ENSG00000240494[1,1,1]	0	+	29598233	29598233	0	1	527,	0,	chr17	29598283	29598710	retro_human_10709|RPS12P28-201|processed_pseudogene	0	+	SDF2,RPS12P28	427
chr17	29964001	29964417	ENSG00000263781[1,1,1]	0	-	29964001	29964001	0	1	416,	0,	chr17	29964051	29964367	retro_human_550|AC024619.4-201|processed_pseudogene	0	-	NDUFS5P7	316
chr17	30146077	30147226	ENSG00000178082[1,1,1]	0	-	30146077	30146077	0	1	1149,	0,	chr17	30146127	30147176	retro_human_2937|TWF1P1-201|processed_pseudogene	0	-	TWF1P1	1049
chr17	30283165	30283606	ENSG00000239256[1,1,1]	0	-	30283165	30283165	0	1	441,	0,	chr17	30283215	30283556	retro_human_2938|RPL35AP35-201|processed_pseudogene	0	-	RPL35AP35	341
chr17	30659118	30659625	ENSG00000240531[1,1,1]	0	-	30659161	30659539	0	1	507,	0,	chr17	30659168	30659575	retro_human_5260|RPL21P123-201|transcribed_processed_pseudogene	0	-	SSH2	407
chr17	31011918	31013018	ENSG00000266876[1,1,1]	0	+	31011926	31012544	0	1	1100,	0,	chr17	31011968	31012968	retro_human_5324|AC104996.2-201|transcribed_processed_pseudogene	0	+	STX18P1	1000
chr17	32986275	32987456	ENSG00000264943[1,1,1]	0	+	32986275	32986275	0	1	1181,	0,	chr17	32985855	32986576	retro_human_5306|SH3GL1P1-202|transcribed_processed_pseudogene	0	+	SH3GL1P1	301
chr17	32986275	32987456	ENSG00000264943[1,1,1]	0	+	32986275	32986275	0	1	1181,	0,	chr17	32986318	32987406	SH3GL1P1-203|transcribed_processed_pseudogene	0	+	SH3GL1P1	1088
chr17	32986275	32987456	ENSG00000264943[1,1,1]	0	+	32986275	32986275	0	1	1181,	0,	chr17	32986765	32988710	SH3GL1P1-201|transcribed_processed_pseudogene	0	+	SH3GL1P1	691
chr17	31776559	31777077	ENSG00000242439[1,1,1]	0	+	31776559	31776559	0	1	518,	0,	chr17	31776609	31777027	retro_human_5111|AC127024.1-201|processed_pseudogene	0	+	RPS17P3	418
chr17	31921040	31921708	ENSG00000264743[1,1,1]	0	+	31921452	31921653	0	1	668,	0,	chr17	31921090	31921658	retro_human_5107|DPRXP4-201|processed_pseudogene	0	+	DPRXP4	568
chr17	32290840	32291612	ENSG00000263535[1,1,1]	0	+	32290890	32291559	0	1	772,	0,	chr17	32290890	32291562	retro_human_5307|AK4P1-201|processed_pseudogene	0	+	AK4P1	672
chr17	32986715	32988761	ENSG00000266777[3,1,3]	0	+	32986903	32987818	0	1	2046,	0,	chr17	32986318	32987406	SH3GL1P1-203|transcribed_processed_pseudogene	0	+	SH3GL1P1	691
chr17	32986715	32988761	ENSG00000266777[3,1,3]	0	+	32986903	32987818	0	1	2046,	0,	chr17	32986765	32988710	SH3GL1P1-201|transcribed_processed_pseudogene	0	+	SH3GL1P1	1945
chr17	33173609	33173928	ENSG00000266282[1,1,1]	0	-	33173609	33173609	0	1	319,	0,	chr17	33173659	33173878	retro_human_8768|UBL5P2-201|processed_pseudogene	0	-	UBL5P2	219
chr17	36138845	36139687	ENSG00000267744[1,1,1]	0	+	36139270	36139477	0	1	842,	0,	chr17	36138895	36139637	retro_human_10590|AC022916.3-201|transcribed_processed_pseudogene	0	+	AC022916.2,LOC100130114	742
chr17	36325321	36325684	ENSG00000267315[1,1,1]	0	-	36325321	36325321	0	1	363,	0,	chr17	36325371	36325634	retro_human_3304|AC060766.3-201|processed_pseudogene	0	-	UFM1P2	263
chr17	36354607	36357792	ENSG00000267745[1,1,1]	0	-	36355045	36355282	0	2	958,354,	0,2831,	chr17	36354921	36355792	retro_human_3305|AC060766.5-201|transcribed_processed_pseudogene	0	-	AC060766.7,SLFN12,LOC729839	871
chr17	36354871	36355842	ENSG00000267648[1,1,1]	0	-	36355045	36355282	0	1	971,	0,	chr17	36354921	36355792	retro_human_3305|AC060766.5-201|transcribed_processed_pseudogene	0	-	AC060766.7,SLFN12,LOC729839	871
chr17	36357525	36358252	ENSG00000267102[1,1,1]	0	-	36357946	36358129	0	1	727,	0,	chr17	36357575	36358202	retro_human_3302|AC060766.1-201|transcribed_processed_pseudogene	0	-	AC060766.7,SLFN12	627
chr17	36407421	36408591	ENSG00000267312[1,1,1]	0	-	36407421	36407421	0	1	1170,	0,	chr17	36407471	36408541	retro_human_3303|AC015911.4-201|processed_pseudogene	0	-	LOC100420061	1070
chr17	36418009	36418669	ENSG00000267554[1,1,1]	0	-	36418009	36418009	0	1	660,	0,	chr17	36418059	36418619	retro_human_3300|AC015911.8-201|processed_pseudogene	0	-	SLFN12L	560
chr17	36446094	36447170	ENSG00000267369[1,1,1]	0	+	36446094	36446094	0	1	1076,	0,	chr17	36446162	36447120	retro_human_10610|AC015911.7-201|processed_pseudogene	0	+	TAF5LP1	958
chr17	36514382	36514638	ENSG00000242660[1,1,1]	0	+	36514382	36514382	0	1	256,	0,	chr17	36514432	36514588	retro_human_6519|AC015911.1-201|processed_pseudogene	0	+	RPL39P32	156
chr17	37142707	37144396	ENSG00000276085[2,3,1]	0	-	37142707	37142707	0	3	558,115,102,	0,979,1587,	chr17	37143686	37143871	retro_human_3464	0	-	CCL3L3	185
chr17	38131064	38131492	ENSG00000275029[2,1,2]	0	-	38131150	38131270	0	1	428,	0,	chr17	38130585	38131270	retro_human_3465|HMGB1P24-202|transcribed_processed_pseudogene	0	-	HMGB1P24	206
chr17	38131064	38131492	ENSG00000275029[2,1,2]	0	-	38131150	38131270	0	1	428,	0,	chr17	38131114	38131442	HMGB1P24-201|transcribed_processed_pseudogene	0	-	HMGB1P24	328
chr17	38149544	38150168	ENSG00000276810[1,1,1]	0	+	38149544	38149544	0	1	624,	0,	chr17	38149594	38150118	retro_human_472|AC244093.2-201|processed_pseudogene	0	+	RPL18AP12	524
chr17	39718314	39718771	ENSG00000244086[1,1,1]	0	+	39718314	39718314	0	1	457,	0,	chr17	39718364	39718721	retro_human_475|AC110749.1-201|processed_pseudogene	0	+	RPS20P35	357
chr17	39927116	40015545	ENSG00000161381[1,21,1]	0	-	39931696	40015295	255	13	4697,161,136,61,82,96,100,119,123,70,144,179,326,	0,6593,14650,15841,20195,24344,42589,44142,44858,45639,45983,76395,88103,	chr17	39920872	39945305	RDM1P5-203|transcribed_processed_pseudogene	0	+	PLXDC1	18189
chr17	39927116	40015545	ENSG00000161381[1,1,1]	0	-	39931696	40015295	0	14	4697,161,36,136,61,82,96,100,119,123,70,144,179,326,	0,6593,9187,14650,15841,20195,24344,42589,44142,44858,45639,45983,76395,88103,	chr17	39920872	39945305	RDM1P5-203|transcribed_processed_pseudogene	0	+	PLXDC1	18189
chr17	39930563	40015545	ENSG00000161381[1,21,14]	0	-	39931696	40015295	255	13	1250,161,136,61,82,96,100,119,123,70,144,179,326,	0,3146,11203,12394,16748,20897,39142,40695,41411,42192,42536,72948,84656,	chr17	39920872	39945305	RDM1P5-203|transcribed_processed_pseudogene	0	+	PLXDC1	14742
chr17	39930933	40015545	ENSG00000161381[1,22,2]	0	-	39943297	40015295	255	13	880,161,136,425,82,96,100,119,123,70,144,179,326,	0,2776,10833,12024,16378,20527,38772,40325,41041,41822,42166,72578,84286,	chr17	39920872	39945305	RDM1P5-203|transcribed_processed_pseudogene	0	+	PLXDC1	14372
chr17	39930933	40015545	ENSG00000161381[1,21,2]	0	-	39931696	40015295	255	13	880,161,136,61,82,96,100,119,123,70,144,179,326,	0,2776,10833,12024,16378,20527,38772,40325,41041,41822,42166,72578,84286,	chr17	39920872	39945305	RDM1P5-203|transcribed_processed_pseudogene	0	+	PLXDC1	14372
chr17	39930933	40016958	ENSG00000161381[9,15,2]	0	-	39943297	40003547	0	14	880,161,36,136,425,82,96,100,119,123,70,144,179,177,	0,2776,5370,10833,12024,16378,20527,38772,40325,41041,41822,42166,72578,85848,	chr17	39920872	39945305	RDM1P5-203|transcribed_processed_pseudogene	0	+	PLXDC1	14372
chr17	39930933	40015545	ENSG00000161381[1,11,2]	0	-	39945281	40015295	0	15	880,161,36,136,425,200,82,96,100,119,123,70,144,179,326,	0,2776,5370,10833,12024,14170,16378,20527,38772,40325,41041,41822,42166,72578,84286,	chr17	39920872	39945305	RDM1P5-203|transcribed_processed_pseudogene	0	+	PLXDC1	14372
chr17	39930933	40015545	ENSG00000161381[1,10,2]	0	-	39943297	40015295	0	14	880,161,36,136,425,82,96,100,119,123,70,144,179,326,	0,2776,5370,10833,12024,16378,20527,38772,40325,41041,41822,42166,72578,84286,	chr17	39920872	39945305	RDM1P5-203|transcribed_processed_pseudogene	0	+	PLXDC1	14372
chr17	39930933	40015545	ENSG00000161381[1,1,2]	0	-	39931696	40015295	0	14	880,161,36,136,61,82,96,100,119,123,70,144,179,326,	0,2776,5370,10833,12024,16378,20527,38772,40325,41041,41822,42166,72578,84286,	chr17	39920872	39945305	RDM1P5-203|transcribed_processed_pseudogene	0	+	PLXDC1	14372
chr17	39931725	39934375	ENSG00000161381[3,3,3]	0	-	39931788	39933885	0	2	88,666,	0,1984,	chr17	39920872	39945305	RDM1P5-203|transcribed_processed_pseudogene	0	+	PLXDC1	2650
chr17	40698556	40699700	ENSG00000264663[1,1,1]	0	-	40699047	40699572	0	1	1144,	0,	chr17	40698606	40699650	retro_human_9334|KRT8P34-201|processed_pseudogene	0	-	KRT8P34	1044
chr17	40702888	40703144	ENSG00000226117[1,1,1]	0	-	40702888	40702888	0	1	256,	0,	chr17	40702938	40703094	retro_human_9327|AC090844.1-201|processed_pseudogene	0	-	RPL39P4	156
chr17	40956627	40964526	ENSG00000126368[1,1,1]	0	-	40956970	40963981	0	8	540,211,186,644,145,89,339,576,	0,1169,2192,2702,3702,3950,4324,7323,	chr17	40957708	40958951	retro_human_9328	0	-	NR1D1	1243
chr17	40956627	40964662	ENSG00000126368[2,1,1]	0	-	40956970	40963981	0	8	540,211,186,644,145,89,339,712,	0,1169,2192,2702,3702,3950,4324,7323,	chr17	40957708	40958951	retro_human_9328	0	-	NR1D1	1243
chr17	40956787	40964526	ENSG00000126368[1,1,2]	0	-	40956970	40963981	0	8	380,211,186,644,145,89,339,576,	0,1009,2032,2542,3542,3790,4164,7163,	chr17	40957708	40958951	retro_human_9328	0	-	NR1D1	1243
chr17	41923804	41924779	ENSG00000212724[1,1,1]	0	-	41924281	41924665	0	1	975,	0,	chr17	41924281	41924653	retro_human_3073	0	-	KRTAP2-3	372
chr17	43390668	43391246	ENSG00000267185[1,1,1]	0	+	43390668	43390668	0	1	578,	0,	chr17	43390718	43391196	retro_human_4067|PTP4A2P1-201|processed_pseudogene	0	+	PTP4A2P1	478
chr17	43610619	43610989	ENSG00000214578[1,1,1]	0	-	43610619	43610619	0	1	370,	0,	chr17	43610669	43610939	retro_human_3077|HMGN2P15-201|processed_pseudogene	0	-	HMGN2P15	270
chr17	43871840	43880310	ENSG00000108828[1,10,1]	0	-	43873347	43876665	255	6	1588,242,90,171,204,500,	0,1750,3881,4076,4632,7970,	chr17	43876471	43880059	retro_human_3076	0	-	VAT1	3588
chr17	43871840	43880310	ENSG00000108828[1,3,1]	0	-	43873347	43880197	0	6	1588,242,90,171,208,296,	0,1750,3881,4076,4632,8174,	chr17	43876471	43880059	retro_human_3076	0	-	VAT1	3588
chr17	43871840	43880310	ENSG00000108828[1,1,1]	0	-	43873347	43880197	0	6	1588,242,90,171,208,500,	0,1750,3881,4076,4632,7970,	chr17	43876471	43880059	retro_human_3076	0	-	VAT1	3588
chr17	43873132	43880310	ENSG00000108828[1,3,2]	0	-	43873347	43880197	0	6	296,242,90,171,208,296,	0,458,2589,2784,3340,6882,	chr17	43876471	43880059	retro_human_3076	0	-	VAT1	3588
chr17	43873132	43878201	ENSG00000108828[2,2,2]	0	-	43873347	43876665	0	6	296,242,90,171,208,181,	0,458,2589,2784,3340,4888,	chr17	43876471	43880059	retro_human_3076	0	-	VAT1	1730
chr17	43937831	43938410	ENSG00000240828[1,1,1]	0	+	43937831	43937831	0	1	579,	0,	chr17	43937881	43938360	retro_human_9670|RPL21P4-201|processed_pseudogene	0	+	BRCA1,RPL21P4	479
chr17	44028586	44028884	ENSG00000267340[1,1,1]	0	-	44028627	44028834	0	1	298,	0,	chr17	44028636	44028834	retro_human_8948|AC060780.2-201|processed_pseudogene	0	-	NBR1,BRCA1P1	198
chr17	44607111	44611159	ENSG00000167941[2,1,2]	0	-	44607902	44611134	0	2	1210,80,	0,3968,	chr17	44607945	44608373	retro_human_8946	0	-	SOST	428
chr17	44699651	44702513	ENSG00000161649[1,2,2]	0	+	44699770	44701518	0	2	162,1402,	0,1460,	chr17	44701105	44701488	retro_human_6661	0	+	CD300LG	383
chr17	44805231	44806539	ENSG00000131096[1,1,1]	0	-	44805507	44806032	255	4	298,81,188,141,	0,426,613,1167,	chr17	44805733	44805954	retro_human_8945	0	-	PYY	221
chr17	44805231	44806539	ENSG00000131096[1,3,1]	0	-	44805656	44806032	0	3	507,188,141,	0,613,1167,	chr17	44805733	44805954	retro_human_8945	0	-	PYY	221
chr17	45081805	45083374	ENSG00000267691[1,1,1]	0	-	45081805	45081805	0	1	1569,	0,	chr17	45081855	45083324	retro_human_8943|SHC1P2-201|processed_pseudogene	0	-	SHC1P2	1469
chr17	45411339	45413526	ENSG00000180340[1,1,2]	0	+	45411594	45413289	0	1	2187,	0,	chr17	45411679	45413268	retro_human_924	0	+	FZD2	1589
chr17	45411763	45413526	ENSG00000180340[2,1,2]	0	+	45411876	45413289	0	1	1763,	0,	chr17	45411679	45413268	retro_human_924	0	+	FZD2	1505
chr17	45412043	45413526	ENSG00000180340[3,1,2]	0	+	45412293	45413289	0	1	1483,	0,	chr17	45411679	45413268	retro_human_924	0	+	FZD2	1225
chr17	46447501	46448660	ENSG00000264070[1,1,1]	0	+	46447501	46447501	0	1	1159,	0,	chr17	46447551	46448610	retro_human_869|DND1P1-201|processed_pseudogene	0	+	AC126544.2,DND1P1	1059
chr17	46470204	46470652	ENSG00000204652[1,1,1]	0	+	46470204	46470204	0	1	448,	0,	chr17	46470254	46470602	retro_human_882|RPS26P8-201|processed_pseudogene	0	+	RPS26P8	348
chr17	47121529	47122676	ENSG00000262539[1,1,1]	0	-	47121529	47121529	0	1	1147,	0,	chr17	47121579	47122624	retro_human_4256|AC005829.2-201|processed_pseudogene	0	-	AC126544.2,DND1P2	1045
chr17	47583013	47583699	ENSG00000213326[1,1,1]	0	-	47583013	47583013	0	1	686,	0,	chr17	47583063	47583649	retro_human_4253|RPS7P11-201|processed_pseudogene	0	-	RPS7P11	586
chr17	49738547	49738986	ENSG00000248278[1,1,1]	0	-	49738547	49738547	0	1	439,	0,	chr17	49738651	49738936	retro_human_10158|SUMO2P17-201|transcribed_processed_pseudogene	0	-	SUMO2P17,LOC105371814	285
chr17	50287228	50287982	ENSG00000229944[1,1,1]	0	-	50287228	50287228	0	1	754,	0,	chr17	50287278	50287932	retro_human_3852|EIF4EP2-201|processed_pseudogene	0	-	EIF4EP2	654
chr17	57762235	57762516	ENSG00000262408[1,1,1]	0	-	57762235	57762235	0	1	281,	0,	chr17	57762285	57762466	AC015912.2-201|processed_pseudogene	0	-	MTVR2	181
chr17	59024874	59025747	ENSG00000229590[1,1,1]	0	+	59024874	59024874	0	1	873,	0,	chr17	59024924	59025697	retro_human_9398|MSX2P1-201|processed_pseudogene	0	+	OR4D1,MSX2P1	773
chr17	60023546	60070719	ENSG00000068489[3,1,8]	0	+	60037852	60069729	0	10	357,133,151,123,243,99,113,60,97,1056,	0,14301,29607,29993,38044,39311,39885,42098,42247,46117,	chr17	60043086	60048019	retro_human_8458	0	-	SPDYE22P	4933
chr17	60023779	60055356	ENSG00000068489[1,6,9]	0	+	60037852	60053313	0	3	124,133,2203,	0,14068,29374,	chr17	60043086	60048019	retro_human_8458	0	-	SPDYE22P	4933
chr17	60023779	60053712	ENSG00000068489[1,6,4]	0	+	60037852	60053313	0	3	124,133,559,	0,14068,29374,	chr17	60043086	60048019	retro_human_8458	0	-	SPDYE22P	4933
chr17	60023779	60072856	ENSG00000068489[1,1,7]	0	+	60037852	60069729	0	10	124,133,151,123,243,99,113,60,97,3193,	0,14068,29374,29760,37811,39078,39652,41865,42014,45884,	chr17	60043086	60048019	retro_human_8458	0	-	SPDYE22P	4933
chr17	60023779	60070719	ENSG00000068489[1,1,8]	0	+	60037852	60069729	0	10	124,133,151,123,243,99,113,60,97,1056,	0,14068,29374,29760,37811,39078,39652,41865,42014,45884,	chr17	60043086	60048019	retro_human_8458	0	-	SPDYE22P	4933
chr17	60023779	60070109	ENSG00000068489[1,1,10]	0	+	60037852	60069729	0	10	124,133,151,123,243,99,113,60,97,446,	0,14068,29374,29760,37811,39078,39652,41865,42014,45884,	chr17	60043086	60048019	retro_human_8458	0	-	SPDYE22P	4933
chr17	60753709	60754347	ENSG00000270264[1,1,1]	0	+	60753709	60753709	0	1	638,	0,	chr17	60753759	60754297	retro_human_9395|NDUFB8P2-201|processed_pseudogene	0	+	NDUFB8P2	538
chr17	61302556	61303191	ENSG00000213228[1,1,1]	0	-	61302556	61302556	0	1	635,	0,	chr17	61302606	61304925	retro_human_5099|RPL12P38-202|transcribed_processed_pseudogene	0	-	RPL12P38,HMGN2P42	585
chr17	61302556	61303191	ENSG00000213228[1,1,1]	0	-	61302556	61302556	0	1	635,	0,	chr17	61302606	61304925	retro_human_8465|RPL12P38-202|transcribed_processed_pseudogene	0	-	RPL12P38,HMGN2P42	585
chr17	61302556	61303191	ENSG00000213228[1,1,1]	0	-	61302556	61302556	0	1	635,	0,	chr17	61302651	61303141	RPL12P38-201|transcribed_processed_pseudogene	0	-	RPL12P38	490
chr17	61382061	61382522	ENSG00000270553[1,1,1]	0	+	61382061	61382061	0	1	461,	0,	chr17	61382111	61382472	retro_human_9402|AC011921.3-201|processed_pseudogene	0	+	LOC107984970	361
chr17	61595940	61596358	ENSG00000224011[1,1,1]	0	-	61595940	61595940	0	1	418,	0,	chr17	61595990	61596308	retro_human_5098|AC110602.1-201|processed_pseudogene	0	-	RPL36AP46	318
chr17	61938586	61939157	ENSG00000227694[1,1,1]	0	+	61938636	61939104	0	1	571,	0,	chr17	61938636	61939107	retro_human_3526|RPL23AP74-201|processed_pseudogene	0	+	AC005884.2,AC005884.1,RPL23AP74	471
chr17	63386231	63386778	ENSG00000239246[1,1,1]	0	-	63386231	63386231	0	1	547,	0,	chr17	63386281	63386728	retro_human_1557|AC008026.1-201|processed_pseudogene	0	-	RPS10P26	447
chr17	63958370	63959506	ENSG00000272383[1,1,1]	0	-	63958370	63958370	0	1	1136,	0,	chr17	63958420	63959456	AC006270.2-201|processed_pseudogene	0	-	LOC100419888	1036
chr17	64341765	64342355	ENSG00000228979[1,1,1]	0	+	64341765	64341765	0	1	590,	0,	chr17	64341815	64342305	retro_human_10636|PPIAP55-201|processed_pseudogene	0	+	PPIAP55	490
chr17	65361227	65361594	ENSG00000256826[1,1,1]	0	+	65361227	65361227	0	1	367,	0,	chr17	65361277	65361544	retro_human_10638|ATP5MFP4-201|processed_pseudogene	0	+	ATP5MFP4	267
chr17	65616964	65617293	ENSG00000270714[1,1,1]	0	-	65616964	65616964	0	1	329,	0,	chr17	65617014	65617243	retro_human_9595|MICOS10P2-201|processed_pseudogene	0	-	MICOS10P2	229
chr17	65762451	65762669	ENSG00000272220[1,1,1]	0	+	65762451	65762451	0	1	218,	0,	chr17	65762501	65762619	AC103810.7-201|transcribed_processed_pseudogene	0	+	AC103810.2,LOC105376844	118
chr17	65821418	65821630	ENSG00000272006[1,1,1]	0	-	65821418	65821418	0	1	212,	0,	chr17	65821468	65821580	AC037487.3-201|processed_pseudogene	0	-	LOC124907954	112
chr17	68100474	68100888	ENSG00000213180[1,1,1]	0	+	68100474	68100474	0	1	414,	0,	chr17	68100524	68100838	retro_human_4742|RPL36AP48-201|processed_pseudogene	0	+	RPL36AP48	314
chr17	69009940	69012777	ENSG00000277476[1,1,1]	0	+	69009940	69009940	0	1	2837,	0,	chr17	69011466	69012396	retro_human_3255|SH3GL1P3-201|processed_pseudogene	0	-	AC005332.5,SH3GL1P3,LINC00674	930
chr17	69009956	69012446	ENSG00000267352[1,1,2]	0	-	69009956	69009956	0	1	2490,	0,	chr17	69011466	69012396	retro_human_3255|SH3GL1P3-201|processed_pseudogene	0	-	AC005332.5,SH3GL1P3,LINC00674	930
chr17	69010589	69012777	ENSG00000277476[2,1,1]	0	+	69010589	69010589	0	1	2188,	0,	chr17	69011466	69012396	retro_human_3255|SH3GL1P3-201|processed_pseudogene	0	-	AC005332.5,SH3GL1P3,LINC00674	930
chr17	69010896	69012777	ENSG00000277476[3,1,1]	0	+	69010896	69010896	0	1	1881,	0,	chr17	69011466	69012396	retro_human_3255|SH3GL1P3-201|processed_pseudogene	0	-	AC005332.5,SH3GL1P3,LINC00674	930
chr17	69011236	69012777	ENSG00000277476[4,1,1]	0	+	69011236	69011236	0	1	1541,	0,	chr17	69011466	69012396	retro_human_3255|SH3GL1P3-201|processed_pseudogene	0	-	AC005332.5,SH3GL1P3,LINC00674	930
chr17	69011416	69012446	ENSG00000267352[1,1,1]	0	-	69011416	69011416	0	1	1030,	0,	chr17	69011466	69012396	retro_human_3255|SH3GL1P3-201|processed_pseudogene	0	-	AC005332.5,SH3GL1P3,LINC00674	930
chr17	69012169	69012777	ENSG00000277476[5,1,1]	0	+	69012169	69012169	0	1	608,	0,	chr17	69011466	69012396	retro_human_3255|SH3GL1P3-201|processed_pseudogene	0	-	AC005332.5,SH3GL1P3,LINC00674	227
chr17	69075677	69076453	ENSG00000267472[1,1,1]	0	+	69075677	69075677	0	1	776,	0,	chr17	69075727	69076403	ARHGAP27P2-201|processed_pseudogene	0	+	ARHGAP27P2	676
chr17	70195311	70195640	ENSG00000267203[1,1,1]	0	+	70195311	70195311	0	1	329,	0,	chr17	70195361	70195590	retro_human_4739|SNRPGP4-201|processed_pseudogene	0	+	SNRPGP4	229
chr17	73956718	73957237	ENSG00000266501[1,1,1]	0	-	73956954	73957188	0	1	519,	0,	chr17	73956768	73957187	retro_human_3251|AC025198.1-201|processed_pseudogene	0	-	ATG12P1	419
chr17	76230990	76231411	ENSG00000228007[1,1,1]	0	+	76230990	76230990	0	1	421,	0,	chr17	76231040	76231361	retro_human_10244|AC011933.1-201|processed_pseudogene	0	+	RPL36AP7	321
chr17	77242278	77242699	ENSG00000267518[1,1,1]	0	+	77242278	77242278	0	1	421,	0,	chr17	77242328	77242649	AC090699.2-201|processed_pseudogene	0	+	HMGN2P43	321
chr17	77326952	77327760	ENSG00000242931[1,1,1]	0	-	77327506	77327710	0	1	808,	0,	chr17	77327002	77327710	retro_human_8670|RPL7P49-201|processed_pseudogene	0	-	RPL7P49	708
chr17	81503930	81504408	ENSG00000232083[1,1,1]	0	-	81503930	81503930	0	1	478,	0,	chr17	81503980	81504358	retro_human_5613|RPL31P7-201|processed_pseudogene	0	-	RPL31P7	378
chr17	82426980	82430019	ENSG00000184009[1,53,1]	0	-	82427810	82428741	255	8	467,355,182,439,41,240,129,168,	0,616,1064,1325,1900,2040,2369,2871,	chr17	82427811	82428657	retro_human_2377	0	-	ACTG1	846
chr17	82426980	82430019	ENSG00000184009[1,52,1]	0	-	82427810	82429472	255	7	467,330,182,439,240,129,168,	0,641,1064,1325,2040,2369,2871,	chr17	82427811	82428657	retro_human_2377	0	-	ACTG1	846
chr17	82426980	82430019	ENSG00000184009[1,51,1]	0	-	82427810	82429472	255	7	423,477,182,439,240,129,168,	0,494,1064,1325,2040,2369,2871,	chr17	82427811	82428657	retro_human_2377	0	-	ACTG1	846
chr17	82426980	82430019	ENSG00000184009[1,39,1]	0	-	82428174	82429472	255	5	971,182,443,240,670,	0,1064,1321,2040,2369,	chr17	82427811	82428657	retro_human_2377	0	-	ACTG1	846
chr17	82426980	82430019	ENSG00000184009[1,37,1]	0	-	82427810	82429254	255	5	971,182,439,240,674,	0,1064,1325,2040,2365,	chr17	82427811	82428657	retro_human_2377	0	-	ACTG1	846
chr17	82426980	82430019	ENSG00000184009[1,47,1]	0	-	82428249	82429472	255	4	1764,240,129,168,	0,2040,2369,2871,	chr17	82427811	82428657	retro_human_2377	0	-	ACTG1	846
chr17	82426980	82430019	ENSG00000184009[1,50,1]	0	-	82427119	82429472	255	6	169,182,439,240,129,168,	0,1064,1325,2040,2369,2871,	chr17	82427811	82428657	retro_human_2377	0	-	ACTG1	846
chr17	82426980	82430019	ENSG00000184009[1,49,1]	0	-	82427978	82429472	255	5	1246,439,240,129,168,	0,1325,2040,2369,2871,	chr17	82427811	82428657	retro_human_2377	0	-	ACTG1	846
chr17	82426980	82430019	ENSG00000184009[1,3,1]	0	-	82427810	82429472	255	6	971,182,439,240,129,438,	0,1064,1325,2040,2369,2601,	chr17	82427811	82428657	retro_human_2377	0	-	ACTG1	846
chr17	82426980	82430019	ENSG00000184009[1,43,1]	0	-	82427810	82428741	255	4	971,182,1173,168,	0,1064,1325,2871,	chr17	82427811	82428657	retro_human_2377	0	-	ACTG1	846
chr17	82426980	82430628	ENSG00000184009[9,54,1]	0	-	82427810	82429472	255	6	971,182,439,240,129,143,	0,1064,1325,2040,2369,3505,	chr17	82427811	82428657	retro_human_2377	0	-	ACTG1	846
chr17	82426980	82430019	ENSG00000184009[1,41,1]	0	-	82428249	82428741	255	2	2498,168,	0,2871,	chr17	82427811	82428657	retro_human_2377	0	-	ACTG1	846
chr17	82426980	82430019	ENSG00000184009[1,44,1]	0	-	82427810	82429341	255	5	971,182,439,458,168,	0,1064,1325,2040,2871,	chr17	82427811	82428657	retro_human_2377	0	-	ACTG1	846
chr17	82426980	82430019	ENSG00000184009[1,38,1]	0	-	82427810	82428741	255	4	971,182,955,670,	0,1064,1325,2369,	chr17	82427811	82428657	retro_human_2377	0	-	ACTG1	846
chr17	82426980	82430019	ENSG00000184009[1,46,1]	0	-	82428249	82428741	255	4	971,1216,129,168,	0,1064,2369,2871,	chr17	82427811	82428657	retro_human_2377	0	-	ACTG1	846
chr17	82426980	82430019	ENSG00000184009[1,45,1]	0	-	82427810	82429254	255	6	971,182,439,240,133,168,	0,1064,1325,2040,2365,2871,	chr17	82427811	82428657	retro_human_2377	0	-	ACTG1	846
chr17	82426980	82430019	ENSG00000184009[1,15,1]	0	-	82427810	82429472	255	7	467,355,182,439,240,129,287,	0,616,1064,1325,2040,2369,2752,	chr17	82427811	82428657	retro_human_2377	0	-	ACTG1	846
chr17	82426980	82430019	ENSG00000184009[1,35,1]	0	-	82428249	82428741	255	2	467,2423,	0,616,	chr17	82427811	82428657	retro_human_2377	0	-	ACTG1	846
chr17	82426980	82430019	ENSG00000184009[1,21,1]	0	-	82427810	82428741	255	6	971,182,616,240,129,168,	0,1064,1325,2040,2369,2871,	chr17	82427811	82428657	retro_human_2377	0	-	ACTG1	846
chr17	82426980	82430019	ENSG00000184009[1,4,1]	0	-	82427810	82429472	255	6	971,182,439,240,129,301,	0,1064,1325,2040,2369,2738,	chr17	82427811	82428657	retro_human_2377	0	-	ACTG1	846
chr17	82426980	82430019	ENSG00000184009[1,48,1]	0	-	82428174	82429472	255	6	971,182,443,240,129,168,	0,1064,1321,2040,2369,2871,	chr17	82427811	82428657	retro_human_2377	0	-	ACTG1	846
chr17	82426980	82430019	ENSG00000184009[1,16,1]	0	-	82427810	82428741	255	5	971,182,955,129,168,	0,1064,1325,2369,2871,	chr17	82427811	82428657	retro_human_2377	0	-	ACTG1	846
chr17	82426980	82430019	ENSG00000184009[1,40,1]	0	-	82427810	82429472	255	6	971,182,439,240,129,282,	0,1064,1325,2040,2369,2757,	chr17	82427811	82428657	retro_human_2377	0	-	ACTG1	846
chr17	82426980	82430019	ENSG00000184009[1,42,1]	0	-	82428249	82428741	255	3	971,1434,168,	0,1064,2871,	chr17	82427811	82428657	retro_human_2377	0	-	ACTG1	846
chr17	82426980	82430019	ENSG00000184009[1,14,1]	0	-	82427810	82429472	255	6	467,355,182,439,240,670,	0,616,1064,1325,2040,2369,	chr17	82427811	82428657	retro_human_2377	0	-	ACTG1	846
chr17	82426980	82430019	ENSG00000184009[1,36,1]	0	-	82428249	82428741	255	2	971,1975,	0,1064,	chr17	82427811	82428657	retro_human_2377	0	-	ACTG1	846
chr17	82426980	82430019	ENSG00000184009[1,6,1]	0	-	82427810	82429472	0	6	971,182,439,240,129,287,	0,1064,1325,2040,2369,2752,	chr17	82427811	82428657	retro_human_2377	0	-	ACTG1	846
chr17	82426980	82430019	ENSG00000184009[1,29,1]	0	-	82427810	82429472	0	7	467,354,182,439,240,129,168,	0,617,1064,1325,2040,2369,2871,	chr17	82427811	82428657	retro_human_2377	0	-	ACTG1	846
chr17	82426980	82430019	ENSG00000184009[1,17,1]	0	-	82428249	82429472	0	5	971,700,240,129,168,	0,1064,2040,2369,2871,	chr17	82427811	82428657	retro_human_2377	0	-	ACTG1	846
chr17	82426980	82430019	ENSG00000184009[1,20,1]	0	-	82427810	82429472	0	7	467,355,182,439,240,129,168,	0,616,1064,1325,2040,2369,2871,	chr17	82427811	82428657	retro_human_2377	0	-	ACTG1	846
chr17	82426980	82430019	ENSG00000184009[1,30,1]	0	-	82427978	82428741	0	5	1246,616,240,129,168,	0,1325,2040,2369,2871,	chr17	82427811	82428657	retro_human_2377	0	-	ACTG1	846
chr17	82426980	82430019	ENSG00000184009[1,13,1]	0	-	82427810	82429341	0	4	971,182,439,999,	0,1064,1325,2040,	chr17	82427811	82428657	retro_human_2377	0	-	ACTG1	846
chr17	82426980	82429318	ENSG00000184009[5,13,1]	0	-	82427810	82429254	0	4	971,182,439,298,	0,1064,1325,2040,	chr17	82427811	82428657	retro_human_2377	0	-	ACTG1	846
chr17	82426980	82430628	ENSG00000184009[9,2,1]	0	-	82427810	82429472	0	5	971,182,439,240,1279,	0,1064,1325,2040,2369,	chr17	82427811	82428657	retro_human_2377	0	-	ACTG1	846
chr17	82426980	82430019	ENSG00000184009[1,2,1]	0	-	82427810	82429472	0	5	971,182,439,240,670,	0,1064,1325,2040,2369,	chr17	82427811	82428657	retro_human_2377	0	-	ACTG1	846
chr17	82426980	82430019	ENSG00000184009[1,5,1]	0	-	82427810	82429472	0	6	971,182,439,240,129,296,	0,1064,1325,2040,2369,2743,	chr17	82427811	82428657	retro_human_2377	0	-	ACTG1	846
chr17	82426980	82430019	ENSG00000184009[1,26,1]	0	-	82427810	82428741	0	3	971,182,1714,	0,1064,1325,	chr17	82427811	82428657	retro_human_2377	0	-	ACTG1	846
chr17	82426980	82429016	ENSG00000184009[8,26,1]	0	-	82427810	82428741	0	3	971,182,711,	0,1064,1325,	chr17	82427811	82428657	retro_human_2377	0	-	ACTG1	846
chr17	82426980	82430628	ENSG00000184009[9,1,1]	0	-	82427810	82429472	0	6	971,182,439,240,129,777,	0,1064,1325,2040,2369,2871,	chr17	82427811	82428657	retro_human_2377	0	-	ACTG1	846
chr17	82426980	82430019	ENSG00000184009[1,1,1]	0	-	82427810	82429472	0	6	971,182,439,240,129,168,	0,1064,1325,2040,2369,2871,	chr17	82427811	82428657	retro_human_2377	0	-	ACTG1	846
chr17	82426980	82430019	ENSG00000184009[1,23,1]	0	-	82427810	82428741	0	7	971,182,439,41,240,129,168,	0,1064,1325,1900,2040,2369,2871,	chr17	82427811	82428657	retro_human_2377	0	-	ACTG1	846
chr17	82427556	82430019	ENSG00000184009[1,6,4]	0	-	82427810	82429472	0	6	395,182,439,240,129,287,	0,488,749,1464,1793,2176,	chr17	82427811	82428657	retro_human_2377	0	-	ACTG1	846
chr17	82427757	82430019	ENSG00000184009[1,23,3]	0	-	82427810	82428741	0	7	194,182,439,41,240,129,168,	0,287,548,1123,1263,1592,2094,	chr17	82427811	82428657	retro_human_2377	0	-	ACTG1	846
chr17	82428152	82430019	ENSG00000184009[1,30,5]	0	-	82428804	82429472	0	5	74,616,240,129,168,	0,153,868,1197,1699,	chr17	82427811	82428657	retro_human_2377	0	-	ACTG1	505
chr17	82700606	82702265	ENSG00000182676[1,4,1]	0	-	82701770	82702118	255	2	411,598,	0,1061,	chr17	82701670	82701843	retro_human_719	0	-	PPP1R27	173
chr17	82700606	82702265	ENSG00000182676[1,5,1]	0	-	82700896	82702118	255	3	384,151,337,	0,1061,1322,	chr17	82701670	82701843	retro_human_719	0	-	PPP1R27	173
chr17	82700606	82702265	ENSG00000182676[1,2,1]	0	-	82701666	82702118	0	2	1212,337,	0,1322,	chr17	82701670	82701843	retro_human_719	0	-	PPP1R27	173
chr17	82700606	82702265	ENSG00000182676[1,1,1]	0	-	82700896	82702118	0	3	411,151,337,	0,1061,1322,	chr17	82701670	82701843	retro_human_719	0	-	PPP1R27	173
chr17	82712795	82713722	ENSG00000185624[15,73,6]	0	-	82712795	82712795	0	2	361,129,	0,798,	chr17	82712705	82712905	retro_human_718	0	-	P4HB	110
chr17	82788669	82790743	ENSG00000197063[2,2,2]	0	-	82789767	82790345	0	3	1548,65,230,	0,1640,1844,	chr17	82790035	82790262	retro_human_717	0	-	MAFG,AC145207.8	227
chr17	82788795	82790743	ENSG00000197063[2,2,4]	0	-	82789767	82790345	0	3	1422,65,230,	0,1514,1718,	chr17	82790035	82790262	retro_human_717	0	-	MAFG,AC145207.8	227
chr17	83183572	83186421	ENSG00000173762[1,3,1]	0	-	83184906	83186258	0	3	1600,315,245,	0,1857,2604,	chr17	83185389	83185799	retro_human_8176	0	-	CD7	410
chr17	83183572	83186421	ENSG00000173762[1,2,1]	0	-	83184078	83185526	0	3	614,215,992,	0,1385,1857,	chr17	83185389	83185799	retro_human_8176	0	-	CD7	410
chr17	83183572	83186421	ENSG00000173762[1,1,1]	0	-	83184078	83186258	0	4	614,215,315,245,	0,1385,1857,2604,	chr17	83185389	83185799	retro_human_8176	0	-	CD7	410
chr17	83184844	83186421	ENSG00000173762[1,6,3]	0	-	83185328	83186258	0	2	900,245,	0,1332,	chr17	83185389	83185799	retro_human_8176	0	-	CD7	410
chr17	84263786	84264352	ENSG00000232938[2,1,1]	0	+	84263786	84263786	0	1	566,	0,	chr17	84263836	84264302	retro_human_156|RPL23AP87-202|transcribed_processed_pseudogene	0	+	RPL23AP87,AC016629.2	466
chr18	734724	736559	ENSG00000177143[1,1,1]	0	+	734803	735319	0	1	1835,	0,	chr18	734804	735319	retro_human_715	0	+	CETN1	515
chr18	2721278	2727306	ENSG00000101574[1,8,7]	0	-	2722519	2722960	255	2	2120,411,	0,5617,	chr18	2724135	2724869	retro_human_721|AP005136.2-201|processed_pseudogene	0	+	AP005136.2,LOC100128926	734
chr18	2721278	2727030	ENSG00000101574[5,8,7]	0	-	2722519	2722960	255	2	2120,135,	0,5617,	chr18	2724135	2724869	retro_human_721|AP005136.2-201|processed_pseudogene	0	+	AP005136.2,LOC100128926	734
chr18	2722974	2727306	ENSG00000101574[1,8,8]	0	-	2727136	2727250	255	2	424,411,	0,3921,	chr18	2724135	2724869	retro_human_721|AP005136.2-201|processed_pseudogene	0	+	AP005136.2,LOC100128926	734
chr18	2722974	2727030	ENSG00000101574[5,8,8]	0	-	2723032	2723134	255	2	424,135,	0,3921,	chr18	2724135	2724869	retro_human_721|AP005136.2-201|processed_pseudogene	0	+	AP005136.2,LOC100128926	734
chr18	2807701	2811027	ENSG00000266405[2,2,1]	0	-	2807701	2807701	0	2	1183,346,	0,2980,	chr18	2807751	2810977	retro_human_6801|CBX3P2-201|transcribed_processed_pseudogene	0	-	CBX3P2	3226
chr18	2807701	2811027	ENSG00000266405[2,2,1]	0	-	2807701	2807701	0	2	1183,346,	0,2980,	chr18	2808306	2808841	CBX3P2-202|transcribed_processed_pseudogene	0	-	CBX3P2	535
chr18	2808256	2808891	ENSG00000266405[1,1,2]	0	-	2808256	2808256	0	1	635,	0,	chr18	2807751	2810977	retro_human_6801|CBX3P2-201|transcribed_processed_pseudogene	0	-	CBX3P2	635
chr18	2808256	2808891	ENSG00000266405[1,1,2]	0	-	2808256	2808256	0	1	635,	0,	chr18	2808306	2808841	CBX3P2-202|transcribed_processed_pseudogene	0	-	CBX3P2	535
chr18	3100996	3102437	ENSG00000263606[2,1,1]	0	-	3101595	3102033	0	1	1441,	0,	chr18	3101046	3102031	retro_human_5476|CHORDC1P4-202|transcribed_processed_pseudogene	0	-	CHORDC1P4	985
chr18	3100996	3102437	ENSG00000263606[2,1,1]	0	-	3101595	3102033	0	1	1441,	0,	chr18	3101123	3102387	CHORDC1P4-201|transcribed_processed_pseudogene	0	-	CHORDC1P4	1264
chr18	3146121	3146648	ENSG00000264186[1,1,1]	0	+	3146121	3146121	0	1	527,	0,	chr18	3146171	3146598	retro_human_5323|SNRPCP4-201|processed_pseudogene	0	+	SNRPCP4	427
chr18	3739646	3740332	ENSG00000266373[1,1,1]	0	+	3739646	3739646	0	1	686,	0,	chr18	3739696	3740282	AP002472.1-201|processed_pseudogene	0	+	LOC100419892	586
chr18	4137928	4138995	ENSG00000250933[1,1,1]	0	-	4138216	4138639	0	1	1067,	0,	chr18	4137978	4138945	retro_human_11010|GAPDHP66-201|processed_pseudogene	0	-	GAPDHP66	967
chr18	5164978	5165574	ENSG00000264775[1,1,1]	0	-	5164978	5164978	0	1	596,	0,	chr18	5165028	5165524	retro_human_4709|PPIAP14-201|processed_pseudogene	0	-	PPIAP14	496
chr18	5400020	5405919	ENSG00000263753[3,19,11]	0	+	5400020	5400020	255	2	1274,3027,	0,2872,	chr18	5402499	5403412	retro_human_1362|AP001496.3-201|processed_pseudogene	0	-	LINC00667	913
chr18	5400020	5408824	ENSG00000263753[3,25,5]	0	+	5400020	5400020	0	3	1274,191,2981,	0,3923,5823,	chr18	5402499	5403412	retro_human_1362|AP001496.3-201|processed_pseudogene	0	-	LINC00667	913
chr18	5400020	5405919	ENSG00000263753[3,25,11]	0	+	5400020	5400020	0	3	1274,191,76,	0,3923,5823,	chr18	5402499	5403412	retro_human_1362|AP001496.3-201|processed_pseudogene	0	-	LINC00667	913
chr18	5400238	5408824	ENSG00000263753[1,33,5]	0	+	5400238	5400238	255	3	1203,191,2981,	0,3705,5605,	chr18	5402499	5403412	retro_human_1362|AP001496.3-201|processed_pseudogene	0	-	LINC00667	913
chr18	5400238	5407498	ENSG00000263753[1,33,4]	0	+	5400238	5400238	255	3	1203,191,1655,	0,3705,5605,	chr18	5402499	5403412	retro_human_1362|AP001496.3-201|processed_pseudogene	0	-	LINC00667	913
chr18	5400238	5406084	ENSG00000263753[1,33,2]	0	+	5400238	5400238	255	3	1203,191,241,	0,3705,5605,	chr18	5402499	5403412	retro_human_1362|AP001496.3-201|processed_pseudogene	0	-	LINC00667	913
chr18	5400238	5405919	ENSG00000263753[1,33,11]	0	+	5400238	5400238	255	3	1203,191,76,	0,3705,5605,	chr18	5402499	5403412	retro_human_1362|AP001496.3-201|processed_pseudogene	0	-	LINC00667	913
chr18	5400238	5406264	ENSG00000263753[1,33,3]	0	+	5400238	5400238	255	3	1203,191,421,	0,3705,5605,	chr18	5402499	5403412	retro_human_1362|AP001496.3-201|processed_pseudogene	0	-	LINC00667	913
chr18	5400238	5407498	ENSG00000263753[1,21,4]	0	+	5400238	5400238	255	4	1056,608,191,1655,	0,2654,3705,5605,	chr18	5402499	5403412	retro_human_1362|AP001496.3-201|processed_pseudogene	0	-	LINC00667	913
chr18	5400238	5406264	ENSG00000263753[1,21,3]	0	+	5400238	5400238	255	4	1056,608,191,421,	0,2654,3705,5605,	chr18	5402499	5403412	retro_human_1362|AP001496.3-201|processed_pseudogene	0	-	LINC00667	913
chr18	5400238	5406084	ENSG00000263753[1,21,2]	0	+	5400238	5400238	255	4	1056,608,191,241,	0,2654,3705,5605,	chr18	5402499	5403412	retro_human_1362|AP001496.3-201|processed_pseudogene	0	-	LINC00667	913
chr18	5400238	5405919	ENSG00000263753[1,21,11]	0	+	5400238	5400238	255	4	1056,608,191,76,	0,2654,3705,5605,	chr18	5402499	5403412	retro_human_1362|AP001496.3-201|processed_pseudogene	0	-	LINC00667	913
chr18	5400238	5408824	ENSG00000263753[1,21,5]	0	+	5400238	5400238	255	4	1056,608,191,2981,	0,2654,3705,5605,	chr18	5402499	5403412	retro_human_1362|AP001496.3-201|processed_pseudogene	0	-	LINC00667	913
chr18	5400238	5408824	ENSG00000263753[1,19,5]	0	+	5400238	5400238	255	2	1056,5932,	0,2654,	chr18	5402499	5403412	retro_human_1362|AP001496.3-201|processed_pseudogene	0	-	LINC00667	913
chr18	5400238	5407498	ENSG00000263753[1,19,4]	0	+	5400238	5400238	255	2	1056,4606,	0,2654,	chr18	5402499	5403412	retro_human_1362|AP001496.3-201|processed_pseudogene	0	-	LINC00667	913
chr18	5400238	5406264	ENSG00000263753[1,19,3]	0	+	5400238	5400238	255	2	1056,3372,	0,2654,	chr18	5402499	5403412	retro_human_1362|AP001496.3-201|processed_pseudogene	0	-	LINC00667	913
chr18	5400238	5406084	ENSG00000263753[1,19,2]	0	+	5400238	5400238	255	2	1056,3192,	0,2654,	chr18	5402499	5403412	retro_human_1362|AP001496.3-201|processed_pseudogene	0	-	LINC00667	913
chr18	5400238	5405919	ENSG00000263753[1,19,11]	0	+	5400238	5400238	255	2	1056,3027,	0,2654,	chr18	5402499	5403412	retro_human_1362|AP001496.3-201|processed_pseudogene	0	-	LINC00667	913
chr18	5400238	5405564	ENSG00000263753[1,19,1]	0	+	5400238	5400238	255	2	1056,2672,	0,2654,	chr18	5402499	5403412	retro_human_1362|AP001496.3-201|processed_pseudogene	0	-	LINC00667	913
chr18	5400238	5405434	ENSG00000263753[1,19,18]	0	+	5400238	5400238	255	2	1056,2542,	0,2654,	chr18	5402499	5403412	retro_human_1362|AP001496.3-201|processed_pseudogene	0	-	LINC00667	913
chr18	5400238	5407498	ENSG00000263753[1,23,4]	0	+	5400238	5400238	0	3	1056,114,1655,	0,3705,5605,	chr18	5402499	5403412	retro_human_1362|AP001496.3-201|processed_pseudogene	0	-	LINC00667	913
chr18	5400238	5406264	ENSG00000263753[1,23,3]	0	+	5400238	5400238	0	3	1056,114,421,	0,3705,5605,	chr18	5402499	5403412	retro_human_1362|AP001496.3-201|processed_pseudogene	0	-	LINC00667	913
chr18	5400238	5406084	ENSG00000263753[1,23,2]	0	+	5400238	5400238	0	3	1056,114,241,	0,3705,5605,	chr18	5402499	5403412	retro_human_1362|AP001496.3-201|processed_pseudogene	0	-	LINC00667	913
chr18	5400238	5405919	ENSG00000263753[1,23,11]	0	+	5400238	5400238	0	3	1056,114,76,	0,3705,5605,	chr18	5402499	5403412	retro_human_1362|AP001496.3-201|processed_pseudogene	0	-	LINC00667	913
chr18	5400238	5408824	ENSG00000263753[1,23,5]	0	+	5400238	5400238	0	3	1056,114,2981,	0,3705,5605,	chr18	5402499	5403412	retro_human_1362|AP001496.3-201|processed_pseudogene	0	-	LINC00667	913
chr18	5400238	5405919	ENSG00000263753[1,10,11]	0	+	5400238	5400238	0	1	5681,	0,	chr18	5402499	5403412	retro_human_1362|AP001496.3-201|processed_pseudogene	0	-	LINC00667	913
chr18	5400238	5405564	ENSG00000263753[1,10,1]	0	+	5400238	5400238	0	1	5326,	0,	chr18	5402499	5403412	retro_human_1362|AP001496.3-201|processed_pseudogene	0	-	LINC00667	913
chr18	5400238	5405434	ENSG00000263753[1,10,18]	0	+	5400238	5400238	0	1	5196,	0,	chr18	5402499	5403412	retro_human_1362|AP001496.3-201|processed_pseudogene	0	-	LINC00667	913
chr18	5400238	5407498	ENSG00000263753[1,25,4]	0	+	5400238	5400238	0	3	1056,191,1655,	0,3705,5605,	chr18	5402499	5403412	retro_human_1362|AP001496.3-201|processed_pseudogene	0	-	LINC00667	913
chr18	5400238	5406264	ENSG00000263753[1,25,3]	0	+	5400238	5400238	0	3	1056,191,421,	0,3705,5605,	chr18	5402499	5403412	retro_human_1362|AP001496.3-201|processed_pseudogene	0	-	LINC00667	913
chr18	5400238	5406084	ENSG00000263753[1,25,2]	0	+	5400238	5400238	0	3	1056,191,241,	0,3705,5605,	chr18	5402499	5403412	retro_human_1362|AP001496.3-201|processed_pseudogene	0	-	LINC00667	913
chr18	5400238	5405919	ENSG00000263753[1,25,11]	0	+	5400238	5400238	0	3	1056,191,76,	0,3705,5605,	chr18	5402499	5403412	retro_human_1362|AP001496.3-201|processed_pseudogene	0	-	LINC00667	913
chr18	5400238	5408824	ENSG00000263753[1,25,5]	0	+	5400238	5400238	0	3	1056,191,2981,	0,3705,5605,	chr18	5402499	5403412	retro_human_1362|AP001496.3-201|processed_pseudogene	0	-	LINC00667	913
chr18	5400238	5407498	ENSG00000263753[1,12,4]	0	+	5400238	5400238	0	2	900,4606,	0,2654,	chr18	5402499	5403412	retro_human_1362|AP001496.3-201|processed_pseudogene	0	-	LINC00667	913
chr18	5400238	5406264	ENSG00000263753[1,12,3]	0	+	5400238	5400238	0	2	900,3372,	0,2654,	chr18	5402499	5403412	retro_human_1362|AP001496.3-201|processed_pseudogene	0	-	LINC00667	913
chr18	5400238	5405919	ENSG00000263753[1,12,11]	0	+	5400238	5400238	0	2	900,3027,	0,2654,	chr18	5402499	5403412	retro_human_1362|AP001496.3-201|processed_pseudogene	0	-	LINC00667	913
chr18	5400238	5405564	ENSG00000263753[1,12,1]	0	+	5400238	5400238	0	2	900,2672,	0,2654,	chr18	5402499	5403412	retro_human_1362|AP001496.3-201|processed_pseudogene	0	-	LINC00667	913
chr18	5400238	5405434	ENSG00000263753[1,12,18]	0	+	5400238	5400238	0	2	900,2542,	0,2654,	chr18	5402499	5403412	retro_human_1362|AP001496.3-201|processed_pseudogene	0	-	LINC00667	913
chr18	5400238	5403976	ENSG00000263753[1,12,9]	0	+	5400238	5400238	0	2	900,1084,	0,2654,	chr18	5402499	5403412	retro_human_1362|AP001496.3-201|processed_pseudogene	0	-	LINC00667	913
chr18	5400238	5407498	ENSG00000263753[1,1,4]	0	+	5400238	5400238	0	5	1056,91,608,191,1655,	0,2193,2654,3705,5605,	chr18	5402499	5403412	retro_human_1362|AP001496.3-201|processed_pseudogene	0	-	LINC00667	913
chr18	5400238	5406264	ENSG00000263753[1,1,3]	0	+	5400238	5400238	0	5	1056,91,608,191,421,	0,2193,2654,3705,5605,	chr18	5402499	5403412	retro_human_1362|AP001496.3-201|processed_pseudogene	0	-	LINC00667	913
chr18	5400650	5406264	ENSG00000263753[4,25,3]	0	+	5400650	5400650	0	3	644,191,421,	0,3293,5193,	chr18	5402499	5403412	retro_human_1362|AP001496.3-201|processed_pseudogene	0	-	LINC00667	913
chr18	5400972	5408824	ENSG00000263753[2,1,5]	0	+	5400972	5400972	0	5	322,91,608,191,2981,	0,1459,1920,2971,4871,	chr18	5402499	5403412	retro_human_1362|AP001496.3-201|processed_pseudogene	0	-	LINC00667	913
chr18	5402449	5403462	ENSG00000265188[1,1,1]	0	-	5402449	5402449	0	1	1013,	0,	chr18	5402499	5403412	retro_human_1362|AP001496.3-201|processed_pseudogene	0	-	LINC00667	913
chr18	6622591	6623578	ENSG00000235552[1,1,1]	0	-	6622591	6622591	0	1	987,	0,	chr18	6622641	6623508	retro_human_1361|RPL6P27-201|transcribed_processed_pseudogene	0	-	RPL6P27	867
chr18	6622591	6623578	ENSG00000235552[1,1,1]	0	-	6622591	6622591	0	1	987,	0,	chr18	6622649	6623513	RPL6P27-202|transcribed_processed_pseudogene	0	-	RPL6P27	864
chr18	6623208	6623578	ENSG00000235552[1,1,2]	0	-	6623208	6623208	0	1	370,	0,	chr18	6622641	6623508	retro_human_1361|RPL6P27-201|transcribed_processed_pseudogene	0	-	RPL6P27	300
chr18	6623208	6623578	ENSG00000235552[1,1,2]	0	-	6623208	6623208	0	1	370,	0,	chr18	6622649	6623513	RPL6P27-202|transcribed_processed_pseudogene	0	-	RPL6P27	305
chr18	7085961	7089161	ENSG00000265933[1,1,2]	0	-	7085961	7085961	0	3	2159,100,186,	0,2697,3014,	chr18	7087479	7088749	SCML2P1-201|processed_pseudogene	0	+	LINC00668,SCML2P1	1270
chr18	7087791	7090555	ENSG00000265933[2,8,4]	0	-	7087791	7087791	0	4	329,100,118,102,	0,867,1598,2662,	chr18	7087479	7088749	SCML2P1-201|processed_pseudogene	0	+	LINC00668,SCML2P1	958
chr18	10888702	10890710	ENSG00000264714[2,1,2]	0	+	10888702	10888702	0	1	2008,	0,	chr18	10886739	10889057	retro_human_10807|KIAA0895LP1-202|transcribed_processed_pseudogene	0	+	KIAA0895LP1	355
chr18	10888702	10890710	ENSG00000264714[2,1,2]	0	+	10888702	10888702	0	1	2008,	0,	chr18	10888752	10890660	KIAA0895LP1-201|transcribed_processed_pseudogene	0	+	KIAA0895LP1	1908
chr18	12237926	12239467	ENSG00000256616[1,1,2]	0	-	12237926	12237926	0	1	1541,	0,	chr18	12236003	12239359	retro_human_7203|AP002414.2-201|transcribed_processed_pseudogene	0	-	ADGRA3P1	1433
chr18	12237926	12239467	ENSG00000256616[1,1,2]	0	-	12237926	12237926	0	1	1541,	0,	chr18	12237976	12239417	AP002414.2-202|transcribed_processed_pseudogene	0	-	ADGRA3P1	1441
chr18	12374299	12374830	ENSG00000267076[1,1,1]	0	+	12374299	12374299	0	1	531,	0,	chr18	12371365	12375437	retro_human_962|AP005264.5-202|transcribed_processed_pseudogene	0	+	AP005264.5,MIX23P3	531
chr18	12374299	12374830	ENSG00000267076[1,1,1]	0	+	12374299	12374299	0	1	531,	0,	chr18	12374349	12374779	CCDC58P3-201|processed_pseudogene	0	+	MIX23P3	430
chr18	13073836	13074774	ENSG00000267570[1,1,1]	0	+	13073836	13073836	0	1	938,	0,	chr18	13073886	13074724	retro_human_5696|STK25P1-201|processed_pseudogene	0	+	STK25P1	838
chr18	13075494	13076657	ENSG00000267336[1,1,1]	0	+	13075494	13075494	0	1	1163,	0,	chr18	13075544	13076607	retro_human_5697|EIF4A2P1-201|processed_pseudogene	0	+	EIF4A2P1	1063
chr18	21304202	21304782	ENSG00000244527[1,1,1]	0	-	21304202	21304202	0	1	580,	0,	chr18	21304252	21304732	retro_human_1369|AC022795.1-201|processed_pseudogene	0	-	RPL21P128	480
chr18	22599871	22604288	ENSG00000212710[1,1,1]	0	-	22601899	22604134	0	1	4417,	0,	chr18	22602107	22604218	retro_human_2509	0	-	CTAGE1	2111
chr18	26365315	26365974	ENSG00000188985[1,1,1]	0	-	26365315	26365315	0	1	659,	0,	chr18	26365365	26365924	retro_human_3777|DHFRP1-201|processed_pseudogene	0	-	DHFRP1	559
chr18	26793396	26794427	ENSG00000263846[1,1,1]	0	+	26793396	26793396	0	1	1031,	0,	chr18	26793446	26794377	retro_human_9181|CIAPIN1P-201|processed_pseudogene	0	+	CIAPIN1P	931
chr18	27025521	27026534	ENSG00000266184[1,1,1]	0	-	27025521	27025521	0	1	1013,	0,	chr18	27025571	27026484	retro_human_4284|AC018371.2-201|processed_pseudogene	0	-	LOC440489	913
chr18	31914678	31917537	ENSG00000265158[1,1,2]	0	+	31914678	31914678	0	1	2859,	0,	chr18	31914728	31917487	LRRC37A7P-201|transcribed_processed_pseudogene	0	+	LRRC37A7P	2759
chr18	31914678	31917537	ENSG00000265158[1,1,2]	0	+	31914678	31914678	0	1	2859,	0,	chr18	31914758	31916295	LRRC37A7P-202|transcribed_processed_pseudogene	0	+	LRRC37A7P,B4GALT6	1537
chr18	32073749	32074290	ENSG00000276486[1,1,1]	0	+	32073749	32073749	0	1	541,	0,	chr18	32073799	32074240	AC022960.3-201|processed_pseudogene	0	+	LOC100421591	441
chr18	32266228	32266716	ENSG00000214917[1,1,1]	0	-	32266228	32266228	0	1	488,	0,	chr18	32266278	32266666	retro_human_9807|AC011825.1-201|processed_pseudogene	0	-	RPS15AP35	388
chr18	32602469	32603532	ENSG00000215492[1,1,1]	0	-	32602522	32603482	0	1	1063,	0,	chr18	32602519	32603482	retro_human_4399|HNRNPA1P7-201|processed_pseudogene	0	-	HNRNPA1P7	963
chr18	35523515	35535846	ENSG00000172466[1,8,1]	0	-	35531137	35531991	255	3	7802,503,137,	0,8056,12194,	chr18	35528596	35531916	retro_human_9803	0	-	ZNF24	3320
chr18	35523515	35532045	ENSG00000172466[2,3,1]	0	-	35530403	35531991	0	3	6899,148,474,	0,7654,8056,	chr18	35528596	35531916	retro_human_9803	0	-	ZNF24	3320
chr18	35523515	35535846	ENSG00000172466[1,2,1]	0	-	35528574	35531991	0	4	5595,148,503,137,	0,7654,8056,12194,	chr18	35528596	35531916	retro_human_9803	0	-	ZNF24	3320
chr18	35523515	35535846	ENSG00000172466[1,1,1]	0	-	35528574	35531991	0	4	5595,148,503,147,	0,7654,8056,12184,	chr18	35528596	35531916	retro_human_9803	0	-	ZNF24	3320
chr18	35526516	35535846	ENSG00000172466[1,8,3]	0	-	35531137	35531991	255	3	4801,503,137,	0,5055,9193,	chr18	35528596	35531916	retro_human_9803	0	-	ZNF24	3320
chr18	35526516	35535846	ENSG00000172466[1,2,3]	0	-	35528574	35531991	0	4	2594,148,503,137,	0,4653,5055,9193,	chr18	35528596	35531916	retro_human_9803	0	-	ZNF24	3320
chr18	35526516	35535846	ENSG00000172466[1,1,3]	0	-	35528574	35531991	0	4	2594,148,503,147,	0,4653,5055,9183,	chr18	35528596	35531916	retro_human_9803	0	-	ZNF24	3320
chr18	35528325	35535846	ENSG00000172466[1,2,4]	0	-	35528574	35531991	0	4	785,148,503,137,	0,2844,3246,7384,	chr18	35528596	35531916	retro_human_9803	0	-	ZNF24	3320
chr18	35528325	35535846	ENSG00000172466[1,1,4]	0	-	35528574	35531991	0	4	785,148,503,147,	0,2844,3246,7374,	chr18	35528596	35531916	retro_human_9803	0	-	ZNF24	3320
chr18	35528523	35552829	ENSG00000172466[6,9,5]	0	-	35528574	35531991	255	4	587,148,503,252,	0,2646,3048,24054,	chr18	35528596	35531916	retro_human_9803	0	-	ZNF24	3320
chr18	35528523	35535846	ENSG00000172466[1,7,5]	0	-	35528574	35531991	255	3	587,148,4275,	0,2646,3048,	chr18	35528596	35531916	retro_human_9803	0	-	ZNF24	3320
chr18	35528523	35535846	ENSG00000172466[1,8,5]	0	-	35531137	35531991	255	3	2794,503,137,	0,3048,7186,	chr18	35528596	35531916	retro_human_9803	0	-	ZNF24	3320
chr18	35528523	35535846	ENSG00000172466[1,2,5]	0	-	35528574	35531991	0	4	587,148,503,137,	0,2646,3048,7186,	chr18	35528596	35531916	retro_human_9803	0	-	ZNF24	3320
chr18	35528523	35535846	ENSG00000172466[1,1,5]	0	-	35528574	35531991	0	4	587,148,503,147,	0,2646,3048,7176,	chr18	35528596	35531916	retro_human_9803	0	-	ZNF24	3320
chr18	36465120	36466246	ENSG00000267404[1,1,1]	0	+	36465120	36465120	0	1	1126,	0,	chr18	36465170	36466196	retro_human_7705|AC023043.2-201|processed_pseudogene	0	+	LOC791126	1026
chr18	43459614	43469356	ENSG00000132872[1,1,1]	0	-	43462115	43469052	0	4	2806,121,815,338,	0,3869,5737,9404,	chr18	43462125	43465750	retro_human_3877	0	-	SYT4	3625
chr18	43460000	43469356	ENSG00000132872[1,1,8]	0	-	43462115	43469052	0	4	2420,121,815,338,	0,3483,5351,9018,	chr18	43462125	43465750	retro_human_3877	0	-	SYT4	3625
chr18	43462221	43463973	ENSG00000132872[2,3,5]	0	-	43463716	43463857	0	2	199,490,	0,1262,	chr18	43462125	43465750	retro_human_3877	0	-	SYT4	1752
chr18	47327282	47327655	ENSG00000267800[1,1,1]	0	+	47327282	47327282	0	1	373,	0,	chr18	47327332	47327605	retro_human_1871|AC012254.4-201|processed_pseudogene	0	+	HDHD2,LOC107985131	273
chr18	48217653	48328455	ENSG00000184828[2,2,1]	0	-	48220294	48232139	0	3	3290,1224,405,	0,13278,110397,	chr18	48220742	48232139	retro_human_3481	0	-	ZBTB7C	11397
chr18	54609927	54610253	ENSG00000264350[1,1,1]	0	-	54609927	54609927	0	1	326,	0,	chr18	54609977	54610203	retro_human_10395|SNRPGP2-201|processed_pseudogene	0	-	SNRPGP2	226
chr18	54947809	54948741	ENSG00000267524[1,1,1]	0	+	54947809	54947809	0	1	932,	0,	chr18	54947859	54948691	retro_human_1741|RPSAP57-201|processed_pseudogene	0	+	RPSAP57	832
chr18	58038668	58039259	ENSG00000231544[1,1,1]	0	+	58038668	58038668	0	1	591,	0,	chr18	58038718	58039209	retro_human_1745|RSL24D1P11-201|processed_pseudogene	0	+	RSL24D1P11	491
chr18	60023687	60027218	ENSG00000267669[1,1,1]	0	+	60023687	60023687	0	2	78,550,	0,2981,	chr18	60023737	60027168	retro_human_7576|AC098847.1-201|transcribed_processed_pseudogene	0	+	AC098847.1,RPLP0P12	3431
chr18	60023687	60027218	ENSG00000267669[1,1,1]	0	+	60023687	60023687	0	2	78,550,	0,2981,	chr18	60026731	60027968	AC098847.1-202|transcribed_processed_pseudogene	0	+	AC098847.1,RPLP0P12	487
chr18	60219680	60220444	ENSG00000267742[1,1,1]	0	-	60219680	60219680	0	1	764,	0,	chr18	60219730	60220394	retro_human_8972|SINHCAFP2-201|processed_pseudogene	0	-	SINHCAFP2	664
chr18	61608094	61608542	ENSG00000243256[1,1,1]	0	-	61608094	61608094	0	1	448,	0,	chr18	61608144	61608492	retro_human_8976|RPL30P14-201|processed_pseudogene	0	-	RPL30P14	348
chr18	62644849	62646048	ENSG00000266920[1,1,1]	0	+	62644849	62644849	0	1	1199,	0,	chr18	62644899	62645998	retro_human_1928|ACTBP9-201|processed_pseudogene	0	+	ACTBP9	1099
chr18	63702010	63702522	ENSG00000214318[1,1,1]	0	+	63702060	63702201	0	1	512,	0,	chr18	63702060	63702472	retro_human_2146|ATP5MC1P6-201|processed_pseudogene	0	+	ATP5MC1P6	412
chr18	67926510	67926928	ENSG00000265472[1,1,1]	0	-	67926510	67926510	0	1	418,	0,	chr18	67926560	67926878	retro_human_80|AC022655.2-201|processed_pseudogene	0	-	FAM32DP	318
chr18	72839721	72840777	ENSG00000264315[1,1,1]	0	+	72839721	72839721	0	1	1056,	0,	chr18	72839771	72840727	retro_human_976|HNRNPA1P11-201|processed_pseudogene	0	+	HNRNPA1P11	956
chr18	74617525	74618038	ENSG00000235297[1,1,1]	0	-	74617525	74617525	0	1	513,	0,	chr18	74617574	74617988	retro_human_3093|FAUP1-201|processed_pseudogene	0	-	FAUP1	414
chr18	77063149	77063708	ENSG00000244229[1,1,1]	0	-	77063149	77063149	0	1	559,	0,	chr18	77063198	77063658	retro_human_5855|RPL26P35-201|processed_pseudogene	0	-	RPL26P35	460
chr19	144446	146903	ENSG00000282059[1,1,1]	0	+	144446	144446	0	1	2457,	0,	chr19	144496	146853	retro_human_8563|CICP19-201|processed_pseudogene	0	+	CICP19	2357
chr19	148517	149374	ENSG00000282416[1,1,1]	0	-	148517	148517	0	1	857,	0,	chr19	148567	149324	AC092299.1-201|processed_pseudogene	0	-	LINC01002	757
chr19	148517	149374	ENSG00000282416[1,1,1]	0	-	148517	148517	0	1	857,	0,	chr19	149218	149654	AC010507.1-201|transcribed_processed_pseudogene	0	+	AC010507.1,LINC01002	156
chr19	544270	545241	ENSG00000267036[1,1,1]	0	-	544270	544270	0	1	971,	0,	chr19	544320	545191	AC005559.1-201|processed_pseudogene	0	-	HCN2,LOC100420586	871
chr19	1171697	1172431	ENSG00000267736[1,1,1]	0	+	1171697	1171697	0	1	734,	0,	chr19	1171747	1172381	retro_human_2714|HMGB2P1-201|transcribed_processed_pseudogene	0	+	HMGB2P1	634
chr19	1276610	1277080	ENSG00000240846[1,1,1]	0	-	1276610	1276610	0	1	470,	0,	chr19	1276669	1277030	retro_human_6819|RPS15P9-201|processed_pseudogene	0	-	RPS15P9	361
chr19	1986171	1987200	ENSG00000275468[1,1,1]	0	-	1986525	1986930	0	1	1029,	0,	chr19	1986221	1987150	AC004678.1-201|processed_pseudogene	0	-	BTBD2	929
chr19	2906763	2918509	ENSG00000175691[1,1,1]	0	-	2907087	2918328	0	4	1648,181,127,184,	0,3353,6001,11562,	chr19	2907034	2912891	retro_human_6818	0	-	ZNF77	5857
chr19	4027423	4050075	ENSG00000178951[1,1,3]	0	-	4030864	4038344	0	3	3931,1277,268,	0,9659,22384,	chr19	4031156	4038308	retro_human_990	0	-	ZBTB7A	7152
chr19	4027726	4050075	ENSG00000178951[1,1,4]	0	-	4030864	4038344	0	3	3628,1277,268,	0,9356,22081,	chr19	4031156	4038308	retro_human_990	0	-	ZBTB7A	7152
chr19	4028285	4050075	ENSG00000178951[1,1,5]	0	-	4030864	4038344	0	3	3069,1277,268,	0,8797,21522,	chr19	4031156	4038308	retro_human_990	0	-	ZBTB7A	7152
chr19	4029422	4050075	ENSG00000178951[1,1,6]	0	-	4030864	4038344	0	3	1932,1277,268,	0,7660,20385,	chr19	4031156	4038308	retro_human_990	0	-	ZBTB7A	7152
chr19	4029644	4050075	ENSG00000178951[1,1,7]	0	-	4030864	4038344	0	3	1710,1277,268,	0,7438,20163,	chr19	4031156	4038308	retro_human_990	0	-	ZBTB7A	7152
chr19	4030801	4048908	ENSG00000178951[2,2,2]	0	-	4030864	4038344	0	3	553,1277,353,	0,6281,17754,	chr19	4031156	4038308	retro_human_990	0	-	ZBTB7A	7152
chr19	4157365	4165919	ENSG00000077463[1,17,1]	0	-	4157682	4165842	255	8	458,124,81,96,60,183,128,143,	0,969,1621,1783,3020,5045,6719,8411,	chr19	4162410	4164212	retro_human_6216	0	-	SIRT6	1802
chr19	4157365	4165919	ENSG00000077463[1,16,1]	0	-	4158207	4165842	255	8	888,84,81,96,60,183,128,143,	0,969,1621,1783,3020,5045,6719,8411,	chr19	4162410	4164212	retro_human_6216	0	-	SIRT6	1802
chr19	4157365	4165919	ENSG00000077463[1,12,1]	0	-	4158325	4165842	0	6	1093,81,96,60,128,143,	0,1621,1783,3020,6719,8411,	chr19	4162410	4164212	retro_human_6216	0	-	SIRT6	1802
chr19	4157365	4165919	ENSG00000077463[1,3,1]	0	-	4158207	4165842	0	7	888,84,81,96,60,128,143,	0,969,1621,1783,3020,6719,8411,	chr19	4162410	4164212	retro_human_6216	0	-	SIRT6	1802
chr19	4157365	4165919	ENSG00000077463[1,11,1]	0	-	4157926	4158508	0	5	888,910,60,128,143,	0,969,3020,6719,8411,	chr19	4162410	4164212	retro_human_6216	0	-	SIRT6	1802
chr19	4157365	4165919	ENSG00000077463[1,9,1]	0	-	4157926	4162571	0	7	888,124,81,96,60,183,143,	0,969,1621,1783,3020,5045,8411,	chr19	4162410	4164212	retro_human_6216	0	-	SIRT6	1802
chr19	4157365	4165919	ENSG00000077463[1,8,1]	0	-	4157926	4158508	0	6	888,733,96,60,183,143,	0,969,1783,3020,5045,8411,	chr19	4162410	4164212	retro_human_6216	0	-	SIRT6	1802
chr19	4157365	4165919	ENSG00000077463[1,13,1]	0	-	4157926	4165842	0	7	888,124,81,96,60,128,143,	0,969,1621,1783,3020,6719,8411,	chr19	4162410	4164212	retro_human_6216	0	-	SIRT6	1802
chr19	4157365	4165919	ENSG00000077463[1,14,1]	0	-	4159147	4165842	0	7	888,124,258,60,183,128,143,	0,969,1621,3020,5045,6719,8411,	chr19	4162410	4164212	retro_human_6216	0	-	SIRT6	1802
chr19	4157365	4165919	ENSG00000077463[1,1,1]	0	-	4157926	4165842	0	8	888,124,81,96,60,183,128,143,	0,969,1621,1783,3020,5045,6719,8411,	chr19	4162410	4164212	retro_human_6216	0	-	SIRT6	1802
chr19	4157365	4165919	ENSG00000077463[1,4,1]	0	-	4157926	4165842	0	7	888,124,96,60,183,128,143,	0,969,1783,3020,5045,6719,8411,	chr19	4162410	4164212	retro_human_6216	0	-	SIRT6	1802
chr19	4159047	4162860	ENSG00000077463[3,5,5]	0	-	4159147	4162571	0	3	197,60,450,	0,1338,3363,	chr19	4162410	4164212	retro_human_6216	0	-	SIRT6	450
chr19	4163864	4165919	ENSG00000077463[1,10,6]	0	-	4163881	4164004	0	2	348,143,	0,1912,	chr19	4162410	4164212	retro_human_6216	0	-	SIRT6	348
chr19	4777145	4781063	ENSG00000141965[1,1,2]	0	+	4777316	4779323	0	1	3918,	0,	chr19	4777317	4779323	retro_human_4374	0	+	AC005523.2,FEM1A	2006
chr19	4777145	4786799	ENSG00000141965[1,1,1]	0	+	4777316	4779323	0	1	9654,	0,	chr19	4777317	4779323	retro_human_4374	0	+	AC005523.2,FEM1A	2006
chr19	4778861	4781063	ENSG00000141965[2,1,2]	0	+	4778936	4779323	0	1	2202,	0,	chr19	4777317	4779323	retro_human_4374	0	+	AC005523.2,FEM1A	462
chr19	5192051	5199109	ENSG00000105426[8,14,1]	0	-	5193370	5198801	255	7	1385,136,155,126,127,179,551,	0,2464,2779,5011,5221,6132,6507,	chr19	5197075	5198329	retro_human_992	0	-	PTPRS	1254
chr19	5192051	5201300	ENSG00000105426[9,16,1]	0	-	5193370	5201217	255	10	1385,136,155,126,127,179,286,155,120,146,	0,2464,2779,5011,5221,6132,6507,6879,8903,9103,	chr19	5197075	5198329	retro_human_992	0	-	PTPRS	1254
chr19	5192051	5199109	ENSG00000105426[8,15,1]	0	-	5193370	5198801	255	8	1385,136,155,126,127,179,286,179,	0,2464,2779,5011,5221,6132,6507,6879,	chr19	5197075	5198329	retro_human_992	0	-	PTPRS	1254
chr19	5264249	5264749	ENSG00000239524[1,1,1]	0	+	5264249	5264249	0	1	500,	0,	chr19	5264299	5264699	retro_human_8189|RPL32P34-201|processed_pseudogene	0	+	RPL32P34	400
chr19	5563292	5563671	ENSG00000233270[1,1,1]	0	-	5563292	5563292	0	1	379,	0,	chr19	5563342	5563621	retro_human_991|SNRPEP4-201|processed_pseudogene	0	-	SNRPEP4	279
chr19	6582936	6583763	ENSG00000268785[1,1,1]	0	+	6582936	6582936	0	1	827,	0,	chr19	6582986	6583713	retro_human_4426|RPL7P50-201|processed_pseudogene	0	+	RPL7P50,CD70	727
chr19	6995273	6996436	ENSG00000269761[1,1,1]	0	-	6995273	6995273	0	1	1163,	0,	chr19	6995323	6996386	retro_human_986|AC025278.2-201|processed_pseudogene	0	-	FLJ25758	1063
chr19	7740970	7748641	ENSG00000090659[1,1,1]	0	-	7744068	7748538	0	7	3297,113,152,570,72,60,149,	0,4163,4997,5574,6516,7362,7522,	chr19	7741939	7742940	retro_human_7812	0	+	CD209,LOC100129391	1001
chr19	9282155	9287677	ENSG00000130803[2,5,3]	0	+	9283554	9287624	0	5	80,783,96,83,1370,	0,650,2018,2864,4152,	chr19	9286263	9287804	retro_human_2356	0	+	ZNF317	1414
chr19	9284215	9289668	ENSG00000130803[3,6,1]	0	+	9289360	9289474	0	3	54,83,420,	0,804,5033,	chr19	9286263	9287804	retro_human_2356	0	+	ZNF317	1541
chr19	9450334	9508477	ENSG00000270011[2,18,2]	0	+	9504530	9508011	255	14	105,86,63,89,127,83,87,143,108,86,127,93,83,1573,	0,569,13677,14375,15074,16977,40740,47493,52195,54143,54846,55411,55959,56570,	chr19	9474333	9480798	retro_human_1276	0	-	LOC100128428	6465
chr19	9450334	9506419	ENSG00000270011[2,13,9]	0	+	9504530	9506409	0	7	105,86,108,86,127,93,126,	0,569,52195,54143,54846,55411,55959,	chr19	9474333	9480798	retro_human_1276	0	-	LOC100128428	6465
chr19	9450334	9508477	ENSG00000270011[2,15,2]	0	+	9504530	9508011	0	9	281,86,87,108,86,127,93,83,1093,	0,569,40740,52195,54143,54846,55411,55959,57050,	chr19	9474333	9480798	retro_human_1276	0	-	LOC100128428	6465
chr19	9816062	9827007	ENSG00000224689[2,2,1]	0	-	9816062	9816062	0	3	1396,155,439,	0,6212,10506,	chr19	9816348	9820006	retro_human_6260	0	-	ZNF812P	3658
chr19	9946234	9946649	ENSG00000267119[1,1,1]	0	+	9946234	9946234	0	1	415,	0,	chr19	9946284	9946599	retro_human_7452|RPL10P15-201|processed_pseudogene	0	+	RPL10P15,FBXL12	315
chr19	10232520	10241624	ENSG00000130810[1,2,8]	0	+	10232850	10237371	0	11	360,102,51,171,77,108,124,79,130,170,4471,	0,1193,1492,1652,3319,3601,3811,4012,4173,4385,4633,	chr19	10239703	10240698	retro_human_7451	0	+	P2RY11,PPAN-P2RY11	995
chr19	10232520	10241624	ENSG00000130810[1,1,8]	0	+	10232603	10237371	0	12	101,171,102,51,171,77,108,124,79,130,170,4471,	0,189,1193,1492,1652,3319,3601,3811,4012,4173,4385,4633,	chr19	10239703	10240698	retro_human_7451	0	+	P2RY11,PPAN-P2RY11	995
chr19	10232553	10241624	ENSG00000243207[1,2,2]	0	+	10232603	10240060	0	13	68,171,102,51,171,77,108,124,79,130,170,140,1783,	0,156,1160,1459,1619,3286,3568,3778,3979,4140,4352,4600,7288,	chr19	10239703	10240698	retro_human_7451	0	+	P2RY11,PPAN-P2RY11	995
chr19	10232553	10241624	ENSG00000243207[1,1,2]	0	+	10232603	10240944	0	13	68,171,102,51,171,77,108,124,79,130,170,78,1783,	0,156,1160,1459,1619,3286,3568,3778,3979,4140,4352,4600,7288,	chr19	10239703	10240698	retro_human_7451	0	+	P2RY11,PPAN-P2RY11	995
chr19	10237696	10241631	ENSG00000244165[3,1,1]	0	+	10237930	10240944	0	2	253,1790,	0,2145,	chr19	10239703	10240698	retro_human_7451	0	+	P2RY11,PPAN-P2RY11	995
chr19	10237851	10241631	ENSG00000244165[1,1,1]	0	+	10237930	10240944	0	2	98,1790,	0,1990,	chr19	10239703	10240698	retro_human_7451	0	+	P2RY11,PPAN-P2RY11	995
chr19	10238262	10240093	ENSG00000244165[2,2,2]	0	+	10239958	10240060	0	2	402,252,	0,1579,	chr19	10239703	10240698	retro_human_7451	0	+	P2RY11,PPAN-P2RY11	390
chr19	11649420	11650051	ENSG00000213304[1,1,1]	0	+	11649420	11649420	0	1	631,	0,	chr19	11649470	11650001	retro_human_7448|AC008481.2-201|processed_pseudogene	0	+	RPL18AP13	531
chr19	11650888	11651384	ENSG00000213303[1,1,1]	0	+	11650888	11650888	0	1	496,	0,	chr19	11650938	11651334	retro_human_7447|AC008481.1-201|processed_pseudogene	0	+	RPS12P32	396
chr19	11794189	11795251	ENSG00000214223[1,1,1]	0	-	11794189	11794189	0	1	1062,	0,	chr19	11794239	11795201	retro_human_866|HNRNPA1P10-201|processed_pseudogene	0	-	HNRNPA1P10	962
chr19	12224617	12225209	ENSG00000237273[1,1,1]	0	+	12224617	12224617	0	1	592,	0,	chr19	12224667	12225159	retro_human_7055|RSL24D1P8-201|processed_pseudogene	0	+	RSL24D1P8	492
chr19	12270007	12271624	ENSG00000242615[2,1,1]	0	-	12270599	12271028	0	1	1617,	0,	chr19	12270057	12271574	retro_human_5347|AC022415.1-201|transcribed_processed_pseudogene	0	-	ZNF625	1517
chr19	12270007	12271624	ENSG00000242615[2,1,1]	0	-	12270599	12271028	0	1	1617,	0,	chr19	12270622	12271145	AC022415.1-202|transcribed_processed_pseudogene	0	-	ZNF625,ZNF625-ZNF20	523
chr19	12270572	12271195	ENSG00000242615[1,1,2]	0	-	12270599	12271028	0	1	623,	0,	chr19	12270057	12271574	retro_human_5347|AC022415.1-201|transcribed_processed_pseudogene	0	-	ZNF625	623
chr19	12270572	12271195	ENSG00000242615[1,1,2]	0	-	12270599	12271028	0	1	623,	0,	chr19	12270622	12271145	AC022415.1-202|transcribed_processed_pseudogene	0	-	ZNF625,ZNF625-ZNF20	523
chr19	12323205	12338160	ENSG00000234773[1,1,2]	0	+	12323205	12323205	0	3	179,377,1646,	0,12370,13309,	chr19	12335576	12337478	retro_human_7058	0	+	AC012618.3,LOC100289333	1902
chr19	12388351	12388863	ENSG00000213293[1,1,1]	0	+	12388351	12388351	0	1	512,	0,	chr19	12388401	12388813	retro_human_7057|AC012618.1-201|processed_pseudogene	0	+	RPL28P5	412
chr19	12412594	12413543	ENSG00000234750[1,1,1]	0	+	12412594	12412594	0	1	949,	0,	chr19	12412644	12413493	retro_human_1598|AC012618.2-201|processed_pseudogene	0	+	ZNF44	849
chr19	12508042	12512084	ENSG00000248406[1,1,1]	0	-	12510970	12512043	0	3	1691,61,177,	0,2875,3865,	chr19	12508736	12512040	retro_human_7507	0	-	AC008758.4,AC008758.3	3304
chr19	12589537	12613270	ENSG00000242852[1,1,1]	0	-	12592402	12613061	0	4	4600,58,127,212,	0,5328,5590,23521,	chr19	12592367	12595239	retro_human_5362	0	-	ZNF709,AC008758.1	2872
chr19	12589912	12613270	ENSG00000242852[1,1,4]	0	-	12592402	12613061	0	4	4225,58,127,212,	0,4953,5215,23146,	chr19	12592367	12595239	retro_human_5362	0	-	ZNF709,AC008758.1	2872
chr19	12590916	12613270	ENSG00000242852[1,1,5]	0	-	12592402	12613061	0	4	3221,58,127,212,	0,3949,4211,22142,	chr19	12592367	12595239	retro_human_5362	0	-	ZNF709,AC008758.1	2872
chr19	12591217	12613270	ENSG00000242852[1,1,6]	0	-	12592402	12613061	0	4	2920,58,127,212,	0,3648,3910,21841,	chr19	12592367	12595239	retro_human_5362	0	-	ZNF709,AC008758.1	2872
chr19	12767729	12768474	ENSG00000178464[1,1,1]	0	-	12767729	12767729	0	1	745,	0,	chr19	12767779	12768424	retro_human_5348|RPL10P16-201|processed_pseudogene	0	-	AC010422.3,RPL10P16	645
chr19	12812447	12812972	ENSG00000283980[1,1,1]	0	+	12812548	12812869	0	1	525,	0,	chr19	12812549	12812869	retro_human_1601	0	+	GNG14,FBXW9	320
chr19	14615951	14616273	ENSG00000224543[1,1,1]	0	+	14615951	14615951	0	1	322,	0,	chr19	14616001	14616223	retro_human_6651|SNRPGP15-201|processed_pseudogene	0	+	SNRPGP15	222
chr19	14641426	14645165	ENSG00000132002[1,5,1]	0	-	14643146	14645057	255	2	2328,319,	0,3420,	chr19	14642657	14643692	retro_human_10867	0	-	DNAJB1	1035
chr19	14641426	14645165	ENSG00000132002[1,34,1]	0	-	14642650	14643665	255	3	1452,581,321,	0,1747,3418,	chr19	14642657	14643692	retro_human_10867	0	-	DNAJB1	1035
chr19	14641426	14645165	ENSG00000132002[1,2,1]	0	-	14642650	14643665	255	2	1452,1992,	0,1747,	chr19	14642657	14643692	retro_human_10867	0	-	DNAJB1	1035
chr19	14641426	14645165	ENSG00000132002[1,1,1]	0	-	14642650	14645057	0	3	1452,581,319,	0,1747,3420,	chr19	14642657	14643692	retro_human_10867	0	-	DNAJB1	1035
chr19	14642306	14645165	ENSG00000132002[1,5,2]	0	-	14643146	14645057	255	2	1448,319,	0,2540,	chr19	14642657	14643692	retro_human_10867	0	-	DNAJB1	1035
chr19	14642306	14645165	ENSG00000132002[1,34,2]	0	-	14642650	14643665	255	3	572,581,321,	0,867,2538,	chr19	14642657	14643692	retro_human_10867	0	-	DNAJB1	1035
chr19	14642306	14645165	ENSG00000132002[1,2,2]	0	-	14642650	14643665	255	2	572,1992,	0,867,	chr19	14642657	14643692	retro_human_10867	0	-	DNAJB1	1035
chr19	14642306	14645165	ENSG00000132002[1,1,2]	0	-	14642650	14645057	0	3	572,581,319,	0,867,2540,	chr19	14642657	14643692	retro_human_10867	0	-	DNAJB1	1035
chr19	14642770	14644593	ENSG00000132002[2,4,6]	0	-	14643535	14643709	0	3	108,581,295,	0,403,1528,	chr19	14642657	14643692	retro_human_10867	0	-	DNAJB1	922
chr19	14919822	14920138	ENSG00000256210[1,1,1]	0	+	14919822	14919822	0	1	316,	0,	chr19	14919872	14920088	retro_human_6649|AC005255.1-201|processed_pseudogene	0	+	OR7C1,TMEM167AP2	216
chr19	15463837	15464227	ENSG00000270802[1,1,1]	0	+	15463837	15463837	0	1	390,	0,	chr19	15463887	15464177	retro_human_6653|AC005776.1-201|processed_pseudogene	0	+	LOC124904643	290
chr19	15736702	15737268	ENSG00000225067[1,1,1]	0	+	15736702	15736702	0	1	566,	0,	chr19	15736718	15737005	AD000091.1-201|processed_pseudogene	0	-	RPL23AP2	287
chr19	15736702	15737268	ENSG00000225067[1,1,1]	0	+	15736702	15736702	0	1	566,	0,	chr19	15736752	15737218	retro_human_1232|RPL23AP2-201|processed_pseudogene	0	+	RPL23AP2	466
chr19	16460073	16462452	ENSG00000127528[2,3,4]	0	+	16460166	16461904	255	2	835,721,	0,1658,	chr19	16461644	16461901	retro_human_1236	0	+	KLF2	257
chr19	18156429	18166227	ENSG00000273654[1,2,1]	0	+	18156429	18156429	0	2	315,1454,	0,8344,	chr19	18156479	18166177	retro_human_9370|AC020904.2-201|transcribed_processed_pseudogene	0	+	CSP3	9698
chr19	18156429	18166227	ENSG00000273654[1,2,1]	0	+	18156429	18156429	0	2	315,1454,	0,8344,	chr19	18164706	18166107	AC020904.2-202|transcribed_processed_pseudogene	0	+	CSP3	1401
chr19	18164656	18166227	ENSG00000273654[2,1,1]	0	+	18164656	18164656	0	1	1571,	0,	chr19	18156479	18166177	retro_human_9370|AC020904.2-201|transcribed_processed_pseudogene	0	+	CSP3	1521
chr19	18164656	18166227	ENSG00000273654[2,1,1]	0	+	18164656	18164656	0	1	1571,	0,	chr19	18164706	18166107	AC020904.2-202|transcribed_processed_pseudogene	0	+	CSP3	1401
chr19	18174384	18175213	ENSG00000268623[1,1,1]	0	+	18174384	18174384	0	1	829,	0,	chr19	18174434	18175163	retro_human_9369|AC020904.1-201|processed_pseudogene	0	+	LOC646666	729
chr19	18330858	18338193	ENSG00000105649[1,6,1]	0	-	18331595	18336841	255	5	925,125,119,228,637,	0,1952,3554,5755,6698,	chr19	18334412	18336793	retro_human_10349	0	-	RAB3A	2381
chr19	18330858	18338193	ENSG00000105649[1,5,1]	0	-	18331595	18336841	255	4	925,125,119,1580,	0,1952,3554,5755,	chr19	18334412	18336793	retro_human_10349	0	-	RAB3A	2381
chr19	18330858	18338193	ENSG00000105649[1,2,1]	0	-	18331595	18334474	0	4	925,125,119,197,	0,1952,3554,7138,	chr19	18334412	18336793	retro_human_10349	0	-	RAB3A	2381
chr19	18330858	18338193	ENSG00000105649[1,1,1]	0	-	18331595	18336841	0	5	925,125,119,228,197,	0,1952,3554,5755,7138,	chr19	18334412	18336793	retro_human_10349	0	-	RAB3A	2381
chr19	19651655	19653085	ENSG00000178093[1,1,1]	0	-	19652095	19652914	0	1	1430,	0,	chr19	19652114	19652905	retro_human_10354	0	-	TSSK6	791
chr19	20168401	20177278	ENSG00000197124[1,12,6]	0	-	20168589	20168816	0	3	216,121,213,	0,326,8664,	chr19	20171177	20172066	retro_human_3901|AC006539.2-201|processed_pseudogene	0	+	AC006539.2,LOC105372308,LOC101928960	889
chr19	20215285	20217711	ENSG00000213988[1,2,2]	0	+	20217297	20217405	0	2	192,583,	0,1843,	chr19	20217159	20217881	retro_human_5056|AC006539.1-201|processed_pseudogene	0	-	ZNF90,AC006539.1,LOC100419301	552
chr19	20262343	20262884	ENSG00000224864[1,1,1]	0	+	20262393	20262831	0	1	541,	0,	chr19	20262393	20262834	retro_human_11188|AC011447.1-201|transcribed_processed_pseudogene	0	+	AC011447.3,ZNF90,RPS16P10	441
chr19	20359323	20360018	ENSG00000271524[1,1,1]	0	+	20359323	20359323	0	1	695,	0,	chr19	20359373	20359968	retro_human_10446|BNIP3P17-201|processed_pseudogene	0	+	AC011447.7,LOC105372310	595
chr19	22276275	22277426	ENSG00000268140[1,1,1]	0	+	22276275	22276275	0	1	1151,	0,	chr19	22276325	22277376	retro_human_10422|PCGF7P-201|processed_pseudogene	0	+	PCGF7P	1051
chr19	22507181	22507635	ENSG00000236312[1,1,1]	0	-	22507181	22507181	0	1	454,	0,	chr19	22507231	22507585	retro_human_10959|RPL34P34-201|processed_pseudogene	0	-	RPL34P34	354
chr19	22837921	22838355	ENSG00000241282[1,1,1]	0	+	22837921	22837921	0	1	434,	0,	chr19	22837971	22838305	retro_human_4958|RPL34P33-201|processed_pseudogene	0	+	RPL34P33	334
chr19	23258253	23259262	ENSG00000270479[1,1,1]	0	-	23258253	23258253	0	1	1009,	0,	chr19	23258303	23259212	retro_human_9261|BNIP3P37-201|processed_pseudogene	0	-	ZNF730	909
chr19	23261642	23262967	ENSG00000267920[1,1,1]	0	-	23261642	23261642	0	1	1325,	0,	chr19	23260788	23263668	retro_human_7721|AC124856.1-201|processed_pseudogene	0	+	AC124856.1,SNX6P1,LOC100419307	1325
chr19	23261642	23262967	ENSG00000267920[1,1,1]	0	-	23261642	23261642	0	1	1325,	0,	chr19	23261692	23262917	SNX6P1-201|processed_pseudogene	0	-	SNX6P1	1225
chr19	23356383	23385270	ENSG00000196081[1,3,1]	0	-	23357222	23367105	0	5	2470,96,127,122,205,	0,9709,10610,21042,28682,	chr19	23357832	23366186	retro_human_9258	0	-	ZNF724,AC092329.3	8354
chr19	23356383	23385270	ENSG00000196081[1,1,1]	0	-	23357222	23385068	0	4	2470,96,127,205,	0,9709,10610,28682,	chr19	23357832	23366186	retro_human_9258	0	-	ZNF724,AC092329.3	8354
chr19	23357175	23385270	ENSG00000196081[1,3,4]	0	-	23357222	23367105	0	5	1678,96,127,122,205,	0,8917,9818,20250,27890,	chr19	23357832	23366186	retro_human_9258	0	-	ZNF724,AC092329.3	8354
chr19	23357175	23385270	ENSG00000196081[1,1,4]	0	-	23357222	23385068	0	4	1678,96,127,205,	0,8917,9818,27890,	chr19	23357832	23366186	retro_human_9258	0	-	ZNF724,AC092329.3	8354
chr19	23358714	23385270	ENSG00000196081[1,3,3]	0	-	23358714	23358714	0	5	139,96,127,122,205,	0,7378,8279,18711,26351,	chr19	23357832	23366186	retro_human_9258	0	-	ZNF724,AC092329.3	7472
chr19	23389803	23390285	ENSG00000269837[1,1,1]	0	-	23389876	23390032	0	1	482,	0,	chr19	23389853	23392738	IPO5P1-201|transcribed_processed_pseudogene	0	-	AC092329.1,IPO5P1	432
chr19	23389803	23390285	ENSG00000269837[1,1,1]	0	-	23389876	23390032	0	1	482,	0,	chr19	23389948	23390235	IPO5P1-202|transcribed_processed_pseudogene	0	-	IPO5P1	287
chr19	23389803	23392788	ENSG00000269837[2,1,1]	0	-	23391958	23392120	0	1	2985,	0,	chr19	23389853	23392738	IPO5P1-201|transcribed_processed_pseudogene	0	-	AC092329.1,IPO5P1	2885
chr19	23439742	23533357	ENSG00000167232[1,12,4]	0	-	23443865	23533190	0	4	4158,96,127,197,	0,71835,72731,93418,	chr19	23496399	23512597	retro_human_9259	0	-	ZNF91	16198
chr19	23441561	23533357	ENSG00000167232[1,12,5]	0	-	23443865	23533190	0	4	2339,96,127,197,	0,70016,70912,91599,	chr19	23496399	23512597	retro_human_9259	0	-	ZNF91	16198
chr19	23443655	23533357	ENSG00000167232[1,12,7]	0	-	23443865	23533190	0	4	245,96,127,197,	0,67922,68818,89505,	chr19	23496399	23512597	retro_human_9259	0	-	ZNF91	16198
chr19	23474764	23533357	ENSG00000167232[1,3,10]	0	-	23476785	23533190	0	4	2134,96,127,197,	0,36813,37709,58396,	chr19	23496399	23512597	retro_human_9259	0	-	ZNF91	16198
chr19	23475624	23533357	ENSG00000167232[1,3,8]	0	-	23476785	23533190	0	4	1274,96,127,197,	0,35953,36849,57536,	chr19	23496399	23512597	retro_human_9259	0	-	ZNF91	16198
chr19	23495490	23533357	ENSG00000167232[1,11,1]	0	-	23497250	23500526	0	2	5080,197,	0,37670,	chr19	23496399	23512597	retro_human_9259	0	-	ZNF91	16198
chr19	23495490	23533357	ENSG00000167232[1,2,1]	0	-	23497250	23533190	0	3	5080,127,197,	0,16983,37670,	chr19	23496399	23512597	retro_human_9259	0	-	ZNF91	16198
chr19	23495490	23533357	ENSG00000167232[1,1,1]	0	-	23497250	23533190	0	4	5080,96,127,197,	0,16087,16983,37670,	chr19	23496399	23512597	retro_human_9259	0	-	ZNF91	16198
chr19	23497197	23632000	ENSG00000167232[5,13,3]	0	-	23497250	23500526	255	2	3387,1164,	0,133639,	chr19	23496399	23512597	retro_human_9259	0	-	ZNF91	15400
chr19	23497197	23533357	ENSG00000167232[1,11,3]	0	-	23497250	23500526	0	2	3373,197,	0,35963,	chr19	23496399	23512597	retro_human_9259	0	-	ZNF91	15400
chr19	23497197	23533357	ENSG00000167232[1,2,3]	0	-	23497250	23533190	0	3	3373,127,197,	0,15276,35963,	chr19	23496399	23512597	retro_human_9259	0	-	ZNF91	15400
chr19	23497197	23533357	ENSG00000167232[1,1,3]	0	-	23497250	23533190	0	4	3373,96,127,197,	0,14380,15276,35963,	chr19	23496399	23512597	retro_human_9259	0	-	ZNF91	15400
chr19	23498667	23533357	ENSG00000167232[1,11,12]	0	-	23500498	23533190	0	2	1903,197,	0,34493,	chr19	23496399	23512597	retro_human_9259	0	-	ZNF91	13930
chr19	23498667	23533357	ENSG00000167232[1,2,12]	0	-	23499394	23499625	0	3	1903,127,197,	0,13806,34493,	chr19	23496399	23512597	retro_human_9259	0	-	ZNF91	13930
chr19	23498667	23533357	ENSG00000167232[1,1,12]	0	-	23499394	23499625	0	4	1903,96,127,197,	0,12910,13806,34493,	chr19	23496399	23512597	retro_human_9259	0	-	ZNF91	13930
chr19	23498835	23533357	ENSG00000167232[1,11,13]	0	-	23500498	23533190	0	2	1735,197,	0,34325,	chr19	23496399	23512597	retro_human_9259	0	-	ZNF91	13762
chr19	23498835	23533357	ENSG00000167232[1,2,13]	0	-	23499394	23499625	0	3	1735,127,197,	0,13638,34325,	chr19	23496399	23512597	retro_human_9259	0	-	ZNF91	13762
chr19	23498835	23533357	ENSG00000167232[1,1,13]	0	-	23499394	23499625	0	4	1735,96,127,197,	0,12742,13638,34325,	chr19	23496399	23512597	retro_human_9259	0	-	ZNF91	13762
chr19	23499919	23533357	ENSG00000167232[1,11,9]	0	-	23500498	23533190	0	2	651,197,	0,33241,	chr19	23496399	23512597	retro_human_9259	0	-	ZNF91	12678
chr19	23500334	23533357	ENSG00000167232[1,11,14]	0	-	23500498	23533190	0	2	236,197,	0,32826,	chr19	23496399	23512597	retro_human_9259	0	-	ZNF91	12263
chr19	23500334	23533357	ENSG00000167232[1,2,14]	0	-	23533194	23533323	0	3	236,127,197,	0,12139,32826,	chr19	23496399	23512597	retro_human_9259	0	-	ZNF91	12263
chr19	23500334	23533357	ENSG00000167232[1,1,14]	0	-	23533194	23533323	0	4	236,96,127,197,	0,11243,12139,32826,	chr19	23496399	23512597	retro_human_9259	0	-	ZNF91	12263
chr19	23522315	23523179	ENSG00000268992[1,1,1]	0	+	23522315	23522315	0	1	864,	0,	chr19	23522365	23523129	CDC42EP3P1-201|processed_pseudogene	0	+	CDC42EP3P1	764
chr19	23736798	23737150	ENSG00000240231[1,1,1]	0	+	23736798	23736798	0	1	352,	0,	chr19	23736848	23737100	retro_human_4959|RPS27P29-201|processed_pseudogene	0	+	RPS27P29	252
chr19	24312511	24313667	ENSG00000268442[1,1,1]	0	-	24312511	24312511	0	1	1156,	0,	chr19	24312561	24313617	retro_human_9266|AC073534.1-201|processed_pseudogene	0	-	HAVCR1P1	1056
chr19	30331282	30331905	ENSG00000267264[1,1,1]	0	+	30331282	30331282	0	1	623,	0,	chr19	30331332	30331855	AC006504.3-201|processed_pseudogene	0	+	VN1R95P	523
chr19	30333167	30334050	ENSG00000267323[1,1,1]	0	-	30333167	30333167	0	1	883,	0,	chr19	30333217	30334000	retro_human_3378|SLC25A1P5-201|processed_pseudogene	0	-	AC006504.5,LINC02987,SLC25A1P5	783
chr19	30512657	30513058	ENSG00000266906[1,1,1]	0	-	30512657	30512657	0	1	401,	0,	chr19	30512707	30513008	AC005357.1-201|processed_pseudogene	0	-	LOC100419833	301
chr19	32476756	32477476	ENSG00000242100[1,1,1]	0	-	32476756	32476756	0	1	720,	0,	chr19	32476806	32477426	retro_human_3380|RPL9P32-201|processed_pseudogene	0	-	RPL9P32	620
chr19	32557782	32558644	ENSG00000266910[1,1,1]	0	+	32557782	32557782	0	1	862,	0,	chr19	32557832	32558594	retro_human_4|AC008507.1-201|processed_pseudogene	0	+	TAF9P3	762
chr19	36109870	36110450	ENSG00000232429[1,1,1]	0	-	36109870	36109870	0	1	580,	0,	chr19	36109917	36110400	retro_human_3384|RPL21P131-201|processed_pseudogene	0	-	RPL21P131	483
chr19	36823547	36823963	ENSG00000257074[1,1,1]	0	-	36823547	36823547	0	1	416,	0,	chr19	36823597	36823913	retro_human_3386|RPL29P33-201|processed_pseudogene	0	-	RPL29P33	316
chr19	37222175	37231018	ENSG00000089335[1,17,1]	0	+	37228902	37229805	255	6	245,77,132,121,84,2440,	0,1148,2239,5188,5566,6403,	chr19	37229101	37230132	retro_human_5352	0	+	ZNF302	1031
chr19	37222175	37231018	ENSG00000089335[1,18,1]	0	+	37223391	37229805	255	6	245,77,132,121,84,2196,	0,1148,2239,5188,5566,6647,	chr19	37229101	37230132	retro_human_5352	0	+	ZNF302	1031
chr19	37222175	37231018	ENSG00000089335[1,24,1]	0	+	37223391	37229805	255	6	514,77,132,121,84,2196,	0,1148,2239,5188,5566,6647,	chr19	37229101	37230132	retro_human_5352	0	+	ZNF302	1031
chr19	37222175	37231018	ENSG00000089335[1,21,1]	0	+	37223391	37229805	255	5	268,77,121,87,2196,	0,1148,5188,5563,6647,	chr19	37229101	37230132	retro_human_5352	0	+	ZNF302	1031
chr19	37222175	37231018	ENSG00000089335[1,16,1]	0	+	37223391	37229805	255	5	208,77,121,84,2196,	0,1148,5188,5566,6647,	chr19	37229101	37230132	retro_human_5352	0	+	ZNF302	1031
chr19	37222175	37231018	ENSG00000089335[1,23,1]	0	+	37227770	37229805	255	4	268,77,84,2196,	0,1148,5566,6647,	chr19	37229101	37230132	retro_human_5352	0	+	ZNF302	1031
chr19	37222175	37231018	ENSG00000089335[1,22,1]	0	+	37228902	37229805	255	5	268,77,121,84,2440,	0,1148,5188,5566,6403,	chr19	37229101	37230132	retro_human_5352	0	+	ZNF302	1031
chr19	37222175	37231018	ENSG00000089335[1,25,1]	0	+	37223391	37229805	255	4	1225,121,84,2196,	0,5188,5566,6647,	chr19	37229101	37230132	retro_human_5352	0	+	ZNF302	1031
chr19	37222175	37231018	ENSG00000089335[1,19,1]	0	+	37223391	37229805	255	5	245,77,121,87,2196,	0,1148,5188,5563,6647,	chr19	37229101	37230132	retro_human_5352	0	+	ZNF302	1031
chr19	37222175	37231018	ENSG00000089335[1,20,1]	0	+	37228902	37229805	255	5	245,77,121,84,2440,	0,1148,5188,5566,6403,	chr19	37229101	37230132	retro_human_5352	0	+	ZNF302	1031
chr19	37222175	37231018	ENSG00000089335[1,7,1]	0	+	37223391	37229805	0	5	514,77,121,87,2196,	0,1148,5188,5563,6647,	chr19	37229101	37230132	retro_human_5352	0	+	ZNF302	1031
chr19	37222175	37231018	ENSG00000089335[1,12,1]	0	+	37228902	37229805	0	3	268,77,3655,	0,1148,5188,	chr19	37229101	37230132	retro_human_5352	0	+	ZNF302	1031
chr19	37222175	37231018	ENSG00000089335[1,14,1]	0	+	37227450	37229805	0	3	5309,84,2196,	0,5566,6647,	chr19	37229101	37230132	retro_human_5352	0	+	ZNF302	1031
chr19	37222175	37231018	ENSG00000089335[1,4,1]	0	+	37228902	37229805	0	5	268,77,121,87,2440,	0,1148,5188,5563,6403,	chr19	37229101	37230132	retro_human_5352	0	+	ZNF302	1031
chr19	37222175	37231018	ENSG00000089335[1,8,1]	0	+	37228902	37229805	0	5	514,77,121,84,2440,	0,1148,5188,5566,6403,	chr19	37229101	37230132	retro_human_5352	0	+	ZNF302	1031
chr19	37222175	37231018	ENSG00000089335[1,1,1]	0	+	37223391	37229805	0	5	514,77,121,84,2196,	0,1148,5188,5566,6647,	chr19	37229101	37230132	retro_human_5352	0	+	ZNF302	1031
chr19	37222175	37231018	ENSG00000089335[1,11,1]	0	+	37228902	37229805	0	5	208,77,121,84,2440,	0,1148,5188,5566,6403,	chr19	37229101	37230132	retro_human_5352	0	+	ZNF302	1031
chr19	37222175	37231018	ENSG00000089335[1,3,1]	0	+	37223391	37229805	0	5	245,77,121,84,2196,	0,1148,5188,5566,6647,	chr19	37229101	37230132	retro_human_5352	0	+	ZNF302	1031
chr19	37222175	37231018	ENSG00000089335[1,2,1]	0	+	37223391	37229805	0	6	268,77,132,121,84,2196,	0,1148,2239,5188,5566,6647,	chr19	37229101	37230132	retro_human_5352	0	+	ZNF302	1031
chr19	37222175	37231018	ENSG00000089335[1,5,1]	0	+	37223391	37229805	0	5	268,77,121,84,2196,	0,1148,5188,5566,6647,	chr19	37229101	37230132	retro_human_5352	0	+	ZNF302	1031
chr19	37225819	37231018	ENSG00000089335[2,14,1]	0	+	37227450	37229805	0	3	1665,84,2196,	0,1922,3003,	chr19	37229101	37230132	retro_human_5352	0	+	ZNF302	1031
chr19	37500916	37508712	ENSG00000180884[3,1,1]	0	-	37502571	37508275	0	4	3268,123,127,470,	0,3931,4564,7326,	chr19	37502689	37504527	retro_human_9706	0	-	ZNF792	1838
chr19	37502036	37505366	ENSG00000180884[2,2,2]	0	-	37502571	37504929	0	2	2148,519,	0,2811,	chr19	37502689	37504527	retro_human_9706	0	-	ZNF792	1838
chr19	37502036	37508712	ENSG00000180884[3,1,2]	0	-	37502571	37508275	0	4	2148,123,127,470,	0,2811,3444,6206,	chr19	37502689	37504527	retro_human_9706	0	-	ZNF792	1838
chr19	38696689	38698318	ENSG00000161281[1,6,1]	0	-	38697356	38697671	255	3	163,85,831,	0,590,798,	chr19	38697278	38697556	retro_human_9696	0	-	COX7A1	278
chr19	38696689	38698318	ENSG00000161281[1,7,1]	0	-	38696802	38698226	255	4	163,82,87,107,	0,590,798,1522,	chr19	38697278	38697556	retro_human_9696	0	-	COX7A1	278
chr19	38696689	38698318	ENSG00000161281[1,8,1]	0	-	38697356	38698226	255	4	163,101,87,107,	0,590,798,1522,	chr19	38697278	38697556	retro_human_9696	0	-	COX7A1	278
chr19	38696689	38698318	ENSG00000161281[1,5,1]	0	-	38696802	38697671	255	2	163,1039,	0,590,	chr19	38697278	38697556	retro_human_9696	0	-	COX7A1	278
chr19	38696689	38698318	ENSG00000161281[1,4,1]	0	-	38696802	38698226	0	4	163,85,60,107,	0,590,825,1522,	chr19	38697278	38697556	retro_human_9696	0	-	COX7A1	278
chr19	38696689	38698318	ENSG00000161281[1,3,1]	0	-	38697411	38698226	0	3	163,295,107,	0,590,1522,	chr19	38697278	38697556	retro_human_9696	0	-	COX7A1	278
chr19	38696689	38698318	ENSG00000161281[1,2,1]	0	-	38698083	38698200	0	4	163,85,87,596,	0,590,798,1033,	chr19	38697278	38697556	retro_human_9696	0	-	COX7A1	278
chr19	38696689	38697894	ENSG00000161281[2,2,1]	0	-	38696689	38696689	0	4	163,85,87,172,	0,590,798,1033,	chr19	38697278	38697556	retro_human_9696	0	-	COX7A1	278
chr19	38696689	38698535	ENSG00000161281[4,1,1]	0	-	38696802	38698226	0	4	163,85,87,324,	0,590,798,1522,	chr19	38697278	38697556	retro_human_9696	0	-	COX7A1	278
chr19	38696689	38698318	ENSG00000161281[1,1,1]	0	-	38696802	38698226	0	4	163,85,87,107,	0,590,798,1522,	chr19	38697278	38697556	retro_human_9696	0	-	COX7A1	278
chr19	38696689	38698738	ENSG00000161281[3,1,1]	0	-	38696802	38698226	0	4	163,85,87,527,	0,590,798,1522,	chr19	38697278	38697556	retro_human_9696	0	-	COX7A1	278
chr19	39096419	39097518	ENSG00000267142[1,1,1]	0	+	39096419	39096419	0	1	1099,	0,	chr19	39096469	39097468	retro_human_5356|AC092296.3-201|processed_pseudogene	0	+	LOC644189	999
chr19	39577017	39577846	ENSG00000243297[2,1,1]	0	+	39577504	39577663	0	1	829,	0,	chr19	39577420	39577796	retro_human_382|RPL31P61-201|processed_pseudogene	0	+	RPL31P61	376
chr19	39577370	39577846	ENSG00000243297[1,1,1]	0	+	39577504	39577663	0	1	476,	0,	chr19	39577420	39577796	retro_human_382|RPL31P61-201|processed_pseudogene	0	+	RPL31P61	376
chr19	40469442	40494118	ENSG00000196381[1,3,1]	0	-	40470909	40471890	0	4	3146,72,98,214,	0,18753,23831,24462,	chr19	40471492	40478137	retro_human_6115	0	-	ZNF781	6645
chr19	40469442	40494118	ENSG00000196381[1,1,1]	0	-	40470909	40471890	0	4	2856,72,98,214,	0,18753,23831,24462,	chr19	40471492	40478137	retro_human_6115	0	-	ZNF781	6645
chr19	40469667	40494118	ENSG00000196381[1,3,5]	0	-	40470909	40471890	0	4	2921,72,98,214,	0,18528,23606,24237,	chr19	40471492	40478137	retro_human_6115	0	-	ZNF781	6645
chr19	40469667	40494118	ENSG00000196381[1,2,5]	0	-	40470909	40471890	0	5	2631,126,72,98,214,	0,8346,18528,23606,24237,	chr19	40471492	40478137	retro_human_6115	0	-	ZNF781	6645
chr19	40469667	40494118	ENSG00000196381[1,1,5]	0	-	40470909	40471890	0	4	2631,72,98,214,	0,18528,23606,24237,	chr19	40471492	40478137	retro_human_6115	0	-	ZNF781	6645
chr19	40470545	40494118	ENSG00000196381[1,3,2]	0	-	40470909	40471890	0	4	2043,72,98,214,	0,17650,22728,23359,	chr19	40471492	40478137	retro_human_6115	0	-	ZNF781	6645
chr19	40470545	40494118	ENSG00000196381[1,2,2]	0	-	40470909	40471890	0	5	1753,126,72,98,214,	0,7468,17650,22728,23359,	chr19	40471492	40478137	retro_human_6115	0	-	ZNF781	6645
chr19	40470545	40494118	ENSG00000196381[1,1,2]	0	-	40470909	40471890	0	4	1753,72,98,214,	0,17650,22728,23359,	chr19	40471492	40478137	retro_human_6115	0	-	ZNF781	6645
chr19	40593256	40594449	ENSG00000267422[2,1,1]	0	+	40593256	40593256	0	1	1193,	0,	chr19	40593306	40594399	retro_human_5761|AC016582.2-202|transcribed_processed_pseudogene	0	+	ZNF573,LOC728533	1093
chr19	41605666	41607747	ENSG00000171747[2,2,1]	0	-	41605812	41607594	0	4	290,166,89,180,	0,371,695,1901,	chr19	41605816	41606274	retro_human_8449	0	-	LGALS4	458
chr19	42338670	42339329	ENSG00000269584[1,1,1]	0	+	42338670	42338670	0	1	659,	0,	chr19	42338720	42339279	retro_human_5757|TDGF1P7-201|processed_pseudogene	0	+	TDGF1P7	559
chr19	42763398	42763940	ENSG00000187534[1,1,1]	0	-	42763398	42763398	0	1	542,	0,	chr19	42763448	42763890	retro_human_8870|PRR13P5-201|processed_pseudogene	0	-	PRR13P5	442
chr19	43629102	43631826	ENSG00000233622[1,1,1]	0	-	43629102	43629102	0	2	2072,563,	0,2161,	chr19	43629298	43630780	retro_human_8868	0	-	CYP2T1P	1482
chr19	44327389	44328236	ENSG00000268034[1,1,1]	0	+	44327389	44327389	0	1	847,	0,	chr19	44327439	44328186	retro_human_8788|AC243960.2-201|processed_pseudogene	0	+	TPM3P5	747
chr19	45304428	45305167	ENSG00000269374[1,1,1]	0	-	45304428	45304428	0	1	739,	0,	chr19	45304478	45305117	retro_human_2994|AC011497.2-201|processed_pseudogene	0	-	LIPE-AS1,LOC732229	639
chr19	45339896	45347934	ENSG00000079385[1,12,6]	0	-	45340666	45347777	0	4	1030,279,360,221,	0,1432,6549,7817,	chr19	45340667	45341563	retro_human_2993	0	-	CEACAM1,LIPE-AS1	896
chr19	46354672	46357715	ENSG00000176472[1,2,1]	0	+	46355957	46357219	0	4	384,108,96,1152,	0,657,1268,1891,	chr19	46356437	46357189	retro_human_2960	0	+	ZNF575	752
chr19	46354672	46357715	ENSG00000176472[1,1,1]	0	+	46355957	46357219	0	4	384,108,165,1152,	0,657,1199,1891,	chr19	46356437	46357189	retro_human_2960	0	+	ZNF575	752
chr19	46354672	46357386	ENSG00000176472[1,1,2]	0	+	46355957	46357219	0	4	384,108,165,823,	0,657,1199,1891,	chr19	46356437	46357189	retro_human_2960	0	+	ZNF575	752
chr19	46354897	46357715	ENSG00000176472[2,2,1]	0	+	46355957	46357219	0	4	159,108,96,1152,	0,432,1043,1666,	chr19	46356437	46357189	retro_human_2960	0	+	ZNF575	752
chr19	46354897	46357386	ENSG00000176472[2,2,2]	0	+	46355957	46357219	0	4	159,108,96,823,	0,432,1043,1666,	chr19	46356437	46357189	retro_human_2960	0	+	ZNF575	752
chr19	46354897	46357715	ENSG00000176472[2,5,1]	0	+	46356442	46357219	0	2	159,2386,	0,432,	chr19	46356437	46357189	retro_human_2960	0	+	ZNF575	752
chr19	46354897	46357715	ENSG00000176472[2,1,1]	0	+	46355957	46357219	0	4	159,108,165,1152,	0,432,974,1666,	chr19	46356437	46357189	retro_human_2960	0	+	ZNF575	752
chr19	47109131	47113450	ENSG00000159917[2,5,1]	0	-	47110054	47112010	0	1	4319,	0,	chr19	47112914	47113745	retro_human_8081|AC138473.1-201|processed_pseudogene	0	+	ZNF235,AC138473.1,MRPS15P2	536
chr19	47119886	47120238	ENSG00000267590[1,1,1]	0	+	47119886	47119886	0	1	352,	0,	chr19	47119936	47120188	retro_human_6937|NDUFA3P1-201|processed_pseudogene	0	+	NDUFA3P1	252
chr19	47953649	47954211	ENSG00000267346[1,1,1]	0	+	47953698	47954202	0	1	562,	0,	chr19	47953699	47954161	retro_human_8692|EIF5AP3-201|processed_pseudogene	0	+	EIF5AP3	462
chr19	48605004	48605493	ENSG00000104936[8,14,8]	0	-	48605004	48605004	0	2	75,338,	0,151,	chr19	48604846	48605368	retro_human_6205	0	-	DMPK	364
chr19	48605004	48606489	ENSG00000104936[13,32,8]	0	-	48605119	48606121	0	3	358,94,508,	0,611,977,	chr19	48604846	48605368	retro_human_6205	0	-	DMPK	364
chr19	48986367	48988720	ENSG00000204866[4,4,1]	0	+	48986755	48987025	0	3	1473,268,279,	0,1618,2074,	chr19	48987940	48988254	retro_human_1070	0	+	IGFL2,LOC105372424	314
chr19	52030301	52031728	ENSG00000267631[1,2,1]	0	-	52030395	52031059	0	3	382,168,420,	0,617,1007,	chr19	52030871	52031149	retro_human_427	0	-	CGB1	278
chr19	52042374	52043948	ENSG00000213030[1,1,1]	0	-	52042444	52043526	0	3	382,168,437,	0,617,1137,	chr19	52042944	52043222	retro_human_426	0	-	CGB8	278
chr19	52719591	52720275	ENSG00000243829[1,1,1]	0	-	52719591	52719591	0	1	684,	0,	chr19	52719641	52720225	retro_human_429|AC011495.1-201|processed_pseudogene	0	-	RPS9P4	584
chr19	53908738	53910542	ENSG00000167748[2,2,1]	0	-	53908839	53910154	0	3	254,137,746,	0,803,1058,	chr19	53908846	53909874	retro_human_423	0	-	KLK1	1028
chr19	53908738	53913481	ENSG00000167748[1,1,1]	0	-	53908839	53913392	0	5	254,137,290,160,135,	0,803,1058,2616,4608,	chr19	53908846	53909874	retro_human_423	0	-	KLK1	1028
chr19	54502878	54503646	ENSG00000254760[1,1,1]	0	+	54502878	54502878	0	2	288,304,	0,464,	chr19	54503459	54504070	retro_human_802	0	-	AC008750.1,SIGLEC10	187
chr19	54683159	54690489	ENSG00000269388[1,1,1]	0	+	54683159	54683159	0	2	136,628,	0,6702,	chr19	54683209	54690439	AC018755.3-201|transcribed_processed_pseudogene	0	+	AC018755.1	7230
chr19	54683159	54690489	ENSG00000269388[1,1,1]	0	+	54683159	54683159	0	2	136,628,	0,6702,	chr19	54687196	54690358	AC018755.3-202|transcribed_processed_pseudogene	0	+	AC018755.3,AC018755.1,LOC339352	3162
chr19	54687889	54689171	ENSG00000267808[1,1,1]	0	+	54687889	54687889	0	1	1282,	0,	chr19	54683209	54690439	AC018755.3-201|transcribed_processed_pseudogene	0	+	AC018755.1	1282
chr19	54687889	54689171	ENSG00000267808[1,1,1]	0	+	54687889	54687889	0	1	1282,	0,	chr19	54687196	54690358	AC018755.3-202|transcribed_processed_pseudogene	0	+	AC018755.3,AC018755.1,LOC339352	1282
chr19	54941128	54975225	ENSG00000161551[1,9,10]	0	-	54948122	54967577	0	7	2037,75,96,127,79,199,1210,	0,6969,23348,24455,26389,26745,32887,	chr19	54960048	54965698	retro_human_4839	0	-	ZNF577	5650
chr19	54942949	54992264	ENSG00000161551[7,21,3]	0	-	54968061	54987302	255	11	216,75,96,127,79,199,1065,96,127,202,156,	0,5148,21527,22634,24568,24924,35078,40717,41097,44338,49159,	chr19	54960048	54965698	retro_human_4839	0	-	ZNF577	5650
chr19	54942949	54975225	ENSG00000161551[1,9,3]	0	-	54948122	54967577	0	7	216,75,96,127,79,199,1210,	0,5148,21527,22634,24568,24924,31066,	chr19	54960048	54965698	retro_human_4839	0	-	ZNF577	5650
chr19	54942949	54966087	ENSG00000161551[4,7,3]	0	-	54948122	54964660	0	3	216,75,1611,	0,5148,21527,	chr19	54960048	54965698	retro_human_4839	0	-	ZNF577	5650
chr19	54958426	54975225	ENSG00000161551[1,2,7]	0	-	54959729	54967577	0	7	2475,96,127,79,199,92,135,	0,6050,7157,9091,9447,15589,16664,	chr19	54960048	54965698	retro_human_4839	0	-	ZNF577	5650
chr19	54959143	54975225	ENSG00000161551[1,20,8]	0	-	54959729	54967577	255	7	1758,96,127,79,199,92,187,	0,5333,6440,8374,8730,14872,15895,	chr19	54960048	54965698	retro_human_4839	0	-	ZNF577	5650
chr19	54959143	54975225	ENSG00000161551[1,19,8]	0	-	54959729	54967577	255	7	1758,96,127,79,199,92,199,	0,5333,6440,8374,8730,14872,15883,	chr19	54960048	54965698	retro_human_4839	0	-	ZNF577	5650
chr19	54959143	54975225	ENSG00000161551[1,3,8]	0	-	54959729	54967577	0	6	1581,96,127,79,199,1210,	0,5333,6440,8374,8730,14872,	chr19	54960048	54965698	retro_human_4839	0	-	ZNF577	5650
chr19	54959143	54975225	ENSG00000161551[1,1,8]	0	-	54959729	54967577	0	6	1758,96,127,79,199,1210,	0,5333,6440,8374,8730,14872,	chr19	54960048	54965698	retro_human_4839	0	-	ZNF577	5650
chr19	54959143	54975225	ENSG00000161551[1,4,8]	0	-	54959729	54967577	0	7	1581,96,127,79,199,92,199,	0,5333,6440,8374,8730,14872,15883,	chr19	54960048	54965698	retro_human_4839	0	-	ZNF577	5650
chr19	54959143	54975225	ENSG00000161551[1,2,8]	0	-	54959729	54967577	0	7	1758,96,127,79,199,92,135,	0,5333,6440,8374,8730,14872,15947,	chr19	54960048	54965698	retro_human_4839	0	-	ZNF577	5650
chr19	54959601	54975225	ENSG00000161551[1,20,9]	0	-	54959729	54967577	255	7	1300,96,127,79,199,92,187,	0,4875,5982,7916,8272,14414,15437,	chr19	54960048	54965698	retro_human_4839	0	-	ZNF577	5650
chr19	54959601	54975225	ENSG00000161551[1,19,9]	0	-	54959729	54967577	255	7	1300,96,127,79,199,92,199,	0,4875,5982,7916,8272,14414,15425,	chr19	54960048	54965698	retro_human_4839	0	-	ZNF577	5650
chr19	54959601	54975225	ENSG00000161551[1,1,9]	0	-	54959729	54967577	0	6	1300,96,127,79,199,1210,	0,4875,5982,7916,8272,14414,	chr19	54960048	54965698	retro_human_4839	0	-	ZNF577	5650
chr19	54959601	54975225	ENSG00000161551[1,2,9]	0	-	54959729	54967577	0	7	1300,96,127,79,199,92,135,	0,4875,5982,7916,8272,14414,15489,	chr19	54960048	54965698	retro_human_4839	0	-	ZNF577	5650
chr19	55230203	55230599	ENSG00000243680[1,1,1]	0	+	55230203	55230203	0	1	396,	0,	chr19	55230253	55230547	retro_human_9238|RPL37P23-201|processed_pseudogene	0	+	RPL37P23	294
chr19	55510495	55510935	ENSG00000269776[1,1,1]	0	-	55510495	55510495	0	1	440,	0,	chr19	55510545	55510885	retro_human_4160|DPPA5P1-201|processed_pseudogene	0	-	DPPA5P1	340
chr19	55648608	55648864	ENSG00000242255[1,1,1]	0	+	55648608	55648608	0	1	256,	0,	chr19	55648658	55648811	retro_human_3767	0	+	ZNF808,RPL39P34	153
chr19	55734839	55737775	ENSG00000269825[2,2,1]	0	-	55735957	55736312	0	1	2936,	0,	chr19	55736923	55738875	retro_human_4435	0	-	AC022150.4,MSTRG.2929,LOC122539214	852
chr19	55894246	55895240	ENSG00000255875[1,1,1]	0	+	55894246	55894246	0	1	994,	0,	chr19	55894296	55895190	retro_human_95|AC008813.1-201|processed_pseudogene	0	+	ZNF28	894
chr19	55922255	55942002	ENSG00000204604[1,1,1]	0	-	55925023	55938569	0	4	4192,127,88,128,	0,11128,16299,19619,	chr19	55924182	55926478	retro_human_4373	0	-	ZNF468	2296
chr19	55922781	55942002	ENSG00000204604[1,14,2]	0	-	55925023	55926430	255	7	2482,848,118,127,255,88,128,	0,2818,6694,10602,15387,15773,19093,	chr19	55924182	55926478	retro_human_4373	0	-	ZNF468	2296
chr19	55922781	55942002	ENSG00000204604[1,12,2]	0	-	55925023	55933417	255	6	2482,848,127,255,88,128,	0,2818,10602,15387,15773,19093,	chr19	55924182	55926478	retro_human_4373	0	-	ZNF468	2296
chr19	55922781	55942002	ENSG00000204604[1,9,2]	0	-	55925023	55938569	255	5	2482,848,127,88,128,	0,2818,10602,15773,19093,	chr19	55924182	55926478	retro_human_4373	0	-	ZNF468	2296
chr19	55922781	55942002	ENSG00000204604[1,10,2]	0	-	55925023	55926430	255	6	2482,848,118,127,88,128,	0,2818,6694,10602,15773,19093,	chr19	55924182	55926478	retro_human_4373	0	-	ZNF468	2296
chr19	55922781	55942002	ENSG00000204604[1,11,2]	0	-	55925023	55933417	255	5	3666,127,255,88,128,	0,10602,15387,15773,19093,	chr19	55924182	55926478	retro_human_4373	0	-	ZNF468	2296
chr19	55922781	55942002	ENSG00000204604[1,13,2]	0	-	55925023	55926430	255	6	3666,118,127,255,88,128,	0,6694,10602,15387,15773,19093,	chr19	55924182	55926478	retro_human_4373	0	-	ZNF468	2296
chr19	55922781	55942002	ENSG00000204604[1,15,2]	0	-	55925023	55938247	255	5	3666,127,248,88,128,	0,10602,15394,15773,19093,	chr19	55924182	55926478	retro_human_4373	0	-	ZNF468	2296
chr19	55922781	55942002	ENSG00000204604[1,16,2]	0	-	55925023	55926430	255	6	3666,118,127,248,88,128,	0,6694,10602,15394,15773,19093,	chr19	55924182	55926478	retro_human_4373	0	-	ZNF468	2296
chr19	55922781	55942002	ENSG00000204604[1,1,2]	0	-	55925023	55938569	0	4	3666,127,88,128,	0,10602,15773,19093,	chr19	55924182	55926478	retro_human_4373	0	-	ZNF468	2296
chr19	55922781	55942002	ENSG00000204604[1,2,2]	0	-	55925023	55926430	0	5	3666,118,127,88,128,	0,6694,10602,15773,19093,	chr19	55924182	55926478	retro_human_4373	0	-	ZNF468	2296
chr19	56009606	56025183	ENSG00000213801[2,2,1]	0	-	56011422	56011914	0	2	2325,111,	0,15466,	chr19	56009651	56025133	ZNF321P-201|transcribed_processed_pseudogene	0	-	ZNF321P,ZNF816-ZNF321P	15482
chr19	56011369	56011964	ENSG00000213801[1,1,2]	0	-	56011422	56011914	0	1	595,	0,	chr19	56011419	56011914	retro_human_3174|ZNF321P-202|transcribed_processed_pseudogene	0	-	ZNF321P,ZNF816-ZNF321P,ZNF888	495
chr19	56011597	56025183	ENSG00000213801[2,2,3]	0	-	56011736	56011844	0	2	334,111,	0,13475,	chr19	56009651	56025133	ZNF321P-201|transcribed_processed_pseudogene	0	-	ZNF321P,ZNF816-ZNF321P	13536
chr19	56031860	56045493	ENSG00000180257[1,3,1]	0	-	56032353	56034099	0	3	3549,78,245,	0,6698,13388,	chr19	56031991	56034147	retro_human_3176	0	-	ZNF816	2156
chr19	56031860	56045493	ENSG00000180257[1,7,1]	0	-	56032353	56038621	0	4	2256,127,78,245,	0,3422,6698,13388,	chr19	56031991	56034147	retro_human_3176	0	-	ZNF816	2156
chr19	56031860	56045493	ENSG00000180257[1,1,1]	0	-	56032353	56038621	0	4	2256,127,78,235,	0,3422,6698,13398,	chr19	56031991	56034147	retro_human_3176	0	-	ZNF816	2156
chr19	56031860	56045493	ENSG00000180257[1,6,1]	0	-	56032353	56034099	0	4	2563,127,78,235,	0,3422,6698,13398,	chr19	56031991	56034147	retro_human_3176	0	-	ZNF816	2156
chr19	56031860	56045493	ENSG00000180257[1,2,1]	0	-	56032353	56038621	0	5	2256,127,78,151,235,	0,3422,6698,10698,13398,	chr19	56031991	56034147	retro_human_3176	0	-	ZNF816	2156
chr19	56031860	56045493	ENSG00000180257[1,5,1]	0	-	56032353	56034099	0	3	3549,78,235,	0,6698,13398,	chr19	56031991	56034147	retro_human_3176	0	-	ZNF816	2156
chr19	56048911	56120515	ENSG00000242779[3,15,12]	0	-	56048911	56048911	255	4	4464,81,272,224,	0,14510,20186,71380,	chr19	56049428	56063995	ZNF702P-214|transcribed_processed_pseudogene	0	-	ZNF702P	14567
chr19	56048911	56120515	ENSG00000242779[3,15,12]	0	-	56048911	56048911	255	4	4464,81,272,224,	0,14510,20186,71380,	chr19	56049618	56075030	ZNF702P-213|transcribed_processed_pseudogene	0	-	ZNF702P	25412
chr19	56048911	56120515	ENSG00000242779[3,15,12]	0	-	56048911	56048911	255	4	4464,81,272,224,	0,14510,20186,71380,	chr19	56050783	56076047	ZNF702P-201|transcribed_processed_pseudogene	0	-	ZNF702P	25264
chr19	56048911	56120515	ENSG00000242779[3,3,12]	0	-	56048911	56048911	0	4	4464,81,272,179,	0,14510,20186,71425,	chr19	56049428	56063995	ZNF702P-214|transcribed_processed_pseudogene	0	-	ZNF702P	14567
chr19	56048911	56120515	ENSG00000242779[3,3,12]	0	-	56048911	56048911	0	4	4464,81,272,179,	0,14510,20186,71425,	chr19	56049618	56075030	ZNF702P-213|transcribed_processed_pseudogene	0	-	ZNF702P	25412
chr19	56048911	56120515	ENSG00000242779[3,3,12]	0	-	56048911	56048911	0	4	4464,81,272,179,	0,14510,20186,71425,	chr19	56050783	56076047	ZNF702P-201|transcribed_processed_pseudogene	0	-	ZNF702P	25264
chr19	56048911	56076104	ENSG00000242779[6,12,12]	0	-	56048911	56048911	0	5	4464,81,272,118,102,	0,14510,20186,23704,27091,	chr19	56049428	56063995	ZNF702P-214|transcribed_processed_pseudogene	0	-	ZNF702P	14567
chr19	56048911	56076104	ENSG00000242779[6,12,12]	0	-	56048911	56048911	0	5	4464,81,272,118,102,	0,14510,20186,23704,27091,	chr19	56049618	56075030	ZNF702P-213|transcribed_processed_pseudogene	0	-	ZNF702P	25412
chr19	56048911	56076104	ENSG00000242779[6,12,12]	0	-	56048911	56048911	0	5	4464,81,272,118,102,	0,14510,20186,23704,27091,	chr19	56050783	56076047	ZNF702P-201|transcribed_processed_pseudogene	0	-	ZNF702P	25264
chr19	56048911	56076104	ENSG00000242779[6,12,12]	0	-	56048911	56048911	0	5	4464,81,272,118,102,	0,14510,20186,23704,27091,	chr19	56065361	56069242	ZNF702P-206|transcribed_processed_pseudogene	0	-	ZNF702P	3881
chr19	56048911	56076104	ENSG00000242779[6,8,12]	0	-	56048911	56048911	0	4	4464,81,272,102,	0,14510,20186,27091,	chr19	56049428	56063995	ZNF702P-214|transcribed_processed_pseudogene	0	-	ZNF702P	14567
chr19	56048911	56076104	ENSG00000242779[6,8,12]	0	-	56048911	56048911	0	4	4464,81,272,102,	0,14510,20186,27091,	chr19	56049618	56075030	ZNF702P-213|transcribed_processed_pseudogene	0	-	ZNF702P	25412
chr19	56048911	56076104	ENSG00000242779[6,8,12]	0	-	56048911	56048911	0	4	4464,81,272,102,	0,14510,20186,27091,	chr19	56050783	56076047	ZNF702P-201|transcribed_processed_pseudogene	0	-	ZNF702P	25264
chr19	56048911	56076104	ENSG00000242779[6,8,12]	0	-	56048911	56048911	0	4	4464,81,272,102,	0,14510,20186,27091,	chr19	56065361	56069242	ZNF702P-206|transcribed_processed_pseudogene	0	-	ZNF702P	3881
chr19	56049378	56120515	ENSG00000242779[3,15,1]	0	-	56049378	56049378	255	4	3997,81,272,224,	0,14043,19719,70913,	chr19	56049428	56063995	ZNF702P-214|transcribed_processed_pseudogene	0	-	ZNF702P	14567
chr19	56049378	56120515	ENSG00000242779[3,15,1]	0	-	56049378	56049378	255	4	3997,81,272,224,	0,14043,19719,70913,	chr19	56049618	56075030	ZNF702P-213|transcribed_processed_pseudogene	0	-	ZNF702P	25412
chr19	56049378	56120515	ENSG00000242779[3,15,1]	0	-	56049378	56049378	255	4	3997,81,272,224,	0,14043,19719,70913,	chr19	56050783	56076047	ZNF702P-201|transcribed_processed_pseudogene	0	-	ZNF702P	25264
chr19	56049378	56120515	ENSG00000242779[3,3,1]	0	-	56049378	56049378	0	4	3997,81,272,179,	0,14043,19719,70958,	chr19	56049428	56063995	ZNF702P-214|transcribed_processed_pseudogene	0	-	ZNF702P	14567
chr19	56049378	56120515	ENSG00000242779[3,3,1]	0	-	56049378	56049378	0	4	3997,81,272,179,	0,14043,19719,70958,	chr19	56049618	56075030	ZNF702P-213|transcribed_processed_pseudogene	0	-	ZNF702P	25412
chr19	56049378	56120515	ENSG00000242779[3,3,1]	0	-	56049378	56049378	0	4	3997,81,272,179,	0,14043,19719,70958,	chr19	56050783	56076047	ZNF702P-201|transcribed_processed_pseudogene	0	-	ZNF702P	25264
chr19	56049378	56076104	ENSG00000242779[6,12,1]	0	-	56049378	56049378	0	5	3997,81,272,118,102,	0,14043,19719,23237,26624,	chr19	56049428	56063995	ZNF702P-214|transcribed_processed_pseudogene	0	-	ZNF702P	14567
chr19	56049378	56076104	ENSG00000242779[6,12,1]	0	-	56049378	56049378	0	5	3997,81,272,118,102,	0,14043,19719,23237,26624,	chr19	56049618	56075030	ZNF702P-213|transcribed_processed_pseudogene	0	-	ZNF702P	25412
chr19	56049378	56076104	ENSG00000242779[6,12,1]	0	-	56049378	56049378	0	5	3997,81,272,118,102,	0,14043,19719,23237,26624,	chr19	56050783	56076047	ZNF702P-201|transcribed_processed_pseudogene	0	-	ZNF702P	25264
chr19	56049378	56076104	ENSG00000242779[6,12,1]	0	-	56049378	56049378	0	5	3997,81,272,118,102,	0,14043,19719,23237,26624,	chr19	56065361	56069242	ZNF702P-206|transcribed_processed_pseudogene	0	-	ZNF702P	3881
chr19	56049378	56076104	ENSG00000242779[6,8,1]	0	-	56049378	56049378	0	4	3997,81,272,102,	0,14043,19719,26624,	chr19	56049428	56063995	ZNF702P-214|transcribed_processed_pseudogene	0	-	ZNF702P	14567
chr19	56049378	56076104	ENSG00000242779[6,8,1]	0	-	56049378	56049378	0	4	3997,81,272,102,	0,14043,19719,26624,	chr19	56049618	56075030	ZNF702P-213|transcribed_processed_pseudogene	0	-	ZNF702P	25412
chr19	56049378	56076104	ENSG00000242779[6,8,1]	0	-	56049378	56049378	0	4	3997,81,272,102,	0,14043,19719,26624,	chr19	56050783	56076047	ZNF702P-201|transcribed_processed_pseudogene	0	-	ZNF702P	25264
chr19	56049378	56076104	ENSG00000242779[6,8,1]	0	-	56049378	56049378	0	4	3997,81,272,102,	0,14043,19719,26624,	chr19	56065361	56069242	ZNF702P-206|transcribed_processed_pseudogene	0	-	ZNF702P	3881
chr19	56050122	56120515	ENSG00000242779[3,15,13]	0	-	56050122	56050122	255	4	3253,81,272,224,	0,13299,18975,70169,	chr19	56049428	56063995	ZNF702P-214|transcribed_processed_pseudogene	0	-	ZNF702P	13873
chr19	56050122	56120515	ENSG00000242779[3,15,13]	0	-	56050122	56050122	255	4	3253,81,272,224,	0,13299,18975,70169,	chr19	56049618	56075030	ZNF702P-213|transcribed_processed_pseudogene	0	-	ZNF702P	24908
chr19	56050122	56120515	ENSG00000242779[3,15,13]	0	-	56050122	56050122	255	4	3253,81,272,224,	0,13299,18975,70169,	chr19	56050783	56076047	ZNF702P-201|transcribed_processed_pseudogene	0	-	ZNF702P	25264
chr19	56050122	56120515	ENSG00000242779[3,3,13]	0	-	56050122	56050122	0	4	3253,81,272,179,	0,13299,18975,70214,	chr19	56049428	56063995	ZNF702P-214|transcribed_processed_pseudogene	0	-	ZNF702P	13873
chr19	56050122	56120515	ENSG00000242779[3,3,13]	0	-	56050122	56050122	0	4	3253,81,272,179,	0,13299,18975,70214,	chr19	56049618	56075030	ZNF702P-213|transcribed_processed_pseudogene	0	-	ZNF702P	24908
chr19	56050122	56120515	ENSG00000242779[3,3,13]	0	-	56050122	56050122	0	4	3253,81,272,179,	0,13299,18975,70214,	chr19	56050783	56076047	ZNF702P-201|transcribed_processed_pseudogene	0	-	ZNF702P	25264
chr19	56050122	56076104	ENSG00000242779[6,12,13]	0	-	56050122	56050122	0	5	3253,81,272,118,102,	0,13299,18975,22493,25880,	chr19	56049428	56063995	ZNF702P-214|transcribed_processed_pseudogene	0	-	ZNF702P	13873
chr19	56050122	56076104	ENSG00000242779[6,12,13]	0	-	56050122	56050122	0	5	3253,81,272,118,102,	0,13299,18975,22493,25880,	chr19	56049618	56075030	ZNF702P-213|transcribed_processed_pseudogene	0	-	ZNF702P	24908
chr19	56050122	56076104	ENSG00000242779[6,12,13]	0	-	56050122	56050122	0	5	3253,81,272,118,102,	0,13299,18975,22493,25880,	chr19	56050783	56076047	ZNF702P-201|transcribed_processed_pseudogene	0	-	ZNF702P	25264
chr19	56050122	56076104	ENSG00000242779[6,12,13]	0	-	56050122	56050122	0	5	3253,81,272,118,102,	0,13299,18975,22493,25880,	chr19	56065361	56069242	ZNF702P-206|transcribed_processed_pseudogene	0	-	ZNF702P	3881
chr19	56050122	56076104	ENSG00000242779[6,8,13]	0	-	56050122	56050122	0	4	3253,81,272,102,	0,13299,18975,25880,	chr19	56049428	56063995	ZNF702P-214|transcribed_processed_pseudogene	0	-	ZNF702P	13873
chr19	56050122	56076104	ENSG00000242779[6,8,13]	0	-	56050122	56050122	0	4	3253,81,272,102,	0,13299,18975,25880,	chr19	56049618	56075030	ZNF702P-213|transcribed_processed_pseudogene	0	-	ZNF702P	24908
chr19	56050122	56076104	ENSG00000242779[6,8,13]	0	-	56050122	56050122	0	4	3253,81,272,102,	0,13299,18975,25880,	chr19	56050783	56076047	ZNF702P-201|transcribed_processed_pseudogene	0	-	ZNF702P	25264
chr19	56050122	56076104	ENSG00000242779[6,8,13]	0	-	56050122	56050122	0	4	3253,81,272,102,	0,13299,18975,25880,	chr19	56065361	56069242	ZNF702P-206|transcribed_processed_pseudogene	0	-	ZNF702P	3881
chr19	56050733	56120515	ENSG00000242779[3,15,5]	0	-	56050733	56050733	255	4	2642,81,272,224,	0,12688,18364,69558,	chr19	56049428	56063995	ZNF702P-214|transcribed_processed_pseudogene	0	-	ZNF702P	13262
chr19	56050733	56120515	ENSG00000242779[3,15,5]	0	-	56050733	56050733	255	4	2642,81,272,224,	0,12688,18364,69558,	chr19	56049618	56075030	ZNF702P-213|transcribed_processed_pseudogene	0	-	ZNF702P	24297
chr19	56050733	56120515	ENSG00000242779[3,15,5]	0	-	56050733	56050733	255	4	2642,81,272,224,	0,12688,18364,69558,	chr19	56050783	56076047	ZNF702P-201|transcribed_processed_pseudogene	0	-	ZNF702P	25264
chr19	56050733	56120515	ENSG00000242779[3,3,5]	0	-	56050733	56050733	0	4	2642,81,272,179,	0,12688,18364,69603,	chr19	56049428	56063995	ZNF702P-214|transcribed_processed_pseudogene	0	-	ZNF702P	13262
chr19	56050733	56120515	ENSG00000242779[3,3,5]	0	-	56050733	56050733	0	4	2642,81,272,179,	0,12688,18364,69603,	chr19	56049618	56075030	ZNF702P-213|transcribed_processed_pseudogene	0	-	ZNF702P	24297
chr19	56050733	56120515	ENSG00000242779[3,3,5]	0	-	56050733	56050733	0	4	2642,81,272,179,	0,12688,18364,69603,	chr19	56050783	56076047	ZNF702P-201|transcribed_processed_pseudogene	0	-	ZNF702P	25264
chr19	56050733	56076104	ENSG00000242779[6,12,5]	0	-	56050733	56050733	0	5	2642,81,272,118,102,	0,12688,18364,21882,25269,	chr19	56049428	56063995	ZNF702P-214|transcribed_processed_pseudogene	0	-	ZNF702P	13262
chr19	56050733	56076104	ENSG00000242779[6,12,5]	0	-	56050733	56050733	0	5	2642,81,272,118,102,	0,12688,18364,21882,25269,	chr19	56049618	56075030	ZNF702P-213|transcribed_processed_pseudogene	0	-	ZNF702P	24297
chr19	56050733	56076104	ENSG00000242779[6,12,5]	0	-	56050733	56050733	0	5	2642,81,272,118,102,	0,12688,18364,21882,25269,	chr19	56050783	56076047	ZNF702P-201|transcribed_processed_pseudogene	0	-	ZNF702P	25264
chr19	56050733	56076104	ENSG00000242779[6,12,5]	0	-	56050733	56050733	0	5	2642,81,272,118,102,	0,12688,18364,21882,25269,	chr19	56065361	56069242	ZNF702P-206|transcribed_processed_pseudogene	0	-	ZNF702P	3881
chr19	56050733	56076104	ENSG00000242779[6,8,5]	0	-	56050733	56050733	0	4	2642,81,272,102,	0,12688,18364,25269,	chr19	56049428	56063995	ZNF702P-214|transcribed_processed_pseudogene	0	-	ZNF702P	13262
chr19	56050733	56076104	ENSG00000242779[6,8,5]	0	-	56050733	56050733	0	4	2642,81,272,102,	0,12688,18364,25269,	chr19	56049618	56075030	ZNF702P-213|transcribed_processed_pseudogene	0	-	ZNF702P	24297
chr19	56050733	56076104	ENSG00000242779[6,8,5]	0	-	56050733	56050733	0	4	2642,81,272,102,	0,12688,18364,25269,	chr19	56050783	56076047	ZNF702P-201|transcribed_processed_pseudogene	0	-	ZNF702P	25264
chr19	56050733	56076104	ENSG00000242779[6,8,5]	0	-	56050733	56050733	0	4	2642,81,272,102,	0,12688,18364,25269,	chr19	56065361	56069242	ZNF702P-206|transcribed_processed_pseudogene	0	-	ZNF702P	3881
chr19	56053244	56076104	ENSG00000242779[6,12,6]	0	-	56053244	56053244	0	5	131,81,272,118,102,	0,10177,15853,19371,22758,	chr19	56049428	56063995	ZNF702P-214|transcribed_processed_pseudogene	0	-	ZNF702P	10751
chr19	56053244	56076104	ENSG00000242779[6,12,6]	0	-	56053244	56053244	0	5	131,81,272,118,102,	0,10177,15853,19371,22758,	chr19	56049618	56075030	ZNF702P-213|transcribed_processed_pseudogene	0	-	ZNF702P	21786
chr19	56053244	56076104	ENSG00000242779[6,12,6]	0	-	56053244	56053244	0	5	131,81,272,118,102,	0,10177,15853,19371,22758,	chr19	56050783	56076047	ZNF702P-201|transcribed_processed_pseudogene	0	-	ZNF702P	22803
chr19	56053244	56076104	ENSG00000242779[6,12,6]	0	-	56053244	56053244	0	5	131,81,272,118,102,	0,10177,15853,19371,22758,	chr19	56065361	56069242	ZNF702P-206|transcribed_processed_pseudogene	0	-	ZNF702P	3881
chr19	56057855	56076104	ENSG00000242779[6,9,8]	0	-	56057855	56057855	0	4	478,81,272,102,	0,5566,11242,18147,	chr19	56049428	56063995	ZNF702P-214|transcribed_processed_pseudogene	0	-	ZNF702P	6140
chr19	56057855	56076104	ENSG00000242779[6,9,8]	0	-	56057855	56057855	0	4	478,81,272,102,	0,5566,11242,18147,	chr19	56049618	56075030	ZNF702P-213|transcribed_processed_pseudogene	0	-	ZNF702P	17175
chr19	56057855	56076104	ENSG00000242779[6,9,8]	0	-	56057855	56057855	0	4	478,81,272,102,	0,5566,11242,18147,	chr19	56050783	56076047	ZNF702P-201|transcribed_processed_pseudogene	0	-	ZNF702P	18192
chr19	56057855	56076104	ENSG00000242779[6,9,8]	0	-	56057855	56057855	0	4	478,81,272,102,	0,5566,11242,18147,	chr19	56065361	56069242	ZNF702P-206|transcribed_processed_pseudogene	0	-	ZNF702P	3881
chr19	56068924	56076104	ENSG00000242779[6,11,11]	0	-	56068924	56068924	0	3	445,118,102,	0,3691,7078,	chr19	56049618	56075030	ZNF702P-213|transcribed_processed_pseudogene	0	-	ZNF702P	6106
chr19	56068924	56076104	ENSG00000242779[6,11,11]	0	-	56068924	56068924	0	3	445,118,102,	0,3691,7078,	chr19	56050783	56076047	ZNF702P-201|transcribed_processed_pseudogene	0	-	ZNF702P	7123
chr19	56086558	56087769	ENSG00000268282[1,1,1]	0	+	56086558	56086558	0	1	1211,	0,	chr19	56086608	56087719	retro_human_3764|AC010328.2-201|processed_pseudogene	0	+	ARPC1AP2	1111
chr19	56244639	56272936	ENSG00000197497[1,1,1]	0	-	56246721	56265173	0	4	3974,127,60,125,	0,13082,20519,28172,	chr19	56246707	56257845	retro_human_1847	0	-	ZNF665	11138
chr19	56246353	56272936	ENSG00000197497[1,1,2]	0	-	56246721	56265173	0	4	2260,127,60,125,	0,11368,18805,26458,	chr19	56246707	56257845	retro_human_1847	0	-	ZNF665	11138
chr19	56465684	56465940	ENSG00000241069[1,1,1]	0	+	56465684	56465684	0	1	256,	0,	chr19	56465734	56465890	retro_human_9635|AC125388.1-201|transcribed_processed_pseudogene	0	+	ZNF525,RPL39P35	156
chr19	56492642	56492898	ENSG00000239912[1,1,1]	0	+	56492642	56492642	0	1	256,	0,	chr19	56492692	56492848	retro_human_9637|RPL39P36-201|processed_pseudogene	0	+	RPL39P36	156
chr19	56505523	56506104	ENSG00000249435[1,1,1]	0	-	56505523	56505523	0	1	581,	0,	chr19	56505573	56506054	AC022137.2-201|processed_pseudogene	0	-	ZNF765,ZNF765-ZNF761	481
chr19	56511488	56537864	ENSG00000241015[1,7,5]	0	+	56526822	56536299	255	6	95,219,111,88,127,3661,	0,13067,14292,15261,17576,22715,	chr19	56511538	56524227	TPM3P9-201|transcribed_processed_pseudogene	0	+	AC022137.4,TPM3P9	12689
chr19	56511488	56537864	ENSG00000241015[1,8,5]	0	+	56534223	56536299	255	6	95,111,88,127,91,3661,	0,14292,15261,17576,19838,22715,	chr19	56511538	56524227	TPM3P9-201|transcribed_processed_pseudogene	0	+	AC022137.4,TPM3P9	12689
chr19	56511488	56537864	ENSG00000241015[1,5,5]	0	+	56534223	56536299	255	7	95,123,111,88,127,91,3661,	0,13067,14292,15261,17576,19838,22715,	chr19	56511538	56524227	TPM3P9-201|transcribed_processed_pseudogene	0	+	AC022137.4,TPM3P9	12689
chr19	56511488	56537864	ENSG00000241015[1,9,5]	0	+	56526822	56536299	255	5	95,111,88,127,3661,	0,14292,15261,17576,22715,	chr19	56511538	56524227	TPM3P9-201|transcribed_processed_pseudogene	0	+	AC022137.4,TPM3P9	12689
chr19	56511488	56537864	ENSG00000241015[1,10,5]	0	+	56526822	56536299	255	4	95,88,127,3661,	0,15261,17576,22715,	chr19	56511538	56524227	TPM3P9-201|transcribed_processed_pseudogene	0	+	AC022137.4,TPM3P9	12689
chr19	56511488	56524277	ENSG00000241015[1,3,2]	0	+	56521886	56522162	255	4	95,171,106,2924,	0,1646,7899,9865,	chr19	56511538	56524227	TPM3P9-201|transcribed_processed_pseudogene	0	+	AC022137.4,TPM3P9	12689
chr19	56511488	56522512	ENSG00000241015[1,3,3]	0	+	56521886	56522162	255	4	95,171,106,1159,	0,1646,7899,9865,	chr19	56511538	56524227	TPM3P9-201|transcribed_processed_pseudogene	0	+	AC022137.4,TPM3P9	10974
chr19	56511488	56522998	ENSG00000241015[1,3,4]	0	+	56521886	56522162	255	4	95,171,106,1645,	0,1646,7899,9865,	chr19	56511538	56524227	TPM3P9-201|transcribed_processed_pseudogene	0	+	AC022137.4,TPM3P9	11460
chr19	56511488	56522512	ENSG00000241015[1,4,3]	0	+	56521886	56522162	255	3	95,106,1159,	0,7899,9865,	chr19	56511538	56524227	TPM3P9-201|transcribed_processed_pseudogene	0	+	AC022137.4,TPM3P9	10974
chr19	56511488	56524277	ENSG00000241015[1,4,2]	0	+	56521886	56522162	255	3	95,106,2924,	0,7899,9865,	chr19	56511538	56524227	TPM3P9-201|transcribed_processed_pseudogene	0	+	AC022137.4,TPM3P9	12689
chr19	56511488	56537864	ENSG00000241015[1,6,5]	0	+	56526822	56536299	255	6	95,123,111,88,127,3661,	0,13067,14292,15261,17576,22715,	chr19	56511538	56524227	TPM3P9-201|transcribed_processed_pseudogene	0	+	AC022137.4,TPM3P9	12689
chr19	56511488	56522512	ENSG00000241015[1,2,3]	0	+	56521886	56522162	0	2	95,1159,	0,9865,	chr19	56511538	56524227	TPM3P9-201|transcribed_processed_pseudogene	0	+	AC022137.4,TPM3P9	10974
chr19	56511488	56524277	ENSG00000241015[1,2,2]	0	+	56521886	56522162	0	2	95,2924,	0,9865,	chr19	56511538	56524227	TPM3P9-201|transcribed_processed_pseudogene	0	+	AC022137.4,TPM3P9	12689
chr19	56511488	56529957	ENSG00000160336[1,3,2]	0	+	56526822	56529451	0	6	95,123,111,88,127,526,	0,13067,14292,15261,17576,17943,	chr19	56511538	56524227	TPM3P9-201|transcribed_processed_pseudogene	0	+	AC022137.4,TPM3P9	12689
chr19	56511490	56524276	ENSG00000196417[4,9,13]	0	+	56521886	56522162	255	5	93,171,153,106,2923,	0,1644,2378,7897,9863,	chr19	56511538	56524227	TPM3P9-201|transcribed_processed_pseudogene	0	+	AC022137.4,TPM3P9	12689
chr19	56511490	56522512	ENSG00000196417[4,9,12]	0	+	56521886	56522162	255	5	93,171,153,106,1159,	0,1644,2378,7897,9863,	chr19	56511538	56524227	TPM3P9-201|transcribed_processed_pseudogene	0	+	AC022137.4,TPM3P9	10974
chr19	56521370	56522215	ENSG00000241015[2,1,1]	0	+	56521886	56522162	0	1	845,	0,	chr19	56521420	56522165	retro_human_1901|TPM3P9-202|transcribed_processed_pseudogene	0	+	TPM3P9	745
chr19	56558872	56559714	ENSG00000250731[1,1,1]	0	+	56559385	56559661	0	1	842,	0,	chr19	56558922	56559664	retro_human_9639|TPM3P6-201|processed_pseudogene	0	+	TPM3P6	742
chr19	56575433	56575684	ENSG00000241434[1,1,1]	0	+	56575433	56575433	0	1	251,	0,	chr19	56575483	56575634	retro_human_9641|AC022137.1-201|transcribed_processed_pseudogene	0	+	RPL39P37,ZNF813	151
chr19	56582936	56583923	ENSG00000213777[1,1,1]	0	+	56582936	56582936	0	1	987,	0,	chr19	56582986	56583873	AC011487.1-201|transcribed_processed_pseudogene	0	+	AC011487.1,ZNF331	887
chr19	56855023	56855407	ENSG00000238150[1,1,1]	0	+	56855023	56855023	0	1	384,	0,	chr19	56855073	56855357	retro_human_4155|AC008753.1-201|processed_pseudogene	0	+	RPLP1P12	284
chr19	56873149	56914035	ENSG00000142405[3,8,1]	0	-	56873509	56913922	255	10	445,171,171,171,171,171,171,1702,81,231,	0,2472,4828,7813,10538,11865,14080,16171,21494,40655,	chr19	56885026	56890756	retro_human_2032	0	-	NLRP12	5730
chr19	56873149	56904248	ENSG00000142405[1,2,1]	0	-	56873509	56903978	0	9	445,171,171,171,171,171,1702,81,559,	0,2472,7813,10538,11865,14080,16171,21494,30540,	chr19	56885026	56890756	retro_human_2032	0	-	NLRP12	5730
chr19	56873149	56904248	ENSG00000142405[1,5,1]	0	-	56873509	56903978	0	10	445,171,171,171,171,171,174,1702,81,559,	0,2472,4828,7813,10538,11865,14080,16171,21494,30540,	chr19	56885026	56890756	retro_human_2032	0	-	NLRP12	5730
chr19	56873149	56904248	ENSG00000142405[1,1,1]	0	-	56873509	56903978	0	10	445,171,171,171,171,171,171,1702,81,559,	0,2472,4828,7813,10538,11865,14080,16171,21494,30540,	chr19	56885026	56890756	retro_human_2032	0	-	NLRP12	5730
chr19	57296615	57303944	ENSG00000204577[2,4,2]	0	-	57297483	57303364	0	14	1012,156,53,38,76,117,51,303,297,303,285,36,85,136,	0,1091,2133,2417,2535,2901,3927,4300,4855,5600,6050,6519,6715,7193,	chr19	57300887	57301840	retro_human_2056	0	-	LILRB3	953
chr19	57297221	57303525	ENSG00000204577[1,1,1]	0	-	57297483	57303364	0	13	406,159,53,38,76,117,51,303,297,303,285,36,195,	0,485,1527,1811,1929,2295,3321,3694,4249,4994,5444,5913,6109,	chr19	57300887	57301840	retro_human_2056	0	-	LILRB3	953
chr19	57737347	57743159	ENSG00000186818[3,6,4]	0	+	57737347	57737347	0	2	128,1617,	0,4195,	chr19	57741452	57742362	VN1R105P-201|transcribed_processed_pseudogene	0	+	LILRB4	910
chr19	57831383	57845798	ENSG00000243772[1,1,1]	0	+	57831466	57845233	0	8	117,36,300,294,51,105,53,715,	0,909,3382,5200,8665,12982,13549,13700,	chr19	57833055	57835109	retro_human_10040	0	+	KIR2DL3	2054
chr19	58687259	58695616	ENSG00000179943[1,7,1]	0	-	58689435	58695546	255	2	2321,207,	0,8150,	chr19	58688399	58693738	retro_human_5929	0	-	FIZ1	5339
chr19	58687259	58695616	ENSG00000179943[1,6,1]	0	-	58688386	58693801	255	3	2321,330,1186,	0,6248,7171,	chr19	58688399	58693738	retro_human_5929	0	-	FIZ1	5339
chr19	58687259	58694774	ENSG00000179943[3,6,1]	0	-	58688386	58693801	255	3	2321,330,344,	0,6248,7171,	chr19	58688399	58693738	retro_human_5929	0	-	FIZ1	5339
chr19	58687259	58695616	ENSG00000179943[1,8,1]	0	-	58689566	58693801	255	4	2321,115,330,207,	0,4295,6248,8150,	chr19	58688399	58693738	retro_human_5929	0	-	FIZ1	5339
chr19	58687259	58695616	ENSG00000179943[1,3,1]	0	-	58688386	58693801	0	2	2321,2109,	0,6248,	chr19	58688399	58693738	retro_human_5929	0	-	FIZ1	5339
chr19	58687259	58694774	ENSG00000179943[3,3,1]	0	-	58688386	58693801	0	2	2321,1267,	0,6248,	chr19	58688399	58693738	retro_human_5929	0	-	FIZ1	5339
chr19	58687259	58694774	ENSG00000179943[3,4,1]	0	-	58689566	58693801	0	3	2321,115,1267,	0,4295,6248,	chr19	58688399	58693738	retro_human_5929	0	-	FIZ1	5339
chr19	58687259	58695616	ENSG00000179943[1,1,1]	0	-	58688386	58693801	0	3	2321,330,207,	0,6248,8150,	chr19	58688399	58693738	retro_human_5929	0	-	FIZ1	5339
chr19	58689243	58697955	ENSG00000179943[4,3,2]	0	-	58697341	58697611	0	2	337,4448,	0,4264,	chr19	58688399	58693738	retro_human_5929	0	-	FIZ1	4495
chr19	58689243	58693828	ENSG00000179943[2,4,2]	0	-	58689566	58693801	0	3	337,115,321,	0,2311,4264,	chr19	58688399	58693738	retro_human_5929	0	-	FIZ1	4495
chr19	58730883	58741588	ENSG00000171425[5,2,1]	0	+	58740486	58741077	0	2	745,1121,	0,9584,	chr19	58738693	58741077	retro_human_10698	0	+	ZNF580,ZNF581	2384
chr19	58731324	58741588	ENSG00000171425[2,2,1]	0	+	58740486	58741077	0	2	304,1121,	0,9143,	chr19	58738693	58741077	retro_human_10698	0	+	ZNF580,ZNF581	2384
chr19	58736851	58739435	ENSG00000213015[1,5,1]	0	+	58738425	58738941	0	2	249,1080,	0,1504,	chr19	58738693	58741077	retro_human_10698	0	+	ZNF580,ZNF581	742
chr19	58736851	58739435	ENSG00000213015[1,1,1]	0	+	58738425	58738941	0	2	249,1022,	0,1562,	chr19	58738693	58741077	retro_human_10698	0	+	ZNF580,ZNF581	742
chr19	58736897	58741588	ENSG00000171425[4,4,1]	0	+	58740486	58741077	0	2	203,1121,	0,3570,	chr19	58738693	58741077	retro_human_10698	0	+	ZNF580,ZNF581	2384
chr19	58736897	58740955	ENSG00000171425[4,4,2]	0	+	58736897	58736897	0	2	203,488,	0,3570,	chr19	58738693	58741077	retro_human_10698	0	+	ZNF580,ZNF581	2262
chr19	58737629	58739435	ENSG00000213015[2,2,1]	0	+	58738425	58738941	0	1	1806,	0,	chr19	58738693	58741077	retro_human_10698	0	+	ZNF580,ZNF581	742
chr19	58739254	58741588	ENSG00000171425[6,1,1]	0	+	58740486	58741077	0	2	435,1121,	0,1213,	chr19	58738693	58741077	retro_human_10698	0	+	ZNF580,ZNF581	1823
chr19	58739513	58741588	ENSG00000171425[1,1,1]	0	+	58740486	58741077	0	2	176,1121,	0,954,	chr19	58738693	58741077	retro_human_10698	0	+	ZNF580,ZNF581	1564
chr19	58739674	58741588	ENSG00000171425[3,6,1]	0	+	58740486	58741077	255	2	267,1121,	0,793,	chr19	58738693	58741077	retro_human_10698	0	+	ZNF580,ZNF581	1403
chr19	58739674	58741588	ENSG00000171425[3,3,1]	0	+	58740486	58741077	0	2	81,1121,	0,793,	chr19	58738693	58741077	retro_human_10698	0	+	ZNF580,ZNF581	1403
chr19	58804471	58804877	ENSG00000268593[1,1,1]	0	+	58804548	58804851	0	1	406,	0,	chr19	58804521	58804827	AC008749.1-201|processed_pseudogene	0	+	EPN1	306
chr19	58858399	58862578	ENSG00000223638[1,1,2]	0	+	58861153	58862525	0	3	129,295,628,	0,2745,3551,	chr19	58861881	58862426	retro_human_10697	0	+	RFPL4A	545
chr19	59412925	59415806	ENSG00000267549[2,1,5]	0	+	59412925	59412925	0	1	2881,	0,	chr19	59414898	59415730	VN2R17P-201|processed_pseudogene	0	-	LOC105372468,VN2R17P	832
chr19	59435970	59436431	ENSG00000267145[1,1,1]	0	-	59435970	59435970	0	1	461,	0,	chr19	59436020	59436381	AC006116.4-201|processed_pseudogene	0	-	AC006116.8,VN2R18P	361
chr19	59467593	59472416	ENSG00000240225[2,3,1]	0	+	59467593	59467593	0	4	84,93,72,1156,	0,331,1486,3667,	chr19	59471398	59472354	retro_human_4800	0	+	ZNF542P	956
chr19	59860389	59894736	ENSG00000269793[2,3,1]	0	+	59860389	59860389	0	2	121,1660,	0,32687,	chr19	59869738	59877170	retro_human_1267	0	-	ZIM2	7432
chr19	59860389	59894736	ENSG00000269793[2,2,1]	0	+	59860389	59860389	0	4	121,151,253,1660,	0,24622,25749,32687,	chr19	59869738	59877170	retro_human_1267	0	-	ZIM2	7432
chr19	59869582	59935849	ENSG00000269699[1,4,1]	0	-	59869776	59919361	0	12	1033,96,169,80,103,104,84,90,253,76,87,200,	0,4879,7455,15373,44102,47153,48254,49091,49763,51890,61520,66067,	chr19	59869738	59877170	retro_human_1267	0	-	ZIM2	7432
chr19	59869582	59935849	ENSG00000269699[1,3,1]	0	-	59869776	59919361	0	11	1033,96,169,80,103,104,84,90,166,87,200,	0,4879,7455,15373,44102,47153,48254,49091,49763,61520,66067,	chr19	59869738	59877170	retro_human_1267	0	-	ZIM2	7432
chr19	59888081	59888383	ENSG00000268407[1,1,1]	0	-	59888095	59888260	0	1	302,	0,	chr19	59888131	59888333	retro_human_1123|AC006115.1-201|processed_pseudogene	0	-	AC006115.2	202
chr19	60460456	60475935	ENSG00000152433[1,2,6]	0	+	60468904	60475212	0	5	277,36,122,127,1778,	0,5117,7546,8355,13701,	chr19	60474073	60475656	retro_human_5610	0	+	ZNF547	1583
chr19	60460456	60475935	ENSG00000152433[1,1,6]	0	+	60465585	60475212	0	4	277,36,127,1778,	0,5117,8355,13701,	chr19	60474073	60475656	retro_human_5610	0	+	ZNF547	1583
chr19	60711111	60721701	ENSG00000213762[1,3,1]	0	+	60716397	60718329	0	4	321,86,97,4613,	0,4609,5229,5977,	chr19	60716950	60718344	retro_human_5980	0	+	ZNF134	1394
chr19	60711111	60720330	ENSG00000213762[1,3,5]	0	+	60716397	60718329	0	4	321,86,97,3242,	0,4609,5229,5977,	chr19	60716950	60718344	retro_human_5980	0	+	ZNF134	1394
chr19	60711111	60718903	ENSG00000213762[1,3,4]	0	+	60716397	60718329	0	4	321,86,97,1815,	0,4609,5229,5977,	chr19	60716950	60718344	retro_human_5980	0	+	ZNF134	1394
chr19	60711111	60720330	ENSG00000213762[1,2,5]	0	+	60717057	60718329	0	2	321,3990,	0,5229,	chr19	60716950	60718344	retro_human_5980	0	+	ZNF134	1394
chr19	60711111	60721701	ENSG00000213762[1,4,1]	0	+	60717567	60718329	0	2	321,4613,	0,5977,	chr19	60716950	60718344	retro_human_5980	0	+	ZNF134	1394
chr19	60711111	60720330	ENSG00000213762[1,4,5]	0	+	60717567	60718329	0	2	321,3242,	0,5977,	chr19	60716950	60718344	retro_human_5980	0	+	ZNF134	1394
chr19	60711111	60718903	ENSG00000213762[1,4,4]	0	+	60717567	60718329	0	2	321,1815,	0,5977,	chr19	60716950	60718344	retro_human_5980	0	+	ZNF134	1394
chr19	60711111	60720330	ENSG00000213762[1,1,5]	0	+	60716397	60718329	0	3	321,97,3242,	0,5229,5977,	chr19	60716950	60718344	retro_human_5980	0	+	ZNF134	1394
chr19	60711111	60718903	ENSG00000213762[1,1,4]	0	+	60716397	60718329	0	3	321,97,1815,	0,5229,5977,	chr19	60716950	60718344	retro_human_5980	0	+	ZNF134	1394
chr19	60711111	60721701	ENSG00000213762[1,1,1]	0	+	60716397	60718329	0	3	321,97,4613,	0,5229,5977,	chr19	60716950	60718344	retro_human_5980	0	+	ZNF134	1394
chr19	60794248	60806184	ENSG00000179909[1,4,2]	0	-	60798569	60805901	255	4	525,1801,127,316,	0,3671,7534,11620,	chr19	60798486	60801927	retro_human_6729	0	-	ZNF154	3441
chr19	60794248	60806184	ENSG00000179909[1,2,2]	0	-	60798569	60805901	0	4	3829,1551,127,316,	0,3921,7534,11620,	chr19	60798486	60801927	retro_human_6729	0	-	ZNF154	3441
chr19	60794248	60806184	ENSG00000179909[1,3,2]	0	-	60798569	60805901	0	5	525,158,1551,127,316,	0,3671,3921,7534,11620,	chr19	60798486	60801927	retro_human_6729	0	-	ZNF154	3441
chr19	60794453	60806184	ENSG00000179909[1,1,3]	0	-	60798569	60805901	255	3	5267,127,316,	0,7329,11415,	chr19	60798486	60801927	retro_human_6729	0	-	ZNF154	3441
chr19	60794453	60806184	ENSG00000179909[1,4,3]	0	-	60798569	60805901	255	4	320,1801,127,316,	0,3466,7329,11415,	chr19	60798486	60801927	retro_human_6729	0	-	ZNF154	3441
chr19	60794453	60806184	ENSG00000179909[1,3,3]	0	-	60798569	60805901	0	5	320,158,1551,127,316,	0,3466,3716,7329,11415,	chr19	60798486	60801927	retro_human_6729	0	-	ZNF154	3441
chr19	60797324	60806184	ENSG00000179909[1,1,4]	0	-	60798569	60805901	255	3	2396,127,316,	0,4458,8544,	chr19	60798486	60801927	retro_human_6729	0	-	ZNF154	3441
chr19	60797324	60806184	ENSG00000179909[1,2,4]	0	-	60798569	60805901	0	4	753,1551,127,316,	0,845,4458,8544,	chr19	60798486	60801927	retro_human_6729	0	-	ZNF154	3441
chr19	60799107	60806184	ENSG00000179909[1,1,5]	0	-	60799107	60799107	255	3	613,127,316,	0,2675,6761,	chr19	60798486	60801927	retro_human_6729	0	-	ZNF154	2820
chr19	60843702	60854295	ENSG00000152443[1,7,4]	0	+	60843996	60851622	255	4	327,127,2401,488,	0,4019,6526,10105,	chr19	60850693	60852109	retro_human_233	0	+	ZNF776	1416
chr19	60843702	60855134	ENSG00000152443[1,7,1]	0	+	60843996	60851622	255	4	327,127,2401,1327,	0,4019,6526,10105,	chr19	60850693	60852109	retro_human_233	0	+	ZNF776	1416
chr19	60843702	60855134	ENSG00000152443[1,8,1]	0	+	60843996	60853812	255	3	327,127,1327,	0,4019,10105,	chr19	60850693	60852109	retro_human_233	0	+	ZNF776	1416
chr19	60843702	60855134	ENSG00000152443[1,6,1]	0	+	60843996	60853984	255	4	327,127,89,1327,	0,4019,6526,10105,	chr19	60850693	60852109	retro_human_233	0	+	ZNF776	1416
chr19	60843702	60855134	ENSG00000152443[1,2,1]	0	+	60850347	60851622	0	3	327,127,4923,	0,4019,6509,	chr19	60850693	60852109	retro_human_233	0	+	ZNF776	1416
chr19	60843702	60854295	ENSG00000152443[1,1,4]	0	+	60843996	60851622	0	3	327,127,4067,	0,4019,6526,	chr19	60850693	60852109	retro_human_233	0	+	ZNF776	1416
chr19	60843702	60855134	ENSG00000152443[1,1,1]	0	+	60843996	60851622	0	3	327,127,4906,	0,4019,6526,	chr19	60850693	60852109	retro_human_233	0	+	ZNF776	1416
chr19	60843894	60855134	ENSG00000152443[4,7,1]	0	+	60843996	60851622	255	4	135,127,2401,1327,	0,3827,6334,9913,	chr19	60850693	60852109	retro_human_233	0	+	ZNF776	1416
chr19	60843894	60855134	ENSG00000152443[4,8,1]	0	+	60843996	60853812	255	3	135,127,1327,	0,3827,9913,	chr19	60850693	60852109	retro_human_233	0	+	ZNF776	1416
chr19	60843894	60855134	ENSG00000152443[4,6,1]	0	+	60843996	60853984	255	4	135,127,89,1327,	0,3827,6334,9913,	chr19	60850693	60852109	retro_human_233	0	+	ZNF776	1416
chr19	60843894	60855134	ENSG00000152443[4,1,1]	0	+	60843996	60851622	0	3	135,127,4906,	0,3827,6334,	chr19	60850693	60852109	retro_human_233	0	+	ZNF776	1416
chr19	60847690	60854295	ENSG00000152443[2,4,4]	0	+	60853849	60853984	0	2	158,488,	0,6117,	chr19	60850693	60852109	retro_human_233	0	+	ZNF776	1416
chr19	60850931	60854295	ENSG00000152443[3,5,4]	0	+	60851278	60851752	0	2	1698,488,	0,2876,	chr19	60850693	60852109	retro_human_233	0	+	ZNF776	1178
chr19	60866537	60877588	ENSG00000083828[1,1,1]	0	+	60866776	60876715	0	3	275,127,1916,	0,6928,9135,	chr19	60875621	60876919	retro_human_232	0	+	ZNF586	1298
chr19	60866537	60877588	ENSG00000083828[1,3,1]	0	+	60866776	60876266	0	2	275,1916,	0,9135,	chr19	60875621	60876919	retro_human_232	0	+	ZNF586	1298
chr19	60963897	60965135	ENSG00000269867[1,1,1]	0	-	60964171	60965010	0	2	410,372,	0,866,	chr19	60964882	60965747	retro_human_231|AC010326.4-202|transcribed_processed_pseudogene	0	+	AC010326.4,ZNF814,AC010326.3,UBE2CP5	253
chr19	60963897	60965135	ENSG00000269867[1,1,1]	0	-	60964171	60965010	0	2	410,372,	0,866,	chr19	60964797	60965688	AC010326.4-201|transcribed_processed_pseudogene	0	+	AC010326.4,ZNF814,AC010326.3,UBE2CP5	338
chr19	60964747	60965797	ENSG00000270804[1,1,1]	0	+	60964747	60964747	0	1	1050,	0,	chr19	60964882	60965747	retro_human_231|AC010326.4-202|transcribed_processed_pseudogene	0	+	AC010326.4,ZNF814,AC010326.3,UBE2CP5	865
chr19	60964747	60965797	ENSG00000270804[1,1,1]	0	+	60964747	60964747	0	1	1050,	0,	chr19	60964797	60965688	AC010326.4-201|transcribed_processed_pseudogene	0	+	AC010326.4,ZNF814,AC010326.3,UBE2CP5	891
chr19	61050054	61050756	ENSG00000243234[1,1,1]	0	-	61050054	61050054	0	1	702,	0,	chr19	61050104	61050706	retro_human_1494|AC010326.1-201|processed_pseudogene	0	-	RPL19P19	602
chr19	61130923	61151627	ENSG00000152467[1,1,1]	0	+	61134781	61150994	0	6	187,42,479,95,139,1253,	0,1992,3749,6470,18513,19451,	chr19	61141538	61143716	retro_human_237|LETM1P2-201|processed_pseudogene	0	+	LETM1P2	2178
chr19	61141488	61143766	ENSG00000268660[1,1,1]	0	+	61143081	61143705	0	1	2278,	0,	chr19	61141538	61143716	retro_human_237|LETM1P2-201|processed_pseudogene	0	+	LETM1P2	2178
chr19	61450722	61459306	ENSG00000174586[1,3,1]	0	-	61452557	61454051	0	4	3343,335,97,222,	0,3645,4182,8362,	chr19	61452570	61453955	retro_human_7097	0	-	ZNF497	1385
chr19	61450722	61459306	ENSG00000174586[1,2,1]	0	-	61452557	61454051	0	2	3343,222,	0,8362,	chr19	61452570	61453955	retro_human_7097	0	-	ZNF497	1385
chr19	61450722	61459306	ENSG00000174586[1,1,1]	0	-	61452557	61454051	0	3	3343,97,222,	0,4182,8362,	chr19	61452570	61453955	retro_human_7097	0	-	ZNF497	1385
chr19	61451926	61459306	ENSG00000174586[1,3,2]	0	-	61452557	61454051	0	4	2139,335,97,222,	0,2441,2978,7158,	chr19	61452570	61453955	retro_human_7097	0	-	ZNF497	1385
chr19	61451926	61459306	ENSG00000174586[1,2,2]	0	-	61452557	61454051	0	2	2139,222,	0,7158,	chr19	61452570	61453955	retro_human_7097	0	-	ZNF497	1385
chr19	61451926	61459306	ENSG00000174586[1,1,2]	0	-	61452557	61454051	0	3	2139,97,222,	0,2978,7158,	chr19	61452570	61453955	retro_human_7097	0	-	ZNF497	1385
chr19	61504801	61514334	ENSG00000171574[1,10,1]	0	+	61505341	61513738	255	4	558,127,123,1567,	0,1357,6681,7966,	chr19	61512827	61513951	retro_human_304	0	+	ZNF584	1124
chr19	61504801	61514334	ENSG00000171574[1,11,1]	0	+	61513535	61513820	255	3	558,123,1567,	0,6681,7966,	chr19	61512827	61513951	retro_human_304	0	+	ZNF584	1124
chr19	61504801	61514334	ENSG00000171574[1,3,1]	0	+	61506251	61511873	0	5	558,86,123,148,1567,	0,1398,6681,6950,7966,	chr19	61512827	61513951	retro_human_304	0	+	ZNF584	1124
chr19	61504801	61514334	ENSG00000171574[1,4,1]	0	+	61506251	61513738	0	4	558,86,123,1567,	0,1398,6681,7966,	chr19	61512827	61513951	retro_human_304	0	+	ZNF584	1124
chr19	61504801	61514334	ENSG00000171574[1,2,1]	0	+	61505341	61512812	0	5	558,127,123,122,1567,	0,1357,6681,6976,7966,	chr19	61512827	61513951	retro_human_304	0	+	ZNF584	1124
chr19	61504801	61514334	ENSG00000171574[1,1,1]	0	+	61505341	61513738	0	4	558,151,123,1567,	0,1333,6681,7966,	chr19	61512827	61513951	retro_human_304	0	+	ZNF584	1124
chr19	61511523	61514334	ENSG00000171574[3,6,1]	0	+	61511654	61511873	0	1	2811,	0,	chr19	61512827	61513951	retro_human_304	0	+	ZNF584	1124
chr19	61513676	61514334	ENSG00000171574[4,6,1]	0	+	61514103	61514214	0	1	658,	0,	chr19	61512827	61513951	retro_human_304	0	+	ZNF584	275
chr19	61671130	61682113	ENSG00000213753[1,2,4]	0	+	61671130	61671130	0	2	217,3213,	0,7770,	chr19	61671180	61679302	CENPBD1P1-202|transcribed_processed_pseudogene	0	+	MZF1-AS1,MZF1	8122
chr19	61671130	61682113	ENSG00000213753[1,2,4]	0	+	61671130	61671130	0	2	217,3213,	0,7770,	chr19	61673137	61682063	CENPBD1P1-203|transcribed_processed_pseudogene	0	+	CENPBD1P1,CENPBD2P	8926
chr19	61671130	61682113	ENSG00000213753[1,2,4]	0	+	61671130	61671130	0	2	217,3213,	0,7770,	chr19	61673115	61702367	CENPBD1P1-204|transcribed_processed_pseudogene	0	+	CENPBD1P1,CENPBD2P	8998
chr19	61671130	61679952	ENSG00000213753[1,2,7]	0	+	61671130	61671130	0	2	217,1052,	0,7770,	chr19	61671180	61679302	CENPBD1P1-202|transcribed_processed_pseudogene	0	+	MZF1-AS1,MZF1	8122
chr19	61671130	61679952	ENSG00000213753[1,2,7]	0	+	61671130	61671130	0	2	217,1052,	0,7770,	chr19	61673137	61682063	CENPBD1P1-203|transcribed_processed_pseudogene	0	+	CENPBD1P1,CENPBD2P	6815
chr19	61671130	61679952	ENSG00000213753[1,2,7]	0	+	61671130	61671130	0	2	217,1052,	0,7770,	chr19	61673115	61702367	CENPBD1P1-204|transcribed_processed_pseudogene	0	+	CENPBD1P1,CENPBD2P	6837
chr19	61671130	61679352	ENSG00000213753[1,2,1]	0	+	61671130	61671130	0	2	217,452,	0,7770,	chr19	61671180	61679302	CENPBD1P1-202|transcribed_processed_pseudogene	0	+	MZF1-AS1,MZF1	8122
chr19	61671130	61679352	ENSG00000213753[1,2,1]	0	+	61671130	61671130	0	2	217,452,	0,7770,	chr19	61673137	61682063	CENPBD1P1-203|transcribed_processed_pseudogene	0	+	CENPBD1P1,CENPBD2P	6215
chr19	61671130	61679352	ENSG00000213753[1,2,1]	0	+	61671130	61671130	0	2	217,452,	0,7770,	chr19	61673115	61702367	CENPBD1P1-204|transcribed_processed_pseudogene	0	+	CENPBD1P1,CENPBD2P	6237
chr19	61673065	61697368	ENSG00000213753[2,10,5]	0	+	61673065	61673065	255	2	201,885,	0,23418,	chr19	61671180	61679302	CENPBD1P1-202|transcribed_processed_pseudogene	0	+	MZF1-AS1,MZF1	6237
chr19	61673065	61697368	ENSG00000213753[2,10,5]	0	+	61673065	61673065	255	2	201,885,	0,23418,	chr19	61673137	61682063	CENPBD1P1-203|transcribed_processed_pseudogene	0	+	CENPBD1P1,CENPBD2P	8926
chr19	61673065	61697368	ENSG00000213753[2,10,5]	0	+	61673065	61673065	255	2	201,885,	0,23418,	chr19	61673115	61702367	CENPBD1P1-204|transcribed_processed_pseudogene	0	+	CENPBD1P1,CENPBD2P	24253
chr19	61673065	61697002	ENSG00000213753[2,10,2]	0	+	61673065	61673065	255	2	201,519,	0,23418,	chr19	61671180	61679302	CENPBD1P1-202|transcribed_processed_pseudogene	0	+	MZF1-AS1,MZF1	6237
chr19	61673065	61697002	ENSG00000213753[2,10,2]	0	+	61673065	61673065	255	2	201,519,	0,23418,	chr19	61673137	61682063	CENPBD1P1-203|transcribed_processed_pseudogene	0	+	CENPBD1P1,CENPBD2P	8926
chr19	61673065	61697002	ENSG00000213753[2,10,2]	0	+	61673065	61673065	255	2	201,519,	0,23418,	chr19	61673115	61702367	CENPBD1P1-204|transcribed_processed_pseudogene	0	+	CENPBD1P1,CENPBD2P	23887
chr19	61673065	61683166	ENSG00000213753[2,4,9]	0	+	61673065	61673065	0	2	201,4266,	0,5835,	chr19	61671180	61679302	CENPBD1P1-202|transcribed_processed_pseudogene	0	+	MZF1-AS1,MZF1	6237
chr19	61673065	61683166	ENSG00000213753[2,4,9]	0	+	61673065	61673065	0	2	201,4266,	0,5835,	chr19	61673137	61682063	CENPBD1P1-203|transcribed_processed_pseudogene	0	+	CENPBD1P1,CENPBD2P	8926
chr19	61673065	61683166	ENSG00000213753[2,4,9]	0	+	61673065	61673065	0	2	201,4266,	0,5835,	chr19	61673115	61702367	CENPBD1P1-204|transcribed_processed_pseudogene	0	+	CENPBD1P1,CENPBD2P	10051
chr19	61673065	61680472	ENSG00000213753[2,4,8]	0	+	61673065	61673065	0	2	201,1572,	0,5835,	chr19	61671180	61679302	CENPBD1P1-202|transcribed_processed_pseudogene	0	+	MZF1-AS1,MZF1	6237
chr19	61673065	61680472	ENSG00000213753[2,4,8]	0	+	61673065	61673065	0	2	201,1572,	0,5835,	chr19	61673137	61682063	CENPBD1P1-203|transcribed_processed_pseudogene	0	+	CENPBD1P1,CENPBD2P	7335
chr19	61673065	61680472	ENSG00000213753[2,4,8]	0	+	61673065	61673065	0	2	201,1572,	0,5835,	chr19	61673115	61702367	CENPBD1P1-204|transcribed_processed_pseudogene	0	+	CENPBD1P1,CENPBD2P	7357
chr19	61673065	61679952	ENSG00000213753[2,4,7]	0	+	61673065	61673065	0	2	201,1052,	0,5835,	chr19	61671180	61679302	CENPBD1P1-202|transcribed_processed_pseudogene	0	+	MZF1-AS1,MZF1	6237
chr19	61673065	61679952	ENSG00000213753[2,4,7]	0	+	61673065	61673065	0	2	201,1052,	0,5835,	chr19	61673137	61682063	CENPBD1P1-203|transcribed_processed_pseudogene	0	+	CENPBD1P1,CENPBD2P	6815
chr19	61673065	61679952	ENSG00000213753[2,4,7]	0	+	61673065	61673065	0	2	201,1052,	0,5835,	chr19	61673115	61702367	CENPBD1P1-204|transcribed_processed_pseudogene	0	+	CENPBD1P1,CENPBD2P	6837
chr19	61673065	61682113	ENSG00000213753[2,4,4]	0	+	61673065	61673065	0	2	201,3213,	0,5835,	chr19	61671180	61679302	CENPBD1P1-202|transcribed_processed_pseudogene	0	+	MZF1-AS1,MZF1	6237
chr19	61673065	61682113	ENSG00000213753[2,4,4]	0	+	61673065	61673065	0	2	201,3213,	0,5835,	chr19	61673137	61682063	CENPBD1P1-203|transcribed_processed_pseudogene	0	+	CENPBD1P1,CENPBD2P	8926
chr19	61673065	61682113	ENSG00000213753[2,4,4]	0	+	61673065	61673065	0	2	201,3213,	0,5835,	chr19	61673115	61702367	CENPBD1P1-204|transcribed_processed_pseudogene	0	+	CENPBD1P1,CENPBD2P	8998
chr19	61673065	61697002	ENSG00000213753[2,5,2]	0	+	61673065	61673065	0	4	201,202,127,519,	0,10601,15947,23418,	chr19	61671180	61679302	CENPBD1P1-202|transcribed_processed_pseudogene	0	+	MZF1-AS1,MZF1	6237
chr19	61673065	61697002	ENSG00000213753[2,5,2]	0	+	61673065	61673065	0	4	201,202,127,519,	0,10601,15947,23418,	chr19	61673137	61682063	CENPBD1P1-203|transcribed_processed_pseudogene	0	+	CENPBD1P1,CENPBD2P	8926
chr19	61673065	61697002	ENSG00000213753[2,5,2]	0	+	61673065	61673065	0	4	201,202,127,519,	0,10601,15947,23418,	chr19	61673115	61702367	CENPBD1P1-204|transcribed_processed_pseudogene	0	+	CENPBD1P1,CENPBD2P	23887
chr19	61673065	61697368	ENSG00000213753[2,5,5]	0	+	61673065	61673065	0	4	201,202,127,885,	0,10601,15947,23418,	chr19	61671180	61679302	CENPBD1P1-202|transcribed_processed_pseudogene	0	+	MZF1-AS1,MZF1	6237
chr19	61673065	61697368	ENSG00000213753[2,5,5]	0	+	61673065	61673065	0	4	201,202,127,885,	0,10601,15947,23418,	chr19	61673137	61682063	CENPBD1P1-203|transcribed_processed_pseudogene	0	+	CENPBD1P1,CENPBD2P	8926
chr19	61673065	61697368	ENSG00000213753[2,5,5]	0	+	61673065	61673065	0	4	201,202,127,885,	0,10601,15947,23418,	chr19	61673115	61702367	CENPBD1P1-204|transcribed_processed_pseudogene	0	+	CENPBD1P1,CENPBD2P	24253
chr19	61673065	61697368	ENSG00000213753[2,6,5]	0	+	61673065	61673065	0	3	201,202,885,	0,10601,23418,	chr19	61671180	61679302	CENPBD1P1-202|transcribed_processed_pseudogene	0	+	MZF1-AS1,MZF1	6237
chr19	61673065	61697368	ENSG00000213753[2,6,5]	0	+	61673065	61673065	0	3	201,202,885,	0,10601,23418,	chr19	61673137	61682063	CENPBD1P1-203|transcribed_processed_pseudogene	0	+	CENPBD1P1,CENPBD2P	8926
chr19	61673065	61697368	ENSG00000213753[2,6,5]	0	+	61673065	61673065	0	3	201,202,885,	0,10601,23418,	chr19	61673115	61702367	CENPBD1P1-204|transcribed_processed_pseudogene	0	+	CENPBD1P1,CENPBD2P	24253
chr19	61673065	61697002	ENSG00000213753[2,6,2]	0	+	61673065	61673065	0	3	201,202,519,	0,10601,23418,	chr19	61671180	61679302	CENPBD1P1-202|transcribed_processed_pseudogene	0	+	MZF1-AS1,MZF1	6237
chr19	61673065	61697002	ENSG00000213753[2,6,2]	0	+	61673065	61673065	0	3	201,202,519,	0,10601,23418,	chr19	61673137	61682063	CENPBD1P1-203|transcribed_processed_pseudogene	0	+	CENPBD1P1,CENPBD2P	8926
chr19	61673065	61697002	ENSG00000213753[2,6,2]	0	+	61673065	61673065	0	3	201,202,519,	0,10601,23418,	chr19	61673115	61702367	CENPBD1P1-204|transcribed_processed_pseudogene	0	+	CENPBD1P1,CENPBD2P	23887
chr19	61691360	61696922	ENSG00000269600[1,2,3]	0	-	61691360	61691360	0	3	280,111,306,	0,3862,5256,	chr19	61673115	61702367	CENPBD1P1-204|transcribed_processed_pseudogene	0	+	CENPBD1P1,CENPBD2P	5562
chr19	61694144	61696922	ENSG00000269600[1,1,4]	0	-	61694144	61694144	0	2	1189,306,	0,2472,	chr19	61696483	61696952	retro_human_10427|CENPBD1P1-201|transcribed_processed_pseudogene	0	+	AC016629.3,CENPBD1P1,AC016629.2,RPL23AP79	439
chr19	61694144	61696922	ENSG00000269600[1,1,4]	0	-	61694144	61694144	0	2	1189,306,	0,2472,	chr19	61696487	61696952	RPL23AP84-201|processed_pseudogene	0	+	AC016629.3,CENPBD1P1,AC016629.2,RPL23AP79	435
chr19	61694649	61696922	ENSG00000269600[1,1,2]	0	-	61694649	61694649	0	2	684,306,	0,1967,	chr19	61696483	61696952	retro_human_10427|CENPBD1P1-201|transcribed_processed_pseudogene	0	+	AC016629.3,CENPBD1P1,AC016629.2,RPL23AP79	439
chr19	61694649	61696922	ENSG00000269600[1,1,2]	0	-	61694649	61694649	0	2	684,306,	0,1967,	chr19	61696487	61696952	RPL23AP84-201|processed_pseudogene	0	+	AC016629.3,CENPBD1P1,AC016629.2,RPL23AP79	435
chr19	61694877	61696922	ENSG00000269600[1,1,5]	0	-	61694877	61694877	0	2	456,306,	0,1739,	chr19	61696483	61696952	retro_human_10427|CENPBD1P1-201|transcribed_processed_pseudogene	0	+	AC016629.3,CENPBD1P1,AC016629.2,RPL23AP79	439
chr19	61694877	61696922	ENSG00000269600[1,1,5]	0	-	61694877	61694877	0	2	456,306,	0,1739,	chr19	61696487	61696952	RPL23AP84-201|processed_pseudogene	0	+	AC016629.3,CENPBD1P1,AC016629.2,RPL23AP79	435
chr19	61696433	61697002	ENSG00000213753[3,1,2]	0	+	61696433	61696433	0	1	569,	0,	chr19	61696483	61696952	retro_human_10427|CENPBD1P1-201|transcribed_processed_pseudogene	0	+	AC016629.3,CENPBD1P1,AC016629.2,RPL23AP79	469
chr19	61696433	61697002	ENSG00000213753[3,1,2]	0	+	61696433	61696433	0	1	569,	0,	chr19	61696487	61696952	RPL23AP84-201|processed_pseudogene	0	+	AC016629.3,CENPBD1P1,AC016629.2,RPL23AP79	465
chr20	886509	887140	ENSG00000101278[1,1,1]	0	-	886509	886509	0	1	631,	0,	chr20	886559	887090	retro_human_6493|RPS10P5-201|processed_pseudogene	0	-	FAM110A,RPS10P5	531
chr20	3520345	3521922	ENSG00000230568[1,1,1]	0	-	3520345	3520345	0	1	1577,	0,	chr20	3520395	3521872	retro_human_5295|SF3A3P1-201|processed_pseudogene	0	-	SF3A3P1	1477
chr20	4054811	4055439	ENSG00000226608[1,1,1]	0	+	4054811	4054811	0	1	628,	0,	chr20	4054861	4055389	retro_human_4795|FTLP3-201|processed_pseudogene	0	+	FTLP3	528
chr20	4668612	4669505	ENSG00000226948[1,1,2]	0	-	4668612	4668612	0	1	893,	0,	chr20	4668662	4669455	retro_human_5876|RPS4XP2-201|transcribed_processed_pseudogene	0	-	RPS4XP2	793
chr20	5333320	5333864	ENSG00000225022[1,1,1]	0	-	5333320	5333320	0	1	544,	0,	chr20	5333370	5333814	retro_human_2197|UBE2D3P1-201|processed_pseudogene	0	-	UBE2D3P1	444
chr20	5589470	5590212	ENSG00000233578[1,1,1]	0	+	5589470	5589470	0	1	742,	0,	chr20	5589520	5590162	retro_human_1990|EIF4EP1-201|processed_pseudogene	0	+	EIF4EP1	642
chr20	5968370	5969704	ENSG00000215589[1,1,1]	0	-	5968370	5968370	0	1	1334,	0,	chr20	5968420	5969654	retro_human_2198|KANK1P1-201|processed_pseudogene	0	-	KANK1P1	1234
chr20	10655824	10657293	ENSG00000235036[1,1,1]	0	-	10655824	10655824	0	1	1469,	0,	chr20	10655874	10657243	retro_human_1185|AL035456.1-201|processed_pseudogene	0	-	LOC100421490	1369
chr20	12423281	12424581	ENSG00000235698[1,1,1]	0	+	12423281	12423281	0	1	1300,	0,	chr20	12423331	12424531	retro_human_9849|PA2G4P2-201|processed_pseudogene	0	+	PA2G4P2	1200
chr20	13436045	13437143	ENSG00000236811[1,1,1]	0	+	13436045	13436045	0	1	1098,	0,	chr20	13436095	13437093	retro_human_11014|GAPDHP2-201|processed_pseudogene	0	+	GAPDHP2	998
chr20	14806788	14807382	ENSG00000213950[1,1,1]	0	+	14806897	14807170	0	1	594,	0,	chr20	14806838	14807332	retro_human_7419|RPS10P2-201|processed_pseudogene	0	+	RPS10P2	494
chr20	18063045	18063475	ENSG00000218902[1,1,1]	0	+	18063045	18063045	0	1	430,	0,	chr20	18063095	18063425	PTMAP3-201|processed_pseudogene	0	+	PTMAP3	330
chr20	18555637	18556171	ENSG00000214612[1,1,1]	0	+	18555637	18555637	0	1	534,	0,	chr20	18555687	18556121	retro_human_4760|RPS19P1-201|processed_pseudogene	0	+	RPS19P1	434
chr20	18834226	18835593	ENSG00000233324[1,1,1]	0	-	18834226	18834226	0	1	1367,	0,	chr20	18834276	18835543	retro_human_11106|EEF1A1P34-201|processed_pseudogene	0	-	EEF1A1P34	1267
chr20	19875430	19876031	ENSG00000236992[1,1,1]	0	-	19875430	19875430	0	1	601,	0,	chr20	19875480	19875981	retro_human_11105|RPL12P12-201|processed_pseudogene	0	-	RPL12P12	501
chr20	21226948	21227438	ENSG00000214535[1,1,1]	0	-	21226948	21226948	0	1	490,	0,	chr20	21226998	21227389	retro_human_7222|RPS15AP1-201|processed_pseudogene	0	-	RPS15AP1	391
chr20	21555854	21559628	ENSG00000278041[1,1,1]	0	-	21555854	21555854	0	1	3774,	0,	chr20	21558038	21558612	retro_human_6632|GSTM3P1-201|processed_pseudogene	0	+	AL133325.3,LOC112268271	574
chr20	21567606	21570421	ENSG00000125820[3,1,1]	0	-	21568565	21570309	0	2	1519,371,	0,2444,	chr20	21568764	21569216	retro_human_3789	0	-	NKX2-2,NKX2-2-AS1	452
chr20	21567606	21570193	ENSG00000125820[2,1,1]	0	-	21568565	21568838	0	2	1519,143,	0,2444,	chr20	21568764	21569216	retro_human_3789	0	-	NKX2-2,NKX2-2-AS1	452
chr20	21567606	21570754	ENSG00000125820[1,1,1]	0	-	21568565	21570309	0	2	1519,704,	0,2444,	chr20	21568764	21569216	retro_human_3789	0	-	NKX2-2,NKX2-2-AS1	452
chr20	21812228	21812409	ENSG00000227063[1,1,1]	0	+	21812228	21812228	0	1	181,	0,	chr20	21812278	21812359	RPL41P1-201|processed_pseudogene	0	+	RPL41P1	81
chr20	23410282	23414363	ENSG00000132661[1,1,1]	0	+	23413583	23414003	0	2	321,841,	0,3240,	chr20	23413584	23414003	retro_human_4754	0	+	NXT1	419
chr20	24050564	24051827	ENSG00000167390[1,1,1]	0	+	24050564	24050564	0	1	1263,	0,	chr20	24050749	24052323	retro_human_10654	0	+	POM121L3P	1078
chr20	25433326	25433918	ENSG00000227379[1,1,1]	0	-	25433379	25433574	0	1	592,	0,	chr20	25433376	25433868	retro_human_9697|PPIAP2-201|processed_pseudogene	0	-	PPIAP2	492
chr20	33009410	33011029	ENSG00000224628[1,1,1]	0	-	33009410	33009410	0	1	1619,	0,	chr20	33009460	33010979	retro_human_4203|AL121723.1-201|processed_pseudogene	0	-	LOC149935	1519
chr20	33271585	33272355	ENSG00000101898[1,1,1]	0	+	33271727	33272270	0	1	770,	0,	chr20	33271727	33272270	retro_human_4077	0	+	HM13,MCTS2P,MCTS2	543
chr20	33910349	33912540	ENSG00000235217[5,1,1]	0	-	33910349	33910349	0	1	2191,	0,	chr20	33910399	33914283	retro_human_4196|TSPY26P-202|transcribed_processed_pseudogene	0	-	TSPY26P	2141
chr20	33910349	33912115	ENSG00000235217[4,1,1]	0	-	33910349	33910349	0	1	1766,	0,	chr20	33910399	33914283	retro_human_4196|TSPY26P-202|transcribed_processed_pseudogene	0	-	TSPY26P	1716
chr20	33910349	33911812	ENSG00000235217[3,1,1]	0	-	33910349	33910349	0	1	1463,	0,	chr20	33910399	33914283	retro_human_4196|TSPY26P-202|transcribed_processed_pseudogene	0	-	TSPY26P	1413
chr20	33910349	33914333	ENSG00000235217[1,1,1]	0	-	33910349	33910349	0	1	3984,	0,	chr20	33910399	33914283	retro_human_4196|TSPY26P-202|transcribed_processed_pseudogene	0	-	TSPY26P	3884
chr20	33910349	33914333	ENSG00000235217[1,1,1]	0	-	33910349	33910349	0	1	3984,	0,	chr20	33913124	33914450	TSPY26P-201|transcribed_processed_pseudogene	0	-	TSPY26P	1209
chr20	33911895	33912540	ENSG00000235217[5,1,3]	0	-	33911895	33911895	0	1	645,	0,	chr20	33910399	33914283	retro_human_4196|TSPY26P-202|transcribed_processed_pseudogene	0	-	TSPY26P	645
chr20	33911895	33914333	ENSG00000235217[1,1,3]	0	-	33911895	33911895	0	1	2438,	0,	chr20	33910399	33914283	retro_human_4196|TSPY26P-202|transcribed_processed_pseudogene	0	-	TSPY26P	2388
chr20	33911895	33914333	ENSG00000235217[1,1,3]	0	-	33911895	33911895	0	1	2438,	0,	chr20	33913124	33914450	TSPY26P-201|transcribed_processed_pseudogene	0	-	TSPY26P	1209
chr20	33913074	33914500	ENSG00000235217[2,1,2]	0	-	33913074	33913074	0	1	1426,	0,	chr20	33910399	33914283	retro_human_4196|TSPY26P-202|transcribed_processed_pseudogene	0	-	TSPY26P	1209
chr20	33913074	33914500	ENSG00000235217[2,1,2]	0	-	33913074	33913074	0	1	1426,	0,	chr20	33913124	33914450	TSPY26P-201|transcribed_processed_pseudogene	0	-	TSPY26P	1326
chr20	35478472	35478949	ENSG00000230837[1,1,1]	0	-	35478472	35478472	0	1	477,	0,	chr20	35478522	35478899	retro_human_10102|RPL31P2-201|processed_pseudogene	0	-	RPL31P2	377
chr20	35968989	35969674	ENSG00000236456[1,1,1]	0	-	35968989	35968989	0	1	685,	0,	chr20	35969039	35969624	retro_human_10103|AL035458.1-201|processed_pseudogene	0	-	LOC729557	585
chr20	36938733	36939010	ENSG00000229230[1,1,1]	0	+	36938733	36938733	0	1	277,	0,	chr20	36938783	36938960	retro_human_3535|MT1P3-201|processed_pseudogene	0	+	MMP24OS,MMP24-AS1-EDEM2	177
chr20	37154157	37159123	ENSG00000125965[1,1,1]	0	-	37154772	37158773	0	2	1487,981,	0,3985,	chr20	37154773	37155750	retro_human_4607	0	-	GDF5,GDF5-AS1	977
chr20	37265188	37265606	ENSG00000224497[1,1,1]	0	-	37265188	37265188	0	1	418,	0,	chr20	37265238	37265556	retro_human_4605|RPL36P4-201|processed_pseudogene	0	-	ERGIC3,RPL36P4	318
chr20	37571600	37571942	ENSG00000234274[1,1,1]	0	-	37571600	37571600	0	1	342,	0,	chr20	37571650	37571892	retro_human_4611|COX7BP2-201|processed_pseudogene	0	-	COX7BP2	242
chr20	37599401	37599759	ENSG00000219608[1,1,1]	0	+	37599446	37599734	0	1	358,	0,	chr20	37599451	37599709	retro_human_7128|HIGD1AP16-201|processed_pseudogene	0	+	HIGD1AP16	258
chr20	42928470	42929037	ENSG00000242748[1,1,1]	0	+	42928470	42928470	0	1	567,	0,	chr20	42928476	42928768	AL022394.1-201|transcribed_processed_pseudogene	0	-	PLCG1	292
chr20	42928470	42929037	ENSG00000242748[1,1,1]	0	+	42928470	42928470	0	1	567,	0,	chr20	42928520	42928987	retro_human_1755|RPL23AP81-201|transcribed_processed_pseudogene	0	+	PLCG1	467
chr20	43279169	43279770	ENSG00000232493[1,1,1]	0	+	43279169	43279169	0	1	601,	0,	chr20	43279219	43279720	retro_human_1750|RPL12P11-201|processed_pseudogene	0	+	RPL12P11	501
chr20	44964744	44965345	ENSG00000226038[1,1,1]	0	+	44964744	44964744	0	1	601,	0,	chr20	44964794	44965295	retro_human_1752|PPIAP21-201|processed_pseudogene	0	+	PPIAP21	501
chr20	45156390	45156833	ENSG00000233711[1,1,1]	0	-	45156390	45156390	0	1	443,	0,	chr20	45156440	45156783	retro_human_10498|EIF4EBP2P1-201|processed_pseudogene	0	-	EIF4EBP2P1	343
chr20	46202279	46202658	ENSG00000226243[1,1,1]	0	-	46202279	46202279	0	1	379,	0,	chr20	46202329	46202608	retro_human_5001|RPL37AP1-201|processed_pseudogene	0	-	RPL37AP1	279
chr20	47559654	47560933	ENSG00000101470[4,3,1]	0	-	47560748	47560862	255	2	216,452,	0,827,	chr20	47560782	47561109	retro_human_5007	0	-	TNNC2	151
chr20	47559654	47560933	ENSG00000101470[4,4,1]	0	-	47559841	47560862	255	3	216,137,151,	0,827,1128,	chr20	47560782	47561109	retro_human_5007	0	-	TNNC2	151
chr20	48192008	48193243	ENSG00000215452[1,1,2]	0	-	48192008	48192008	0	1	1235,	0,	chr20	48192110	48192565	retro_human_10908	0	-	AL031686.1,ZNF663P	455
chr20	48199949	48201424	ENSG00000225849[1,1,2]	0	-	48199949	48199949	0	1	1475,	0,	chr20	48199999	48201374	retro_human_10910|MKRN7P-201|transcribed_processed_pseudogene	0	-	MKRN7P,ZNF334	1375
chr20	48199949	48201424	ENSG00000225849[1,1,2]	0	-	48199949	48199949	0	1	1475,	0,	chr20	48199818	48213336	MKRN7P-202|transcribed_processed_pseudogene	0	-	MKRN7P	1475
chr20	50903926	50904558	ENSG00000226284[1,1,1]	0	+	50903926	50903926	0	1	632,	0,	chr20	50903975	50904508	retro_human_240|ARPC3P1-201|processed_pseudogene	0	+	ARPC3P1	533
chr20	51499091	51499443	ENSG00000231878[1,1,1]	0	-	51499091	51499091	0	1	352,	0,	chr20	51499141	51499393	retro_human_5405|SNRPFP1-201|processed_pseudogene	0	-	SNRPFP1	252
chr20	52390340	52390753	ENSG00000231302[1,1,1]	0	+	52390340	52390340	0	1	413,	0,	chr20	52390390	52390705	retro_human_3828|RPL36P2-201|processed_pseudogene	0	+	RPL36P2	315
chr20	52684278	52685059	ENSG00000228663[1,1,1]	0	+	52684278	52684278	0	1	781,	0,	chr20	52684328	52685009	retro_human_5104|PSMD10P1-201|processed_pseudogene	0	+	PSMD10P1	681
chr20	55648571	55648978	ENSG00000241721[1,1,1]	0	-	55648571	55648571	0	1	407,	0,	chr20	55648622	55648928	retro_human_5402|SUMO1P1-201|processed_pseudogene	0	-	SUMO1P1	306
chr20	56849334	56849925	ENSG00000185834[1,1,1]	0	+	56849334	56849334	0	1	591,	0,	chr20	56849384	56849881	retro_human_7646|RPL12P4-201|processed_pseudogene	0	+	RPL12P4	497
chr20	58236867	58237123	ENSG00000228601[1,1,1]	0	-	58236867	58236867	0	1	256,	0,	chr20	58236917	58237073	retro_human_5401|RPL39P-201|processed_pseudogene	0	-	CASS4,RPL39P	156
chr20	59266156	59266892	ENSG00000124097[2,2,2]	0	-	59266156	59266156	0	1	736,	0,	chr20	59266206	59266842	retro_human_9497|HMGB1P1-201|processed_pseudogene	0	-	HMGB1P1	636
chr20	64645175	64645524	ENSG00000233838[1,1,1]	0	+	64645175	64645175	0	1	349,	0,	chr20	64645225	64645474	retro_human_881|DPH3P1-201|processed_pseudogene	0	+	TCFL5,DPH3P1	249
chr20	65149321	65168024	ENSG00000101204[1,1,1]	0	-	65152891	65167790	0	6	3693,1375,110,45,152,310,	0,6482,13296,13692,16821,18393,	chr20	65156437	65162730	retro_human_9507	0	-	CHRNA4	6293
chr20	65150167	65168024	ENSG00000101204[1,1,2]	0	-	65152891	65167790	0	6	2847,1375,110,45,152,310,	0,5636,12450,12846,15975,17547,	chr20	65156437	65162730	retro_human_9507	0	-	CHRNA4	6293
chr20	65150545	65168024	ENSG00000101204[1,1,16]	0	-	65152891	65167790	0	6	2469,1375,110,45,152,310,	0,5258,12072,12468,15597,17169,	chr20	65156437	65162730	retro_human_9507	0	-	CHRNA4	6293
chr20	65681004	65683423	ENSG00000268858[5,1,1]	0	-	65681004	65681004	0	1	2419,	0,	chr20	65681441	65682790	retro_human_5843	0	+	AL118506.1,LOC112268269	1349
chr20	65681004	65683052	ENSG00000268858[4,1,1]	0	-	65681004	65681004	0	1	2048,	0,	chr20	65681441	65682790	retro_human_5843	0	+	AL118506.1,LOC112268269	1349
chr20	65681004	65682429	ENSG00000268858[3,1,1]	0	-	65681004	65681004	0	1	1425,	0,	chr20	65681441	65682790	retro_human_5843	0	+	AL118506.1,LOC112268269	988
chr20	65681004	65682072	ENSG00000268858[2,1,1]	0	-	65681004	65681004	0	1	1068,	0,	chr20	65681441	65682790	retro_human_5843	0	+	AL118506.1,LOC112268269	631
chr20	65681004	65684186	ENSG00000268858[1,1,1]	0	-	65681004	65681004	0	1	3182,	0,	chr20	65681441	65682790	retro_human_5843	0	+	AL118506.1,LOC112268269	1349
chr20	65681290	65682881	ENSG00000183260[1,1,1]	0	+	65681383	65682790	0	1	1591,	0,	chr20	65681441	65682790	retro_human_5843	0	+	AL118506.1,LOC112268269	1349
chr20	65893208	65897340	ENSG00000171700[5,8,1]	0	-	65893914	65897281	255	5	895,235,75,122,176,	0,994,1317,3371,3956,	chr20	65893948	65894433	retro_human_8314	0	-	RGS19	485
chr20	65893208	65894396	ENSG00000171700[4,6,1]	0	-	65893914	65894382	255	2	895,194,	0,994,	chr20	65893948	65894433	retro_human_8314	0	-	RGS19	448
chr20	65893208	65897340	ENSG00000171700[5,9,1]	0	-	65893914	65896941	255	6	895,235,75,122,98,176,	0,994,1317,3371,3703,3956,	chr20	65893948	65894433	retro_human_8314	0	-	RGS19	485
chr20	66147746	66148401	ENSG00000274727[1,1,1]	0	-	66147746	66147746	0	1	655,	0,	chr20	66147796	66148351	AL137028.1-201|processed_pseudogene	0	-	IQSEC3P3	555
chr21	12106594	12108684	ENSG00000280172[1,1,1]	0	+	12106594	12106594	0	1	2090,	0,	chr21	12106644	12108634	retro_human_3935|FP475955.4-201|processed_pseudogene	0	+	FEM1AP1	1990
chr21	3001194	3002486	ENSG00000280330[1,1,1]	0	+	3001194	3001194	0	1	1292,	0,	chr21	3001245	3002436	retro_human_2547|CTBP2P9-1|processed_pseudogene	0	+	LOC124908150	1191
chr13	5663425	5664716	ENSG00000279177[1,1,1]	0	+	5664716	5664716	0	1	1291,	0,	chr13	5663475	5664666	retro_human_10766|CTBP2P9-201|processed_pseudogene	0	+	LOC124907016	1191
chr21	5650974	5651583	ENSG00000279414[1,1,1]	0	-	5650974	5650974	0	1	609,	0,	chr21	5651024	5651533	CR392039.3-201|processed_pseudogene	0	-	CDRT15P9	509
chr21	5692525	5695728	ENSG00000188681[5,21,1]	0	-	5692525	5692525	255	4	385,155,231,689,	0,1170,1938,2514,	chr21	5694461	5697695	retro_human_10618	0	-	TEKT4P2	1267
chr21	5692525	5695911	ENSG00000188681[6,21,1]	0	-	5692525	5692525	255	4	385,155,231,872,	0,1170,1938,2514,	chr21	5694461	5697695	retro_human_10618	0	-	TEKT4P2	1450
chr21	9125483	9125882	ENSG00000279864[2,1,1]	0	+	9125483	9125483	0	1	399,	0,	chr21	9125533	9125719	NCOR1P4-201|transcribed_processed_pseudogene	0	+	NCOR1P4	186
chr13	13705270	13706177	ENSG00000275945[1,1,1]	0	+	13705270	13705270	0	1	907,	0,	chr13	13705230	13706127	retro_human_11146|AL356585.1-201|processed_pseudogene	0	+	EIF3FP2	857
chr21	12106593	12108688	ENSG00000229231[1,1,1]	0	+	12106593	12106593	0	1	2095,	0,	chr21	12106644	12108634	retro_human_3935|FP475955.4-201|processed_pseudogene	0	+	FEM1AP1	1990
chr21	12486226	12486904	ENSG00000240755[1,1,1]	0	+	12486226	12486226	0	1	678,	0,	chr21	12486276	12486854	retro_human_4737|ERLEC1P1-201|processed_pseudogene	0	+	AP001347.1,ERLEC1P1	578
chr21	15855724	15855970	ENSG00000226580[1,1,1]	0	-	15855724	15855724	0	1	246,	0,	chr21	15855774	15855920	retro_human_8511|RPL39P40-201|processed_pseudogene	0	-	RPL39P40	146
chr21	17217367	17217965	ENSG00000198618[1,1,1]	0	+	17217367	17217367	0	1	598,	0,	chr21	17217417	17217915	retro_human_3505|PPIAP22-201|processed_pseudogene	0	+	PPIAP22	498
chr21	18100069	18100611	ENSG00000229336[1,1,1]	0	+	18100069	18100069	0	1	542,	0,	chr21	18100119	18100561	retro_human_3499|SREK1IP1P1-201|processed_pseudogene	0	+	SREK1IP1P1	442
chr21	23719629	23720342	ENSG00000213885[1,1,1]	0	+	23719629	23719629	0	1	713,	0,	chr21	23719679	23720292	retro_human_7174|RPL13AP7-201|transcribed_processed_pseudogene	0	+	RPL13AP7	613
chr21	24120442	24120938	ENSG00000235514[1,1,1]	0	-	24120442	24120442	0	1	496,	0,	chr21	24120492	24120888	retro_human_10059|LLPHP2-201|processed_pseudogene	0	-	LLPHP2	396
chr21	25193794	25200603	ENSG00000154734[7,14,1]	0	-	25195670	25200043	255	8	2573,176,176,187,287,168,133,176,	0,2733,3881,4169,4570,5292,6152,6633,	chr21	25195752	25196703	retro_human_10146	0	-	ADAMTS1	951
chr21	25194325	25203550	ENSG00000154734[1,17,2]	0	-	25199030	25203045	255	7	2042,176,176,1291,133,347,1235,	0,2202,3350,3638,5621,6102,7990,	chr21	25195752	25196703	retro_human_10146	0	-	ADAMTS1	951
chr21	25194325	25203550	ENSG00000154734[1,19,2]	0	-	25196526	25203045	255	8	2378,176,187,287,168,133,347,1235,	0,3350,3638,4039,4761,5621,6102,7990,	chr21	25195752	25196703	retro_human_10146	0	-	ADAMTS1	951
chr21	25194325	25203550	ENSG00000154734[1,16,2]	0	-	25195670	25199294	255	8	2042,176,176,187,287,993,347,1235,	0,2202,3350,3638,4039,4761,6102,7990,	chr21	25195752	25196703	retro_human_10146	0	-	ADAMTS1	951
chr21	25194325	25203550	ENSG00000154734[1,18,2]	0	-	25198319	25203045	255	8	2042,176,176,688,168,133,347,1235,	0,2202,3350,3638,4761,5621,6102,7990,	chr21	25195752	25196703	retro_human_10146	0	-	ADAMTS1	951
chr21	25194325	25203550	ENSG00000154734[1,15,2]	0	-	25195670	25198126	255	7	2042,176,176,688,993,347,1235,	0,2202,3350,3638,4761,6102,7990,	chr21	25195752	25196703	retro_human_10146	0	-	ADAMTS1	951
chr21	25194325	25203550	ENSG00000154734[1,14,2]	0	-	25195670	25200718	255	8	2042,176,176,187,287,168,133,3123,	0,2202,3350,3638,4039,4761,5621,6102,	chr21	25195752	25196703	retro_human_10146	0	-	ADAMTS1	951
chr21	25194325	25200603	ENSG00000154734[7,14,2]	0	-	25195670	25200043	255	8	2042,176,176,187,287,168,133,176,	0,2202,3350,3638,4039,4761,5621,6102,	chr21	25195752	25196703	retro_human_10146	0	-	ADAMTS1	951
chr21	25194325	25203550	ENSG00000154734[1,1,2]	0	-	25195670	25203045	0	9	2042,176,176,187,287,168,133,347,1235,	0,2202,3350,3638,4039,4761,5621,6102,7990,	chr21	25195752	25196703	retro_human_10146	0	-	ADAMTS1	951
chr21	25195233	25203550	ENSG00000154734[1,16,6]	0	-	25195670	25199294	255	8	1134,176,176,187,287,993,347,1235,	0,1294,2442,2730,3131,3853,5194,7082,	chr21	25195752	25196703	retro_human_10146	0	-	ADAMTS1	951
chr21	25195233	25203550	ENSG00000154734[1,18,6]	0	-	25198319	25203045	255	8	1134,176,176,688,168,133,347,1235,	0,1294,2442,2730,3853,4713,5194,7082,	chr21	25195752	25196703	retro_human_10146	0	-	ADAMTS1	951
chr21	25195233	25200603	ENSG00000154734[7,14,6]	0	-	25195670	25200043	255	8	1134,176,176,187,287,168,133,176,	0,1294,2442,2730,3131,3853,4713,5194,	chr21	25195752	25196703	retro_human_10146	0	-	ADAMTS1	951
chr21	25195233	25203550	ENSG00000154734[1,1,6]	0	-	25195670	25203045	0	9	1134,176,176,187,287,168,133,347,1235,	0,1294,2442,2730,3131,3853,4713,5194,7082,	chr21	25195752	25196703	retro_human_10146	0	-	ADAMTS1	951
chr21	25196131	25198628	ENSG00000154734[3,3,3]	0	-	25196699	25198038	0	4	236,176,176,665,	0,396,1544,1832,	chr21	25195752	25196703	retro_human_10146	0	-	ADAMTS1	572
chr21	25779062	25779806	ENSG00000217026[1,1,1]	0	-	25779062	25779062	0	1	744,	0,	chr21	25779112	25779756	retro_human_8848|RPL10P1-201|processed_pseudogene	0	-	RPL10P1	644
chr21	27360276	27360797	ENSG00000176054[1,1,1]	0	-	27360276	27360276	0	1	521,	0,	chr21	27360326	27360747	retro_human_8847|RPL23P2-201|processed_pseudogene	0	-	RPL23P2	421
chr21	27588524	27589561	ENSG00000236056[1,1,1]	0	+	27589080	27589503	0	1	1037,	0,	chr21	27588574	27589511	retro_human_7593|GAPDHP14-201|processed_pseudogene	0	+	GAPDHP14	937
chr21	30074490	30074900	ENSG00000229046[1,1,1]	0	+	30074490	30074490	0	1	410,	0,	chr21	30074540	30074850	HMGN1P2-201|processed_pseudogene	0	+	HMGN1P2	310
chr21	30208563	30209181	ENSG00000234107[1,1,1]	0	+	30208563	30208563	0	1	618,	0,	chr21	30208613	30209131	retro_human_3584|TPT1P1-201|processed_pseudogene	0	+	TPT1P1	518
chr21	30867061	30867661	ENSG00000229007[1,1,1]	0	+	30867182	30867392	0	1	600,	0,	chr21	30867111	30867611	retro_human_7173|EXOSC3P1-201|processed_pseudogene	0	+	CFAP298-TCP10L,EXOSC3P1	500
chr21	31863361	31864077	ENSG00000215088[1,1,1]	0	-	31863361	31863361	0	1	716,	0,	chr21	31863411	31864027	retro_human_10461|RPS5P3-201|processed_pseudogene	0	-	RPS5P3	616
chr21	32517457	32518197	ENSG00000224598[1,1,1]	0	-	32517457	32517457	0	1	740,	0,	chr21	32517507	32518147	retro_human_7650|RPS5P2-201|processed_pseudogene	0	-	RPS5P2	640
chr21	34270189	34270902	ENSG00000234008[1,1,1]	0	+	34270189	34270189	0	1	713,	0,	chr21	34270239	34270852	retro_human_9375|PPP1R2P2-201|processed_pseudogene	0	+	PPP1R2P2	613
chr21	34428790	34440409	ENSG00000185917[5,11,5]	0	-	34428790	34428790	0	4	279,89,38,243,	0,2575,7850,11376,	chr21	34433271	34434435	retro_human_9371|RIMKLBP1-201|processed_pseudogene	0	+	RIMKLBP1	1164
chr21	34433221	34434485	ENSG00000189089[1,1,1]	0	+	34433221	34433221	0	1	1264,	0,	chr21	34433271	34434435	retro_human_9371|RIMKLBP1-201|processed_pseudogene	0	+	RIMKLBP1	1164
chr21	34513465	34514453	ENSG00000226054[1,1,1]	0	+	34513465	34513465	0	1	988,	0,	chr21	34513515	34514403	retro_human_9429|MEMO1P1-201|processed_pseudogene	0	+	MEMO1P1	888
chr21	34514743	34518664	ENSG00000236830[2,1,1]	0	-	34514743	34514743	0	2	1362,1008,	0,2913,	chr21	34515480	34516063	retro_human_9414|RPS9P1-201|processed_pseudogene	0	+	CBR3-AS1,RPS9P1	583
chr21	34514743	34518664	ENSG00000236830[2,4,1]	0	-	34514743	34514743	0	2	1362,340,	0,3581,	chr21	34515480	34516063	retro_human_9414|RPS9P1-201|processed_pseudogene	0	+	CBR3-AS1,RPS9P1	583
chr21	34515430	34516113	ENSG00000214889[1,1,1]	0	+	34515430	34515430	0	1	683,	0,	chr21	34515480	34516063	retro_human_9414|RPS9P1-201|processed_pseudogene	0	+	CBR3-AS1,RPS9P1	583
chr21	34515721	34518664	ENSG00000236830[2,4,4]	0	-	34515721	34515721	0	2	384,340,	0,2603,	chr21	34515480	34516063	retro_human_9414|RPS9P1-201|processed_pseudogene	0	+	CBR3-AS1,RPS9P1	342
chr21	34677676	34678306	ENSG00000214867[1,1,1]	0	-	34677676	34677676	0	1	630,	0,	chr21	34677726	34678256	retro_human_9379|SRSF9P1-201|processed_pseudogene	0	-	SRSF9P1	530
chr21	35376807	35377340	ENSG00000215734[1,1,1]	0	+	35376807	35376807	0	1	533,	0,	chr21	35376857	35377290	retro_human_2901|MRPL20P1-201|processed_pseudogene	0	+	MRPL20P1	433
chr21	37512142	37512715	ENSG00000228861[1,1,1]	0	+	37512142	37512142	0	1	573,	0,	chr21	37512192	37512665	retro_human_7674|RPL23AP12-201|processed_pseudogene	0	+	RPL23AP12	473
chr21	41506356	41506832	ENSG00000232777[1,1,1]	0	-	41506356	41506356	0	1	476,	0,	chr21	41506406	41506782	retro_human_5270|MRPL51P2-201|processed_pseudogene	0	-	MRPL51P2	376
chr21	42685968	42687571	ENSG00000160226[3,5,3]	0	-	42685968	42685968	0	2	103,482,	0,1121,	chr21	42687088	42687348	retro_human_97	0	-	CFAP410,AP001062.1	260
chr21	43433195	43436273	ENSG00000235374[4,3,1]	0	-	43433195	43433195	255	2	1422,1569,	0,1509,	chr21	43434026	43436448	retro_human_10903|SSR4P1-202|transcribed_processed_pseudogene	0	-	SSR4P1,LOC105372836	2247
chr21	43433195	43436273	ENSG00000235374[4,3,1]	0	-	43433195	43433195	255	2	1422,1569,	0,1509,	chr21	43434121	43434533	SSR4P1-201|transcribed_processed_pseudogene	0	-	SSR4P1	412
chr21	43433195	43436273	ENSG00000235374[4,3,1]	0	-	43433195	43433195	255	2	1422,1569,	0,1509,	chr21	43433245	43435505	SSR4P1-203|transcribed_processed_pseudogene	0	-	SSR4P1	2260
chr21	43433195	43436498	ENSG00000235374[3,3,1]	0	-	43433195	43433195	255	2	1422,1794,	0,1509,	chr21	43434026	43436448	retro_human_10903|SSR4P1-202|transcribed_processed_pseudogene	0	-	SSR4P1,LOC105372836	2422
chr21	43433195	43436498	ENSG00000235374[3,3,1]	0	-	43433195	43433195	255	2	1422,1794,	0,1509,	chr21	43434121	43434533	SSR4P1-201|transcribed_processed_pseudogene	0	-	SSR4P1	412
chr21	43433195	43436498	ENSG00000235374[3,3,1]	0	-	43433195	43433195	255	2	1422,1794,	0,1509,	chr21	43433245	43435505	SSR4P1-203|transcribed_processed_pseudogene	0	-	SSR4P1	2260
chr21	43433195	43435555	ENSG00000235374[2,1,1]	0	-	43433195	43433195	0	1	2360,	0,	chr21	43434026	43436448	retro_human_10903|SSR4P1-202|transcribed_processed_pseudogene	0	-	SSR4P1,LOC105372836	1529
chr21	43433195	43435555	ENSG00000235374[2,1,1]	0	-	43433195	43433195	0	1	2360,	0,	chr21	43434121	43434533	SSR4P1-201|transcribed_processed_pseudogene	0	-	SSR4P1	412
chr21	43433195	43435555	ENSG00000235374[2,1,1]	0	-	43433195	43433195	0	1	2360,	0,	chr21	43433245	43435505	SSR4P1-203|transcribed_processed_pseudogene	0	-	SSR4P1	2260
chr21	43433195	43436273	ENSG00000235374[4,2,1]	0	-	43433195	43433195	0	2	1422,190,	0,2888,	chr21	43434026	43436448	retro_human_10903|SSR4P1-202|transcribed_processed_pseudogene	0	-	SSR4P1,LOC105372836	2247
chr21	43433195	43436273	ENSG00000235374[4,2,1]	0	-	43433195	43433195	0	2	1422,190,	0,2888,	chr21	43434121	43434533	SSR4P1-201|transcribed_processed_pseudogene	0	-	SSR4P1	412
chr21	43433195	43436273	ENSG00000235374[4,2,1]	0	-	43433195	43433195	0	2	1422,190,	0,2888,	chr21	43433245	43435505	SSR4P1-203|transcribed_processed_pseudogene	0	-	SSR4P1	2260
chr21	43433976	43436273	ENSG00000235374[4,3,2]	0	-	43433976	43433976	255	2	641,1569,	0,728,	chr21	43434026	43436448	retro_human_10903|SSR4P1-202|transcribed_processed_pseudogene	0	-	SSR4P1,LOC105372836	2247
chr21	43433976	43436273	ENSG00000235374[4,3,2]	0	-	43433976	43433976	255	2	641,1569,	0,728,	chr21	43434121	43434533	SSR4P1-201|transcribed_processed_pseudogene	0	-	SSR4P1	412
chr21	43433976	43436273	ENSG00000235374[4,3,2]	0	-	43433976	43433976	255	2	641,1569,	0,728,	chr21	43433245	43435505	SSR4P1-203|transcribed_processed_pseudogene	0	-	SSR4P1	1529
chr21	43433976	43436498	ENSG00000235374[3,2,2]	0	-	43433976	43433976	0	2	641,415,	0,2107,	chr21	43434026	43436448	retro_human_10903|SSR4P1-202|transcribed_processed_pseudogene	0	-	SSR4P1,LOC105372836	2422
chr21	43433976	43436498	ENSG00000235374[3,2,2]	0	-	43433976	43433976	0	2	641,415,	0,2107,	chr21	43434121	43434533	SSR4P1-201|transcribed_processed_pseudogene	0	-	SSR4P1	412
chr21	43433976	43436498	ENSG00000235374[3,2,2]	0	-	43433976	43433976	0	2	641,415,	0,2107,	chr21	43433245	43435505	SSR4P1-203|transcribed_processed_pseudogene	0	-	SSR4P1	1529
chr21	43433976	43434583	ENSG00000235374[1,1,2]	0	-	43433976	43433976	0	1	607,	0,	chr21	43434026	43436448	retro_human_10903|SSR4P1-202|transcribed_processed_pseudogene	0	-	SSR4P1,LOC105372836	557
chr21	43433976	43434583	ENSG00000235374[1,1,2]	0	-	43433976	43433976	0	1	607,	0,	chr21	43434121	43434533	SSR4P1-201|transcribed_processed_pseudogene	0	-	SSR4P1	412
chr21	43433976	43434583	ENSG00000235374[1,1,2]	0	-	43433976	43433976	0	1	607,	0,	chr21	43433245	43435505	SSR4P1-203|transcribed_processed_pseudogene	0	-	SSR4P1	607
chr21	45039857	45040422	ENSG00000230982[1,1,1]	0	-	45039857	45039857	0	1	565,	0,	chr21	45039907	45040372	DSTNP1-201|processed_pseudogene	0	-	PRMT2,DSTNP1	465
chr22	16135970	16138339	ENSG00000215268[1,1,1]	0	-	16135970	16135970	0	1	2369,	0,	chr22	16136020	16138289	retro_human_11112|AP000533.2-201|processed_pseudogene	0	-	LOC780780	2269
chr22	16400430	16401152	ENSG00000271672[1,1,1]	0	+	16400430	16400430	0	1	722,	0,	chr22	16400480	16401102	retro_human_6932|DUXAP8-210|transcribed_processed_pseudogene	0	+	DUXAP8	622
chr22	16428181	16429330	ENSG00000215270[1,1,1]	0	-	16428181	16428181	0	1	1149,	0,	chr22	16428231	16429280	retro_human_9276|TOMM40P2-201|processed_pseudogene	0	-	TOMM40P2,NBEAP3	1049
chr22	17869373	17869846	ENSG00000236325[1,1,1]	0	+	17869373	17869373	0	1	473,	0,	chr22	17869423	17869796	retro_human_6933|AC005300.1-201|processed_pseudogene	0	+	RPL32P5	373
chr22	18086365	18087597	ENSG00000229492[1,1,1]	0	+	18086449	18086881	0	1	1232,	0,	chr22	18086415	18087547	FO681548.1-201|processed_pseudogene	0	+	TERF2IPP1	1132
chr22	18092055	18092543	ENSG00000232305[1,1,1]	0	-	18092055	18092055	0	1	488,	0,	chr22	18092105	18092493	retro_human_9270|CLCP1-201|processed_pseudogene	0	-	CLCP1	388
chr22	18186368	18186822	ENSG00000228045[1,1,1]	0	-	18186368	18186368	0	1	454,	0,	chr22	18186418	18186772	retro_human_9269|DNAJA1P6-201|processed_pseudogene	0	-	DNAJA1P6	354
chr22	19523065	19524882	ENSG00000063515[1,1,2]	0	-	19523533	19524823	0	3	570,254,318,	0,1137,1499,	chr22	19524065	19524376	retro_human_3798	0	-	GSC2	311
chr22	20854357	20856160	ENSG00000215493[1,1,1]	0	+	20854357	20854357	0	1	1803,	0,	chr22	20854407	20856110	retro_human_8108|AC007731.1-201|processed_pseudogene	0	+	LOC100420177	1703
chr22	20887064	20888455	ENSG00000236670[1,1,1]	0	-	20888000	20888405	0	1	1391,	0,	chr22	20887114	20888405	retro_human_3794|KRT18P5-201|processed_pseudogene	0	-	KLHL22	1291
chr22	21076500	21079749	ENSG00000229107[1,1,1]	0	-	21076500	21076500	0	2	435,574,	0,2675,	chr22	21076550	21079699	retro_human_8877|ABHD17AP4-201|processed_pseudogene	0	-	ABHD17AP4	3149
chr22	21416733	21423116	ENSG00000161149[1,2,3]	0	-	21416733	21416733	0	3	1494,207,561,	0,3424,5822,	chr22	21417535	21418287	retro_human_8876	0	-	TUBA3FP,THAP7-AS1,AC002472.2	752
chr22	21416733	21423116	ENSG00000161149[1,1,3]	0	-	21416733	21416733	0	4	1494,207,143,561,	0,3424,5082,5822,	chr22	21417535	21418287	retro_human_8876	0	-	TUBA3FP,THAP7-AS1,AC002472.2	752
chr22	21416916	21423116	ENSG00000161149[1,2,2]	0	-	21416916	21416916	0	3	1311,207,561,	0,3241,5639,	chr22	21417535	21418287	retro_human_8876	0	-	TUBA3FP,THAP7-AS1,AC002472.2	752
chr22	21417360	21423116	ENSG00000161149[1,1,1]	0	-	21417360	21417360	0	4	867,207,143,561,	0,2797,4455,5195,	chr22	21417535	21418287	retro_human_8876	0	-	TUBA3FP,THAP7-AS1,AC002472.2	752
chr22	21437426	21441370	ENSG00000099960[1,4,1]	0	-	21437816	21439695	255	5	563,109,641,144,81,	0,668,1043,2163,3863,	chr22	21438848	21440535	retro_human_8879	0	-	SLC7A4	1687
chr22	21437426	21441370	ENSG00000099960[1,2,1]	0	-	21437816	21440571	0	5	563,109,641,1025,81,	0,668,1043,2163,3863,	chr22	21438848	21440535	retro_human_8879	0	-	SLC7A4	1687
chr22	21437426	21441370	ENSG00000099960[1,1,1]	0	-	21437816	21440571	0	5	563,109,641,1022,81,	0,668,1043,2163,3863,	chr22	21438848	21440535	retro_human_8879	0	-	SLC7A4	1687
chr22	22528339	22531601	ENSG00000263366[1,1,1]	0	-	22528339	22528339	0	2	452,571,	0,2691,	chr22	22528389	22531551	retro_human_7103|ABHD17AP5-201|processed_pseudogene	0	-	ABHD17AP5,IGL	3162
chr22	22636690	22638170	ENSG00000228050[1,1,1]	0	-	22636690	22636690	0	1	1480,	0,	chr22	22636740	22638120	TOP3BP1-201|processed_pseudogene	0	-	TOP3BP1,IGL	1380
chr22	22658268	22659104	ENSG00000169575[1,1,1]	0	+	22658352	22658873	0	2	130,620,	0,216,	chr22	22658436	22658792	retro_human_478	0	+	VPREB1,IGL	356
chr22	22658268	22659104	ENSG00000169575[1,2,1]	0	+	22658341	22658873	0	2	130,606,	0,230,	chr22	22658436	22658792	retro_human_478	0	+	VPREB1,IGL	356
chr22	23813307	23825374	ENSG00000133519[2,2,1]	0	-	23813307	23813307	0	3	1169,824,262,	0,9204,11805,	chr22	23815305	23817684	retro_human_3324	0	+	AP000344.2,ZDHHC8P1,CCDC188BP	2379
chr22	23813307	23825528	ENSG00000133519[3,2,1]	0	-	23813307	23813307	0	3	1169,824,416,	0,9204,11805,	chr22	23815305	23817684	retro_human_3324	0	+	AP000344.2,ZDHHC8P1,CCDC188BP	2379
chr22	23881079	23883634	ENSG00000227755[2,3,2]	0	+	23881079	23881079	0	2	155,531,	0,2024,	chr22	23881129	23883584	AP000344.1-202|transcribed_processed_pseudogene	0	+	AP000344.1	2455
chr22	24380447	24381947	ENSG00000099977[1,6,2]	0	-	24381121	24381820	0	2	902,235,	0,1265,	chr22	24381122	24381358	retro_human_2747	0	-	DDT,AC253536.7	236
chr22	24380447	24381947	ENSG00000099977[1,4,2]	0	-	24380727	24381820	0	3	317,176,235,	0,726,1265,	chr22	24381122	24381358	retro_human_2747	0	-	DDT,AC253536.7	236
chr22	24380447	24381947	ENSG00000099977[1,3,2]	0	-	24380546	24381820	0	3	313,176,235,	0,726,1265,	chr22	24381122	24381358	retro_human_2747	0	-	DDT,AC253536.7	236
chr22	24713565	24714950	ENSG00000128262[2,1,1]	0	+	24713565	24713565	0	1	1385,	0,	chr22	24713739	24715450	retro_human_3331	0	+	POM121L9P	1211
chr22	25173690	25174019	ENSG00000182351[1,1,1]	0	+	25173690	25173690	0	1	329,	0,	chr22	25173740	25173969	retro_human_1629|CRIP1P4-201|processed_pseudogene	0	+	CRIP1P4	229
chr22	25640519	25640865	ENSG00000271181[1,1,1]	0	-	25640519	25640519	0	1	346,	0,	chr22	25640569	25640815	retro_human_6377|Z99916.2-201|processed_pseudogene	0	-	LOC101232810	246
chr22	25810642	25811526	ENSG00000231466[1,1,1]	0	-	25810642	25810642	0	1	884,	0,	chr22	25810692	25811476	retro_human_8482|AL022324.2-201|processed_pseudogene	0	-	LOC100419673	784
chr22	27022832	27023495	ENSG00000213707[1,1,1]	0	+	27022832	27022832	0	1	663,	0,	chr22	27022882	27023445	retro_human_4504|HMGB1P10-201|processed_pseudogene	0	+	HMGB1P10	563
chr22	29297146	29297491	ENSG00000224256[1,1,1]	0	-	29297146	29297146	0	1	345,	0,	chr22	29297196	29297441	Z93930.1-201|processed_pseudogene	0	-	LOC646408	245
chr22	30072211	30072913	ENSG00000233010[1,1,1]	0	+	30072378	30072756	0	1	702,	0,	chr22	30072261	30072863	retro_human_4501|RPEP4-201|processed_pseudogene	0	+	RPEP4	602
chr22	30509566	30510584	ENSG00000227201[1,1,1]	0	-	30509566	30509566	0	1	1018,	0,	chr22	30509616	30510534	retro_human_3027|CNN2P1-201|processed_pseudogene	0	-	CNN2P1	918
chr22	31005890	31007760	ENSG00000225774[1,1,1]	0	+	31005890	31005890	0	1	1870,	0,	chr22	31005940	31007710	retro_human_5212|SIRPAP1-201|processed_pseudogene	0	+	SIRPAP1	1770
chr22	31576479	31576959	ENSG00000235573[1,1,1]	0	+	31576479	31576479	0	1	480,	0,	chr22	31576529	31576909	retro_human_6828|AC005005.2-201|processed_pseudogene	0	+	RPS15AP37	380
chr22	32503589	32504096	ENSG00000232346[1,1,1]	0	+	32503589	32503589	0	1	507,	0,	chr22	32503639	32504046	retro_human_6832|Z74021.1-201|processed_pseudogene	0	+	RPS17P16	407
chr22	32654466	32669206	ENSG00000128253[1,7,1]	0	-	32654856	32657269	255	5	968,291,54,218,417,	0,2517,3960,11949,14323,	chr22	32654989	32657278	retro_human_8114	0	-	RFPL2	2289
chr22	32654466	32666704	ENSG00000128253[2,5,1]	0	-	32654856	32657269	0	3	968,291,289,	0,2517,11949,	chr22	32654989	32657278	retro_human_8114	0	-	RFPL2	2289
chr22	32654466	32667610	ENSG00000128253[3,3,1]	0	-	32654856	32666534	0	5	968,291,146,218,887,	0,2517,3960,11949,12257,	chr22	32654989	32657278	retro_human_8114	0	-	RFPL2	2289
chr22	32654466	32657533	ENSG00000128253[4,4,1]	0	-	32654856	32657356	0	2	968,550,	0,2517,	chr22	32654989	32657278	retro_human_8114	0	-	RFPL2	2289
chr22	32654735	32666704	ENSG00000128253[2,6,2]	0	-	32654856	32657269	0	4	699,291,54,289,	0,2248,3691,11680,	chr22	32654989	32657278	retro_human_8114	0	-	RFPL2	2289
chr22	32733417	32737249	ENSG00000214076[1,1,1]	0	+	32733417	32733417	0	1	3832,	0,	chr22	32733467	32737199	retro_human_7579|CPSF1P1-201|transcribed_processed_pseudogene	0	+	SLC5A4-AS1	3732
chr22	36356971	36358206	ENSG00000237406[1,1,1]	0	-	36357017	36357170	0	1	1235,	0,	chr22	36357021	36358156	retro_human_2635|NDUFA9P1-201|processed_pseudogene	0	-	NDUFA9P1	1135
chr22	36881388	36881860	ENSG00000237668[1,1,1]	0	-	36881388	36881388	0	1	472,	0,	chr22	36881438	36881810	retro_human_2632|RPS15AP38-201|processed_pseudogene	0	-	RPS15AP38	372
chr22	39192894	39193757	ENSG00000229598[1,1,1]	0	-	39192894	39192894	0	1	863,	0,	chr22	39192944	39193707	retro_human_7737|PRDX3P1-201|processed_pseudogene	0	-	PRDX3P1	763
chr22	39590599	39590973	ENSG00000226024[1,1,1]	0	-	39590599	39590599	0	1	374,	0,	chr22	39590649	39590923	retro_human_1640|COX5BP7-201|processed_pseudogene	0	-	CBX7,COX5BP7	274
chr22	40346231	40347151	ENSG00000226085[1,1,1]	0	+	40346231	40346231	0	1	920,	0,	chr22	40346281	40347101	retro_human_3007|UQCRFS1P1-201|processed_pseudogene	0	+	UQCRFS1P1	820
chr22	40440313	40442226	ENSG00000100351[5,7,2]	0	+	40440462	40442070	0	2	209,333,	0,1580,	chr22	40441822	40442055	retro_human_7026	0	+	GRAP2	233
chr22	40577841	40578683	ENSG00000228599[1,1,1]	0	-	40577841	40577841	0	1	842,	0,	chr22	40577891	40578633	retro_human_7735|RPL7P52-201|processed_pseudogene	0	-	RPL7P52	742
chr22	41145398	41146466	ENSG00000231907[1,1,1]	0	-	41145398	41145398	0	1	1068,	0,	chr22	41145448	41146416	retro_human_7733|GAPDHP37-201|processed_pseudogene	0	-	GAPDHP37	968
chr22	41538943	41539625	ENSG00000237214[1,1,1]	0	+	41538943	41538943	0	1	682,	0,	chr22	41538993	41539575	retro_human_1638|AL080243.2-201|processed_pseudogene	0	+	RPS9P2	582
chr22	42155673	42156154	ENSG00000285531[1,1,1]	0	-	42155723	42156104	0	1	481,	0,	chr22	42155723	42156104	retro_human_2271|Z83840.1-201|processed_pseudogene	0	-	LOC107985567	381
chr22	42188117	42188482	ENSG00000231261[1,1,1]	0	-	42188117	42188117	0	1	365,	0,	chr22	42188167	42188432	retro_human_8499|HMGN2P10-201|processed_pseudogene	0	-	HMGN2P10	265
chr22	42478281	42483120	ENSG00000183066[1,3,3]	0	+	42482302	42482425	0	4	206,238,179,854,	0,2425,2846,3985,	chr22	42480052	42481598	retro_human_8514|SLC25A5P1-202|transcribed_processed_pseudogene	0	-	WBP2NL,SLC25A5P1	1546
chr22	42478281	42483120	ENSG00000183066[1,3,3]	0	+	42482302	42482425	0	4	206,238,179,854,	0,2425,2846,3985,	chr22	42480675	42481573	SLC25A5P1-201|transcribed_processed_pseudogene	0	-	WBP2NL,SLC25A5P1	898
chr22	42480625	42481648	ENSG00000215347[1,1,2]	0	-	42480625	42480625	0	1	1023,	0,	chr22	42480052	42481598	retro_human_8514|SLC25A5P1-202|transcribed_processed_pseudogene	0	-	WBP2NL,SLC25A5P1	973
chr22	42480625	42481648	ENSG00000215347[1,1,2]	0	-	42480625	42480625	0	1	1023,	0,	chr22	42480675	42481573	SLC25A5P1-201|transcribed_processed_pseudogene	0	-	WBP2NL,SLC25A5P1	898
chr22	42587311	42588600	ENSG00000213790[1,1,1]	0	-	42587311	42587311	0	1	1289,	0,	chr22	42587361	42588550	retro_human_2274|OLA1P1-201|processed_pseudogene	0	-	OLA1P1	1189
chr22	42611988	42612544	ENSG00000227370[1,1,1]	0	+	42611988	42611988	0	1	556,	0,	chr22	42612038	42612494	retro_human_1634|AC254562.1-201|processed_pseudogene	0	+	NDUFA6-DT	456
chr22	43120623	43121526	ENSG00000249222[1,1,1]	0	-	43120845	43121145	0	1	903,	0,	chr22	43120837	43121145	retro_human_2275	0	-	ATP5MGL	308
chr22	43257297	43258288	ENSG00000234009[1,1,1]	0	-	43257297	43257297	0	1	991,	0,	chr22	43257347	43258238	retro_human_2277|RPL5P34-201|processed_pseudogene	0	-	RPL5P34	891
chr22	43334268	43334765	ENSG00000226989[1,1,1]	0	-	43334384	43334693	0	1	497,	0,	chr22	43334318	43334715	retro_human_4671|AL049758.1-201|processed_pseudogene	0	-	LOC692246	397
chr22	43573314	43573772	ENSG00000234735[1,1,1]	0	+	43573314	43573314	0	1	458,	0,	chr22	43573364	43573722	retro_human_1649|AL022237.1-201|processed_pseudogene	0	+	RPS25P10	358
chr22	44285382	44285712	ENSG00000180150[1,1,1]	0	+	44285382	44285382	0	1	330,	0,	chr22	44285433	44285662	retro_human_1642|HMGN2P9-201|processed_pseudogene	0	+	HMGN2P9	229
chr22	44440121	44440543	ENSG00000224856[1,1,1]	0	+	44440171	44440441	0	1	422,	0,	chr22	44440171	44440493	retro_human_1594|AL035398.1-201|processed_pseudogene	0	+	RPL35AP36	322
chr22	46277072	46278391	ENSG00000235347[1,1,1]	0	-	46277072	46277072	0	1	1319,	0,	chr22	46277122	46278341	retro_human_5983|Z84478.1-201|processed_pseudogene	0	-	LOC100113375	1219
chr22	50465123	50468783	ENSG00000198355[2,6,1]	0	+	50465608	50467785	255	6	570,110,51,370,177,1138,	0,662,855,979,2226,2522,	chr22	50466247	50466729	retro_human_6716	0	+	PIM3	482
chr22	50465123	50468783	ENSG00000198355[2,8,1]	0	+	50467444	50467785	255	5	570,110,494,177,1183,	0,662,855,2226,2477,	chr22	50466247	50466729	retro_human_6716	0	+	PIM3	482
chr22	50465123	50468783	ENSG00000198355[2,5,1]	0	+	50465608	50467694	255	6	570,110,51,370,177,1181,	0,662,855,979,2226,2479,	chr22	50466247	50466729	retro_human_6716	0	+	PIM3	482
chr22	50465123	50468783	ENSG00000198355[2,1,1]	0	+	50465608	50467785	0	6	570,110,51,370,177,1183,	0,662,855,979,2226,2477,	chr22	50466247	50466729	retro_human_6716	0	+	PIM3	482
chr22	50465378	50468783	ENSG00000198355[1,15,1]	0	+	50467444	50467785	255	2	2148,1183,	0,2222,	chr22	50466247	50466729	retro_human_6716	0	+	PIM3	482
chr22	50465378	50468783	ENSG00000198355[1,11,1]	0	+	50467444	50467785	255	4	517,494,177,1183,	0,600,1971,2222,	chr22	50466247	50466729	retro_human_6716	0	+	PIM3	482
chr22	50465378	50468783	ENSG00000198355[1,13,1]	0	+	50467683	50467785	255	2	1094,1434,	0,1971,	chr22	50466247	50466729	retro_human_6716	0	+	PIM3	482
chr22	50465378	50468783	ENSG00000198355[1,14,1]	0	+	50467444	50467785	255	3	1094,177,1183,	0,1971,2222,	chr22	50466247	50466729	retro_human_6716	0	+	PIM3	482
chr22	50465378	50468783	ENSG00000198355[1,7,1]	0	+	50465608	50467785	255	6	315,110,51,157,177,1183,	0,407,600,937,1971,2222,	chr22	50466247	50466729	retro_human_6716	0	+	PIM3	482
chr22	50465378	50468783	ENSG00000198355[1,9,1]	0	+	50467444	50467785	255	5	315,244,370,177,1183,	0,407,724,1971,2222,	chr22	50466247	50466729	retro_human_6716	0	+	PIM3	482
chr22	50465378	50468783	ENSG00000198355[1,12,1]	0	+	50467444	50467785	255	4	651,370,177,1183,	0,724,1971,2222,	chr22	50466247	50466729	retro_human_6716	0	+	PIM3	482
chr22	50465378	50468783	ENSG00000198355[1,6,1]	0	+	50465608	50467785	255	6	315,110,51,370,177,1138,	0,407,600,724,1971,2267,	chr22	50466247	50466729	retro_human_6716	0	+	PIM3	482
chr22	50465378	50468783	ENSG00000198355[1,4,1]	0	+	50465608	50467579	255	5	315,110,51,370,1434,	0,407,600,724,1971,	chr22	50466247	50466729	retro_human_6716	0	+	PIM3	482
chr22	50465378	50468783	ENSG00000198355[1,8,1]	0	+	50467444	50467785	255	5	315,110,494,177,1183,	0,407,600,1971,2222,	chr22	50466247	50466729	retro_human_6716	0	+	PIM3	482
chr22	50465378	50468783	ENSG00000198355[1,10,1]	0	+	50467444	50467785	255	5	517,51,370,177,1183,	0,600,724,1971,2222,	chr22	50466247	50466729	retro_human_6716	0	+	PIM3	482
chr22	50465378	50468783	ENSG00000198355[1,5,1]	0	+	50465608	50467694	255	6	315,110,51,370,177,1181,	0,407,600,724,1971,2224,	chr22	50466247	50466729	retro_human_6716	0	+	PIM3	482
chr22	50465378	50466357	ENSG00000198355[1,2,2]	0	+	50465608	50465985	0	3	517,51,255,	0,600,724,	chr22	50466247	50466729	retro_human_6716	0	+	PIM3	110
chr22	50465378	50468783	ENSG00000198355[1,1,1]	0	+	50465608	50467785	0	6	315,110,51,370,177,1183,	0,407,600,724,1971,2222,	chr22	50466247	50466729	retro_human_6716	0	+	PIM3	482
chr22	51135478	51138733	ENSG00000100299[1,10,2]	0	-	51135658	51137419	255	6	497,103,128,125,170,1389,	0,611,968,1186,1623,1866,	chr22	51137680	51138230	retro_human_10562	0	-	ARSA	550
chr22	51135478	51138327	ENSG00000100299[6,12,2]	0	-	51135658	51137196	255	6	497,103,128,125,816,261,	0,611,968,1186,1623,2588,	chr22	51137680	51138230	retro_human_10562	0	-	ARSA	550
chr22	51135478	51138733	ENSG00000100299[1,12,2]	0	-	51135658	51137196	255	6	497,103,128,125,816,667,	0,611,968,1186,1623,2588,	chr22	51137680	51138230	retro_human_10562	0	-	ARSA	550
chr22	51135478	51138327	ENSG00000100299[6,14,2]	0	-	51135921	51138290	255	7	497,128,125,170,219,241,261,	0,968,1186,1623,1866,2198,2588,	chr22	51137680	51138230	retro_human_10562	0	-	ARSA	550
chr22	51135478	51138733	ENSG00000100299[1,14,2]	0	-	51135921	51138290	255	7	497,128,125,170,219,241,667,	0,968,1186,1623,1866,2198,2588,	chr22	51137680	51138230	retro_human_10562	0	-	ARSA	550
chr22	51135478	51138327	ENSG00000100299[6,13,2]	0	-	51135658	51137419	255	7	497,103,128,125,170,573,261,	0,611,968,1186,1623,1866,2588,	chr22	51137680	51138230	retro_human_10562	0	-	ARSA	550
chr22	51135478	51138733	ENSG00000100299[1,13,2]	0	-	51135658	51137419	255	7	497,103,128,125,170,573,667,	0,611,968,1186,1623,1866,2588,	chr22	51137680	51138230	retro_human_10562	0	-	ARSA	550
chr22	51135478	51138733	ENSG00000100299[1,9,2]	0	-	51135658	51137196	255	5	497,103,128,125,1632,	0,611,968,1186,1623,	chr22	51137680	51138230	retro_human_10562	0	-	ARSA	550
chr22	51135478	51138327	ENSG00000100299[6,9,2]	0	-	51135658	51137196	255	5	497,103,128,125,1226,	0,611,968,1186,1623,	chr22	51137680	51138230	retro_human_10562	0	-	ARSA	550
chr22	51135478	51138733	ENSG00000100299[1,5,2]	0	-	51135658	51137883	0	8	497,103,128,125,170,219,241,277,	0,611,968,1186,1623,1866,2198,2978,	chr22	51137680	51138230	retro_human_10562	0	-	ARSA	550
chr22	51135478	51138733	ENSG00000100299[1,2,2]	0	-	51135658	51138290	0	9	497,103,128,125,170,219,241,237,325,	0,611,968,1186,1623,1866,2198,2588,2930,	chr22	51137680	51138230	retro_human_10562	0	-	ARSA	550
chr22	51135478	51138733	ENSG00000100299[1,4,2]	0	-	51135658	51138290	0	9	497,103,128,125,170,219,241,237,232,	0,611,968,1186,1623,1866,2198,2588,3023,	chr22	51137680	51138230	retro_human_10562	0	-	ARSA	550
chr22	51135478	51138733	ENSG00000100299[1,3,2]	0	-	51135658	51138290	0	9	497,103,128,125,170,219,241,237,277,	0,611,968,1186,1623,1866,2198,2588,2978,	chr22	51137680	51138230	retro_human_10562	0	-	ARSA	550
chr22	51135478	51138327	ENSG00000100299[6,1,2]	0	-	51135658	51138290	0	8	497,103,128,125,170,219,241,261,	0,611,968,1186,1623,1866,2198,2588,	chr22	51137680	51138230	retro_human_10562	0	-	ARSA	550
chr22	51135478	51138733	ENSG00000100299[1,1,2]	0	-	51135658	51138290	0	8	497,103,128,125,170,219,241,667,	0,611,968,1186,1623,1866,2198,2588,	chr22	51137680	51138230	retro_human_10562	0	-	ARSA	550
chr22	51137051	51138733	ENSG00000100299[1,8,3]	0	-	51137547	51138290	0	2	866,667,	0,1015,	chr22	51137680	51138230	retro_human_10562	0	-	ARSA	550
chr22	51268122	51268982	ENSG00000213683[1,1,1]	0	-	51268122	51268122	0	1	860,	0,	chr22	51268172	51268932	retro_human_10563|AC002056.1-201|processed_pseudogene	0	-	LOC150417	760
chr22	51312134	51313120	ENSG00000184319[3,1,2]	0	+	51312134	51312134	0	1	986,	0,	chr22	51312286	51312645	retro_human_4140	0	+	RPL23AP82,AC016629.2	359
chr1	16478290	16481348	TALONG000059677[1,1,1]	0	-	16481348	16481348	0	9	323,140,107,147,78,121,37,885,240,	0,447,683,871,1145,1395,1604,1732,2818,	chr1	16480738	16482323	retro_human_5052	0	-	MST1L,LOC102724562	610
chr1	16478290	16481159	TALONG000059677[2,2,1]	0	-	16481159	16481159	0	6	323,140,107,147,496,1137,	0,447,683,871,1145,1732,	chr1	16480738	16482323	retro_human_5052	0	-	MST1L,LOC102724562	421
